frequency_hz,ensemble_average_psd_v2_per_hz
0.000000000000000000e+00,1.866478708842219021e+03
3.333362794750947648e-03,3.288499458729420843e-09
6.666725589501895297e-03,1.208180906869832942e-09
1.000008838425284208e-02,1.414128074245192276e-09
1.333345117900379059e-02,5.777032194415199656e-10
1.666681397375473911e-02,1.323692003081428337e-09
2.000017676850568416e-02,7.509096191235743353e-10
2.333353956325663267e-02,3.381986863006611993e-09
2.666690235800758119e-02,2.353483432364688102e-10
3.000026515275852970e-02,1.229925198423956630e-10
3.333362794750947822e-02,7.632420069344701002e-10
3.666699074226042326e-02,1.736855148236327107e-09
4.000035353701136831e-02,7.467081363594503358e-11
4.333371633176232030e-02,9.719913545824921752e-10
4.666707912651326534e-02,4.144642524728046846e-10
5.000044192126421733e-02,5.532746917267551408e-10
5.333380471601516237e-02,1.307262525237209830e-09
5.666716751076610742e-02,4.619726775988190736e-10
6.000053030551705940e-02,1.637355273370288900e-11
6.333389310026800445e-02,4.575960170608012614e-10
6.666725589501895644e-02,1.161754903342341920e-09
7.000061868976989454e-02,7.933806898438156104e-11
7.333398148452084653e-02,9.556207943249723382e-11
7.666734427927179851e-02,3.448081536831913668e-11
8.000070707402273662e-02,5.380084735006932544e-11
8.333406986877368861e-02,7.115723447413320223e-11
8.666743266352464059e-02,6.698844095758609348e-10
9.000079545827559258e-02,2.370296623624490700e-10
9.333415825302653068e-02,1.546383440595070848e-10
9.666752104777748267e-02,3.180844301578891075e-11
1.000008838425284347e-01,9.821941203769907146e-10
1.033342466372793728e-01,2.564524567810118882e-10
1.066676094320303247e-01,2.537468853858377321e-10
1.100009722267812767e-01,1.959697180948161997e-10
1.133343350215322148e-01,1.252059589405936203e-10
1.166676978162831668e-01,2.759108376324591674e-11
1.200010606110341188e-01,5.953804168419069067e-11
1.233344234057850569e-01,7.497092338704602580e-10
1.266677862005360089e-01,2.844830316175629975e-10
1.300011489952869470e-01,4.483597265929699669e-11
1.333345117900379129e-01,9.169269801197134770e-11
1.366678745847888510e-01,3.123910982202980952e-10
1.400012373795397891e-01,4.577133005029484247e-11
1.433346001742907549e-01,1.979020510690862777e-11
1.466679629690416931e-01,1.106959874543078129e-10
1.500013257637926312e-01,4.955376698900469149e-11
1.533346885585435970e-01,5.073400233676148289e-10
1.566680513532945351e-01,2.677908811342389522e-10
1.600014141480454732e-01,2.791324990273752045e-10
1.633347769427964391e-01,5.362593938964534184e-11
1.666681397375473772e-01,3.980383026438697034e-10
1.700015025322983431e-01,4.025462087983793763e-10
1.733348653270492812e-01,5.023894306521741044e-11
1.766682281218002193e-01,1.107363377187410815e-10
1.800015909165511852e-01,2.188414040380388052e-10
1.833349537113021233e-01,2.098152610972351619e-10
1.866683165060530614e-01,1.616512286421960829e-10
1.900016793008040272e-01,2.072150489968410113e-10
1.933350420955549653e-01,5.986567732013660522e-10
1.966684048903059034e-01,6.165116932119286236e-10
2.000017676850568693e-01,1.931864641274094227e-10
2.033351304798078074e-01,4.610897497622218199e-11
2.066684932745587455e-01,1.381079965427932637e-10
2.100018560693097114e-01,1.201847029310191852e-10
2.133352188640606495e-01,3.587002394971503875e-10
2.166685816588115876e-01,1.155728620761595714e-10
2.200019444535625535e-01,1.489652891024665508e-10
2.233353072483134916e-01,1.254087759591315917e-10
2.266686700430644297e-01,1.242625262691293452e-11
2.300020328378153955e-01,1.746606950860255832e-10
2.333353956325663336e-01,5.627695339903709469e-11
2.366687584273172718e-01,3.169755467349374515e-11
2.400021212220682376e-01,2.741908852648373560e-10
2.433354840168191757e-01,2.531671126706636716e-10
2.466688468115701138e-01,8.965731557642414265e-11
2.500022096063210797e-01,6.016777411071026654e-10
2.533355724010720178e-01,9.144333344455917413e-11
2.566689351958229559e-01,2.839924561031597709e-11
2.600022979905738940e-01,1.015769590295462537e-10
2.633356607853248876e-01,1.621825935423661718e-11
2.666690235800758257e-01,1.092089298194099089e-10
2.700023863748267638e-01,2.906019639579665907e-10
2.733357491695777020e-01,3.484667121726695471e-11
2.766691119643286401e-01,3.875089244596122451e-11
2.800024747590795782e-01,1.072059533472762129e-10
2.833358375538305718e-01,1.306357899352508739e-10
2.866692003485815099e-01,7.096103023550229454e-11
2.900025631433324480e-01,3.266013026800146646e-10
2.933359259380833861e-01,9.655035103342512236e-11
2.966692887328343242e-01,3.011335677729079701e-10
3.000026515275852623e-01,7.349254094567861898e-11
3.033360143223362559e-01,9.122784980779569659e-11
3.066693771170871941e-01,4.049950661204156728e-11
3.100027399118381322e-01,2.179160847251403845e-10
3.133361027065890703e-01,1.867598043161148257e-10
3.166694655013400084e-01,1.277113598606358099e-10
3.200028282960909465e-01,7.481079031861393417e-12
3.233361910908419401e-01,2.483132613519859092e-10
3.266695538855928782e-01,8.832255335832579323e-11
3.300029166803438163e-01,3.692897463963508742e-11
3.333362794750947544e-01,4.748784014062937916e-11
3.366696422698456925e-01,2.901748191712886979e-10
3.400030050645966861e-01,2.239071415230951411e-10
3.433363678593476243e-01,1.305574074669512092e-11
3.466697306540985624e-01,3.508916846524340219e-11
3.500030934488495005e-01,6.273094487242946676e-10
3.533364562436004386e-01,1.279304418861671501e-11
3.566698190383513767e-01,1.697427462701811977e-10
3.600031818331023703e-01,1.211909856689093123e-10
3.633365446278533084e-01,9.807570888233611389e-11
3.666699074226042465e-01,2.734123667880444277e-11
3.700032702173551846e-01,1.424550938530982454e-10
3.733366330121061227e-01,1.944928560487158064e-10
3.766699958068570608e-01,5.944112480531584411e-11
3.800033586016080545e-01,3.216947307182770436e-10
3.833367213963589926e-01,2.511671404400276195e-10
3.866700841911099307e-01,4.212524083586051940e-10
3.900034469858608688e-01,2.542323627041281508e-12
3.933368097806118069e-01,1.816257090117440730e-10
3.966701725753627450e-01,1.983984215714927982e-10
4.000035353701137386e-01,2.130465288687093342e-10
4.033368981648646767e-01,1.713155125993375418e-10
4.066702609596156148e-01,7.187447781491742135e-10
4.100036237543665529e-01,2.076597886923594434e-10
4.133369865491174910e-01,3.194227885243423464e-10
4.166703493438684291e-01,1.380074935494985792e-10
4.200037121386194228e-01,1.635595900162241244e-10
4.233370749333703609e-01,6.339906491642932750e-11
4.266704377281212990e-01,6.937401024523669509e-11
4.300038005228722371e-01,4.258779988789855270e-11
4.333371633176231752e-01,7.443170249901887880e-11
4.366705261123741688e-01,2.852771628331799202e-10
4.400038889071251069e-01,1.049767786256840523e-10
4.433372517018760450e-01,3.451693099879637316e-10
4.466706144966269831e-01,1.995085125700823429e-11
4.500039772913779212e-01,3.381231418948892118e-11
4.533373400861288594e-01,5.414181912870455010e-11
4.566707028808798530e-01,2.857972262778086532e-11
4.600040656756307911e-01,1.262860977400231763e-10
4.633374284703817292e-01,3.052592428627462411e-11
4.666707912651326673e-01,1.133173954592730662e-10
4.700041540598836054e-01,1.263489436308608480e-10
4.733375168546345435e-01,2.680463996892797849e-11
4.766708796493855371e-01,1.086768100635496240e-10
4.800042424441364752e-01,4.572764508688298826e-10
4.833376052388874133e-01,1.157764579270897519e-10
4.866709680336383514e-01,1.466563817613860064e-10
4.900043308283892896e-01,3.067353991643995671e-11
4.933376936231402277e-01,1.227681826783142655e-10
4.966710564178912213e-01,5.758658328070739865e-12
5.000044192126421594e-01,1.368484343293112633e-10
5.033377820073930975e-01,1.079017713108356865e-10
5.066711448021440356e-01,2.139282162208878251e-11
5.100045075968949737e-01,5.647216679675730685e-10
5.133378703916459118e-01,7.138284822659713905e-11
5.166712331863968499e-01,4.859239569108523063e-10
5.200045959811477880e-01,2.482127962591253388e-10
5.233379587758987261e-01,1.800407344633918943e-11
5.266713215706497753e-01,3.768633802840065220e-11
5.300046843654007134e-01,6.048840448785680039e-12
5.333380471601516515e-01,6.420375835284996206e-11
5.366714099549025896e-01,1.711633192644433249e-10
5.400047727496535277e-01,8.622386256911303795e-11
5.433381355444044658e-01,2.314120387315737259e-11
5.466714983391554039e-01,1.667224049188482822e-11
5.500048611339063420e-01,2.933567788339604402e-10
5.533382239286572801e-01,1.861747760131025985e-10
5.566715867234082182e-01,9.069592848637701345e-11
5.600049495181591563e-01,4.929430467454361881e-11
5.633383123129102055e-01,5.453850452904564515e-11
5.666716751076611436e-01,1.654479132922430252e-10
5.700050379024120817e-01,6.496505887348151734e-11
5.733384006971630198e-01,2.347995371690619044e-10
5.766717634919139579e-01,9.955018078815868564e-11
5.800051262866648960e-01,3.682086439234544961e-10
5.833384890814158341e-01,4.875198509696018734e-11
5.866718518761667722e-01,1.483315156333278201e-11
5.900052146709177103e-01,5.407239745533763477e-11
5.933385774656686484e-01,7.475587093717540951e-11
5.966719402604195865e-01,1.360984446945620865e-10
6.000053030551705247e-01,4.450719740489635441e-11
6.033386658499215738e-01,1.728284842113314017e-10
6.066720286446725119e-01,1.329569636322196419e-11
6.100053914394234500e-01,5.198312872321787827e-11
6.133387542341743881e-01,1.407915253996900603e-10
6.166721170289253262e-01,3.029379306126295266e-11
6.200054798236762643e-01,5.598808867715809349e-10
6.233388426184272024e-01,7.010310165044883049e-11
6.266722054131781405e-01,2.434857016567289036e-10
6.300055682079290786e-01,6.850656370587164442e-12
6.333389310026800167e-01,7.162288177239483431e-11
6.366722937974309549e-01,1.033741150670885528e-10
6.400056565921818930e-01,3.040373959221749579e-10
6.433390193869329421e-01,3.091314603914813833e-11
6.466723821816838802e-01,9.624185974051170633e-11
6.500057449764348183e-01,1.127302336145926491e-11
6.533391077711857564e-01,6.040540736242336228e-11
6.566724705659366945e-01,1.501241680220768008e-10
6.600058333606876326e-01,8.579616079966725113e-11
6.633391961554385707e-01,4.369543722034349041e-11
6.666725589501895088e-01,1.745352122485973209e-10
6.700059217449404469e-01,1.804030174992907886e-10
6.733392845396913851e-01,4.397099251605857307e-11
6.766726473344423232e-01,8.345342256685337191e-11
6.800060101291933723e-01,2.704260459972343949e-11
6.833393729239443104e-01,3.307334556629938968e-11
6.866727357186952485e-01,1.569065273026345439e-11
6.900060985134461866e-01,1.462969849407367090e-10
6.933394613081971247e-01,3.690431293165068476e-10
6.966728241029480628e-01,2.241767901977737825e-10
7.000061868976990009e-01,3.118230463924636767e-10
7.033395496924499390e-01,3.614196202321353057e-11
7.066729124872008772e-01,3.987300699070245155e-10
7.100062752819518153e-01,8.348502073520885112e-11
7.133396380767027534e-01,2.259610635625099719e-10
7.166730008714536915e-01,2.092649469983546044e-11
7.200063636662047406e-01,5.474865690304816229e-11
7.233397264609556787e-01,4.834572283085562622e-12
7.266730892557066168e-01,1.909716631228735678e-10
7.300064520504575549e-01,7.309692793537395119e-11
7.333398148452084930e-01,1.400239895231878540e-10
7.366731776399594311e-01,6.662215680567210944e-11
7.400065404347103692e-01,6.662870134447141740e-11
7.433399032294613074e-01,4.875995319913999579e-12
7.466732660242122455e-01,1.521007821329066205e-10
7.500066288189631836e-01,2.001531730671057102e-11
7.533399916137141217e-01,2.004631568893332686e-10
7.566733544084651708e-01,1.475285439752937626e-10
7.600067172032161089e-01,5.686111350192467908e-11
7.633400799979670470e-01,6.610671330664319517e-11
7.666734427927179851e-01,4.584317247141192340e-12
7.700068055874689232e-01,3.238088380420747024e-10
7.733401683822198613e-01,1.545531490975155476e-10
7.766735311769707995e-01,3.840416953569289275e-11
7.800068939717217376e-01,1.926301266410713140e-12
7.833402567664726757e-01,1.306848858645392464e-10
7.866736195612236138e-01,1.916768748221289648e-10
7.900069823559745519e-01,2.075978553977609468e-11
7.933403451507254900e-01,2.443804785939544458e-11
7.966737079454765391e-01,4.882406595111446641e-11
8.000070707402274772e-01,5.832170433556920925e-11
8.033404335349784153e-01,1.298052208030831309e-10
8.066737963297293534e-01,8.183131540383331661e-11
8.100071591244802915e-01,1.633754453243447137e-10
8.133405219192312297e-01,1.794091177588936007e-10
8.166738847139821678e-01,8.979490833228862418e-12
8.200072475087331059e-01,5.402015220300194371e-11
8.233406103034840440e-01,1.071655919040418063e-10
8.266739730982349821e-01,5.709940331082269857e-11
8.300073358929859202e-01,2.381706797771781658e-10
8.333406986877368583e-01,2.908408330121191363e-10
8.366740614824879074e-01,1.353904850997694583e-10
8.400074242772388455e-01,5.647929399654797622e-11
8.433407870719897836e-01,1.118503338629520238e-10
8.466741498667407217e-01,1.306245788569247123e-10
8.500075126614916599e-01,1.398045389831670177e-10
8.533408754562425980e-01,1.171028097537325069e-10
8.566742382509935361e-01,3.782830097583411265e-10
8.600076010457444742e-01,2.493153587496898744e-11
8.633409638404954123e-01,2.224333895516089840e-11
8.666743266352463504e-01,4.010717910157117246e-10
8.700076894299972885e-01,6.247470663639196748e-11
8.733410522247483376e-01,3.529295735499331897e-11
8.766744150194992757e-01,5.714651765281253261e-11
8.800077778142502138e-01,3.542994156951273917e-11
8.833411406090011520e-01,3.774067953630834175e-11
8.866745034037520901e-01,3.942193525128096877e-11
8.900078661985030282e-01,2.017531462265674272e-10
8.933412289932539663e-01,4.740217332059423497e-11
8.966745917880049044e-01,5.152489821939149541e-11
9.000079545827558425e-01,3.250091110304497668e-10
9.033413173775067806e-01,3.258960207189687771e-10
9.066746801722577187e-01,1.080939488114495012e-10
9.100080429670086568e-01,1.474419881096408975e-10
9.133414057617597059e-01,4.868093506741742067e-11
9.166747685565106440e-01,6.389688665928974684e-11
9.200081313512615822e-01,9.952654579724593511e-11
9.233414941460125203e-01,2.652409729944143589e-11
9.266748569407634584e-01,9.604818184739659387e-11
9.300082197355143965e-01,1.583136739857015968e-10
9.333415825302653346e-01,8.232257214936265078e-11
9.366749453250162727e-01,1.901535362161646115e-10
9.400083081197672108e-01,9.407787784406225297e-11
9.433416709145181489e-01,5.420313637240763035e-10
9.466750337092690870e-01,1.615855018622940631e-11
9.500083965040200251e-01,3.159569067996049678e-10
9.533417592987710742e-01,1.531259632356385482e-10
9.566751220935220124e-01,1.443730203591252708e-10
9.600084848882729505e-01,7.775173804028135778e-12
9.633418476830238886e-01,4.721081916037661292e-11
9.666752104777748267e-01,9.315689037005919559e-11
9.700085732725257648e-01,5.073594256414402214e-11
9.733419360672767029e-01,3.196002891380795073e-11
9.766752988620276410e-01,1.050147620572290500e-10
9.800086616567785791e-01,2.808503344377055845e-10
9.833420244515295172e-01,6.026176012821169146e-11
9.866753872462804553e-01,2.382755926814693533e-10
9.900087500410315045e-01,1.678134282681396960e-10
9.933421128357824426e-01,1.326667156098262561e-10
9.966754756305333807e-01,1.645515652969969324e-10
1.000008838425284319e+00,3.315487438983770427e-10
1.003342201220035257e+00,2.490304631663219498e-11
1.006675564014786195e+00,1.074651902182603648e-11
1.010008926809537133e+00,3.013945521978879785e-11
1.013342289604288071e+00,1.206016655932121374e-10
1.016675652399039009e+00,2.777296559739641174e-10
1.020009015193789947e+00,1.034944510050590303e-11
1.023342377988540886e+00,4.925275460538414280e-11
1.026675740783291824e+00,8.310779650382679818e-11
1.030009103578042762e+00,2.879319166789092201e-11
1.033342466372793700e+00,6.521270411312126287e-11
1.036675829167544638e+00,4.114497952723661637e-11
1.040009191962295576e+00,5.678370310676096583e-11
1.043342554757046514e+00,1.934983296989841246e-10
1.046675917551797452e+00,3.315939529071340252e-10
1.050009280346548612e+00,2.532660289743245174e-10
1.053342643141299551e+00,1.665712645495993419e-11
1.056676005936050489e+00,1.563985461194089546e-11
1.060009368730801427e+00,2.489827054443424582e-10
1.063342731525552365e+00,1.854580931697215089e-11
1.066676094320303303e+00,5.518322715447663735e-11
1.070009457115054241e+00,4.789602538674591420e-11
1.073342819909805179e+00,1.183706872997283681e-10
1.076676182704556117e+00,2.301964106445227183e-10
1.080009545499307055e+00,2.262738959353414478e-10
1.083342908294057994e+00,1.846426026577324100e-11
1.086676271088808932e+00,1.837191922547499463e-11
1.090009633883559870e+00,5.301440504285573925e-11
1.093342996678310808e+00,4.062258658197849199e-11
1.096676359473061746e+00,3.899267459380201839e-11
1.100009722267812684e+00,3.209032297853492790e-12
1.103343085062563622e+00,1.433701164642553328e-10
1.106676447857314560e+00,7.224611198831911171e-11
1.110009810652065498e+00,1.029156175094239510e-10
1.113343173446816436e+00,2.867755784465529211e-10
1.116676536241567375e+00,3.461723756835524344e-11
1.120009899036318313e+00,8.615161232243364672e-12
1.123343261831069251e+00,1.740075101198272245e-11
1.126676624625820411e+00,7.078116274662995719e-11
1.130009987420571349e+00,2.810202814811764521e-11
1.133343350215322287e+00,5.463059543176202063e-11
1.136676713010073225e+00,5.857352352368822264e-11
1.140010075804824163e+00,6.201394353327911042e-11
1.143343438599575101e+00,1.694653030199452053e-11
1.146676801394326040e+00,4.144615702516986634e-11
1.150010164189076978e+00,6.488682674361304792e-11
1.153343526983827916e+00,6.537061870772869869e-11
1.156676889778578854e+00,2.210693139825315969e-10
1.160010252573329792e+00,2.613708734602910927e-10
1.163343615368080730e+00,1.337700792548550908e-10
1.166676978162831668e+00,1.166886565764922441e-10
1.170010340957582606e+00,9.245192256514341639e-11
1.173343703752333544e+00,4.530896368145956986e-11
1.176677066547084483e+00,2.850702848573158467e-13
1.180010429341835421e+00,2.867647306376141618e-10
1.183343792136586359e+00,8.473364522811794847e-11
1.186677154931337297e+00,3.534827698813326693e-11
1.190010517726088235e+00,1.412711893668965570e-10
1.193343880520839173e+00,5.355931417609014276e-11
1.196677243315590111e+00,5.135604363071757319e-11
1.200010606110341049e+00,8.251382538838253201e-11
1.203343968905092209e+00,1.814412460914342486e-10
1.206677331699843148e+00,5.808361003379899840e-11
1.210010694494594086e+00,2.309657693521390960e-10
1.213344057289345024e+00,5.131781392190830347e-11
1.216677420084095962e+00,5.108621880988791642e-12
1.220010782878846900e+00,4.192468116391186453e-10
1.223344145673597838e+00,9.616042500472904365e-11
1.226677508468348776e+00,5.387080622180858835e-11
1.230010871263099714e+00,2.044745606593094722e-11
1.233344234057850652e+00,1.315473110671091431e-10
1.236677596852601591e+00,1.135780066785807654e-10
1.240010959647352529e+00,5.739601332419847028e-11
1.243344322442103467e+00,1.234196438931123675e-10
1.246677685236854405e+00,9.237185273600139471e-10
1.250011048031605343e+00,2.268724688217435711e-10
1.253344410826356281e+00,4.192410318340094007e-11
1.256677773621107219e+00,3.180123626700276979e-10
1.260011136415858157e+00,4.114134323933411136e-11
1.263344499210609095e+00,2.769446961500078329e-11
1.266677862005360033e+00,4.631797384869030792e-11
1.270011224800110972e+00,9.130100498529236932e-11
1.273344587594861910e+00,2.421852044363671541e-10
1.276677950389612848e+00,2.440814469542077600e-10
1.280011313184363786e+00,1.023503173776682525e-10
1.283344675979114946e+00,1.371598580469231677e-10
1.286678038773865884e+00,2.085620880444873938e-10
1.290011401568616822e+00,1.038967450991223706e-10
1.293344764363367760e+00,9.715134494857512761e-11
1.296678127158118699e+00,9.795858708466533530e-13
1.300011489952869637e+00,1.743255190718628137e-11
1.303344852747620575e+00,9.626673994081949174e-11
1.306678215542371513e+00,2.713750439107983996e-10
1.310011578337122451e+00,2.231885005409547888e-10
1.313344941131873389e+00,2.343126927719344275e-10
1.316678303926624327e+00,8.415501427781167266e-11
1.320011666721375265e+00,2.126866692051269374e-11
1.323345029516126203e+00,7.563550090964502357e-11
1.326678392310877141e+00,7.959864702933518756e-11
1.330011755105628080e+00,1.329732276703013010e-10
1.333345117900379018e+00,3.493838802358408800e-10
1.336678480695129956e+00,5.706358754028462093e-11
1.340011843489880894e+00,1.135518864422689631e-11
1.343345206284631832e+00,3.423969809777305502e-11
1.346678569079382770e+00,2.042558789065739113e-10
1.350011931874133708e+00,1.587112051572231800e-10
1.353345294668884646e+00,5.640234922838301708e-12
1.356678657463635584e+00,1.570181523600613652e-10
1.360012020258386745e+00,4.032334395426940466e-11
1.363345383053137683e+00,1.722157467194756877e-10
1.366678745847888621e+00,7.972535045176763749e-10
1.370012108642639559e+00,5.019977603888121605e-11
1.373345471437390497e+00,3.707407829096404672e-11
1.376678834232141435e+00,7.571483453475399200e-11
1.380012197026892373e+00,2.027362211371005195e-11
1.383345559821643311e+00,1.290946107312156179e-10
1.386678922616394249e+00,5.438597544470219965e-11
1.390012285411145188e+00,3.086603094761431139e-11
1.393345648205896126e+00,2.316510778899539186e-11
1.396679011000647064e+00,4.192286153542683682e-10
1.400012373795398002e+00,1.639524708653714421e-10
1.403345736590148940e+00,1.468549249234329912e-10
1.406679099384899878e+00,2.347933273670787020e-11
1.410012462179650816e+00,8.852218595956873339e-11
1.413345824974401754e+00,3.094073688228720099e-11
1.416679187769152692e+00,8.451830346217874719e-13
1.420012550563903631e+00,6.487648324769467722e-11
1.423345913358654569e+00,7.694216089862287181e-11
1.426679276153405507e+00,5.679168150399339844e-11
1.430012638948156445e+00,1.687686113126157173e-12
1.433346001742907383e+00,2.373233120271432209e-10
1.436679364537658543e+00,1.021701728292034215e-10
1.440012727332409481e+00,2.502157727023612603e-11
1.443346090127160419e+00,7.191488421998939043e-12
1.446679452921911357e+00,1.453057338274729554e-11
1.450012815716662296e+00,3.894141157104380341e-11
1.453346178511413234e+00,4.132288925288235427e-11
1.456679541306164172e+00,1.310278896671261546e-10
1.460012904100915110e+00,1.228869555305534849e-11
1.463346266895666048e+00,5.478893930683861615e-11
1.466679629690416986e+00,4.287523060773469894e-11
1.470012992485167924e+00,2.008500874983533728e-11
1.473346355279918862e+00,1.303897403244359237e-11
1.476679718074669800e+00,1.443829494506378545e-11
1.480013080869420738e+00,3.159987663133734131e-10
1.483346443664171677e+00,1.297155773898655691e-10
1.486679806458922615e+00,5.320957088297442331e-11
1.490013169253673553e+00,7.775873587591082881e-12
1.493346532048424491e+00,3.457438562291357403e-10
1.496679894843175429e+00,1.032694675403236610e-10
1.500013257637926367e+00,1.819204853003346165e-10
1.503346620432677305e+00,1.986402148325034997e-10
1.506679983227428243e+00,1.267166069627992732e-10
1.510013346022179181e+00,5.910942504207241013e-11
1.513346708816930342e+00,2.176939637127570480e-10
1.516680071611681280e+00,4.798578278149183615e-11
1.520013434406432218e+00,1.515010378351290342e-11
1.523346797201183156e+00,3.671181315918252214e-11
1.526680159995934094e+00,3.849350085195142650e-11
1.530013522790685032e+00,1.465629434207070403e-11
1.533346885585435970e+00,1.757913098085835381e-11
1.536680248380186908e+00,1.773570867078008985e-11
1.540013611174937846e+00,3.954344515261621064e-11
1.543346973969688785e+00,1.146217202301779351e-11
1.546680336764439723e+00,4.214995853296293072e-11
1.550013699559190661e+00,2.864061748289459431e-10
1.553347062353941599e+00,7.590015629960993978e-11
1.556680425148692537e+00,6.309875259228609265e-11
1.560013787943443475e+00,1.589614404055064677e-10
1.563347150738194413e+00,3.982369439818683750e-11
1.566680513532945351e+00,6.348133666160077297e-11
1.570013876327696289e+00,2.103799618174278219e-11
1.573347239122447228e+00,3.215622682050530813e-12
1.576680601917198166e+00,6.117261936352160678e-11
1.580013964711949104e+00,2.091455803281010582e-11
1.583347327506700042e+00,4.329817966694963130e-11
1.586680690301450980e+00,5.815463451470756607e-11
1.590014053096201918e+00,4.115203955882593603e-10
1.593347415890953078e+00,8.004139730842794078e-11
1.596680778685704016e+00,6.561122407408293128e-11
1.600014141480454954e+00,8.314626615474774195e-11
1.603347504275205893e+00,1.084178965420846840e-10
1.606680867069956831e+00,7.011115770261639348e-12
1.610014229864707769e+00,3.507700078720746819e-11
1.613347592659458707e+00,3.168894557775993220e-11
1.616680955454209645e+00,1.529961575444072332e-11
1.620014318248960583e+00,1.871811944711765634e-11
1.623347681043711521e+00,1.720211023128982764e-10
1.626681043838462459e+00,6.825435881170008778e-11
1.630014406633213397e+00,8.998421205514650038e-11
1.633347769427964336e+00,9.257313240581234809e-11
1.636681132222715274e+00,1.853110792032383672e-11
1.640014495017466212e+00,6.101809189626742508e-11
1.643347857812217150e+00,1.573778082695472764e-11
1.646681220606968088e+00,5.157723634105765450e-11
1.650014583401719026e+00,2.086537754763775665e-11
1.653347946196469964e+00,3.255681192193346423e-10
1.656681308991220902e+00,4.201694683652593949e-11
1.660014671785971840e+00,1.289529937462584318e-10
1.663348034580722778e+00,2.905324705957635188e-10
1.666681397375473717e+00,1.242688469189333227e-12
1.670014760170224877e+00,2.263623085005386680e-10
1.673348122964975815e+00,8.379386899651981176e-11
1.676681485759726753e+00,2.196140090372317473e-10
1.680014848554477691e+00,1.264353367504976619e-11
1.683348211349228629e+00,7.895956130856871872e-11
1.686681574143979567e+00,3.385342173148095002e-10
1.690014936938730505e+00,1.950217616874268949e-11
1.693348299733481443e+00,4.112403681085900080e-11
1.696681662528232382e+00,7.068500874345994780e-11
1.700015025322983320e+00,2.603309156624738169e-10
1.703348388117734258e+00,1.473332903249382542e-11
1.706681750912485196e+00,1.274192863805407436e-10
1.710015113707236134e+00,1.956677929182116578e-10
1.713348476501987072e+00,7.573935758362318654e-11
1.716681839296738010e+00,6.942393604879144397e-11
1.720015202091488948e+00,4.992751473164761910e-11
1.723348564886239886e+00,1.983196210243424529e-10
1.726681927680990825e+00,9.921240660279867410e-11
1.730015290475741763e+00,2.875594601753908553e-12
1.733348653270492701e+00,4.515946543857161675e-11
1.736682016065243639e+00,4.301964846676791338e-11
1.740015378859994577e+00,3.069703577260422667e-11
1.743348741654745515e+00,6.852584023841171267e-11
1.746682104449496675e+00,8.019389159796591826e-11
1.750015467244247613e+00,6.222237860765042796e-11
1.753348830038998551e+00,1.746380052005778658e-10
1.756682192833749490e+00,1.176505042439251282e-10
1.760015555628500428e+00,7.357662105358024991e-11
1.763348918423251366e+00,9.892584423220352386e-11
1.766682281218002304e+00,2.309388822024106115e-11
1.770015644012753242e+00,1.783631591429227087e-10
1.773349006807504180e+00,1.974786952854631852e-10
1.776682369602255118e+00,3.750552267025583751e-11
1.780015732397006056e+00,9.393293337847741885e-11
1.783349095191756994e+00,1.422659508007352785e-10
1.786682457986507933e+00,3.464064322032298021e-11
1.790015820781258871e+00,1.226249763146831626e-11
1.793349183576009809e+00,1.116806715875728447e-11
1.796682546370760747e+00,2.549656428993827824e-10
1.800015909165511685e+00,4.614099155387962627e-11
1.803349271960262623e+00,5.202140171510873806e-12
1.806682634755013561e+00,2.262537586139789442e-11
1.810015997549764499e+00,1.752561335705350915e-10
1.813349360344515437e+00,4.349211434370598013e-11
1.816682723139266376e+00,1.825136136643877990e-12
1.820016085934017314e+00,2.355867927612024966e-11
1.823349448728768474e+00,1.578315303782985522e-11
1.826682811523519412e+00,2.616239130457492665e-11
1.830016174318270350e+00,5.765174891957365315e-11
1.833349537113021288e+00,4.074677841308342817e-10
1.836682899907772226e+00,5.755471477419188610e-11
1.840016262702523164e+00,7.913248583868843541e-12
1.843349625497274102e+00,2.071265567646690635e-10
1.846682988292025041e+00,1.336921162253323217e-11
1.850016351086775979e+00,9.312088953222617832e-11
1.853349713881526917e+00,7.183573725080685718e-11
1.856683076676277855e+00,3.147067357324570590e-11
1.860016439471028793e+00,5.791728777230739242e-11
1.863349802265779731e+00,2.292390589302830542e-10
1.866683165060530669e+00,2.553687871680588767e-10
1.870016527855281607e+00,2.452129388668666723e-10
1.873349890650032545e+00,4.256989508132989860e-10
1.876683253444783483e+00,3.327960352764384834e-10
1.880016616239534422e+00,6.723506764622103633e-12
1.883349979034285360e+00,5.477313446255267928e-12
1.886683341829036298e+00,3.199154081656119799e-11
1.890016704623787236e+00,3.056145520205043947e-10
1.893350067418538174e+00,9.998779796533329086e-11
1.896683430213289112e+00,1.439603820914498966e-10
1.900016793008040050e+00,5.674820660551005346e-11
1.903350155802791210e+00,2.483850679440188759e-10
1.906683518597542148e+00,1.652610913293034933e-10
1.910016881392293087e+00,1.452511970611753785e-11
1.913350244187044025e+00,6.483428948972518421e-11
1.916683606981794963e+00,1.537874740987622845e-10
1.920016969776545901e+00,4.682614774700123992e-11
1.923350332571296839e+00,1.772878091292280339e-10
1.926683695366047777e+00,1.346505929229000927e-10
1.930017058160798715e+00,1.057655541004361465e-10
1.933350420955549653e+00,6.657731562744877934e-11
1.936683783750300591e+00,8.066853224571826947e-12
1.940017146545051530e+00,2.147031257373065732e-11
1.943350509339802468e+00,4.621656832539461552e-11
1.946683872134553406e+00,6.109184224960496432e-11
1.950017234929304344e+00,2.197983342740095112e-11
1.953350597724055282e+00,1.034306397021569399e-12
1.956683960518806220e+00,1.354554815573018698e-11
1.960017323313557158e+00,5.216338430383427565e-11
1.963350686108308096e+00,5.730671850627730841e-11
1.966684048903059034e+00,3.871575765082220629e-11
1.970017411697809973e+00,9.460574013610330918e-11
1.973350774492560911e+00,2.184632760096137502e-11
1.976684137287311849e+00,6.296137737538063814e-12
1.980017500082063009e+00,2.447318770273929218e-10
1.983350862876813947e+00,1.462292484984120114e-11
1.986684225671564885e+00,9.272282016248839019e-11
1.990017588466315823e+00,9.824442493334029646e-11
1.993350951261066761e+00,2.005222123542632907e-10
1.996684314055817699e+00,1.724735267321292106e-11
2.000017676850568638e+00,3.570680276458394590e-12
2.003351039645319354e+00,2.686476960216962355e-10
2.006684402440070514e+00,1.402076391655470038e-10
2.010017765234821230e+00,1.997960251428022157e-11
2.013351128029572390e+00,8.896997095566008850e-11
2.016684490824323106e+00,4.986180791286794752e-11
2.020017853619074266e+00,1.205335789436422729e-10
2.023351216413825426e+00,1.605580496594987632e-10
2.026684579208576142e+00,8.153909560796209975e-12
2.030017942003327303e+00,6.409073988936836304e-11
2.033351304798078019e+00,2.972623822454587719e-10
2.036684667592829179e+00,2.369041388652888637e-11
2.040018030387579895e+00,1.602971950556352063e-10
2.043351393182331055e+00,5.380133049143280639e-11
2.046684755977081771e+00,6.313317702032850445e-11
2.050018118771832931e+00,8.300428671178634835e-11
2.053351481566583647e+00,1.366478465382529242e-11
2.056684844361334807e+00,7.070924242381800284e-11
2.060018207156085523e+00,2.260688123704649739e-10
2.063351569950836684e+00,1.798037820304838426e-10
2.066684932745587400e+00,4.171131098420201805e-11
2.070018295540338560e+00,3.625579730031962122e-11
2.073351658335089276e+00,8.967521315314255137e-12
2.076685021129840436e+00,9.504454776303809076e-11
2.080018383924591152e+00,3.171827317551938271e-11
2.083351746719342312e+00,3.168781243889060072e-11
2.086685109514093028e+00,9.936890235001445925e-11
2.090018472308844188e+00,2.667463670933876374e-11
2.093351835103594905e+00,1.017217294950145876e-10
2.096685197898346065e+00,2.550784295798987980e-10
2.100018560693097225e+00,1.126738742193927753e-10
2.103351923487847941e+00,1.292661964242517705e-10
2.106685286282599101e+00,1.763248513639598383e-10
2.110018649077349817e+00,5.444662871247934338e-11
2.113352011872100977e+00,4.687051514876747880e-11
2.116685374666851693e+00,2.457186375810850364e-10
2.120018737461602854e+00,3.130750617860044713e-10
2.123352100256353570e+00,1.970757136725325342e-10
2.126685463051104730e+00,1.527131026630646985e-10
2.130018825845855446e+00,1.709896658934739457e-10
2.133352188640606606e+00,1.998653182518673996e-11
2.136685551435357322e+00,1.329098887270708169e-10
2.140018914230108482e+00,5.639423204495674039e-10
2.143352277024859198e+00,8.799977703220897877e-11
2.146685639819610358e+00,9.649153244058618573e-11
2.150019002614361074e+00,5.239235605112003573e-11
2.153352365409112235e+00,2.395033778463288400e-10
2.156685728203862951e+00,1.283052260829712992e-10
2.160019090998614111e+00,1.498812360142121711e-10
2.163352453793364827e+00,7.240255582087358168e-12
2.166685816588115987e+00,1.637694801859350061e-10
2.170019179382866703e+00,8.246985174102792796e-13
2.173352542177617863e+00,6.028810140451019134e-11
2.176685904972369023e+00,4.416511077475466107e-10
2.180019267767119739e+00,2.224467672332636334e-10
2.183352630561870900e+00,1.755651208614196552e-10
2.186685993356621616e+00,9.140611926176550507e-11
2.190019356151372776e+00,1.634739309759891243e-10
2.193352718946123492e+00,1.946804201876212392e-10
2.196686081740874652e+00,5.338606124484003636e-11
2.200019444535625368e+00,5.694944047064128364e-11
2.203352807330376528e+00,7.689875679312391288e-11
2.206686170125127244e+00,1.224791974574148990e-10
2.210019532919878404e+00,1.785445911714537375e-10
2.213352895714629121e+00,2.005719824988110854e-11
2.216686258509380281e+00,3.117665980336622835e-10
2.220019621304130997e+00,7.277549148057130595e-12
2.223352984098882157e+00,9.051406762683133678e-11
2.226686346893632873e+00,1.842530789004751899e-10
2.230019709688384033e+00,1.314863938696932936e-12
2.233353072483134749e+00,3.208294385191758958e-10
2.236686435277885909e+00,4.055864476718131807e-11
2.240019798072636625e+00,1.735925400554095441e-11
2.243353160867387786e+00,9.873849214226394528e-11
2.246686523662138502e+00,1.111238420280587495e-11
2.250019886456889662e+00,6.489931714993425706e-11
2.253353249251640822e+00,2.323897937875676972e-10
2.256686612046391538e+00,2.800432191280679541e-12
2.260019974841142698e+00,4.552894785756206270e-12
2.263353337635893414e+00,6.376643446241536534e-11
2.266686700430644574e+00,5.688233153993532363e-11
2.270020063225395290e+00,9.716351739436123747e-11
2.273353426020146451e+00,2.572483187748842786e-10
2.276686788814897167e+00,6.518440086664270640e-11
2.280020151609648327e+00,6.708326275425609692e-11
2.283353514404399043e+00,3.131670637022294303e-10
2.286686877199150203e+00,1.323068872138658407e-10
2.290020239993900919e+00,8.847891604274225322e-11
2.293353602788652079e+00,2.264086218765334282e-12
2.296686965583402795e+00,1.394755488936549483e-10
2.300020328378153955e+00,2.242362501508189100e-11
2.303353691172904671e+00,8.237498097664169442e-11
2.306687053967655832e+00,1.692143930297667656e-10
2.310020416762406548e+00,1.327080060701709744e-11
2.313353779557157708e+00,6.152319300253525629e-11
2.316687142351908424e+00,6.741306548301254584e-11
2.320020505146659584e+00,1.539692632632432122e-11
2.323353867941410300e+00,8.030951845013872077e-12
2.326687230736161460e+00,2.300893890327580906e-10
2.330020593530912620e+00,7.979541650137076639e-11
2.333353956325663336e+00,3.975220283612645752e-11
2.336687319120414497e+00,2.336579308306276985e-11
2.340020681915165213e+00,8.890877003065987008e-12
2.343354044709916373e+00,2.086529062232560040e-10
2.346687407504667089e+00,4.083437490425249624e-10
2.350020770299418249e+00,1.578805385116935930e-11
2.353354133094168965e+00,3.787019436927033388e-11
2.356687495888920125e+00,2.021978691372460282e-10
2.360020858683670841e+00,1.887002627290270390e-10
2.363354221478422001e+00,1.256314556424200806e-10
2.366687584273172718e+00,1.179653072892514822e-10
2.370020947067923878e+00,5.212822957125761203e-12
2.373354309862674594e+00,2.632230526208277628e-11
2.376687672657425754e+00,1.303038795937419252e-11
2.380021035452176470e+00,1.212754612580948822e-10
2.383354398246927630e+00,7.925698289474996812e-11
2.386687761041678346e+00,9.642140365474540833e-12
2.390021123836429506e+00,7.135817312546902842e-11
2.393354486631180222e+00,5.243792859479959475e-10
2.396687849425931383e+00,7.541794934050839023e-11
2.400021212220682099e+00,5.561810076533751980e-11
2.403354575015433259e+00,7.179952510127441462e-11
2.406687937810184419e+00,9.334097774297842071e-11
2.410021300604935135e+00,3.321509102635558279e-10
2.413354663399686295e+00,6.223263524916969379e-11
2.416688026194437011e+00,1.402517959419807860e-10
2.420021388989188171e+00,2.453311828558587558e-11
2.423354751783938887e+00,2.313368697963986837e-10
2.426688114578690048e+00,2.523939476026512669e-11
2.430021477373440764e+00,8.783478953237759169e-11
2.433354840168191924e+00,3.550641071011285285e-11
2.436688202962942640e+00,1.131513278209946507e-11
2.440021565757693800e+00,2.729258629705475599e-11
2.443354928552444516e+00,2.505919862859856576e-11
2.446688291347195676e+00,5.033924560986702543e-11
2.450021654141946392e+00,5.806760919911311611e-11
2.453355016936697552e+00,1.634675124200343700e-10
2.456688379731448268e+00,1.769461177709989783e-11
2.460021742526199429e+00,1.288219210744999619e-10
2.463355105320950145e+00,6.258948835808113854e-11
2.466688468115701305e+00,4.015276513324019149e-12
2.470021830910452021e+00,6.203688207816245092e-11
2.473355193705203181e+00,1.026752994442398375e-10
2.476688556499953897e+00,6.016976723707590759e-11
2.480021919294705057e+00,6.766615341695251731e-11
2.483355282089456217e+00,1.057360626894656417e-10
2.486688644884206933e+00,1.194122907629268978e-10
2.490022007678958094e+00,1.172479934821734087e-10
2.493355370473708810e+00,2.599273637038575157e-12
2.496688733268459970e+00,4.598605900189659011e-11
2.500022096063210686e+00,1.977641212758771596e-10
2.503355458857961846e+00,3.212507888420510111e-10
2.506688821652712562e+00,4.290381076966541728e-11
2.510022184447463722e+00,5.441487011992243140e-11
2.513355547242214438e+00,4.378961674491170661e-11
2.516688910036965598e+00,7.793830984076146172e-11
2.520022272831716315e+00,1.764742223075000565e-10
2.523355635626467475e+00,3.301605681249498113e-11
2.526688998421218191e+00,3.338806376957600705e-11
2.530022361215969351e+00,2.178856381646140461e-10
2.533355724010720067e+00,4.230069327518906796e-11
2.536689086805471227e+00,1.752370297442642004e-10
2.540022449600221943e+00,4.096224937910946914e-11
2.543355812394973103e+00,2.284283640420274755e-11
2.546689175189723819e+00,1.498954452008764381e-10
2.550022537984474980e+00,4.850341110445827272e-11
2.553355900779225696e+00,1.059191283275252737e-10
2.556689263573976856e+00,1.122210029976275445e-11
2.560022626368727572e+00,6.003001887720943543e-11
2.563355989163478732e+00,1.462526632839158171e-10
2.566689351958229892e+00,1.890955420201032517e-10
2.570022714752980608e+00,1.665615820264147333e-10
2.573356077547731768e+00,4.563237902146909648e-11
2.576689440342482484e+00,2.318007966104738817e-10
2.580022803137233645e+00,6.114675775900579419e-11
2.583356165931984361e+00,1.409644762690984446e-10
2.586689528726735521e+00,5.259608324346510236e-11
2.590022891521486237e+00,2.467121964596350773e-10
2.593356254316237397e+00,1.552069240929257361e-10
2.596689617110988113e+00,2.245692868440625622e-10
2.600022979905739273e+00,1.399586488073696777e-11
2.603356342700489989e+00,3.437854816462223860e-11
2.606689705495241149e+00,4.629295337256553525e-11
2.610023068289991865e+00,4.418812020521102970e-11
2.613356431084743026e+00,1.622422340157708548e-10
2.616689793879493742e+00,1.339182992053768437e-10
2.620023156674244902e+00,1.028892500290121964e-10
2.623356519468995618e+00,8.978319829761601417e-11
2.626689882263746778e+00,8.732628355921012519e-12
2.630023245058497494e+00,5.573758982647359166e-12
2.633356607853248654e+00,1.680834044287274174e-11
2.636689970647999370e+00,4.486116411002474786e-11
2.640023333442750531e+00,3.237827366672870863e-10
2.643356696237501691e+00,3.093528912377054369e-11
2.646690059032252407e+00,4.438764682731371058e-11
2.650023421827003567e+00,1.005847547724700025e-10
2.653356784621754283e+00,1.524621028986622471e-10
2.656690147416505443e+00,3.529217964945900265e-11
2.660023510211256159e+00,1.648010191707913568e-11
2.663356873006007319e+00,1.767864277997803354e-10
2.666690235800758035e+00,1.309041639247378166e-10
2.670023598595509196e+00,5.672623907117111857e-11
2.673356961390259912e+00,5.048640304835354988e-11
2.676690324185011072e+00,2.364465897335965617e-10
2.680023686979761788e+00,2.715059846316667907e-10
2.683357049774512948e+00,1.644789697239818466e-10
2.686690412569263664e+00,3.778953633427754261e-10
2.690023775364014824e+00,1.092269026379030790e-10
2.693357138158765540e+00,3.258425601352906759e-10
2.696690500953516700e+00,3.862481612960655468e-11
2.700023863748267416e+00,5.241501922920281554e-10
2.703357226543018577e+00,1.672076460673050062e-11
2.706690589337769293e+00,6.119572437922577876e-11
2.710023952132520453e+00,4.663590923512852903e-12
2.713357314927271169e+00,2.850787978257384599e-12
2.716690677722022329e+00,5.818872579190943951e-11
2.720024040516773489e+00,3.066115314978969420e-10
2.723357403311524205e+00,1.204034689564740905e-10
2.726690766106275365e+00,6.620166157262915350e-11
2.730024128901026081e+00,9.666150347525828880e-11
2.733357491695777242e+00,1.428180593280607115e-10
2.736690854490527958e+00,7.101531800062254633e-11
2.740024217285279118e+00,3.638991716710385472e-11
2.743357580080029834e+00,1.079699936418668801e-10
2.746690942874780994e+00,1.000754676985286486e-10
2.750024305669531710e+00,1.580961090417274604e-10
2.753357668464282870e+00,1.605749661536273422e-11
2.756691031259033586e+00,2.062381543149196638e-10
2.760024394053784746e+00,7.072777889606466716e-11
2.763357756848535463e+00,1.614672693386799720e-13
2.766691119643286623e+00,1.169284271209647023e-10
2.770024482438037339e+00,3.853500186474913312e-11
2.773357845232788499e+00,7.527763957194355398e-12
2.776691208027539215e+00,1.246565489767078386e-10
2.780024570822290375e+00,2.420135590419186240e-11
2.783357933617041091e+00,9.263087712589218776e-11
2.786691296411792251e+00,1.529565518575660975e-11
2.790024659206542967e+00,3.629105873884897561e-11
2.793358022001294128e+00,1.361582034590521540e-10
2.796691384796045288e+00,4.337346832442246557e-11
2.800024747590796004e+00,2.586660135168692625e-11
2.803358110385547164e+00,1.971657977766209163e-11
2.806691473180297880e+00,1.512638200138314271e-10
2.810024835975049040e+00,5.213088072860437058e-11
2.813358198769799756e+00,1.095150800846014646e-10
2.816691561564550916e+00,4.206508348220683192e-10
2.820024924359301632e+00,6.851247331801774571e-11
2.823358287154052793e+00,1.225767513192896195e-10
2.826691649948803509e+00,1.268266393569751231e-11
2.830025012743554669e+00,3.699490617291078628e-11
2.833358375538305385e+00,1.728939281071415538e-10
2.836691738333056545e+00,2.774788648514580885e-12
2.840025101127807261e+00,8.356065272171681165e-11
2.843358463922558421e+00,3.281039857453947350e-10
2.846691826717309137e+00,1.010020779610710428e-10
2.850025189512060297e+00,7.237115489479920111e-11
2.853358552306811013e+00,2.696571933476545030e-10
2.856691915101562174e+00,1.996139669809829289e-10
2.860025277896312890e+00,4.547696132195159242e-10
2.863358640691064050e+00,3.982338579956504599e-11
2.866692003485814766e+00,3.753844498993460236e-11
2.870025366280565926e+00,5.590285146232438232e-10
2.873358729075317086e+00,1.758448849444728190e-10
2.876692091870067802e+00,9.689606945222249255e-11
2.880025454664818962e+00,7.528412282743124712e-11
2.883358817459569678e+00,7.651068033273811335e-11
2.886692180254320839e+00,1.790182796985765303e-10
2.890025543049071555e+00,3.937500998859685548e-11
2.893358905843822715e+00,1.362607545738475047e-11
2.896692268638573431e+00,1.510648779731929032e-11
2.900025631433324591e+00,2.315112517561217804e-10
2.903358994228075307e+00,1.352949029731488630e-10
2.906692357022826467e+00,1.918273899938212167e-12
2.910025719817577183e+00,1.844503976576408050e-10
2.913359082612328343e+00,3.368029544137162206e-11
2.916692445407079060e+00,8.224126097271321421e-11
2.920025808201830220e+00,2.248547219113186609e-11
2.923359170996580936e+00,1.548615930480773439e-10
2.926692533791332096e+00,2.858493438248683349e-11
2.930025896586082812e+00,6.011142641247624483e-11
2.933359259380833972e+00,5.142538835680375351e-11
2.936692622175584688e+00,3.697902420325658883e-10
2.940025984970335848e+00,3.027303792706373730e-12
2.943359347765086564e+00,1.426796149637257352e-10
2.946692710559837725e+00,1.145522028501544935e-10
2.950026073354588885e+00,9.720723203328049833e-11
2.953359436149339601e+00,1.839635801436863671e-10
2.956692798944090761e+00,2.319279103636246838e-10
2.960026161738841477e+00,3.983628196191705768e-11
2.963359524533592637e+00,5.468227890853771167e-11
2.966692887328343353e+00,4.018696845826791446e-11
2.970026250123094513e+00,3.572053662491690572e-10
2.973359612917845229e+00,1.715895546510049844e-10
2.976692975712596390e+00,4.495418668105847560e-11
2.980026338507347106e+00,4.780745104451581962e-11
2.983359701302098266e+00,3.626916760883518089e-10
2.986693064096848982e+00,1.231333970342269843e-10
2.990026426891600142e+00,2.626167086518015785e-10
2.993359789686350858e+00,2.382834862853126226e-11
2.996693152481102018e+00,5.146755993539167174e-12
3.000026515275852734e+00,2.545848655534723109e-10
3.003359878070603894e+00,1.407951913184664105e-11
3.006693240865354610e+00,8.789744186840908203e-11
3.010026603660105771e+00,6.539538150895825096e-11
3.013359966454856487e+00,1.889764514655837029e-10
3.016693329249607647e+00,2.169537445536802455e-10
3.020026692044358363e+00,1.353684761018830017e-10
3.023360054839109523e+00,8.098964882122916436e-11
3.026693417633860683e+00,1.414081799719589542e-10
3.030026780428611399e+00,1.085335045564517836e-10
3.033360143223362559e+00,3.586813234461494442e-10
3.036693506018113276e+00,4.078421462430828899e-11
3.040026868812864436e+00,4.751628195289963183e-11
3.043360231607615152e+00,1.497082545839174503e-11
3.046693594402366312e+00,7.925999666924760349e-11
3.050026957197117028e+00,1.641778947725283318e-10
3.053360319991868188e+00,1.804972106573918161e-10
3.056693682786618904e+00,1.425966851880377453e-12
3.060027045581370064e+00,1.191734244738645014e-10
3.063360408376120780e+00,4.360893313931653411e-11
3.066693771170871941e+00,2.896712733306991554e-10
3.070027133965622657e+00,8.830753793638234408e-11
3.073360496760373817e+00,5.898567295088245259e-11
3.076693859555124533e+00,1.248049420457048577e-11
3.080027222349875693e+00,9.585565241089085702e-11
3.083360585144626409e+00,2.161464638476206704e-11
3.086693947939377569e+00,1.556719549188795231e-10
3.090027310734128285e+00,1.877374917119867572e-11
3.093360673528879445e+00,1.383874163232791480e-10
3.096694036323630161e+00,3.253413634444659369e-10
3.100027399118381322e+00,3.496508756390050463e-11
3.103360761913132482e+00,2.467153460028927837e-11
3.106694124707883198e+00,5.269865106010248407e-11
3.110027487502634358e+00,1.352645494631675014e-11
3.113360850297385074e+00,6.755974260112348954e-11
3.116694213092136234e+00,1.393399083122541985e-10
3.120027575886886950e+00,1.522455879218905531e-10
3.123360938681638110e+00,2.364421320327070537e-11
3.126694301476388826e+00,8.144320968240076968e-11
3.130027664271139987e+00,1.774868918877481416e-10
3.133361027065890703e+00,1.227126094954945566e-11
3.136694389860641863e+00,5.569094367787398076e-11
3.140027752655392579e+00,4.586098620141335226e-11
3.143361115450143739e+00,3.504552107534754966e-11
3.146694478244894455e+00,4.952390729784105619e-11
3.150027841039645615e+00,6.150340676056977011e-11
3.153361203834396331e+00,2.281566917707243982e-11
3.156694566629147491e+00,3.682708636966721130e-11
3.160027929423898208e+00,1.504632732662149865e-10
3.163361292218649368e+00,1.487894890054036282e-10
3.166694655013400084e+00,7.600622255706444221e-11
3.170028017808151244e+00,3.438105730678548674e-11
3.173361380602901960e+00,1.151587763425255759e-10
3.176694743397653120e+00,1.769188368348663563e-11
3.180028106192403836e+00,7.169859684228625610e-12
3.183361468987154996e+00,1.375047583416378039e-10
3.186694831781906156e+00,1.049379923477978523e-10
3.190028194576656873e+00,1.378063273368747260e-10
3.193361557371408033e+00,2.087739822572314357e-10
3.196694920166158749e+00,3.129788063954469625e-10
3.200028282960909909e+00,2.978986068261719530e-11
3.203361645755660625e+00,3.631156190185720981e-11
3.206695008550411785e+00,2.129333537471328439e-10
3.210028371345162501e+00,3.720674829886145071e-11
3.213361734139913661e+00,6.962866049390495861e-12
3.216695096934664377e+00,2.234973155226391144e-10
3.220028459729415538e+00,2.364054579436877826e-10
3.223361822524166254e+00,4.166967909887482323e-11
3.226695185318917414e+00,2.144200517473426697e-10
3.230028548113668130e+00,1.081450141210150891e-10
3.233361910908419290e+00,1.114271621749063064e-10
3.236695273703170006e+00,6.126625115763134987e-11
3.240028636497921166e+00,8.028010178325135704e-11
3.243361999292671882e+00,7.295908682435159183e-12
3.246695362087423042e+00,2.238906333797233724e-10
3.250028724882173758e+00,1.068891479247041670e-12
3.253362087676924919e+00,1.594978368623572013e-10
3.256695450471675635e+00,2.116574090149461645e-10
3.260028813266426795e+00,1.541552423866844932e-11
3.263362176061177955e+00,1.830428782983809679e-10
3.266695538855928671e+00,7.715533352909177995e-11
3.270028901650679831e+00,1.071280626884442793e-10
3.273362264445430547e+00,4.065255325354748234e-11
3.276695627240181707e+00,1.486053092834473673e-11
3.280028990034932423e+00,2.012069489600954296e-11
3.283362352829683584e+00,3.565040894866752144e-10
3.286695715624434300e+00,9.130116979591318240e-12
3.290029078419185460e+00,3.455506712924118891e-12
3.293362441213936176e+00,5.160668783462134489e-11
3.296695804008687336e+00,1.360269794927531859e-10
3.300029166803438052e+00,5.557538628405793973e-12
3.303362529598189212e+00,1.829283446340754366e-10
3.306695892392939928e+00,2.111134133470766560e-11
3.310029255187691088e+00,6.888678895025966054e-11
3.313362617982441805e+00,2.157607608999217762e-10
3.316695980777192965e+00,3.963766274106232128e-11
3.320029343571943681e+00,1.649205460921976684e-12
3.323362706366694841e+00,2.550600553531130608e-12
3.326696069161445557e+00,1.021282814788864931e-10
3.330029431956196717e+00,6.624480261481494098e-12
3.333362794750947433e+00,1.371569824342344312e-10
3.336696157545698593e+00,3.121058520574965797e-10
3.340029520340449753e+00,1.651817563954860345e-10
3.343362883135200470e+00,7.301660190777645740e-11
3.346696245929951630e+00,1.084870303047299866e-11
3.350029608724702346e+00,1.978021484333127774e-11
3.353362971519453506e+00,7.621328109953036658e-11
3.356696334314204222e+00,8.985138182912132787e-11
3.360029697108955382e+00,5.519713826880252114e-11
3.363363059903706098e+00,2.767514910337649071e-10
3.366696422698457258e+00,2.262308109708522361e-10
3.370029785493207974e+00,4.151901445843187906e-11
3.373363148287959135e+00,5.651211596950444286e-11
3.376696511082709851e+00,1.194828962897537449e-10
3.380029873877461011e+00,2.774394778103590699e-10
3.383363236672211727e+00,1.652853411592835765e-10
3.386696599466962887e+00,1.034166027056381375e-11
3.390029962261713603e+00,1.080053380854267619e-10
3.393363325056464763e+00,5.798119191533162093e-12
3.396696687851215479e+00,1.572655249701408206e-11
3.400030050645966639e+00,2.294447233813140329e-10
3.403363413440717355e+00,4.723171115447392463e-11
3.406696776235468516e+00,1.942479095042157516e-10
3.410030139030219232e+00,7.092133526732506456e-11
3.413363501824970392e+00,2.796918887447745051e-11
3.416696864619721552e+00,4.147698712270123934e-11
3.420030227414472268e+00,6.137187802616886889e-11
3.423363590209223428e+00,1.077446873938138707e-10
3.426696953003974144e+00,2.195834412533812368e-11
3.430030315798725304e+00,6.338564382650994903e-11
3.433363678593476020e+00,1.651239550493691983e-10
3.436697041388227181e+00,7.188275862723614724e-11
3.440030404182977897e+00,4.121709905338927142e-10
3.443363766977729057e+00,1.357685988407959458e-10
3.446697129772479773e+00,6.182317327044731107e-11
3.450030492567230933e+00,3.583875417373902976e-10
3.453363855361981649e+00,9.226686548188993228e-12
3.456697218156732809e+00,1.612422103758220988e-11
3.460030580951483525e+00,6.399918811241334937e-11
3.463363943746234686e+00,2.957621575868324440e-13
3.466697306540985402e+00,1.986559613295753068e-11
3.470030669335736562e+00,6.432955313208628713e-11
3.473364032130487278e+00,2.760552255710459494e-10
3.476697394925238438e+00,5.347453460147228877e-11
3.480030757719989154e+00,1.622984846583150332e-11
3.483364120514740314e+00,2.775962842629632210e-11
3.486697483309491030e+00,1.109876458519111806e-10
3.490030846104242190e+00,3.967453821250622735e-11
3.493364208898993351e+00,1.743107292643560389e-11
3.496697571693744067e+00,7.352605658666044144e-12
3.500030934488495227e+00,1.862598105478682591e-11
3.503364297283245943e+00,1.809366294636152009e-10
3.506697660077997103e+00,9.709868559023994087e-12
3.510031022872747819e+00,9.865155877054351502e-11
3.513364385667498979e+00,1.820777820505215087e-10
3.516697748462249695e+00,4.830522730326727186e-10
3.520031111257000855e+00,1.442307567719694596e-10
3.523364474051751571e+00,9.141281714163768566e-11
3.526697836846502732e+00,9.131443666753826432e-11
3.530031199641253448e+00,2.382199204069446191e-10
3.533364562436004608e+00,4.285933399535594267e-12
3.536697925230755324e+00,9.199539871109405795e-11
3.540031288025506484e+00,2.110170939891464353e-11
3.543364650820257200e+00,5.790863194813103439e-11
3.546698013615008360e+00,3.086127109405529614e-11
3.550031376409759076e+00,5.494516270159851124e-11
3.553364739204510236e+00,1.118761486720902917e-11
3.556698101999260953e+00,4.098249658094464578e-10
3.560031464794012113e+00,4.366801435127104897e-11
3.563364827588762829e+00,3.165068237303090862e-10
3.566698190383513989e+00,1.368659558019481006e-10
3.570031553178265149e+00,3.758330709681357151e-11
3.573364915973015865e+00,2.494411679171851286e-10
3.576698278767767025e+00,8.835373594037751819e-12
3.580031641562517741e+00,7.508378757291243575e-11
3.583365004357268901e+00,4.305735294797350745e-11
3.586698367152019618e+00,7.096965498521103440e-11
3.590031729946770778e+00,8.326795245156450816e-11
3.593365092741521494e+00,5.329747922494332080e-10
3.596698455536272654e+00,1.153298777410303116e-10
3.600031818331023370e+00,1.381755510434156200e-11
3.603365181125774530e+00,3.705859197447131350e-11
3.606698543920525246e+00,1.114882310950789580e-11
3.610031906715276406e+00,9.590276314174853754e-11
3.613365269510027122e+00,2.087128582894977090e-10
3.616698632304778283e+00,8.365409189237769880e-12
3.620031995099528999e+00,1.531964526048499658e-10
3.623365357894280159e+00,1.296201455530621441e-11
3.626698720689030875e+00,1.766600358190158630e-10
3.630032083483782035e+00,3.984533267827781117e-11
3.633365446278532751e+00,6.722053605257384275e-11
3.636698809073283911e+00,3.245813335764508396e-10
3.640032171868034627e+00,5.549247219034481284e-12
3.643365534662785787e+00,8.766225756462694138e-12
3.646698897457536948e+00,1.693912514808298806e-10
3.650032260252287664e+00,1.427575684702324018e-10
3.653365623047038824e+00,2.877144884306896549e-11
3.656698985841789540e+00,4.354899060792513965e-11
3.660032348636540700e+00,7.417798163029327401e-11
3.663365711431291416e+00,8.676379466181258915e-11
3.666699074226042576e+00,1.448244071547183481e-11
3.670032437020793292e+00,1.025717670743714534e-10
3.673365799815544452e+00,7.945527511856012902e-11
3.676699162610295168e+00,5.477401740346347733e-11
3.680032525405046329e+00,3.660158727245525093e-11
3.683365888199797045e+00,8.501250983531900334e-11
3.686699250994548205e+00,1.552665236062595733e-11
3.690032613789298921e+00,3.018871120742471542e-11
3.693365976584050081e+00,1.347487004393746625e-10
3.696699339378800797e+00,2.800341734337334012e-11
3.700032702173551957e+00,1.644073653900198480e-11
3.703366064968302673e+00,6.768278048598028866e-11
3.706699427763053833e+00,2.654986908359267751e-10
3.710032790557804550e+00,1.247879074232496334e-10
3.713366153352555710e+00,6.586683301664940259e-11
3.716699516147306426e+00,2.013345537521242171e-11
3.720032878942057586e+00,4.580761325528498326e-10
3.723366241736808302e+00,6.898781782595135659e-11
3.726699604531559462e+00,4.855184848674412100e-11
3.730032967326310622e+00,4.760183487776937739e-11
3.733366330121061338e+00,7.146128955393781358e-11
3.736699692915812498e+00,2.291379724165455662e-11
3.740033055710563215e+00,4.902495093552156772e-12
3.743366418505314375e+00,2.181784680846721113e-11
3.746699781300065091e+00,1.676747337181819179e-12
3.750033144094816251e+00,8.458975491534854257e-11
3.753366506889566967e+00,1.600264461505534815e-10
3.756699869684318127e+00,1.044137746102735888e-10
3.760033232479068843e+00,1.314700870136448591e-11
3.763366595273820003e+00,1.897810190246794664e-12
3.766699958068570719e+00,1.773947504415224212e-10
3.770033320863321880e+00,1.349451247642480519e-10
3.773366683658072596e+00,4.643554318786446645e-12
3.776700046452823756e+00,2.123918890209355482e-11
3.780033409247574472e+00,8.099589862328808979e-11
3.783366772042325632e+00,7.398372489349647431e-11
3.786700134837076348e+00,4.081596616352684619e-11
3.790033497631827508e+00,2.879053969338431251e-11
3.793366860426578224e+00,1.737780504173313132e-11
3.796700223221329384e+00,6.004114333449123864e-11
3.800033586016080100e+00,3.456157221231593255e-10
3.803366948810831261e+00,3.969140302778302212e-11
3.806700311605582421e+00,6.930606588588896903e-11
3.810033674400333137e+00,5.382278475761074797e-11
3.813367037195084297e+00,6.129192875749837874e-10
3.816700399989835013e+00,5.691323552387954486e-11
3.820033762784586173e+00,2.931437151155680279e-10
3.823367125579336889e+00,5.059935888646927677e-11
3.826700488374088049e+00,1.279132514735764590e-10
3.830033851168838765e+00,1.586114010795643154e-10
3.833367213963589926e+00,2.204472467925222864e-11
3.836700576758340642e+00,2.086704565480809751e-10
3.840033939553091802e+00,2.182609652706935879e-11
3.843367302347842518e+00,2.241921433521243564e-10
3.846700665142593678e+00,2.509106315879031480e-11
3.850034027937344394e+00,4.520327697223257547e-11
3.853367390732095554e+00,8.120661675105782194e-12
3.856700753526846270e+00,1.758083626185343547e-11
3.860034116321597430e+00,9.373466710927345241e-12
3.863367479116348147e+00,5.113837799564466598e-11
3.866700841911099307e+00,4.971320779988197077e-10
3.870034204705850023e+00,1.421889098524682340e-11
3.873367567500601183e+00,2.095168639048533075e-10
3.876700930295351899e+00,3.376790662875242015e-11
3.880034293090103059e+00,4.991774595382860538e-11
3.883367655884854219e+00,5.423054166604069675e-11
3.886701018679604935e+00,1.799757318251360607e-10
3.890034381474356096e+00,1.113379670351454271e-10
3.893367744269106812e+00,1.458631613894598549e-10
3.896701107063857972e+00,6.361685010132901746e-11
3.900034469858608688e+00,6.114342603652156554e-12
3.903367832653359848e+00,2.711885614250696724e-10
3.906701195448110564e+00,2.002931376928719318e-11
3.910034558242861724e+00,2.575475017680480590e-11
3.913367921037612440e+00,4.232711136694573728e-11
3.916701283832363600e+00,1.619650256668385022e-11
3.920034646627114316e+00,3.771454003903932717e-11
3.923368009421865477e+00,5.143848333941558173e-11
3.926701372216616193e+00,7.521261436243285725e-11
3.930034735011367353e+00,3.417619262843654155e-11
3.933368097806118069e+00,7.592800728264011534e-11
3.936701460600869229e+00,1.000710378603944288e-10
3.940034823395619945e+00,1.568436206505047539e-10
3.943368186190371105e+00,2.140628386106457966e-13
3.946701548985121821e+00,1.441660399332692849e-11
3.950034911779872981e+00,8.819458872846235166e-11
3.953368274574623698e+00,1.068198762090858541e-11
3.956701637369374858e+00,4.032060538167346775e-11
3.960035000164126018e+00,1.937634994786824625e-10
3.963368362958876734e+00,1.475259233409294547e-10
3.966701725753627894e+00,1.546532166631817412e-10
3.970035088548378610e+00,7.449164636472638840e-12
3.973368451343129770e+00,3.405782556857628900e-11
3.976701814137880486e+00,2.561342779224696273e-10
3.980035176932631646e+00,1.984876206876033260e-11
3.983368539727382363e+00,1.340540048125782409e-10
3.986701902522133523e+00,1.021334417356069653e-10
3.990035265316884239e+00,5.216073901683988263e-11
3.993368628111635399e+00,1.033173100094827304e-10
3.996701990906386115e+00,9.875985026758536144e-11
4.000035353701137275e+00,2.585100725516078767e-11
4.003368716495888435e+00,2.861572612840260853e-11
4.006702079290638707e+00,1.963524475168009366e-10
4.010035442085389867e+00,2.669235269487624760e-11
4.013368804880141028e+00,1.539009809616661860e-11
4.016702167674892188e+00,1.571954029631842328e-10
4.020035530469642460e+00,1.434310869879604411e-10
4.023368893264393620e+00,5.842545350835279350e-11
4.026702256059144780e+00,1.545214758333534592e-11
4.030035618853895940e+00,1.656067724596476791e-11
4.033368981648646212e+00,2.132828223392190399e-11
4.036702344443397372e+00,7.717863969716293714e-11
4.040035707238148532e+00,5.953043086130898887e-11
4.043369070032899693e+00,2.984573022635804843e-11
4.046702432827650853e+00,2.694610801889324163e-10
4.050035795622401125e+00,7.360184639072713993e-12
4.053369158417152285e+00,2.999739032545971033e-11
4.056702521211903445e+00,2.452818165406525378e-11
4.060035884006654605e+00,1.226851873544636030e-10
4.063369246801404877e+00,3.300081124509257513e-10
4.066702609596156037e+00,3.156090546210513199e-11
4.070035972390907197e+00,9.963753850779539078e-11
4.073369335185658358e+00,1.256230831194909481e-10
4.076702697980408630e+00,2.371542262150706814e-11
4.080036060775159790e+00,1.742148023722111954e-10
4.083369423569910950e+00,6.610884321644628553e-11
4.086702786364662110e+00,5.342281434068294043e-11
4.090036149159412382e+00,4.497004895307610215e-11
4.093369511954163542e+00,9.667140999866220374e-11
4.096702874748914702e+00,1.634133837157269712e-10
4.100036237543665862e+00,1.110458334245693959e-10
4.103369600338416134e+00,6.978762158496172315e-11
4.106702963133167295e+00,1.617093047945028831e-10
4.110036325927918455e+00,2.641926845852048663e-10
4.113369688722669615e+00,1.038268002104431806e-11
4.116703051517420775e+00,2.200445422149802298e-10
4.120036414312171047e+00,2.514026180968421296e-11
4.123369777106922207e+00,2.420482078863311536e-11
4.126703139901673367e+00,1.978790891203816142e-11
4.130036502696424527e+00,3.119243903313061609e-11
4.133369865491174799e+00,9.459423963160645286e-11
4.136703228285925960e+00,4.109958236254363810e-10
4.140036591080677120e+00,3.922912389897497276e-11
4.143369953875428280e+00,1.026766656899620200e-10
4.146703316670178552e+00,1.302398984538164227e-10
4.150036679464929712e+00,7.798092594439422758e-12
4.153370042259680872e+00,7.379143146346409190e-10
4.156703405054432032e+00,1.890953293079644183e-10
4.160036767849182304e+00,1.899523730226799681e-10
4.163370130643933464e+00,3.196249130614312851e-12
4.166703493438684625e+00,7.447570002680314329e-12
4.170036856233435785e+00,8.654704671602890454e-11
4.173370219028186057e+00,3.941577898558412017e-11
4.176703581822937217e+00,1.769761276400914471e-11
4.180036944617688377e+00,9.106906000867333981e-11
4.183370307412439537e+00,5.927411698525715768e-11
4.186703670207189809e+00,1.397930650687832423e-10
4.190037033001940969e+00,1.668160864851675901e-11
4.193370395796692129e+00,4.533559864941807767e-11
4.196703758591443290e+00,5.076238608107799663e-11
4.200037121386194450e+00,1.618733086768254942e-10
4.203370484180944722e+00,9.474232191367722466e-11
4.206703846975695882e+00,3.767445186030144920e-11
4.210037209770447042e+00,4.121482574948978583e-11
4.213370572565198202e+00,2.262372712383005178e-10
4.216703935359948474e+00,2.909628039534104341e-10
4.220037298154699634e+00,4.467273191485313570e-11
4.223370660949450794e+00,8.937861420480329622e-11
4.226704023744201955e+00,2.102616465854351783e-10
4.230037386538952227e+00,3.298421408187520455e-11
4.233370749333703387e+00,5.018539575313841672e-11
4.236704112128454547e+00,5.701101008828647982e-11
4.240037474923205707e+00,1.968816837038207300e-10
4.243370837717955979e+00,5.849831660310907056e-11
4.246704200512707139e+00,5.169267588263628490e-11
4.250037563307458299e+00,7.525998994061417169e-11
4.253370926102209459e+00,4.567586870150290376e-11
4.256704288896959731e+00,2.398703585811447166e-10
4.260037651691710892e+00,2.251249038346101035e-10
4.263371014486462052e+00,1.096315287121145713e-10
4.266704377281213212e+00,3.131619815314476533e-11
4.270037740075964372e+00,2.349296581075692355e-10
4.273371102870714644e+00,8.932640094785244049e-11
4.276704465665465804e+00,5.063596863557356622e-11
4.280037828460216964e+00,4.137341949155936637e-12
4.283371191254968124e+00,1.020353194559987929e-10
4.286704554049718396e+00,1.350539425923961643e-11
4.290037916844469557e+00,5.027259132707973917e-11
4.293371279639220717e+00,1.274182553448714678e-10
4.296704642433971877e+00,4.206327913671110030e-11
4.300038005228722149e+00,6.538830083876765111e-12
4.303371368023473309e+00,1.259193033062535484e-10
4.306704730818224469e+00,7.412820077565063528e-11
4.310038093612975629e+00,2.802442001407925971e-11
4.313371456407725901e+00,4.237604203423035215e-10
4.316704819202477061e+00,4.239573482632233817e-11
4.320038181997228222e+00,8.201104355883114775e-11
4.323371544791979382e+00,1.423223987921385219e-11
4.326704907586729654e+00,3.066859904477847798e-12
4.330038270381480814e+00,5.555380694595221772e-12
4.333371633176231974e+00,1.057745729511135582e-10
4.336704995970983134e+00,7.092504307551682938e-11
4.340038358765733406e+00,1.086086921226449527e-10
4.343371721560484566e+00,4.650314764317093951e-11
4.346705084355235726e+00,2.956607388409162983e-11
4.350038447149986887e+00,2.524735205958391570e-10
4.353371809944738047e+00,1.627959321092450457e-10
4.356705172739488319e+00,5.625364134467676618e-10
4.360038535534239479e+00,7.267980912797330735e-11
4.363371898328990639e+00,1.078459311547424524e-10
4.366705261123741799e+00,7.850498223380267175e-11
4.370038623918492071e+00,4.443491307539848971e-11
4.373371986713243231e+00,2.481697593538843490e-11
4.376705349507994391e+00,2.287894958017328065e-10
4.380038712302745552e+00,2.204756680910465270e-11
4.383372075097495824e+00,1.539387094771179954e-10
4.386705437892246984e+00,6.856424186518831370e-11
4.390038800686998144e+00,1.233914198345362628e-10
4.393372163481749304e+00,4.082833969355284840e-11
4.396705526276499576e+00,3.239553469471680720e-11
4.400038889071250736e+00,2.743674261826434620e-11
4.403372251866001896e+00,2.574917344416958744e-10
4.406705614660753056e+00,9.645586657313961737e-11
4.410038977455503328e+00,1.773189360762479783e-10
4.413372340250254489e+00,1.049920784930140835e-10
4.416705703045005649e+00,1.966698113065005107e-10
4.420039065839756809e+00,2.835766050259943733e-11
4.423372428634507969e+00,8.026789037091878032e-11
4.426705791429258241e+00,2.462621283367542474e-10
4.430039154224009401e+00,3.242500424794193071e-11
4.433372517018760561e+00,1.210175708527153344e-10
4.436705879813511721e+00,1.407477218744893479e-10
4.440039242608261993e+00,1.829574735290577042e-10
4.443372605403013154e+00,1.007957954835520496e-11
4.446705968197764314e+00,3.149986733659007470e-11
4.450039330992515474e+00,3.398260405765881776e-11
4.453372693787265746e+00,5.643302109862095585e-11
4.456706056582016906e+00,2.316205890367373541e-11
4.460039419376768066e+00,3.737408585287851176e-12
4.463372782171519226e+00,7.709333673502266483e-11
4.466706144966269498e+00,5.040785015635925955e-11
4.470039507761020658e+00,2.203137551212337515e-10
4.473372870555771819e+00,5.565223962339843550e-11
4.476706233350522979e+00,2.214855323879079848e-10
4.480039596145273251e+00,4.743839035445415715e-11
4.483372958940024411e+00,3.398705998974281135e-11
4.486706321734775571e+00,2.136692201267571242e-11
4.490039684529526731e+00,1.472014104350284618e-11
4.493373047324277003e+00,2.510226642853516842e-10
4.496706410119028163e+00,9.677435591682817822e-11
4.500039772913779323e+00,9.841856020841649523e-11
4.503373135708530484e+00,8.048276093936454992e-12
4.506706498503281644e+00,3.076142316740158737e-11
4.510039861298031916e+00,1.489292949186618665e-10
4.513373224092783076e+00,3.728815250400118676e-12
4.516706586887534236e+00,2.655512233290888614e-10
4.520039949682285396e+00,2.292714524333239131e-11
4.523373312477035668e+00,2.492422554625387447e-10
4.526706675271786828e+00,1.525156017175525782e-12
4.530040038066537988e+00,9.213805564345983752e-13
4.533373400861289149e+00,4.349863716036416120e-11
4.536706763656039421e+00,5.680449256997980844e-11
4.540040126450790581e+00,8.895539667616473017e-11
4.543373489245541741e+00,1.719524334899673952e-10
4.546706852040292901e+00,2.234955898527700752e-10
4.550040214835043173e+00,7.783657532414489482e-11
4.553373577629794333e+00,2.285499916419262537e-10
4.556706940424545493e+00,2.242098757622189842e-11
4.560040303219296653e+00,4.992833353100626423e-11
4.563373666014046925e+00,5.342871421922627050e-13
4.566707028808798086e+00,1.829020428655842553e-11
4.570040391603549246e+00,1.064452362444930123e-10
4.573373754398300406e+00,2.053215450794429188e-10
4.576707117193050678e+00,3.789986956231451272e-11
4.580040479987801838e+00,2.183768121426417530e-11
4.583373842782552998e+00,9.234117982241977773e-11
4.586707205577304158e+00,9.749461127843784123e-12
4.590040568372055318e+00,3.070238278945055235e-10
4.593373931166805590e+00,1.079970769398069598e-10
4.596707293961556751e+00,5.720611066122622795e-11
4.600040656756307911e+00,7.162829956839782624e-11
4.603374019551059071e+00,1.685211507917221277e-10
4.606707382345809343e+00,3.780515500708915294e-10
4.610040745140560503e+00,7.325913378174783170e-11
4.613374107935311663e+00,6.832824626589265225e-11
4.616707470730062823e+00,3.089970051713353701e-11
4.620040833524813095e+00,2.027263419493268662e-10
4.623374196319564255e+00,7.336080359100427618e-12
4.626707559114315416e+00,6.143464536464499636e-11
4.630040921909066576e+00,1.535488952799982246e-10
4.633374284703816848e+00,4.362591797701991246e-11
4.636707647498568008e+00,4.814341931536303897e-11
4.640041010293319168e+00,1.031958354316300259e-10
4.643374373088070328e+00,9.545906148835840569e-11
4.646707735882820600e+00,7.582150210555473833e-11
4.650041098677571760e+00,4.655056118250448805e-11
4.653374461472322920e+00,7.273566922696149318e-11
4.656707824267074081e+00,1.295502690560259588e-11
4.660041187061825241e+00,7.606786762852620120e-11
4.663374549856575513e+00,1.373094677550753541e-10
4.666707912651326673e+00,2.362644821356653843e-10
4.670041275446077833e+00,1.993653698953880786e-10
4.673374638240828993e+00,5.769667770820166053e-11
4.676708001035579265e+00,1.158982544084448118e-10
4.680041363830330425e+00,4.676759854923849173e-11
4.683374726625081585e+00,1.590512690835059622e-10
4.686708089419832746e+00,7.471154728717187739e-13
4.690041452214583018e+00,1.158211340329933807e-10
4.693374815009334178e+00,6.033927797128073201e-12
4.696708177804085338e+00,8.094276049317419061e-11
4.700041540598836498e+00,4.649529665974514898e-12
4.703374903393586770e+00,4.271065565525904486e-10
4.706708266188337930e+00,5.559553699475850815e-11
4.710041628983089090e+00,2.136822762789472239e-10
4.713374991777840251e+00,1.825387206921241536e-10
4.716708354572590522e+00,4.799821917468229091e-11
4.720041717367341683e+00,3.252754885227883333e-12
4.723375080162092843e+00,3.219746315864581993e-10
4.726708442956844003e+00,1.878561125493960075e-10
4.730041805751594275e+00,3.972685798344806129e-11
4.733375168546345435e+00,1.262210963265978578e-11
4.736708531341096595e+00,1.118307266412373859e-10
4.740041894135847755e+00,4.787904906062235783e-10
4.743375256930598916e+00,7.774374276741530396e-12
4.746708619725349187e+00,1.392449905814079339e-10
4.750041982520100348e+00,7.545251483816206754e-11
4.753375345314851508e+00,1.069109519656690086e-10
4.756708708109602668e+00,1.410973597309975663e-10
4.760042070904352940e+00,3.308051584179853003e-10
4.763375433699104100e+00,2.109518287857309033e-10
4.766708796493855260e+00,2.198024277336398413e-10
4.770042159288606420e+00,4.307235196094643188e-11
4.773375522083356692e+00,1.310206834642081670e-10
4.776708884878107853e+00,6.530229399013321144e-11
4.780042247672859013e+00,6.636281480133295024e-11
4.783375610467610173e+00,9.285116329477660387e-11
4.786708973262360445e+00,5.940533448097842267e-11
4.790042336057111605e+00,9.040253954869359098e-11
4.793375698851862765e+00,5.900006343704850932e-11
4.796709061646613925e+00,9.223004278161594952e-10
4.800042424441364197e+00,2.359556304775332316e-11
4.803375787236115357e+00,2.100286727144980950e-10
4.806709150030866518e+00,4.684562641058543729e-11
4.810042512825617678e+00,3.295138430355972103e-11
4.813375875620368838e+00,2.996041216689575168e-11
4.816709238415119110e+00,2.638795758879490722e-11
4.820042601209870270e+00,2.278952349616854385e-11
4.823375964004621430e+00,2.793943116373172373e-11
4.826709326799372590e+00,1.070741102573352836e-11
4.830042689594122862e+00,2.734402719495515566e-11
4.833376052388874022e+00,2.060092927861151790e-10
4.836709415183625183e+00,4.702369539459662059e-11
4.840042777978376343e+00,2.115576583277637870e-11
4.843376140773126615e+00,3.058564895234765978e-11
4.846709503567877775e+00,1.364565364965745939e-10
4.850042866362628935e+00,7.001213115758610887e-11
4.853376229157380095e+00,3.544579091840343201e-11
4.856709591952130367e+00,1.528359570274165117e-10
4.860042954746881527e+00,7.937327471150309651e-11
4.863376317541632687e+00,1.452724968285313461e-10
4.866709680336383848e+00,1.114341364883867332e-11
4.870043043131134120e+00,1.050307043125625964e-11
4.873376405925885280e+00,4.014775713206985628e-11
4.876709768720636440e+00,3.552473861615282671e-11
4.880043131515387600e+00,2.761520198400842019e-12
4.883376494310137872e+00,6.218848073510575117e-11
4.886709857104889032e+00,1.191941697575915364e-10
4.890043219899640192e+00,3.345686502083879384e-10
4.893376582694391352e+00,7.873755666461860875e-11
4.896709945489142513e+00,8.475696000659709129e-11
4.900043308283892785e+00,1.435226428160324401e-10
4.903376671078643945e+00,3.656993747423743452e-12
4.906710033873395105e+00,1.348233416220081187e-10
4.910043396668146265e+00,2.094369585642350091e-10
4.913376759462896537e+00,2.435981949140434581e-11
4.916710122257647697e+00,1.298235294851724345e-10
4.920043485052398857e+00,1.090643175561255718e-10
4.923376847847150017e+00,9.949417588978719569e-11
4.926710210641900289e+00,2.139587938139391423e-12
4.930043573436651450e+00,7.533056537701599499e-11
4.933376936231402610e+00,7.311807906620812876e-11
4.936710299026153770e+00,1.659498569008018588e-10
4.940043661820904042e+00,7.987835150091728642e-11
4.943377024615655202e+00,7.650863996585532790e-12
4.946710387410406362e+00,1.805908157268571288e-10
4.950043750205157522e+00,2.683132180261082614e-10
4.953377112999907794e+00,1.918136332785923928e-10
4.956710475794658954e+00,6.583953735213588542e-12
4.960043838589410115e+00,1.204288617613526743e-10
4.963377201384161275e+00,1.285217245066586460e-12
4.966710564178912435e+00,2.746763318839238488e-11
4.970043926973662707e+00,5.774060879327746599e-11
4.973377289768413867e+00,5.154909968900108494e-10
4.976710652563165027e+00,6.910095723569751816e-11
4.980044015357916187e+00,9.855962958172465881e-11
4.983377378152666459e+00,2.007975171924305951e-10
4.986710740947417619e+00,1.621832655095899803e-11
4.990044103742168780e+00,6.438496751820234507e-11
4.993377466536919940e+00,3.468167714163982497e-10
4.996710829331670212e+00,1.166042820985966009e-11
5.000044192126421372e+00,1.588558462101755568e-10
5.003377554921172532e+00,8.851872280952067546e-11
5.006710917715923692e+00,1.659205551410324700e-11
5.010044280510673964e+00,1.584421882853067884e-10
5.013377643305425124e+00,7.588560305474723056e-11
5.016711006100176284e+00,2.498079933899559138e-11
5.020044368894927445e+00,9.870231638067911447e-11
5.023377731689677717e+00,2.148475297538399377e-11
5.026711094484428877e+00,2.550164069465273250e-11
5.030044457279180037e+00,3.959567990122336287e-11
5.033377820073931197e+00,1.133785425884396525e-10
5.036711182868681469e+00,5.110657277662209309e-12
5.040044545663432629e+00,6.856414050119601531e-11
5.043377908458183789e+00,2.186106262002130649e-10
5.046711271252934949e+00,1.781031259335692922e-11
5.050044634047686110e+00,5.437141456637650183e-11
5.053377996842436382e+00,2.198167725277288887e-11
5.056711359637187542e+00,7.651380365532556273e-12
5.060044722431938702e+00,3.069423411100788160e-13
5.063378085226689862e+00,3.124356538671541160e-10
5.066711448021440134e+00,4.072387304962853489e-13
5.070044810816191294e+00,3.355165140852424477e-11
5.073378173610942454e+00,2.201773755411498731e-11
5.076711536405693614e+00,1.377573816810555721e-11
5.080044899200443886e+00,5.128107424790349231e-11
5.083378261995195047e+00,4.450403403979670338e-11
5.086711624789946207e+00,8.152771183136266197e-11
5.090044987584697367e+00,1.025329804796754666e-10
5.093378350379447639e+00,1.125681126210392045e-10
5.096711713174198799e+00,3.494225688453879076e-11
5.100045075968949959e+00,2.421926314438154466e-11
5.103378438763701119e+00,5.036725253163843392e-11
5.106711801558451391e+00,2.334682323764678975e-11
5.110045164353202551e+00,4.139569326069887758e-11
5.113378527147953712e+00,1.354717794471942840e-10
5.116711889942704872e+00,7.138911902186569279e-11
5.120045252737455144e+00,1.015862629286284167e-10
5.123378615532206304e+00,1.915033573862256242e-10
5.126711978326957464e+00,1.174058592385938941e-10
5.130045341121708624e+00,2.203010159620164249e-11
5.133378703916459784e+00,1.489674803576764670e-11
5.136712066711210056e+00,2.724565098579218717e-11
5.140045429505961216e+00,5.985817016442906969e-13
5.143378792300712377e+00,7.990255304411335826e-11
5.146712155095463537e+00,1.392116411438097832e-10
5.150045517890213809e+00,3.865139453595340748e-13
5.153378880684964969e+00,1.809716950144997192e-11
5.156712243479716129e+00,2.519853524311837456e-10
5.160045606274467289e+00,7.536301203576922106e-11
5.163378969069217561e+00,1.614542174917781773e-10
5.166712331863968721e+00,2.673471553791661434e-11
5.170045694658719881e+00,1.411161197630427486e-10
5.173379057453471042e+00,7.050235369953286317e-11
5.176712420248221314e+00,8.213317924956022101e-11
5.180045783042972474e+00,3.287238796334793150e-11
5.183379145837723634e+00,1.152907612825762742e-10
5.186712508632474794e+00,9.816460081012181498e-11
5.190045871427225066e+00,4.079359876716432109e-11
5.193379234221976226e+00,5.618315081183312222e-12
5.196712597016727386e+00,1.660772814974797174e-11
5.200045959811478546e+00,3.855603015729487163e-11
5.203379322606229707e+00,1.168289302129877050e-12
5.206712685400979979e+00,3.511938532115853809e-11
5.210046048195731139e+00,1.356796266196995918e-11
5.213379410990482299e+00,1.574881050858389122e-11
5.216712773785233459e+00,9.944890712296994826e-11
5.220046136579983731e+00,9.501964602170067083e-11
5.223379499374734891e+00,1.628683030385773627e-10
5.226712862169486051e+00,4.195567191714029601e-11
5.230046224964237211e+00,1.944052149526273027e-10
5.233379587758987483e+00,3.038775527977213737e-10
5.236712950553738644e+00,1.445647705675344636e-12
5.240046313348489804e+00,8.041434440894616245e-11
5.243379676143240964e+00,2.151554418621541014e-12
5.246713038937991236e+00,1.278147249121438059e-10
5.250046401732742396e+00,4.985259411057707052e-11
5.253379764527493556e+00,4.953691606877275360e-11
5.256713127322244716e+00,2.411220014458430946e-11
5.260046490116994988e+00,1.445203793584277586e-11
5.263379852911746148e+00,2.394011447337494862e-10
5.266713215706497309e+00,1.196424669957293464e-11
5.270046578501248469e+00,1.263013739368657477e-10
5.273379941295998741e+00,1.554588156724979605e-10
5.276713304090749901e+00,1.555483108923395831e-10
5.280046666885501061e+00,2.917031120045416075e-10
5.283380029680252221e+00,1.707523028267018843e-11
5.286713392475003381e+00,1.734750155414934215e-10
5.290046755269753653e+00,9.264254158572802896e-11
5.293380118064504813e+00,1.552946559333788608e-11
5.296713480859255974e+00,8.778307306525265985e-10
5.300046843654007134e+00,1.853011917808799970e-10
5.303380206448757406e+00,1.759361319963269871e-11
5.306713569243508566e+00,1.999565320822138575e-10
5.310046932038259726e+00,3.971735446229155083e-11
5.313380294833010886e+00,1.213706562403901444e-10
5.316713657627761158e+00,9.962184845554031353e-11
5.320047020422512318e+00,1.810911832104780806e-10
5.323380383217263478e+00,2.233426451492124705e-10
5.326713746012014639e+00,3.532877629196924304e-11
5.330047108806764911e+00,4.238223742656120151e-11
5.333380471601516071e+00,1.193225723742654094e-10
5.336713834396267231e+00,1.434903373197657016e-11
5.340047197191018391e+00,1.740107326531258735e-10
5.343380559985768663e+00,2.636794847975243267e-10
5.346713922780519823e+00,4.182299684258422929e-11
5.350047285575270983e+00,1.507231339950617678e-10
5.353380648370022143e+00,1.140261466099817933e-10
5.356714011164773304e+00,6.562890017733286226e-11
5.360047373959523576e+00,2.387233369069643966e-10
5.363380736754274736e+00,2.320048565661317545e-10
5.366714099549025896e+00,5.027146177635470793e-11
5.370047462343777056e+00,2.279034568874951469e-10
5.373380825138527328e+00,2.112406154299515755e-11
5.376714187933278488e+00,2.527065617326301633e-11
5.380047550728029648e+00,1.596059254495293508e-11
5.383380913522780808e+00,6.071062821266667846e-11
5.386714276317531080e+00,5.735212021148717056e-11
5.390047639112282241e+00,3.290874872454660548e-10
5.393381001907033401e+00,3.247079837829419348e-11
5.396714364701784561e+00,1.446839317133216981e-11
5.400047727496534833e+00,1.183587102861399563e-10
5.403381090291285993e+00,9.611773670223854669e-11
5.406714453086037153e+00,6.040225933620943221e-11
5.410047815880788313e+00,1.210279856624175964e-11
5.413381178675538585e+00,2.466301256090154638e-13
5.416714541470289745e+00,1.735464545912350445e-12
5.420047904265040906e+00,8.131722922291896786e-12
5.423381267059792066e+00,6.060233114589872158e-11
5.426714629854542338e+00,2.244182595994640669e-10
5.430047992649293498e+00,3.411268239584335257e-12
5.433381355444044658e+00,4.983061298867909867e-11
5.436714718238795818e+00,6.421952350177034603e-11
5.440048081033546978e+00,2.282465535506160390e-10
5.443381443828297250e+00,9.346010346315782261e-13
5.446714806623048410e+00,6.283123594207195411e-11
5.450048169417799571e+00,7.014360586131187770e-11
5.453381532212550731e+00,2.639018568441085276e-10
5.456714895007301003e+00,7.848834963585052055e-11
5.460048257802052163e+00,1.231868954845867667e-10
5.463381620596803323e+00,6.469012515191325700e-11
5.466714983391554483e+00,3.078374404406130664e-12
5.470048346186304755e+00,2.191362600235805588e-10
5.473381708981055915e+00,2.883816076773983861e-11
5.476715071775807075e+00,1.015592429115491880e-11
5.480048434570558236e+00,2.450915359142754846e-10
5.483381797365308508e+00,1.739717611471386774e-10
5.486715160160059668e+00,3.303544550481255052e-11
5.490048522954810828e+00,3.557270069418378744e-11
5.493381885749561988e+00,8.911965270774073817e-11
5.496715248544312260e+00,1.396716754615538199e-11
5.500048611339063420e+00,1.423831979825800689e-10
5.503381974133814580e+00,2.722955535658681479e-10
5.506715336928565740e+00,4.672266524304933072e-11
5.510048699723316901e+00,2.251623513886077145e-10
5.513382062518067173e+00,8.992981233185003836e-11
5.516715425312818333e+00,2.221522107431861335e-10
5.520048788107569493e+00,3.979695866627182142e-10
5.523382150902320653e+00,3.304144906612912791e-11
5.526715513697070925e+00,4.061547842081117113e-11
5.530048876491822085e+00,9.305891785743577556e-12
5.533382239286573245e+00,3.646099914729222361e-11
5.536715602081324406e+00,6.453079947865293232e-11
5.540048964876074677e+00,1.580335839053320969e-10
5.543382327670825838e+00,2.703855612396388564e-11
5.546715690465576998e+00,4.724333846889468213e-11
5.550049053260328158e+00,3.652797682091977634e-11
5.553382416055078430e+00,1.111937822108621724e-10
5.556715778849829590e+00,1.335729327076991519e-10
5.560049141644580750e+00,7.512343840022310846e-11
5.563382504439331910e+00,1.687818796276236936e-10
5.566715867234082182e+00,6.632753442654638784e-11
5.570049230028833342e+00,2.510927560035387015e-10
5.573382592823584503e+00,7.584500683738392526e-11
5.576715955618335663e+00,8.044333485872294860e-13
5.580049318413085935e+00,9.592178594858375879e-11
5.583382681207837095e+00,1.150514375512743143e-10
5.586716044002588255e+00,3.619166625507018788e-11
5.590049406797339415e+00,4.968227171920013457e-11
5.593382769592090575e+00,9.065151085856160672e-11
5.596716132386840847e+00,1.946754360297808176e-11
5.600049495181592007e+00,4.818331158467176882e-11
5.603382857976343168e+00,3.041331936210980131e-11
5.606716220771094328e+00,1.881188129758015214e-11
5.610049583565844600e+00,7.410206804879437577e-11
5.613382946360595760e+00,2.143525778605299464e-10
5.616716309155346920e+00,2.979938099370650864e-10
5.620049671950098080e+00,2.287349834913664373e-10
5.623383034744848352e+00,2.951178545807254446e-11
5.626716397539599512e+00,4.233852003714129931e-11
5.630049760334350673e+00,6.103749408320965630e-11
5.633383123129101833e+00,9.825414343394775483e-11
5.636716485923852105e+00,5.424097841805177663e-11
5.640049848718603265e+00,2.424980000210091388e-11
5.643383211513354425e+00,5.409928357580874043e-11
5.646716574308105585e+00,1.023973409286488703e-11
5.650049937102855857e+00,3.281906016215691008e-11
5.653383299897607017e+00,2.783058168551470282e-10
5.656716662692358177e+00,4.929144531682594054e-10
5.660050025487109338e+00,2.182089885078486737e-11
5.663383388281860498e+00,8.124220963058190243e-12
5.666716751076610770e+00,2.958214312528143365e-11
5.670050113871361930e+00,3.235767267281225604e-11
5.673383476666113090e+00,7.525818171198092367e-11
5.676716839460864250e+00,1.930223539170171356e-10
5.680050202255614522e+00,1.475891512589252374e-11
5.683383565050365682e+00,7.076644594944789907e-11
5.686716927845116842e+00,6.922018873970871178e-12
5.690050290639868003e+00,8.496272576883120101e-11
5.693383653434618275e+00,1.497875528157722823e-10
5.696717016229369435e+00,3.766011629445477016e-11
5.700050379024120595e+00,1.119922326167529879e-10
5.703383741818871755e+00,1.663993815301263341e-12
5.706717104613622027e+00,1.721436669894609855e-10
5.710050467408373187e+00,2.023320666287594073e-11
5.713383830203124347e+00,2.853321505230590837e-11
5.716717192997875507e+00,2.643171354119402153e-10
5.720050555792625779e+00,1.186769766166673181e-10
5.723383918587376940e+00,6.670186506948837722e-11
5.726717281382128100e+00,1.396124097788759639e-10
5.730050644176879260e+00,2.373618343036050185e-10
5.733384006971629532e+00,1.204739325283990916e-10
5.736717369766380692e+00,1.634313804728601687e-10
5.740050732561131852e+00,2.351258163384291167e-10
5.743384095355883012e+00,3.875738044223146426e-11
5.746717458150634172e+00,6.241145690164986842e-11
5.750050820945384444e+00,1.780543458393206150e-10
5.753384183740135605e+00,1.390301737604404754e-10
5.756717546534886765e+00,5.622811574936265945e-11
5.760050909329637925e+00,1.523762209284986930e-10
5.763384272124388197e+00,5.097599576482602670e-12
5.766717634919139357e+00,1.924138800440358146e-10
5.770050997713890517e+00,5.754655087612090515e-11
5.773384360508641677e+00,1.229752256021174353e-10
5.776717723303391949e+00,4.311012618069580375e-11
5.780051086098143109e+00,2.788912717644174785e-11
5.783384448892894270e+00,1.420483781650756469e-12
5.786717811687645430e+00,1.035652982523615158e-11
5.790051174482395702e+00,2.457138247391048583e-10
5.793384537277146862e+00,1.192898685021398460e-10
5.796717900071898022e+00,1.300858439264812390e-10
5.800051262866649182e+00,6.074811308217612856e-11
5.803384625661399454e+00,2.974396819578237858e-10
5.806717988456150614e+00,6.179379583615795753e-12
5.810051351250901774e+00,4.001929300405562952e-12
5.813384714045652935e+00,5.096869239708700669e-11
5.816718076840403207e+00,2.521671587937623552e-10
5.820051439635154367e+00,5.240900849930373627e-11
5.823384802429905527e+00,2.185752860242521365e-11
5.826718165224656687e+00,1.122710215663413606e-10
5.830051528019407847e+00,1.798616268995492046e-10
5.833384890814158119e+00,2.223682999221321425e-10
5.836718253608909279e+00,3.667028615175333840e-11
5.840051616403660439e+00,9.415708207324536341e-12
5.843384979198411600e+00,2.137368660976693156e-10
5.846718341993161872e+00,2.177728020758501001e-10
5.850051704787913032e+00,3.724156847674387156e-11
5.853385067582664192e+00,1.783048030681086116e-10
5.856718430377415352e+00,8.536404086558927960e-11
5.860051793172165624e+00,1.181997607951471451e-10
5.863385155966916784e+00,1.119777841479300446e-10
5.866718518761667944e+00,3.442287326709961189e-11
5.870051881556419104e+00,3.630145753273470790e-11
5.873385244351169376e+00,1.765765484897962558e-10
5.876718607145920537e+00,5.308028542117968410e-11
5.880051969940671697e+00,7.982335218119207292e-12
5.883385332735422857e+00,3.853276549185261855e-11
5.886718695530173129e+00,8.915805002362774630e-11
5.890052058324924289e+00,8.003947536979378410e-11
5.893385421119675449e+00,3.124020245603874715e-11
5.896718783914426609e+00,3.523719246592300609e-11
5.900052146709177769e+00,4.593792575188633197e-11
5.903385509503928041e+00,1.152231176747732440e-10
5.906718872298679202e+00,1.558138614290282903e-10
5.910052235093430362e+00,1.020927880314844458e-10
5.913385597888181522e+00,2.289121263198936588e-10
5.916718960682931794e+00,6.056882319769729379e-11
5.920052323477682954e+00,8.688388870136863548e-11
5.923385686272434114e+00,3.536980818150901283e-11
5.926719049067185274e+00,8.699354338318313224e-11
5.930052411861935546e+00,1.805765665121810070e-11
5.933385774656686706e+00,3.537526785053933968e-11
5.936719137451437867e+00,8.616450950413380772e-11
5.940052500246189027e+00,6.053650653678650677e-11
5.943385863040939299e+00,8.067665483076202697e-11
5.946719225835690459e+00,3.315753849028046224e-11
5.950052588630441619e+00,3.263167929018787185e-11
5.953385951425192779e+00,4.311447633741703938e-11
5.956719314219943051e+00,3.205043466985696077e-11
5.960052677014694211e+00,1.337516721390896308e-10
5.963386039809445371e+00,1.758064958990602661e-10
5.966719402604196532e+00,1.719894627069218947e-10
5.970052765398946804e+00,2.059687979033633372e-11
5.973386128193697964e+00,6.602077567203563475e-11
5.976719490988449124e+00,1.512732381176573753e-10
5.980052853783200284e+00,2.599773695211032647e-11
5.983386216577951444e+00,8.603753003385041820e-11
5.986719579372701716e+00,2.569565106135548786e-11
5.990052942167452876e+00,5.273994721408340147e-11
5.993386304962204036e+00,1.291543469671119935e-10
5.996719667756955197e+00,1.292919978491399082e-11
6.000053030551705469e+00,1.880741724799444159e-10
6.003386393346456629e+00,9.729277432244823072e-11
6.006719756141207789e+00,1.190515224442319502e-10
6.010053118935958949e+00,1.608495680054492091e-10
6.013386481730709221e+00,5.810130543573676389e-11
6.016719844525460381e+00,2.843654137376931421e-10
6.020053207320211541e+00,5.864223730697331310e-11
6.023386570114962701e+00,2.726944343407080732e-10
6.026719932909712973e+00,9.598498150693971987e-11
6.030053295704464134e+00,5.620972319811813902e-11
6.033386658499215294e+00,3.982024748539058993e-11
6.036720021293966454e+00,1.370624835061589076e-10
6.040053384088716726e+00,5.113664598865572835e-11
6.043386746883467886e+00,9.233735749048609578e-11
6.046720109678219046e+00,2.013963497813190598e-10
6.050053472472970206e+00,2.113396289148446540e-11
6.053386835267721366e+00,4.995963758095276931e-11
6.056720198062471638e+00,4.272786980443622340e-11
6.060053560857222799e+00,1.486258225517546072e-10
6.063386923651973959e+00,1.346392642247522861e-11
6.066720286446725119e+00,1.219180320457905526e-10
6.070053649241475391e+00,3.643730626320990618e-11
6.073387012036226551e+00,1.568892295531838086e-10
6.076720374830977711e+00,6.079524712518784253e-11
6.080053737625728871e+00,1.998476951262209638e-11
6.083387100420479143e+00,2.070840058123719428e-11
6.086720463215230303e+00,2.337974961952363238e-11
6.090053826009981464e+00,2.395575050393225494e-11
6.093387188804732624e+00,7.295901553781842910e-11
6.096720551599482896e+00,2.489767016250087056e-10
6.100053914394234056e+00,2.580048577818509211e-11
6.103387277188985216e+00,3.988998092859436973e-11
6.106720639983736376e+00,1.641751332380170114e-11
6.110054002778486648e+00,2.019164738763338934e-10
6.113387365573237808e+00,5.446999222351082115e-11
6.116720728367988968e+00,1.326888785884196022e-10
6.120054091162740129e+00,2.190232375521500426e-11
6.123387453957490401e+00,3.935736081829571840e-11
6.126720816752241561e+00,3.580773139954781588e-11
6.130054179546992721e+00,3.679505596027263386e-12
6.133387542341743881e+00,2.493187478494234527e-10
6.136720905136495041e+00,5.640768133768210109e-11
6.140054267931245313e+00,9.006484651817832458e-12
6.143387630725996473e+00,8.518686359621402426e-11
6.146720993520747633e+00,2.674446035257724672e-11
6.150054356315498794e+00,1.542069578886389149e-10
6.153387719110249066e+00,4.244852225085653042e-11
6.156721081905000226e+00,9.107347300030370149e-11
6.160054444699751386e+00,2.007141019268138256e-10
6.163387807494502546e+00,6.197275195125523443e-11
6.166721170289252818e+00,2.138761646147913900e-10
6.170054533084003978e+00,1.501731354393206676e-11
6.173387895878755138e+00,1.747145664909168585e-11
6.176721258673506298e+00,4.517508177965706039e-11
6.180054621468256570e+00,2.418291706764110800e-10
6.183387984263007731e+00,1.827631461842645539e-11
6.186721347057758891e+00,1.663546318601132227e-10
6.190054709852510051e+00,6.585075122668071528e-11
6.193388072647260323e+00,5.007665047648721516e-11
6.196721435442011483e+00,5.061280756786748947e-11
6.200054798236762643e+00,3.633330862813108382e-11
6.203388161031513803e+00,3.553776830144512638e-10
6.206721523826264963e+00,1.057799123557984375e-11
6.210054886621015235e+00,1.304012601875351351e-11
6.213388249415766396e+00,5.193844397508980205e-11
6.216721612210517556e+00,3.767335909360985005e-11
6.220054975005268716e+00,2.394417474167865802e-11
6.223388337800018988e+00,7.381655583466797216e-11
6.226721700594770148e+00,2.781472624297477285e-10
6.230055063389521308e+00,7.673092999439057493e-11
6.233388426184272468e+00,3.122080573640022469e-11
6.236721788979022740e+00,3.593508701726744940e-12
6.240055151773773900e+00,1.329300387277259307e-10
6.243388514568525061e+00,1.163053762117315633e-10
6.246721877363276221e+00,1.950199502718887865e-10
6.250055240158026493e+00,3.358951232481421319e-11
6.253388602952777653e+00,1.038683007895719154e-10
6.256721965747528813e+00,1.090496073841741482e-10
6.260055328542279973e+00,3.019891868992718757e-10
6.263388691337030245e+00,1.788882805335041702e-11
6.266722054131781405e+00,5.635675879789995280e-11
6.270055416926532565e+00,8.234830623303267254e-11
6.273388779721283726e+00,2.179877047223267919e-10
6.276722142516033998e+00,2.087935084740475602e-10
6.280055505310785158e+00,3.684972939915641108e-11
6.283388868105536318e+00,3.205035604099388386e-10
6.286722230900287478e+00,2.554877611175540567e-10
6.290055593695038638e+00,5.152813909228204671e-11
6.293388956489788910e+00,2.177860456487706497e-11
6.296722319284540070e+00,1.510323613007881064e-10
6.300055682079291230e+00,8.155015994260597701e-11
6.303389044874042391e+00,6.514139558835416310e-12
6.306722407668792663e+00,6.170991912312616808e-11
6.310055770463543823e+00,6.749267891678787775e-10
6.313389133258294983e+00,1.406496987088483615e-11
6.316722496053046143e+00,6.606107035061425425e-11
6.320055858847796415e+00,1.249074793583532629e-10
6.323389221642547575e+00,1.850853828350762202e-10
6.326722584437298735e+00,3.908452241871750321e-11
6.330055947232049895e+00,7.164964392175934534e-11
6.333389310026800167e+00,1.966244588612530771e-10
6.336722672821551328e+00,1.113813551252700231e-10
6.340056035616302488e+00,6.503024931479013708e-11
6.343389398411053648e+00,1.434922241546908441e-10
6.346722761205803920e+00,4.646454669138770371e-11
6.350056124000555080e+00,9.178268819039571529e-12
6.353389486795306240e+00,3.129293211954787935e-11
6.356722849590057400e+00,1.016874517296285746e-10
6.360056212384807672e+00,1.897359764987822119e-11
6.363389575179558832e+00,1.148831379194296458e-10
6.366722937974309993e+00,1.183292330624975891e-10
6.370056300769061153e+00,7.561148675720015315e-11
6.373389663563812313e+00,2.472239213184029969e-10
6.376723026358562585e+00,3.952299962533731046e-12
6.380056389153313745e+00,7.881192564817951978e-11
6.383389751948064905e+00,9.594984215269161003e-11
6.386723114742816065e+00,4.143132621769565104e-11
6.390056477537566337e+00,1.459988739380574290e-10
6.393389840332317497e+00,2.148148434935701445e-11
6.396723203127068658e+00,6.256265009234551926e-11
6.400056565921819818e+00,3.051187945512794861e-11
6.403389928716570090e+00,2.356071517554402377e-11
6.406723291511321250e+00,1.406525614817865644e-10
6.410056654306072410e+00,1.043441333727201649e-10
6.413390017100823570e+00,3.370777990601633211e-12
6.416723379895573842e+00,5.693347236697848336e-11
6.420056742690325002e+00,4.614243811022474436e-11
6.423390105485076162e+00,4.390510092471061777e-11
6.426723468279827323e+00,1.076647206044222473e-10
6.430056831074577595e+00,1.942711107918544680e-10
6.433390193869328755e+00,6.097582764115109904e-11
6.436723556664079915e+00,1.658350960229844983e-11
6.440056919458831075e+00,2.787528355709485015e-10
6.443390282253582235e+00,8.083032082598835857e-12
6.446723645048332507e+00,4.070763049004681851e-10
6.450057007843083667e+00,2.115303618179938416e-12
6.453390370637834828e+00,4.328343503102685041e-11
6.456723733432585988e+00,3.328845282586423379e-10
6.460057096227336260e+00,7.738020085373554753e-12
6.463390459022087420e+00,1.059498814862821589e-11
6.466723821816838580e+00,7.897684375809805649e-11
6.470057184611589740e+00,1.908363759653718790e-10
6.473390547406340012e+00,1.161153474683022109e-11
6.476723910201091172e+00,2.411110227372852830e-11
6.480057272995842332e+00,9.675772092062122486e-12
6.483390635790593493e+00,1.459965448694495824e-11
6.486723998585343764e+00,1.040272269130308026e-11
6.490057361380094925e+00,3.002632604930623689e-11
6.493390724174846085e+00,3.588429190022919593e-11
6.496724086969597245e+00,4.148634860199704263e-11
6.500057449764347517e+00,1.063496227683026701e-11
6.503390812559098677e+00,8.531574665447480915e-11
6.506724175353849837e+00,4.767655599352020259e-11
6.510057538148600997e+00,1.258167466609304477e-10
6.513390900943351269e+00,8.372105685109175290e-12
6.516724263738102429e+00,1.639623296371739902e-11
6.520057626532853590e+00,4.215448836533888094e-11
6.523390989327604750e+00,5.691806894730472954e-11
6.526724352122355910e+00,1.137953429802599589e-10
6.530057714917106182e+00,4.123330324844905399e-12
6.533391077711857342e+00,1.454911325704251598e-10
6.536724440506608502e+00,2.767693656588570413e-10
6.540057803301359662e+00,5.413676748174915636e-11
6.543391166096109934e+00,1.057518585689886790e-10
6.546724528890861095e+00,1.125399797292148474e-10
6.550057891685612255e+00,7.731466290009225903e-11
6.553391254480363415e+00,5.802930303326764403e-11
6.556724617275113687e+00,1.995149047175777127e-10
6.560057980069864847e+00,1.683537523642267393e-10
6.563391342864616007e+00,1.878812988192880312e-10
6.566724705659367167e+00,1.268034192042490205e-10
6.570058068454117439e+00,1.039157691298884834e-10
6.573391431248868599e+00,9.304928900679879240e-12
6.576724794043619760e+00,2.358918191741192142e-11
6.580058156838370920e+00,4.603255828605659297e-11
6.583391519633121192e+00,6.646889520913035467e-11
6.586724882427872352e+00,1.266305676043253124e-10
6.590058245222623512e+00,1.781110626131004524e-10
6.593391608017374672e+00,2.265290466374497791e-10
6.596724970812125832e+00,8.099354806288131617e-11
6.600058333606876104e+00,1.053282739592752022e-11
6.603391696401627264e+00,1.378669720534616181e-11
6.606725059196378425e+00,7.583948765733800954e-11
6.610058421991129585e+00,1.841328461391988451e-12
6.613391784785879857e+00,5.624507903982050287e-11
6.616725147580631017e+00,1.450590702939895093e-10
6.620058510375382177e+00,4.047278333690305817e-11
6.623391873170133337e+00,1.197829002125380670e-11
6.626725235964883609e+00,1.094903564899786523e-10
6.630058598759634769e+00,1.540369576484874860e-10
6.633391961554385929e+00,1.496373737966210342e-10
6.636725324349137090e+00,2.614410624471555732e-10
6.640058687143887362e+00,1.156797228774307645e-10
6.643392049938638522e+00,1.220757250119486636e-10
6.646725412733389682e+00,5.476683189405426320e-11
6.650058775528140842e+00,3.939626877746570308e-10
6.653392138322891114e+00,4.749418823733722333e-11
6.656725501117642274e+00,1.904897246888552653e-11
6.660058863912393434e+00,1.094567190088253729e-09
6.663392226707144594e+00,1.031515553036690922e-10
6.666725589501894866e+00,8.435360687106466267e-11
6.670058952296646027e+00,1.450259854130760887e-11
6.673392315091397187e+00,2.007022561236364106e-10
6.676725677886148347e+00,4.229526350950803529e-10
6.680059040680899507e+00,5.405890537398582899e-11
6.683392403475649779e+00,1.946758619744173643e-12
6.686725766270400939e+00,5.849558962932947720e-11
6.690059129065152099e+00,4.654422352026824515e-11
6.693392491859903259e+00,3.914849861050201536e-12
6.696725854654653531e+00,1.586917652169376036e-10
6.700059217449404692e+00,3.132175220139040494e-11
6.703392580244155852e+00,1.009968279376565132e-10
6.706725943038907012e+00,6.282832899947067162e-11
6.710059305833657284e+00,1.385648375577325814e-10
6.713392668628408444e+00,1.855060887136004666e-11
6.716726031423159604e+00,5.932240920208237853e-11
6.720059394217910764e+00,6.902102548592539123e-11
6.723392757012661036e+00,6.610073059541989928e-11
6.726726119807412196e+00,3.496835707523404584e-11
6.730059482602163357e+00,2.340200535588747791e-11
6.733392845396914517e+00,7.788886202998165983e-12
6.736726208191664789e+00,4.617502212051751845e-12
6.740059570986415949e+00,3.239417062954768739e-11
6.743392933781167109e+00,6.994436563015421598e-11
6.746726296575918269e+00,1.985220958058180827e-10
6.750059659370669429e+00,4.997793836565806772e-10
6.753393022165419701e+00,1.142155750801942999e-10
6.756726384960170861e+00,7.017301124397955333e-12
6.760059747754922022e+00,2.552441555592857537e-10
6.763393110549673182e+00,7.673337286660265212e-12
6.766726473344423454e+00,2.658269173999483906e-10
6.770059836139174614e+00,8.387213866184321873e-11
6.773393198933925774e+00,9.726758143701232275e-12
6.776726561728676934e+00,1.401086205931825647e-10
6.780059924523427206e+00,2.055966375980749218e-11
6.783393287318178366e+00,1.312826592508386964e-10
6.786726650112929526e+00,3.255289228718659018e-11
6.790060012907680687e+00,9.441956864667530601e-11
6.793393375702430959e+00,2.112394335516142461e-10
6.796726738497182119e+00,9.946573032955860194e-11
6.800060101291933279e+00,1.896362984229035515e-11
6.803393464086684439e+00,2.817869867635778378e-11
6.806726826881434711e+00,2.735158543032474049e-11
6.810060189676185871e+00,1.040752135077848136e-10
6.813393552470937031e+00,7.659346770925339715e-11
6.816726915265688191e+00,1.371422807756475725e-10
6.820060278060438463e+00,9.270361680883305557e-11
6.823393640855189624e+00,2.447874837885591522e-10
6.826727003649940784e+00,3.443645174809524513e-12
6.830060366444691944e+00,3.944711827015941807e-11
6.833393729239443104e+00,1.142123955198823351e-10
6.836727092034193376e+00,5.784363523962832539e-11
6.840060454828944536e+00,1.464484394290791915e-10
6.843393817623695696e+00,6.848709129768915331e-11
6.846727180418446856e+00,5.511604352486057069e-11
6.850060543213197128e+00,1.208852072202662171e-10
6.853393906007948289e+00,8.177196294078120430e-11
6.856727268802699449e+00,1.259227958109472780e-10
6.860060631597450609e+00,1.544645548364435177e-10
6.863393994392200881e+00,6.466012661664025174e-11
6.866727357186952041e+00,6.400001429352157042e-11
6.870060719981703201e+00,1.676672259532043660e-10
6.873394082776454361e+00,2.149304070414136087e-10
6.876727445571204633e+00,1.084379777703402807e-10
6.880060808365955793e+00,2.982433766660243414e-11
6.883394171160706954e+00,5.314609651125333088e-11
6.886727533955458114e+00,2.404728024786510726e-11
6.890060896750208386e+00,9.358984051204839460e-11
6.893394259544959546e+00,1.678430140370961881e-10
6.896727622339710706e+00,1.259499122778245477e-10
6.900060985134461866e+00,3.814910165068514993e-12
6.903394347929212138e+00,2.080757493581596689e-11
6.906727710723963298e+00,1.373681783462451977e-10
6.910061073518714458e+00,6.213299689498341225e-11
6.913394436313465619e+00,2.396458349990940827e-10
6.916727799108216779e+00,2.055577412459356533e-10
6.920061161902967051e+00,1.141427880839841870e-11
6.923394524697718211e+00,3.725051309705543366e-11
6.926727887492469371e+00,5.281899947759546972e-11
6.930061250287220531e+00,9.999749584241157834e-12
6.933394613081970803e+00,2.029674257920347467e-11
6.936727975876721963e+00,3.162306243075927343e-11
6.940061338671473123e+00,3.813536786762709291e-11
6.943394701466224284e+00,3.446605606979752227e-11
6.946728064260974556e+00,2.786680492554911826e-11
6.950061427055725716e+00,8.129827667293827908e-11
6.953394789850476876e+00,7.378081239409111920e-11
6.956728152645228036e+00,1.456996997599141162e-10
6.960061515439978308e+00,6.068947355975494169e-11
6.963394878234729468e+00,1.057387555812884705e-10
6.966728241029480628e+00,6.672046164557472910e-11
6.970061603824231788e+00,4.118288701994462947e-11
6.973394966618982060e+00,1.536117004160771204e-10
6.976728329413733221e+00,9.158445162857748397e-12
6.980061692208484381e+00,4.341762801038603889e-11
6.983395055003235541e+00,1.156937629936620106e-10
6.986728417797986701e+00,1.305282645776964970e-10
6.990061780592736973e+00,5.154601639689981759e-11
6.993395143387488133e+00,6.517740783583352653e-11
6.996728506182239293e+00,2.303171203973019220e-11
7.000061868976990453e+00,1.827328552728385963e-10
7.003395231771740725e+00,1.053559617520603602e-10
7.006728594566491886e+00,8.377442678214445494e-12
7.010061957361243046e+00,1.998743590502841216e-10
7.013395320155994206e+00,9.203587700498835559e-11
7.016728682950744478e+00,8.085132430607302043e-11
7.020062045745495638e+00,4.669029365522891465e-11
7.023395408540246798e+00,7.346905028365905066e-11
7.026728771334997958e+00,1.887566228532716253e-10
7.030062134129748230e+00,7.473663671677338652e-12
7.033395496924499390e+00,3.591625536865595569e-11
7.036728859719250551e+00,2.042756816714584848e-10
7.040062222514001711e+00,4.589760507967674907e-11
7.043395585308751983e+00,3.226051862364072088e-11
7.046728948103503143e+00,5.086818839041455578e-12
7.050062310898254303e+00,3.065145695768148492e-11
7.053395673693005463e+00,4.591864551110393508e-11
7.056729036487755735e+00,4.056272945006843996e-11
7.060062399282506895e+00,4.784721259672211742e-11
7.063395762077258055e+00,1.622630747132095169e-10
7.066729124872009216e+00,7.643017712033905629e-11
7.070062487666760376e+00,1.931394827692503783e-10
7.073395850461510648e+00,2.915747195665350173e-10
7.076729213256261808e+00,5.997026699110286126e-12
7.080062576051012968e+00,6.260325082728386578e-11
7.083395938845764128e+00,1.052499990857293649e-10
7.086729301640514400e+00,3.485549525499257657e-11
7.090062664435265560e+00,5.981735278278014515e-11
7.093396027230016720e+00,3.632006267820468817e-10
7.096729390024767881e+00,2.395407269559100847e-11
7.100062752819518153e+00,1.323987536172251387e-10
7.103396115614269313e+00,1.463694642717117271e-10
7.106729478409020473e+00,2.211224492062772797e-10
7.110062841203771633e+00,2.467324595004396581e-10
7.113396203998521905e+00,3.482001822889048476e-11
7.116729566793273065e+00,9.829919596568883288e-11
7.120062929588024225e+00,8.337498252912890280e-11
7.123396292382775385e+00,1.071870059293346427e-10
7.126729655177525657e+00,1.286275736753671861e-11
7.130063017972276818e+00,8.264647941054581319e-11
7.133396380767027978e+00,1.385325546944537929e-11
7.136729743561779138e+00,6.297258538464874572e-11
7.140063106356530298e+00,5.461727876387364992e-11
7.143396469151280570e+00,8.774779465011069913e-11
7.146729831946031730e+00,1.659107514421949868e-10
7.150063194740782890e+00,3.182537506653922203e-10
7.153396557535534050e+00,1.664142461884338428e-10
7.156729920330284322e+00,1.467789654080699352e-10
7.160063283125035483e+00,1.388828936258037758e-10
7.163396645919786643e+00,1.047670173871895776e-10
7.166730008714537803e+00,1.019469634298678690e-10
7.170063371509288075e+00,4.803554097871543527e-11
7.173396734304039235e+00,1.789927824665876233e-10
7.176730097098790395e+00,2.504197288447976445e-10
7.180063459893541555e+00,8.604277137663204240e-11
7.183396822688291827e+00,5.145661627342605137e-11
7.186730185483042987e+00,6.251199257080103407e-11
7.190063548277794148e+00,2.584987714792426821e-10
7.193396911072545308e+00,7.266368242409004943e-11
7.196730273867295580e+00,1.755804664426447865e-11
7.200063636662046740e+00,8.793049615960914148e-11
7.203396999456797900e+00,5.412075495274092195e-11
7.206730362251549060e+00,1.435933740430491298e-10
7.210063725046299332e+00,4.949881711972878354e-11
7.213397087841050492e+00,1.002121597565517649e-10
7.216730450635801652e+00,2.234200679493551720e-10
7.220063813430552813e+00,2.102929450298187419e-10
7.223397176225303973e+00,3.925352105082588364e-11
7.226730539020054245e+00,4.386633943334380511e-10
7.230063901814805405e+00,1.075132953305984041e-10
7.233397264609556565e+00,4.678790862889075177e-11
7.236730627404307725e+00,1.169698585903131982e-10
7.240063990199057997e+00,3.156004890804063941e-10
7.243397352993809157e+00,8.078650602213977240e-11
7.246730715788560317e+00,1.803607350138556136e-11
7.250064078583311478e+00,4.144262039054183754e-11
7.253397441378061750e+00,1.401884678977281940e-10
7.256730804172812910e+00,4.703094533859031915e-11
7.260064166967564070e+00,5.042599220244719501e-11
7.263397529762315230e+00,1.330699174124194317e-11
7.266730892557065502e+00,5.185776289823638006e-11
7.270064255351816662e+00,7.536820022736204455e-11
7.273397618146567822e+00,3.397173306858157568e-11
7.276730980941318983e+00,2.821578441739161269e-10
7.280064343736069254e+00,5.529010754650051828e-11
7.283397706530820415e+00,3.566160219112671431e-11
7.286731069325571575e+00,8.038842089681763847e-11
7.290064432120322735e+00,1.037529031529249762e-11
7.293397794915073895e+00,7.053145798846946668e-11
7.296731157709824167e+00,4.607122249380821736e-11
7.300064520504575327e+00,7.075181953824595723e-11
7.303397883299326487e+00,3.009484000872677993e-11
7.306731246094077648e+00,6.236574572684186551e-11
7.310064608888827919e+00,2.235726911224974281e-10
7.313397971683579080e+00,2.955495887733670573e-11
7.316731334478330240e+00,5.270359169539577556e-11
7.320064697273081400e+00,2.066844155588349240e-10
7.323398060067831672e+00,6.499297808341639562e-11
7.326731422862582832e+00,3.685210059531405899e-11
7.330064785657333992e+00,1.873930404707816083e-10
7.333398148452085152e+00,5.048940054274007773e-11
7.336731511246835424e+00,1.428463904680927198e-10
7.340064874041586584e+00,2.149624541322105083e-10
7.343398236836337745e+00,1.601143935595421632e-10
7.346731599631088905e+00,2.636045188349068254e-10
7.350064962425839177e+00,4.364720834238121907e-11
7.353398325220590337e+00,7.485749374396398197e-12
7.356731688015341497e+00,5.740159606484134143e-12
7.360065050810092657e+00,9.043486927682229054e-11
7.363398413604842929e+00,1.472669889701650293e-10
7.366731776399594089e+00,1.778979700681344070e-10
7.370065139194345250e+00,3.712436578482371414e-11
7.373398501989096410e+00,1.591971479327365791e-10
7.376731864783847570e+00,2.248645725992674759e-10
7.380065227578597842e+00,7.352434402423748610e-11
7.383398590373349002e+00,1.825463582499753287e-11
7.386731953168100162e+00,1.121528011433956785e-10
7.390065315962851322e+00,1.053814742442154599e-10
7.393398678757601594e+00,4.253943353702967900e-11
7.396732041552352754e+00,2.229370113882062218e-10
7.400065404347103915e+00,2.871787396466763382e-12
7.403398767141855075e+00,1.120685036589337261e-11
7.406732129936605347e+00,5.328061266510024732e-12
7.410065492731356507e+00,1.476443925004119288e-10
7.413398855526107667e+00,5.884009504255873697e-11
7.416732218320858827e+00,2.137090555764584742e-11
7.420065581115609099e+00,7.084945402780653040e-11
7.423398943910360259e+00,2.655937622347235989e-11
7.426732306705111419e+00,1.529562564222264254e-10
7.430065669499862580e+00,1.997911662290054600e-11
7.433399032294612852e+00,3.937478747332230388e-11
7.436732395089364012e+00,3.146342126613573825e-12
7.440065757884115172e+00,3.218067251939263177e-11
7.443399120678866332e+00,1.313706764446107008e-10
7.446732483473616604e+00,4.842713800949096376e-11
7.450065846268367764e+00,1.022879970847708944e-10
7.453399209063118924e+00,5.095221103275848404e-11
7.456732571857870084e+00,6.269163937451938795e-11
7.460065934652621245e+00,1.829642963967280477e-11
7.463399297447371517e+00,7.478614036122030197e-11
7.466732660242122677e+00,3.240625922468992606e-10
7.470066023036873837e+00,1.294650513505278781e-10
7.473399385831624997e+00,9.734488832189791788e-11
7.476732748626375269e+00,6.157955739289511823e-11
7.480066111421126429e+00,1.243094706053431535e-10
7.483399474215877589e+00,1.103565331015793975e-10
7.486732837010628749e+00,1.406672135915600028e-10
7.490066199805379021e+00,1.686525628046623519e-10
7.493399562600130182e+00,1.015448945771755865e-10
7.496732925394881342e+00,3.134083633869579972e-11
7.500066288189632502e+00,4.514965821525422212e-11
7.503399650984382774e+00,8.869059543649679263e-11
7.506733013779133934e+00,3.281557499157328588e-10
7.510066376573885094e+00,3.889857945500672404e-12
7.513399739368636254e+00,1.210423922938281123e-10
7.516733102163386526e+00,2.643002959406668233e-10
7.520066464958137686e+00,1.959746164765909135e-10
7.523399827752888847e+00,1.507871097062283912e-11
7.526733190547640007e+00,2.365051511745049091e-10
7.530066553342391167e+00,4.257571323617371685e-11
7.533399916137141439e+00,1.161874313334863797e-10
7.536733278931892599e+00,6.188344020673986684e-11
7.540066641726643759e+00,9.320391276451567922e-11
7.543400004521394919e+00,1.341754272658554343e-10
7.546733367316145191e+00,4.373188010461885063e-11
7.550066730110896351e+00,2.375923628463806737e-10
7.553400092905647512e+00,9.393244383743642155e-12
7.556733455700398672e+00,1.352852039682499156e-10
7.560066818495148944e+00,1.219116816549055966e-10
7.563400181289900104e+00,1.196851144673077895e-10
7.566733544084651264e+00,2.909144093671567609e-11
7.570066906879402424e+00,8.936526180794619005e-11
7.573400269674152696e+00,1.095276853540130978e-10
7.576733632468903856e+00,2.385094338201873833e-10
7.580066995263655016e+00,3.700380350393390611e-11
7.583400358058406177e+00,2.978225015177902753e-10
7.586733720853156449e+00,4.988997874207549737e-11
7.590067083647907609e+00,1.133206120663746401e-11
7.593400446442658769e+00,4.930957365313536863e-10
7.596733809237409929e+00,1.117188354031057493e-10
7.600067172032160201e+00,2.089011077541249996e-10
7.603400534826911361e+00,2.127289776931525339e-10
7.606733897621662521e+00,2.286016092627085648e-10
7.610067260416413681e+00,9.358227662627151861e-11
7.613400623211164842e+00,2.601331470763571054e-11
7.616733986005915114e+00,7.115837728780110870e-11
7.620067348800666274e+00,1.443313114397514391e-10
7.623400711595417434e+00,4.948141968263701571e-11
7.626734074390168594e+00,1.062641170661812038e-10
7.630067437184918866e+00,2.569867529702046012e-11
7.633400799979670026e+00,2.338170673726622046e-10
7.636734162774421186e+00,1.382350226101617279e-10
7.640067525569172346e+00,6.038551425570735687e-11
7.643400888363922618e+00,9.517891932329617932e-11
7.646734251158673779e+00,3.336983961259888614e-11
7.650067613953424939e+00,4.057932278097953152e-11
7.653400976748176099e+00,2.278866941235188149e-11
7.656734339542926371e+00,3.037061979192071045e-11
7.660067702337677531e+00,3.946672714927246533e-12
7.663401065132428691e+00,2.651335368527971155e-11
7.666734427927179851e+00,4.812149359430471974e-11
7.670067790721930123e+00,5.211652047071208193e-11
7.673401153516681283e+00,1.920358782761895597e-10
7.676734516311432444e+00,3.574365758501887762e-12
7.680067879106183604e+00,5.132871893805720915e-11
7.683401241900934764e+00,4.953919774411329960e-11
7.686734604695685036e+00,1.223402767443677538e-10
7.690067967490436196e+00,5.787410305981005641e-11
7.693401330285187356e+00,2.145744300698168227e-11
7.696734693079938516e+00,1.424388073488581413e-10
7.700068055874688788e+00,1.316361026461302758e-10
7.703401418669439948e+00,1.431535784412559585e-10
7.706734781464191109e+00,2.063715901282348449e-10
7.710068144258942269e+00,3.112882016215934732e-11
7.713401507053692541e+00,8.939649238580772685e-11
7.716734869848443701e+00,6.330194655977300779e-12
7.720068232643194861e+00,9.693956059526130373e-11
7.723401595437946021e+00,7.516727885531001982e-12
7.726734958232696293e+00,1.401330743691909174e-11
7.730068321027447453e+00,1.707097980408332773e-10
7.733401683822198613e+00,7.010906390081634646e-11
7.736735046616949774e+00,1.153457306963026047e-11
7.740068409411700046e+00,5.318119487888086314e-11
7.743401772206451206e+00,2.325824347457367286e-11
7.746735135001202366e+00,9.478289769371228698e-11
7.750068497795953526e+00,1.595961409767571412e-10
7.753401860590703798e+00,1.995599160250153475e-10
7.756735223385454958e+00,1.385603688460084648e-11
7.760068586180206118e+00,1.857705780980096899e-10
7.763401948974957278e+00,2.594688453873254176e-10
7.766735311769708439e+00,1.069345104646579575e-11
7.770068674564458711e+00,7.661667428261761912e-12
7.773402037359209871e+00,3.133209182024310874e-11
7.776735400153961031e+00,7.168526238166270355e-11
7.780068762948712191e+00,3.863954802814191549e-10
7.783402125743462463e+00,2.251318172741868349e-10
7.786735488538213623e+00,1.341461815466921802e-10
7.790068851332964783e+00,2.714997712347872776e-11
7.793402214127715943e+00,2.905998966724232203e-12
7.796735576922466215e+00,3.121606029543864211e-10
7.800068939717217376e+00,6.874208777790968605e-11
7.803402302511968536e+00,5.755724686525060449e-11
7.806735665306719696e+00,6.899826878630397307e-11
7.810069028101469968e+00,2.967912494024839531e-11
7.813402390896221128e+00,1.174389481862461488e-10
7.816735753690972288e+00,3.842024329760137309e-11
7.820069116485723448e+00,9.592762387164332466e-12
7.823402479280473720e+00,7.042512466559192578e-11
7.826735842075224880e+00,9.998980204051282229e-11
7.830069204869976041e+00,1.956986528337783448e-11
7.833402567664727201e+00,4.667425254028754860e-11
7.836735930459478361e+00,9.482845552831139449e-11
7.840069293254228633e+00,7.379711316822485904e-11
7.843402656048979793e+00,1.046881352466276270e-10
7.846736018843730953e+00,8.168857517500522169e-11
7.850069381638482113e+00,2.359762498199933518e-11
7.853402744433232385e+00,1.953945397226782068e-10
7.856736107227983545e+00,3.093677596351058758e-12
7.860069470022734706e+00,3.945647975267103463e-11
7.863402832817485866e+00,3.362111346938186672e-11
7.866736195612236138e+00,1.102433859008835631e-10
7.870069558406987298e+00,1.151936455748127408e-10
7.873402921201738458e+00,2.893457434296423724e-11
7.876736283996489618e+00,3.703350219104099352e-11
7.880069646791239890e+00,5.321838997510758212e-11
7.883403009585991050e+00,9.649002462214563709e-12
7.886736372380742210e+00,4.105946734495518577e-10
7.890069735175493371e+00,3.970165170829444650e-11
7.893403097970243643e+00,1.194547606724349656e-10
7.896736460764994803e+00,3.276670895791256622e-11
7.900069823559745963e+00,1.002824656992290290e-10
7.903403186354497123e+00,7.247215148098939991e-11
7.906736549149247395e+00,4.601698410866369112e-10
7.910069911943998555e+00,6.756596730140556160e-12
7.913403274738749715e+00,1.050203445929970904e-10
7.916736637533500875e+00,6.018558537243372019e-11
7.920070000328252036e+00,5.688818660461383111e-12
7.923403363123002308e+00,2.091482220877450938e-11
7.926736725917753468e+00,8.160445190891697710e-11
7.930070088712504628e+00,4.313634402561210764e-13
7.933403451507255788e+00,2.203251710551324224e-11
7.936736814302006060e+00,3.949535221083044841e-11
7.940070177096757220e+00,2.701059494205369747e-11
7.943403539891508380e+00,2.697766048483282108e-10
7.946736902686259540e+00,2.274541163668185400e-10
7.950070265481009812e+00,1.975427891156646437e-11
7.953403628275760973e+00,3.624705083614312815e-11
7.956736991070512133e+00,1.450528880904030788e-10
7.960070353865263293e+00,2.052300570045222036e-12
7.963403716660013565e+00,7.293668000560707465e-11
7.966737079454764725e+00,3.421503078869837339e-11
7.970070442249515885e+00,8.340839312285408828e-11
7.973403805044267045e+00,2.652739451061059740e-10
7.976737167839017317e+00,7.966951256517122846e-11
7.980070530633768477e+00,1.094716190450375240e-10
7.983403893428519638e+00,8.670090827699553141e-11
7.986737256223270798e+00,7.273137792119377712e-11
7.990070619018021070e+00,8.801394568289483687e-11
7.993403981812772230e+00,8.750716475153104994e-11
7.996737344607523390e+00,1.478600131342509173e-10
8.000070707402274550e+00,2.505257575630781924e-10
8.003404070197024822e+00,7.637595212466587793e-11
8.006737432991776870e+00,1.167754099564797624e-10
8.010070795786527142e+00,4.203323758610040975e-11
8.013404158581277414e+00,5.853994427606508542e-11
8.016737521376029463e+00,2.018709297741895386e-11
8.020070884170779735e+00,2.070028801641042819e-11
8.023404246965531783e+00,7.585273954904944175e-11
8.026737609760282055e+00,1.435066453911534677e-11
8.030070972555032327e+00,1.521036403744332607e-10
8.033404335349784375e+00,2.767157537695623577e-11
8.036737698144534647e+00,1.652182202850930253e-10
8.040071060939284919e+00,4.189801313475677112e-11
8.043404423734036968e+00,2.291985298394082208e-10
8.046737786528787240e+00,1.698698353424794944e-10
8.050071149323539288e+00,2.030632099544804248e-11
8.053404512118289560e+00,2.118007872773394908e-11
8.056737874913039832e+00,6.206657844554478521e-11
8.060071237707791880e+00,3.986834714075251922e-11
8.063404600502542152e+00,1.570135535608662843e-10
8.066737963297292424e+00,3.942130288211157031e-11
8.070071326092044472e+00,2.272823760230321632e-10
8.073404688886794744e+00,3.601406777783997617e-11
8.076738051681546793e+00,3.745489350408599572e-10
8.080071414476297065e+00,2.639742051457709163e-11
8.083404777271047337e+00,1.540786489305336967e-11
8.086738140065799385e+00,1.027097468008900552e-10
8.090071502860549657e+00,1.640353610125321357e-10
8.093404865655301705e+00,1.861639485558835028e-10
8.096738228450051977e+00,8.543856496238870164e-11
8.100071591244802249e+00,1.911703430851426843e-11
8.103404954039554298e+00,4.526748646046628295e-12
8.106738316834304570e+00,1.966964887916359041e-10
8.110071679629054842e+00,4.529096403320704310e-11
8.113405042423806890e+00,9.238038068419006970e-11
8.116738405218557162e+00,3.595998122259298754e-12
8.120071768013309210e+00,2.488260024106302672e-11
8.123405130808059482e+00,1.168075206386460836e-11
8.126738493602809754e+00,3.214529011370778377e-11
8.130071856397561803e+00,8.859650514898851656e-11
8.133405219192312074e+00,1.333582113211405944e-10
8.136738581987062346e+00,1.948061230494570659e-10
8.140071944781814395e+00,5.456510987472226831e-11
8.143405307576564667e+00,1.436091093293096023e-10
8.146738670371316715e+00,7.549730502528501087e-11
8.150072033166066987e+00,5.446314607099177313e-11
8.153405395960817259e+00,8.049275788680882518e-11
8.156738758755569307e+00,7.192740624160268641e-11
8.160072121550319579e+00,8.999362142171108465e-12
8.163405484345071628e+00,4.218312406592423049e-11
8.166738847139821900e+00,6.016737845468429913e-11
8.170072209934572172e+00,2.655017561633184560e-10
8.173405572729324220e+00,3.203867872015929930e-11
8.176738935524074492e+00,7.094568222445903917e-11
8.180072298318824764e+00,1.084666556841115210e-10
8.183405661113576812e+00,3.136587137621166077e-10
8.186739023908327084e+00,2.850137388679965467e-11
8.190072386703079133e+00,2.126415210448803525e-11
8.193405749497829405e+00,3.044817243755453020e-11
8.196739112292579676e+00,1.090803052328937496e-10
8.200072475087331725e+00,5.690907569525946025e-11
8.203405837882081997e+00,5.225328288224050872e-11
8.206739200676832269e+00,9.736338551850801739e-11
8.210072563471584317e+00,9.711102495858360148e-11
8.213405926266334589e+00,3.989138476464667741e-11
8.216739289061086637e+00,5.765641649433519616e-11
8.220072651855836909e+00,9.078952799318376319e-11
8.223406014650587181e+00,2.307801588839583004e-11
8.226739377445339230e+00,1.063888703541630799e-10
8.230072740240089502e+00,8.754725205132823815e-11
8.233406103034841550e+00,1.240599283880006918e-10
8.236739465829591822e+00,6.507276302937115438e-11
8.240072828624342094e+00,6.976989711792091053e-11
8.243406191419094142e+00,3.271292951954949862e-10
8.246739554213844414e+00,1.997313962407714314e-11
8.250072917008594686e+00,3.925824352357878270e-11
8.253406279803346735e+00,2.494135257671352170e-10
8.256739642598097006e+00,1.726531772374816005e-10
8.260073005392849055e+00,3.281006238906033297e-10
8.263406368187599327e+00,2.036181004185525504e-12
8.266739730982349599e+00,1.468217108235396818e-10
8.270073093777101647e+00,5.948535635113375039e-11
8.273406456571851919e+00,4.828996520897953156e-11
8.276739819366602191e+00,1.645527175884407599e-11
8.280073182161354239e+00,4.177787377803853301e-11
8.283406544956104511e+00,3.844797915633981844e-10
8.286739907750856560e+00,2.128266394987465101e-11
8.290073270545606832e+00,9.510484141704133879e-11
8.293406633340357104e+00,7.986958287945002196e-11
8.296739996135109152e+00,1.032138560822452253e-10
8.300073358929859424e+00,2.667192754874592919e-11
8.303406721724611472e+00,6.204284194991489786e-11
8.306740084519361744e+00,1.326037556237335399e-10
8.310073447314112016e+00,3.616591211521135884e-11
8.313406810108864065e+00,1.896372605932663936e-10
8.316740172903614337e+00,1.926885831505283619e-10
8.320073535698364608e+00,1.418940268944886850e-10
8.323406898493116657e+00,2.653364961102420614e-10
8.326740261287866929e+00,9.583636164289163667e-11
8.330073624082618977e+00,6.608528175934359299e-11
8.333406986877369249e+00,4.790569417269272105e-11
8.336740349672119521e+00,1.605767237561246134e-10
8.340073712466871569e+00,1.282280741226584957e-10
8.343407075261621841e+00,8.753999369887254817e-11
8.346740438056372113e+00,2.276733058458575904e-10
8.350073800851124162e+00,2.331648156969380201e-10
8.353407163645874434e+00,1.042315287262977958e-10
8.356740526440626482e+00,9.034372130772951272e-12
8.360073889235376754e+00,3.192865677218753820e-11
8.363407252030127026e+00,7.859800677494036140e-11
8.366740614824879074e+00,2.168161191289422995e-11
8.370073977619629346e+00,1.079205443828161805e-10
8.373407340414379618e+00,1.177688591690245012e-10
8.376740703209131667e+00,1.153131113626366071e-10
8.380074066003881939e+00,2.745995504822069858e-11
8.383407428798633987e+00,5.375015564537654138e-12
8.386740791593384259e+00,4.476138500795891265e-11
8.390074154388134531e+00,3.291786028638239399e-11
8.393407517182886579e+00,4.462891641991098695e-12
8.396740879977636851e+00,2.474142513544448742e-13
8.400074242772388899e+00,2.618764948646517749e-10
8.403407605567139171e+00,1.801545930910057855e-11
8.406740968361889443e+00,2.682277795940484017e-11
8.410074331156641492e+00,3.303650863330401424e-11
8.413407693951391764e+00,1.178524600488293089e-10
8.416741056746142036e+00,4.639930242402815143e-13
8.420074419540894084e+00,3.703622650221058687e-11
8.423407782335644356e+00,1.674685570365865137e-10
8.426741145130396404e+00,1.152133923128038695e-10
8.430074507925146676e+00,1.934048939316363853e-10
8.433407870719896948e+00,5.587047389635464307e-12
8.436741233514648997e+00,1.064347992211659419e-10
8.440074596309399269e+00,4.396534077235985980e-11
8.443407959104149541e+00,3.812751857476863002e-11
8.446741321898901589e+00,1.366225444632132435e-10
8.450074684693651861e+00,4.207932411342885899e-10
8.453408047488403909e+00,2.893415392225893358e-10
8.456741410283154181e+00,1.993625487908583438e-11
8.460074773077904453e+00,9.164338499166679074e-11
8.463408135872656501e+00,1.517441256748221710e-11
8.466741498667406773e+00,8.743982857835875982e-12
8.470074861462158822e+00,8.870150194651663657e-11
8.473408224256909094e+00,1.675333486200112208e-11
8.476741587051659366e+00,1.026264453593774075e-11
8.480074949846411414e+00,1.064824449893257508e-10
8.483408312641161686e+00,4.088127965201318864e-10
8.486741675435911958e+00,1.773406215952630357e-11
8.490075038230664006e+00,1.083544118248219195e-10
8.493408401025414278e+00,2.952665755138355481e-11
8.496741763820166327e+00,1.737117652850836410e-11
8.500075126614916599e+00,1.414180572402005813e-10
8.503408489409666871e+00,2.034916446046741514e-11
8.506741852204418919e+00,3.916304741318324123e-11
8.510075214999169191e+00,1.145137552446889078e-10
8.513408577793919463e+00,4.175795492679205293e-10
8.516741940588671511e+00,9.551474112144167341e-11
8.520075303383421783e+00,4.506984287943552963e-11
8.523408666178173831e+00,1.027543406896163716e-10
8.526742028972924103e+00,5.359336585988546939e-11
8.530075391767674375e+00,9.160053842192776929e-11
8.533408754562426424e+00,7.957551672297700774e-11
8.536742117357176696e+00,8.373722089782201550e-11
8.540075480151928744e+00,3.890288325078494087e-11
8.543408842946679016e+00,5.452148105872980230e-11
8.546742205741429288e+00,1.051417841409205836e-11
8.550075568536181336e+00,7.071605875399538290e-11
8.553408931330931608e+00,1.305065517247784474e-10
8.556742294125681880e+00,1.643949650381992562e-10
8.560075656920433929e+00,5.382862019860874180e-11
8.563409019715184201e+00,3.241339581674726993e-11
8.566742382509936249e+00,3.503709140164423329e-10
8.570075745304686521e+00,5.727363625962619110e-10
8.573409108099436793e+00,5.091526538686597854e-11
8.576742470894188841e+00,8.942354856020370719e-11
8.580075833688939113e+00,1.190459866979237300e-10
8.583409196483689385e+00,5.006345433664280863e-11
8.586742559278441433e+00,1.279979009835945211e-10
8.590075922073191705e+00,2.950790719801684460e-11
8.593409284867943754e+00,8.313390183018968033e-12
8.596742647662694026e+00,1.520860417247372638e-10
8.600076010457444298e+00,1.118607836922691559e-10
8.603409373252196346e+00,4.612813706099655410e-11
8.606742736046946618e+00,5.972627270742802421e-11
8.610076098841696890e+00,7.471303508321510353e-13
8.613409461636448938e+00,1.182533662850702592e-11
8.616742824431199210e+00,1.224443630832566956e-10
8.620076187225951259e+00,1.949923405260689531e-10
8.623409550020701531e+00,3.443506475823092733e-11
8.626742912815451803e+00,5.519372199860362416e-11
8.630076275610203851e+00,2.644895060139908053e-11
8.633409638404954123e+00,4.147486100454309061e-11
8.636743001199706171e+00,4.916462511479998529e-13
8.640076363994456443e+00,1.014561164457167457e-10
8.643409726789206715e+00,1.923535081484804669e-10
8.646743089583958763e+00,8.742174958168744478e-11
8.650076452378709035e+00,3.889927350527769030e-11
8.653409815173459307e+00,4.280746680028557454e-11
8.656743177968211356e+00,6.360903841015604725e-11
8.660076540762961628e+00,1.826010956177591483e-10
8.663409903557713676e+00,1.282598868993001189e-11
8.666743266352463948e+00,2.618651424068652728e-10
8.670076629147214220e+00,6.321824070207922008e-11
8.673409991941966268e+00,2.006040762515948913e-11
8.676743354736716540e+00,4.688548139162866872e-12
8.680076717531466812e+00,9.434173045297966247e-12
8.683410080326218861e+00,9.699537683868400406e-12
8.686743443120969133e+00,2.609274548459550481e-11
8.690076805915721181e+00,3.587380041109853785e-12
8.693410168710471453e+00,2.771184610396197206e-11
8.696743531505221725e+00,8.142211822309337352e-11
8.700076894299973773e+00,7.209459965354161659e-11
8.703410257094724045e+00,3.318473356029030386e-11
8.706743619889476093e+00,6.206521287683141856e-11
8.710076982684226365e+00,3.106218773214348254e-11
8.713410345478976637e+00,1.670838537017016055e-10
8.716743708273728686e+00,4.139529364183101256e-11
8.720077071068478958e+00,2.102571743315010217e-10
8.723410433863229230e+00,1.522528362643230830e-10
8.726743796657981278e+00,1.374343951023246664e-10
8.730077159452731550e+00,2.387437849848752755e-11
8.733410522247483598e+00,8.172230298910840439e-11
8.736743885042233870e+00,3.608361070811698115e-11
8.740077247836984142e+00,1.128057554193986729e-10
8.743410610631736191e+00,2.476623210458336413e-11
8.746743973426486463e+00,2.831784385314226834e-11
8.750077336221236735e+00,5.523085417798025002e-12
8.753410699015988783e+00,6.894401269238495218e-11
8.756744061810739055e+00,9.677308121147316367e-11
8.760077424605491103e+00,1.444577005069274811e-10
8.763410787400241375e+00,5.705063930317003736e-11
8.766744150194991647e+00,1.244782197520367652e-10
8.770077512989743695e+00,3.329718803516537631e-11
8.773410875784493967e+00,2.020903254288641418e-10
8.776744238579246016e+00,8.227207146527877481e-12
8.780077601373996288e+00,8.090322675900571862e-11
8.783410964168746560e+00,2.857697208652514377e-11
8.786744326963498608e+00,3.423836507622092831e-10
8.790077689758248880e+00,4.220538929009079607e-11
8.793411052552999152e+00,1.656440425851134213e-10
8.796744415347751200e+00,1.839891095629264685e-10
8.800077778142501472e+00,2.627801513776865700e-10
8.803411140937253521e+00,1.050200951147787671e-10
8.806744503732003793e+00,1.084702665460051717e-10
8.810077866526754065e+00,1.634995467542496365e-10
8.813411229321506113e+00,8.170519861734088072e-11
8.816744592116256385e+00,2.948016846774462993e-11
8.820077954911006657e+00,2.046121475560206669e-12
8.823411317705758705e+00,2.181728080742854720e-10
8.826744680500508977e+00,1.447633298085806829e-10
8.830078043295261025e+00,1.459914193708416152e-10
8.833411406090011297e+00,2.132306225525168803e-11
8.836744768884761569e+00,2.351962814831470045e-11
8.840078131679513618e+00,1.902841524833260654e-11
8.843411494474263890e+00,1.834543369758130966e-10
8.846744857269015938e+00,7.465896056473524023e-11
8.850078220063766210e+00,1.169499870318485406e-10
8.853411582858516482e+00,3.391416322844203828e-11
8.856744945653268530e+00,3.982366641047956147e-10
8.860078308448018802e+00,7.344134439880303843e-11
8.863411671242769074e+00,2.173165924743601666e-10
8.866745034037521123e+00,1.082309361268000232e-10
8.870078396832271395e+00,1.626448784455792983e-10
8.873411759627023443e+00,5.160199491592614730e-11
8.876745122421773715e+00,1.614003804821837603e-10
8.880078485216523987e+00,3.427809975136187551e-11
8.883411848011276035e+00,2.364629401546265531e-11
8.886745210806026307e+00,1.718664716594611244e-11
8.890078573600776579e+00,2.466966561894393210e-10
8.893411936395528627e+00,4.806107948828903491e-11
8.896745299190278899e+00,8.221199753683377030e-11
8.900078661985030948e+00,2.560818991532469443e-10
8.903412024779781220e+00,1.670610069412650413e-10
8.906745387574531492e+00,1.235048261561827057e-10
8.910078750369283540e+00,7.892678616861357698e-12
8.913412113164033812e+00,4.958187372658730141e-11
8.916745475958784084e+00,3.852342863927643053e-11
8.920078838753536132e+00,5.036411141262377898e-13
8.923412201548286404e+00,4.693922509650190177e-11
8.926745564343038453e+00,6.200316849936257594e-11
8.930078927137788725e+00,6.196986317091272901e-11
8.933412289932538997e+00,7.982638215227646992e-11
8.936745652727291045e+00,2.130053103807186044e-10
8.940079015522041317e+00,1.912581000195132317e-11
8.943412378316793365e+00,1.590010584795974292e-10
8.946745741111543637e+00,7.793938788814705755e-12
8.950079103906293909e+00,1.096615361976277113e-10
8.953412466701045958e+00,6.093731373126602674e-11
8.956745829495796229e+00,3.030229044958015775e-11
8.960079192290546501e+00,5.637656414180345986e-11
8.963412555085298550e+00,3.097402283218797712e-12
8.966745917880048822e+00,2.116333132347792710e-11
8.970079280674800870e+00,3.752210889346254859e-11
8.973412643469551142e+00,9.654607185724994187e-12
8.976746006264301414e+00,2.916519247233974743e-11
8.980079369059053462e+00,2.218967441071213742e-10
8.983412731853803734e+00,8.348978858911262356e-13
8.986746094648554006e+00,3.222158164158639688e-11
8.990079457443306055e+00,1.900118195388964026e-10
8.993412820238056327e+00,2.462879013897195799e-11
8.996746183032808375e+00,1.458169830851062515e-10
9.000079545827558647e+00,1.286684234229275801e-10
9.003412908622308919e+00,1.175440852467346786e-10
9.006746271417060967e+00,1.509460107762726511e-10
9.010079634211811239e+00,5.832077949863278630e-11
9.013412997006563288e+00,1.033912545651457997e-10
9.016746359801313560e+00,3.007961706692881319e-12
9.020079722596063831e+00,2.062469924562608647e-10
9.023413085390815880e+00,1.213407849458855070e-10
9.026746448185566152e+00,7.278117439686544983e-11
9.030079810980316424e+00,4.271094829983941882e-11
9.033413173775068472e+00,1.874898989796389654e-10
9.036746536569818744e+00,4.236554730585644178e-11
9.040079899364570792e+00,6.897838364442850524e-11
9.043413262159321064e+00,2.859093659995076923e-11
9.046746624954071336e+00,1.582559671481228539e-10
9.050079987748823385e+00,1.630447110808517855e-10
9.053413350543573657e+00,1.084816922730728098e-10
9.056746713338323929e+00,8.254941728110057567e-11
9.060080076133075977e+00,4.774109695787164262e-12
9.063413438927826249e+00,5.958490274490847846e-10
9.066746801722578297e+00,4.215673002966852484e-11
9.070080164517328569e+00,7.385475293592334508e-12
9.073413527312078841e+00,6.820853388614741287e-11
9.076746890106830890e+00,5.953550545205259420e-11
9.080080252901581161e+00,5.389946311557237903e-11
9.083413615696333210e+00,1.273969178929300570e-11
9.086746978491083482e+00,1.929472353738020303e-11
9.090080341285833754e+00,3.654215088050587863e-10
9.093413704080585802e+00,2.677270210807161502e-10
9.096747066875336074e+00,1.944553199725507669e-10
9.100080429670086346e+00,3.391538638423213138e-11
9.103413792464838394e+00,1.770972067445126124e-10
9.106747155259588666e+00,1.226051947119755061e-10
9.110080518054340715e+00,3.912792000612390842e-11
9.113413880849090987e+00,1.456586877988016895e-10
9.116747243643841259e+00,1.920545120262037042e-10
9.120080606438593307e+00,8.049297207222263331e-11
9.123413969233343579e+00,2.125149976882577812e-10
9.126747332028093851e+00,8.460072842010054807e-12
9.130080694822845899e+00,3.473650801227361691e-11
9.133414057617596171e+00,3.033999394116069897e-10
9.136747420412348220e+00,3.736746162743120027e-11
9.140080783207098492e+00,1.245236268903377001e-10
9.143414146001848763e+00,3.095902144793096715e-11
9.146747508796600812e+00,2.319956419708020284e-10
9.150080871591351084e+00,5.659907495843293944e-11
9.153414234386101356e+00,1.261426245070138354e-11
9.156747597180853404e+00,1.784999510931280080e-10
9.160080959975603676e+00,5.514302179369070822e-11
9.163414322770355724e+00,3.044644872402459235e-11
9.166747685565105996e+00,1.676609433797719066e-10
9.170081048359856268e+00,4.538456285686095090e-11
9.173414411154608317e+00,1.515383734587793758e-10
9.176747773949358589e+00,2.958279059066653154e-11
9.180081136744110637e+00,1.570003628773941363e-10
9.183414499538860909e+00,5.509348953478542817e-11
9.186747862333611181e+00,5.264260222647473777e-11
9.190081225128363229e+00,5.975414893762820168e-11
9.193414587923113501e+00,3.291419382344977237e-10
9.196747950717863773e+00,2.123562311922040809e-10
9.200081313512615822e+00,4.526986725784403911e-11
9.203414676307366094e+00,1.458741156351049445e-11
9.206748039102118142e+00,2.407162129773415859e-10
9.210081401896868414e+00,2.286077155475776540e-11
9.213414764691618686e+00,2.464040346626951524e-11
9.216748127486370734e+00,2.267862364286425100e-10
9.220081490281121006e+00,8.702677812758567229e-12
9.223414853075871278e+00,3.681327415000223424e-11
9.226748215870623326e+00,1.451021649448535207e-10
9.230081578665373598e+00,2.922368771218370130e-11
9.233414941460125647e+00,4.352844100010666312e-11
9.236748304254875919e+00,7.735723941187064413e-13
9.240081667049626191e+00,4.833152166662589145e-11
9.243415029844378239e+00,5.438970207692599873e-12
9.246748392639128511e+00,2.105827219085531209e-11
9.250081755433880559e+00,6.795343699538696274e-12
9.253415118228630831e+00,2.292291880940218101e-10
9.256748481023381103e+00,5.503002135545624224e-11
9.260081843818133152e+00,4.796745061531549329e-11
9.263415206612883424e+00,2.544980810607990907e-10
9.266748569407633696e+00,1.670913938768776087e-10
9.270081932202385744e+00,2.106090642830092737e-11
9.273415294997136016e+00,4.508134595171826501e-11
9.276748657791888064e+00,8.389543055776115419e-11
9.280082020586638336e+00,2.328345138209339769e-10
9.283415383381388608e+00,8.121109734988359861e-11
9.286748746176140656e+00,7.132937289009739183e-11
9.290082108970890928e+00,1.816186899841968908e-10
9.293415471765641200e+00,9.957016669890968641e-12
9.296748834560393249e+00,1.367600147150962660e-10
9.300082197355143521e+00,3.216961738117598259e-11
9.303415560149895569e+00,1.287538639499110626e-10
9.306748922944645841e+00,2.575893307141290629e-10
9.310082285739396113e+00,1.788527748438853313e-11
9.313415648534148161e+00,3.699910296364343914e-10
9.316749011328898433e+00,1.095872612438930875e-11
9.320082374123650482e+00,1.737524543229304605e-10
9.323415736918400754e+00,1.493823274319319357e-10
9.326749099713151026e+00,2.269666192101349780e-11
9.330082462507903074e+00,3.702016568191924758e-11
9.333415825302653346e+00,9.573425361611213577e-11
9.336749188097403618e+00,1.739627181327249984e-11
9.340082550892155666e+00,2.001682004014164889e-11
9.343415913686905938e+00,2.049411181294688921e-10
9.346749276481657986e+00,3.462668558517121761e-11
9.350082639276408258e+00,9.938424439812017181e-11
9.353416002071158530e+00,5.757138333310267122e-11
9.356749364865910579e+00,2.653179697602256848e-11
9.360082727660660851e+00,2.033321951426368448e-10
9.363416090455411123e+00,1.847351052743416476e-10
9.366749453250163171e+00,9.770845436204418818e-11
9.370082816044913443e+00,8.683299130486357996e-11
9.373416178839665491e+00,5.123729238383666773e-11
9.376749541634415763e+00,2.501840549592263843e-10
9.380082904429166035e+00,1.306240013588279380e-10
9.383416267223918084e+00,1.139764905617281240e-10
9.386749630018668356e+00,3.590901373302246975e-11
9.390082992813420404e+00,2.365867352419433915e-10
9.393416355608170676e+00,1.993966661560246995e-10
9.396749718402920948e+00,1.679727309939320315e-10
9.400083081197672996e+00,1.153843237500859975e-10
9.403416443992423268e+00,1.023401410629365567e-10
9.406749806787173540e+00,7.974172390706056233e-12
9.410083169581925588e+00,1.167712102580902143e-10
9.413416532376675860e+00,1.439384231442814115e-11
9.416749895171427909e+00,4.105129708293837126e-11
9.420083257966178181e+00,3.681294306286836901e-11
9.423416620760928453e+00,4.864722473820227704e-12
9.426749983555680501e+00,1.628410921552482756e-11
9.430083346350430773e+00,2.340173147640797766e-11
9.433416709145181045e+00,1.341254957603181370e-11
9.436750071939933093e+00,1.170628076458751519e-11
9.440083434734683365e+00,1.155673127020304160e-11
9.443416797529435414e+00,6.832533636167064205e-11
9.446750160324185686e+00,1.251378903008994238e-11
9.450083523118935958e+00,1.112210405233227042e-11
9.453416885913688006e+00,6.918392126860218755e-11
9.456750248708438278e+00,1.538020968202759256e-11
9.460083611503188550e+00,4.280660908128798162e-11
9.463416974297940598e+00,3.765260463649901975e-11
9.466750337092690870e+00,1.073411675618391499e-10
9.470083699887442918e+00,5.036014650357242185e-12
9.473417062682193190e+00,1.859043295754517003e-10
9.476750425476943462e+00,1.740334173871432423e-10
9.480083788271695511e+00,4.691371069547199640e-11
9.483417151066445783e+00,2.737941869944413064e-10
9.486750513861197831e+00,1.171058224081462222e-11
9.490083876655948103e+00,1.416485254860325790e-10
9.493417239450698375e+00,3.057436749723589367e-11
9.496750602245450423e+00,1.160094009070366915e-10
9.500083965040200695e+00,6.656770743131015876e-10
9.503417327834950967e+00,3.122169211148637945e-11
9.506750690629703016e+00,1.539944495126107070e-10
9.510084053424453288e+00,3.601094379003168098e-11
9.513417416219205336e+00,1.027177270640107593e-10
9.516750779013955608e+00,5.650534667851890089e-11
9.520084141808705880e+00,4.079131251108595900e-11
9.523417504603457928e+00,2.641075376933505438e-10
9.526750867398208200e+00,6.571607609372842018e-11
9.530084230192958472e+00,2.421982113747657594e-11
9.533417592987710520e+00,2.195788413425172444e-10
9.536750955782460792e+00,1.692377133565802817e-11
9.540084318577212841e+00,2.497490887975591978e-11
9.543417681371963113e+00,1.825867664016410301e-10
9.546751044166713385e+00,1.033804774394867140e-10
9.550084406961465433e+00,6.952969318604725495e-11
9.553417769756215705e+00,2.803033623227154877e-10
9.556751132550967753e+00,6.035825603367405770e-11
9.560084495345718025e+00,1.279679800641064512e-11
9.563417858140468297e+00,1.329337865647490859e-10
9.566751220935220346e+00,1.771117483709424157e-11
9.570084583729970618e+00,9.541601123366776610e-12
9.573417946524720890e+00,3.780314858016058649e-11
9.576751309319472938e+00,1.167948009949698021e-10
9.580084672114223210e+00,2.078812004221939265e-11
9.583418034908975258e+00,6.300555671529650307e-11
9.586751397703725530e+00,2.398826535992504806e-10
9.590084760498475802e+00,1.800966416179606668e-11
9.593418123293227850e+00,1.233068910206728014e-10
9.596751486087978122e+00,7.170030050920915446e-11
9.600084848882728394e+00,6.964499747107293577e-11
9.603418211677480443e+00,1.920961593149235310e-10
9.606751574472230715e+00,1.086721983888957631e-11
9.610084937266982763e+00,1.351082728006929679e-10
9.613418300061733035e+00,6.468132404136738481e-11
9.616751662856483307e+00,7.555145284342529099e-12
9.620085025651235355e+00,5.982849481681288418e-11
9.623418388445985627e+00,3.675766293621717493e-11
9.626751751240737676e+00,5.923685624911714491e-10
9.630085114035487948e+00,2.211246257248823677e-10
9.633418476830238220e+00,6.279485936647243524e-11
9.636751839624990268e+00,1.552254147797294926e-10
9.640085202419740540e+00,4.835963974895264270e-11
9.643418565214490812e+00,1.614891722270565963e-10
9.646751928009242860e+00,1.335878005247274992e-10
9.650085290803993132e+00,2.688284762703879275e-12
9.653418653598745180e+00,1.383186664279965994e-10
9.656752016393495452e+00,3.385051303280300580e-12
9.660085379188245724e+00,2.648587831397239811e-11
9.663418741982997773e+00,1.713835533591417205e-10
9.666752104777748045e+00,5.331077532338358133e-11
9.670085467572498317e+00,5.407112104439359572e-11
9.673418830367250365e+00,7.575606894498199861e-11
9.676752193162000637e+00,1.358232363712141372e-11
9.680085555956752685e+00,7.983502232221855406e-11
9.683418918751502957e+00,3.318134780397607823e-10
9.686752281546253229e+00,8.307285530298703402e-11
9.690085644341005278e+00,2.092336549799206891e-10
9.693419007135755550e+00,2.867383695649666319e-11
9.696752369930505822e+00,3.032412524140130506e-10
9.700085732725257870e+00,9.779291174993677700e-12
9.703419095520008142e+00,8.191552787455452205e-11
9.706752458314760190e+00,1.322904202684760724e-10
9.710085821109510462e+00,6.996468493500191166e-11
9.713419183904260734e+00,8.169897832214312854e-11
9.716752546699012782e+00,2.113820588425943318e-10
9.720085909493763054e+00,5.706815937549081324e-12
9.723419272288515103e+00,3.833600744906447254e-11
9.726752635083265375e+00,2.001767286468347197e-11
9.730085997878015647e+00,2.438200638192649678e-11
9.733419360672767695e+00,1.975129779005971808e-11
9.736752723467517967e+00,1.339964133080354619e-10
9.740086086262268239e+00,4.123199972493750853e-11
9.743419449057020287e+00,8.516112631243967250e-11
9.746752811851770559e+00,1.055226685715269282e-10
9.750086174646522608e+00,2.239401621947031499e-10
9.753419537441272880e+00,2.515889266947031083e-10
9.756752900236023152e+00,2.290662512510731479e-14
9.760086263030775200e+00,1.769591630608146453e-10
9.763419625825525472e+00,1.048432119893023473e-11
9.766752988620275744e+00,9.949863800839989741e-12
9.770086351415027792e+00,2.695860983962224661e-10
9.773419714209778064e+00,2.099787174791423899e-10
9.776753077004530113e+00,1.384288899546918276e-10
9.780086439799280384e+00,1.830478203414834074e-11
9.783419802594030656e+00,1.641976920196499578e-10
9.786753165388782705e+00,6.305677893016475501e-11
9.790086528183532977e+00,1.242634291626573591e-11
9.793419890978285025e+00,1.130187702413293381e-10
9.796753253773035297e+00,8.680653699526139861e-11
9.800086616567785569e+00,5.808090241140531371e-11
9.803419979362537617e+00,1.448757009641887806e-10
9.806753342157287889e+00,2.585433003988969791e-11
9.810086704952038161e+00,1.454026469971798470e-11
9.813420067746790210e+00,4.042788383880386584e-11
9.816753430541540482e+00,2.904322408876762142e-11
9.820086793336292530e+00,3.539412647345615619e-11
9.823420156131042802e+00,1.194384652721167943e-10
9.826753518925793074e+00,2.998281769146137267e-10
9.830086881720545122e+00,1.830726064569853769e-10
9.833420244515295394e+00,1.260963415684974378e-10
9.836753607310045666e+00,1.174519941668788480e-10
9.840086970104797714e+00,1.017145263812164375e-12
9.843420332899547986e+00,2.427987760343215287e-10
9.846753695694300035e+00,1.699931897853767187e-11
9.850087058489050307e+00,8.382257612571031010e-11
9.853420421283800579e+00,1.660834111975190993e-11
9.856753784078552627e+00,1.550401120589763510e-10
9.860087146873302899e+00,1.206350363651142785e-10
9.863420509668054947e+00,7.387607702618030018e-12
9.866753872462805219e+00,2.820579953922348348e-11
9.870087235257555491e+00,5.534682637964944882e-11
9.873420598052307540e+00,7.875278416946839927e-11
9.876753960847057812e+00,2.288673872619390236e-10
9.880087323641808084e+00,5.302781503693345487e-11
9.883420686436560132e+00,1.921507595464562912e-11
9.886754049231310404e+00,1.756728877109712153e-10
9.890087412026062452e+00,5.170826739190796658e-11
9.893420774820812724e+00,1.249523017038510553e-10
9.896754137615562996e+00,8.701012664647650688e-12
9.900087500410315045e+00,1.783870470552078617e-11
9.903420863205065316e+00,2.119059927557574455e-11
9.906754225999815588e+00,6.294156771161733957e-11
9.910087588794567637e+00,8.207900972787196330e-11
9.913420951589317909e+00,5.777433641289070544e-11
9.916754314384069957e+00,2.982919648504466516e-11
9.920087677178820229e+00,1.585017582903045829e-10
9.923421039973570501e+00,1.839758075803943308e-11
9.926754402768322549e+00,1.547233022472040275e-10
9.930087765563072821e+00,5.102445222499869058e-11
9.933421128357824870e+00,2.618695832159508223e-10
9.936754491152575142e+00,2.798413695809539876e-11
9.940087853947325414e+00,1.899283204232061741e-10
9.943421216742077462e+00,1.303748786146603578e-10
9.946754579536827734e+00,6.116149226605076025e-11
9.950087942331578006e+00,4.689012578255671963e-11
9.953421305126330054e+00,1.844362854080493394e-10
9.956754667921080326e+00,4.047705592792485538e-12
9.960088030715832375e+00,1.276099177973594298e-11
9.963421393510582647e+00,1.136723139308375919e-10
9.966754756305332918e+00,1.323505723384739907e-10
9.970088119100084967e+00,1.596257806607920586e-10
9.973421481894835239e+00,1.580233396656303932e-11
9.976754844689585511e+00,1.283322796266182798e-10
9.980088207484337559e+00,1.951644964386083181e-11
9.983421570279087831e+00,9.576284620680956634e-11
9.986754933073839879e+00,1.306171676282319816e-11
9.990088295868590151e+00,1.663496586260130493e-10
9.993421658663340423e+00,4.004450467365481847e-11
9.996755021458092472e+00,2.479758024025133558e-11
1.000008838425284274e+01,4.713608630864299457e-11
1.000342174704759302e+01,6.592991648920972521e-11
1.000675510984234506e+01,6.165439327446478068e-11
1.001008847263709534e+01,9.970866784069013617e-11
1.001342183543184738e+01,2.464194343911526026e-10
1.001675519822659766e+01,7.229960916408111077e-12
1.002008856102134793e+01,2.815481617410802788e-11
1.002342192381609998e+01,6.772526375490824690e-11
1.002675528661085025e+01,5.895396703102599033e-11
1.003008864940560230e+01,4.042901150992007746e-11
1.003342201220035257e+01,1.087539908981545205e-10
1.003675537499510284e+01,2.879381629335729466e-10
1.004008873778985489e+01,8.032262841366576578e-11
1.004342210058460516e+01,2.893599775323959338e-10
1.004675546337935543e+01,4.247957754965408020e-12
1.005008882617410748e+01,8.768176465752675595e-12
1.005342218896885775e+01,3.162115283025349398e-11
1.005675555176360980e+01,1.126186864870551362e-10
1.006008891455836007e+01,1.550590872371112274e-11
1.006342227735311035e+01,1.541276015463430945e-10
1.006675564014786239e+01,1.630829030018133312e-10
1.007008900294261267e+01,7.241166047390644292e-11
1.007342236573736294e+01,1.210632279709263808e-10
1.007675572853211499e+01,9.230762216341825374e-11
1.008008909132686526e+01,4.715442089854318251e-11
1.008342245412161731e+01,1.361342407879680552e-10
1.008675581691636758e+01,1.145202040453832099e-10
1.009008917971111785e+01,1.912066650706474139e-10
1.009342254250586990e+01,2.217913655487265802e-11
1.009675590530062017e+01,9.321958554546587781e-11
1.010008926809537222e+01,1.225469693394588526e-10
1.010342263089012249e+01,2.635204506927104176e-12
1.010675599368487276e+01,1.891593994901605461e-10
1.011008935647962481e+01,1.192937514696134781e-11
1.011342271927437508e+01,9.744496197607520631e-11
1.011675608206912536e+01,4.590817750775793728e-11
1.012008944486387740e+01,7.863872972445307401e-11
1.012342280765862768e+01,4.857782887106578337e-11
1.012675617045337972e+01,1.249266031580431560e-10
1.013008953324813000e+01,1.585974518229391235e-10
1.013342289604288027e+01,7.603055427463598786e-11
1.013675625883763232e+01,1.160845534475290675e-11
1.014008962163238259e+01,3.560992893681350126e-10
1.014342298442713286e+01,7.009427675685373000e-11
1.014675634722188491e+01,1.051595777657518894e-10
1.015008971001663518e+01,1.247877252496452170e-10
1.015342307281138723e+01,5.606574944186857584e-11
1.015675643560613750e+01,1.123220393479791161e-10
1.016008979840088777e+01,4.459145349653455933e-11
1.016342316119563982e+01,8.394832765090422540e-11
1.016675652399039009e+01,1.323557173469788976e-10
1.017008988678514214e+01,1.021340743169347040e-10
1.017342324957989241e+01,1.853591395623652220e-10
1.017675661237464269e+01,2.522116561993597561e-10
1.018008997516939473e+01,3.685987485011651585e-11
1.018342333796414501e+01,1.446128700178202310e-10
1.018675670075889528e+01,3.012953562641639450e-11
1.019009006355364733e+01,4.508813092531012385e-11
1.019342342634839760e+01,1.241626405743015858e-10
1.019675678914314965e+01,1.298221360117347098e-10
1.020009015193789992e+01,1.580343168509063816e-10
1.020342351473265019e+01,1.170178807479000467e-10
1.020675687752740224e+01,5.509228946030501182e-11
1.021009024032215251e+01,5.103694782211007540e-12
1.021342360311690278e+01,2.545354335364086709e-12
1.021675696591165483e+01,9.556913647097438906e-11
1.022009032870640510e+01,1.731827089533376591e-12
1.022342369150115715e+01,3.874520815836275399e-11
1.022675705429590742e+01,3.663861565744236647e-11
1.023009041709065770e+01,1.511187701394161013e-11
1.023342377988540974e+01,1.589946671628224105e-10
1.023675714268016002e+01,8.649262479729529368e-11
1.024009050547491029e+01,3.133365090900594911e-11
1.024342386826966234e+01,3.145733178197364534e-11
1.024675723106441261e+01,1.696557054920649385e-10
1.025009059385916466e+01,1.237051419064586476e-10
1.025342395665391493e+01,2.952546416758584777e-11
1.025675731944866520e+01,6.932462588264507632e-11
1.026009068224341725e+01,4.730933383116470095e-11
1.026342404503816752e+01,5.395419304885697259e-11
1.026675740783291957e+01,1.709809628071083060e-11
1.027009077062766984e+01,1.115165790888991741e-11
1.027342413342242011e+01,3.395656742367383228e-11
1.027675749621717216e+01,3.685199506220276919e-11
1.028009085901192243e+01,4.427657242577100585e-11
1.028342422180667270e+01,6.066850825021480741e-11
1.028675758460142475e+01,6.801831275884637835e-11
1.029009094739617503e+01,1.366456314315385546e-10
1.029342431019092707e+01,1.493613086750714012e-12
1.029675767298567735e+01,4.949835679991186983e-12
1.030009103578042762e+01,7.967459385158628229e-12
1.030342439857517967e+01,1.216187216802494711e-10
1.030675776136992994e+01,1.392498352780317397e-10
1.031009112416468021e+01,6.679826110410713025e-12
1.031342448695943226e+01,1.234127334903361827e-11
1.031675784975418253e+01,6.847162536272209605e-11
1.032009121254893458e+01,4.699927989733156743e-11
1.032342457534368485e+01,1.535146590452032583e-11
1.032675793813843512e+01,2.182837686437851762e-11
1.033009130093318717e+01,6.080517269543745576e-11
1.033342466372793744e+01,4.120659611858589402e-12
1.033675802652268949e+01,1.836261039660934951e-10
1.034009138931743976e+01,5.741101481424543601e-11
1.034342475211219003e+01,2.110612545111423051e-12
1.034675811490694208e+01,3.172925182432348195e-12
1.035009147770169236e+01,5.882848433760589189e-11
1.035342484049644263e+01,4.261948523191561751e-11
1.035675820329119468e+01,7.028057331970344863e-11
1.036009156608594495e+01,1.566710290682028830e-10
1.036342492888069700e+01,3.013509864288847617e-12
1.036675829167544727e+01,5.284627222282951647e-11
1.037009165447019754e+01,2.241264874689049599e-10
1.037342501726494959e+01,8.275429373607753946e-11
1.037675838005969986e+01,3.043720950029895655e-11
1.038009174285445013e+01,1.314963026817044190e-10
1.038342510564920218e+01,3.353523538909309751e-11
1.038675846844395245e+01,8.105503538318557586e-11
1.039009183123870450e+01,1.086006002350441877e-11
1.039342519403345477e+01,2.126127913607346399e-11
1.039675855682820504e+01,1.880371131427015917e-10
1.040009191962295709e+01,2.269106483659868334e-12
1.040342528241770736e+01,1.684752743989293781e-10
1.040675864521245941e+01,3.550931880598038064e-12
1.041009200800720969e+01,1.219077719537916380e-11
1.041342537080195996e+01,3.893640844855357413e-11
1.041675873359671201e+01,3.530352558214916754e-11
1.042009209639146228e+01,1.454524464021452826e-10
1.042342545918621255e+01,7.172166083233851096e-11
1.042675882198096460e+01,1.966243569698248422e-11
1.043009218477571487e+01,2.173563081395566018e-11
1.043342554757046692e+01,6.996835026467302829e-11
1.043675891036521719e+01,5.406247137496152433e-11
1.044009227315996746e+01,1.888423028031185634e-10
1.044342563595471951e+01,1.042875964735645424e-12
1.044675899874946978e+01,5.114919938577457661e-11
1.045009236154422005e+01,8.788906436540448519e-11
1.045342572433897210e+01,1.007284559487351694e-10
1.045675908713372237e+01,4.575408517204782533e-11
1.046009244992847442e+01,5.054350734417525692e-11
1.046342581272322469e+01,2.872473299073983324e-10
1.046675917551797497e+01,4.093227458850700363e-10
1.047009253831272702e+01,4.114481314385590360e-11
1.047342590110747729e+01,1.311468248294178609e-10
1.047675926390222934e+01,1.994019279796233935e-10
1.048009262669697961e+01,6.381837228887025874e-11
1.048342598949172988e+01,3.748195831821748229e-11
1.048675935228648193e+01,1.364043554255785595e-10
1.049009271508123220e+01,1.370694813298022116e-10
1.049342607787598247e+01,4.771451760086717564e-12
1.049675944067073452e+01,4.394388384441852466e-11
1.050009280346548479e+01,6.369359767427344967e-11
1.050342616626023684e+01,1.713302246448304863e-11
1.050675952905498711e+01,3.903365830074983451e-11
1.051009289184973738e+01,1.149455039889059865e-10
1.051342625464448943e+01,3.149674255142111851e-11
1.051675961743923970e+01,8.761217727744018203e-11
1.052009298023398998e+01,4.801831680862087986e-11
1.052342634302874202e+01,4.661267259208044945e-11
1.052675970582349230e+01,2.559304499810478586e-14
1.053009306861824435e+01,1.957523075489257042e-10
1.053342643141299462e+01,1.644822794414753410e-11
1.053675979420774489e+01,1.000092185641933355e-10
1.054009315700249694e+01,1.077981488194624834e-10
1.054342651979724721e+01,2.595216300836384579e-11
1.054675988259199748e+01,1.656354810612936746e-10
1.055009324538674953e+01,1.046305533057409673e-10
1.055342660818149980e+01,4.713300145959596924e-11
1.055675997097625185e+01,1.944480384846980116e-10
1.056009333377100212e+01,2.269718504438954906e-11
1.056342669656575239e+01,8.365270065657190468e-12
1.056676005936050444e+01,7.601806333614071286e-12
1.057009342215525471e+01,3.083362339594851741e-11
1.057342678495000676e+01,1.081078357211155654e-11
1.057676014774475703e+01,6.239401611672147437e-11
1.058009351053950731e+01,2.570075105007508413e-10
1.058342687333425935e+01,1.632267448108645743e-10
1.058676023612900963e+01,8.014904949317537198e-11
1.059009359892375990e+01,6.127683525652062047e-11
1.059342696171851195e+01,1.407460106766770800e-10
1.059676032451326222e+01,9.319416991669051119e-11
1.060009368730801427e+01,7.586336272234320445e-12
1.060342705010276454e+01,5.251922292865419932e-11
1.060676041289751481e+01,8.414963907726520256e-11
1.061009377569226686e+01,3.527568670954475432e-11
1.061342713848701713e+01,4.321343430392736351e-12
1.061676050128176740e+01,1.152087857885294726e-10
1.062009386407651945e+01,1.113992571806700772e-10
1.062342722687126972e+01,3.620725248788822443e-13
1.062676058966602177e+01,4.035101983623881065e-11
1.063009395246077204e+01,9.220597087635617438e-11
1.063342731525552232e+01,1.229677568785989737e-10
1.063676067805027436e+01,5.901642496747530146e-11
1.064009404084502464e+01,7.788914462046236029e-11
1.064342740363977668e+01,5.462117497791356765e-11
1.064676076643452696e+01,5.421521169498711075e-11
1.065009412922927723e+01,2.534157418858095969e-11
1.065342749202402928e+01,7.248749353400797078e-11
1.065676085481877955e+01,4.110276732755316509e-12
1.066009421761352982e+01,4.363244519095117885e-11
1.066342758040828187e+01,1.706540753359710123e-11
1.066676094320303214e+01,3.322099743936972267e-11
1.067009430599778419e+01,1.663881117566916623e-11
1.067342766879253446e+01,9.812680488709246882e-11
1.067676103158728473e+01,6.626722543362048652e-11
1.068009439438203678e+01,4.433844133123589795e-11
1.068342775717678705e+01,4.619771433777854210e-11
1.068676111997153733e+01,3.217869393463162030e-11
1.069009448276628937e+01,1.621965611124151230e-11
1.069342784556103965e+01,3.579348743102337602e-10
1.069676120835579169e+01,8.320898956743088886e-11
1.070009457115054197e+01,1.959790931431469311e-10
1.070342793394529224e+01,9.286193326575126306e-11
1.070676129674004429e+01,2.181763445489028106e-10
1.071009465953479456e+01,1.664133933508330932e-11
1.071342802232954661e+01,1.815849005403328191e-11
1.071676138512429688e+01,1.196735046117973710e-12
1.072009474791904715e+01,8.831215629842399868e-11
1.072342811071379920e+01,5.719117198654052066e-11
1.072676147350854947e+01,3.776010532633240305e-11
1.073009483630329974e+01,1.019473855719149278e-10
1.073342819909805179e+01,2.033297501934396840e-11
1.073676156189280206e+01,1.873121932678747543e-10
1.074009492468755411e+01,2.185745667644059149e-10
1.074342828748230438e+01,1.332377099653402338e-10
1.074676165027705466e+01,2.567958852096923894e-12
1.075009501307180670e+01,2.755293903185632296e-11
1.075342837586655698e+01,1.546174198756834799e-10
1.075676173866130725e+01,6.032170307468188756e-12
1.076009510145605930e+01,9.816108546841581109e-11
1.076342846425080957e+01,1.012384082160320749e-10
1.076676182704556162e+01,1.763199749836113969e-11
1.077009518984031189e+01,2.045639665592507417e-11
1.077342855263506216e+01,8.827491953266416904e-11
1.077676191542981421e+01,4.838617855036618221e-11
1.078009527822456448e+01,1.014046993456265736e-10
1.078342864101931653e+01,4.712197888549934842e-10
1.078676200381406680e+01,1.496480630639741434e-10
1.079009536660881707e+01,6.357656530074597766e-12
1.079342872940356912e+01,1.707432445451086456e-10
1.079676209219831939e+01,1.385190980332282650e-11
1.080009545499306967e+01,4.322978386086447956e-11
1.080342881778782171e+01,4.284893185013121952e-11
1.080676218058257199e+01,5.764811992801247758e-12
1.081009554337732403e+01,5.560631131561050962e-11
1.081342890617207431e+01,7.362320379625683459e-11
1.081676226896682458e+01,1.952784138931975917e-10
1.082009563176157663e+01,2.615984828038442281e-11
1.082342899455632690e+01,4.889381122640636613e-11
1.082676235735107717e+01,4.092998895101207378e-10
1.083009572014582922e+01,1.953855630559510018e-10
1.083342908294057949e+01,1.883869230635274413e-10
1.083676244573533154e+01,3.050620266130205237e-12
1.084009580853008181e+01,1.338705001094414524e-10
1.084342917132483208e+01,3.102497000822054640e-11
1.084676253411958413e+01,4.506967555269863890e-11
1.085009589691433440e+01,7.693621227417480968e-12
1.085342925970908468e+01,8.596614969754766658e-11
1.085676262250383672e+01,2.514769898460415008e-10
1.086009598529858700e+01,4.393399147262464296e-13
1.086342934809333904e+01,1.686253673628233478e-10
1.086676271088808932e+01,1.378472916379397290e-11
1.087009607368283959e+01,2.156999152923470624e-11
1.087342943647759164e+01,9.119231987590655082e-11
1.087676279927234191e+01,4.381295334702416563e-10
1.088009616206709396e+01,3.059547925347434063e-10
1.088342952486184423e+01,5.217686659613393397e-11
1.088676288765659450e+01,2.493023566264157201e-11
1.089009625045134655e+01,1.302249277199751080e-10
1.089342961324609682e+01,3.182433292079754044e-11
1.089676297604084709e+01,1.477392485863152639e-11
1.090009633883559914e+01,2.573717226667650476e-11
1.090342970163034941e+01,1.267260575788388753e-11
1.090676306442510146e+01,2.621239424920719454e-10
1.091009642721985173e+01,6.070565395272984767e-11
1.091342979001460201e+01,8.927636067799909948e-11
1.091676315280935405e+01,2.668733124547055552e-11
1.092009651560410433e+01,1.737591879047331429e-10
1.092342987839885460e+01,8.706215154089730776e-11
1.092676324119360665e+01,9.106396955928943771e-12
1.093009660398835692e+01,7.599950703898331847e-11
1.093342996678310897e+01,4.980736814953936520e-11
1.093676332957785924e+01,5.287486195981218228e-11
1.094009669237260951e+01,2.405933593973876476e-11
1.094343005516736156e+01,3.471705877397406663e-11
1.094676341796211183e+01,1.131833099164212718e-10
1.095009678075686388e+01,5.721646129605440651e-11
1.095343014355161415e+01,6.427942146985514945e-11
1.095676350634636442e+01,1.744986834269973667e-10
1.096009686914111647e+01,2.562852351219733019e-12
1.096343023193586674e+01,2.865818772430743886e-10
1.096676359473061702e+01,1.561460592181413875e-10
1.097009695752536906e+01,1.895578808635336819e-10
1.097343032032011934e+01,5.473436807368776849e-12
1.097676368311487138e+01,5.960611819049460699e-10
1.098009704590962166e+01,5.591025946936482501e-11
1.098343040870437193e+01,2.356580579838795881e-11
1.098676377149912398e+01,5.079956285898626370e-11
1.099009713429387425e+01,8.263094872703038660e-11
1.099343049708862452e+01,7.706721704677829264e-11
1.099676385988337657e+01,4.840454806128657801e-11
1.100009722267812684e+01,4.011612680765885197e-11
1.100343058547287889e+01,9.373941620788291155e-11
1.100676394826762916e+01,2.542814666436847909e-10
1.101009731106237943e+01,5.176487670746289938e-11
1.101343067385713148e+01,1.351654997885084421e-12
1.101676403665188175e+01,1.840342325899217903e-10
1.102009739944663380e+01,2.662562517015967150e-10
1.102343076224138407e+01,3.783260247900422058e-12
1.102676412503613435e+01,5.721499003678622145e-11
1.103009748783088639e+01,1.935381392829793177e-10
1.103343085062563667e+01,1.378196654410974246e-10
1.103676421342038694e+01,1.533098866619361476e-10
1.104009757621513899e+01,7.659488636228632256e-11
1.104343093900988926e+01,9.777966975512295468e-12
1.104676430180464131e+01,4.909776207058910481e-12
1.105009766459939158e+01,1.786493843536583153e-12
1.105343102739414185e+01,9.455644174621586552e-12
1.105676439018889390e+01,1.226254391267162419e-10
1.106009775298364417e+01,9.647435949401757476e-11
1.106343111577839444e+01,1.364904950216236838e-10
1.106676447857314649e+01,3.706281056998420982e-12
1.107009784136789676e+01,1.570001279419964381e-11
1.107343120416264881e+01,6.740461442114336735e-12
1.107676456695739908e+01,1.218063076270976275e-10
1.108009792975214935e+01,1.432142775718234687e-11
1.108343129254690140e+01,9.209371829883082516e-11
1.108676465534165168e+01,1.640757849051137503e-11
1.109009801813640195e+01,7.647445788081725515e-11
1.109343138093115400e+01,3.962854912109405790e-11
1.109676474372590427e+01,5.352268100544910042e-11
1.110009810652065632e+01,2.284964081784308264e-10
1.110343146931540659e+01,3.583510239891002801e-12
1.110676483211015686e+01,8.924897954328940942e-11
1.111009819490490891e+01,2.638983395959299603e-11
1.111343155769965918e+01,1.686908215286611753e-10
1.111676492049441123e+01,3.483731637368096879e-11
1.112009828328916150e+01,2.719918680970565537e-11
1.112343164608391177e+01,2.008871352718784969e-10
1.112676500887866382e+01,1.066717685531975765e-10
1.113009837167341409e+01,9.923973621032478521e-11
1.113343173446816436e+01,6.721877721194737678e-11
1.113676509726291641e+01,4.237315753054921641e-11
1.114009846005766668e+01,4.414318564767738443e-11
1.114343182285241873e+01,2.406669065684122719e-10
1.114676518564716901e+01,1.486180324341361812e-10
1.115009854844191928e+01,1.112298694269527325e-10
1.115343191123667133e+01,1.208644694273168625e-11
1.115676527403142160e+01,3.222765668167382255e-11
1.116009863682617187e+01,3.489806975507659726e-11
1.116343199962092392e+01,7.316304315573417739e-12
1.116676536241567419e+01,1.575967325852220417e-10
1.117009872521042624e+01,2.385507807657951555e-10
1.117343208800517651e+01,1.458024154642315569e-12
1.117676545079992678e+01,1.706398803291822376e-10
1.118009881359467883e+01,2.143035693239906820e-11
1.118343217638942910e+01,2.817448185627742720e-11
1.118676553918418115e+01,1.495137897858042295e-10
1.119009890197893142e+01,1.537763425326087810e-10
1.119343226477368169e+01,7.264316712080650378e-11
1.119676562756843374e+01,6.830008771185205861e-11
1.120009899036318401e+01,1.541319889422088323e-11
1.120343235315793429e+01,1.746417415947046752e-10
1.120676571595268634e+01,1.353425720151214041e-11
1.121009907874743661e+01,1.022957204235623525e-10
1.121343244154218866e+01,1.802998439118635963e-10
1.121676580433693893e+01,1.763949394380490780e-12
1.122009916713168920e+01,1.737239402229970059e-10
1.122343252992644125e+01,2.273808046281323868e-10
1.122676589272119152e+01,1.350173407959552217e-10
1.123009925551594179e+01,2.269351637888617290e-10
1.123343261831069384e+01,7.642512590464050461e-11
1.123676598110544411e+01,1.153664760692457636e-10
1.124009934390019616e+01,1.332152471755283554e-10
1.124343270669494643e+01,3.419936833832735808e-11
1.124676606948969670e+01,1.207299187931112636e-10
1.125009943228444875e+01,1.111217070092622480e-10
1.125343279507919902e+01,8.433949820968156828e-12
1.125676615787395107e+01,1.187142875539163751e-10
1.126009952066870135e+01,9.816390728224198681e-11
1.126343288346345162e+01,2.472574868284913276e-12
1.126676624625820367e+01,3.430532772754229863e-10
1.127009960905295394e+01,3.085210745289568350e-11
1.127343297184770421e+01,8.088158156786768250e-11
1.127676633464245626e+01,1.785460953357798828e-11
1.128009969743720653e+01,2.139073413025135445e-10
1.128343306023195858e+01,6.124812483646842712e-12
1.128676642302670885e+01,1.037553431982463762e-10
1.129009978582145912e+01,5.655230376576637409e-11
1.129343314861621117e+01,1.865414056929516942e-11
1.129676651141096144e+01,1.951159835339891991e-12
1.130009987420571171e+01,4.325440339084832078e-11
1.130343323700046376e+01,1.516936696997408635e-10
1.130676659979521403e+01,9.530505247841067844e-11
1.131009996258996608e+01,1.387545389119461961e-11
1.131343332538471635e+01,4.547758228883893064e-12
1.131676668817946663e+01,7.135555633426954673e-11
1.132010005097421868e+01,2.277880606013424053e-11
1.132343341376896895e+01,1.469241188053894706e-11
1.132676677656372100e+01,5.175694702528976707e-11
1.133010013935847127e+01,4.915538156013098442e-11
1.133343350215322154e+01,4.395767308278076235e-12
1.133676686494797359e+01,8.505615952154465360e-11
1.134010022774272386e+01,9.800569621436129951e-11
1.134343359053747413e+01,1.634215249730785065e-11
1.134676695333222618e+01,1.016632867063461054e-10
1.135010031612697645e+01,8.297887475067802853e-11
1.135343367892172850e+01,1.233179952218003449e-10
1.135676704171647877e+01,3.366721160516715616e-11
1.136010040451122904e+01,1.874060351825455725e-10
1.136343376730598109e+01,1.092366501942313983e-10
1.136676713010073136e+01,3.295783066442333175e-12
1.137010049289548164e+01,1.634388416999595652e-10
1.137343385569023368e+01,2.203855296102273440e-10
1.137676721848498396e+01,1.172995893703527614e-10
1.138010058127973601e+01,6.310424337488072932e-11
1.138343394407448628e+01,5.591660837548486056e-11
1.138676730686923655e+01,1.110448344625633121e-10
1.139010066966398860e+01,5.247220993467839706e-11
1.139343403245873887e+01,1.517342704212312566e-10
1.139676739525348914e+01,1.581174030667128136e-10
1.140010075804824119e+01,5.178617416945307105e-11
1.140343412084299146e+01,1.007862070574825866e-10
1.140676748363774351e+01,4.318576153083943309e-11
1.141010084643249378e+01,1.263780480659240119e-10
1.141343420922724405e+01,1.767301967969890922e-10
1.141676757202199610e+01,6.379656545591370327e-11
1.142010093481674637e+01,3.457180323675736389e-11
1.142343429761149842e+01,1.805667302370073716e-10
1.142676766040624869e+01,7.790972364446164395e-11
1.143010102320099897e+01,1.041005537367283322e-10
1.143343438599575101e+01,6.997914670507494901e-11
1.143676774879050129e+01,9.692460952501585603e-11
1.144010111158525156e+01,4.788434401006435881e-11
1.144343447438000361e+01,1.228413573569284996e-10
1.144676783717475388e+01,1.496572469955974836e-10
1.145010119996950593e+01,3.865960396068050885e-11
1.145343456276425620e+01,2.736051649231591796e-10
1.145676792555900647e+01,5.993945265152718962e-11
1.146010128835375852e+01,1.834517451505191444e-11
1.146343465114850879e+01,1.768909617455682607e-10
1.146676801394325906e+01,1.276603294551779273e-10
1.147010137673801111e+01,2.974643635474428808e-11
1.147343473953276138e+01,3.511979704816846841e-10
1.147676810232751343e+01,1.777494513844206413e-10
1.148010146512226370e+01,1.834847571153413106e-10
1.148343482791701398e+01,7.375903838390738515e-12
1.148676819071176602e+01,3.393927881768606992e-11
1.149010155350651630e+01,1.856046144725625633e-11
1.149343491630126834e+01,7.896425553403179574e-11
1.149676827909601862e+01,4.714534975981552942e-12
1.150010164189076889e+01,1.496626970806661326e-11
1.150343500468552094e+01,2.893756656384772033e-10
1.150676836748027121e+01,2.450493494928750530e-10
1.151010173027502148e+01,1.873297797743510645e-10
1.151343509306977353e+01,1.704727929438748491e-10
1.151676845586452380e+01,1.882028720332821650e-11
1.152010181865927585e+01,1.648925158321063921e-10
1.152343518145402612e+01,1.618421643543401755e-10
1.152676854424877639e+01,6.047622074222516645e-11
1.153010190704352844e+01,1.326439416950388592e-10
1.153343526983827871e+01,3.354191863064113240e-10
1.153676863263302899e+01,4.641375614877423115e-11
1.154010199542778103e+01,3.447275813900608704e-11
1.154343535822253131e+01,1.996594055802528510e-10
1.154676872101728335e+01,7.735683491143659922e-12
1.155010208381203363e+01,1.157055173747942017e-10
1.155343544660678390e+01,1.902663750047544925e-10
1.155676880940153595e+01,7.331957925833604798e-11
1.156010217219628622e+01,6.672696518151393949e-11
1.156343553499103827e+01,2.313521621561251210e-11
1.156676889778578854e+01,6.063707267092760341e-11
1.157010226058053881e+01,1.091752360988875497e-10
1.157343562337529086e+01,5.853153866154251547e-11
1.157676898617004113e+01,1.418128731382315588e-12
1.158010234896479140e+01,2.031667267521130849e-10
1.158343571175954345e+01,2.997472943303423073e-11
1.158676907455429372e+01,1.513332363376715368e-11
1.159010243734904577e+01,4.325454278813685926e-10
1.159343580014379604e+01,3.209113827168342694e-10
1.159676916293854632e+01,1.258423875579586459e-10
1.160010252573329836e+01,7.975114228154881829e-11
1.160343588852804864e+01,2.403941215872794462e-10
1.160676925132279891e+01,1.386091141202619854e-11
1.161010261411755096e+01,1.987942130801055033e-10
1.161343597691230123e+01,8.937269863842407532e-11
1.161676933970705328e+01,3.074939447806633012e-11
1.162010270250180355e+01,5.988595501748258883e-11
1.162343606529655382e+01,9.024835971049227393e-11
1.162676942809130587e+01,1.352053996218942409e-10
1.163010279088605614e+01,2.338977218491805836e-11
1.163343615368080641e+01,6.289090331101822220e-10
1.163676951647555846e+01,3.428082479450005542e-10
1.164010287927030873e+01,2.376830133179098607e-10
1.164343624206506078e+01,5.181109907221761570e-14
1.164676960485981105e+01,6.393314887397277276e-11
1.165010296765456133e+01,7.948090080788704394e-12
1.165343633044931337e+01,6.454901614142343128e-11
1.165676969324406365e+01,7.636464219147457870e-11
1.166010305603881569e+01,1.655901179973997485e-11
1.166343641883356597e+01,2.922792976800524130e-11
1.166676978162831624e+01,3.395743178079115574e-11
1.167010314442306829e+01,5.364554596419765638e-11
1.167343650721781856e+01,1.553033651959628030e-10
1.167676987001256883e+01,2.572510301033990470e-11
1.168010323280732088e+01,3.504882956770193632e-10
1.168343659560207115e+01,2.073916253359417119e-12
1.168676995839682320e+01,4.159383279806009293e-12
1.169010332119157347e+01,6.712210447628020162e-11
1.169343668398632374e+01,7.699464194095699971e-11
1.169677004678107579e+01,2.002413629790063401e-11
1.170010340957582606e+01,1.757130221649668070e-10
1.170343677237057634e+01,1.302284745342268020e-10
1.170677013516532838e+01,5.026095601991464350e-11
1.171010349796007866e+01,1.245812691176734733e-10
1.171343686075483070e+01,2.682173055531248324e-11
1.171677022354958098e+01,5.179775307808504285e-13
1.172010358634433125e+01,1.911625482042210442e-11
1.172343694913908330e+01,6.050732615203540939e-11
1.172677031193383357e+01,1.085094033830433985e-11
1.173010367472858562e+01,5.284604566967505359e-11
1.173343703752333589e+01,2.209076097814176649e-11
1.173677040031808616e+01,4.801589996522027128e-11
1.174010376311283821e+01,3.827815449145322890e-10
1.174343712590758848e+01,2.340420153619379503e-11
1.174677048870233875e+01,4.936451160488614110e-11
1.175010385149709080e+01,1.013700343649371209e-10
1.175343721429184107e+01,3.931027768003738519e-11
1.175677057708659312e+01,5.832892733611955715e-11
1.176010393988134339e+01,1.305695224725341788e-10
1.176343730267609367e+01,8.662485706762207283e-12
1.176677066547084571e+01,8.216583808497158604e-11
1.177010402826559599e+01,4.518012605732576294e-11
1.177343739106034626e+01,2.142650103096991893e-10
1.177677075385509831e+01,7.163584637151030097e-11
1.178010411664984858e+01,1.368633566789550214e-10
1.178343747944460063e+01,1.589507969534405292e-10
1.178677084223935090e+01,1.217081182489961485e-11
1.179010420503410117e+01,6.849352404208705885e-11
1.179343756782885322e+01,7.342725588108719499e-11
1.179677093062360349e+01,4.421160837552783528e-11
1.180010429341835554e+01,1.573865138761000955e-11
1.180343765621310581e+01,1.881037516267517216e-11
1.180677101900785608e+01,5.526038822742620995e-11
1.181010438180260813e+01,2.160519551858817886e-11
1.181343774459735840e+01,1.239879789880203111e-10
1.181677110739210868e+01,7.031937789786277896e-12
1.182010447018686072e+01,1.795851178881331890e-10
1.182343783298161100e+01,1.202257886044359758e-10
1.182677119577636304e+01,1.136213337700375975e-10
1.183010455857111332e+01,3.658557846978438150e-11
1.183343792136586359e+01,8.246007360209048827e-11
1.183677128416061564e+01,1.207275193483734694e-11
1.184010464695536591e+01,9.379485440092838508e-11
1.184343800975011618e+01,3.439479996079790948e-11
1.184677137254486823e+01,8.271194777006832526e-11
1.185010473533961850e+01,2.859467321647803032e-10
1.185343809813437055e+01,2.420557480764004468e-11
1.185677146092912082e+01,1.768489636448063816e-10
1.186010482372387109e+01,3.425898667306925434e-11
1.186343818651862314e+01,6.065484312615202536e-11
1.186677154931337341e+01,1.808066138322134606e-10
1.187010491210812546e+01,3.904934037133539108e-11
1.187343827490287573e+01,1.147406144468202986e-10
1.187677163769762601e+01,1.072992539375141330e-11
1.188010500049237805e+01,1.801432911200356595e-11
1.188343836328712833e+01,1.773977096078034139e-10
1.188677172608187860e+01,9.780652234281072782e-11
1.189010508887663065e+01,3.453963278388192734e-10
1.189343845167138092e+01,1.162890932950080909e-10
1.189677181446613297e+01,6.446769122704222394e-11
1.190010517726088324e+01,2.636862498932414751e-10
1.190343854005563351e+01,4.575253007503520483e-11
1.190677190285038556e+01,2.788404961213879977e-10
1.191010526564513583e+01,2.329963945459863302e-11
1.191343862843988610e+01,3.776167712021914674e-11
1.191677199123463815e+01,4.091178505463312794e-11
1.192010535402938842e+01,1.944123465632920328e-10
1.192343871682414047e+01,4.729165258542279557e-10
1.192677207961889074e+01,1.903265488153752729e-10
1.193010544241364101e+01,7.631896385982979674e-11
1.193343880520839306e+01,1.509594367331246440e-10
1.193677216800314334e+01,1.057743909096189329e-10
1.194010553079789361e+01,1.211836462196839323e-10
1.194343889359264566e+01,4.612707296033711310e-11
1.194677225638739593e+01,1.415095677582154887e-10
1.195010561918214798e+01,2.039416118448363449e-10
1.195343898197689825e+01,7.263248357902435198e-11
1.195677234477164852e+01,2.197385871286406801e-11
1.196010570756640057e+01,1.030901335196274247e-10
1.196343907036115084e+01,2.195947286672365849e-10
1.196677243315590289e+01,3.402833818411315243e-10
1.197010579595065316e+01,3.861371120552740962e-12
1.197343915874540343e+01,2.788425824920441620e-11
1.197677252154015548e+01,5.005539901061803242e-11
1.198010588433490575e+01,2.917238544399396441e-10
1.198343924712965602e+01,3.298238093662397736e-11
1.198677260992440807e+01,2.074218961455455778e-11
1.199010597271915834e+01,4.922568706563166255e-11
1.199343933551391039e+01,4.195450734605423903e-11
1.199677269830866067e+01,3.048541397989983922e-11
1.200010606110341094e+01,1.038539053659521291e-10
1.200343942389816299e+01,1.485063402477257946e-11
1.200677278669291326e+01,4.287493117683333316e-11
1.201010614948766353e+01,1.618003474193663271e-10
1.201343951228241558e+01,3.821764638339671633e-10
1.201677287507716585e+01,1.568080557037118806e-10
1.202010623787191790e+01,9.445357356356055078e-11
1.202343960066666817e+01,5.088633290608396933e-11
1.202677296346141844e+01,4.254555914761896205e-11
1.203010632625617049e+01,3.691173248005389673e-11
1.203343968905092076e+01,1.805326459636977812e-11
1.203677305184567281e+01,4.134236081706767197e-12
1.204010641464042308e+01,7.656953700016146621e-11
1.204343977743517335e+01,4.203637281108682871e-11
1.204677314022992540e+01,1.189808275999753771e-10
1.205010650302467567e+01,3.903887009728937325e-11
1.205343986581942595e+01,2.956231797919000305e-10
1.205677322861417800e+01,6.575660647089074204e-11
1.206010659140892827e+01,9.184973176257857373e-11
1.206343995420368032e+01,3.716406916511856979e-11
1.206677331699843059e+01,9.718618008049897578e-11
1.207010667979318086e+01,1.003090044078458026e-10
1.207344004258793291e+01,2.469431286416786638e-10
1.207677340538268318e+01,1.727347158091204766e-11
1.208010676817743345e+01,1.461691996131485409e-10
1.208344013097218550e+01,5.033930669469396717e-11
1.208677349376693577e+01,1.528449199984448316e-10
1.209010685656168782e+01,2.728346082075813371e-10
1.209344021935643809e+01,6.554671033983152538e-11
1.209677358215118836e+01,9.125381653256253129e-11
1.210010694494594041e+01,1.362274487770264851e-10
1.210344030774069068e+01,7.744510284230533015e-11
1.210677367053544273e+01,1.056321750811243943e-11
1.211010703333019300e+01,5.864559276535016783e-11
1.211344039612494328e+01,1.651702709265838607e-10
1.211677375891969533e+01,4.708923163137732403e-11
1.212010712171444560e+01,1.039340193144377658e-11
1.212344048450919587e+01,1.270475489556575523e-10
1.212677384730394792e+01,1.009217543839401498e-10
1.213010721009869819e+01,6.423781433671091956e-11
1.213344057289345024e+01,7.133955983295240102e-11
1.213677393568820051e+01,9.938456218874320319e-12
1.214010729848295078e+01,1.298430005437541946e-10
1.214344066127770283e+01,1.544092476648306215e-10
1.214677402407245310e+01,4.532445995359070954e-11
1.215010738686720337e+01,2.030636078975363198e-10
1.215344074966195542e+01,1.995275025835320821e-11
1.215677411245670569e+01,3.221887081769595933e-11
1.216010747525145774e+01,1.757502560090185496e-10
1.216344083804620801e+01,1.532050739292597918e-10
1.216677420084095829e+01,8.700578397946175279e-11
1.217010756363571033e+01,1.919751178776802324e-10
1.217344092643046061e+01,2.625107605795849107e-10
1.217677428922521088e+01,3.413535227789600461e-12
1.218010765201996293e+01,7.088555234293696319e-11
1.218344101481471320e+01,3.760121683586765256e-11
1.218677437760946525e+01,3.850623058545071368e-11
1.219010774040421552e+01,5.474631108870188719e-11
1.219344110319896579e+01,1.873050113501302823e-11
1.219677446599371784e+01,1.284883469931999753e-12
1.220010782878846811e+01,2.572976611770922798e-10
1.220344119158322016e+01,1.444869127351059086e-11
1.220677455437797043e+01,1.690977440901568572e-11
1.221010791717272070e+01,1.034059271339865889e-10
1.221344127996747275e+01,4.153882025933762375e-11
1.221677464276222302e+01,7.675854257186910651e-11
1.222010800555697330e+01,1.792509593804607462e-11
1.222344136835172534e+01,1.485203326736886993e-10
1.222677473114647562e+01,1.155371309537256689e-10
1.223010809394122766e+01,2.929339250040940278e-11
1.223344145673597794e+01,2.595729610872009585e-11
1.223677481953072821e+01,3.943918283022674506e-11
1.224010818232548026e+01,7.269113663252730082e-11
1.224344154512023053e+01,4.887586346521693095e-12
1.224677490791498080e+01,4.639482738080868181e-11
1.225010827070973285e+01,1.018756867965017686e-10
1.225344163350448312e+01,1.871447968351642130e-10
1.225677499629923517e+01,1.167041472045133152e-10
1.226010835909398544e+01,4.466921285065923921e-11
1.226344172188873571e+01,1.316883349729617549e-10
1.226677508468348776e+01,1.738628374668015852e-11
1.227010844747823803e+01,2.790820746071787220e-10
1.227344181027299008e+01,1.089280903523699726e-10
1.227677517306774035e+01,7.279427527500739453e-11
1.228010853586249063e+01,7.332722820953850371e-12
1.228344189865724267e+01,8.937621328684959973e-11
1.228677526145199295e+01,1.844125600291108808e-10
1.229010862424674322e+01,2.562514338567242475e-11
1.229344198704149527e+01,6.113099418451960037e-10
1.229677534983624554e+01,4.843238663998497345e-10
1.230010871263099759e+01,9.088105326394981238e-11
1.230344207542574786e+01,1.771814626138758450e-11
1.230677543822049813e+01,7.152644711912519606e-11
1.231010880101525018e+01,1.246383364932682376e-10
1.231344216381000045e+01,8.083952986199934417e-12
1.231677552660475072e+01,4.952670895821465080e-11
1.232010888939950277e+01,6.315729371160274925e-11
1.232344225219425304e+01,4.249354407442051296e-10
1.232677561498900509e+01,7.835158820531759392e-11
1.233010897778375536e+01,1.132643694124279626e-10
1.233344234057850564e+01,9.112606704636362597e-11
1.233677570337325768e+01,2.349146984122171516e-11
1.234010906616800796e+01,5.359547838692312273e-11
1.234344242896276000e+01,3.493006163616582710e-10
1.234677579175751028e+01,1.724988106629654831e-10
1.235010915455226055e+01,2.286843201762404632e-10
1.235344251734701260e+01,4.102274947370783641e-11
1.235677588014176287e+01,3.773990053464567423e-12
1.236010924293651314e+01,3.423651190091849580e-11
1.236344260573126519e+01,3.714679471329572329e-11
1.236677596852601546e+01,8.914052429505504723e-11
1.237010933132076751e+01,1.431753272978150194e-10
1.237344269411551778e+01,1.706399829724697116e-10
1.237677605691026805e+01,1.958182865715455961e-10
1.238010941970502010e+01,3.537223753436659393e-11
1.238344278249977037e+01,1.414100219351544999e-10
1.238677614529452065e+01,1.705197603272649895e-12
1.239010950808927269e+01,2.243358206078223324e-11
1.239344287088402297e+01,1.402331005448521560e-10
1.239677623367877501e+01,8.652441915878983011e-11
1.240010959647352529e+01,3.326712758657628811e-11
1.240344295926827556e+01,6.767611016094589786e-11
1.240677632206302761e+01,6.478418113767754189e-11
1.241010968485777788e+01,3.842377784591207629e-11
1.241344304765252993e+01,2.941985485159016828e-10
1.241677641044728020e+01,1.126247079257850048e-10
1.242010977324203047e+01,1.833405744025158237e-10
1.242344313603678252e+01,4.656260980325715890e-11
1.242677649883153279e+01,1.210890836181850356e-11
1.243010986162628306e+01,1.275813816920707952e-10
1.243344322442103511e+01,1.265848867859858035e-11
1.243677658721578538e+01,3.069643675895696467e-11
1.244010995001053743e+01,5.938171918117328190e-11
1.244344331280528770e+01,3.588574839453925963e-10
1.244677667560003798e+01,1.826325124325591826e-10
1.245011003839479002e+01,3.535348070960188239e-11
1.245344340118954030e+01,2.730117520883830070e-11
1.245677676398429057e+01,3.025243989581447441e-11
1.246011012677904262e+01,7.801354386383020075e-11
1.246344348957379289e+01,1.892376526338283842e-10
1.246677685236854494e+01,3.880936285918368083e-11
1.247011021516329521e+01,9.934378900516594906e-11
1.247344357795804548e+01,3.637546921367569047e-13
1.247677694075279753e+01,2.168357063973783552e-10
1.248011030354754780e+01,4.298241699694833800e-10
1.248344366634229807e+01,5.078464431882423365e-11
1.248677702913705012e+01,1.567256163717407322e-11
1.249011039193180039e+01,1.542048405835318719e-10
1.249344375472655244e+01,1.740355356275136513e-10
1.249677711752130271e+01,2.423718471189743429e-11
1.250011048031605299e+01,1.709849822549773711e-10
1.250344384311080503e+01,6.735858975271010452e-11
1.250677720590555531e+01,5.142351562030411957e-11
1.251011056870030735e+01,1.439225897270440348e-10
1.251344393149505763e+01,1.394471867248993015e-10
1.251677729428980790e+01,5.076293715382469428e-11
1.252011065708455995e+01,3.144953154734006632e-11
1.252344401987931022e+01,6.427002739503565884e-12
1.252677738267406049e+01,2.396776386233937471e-10
1.253011074546881254e+01,9.876395474149095475e-11
1.253344410826356281e+01,1.366001979506087322e-10
1.253677747105831486e+01,7.768593343060679772e-11
1.254011083385306513e+01,4.569936571727657841e-11
1.254344419664781540e+01,6.042140687935769908e-11
1.254677755944256745e+01,9.646880623255590940e-11
1.255011092223731772e+01,2.256630068724616791e-13
1.255344428503206800e+01,1.378360076517024281e-10
1.255677764782682004e+01,1.267191705985377085e-10
1.256011101062157032e+01,7.951218462019785669e-11
1.256344437341632236e+01,4.730108483835084633e-11
1.256677773621107264e+01,1.244750492776240419e-10
1.257011109900582291e+01,6.826959931899360352e-11
1.257344446180057496e+01,2.702693106812804120e-11
1.257677782459532523e+01,1.271222321217840878e-10
1.258011118739007728e+01,1.479027365107434484e-10
1.258344455018482755e+01,7.288421142344751296e-11
1.258677791297957782e+01,9.340291696385721464e-11
1.259011127577432987e+01,1.688278079028229523e-11
1.259344463856908014e+01,1.336523957771033744e-10
1.259677800136383041e+01,5.869039686866694067e-11
1.260011136415858246e+01,7.568952421165642480e-11
1.260344472695333273e+01,6.052673112465621191e-11
1.260677808974808478e+01,5.857140139012215710e-11
1.261011145254283505e+01,1.346477529688790712e-10
1.261344481533758533e+01,9.071589754138530794e-12
1.261677817813233737e+01,1.221543307649055105e-10
1.262011154092708765e+01,2.560304684398812910e-10
1.262344490372183792e+01,1.540134721904702082e-10
1.262677826651658997e+01,7.845565177003040333e-11
1.263011162931134024e+01,1.080286429958150083e-10
1.263344499210609229e+01,5.824898383506419488e-12
1.263677835490084256e+01,6.696456727290985164e-11
1.264011171769559283e+01,1.343649149920112436e-11
1.264344508049034488e+01,5.090493114563933476e-11
1.264677844328509515e+01,4.829069959801079741e-11
1.265011180607984720e+01,6.684173526808343196e-11
1.265344516887459747e+01,3.262264864160069352e-10
1.265677853166934774e+01,1.193111483801392934e-10
1.266011189446409979e+01,2.576834581873745695e-11
1.266344525725885006e+01,7.545646111804629528e-12
1.266677862005360033e+01,4.880518855772628085e-11
1.267011198284835238e+01,4.012461114554009303e-12
1.267344534564310266e+01,6.251970460167395354e-11
1.267677870843785470e+01,1.790602336947637294e-10
1.268011207123260498e+01,1.818414780466557549e-10
1.268344543402735525e+01,3.740080332832581439e-11
1.268677879682210730e+01,1.127241959918899739e-11
1.269011215961685757e+01,1.297938276507764023e-10
1.269344552241160784e+01,1.471009618200503095e-10
1.269677888520635989e+01,4.660302157474847527e-11
1.270011224800111016e+01,1.265918056220774581e-10
1.270344561079586221e+01,1.333561118279491178e-10
1.270677897359061248e+01,1.132999404453786407e-11
1.271011233638536275e+01,2.046254172232350441e-11
1.271344569918011480e+01,3.329341893357281576e-12
1.271677906197486507e+01,6.476375251764160001e-11
1.272011242476961534e+01,2.353428915780537905e-12
1.272344578756436739e+01,6.709264842826095033e-11
1.272677915035911766e+01,9.862270494926745426e-12
1.273011251315386971e+01,3.858590503909067587e-11
1.273344587594861999e+01,2.219640545446485208e-10
1.273677923874337026e+01,4.637985854682282816e-11
1.274011260153812231e+01,2.054363492816480089e-11
1.274344596433287258e+01,5.862478821239281188e-11
1.274677932712762463e+01,4.310969726366803679e-12
1.275011268992237490e+01,1.089791716592552590e-10
1.275344605271712517e+01,1.509018153094305971e-10
1.275677941551187722e+01,6.590399839959344818e-11
1.276011277830662749e+01,2.817948121746627819e-11
1.276344614110137776e+01,2.829745148026168779e-11
1.276677950389612981e+01,1.383518682619772877e-10
1.277011286669088008e+01,5.849070375711720306e-12
1.277344622948563213e+01,1.192279258428089454e-10
1.277677959228038240e+01,1.314155603903211658e-10
1.278011295507513267e+01,1.005651670437986480e-10
1.278344631786988472e+01,7.676552460105579757e-11
1.278677968066463499e+01,1.132135548613540277e-10
1.279011304345938527e+01,6.273045303790128971e-13
1.279344640625413732e+01,3.618249416358267758e-10
1.279677976904888759e+01,4.032007050723046465e-11
1.280011313184363964e+01,1.692727886988203611e-10
1.280344649463838991e+01,1.166667300193734832e-10
1.280677985743314018e+01,5.708419292714798873e-11
1.281011322022789223e+01,6.607264741026980364e-11
1.281344658302264250e+01,1.855054901834147722e-10
1.281677994581739455e+01,1.513785013690192613e-10
1.282011330861214482e+01,3.389646377878691574e-11
1.282344667140689509e+01,1.955783651279936931e-11
1.282678003420164714e+01,1.256910042706568235e-10
1.283011339699639741e+01,1.456230049206454876e-11
1.283344675979114768e+01,3.458707543322164387e-10
1.283678012258589973e+01,2.319270344351757146e-10
1.284011348538065000e+01,4.412021603492721073e-11
1.284344684817540205e+01,1.584689117524520898e-11
1.284678021097015232e+01,7.540459508307011946e-11
1.285011357376490260e+01,7.525961862859986981e-12
1.285344693655965465e+01,1.481838019983650612e-10
1.285678029935440492e+01,1.637733676490651348e-11
1.286011366214915519e+01,4.079966330964824773e-11
1.286344702494390724e+01,6.560036925943576221e-11
1.286678038773865751e+01,1.506726218336034656e-11
1.287011375053340956e+01,8.261500049082073873e-11
1.287344711332815983e+01,3.162302702627092818e-12
1.287678047612291010e+01,1.066476680061207740e-10
1.288011383891766215e+01,8.275926544939249523e-11
1.288344720171241242e+01,1.948951872200550724e-11
1.288678056450716447e+01,5.221416787184397904e-11
1.289011392730191474e+01,8.787262303841160976e-12
1.289344729009666501e+01,4.721574724124123517e-11
1.289678065289141706e+01,1.709855688768096234e-11
1.290011401568616733e+01,1.306461039173740748e-10
1.290344737848091761e+01,2.429406560192497084e-11
1.290678074127566966e+01,1.064480788789496758e-11
1.291011410407041993e+01,5.912723759916431678e-11
1.291344746686517198e+01,1.543065374705908239e-10
1.291678082965992225e+01,2.003113384735515830e-10
1.292011419245467252e+01,2.625968404504507035e-10
1.292344755524942457e+01,5.966369244120634105e-11
1.292678091804417484e+01,2.464311685262760173e-12
1.293011428083892511e+01,8.085627102365315704e-11
1.293344764363367716e+01,6.415198200944148454e-13
1.293678100642842743e+01,8.747276936880102077e-11
1.294011436922317948e+01,1.839944351215421166e-11
1.294344773201792975e+01,4.923614356016177437e-12
1.294678109481268002e+01,1.049294600956157311e-11
1.295011445760743207e+01,6.537793151337274093e-11
1.295344782040218234e+01,4.694585848838591285e-11
1.295678118319693439e+01,1.608254785227080071e-10
1.296011454599168466e+01,2.499193940121037273e-11
1.296344790878643494e+01,2.527503713317560686e-11
1.296678127158118699e+01,8.659496980625205201e-11
1.297011463437593726e+01,1.817756560780848395e-11
1.297344799717068753e+01,6.467874087858254591e-11
1.297678135996543958e+01,8.966785236531277557e-11
1.298011472276018985e+01,6.092157061784147482e-11
1.298344808555494190e+01,4.615685841396579553e-11
1.298678144834969217e+01,4.829892972378264611e-12
1.299011481114444244e+01,2.182599523351687592e-11
1.299344817393919449e+01,1.969930013900219307e-11
1.299678153673394476e+01,5.319499721346966876e-11
1.300011489952869503e+01,8.871497109081860560e-11
1.300344826232344708e+01,5.633603248797862621e-11
1.300678162511819735e+01,1.203372106344475039e-10
1.301011498791294940e+01,3.578164941006998470e-10
1.301344835070769967e+01,3.984554472497110944e-11
1.301678171350244995e+01,1.665323216102873237e-10
1.302011507629720199e+01,5.085959559939680295e-11
1.302344843909195227e+01,2.470389506664191805e-11
1.302678180188670254e+01,3.428673299606954769e-11
1.303011516468145459e+01,2.078804475809640250e-11
1.303344852747620486e+01,5.419723106313363930e-10
1.303678189027095691e+01,1.200838815673016590e-10
1.304011525306570718e+01,3.407825286468337166e-11
1.304344861586045745e+01,1.800651860822529577e-10
1.304678197865520950e+01,1.290356415960337132e-10
1.305011534144995977e+01,3.625677305999908461e-10
1.305344870424471182e+01,1.097363412602363601e-10
1.305678206703946209e+01,4.580513154111715016e-11
1.306011542983421236e+01,1.249854069790949400e-10
1.306344879262896441e+01,5.876236723720677677e-12
1.306678215542371468e+01,1.835177672936004044e-11
1.307011551821846496e+01,6.978259078595687707e-11
1.307344888101321700e+01,9.394534500180934177e-12
1.307678224380796728e+01,8.938370862961224624e-11
1.308011560660271932e+01,5.543491010614393264e-11
1.308344896939746960e+01,1.116747568742429917e-11
1.308678233219221987e+01,5.009058022511227011e-11
1.309011569498697192e+01,7.876059194868364753e-12
1.309344905778172219e+01,5.338423017044388668e-11
1.309678242057647246e+01,1.989459806520050535e-11
1.310011578337122451e+01,1.491224543674890032e-10
1.310344914616597478e+01,1.515127205838051565e-11
1.310678250896072683e+01,4.758997786342862365e-11
1.311011587175547710e+01,6.642511318264200916e-11
1.311344923455022737e+01,2.471613927969395404e-10
1.311678259734497942e+01,1.587137248484441285e-11
1.312011596013972969e+01,8.557321912390616134e-11
1.312344932293448174e+01,8.079806868766957537e-11
1.312678268572923201e+01,3.290748126292573784e-10
1.313011604852398229e+01,1.105845483669299230e-10
1.313344941131873433e+01,2.075149337978808448e-12
1.313678277411348461e+01,3.817577231238367887e-11
1.314011613690823488e+01,2.473090744584070734e-10
1.314344949970298693e+01,1.446327902712384881e-11
1.314678286249773720e+01,1.161053727224303154e-10
1.315011622529248925e+01,9.938741571003254705e-11
1.315344958808723952e+01,2.775491424827281521e-10
1.315678295088198979e+01,8.079417776154639372e-12
1.316011631367674184e+01,1.269376276186717061e-10
1.316344967647149211e+01,5.828247235501091020e-11
1.316678303926624238e+01,5.202834170422221681e-11
1.317011640206099443e+01,1.148393571720240456e-10
1.317344976485574470e+01,1.093038940809093910e-10
1.317678312765049675e+01,5.869626405363163476e-13
1.318011649044524702e+01,1.610577357246889557e-11
1.318344985323999730e+01,4.771915783937968551e-12
1.318678321603474934e+01,1.598644744126898834e-10
1.319011657882949962e+01,1.225531343185991845e-11
1.319344994162425166e+01,1.486001987914495965e-10
1.319678330441900194e+01,9.181138591858675430e-11
1.320011666721375221e+01,1.848895605701500429e-11
1.320345003000850426e+01,8.786649126857519516e-12
1.320678339280325453e+01,8.151061412152565374e-12
1.321011675559800480e+01,9.134583283667639020e-13
1.321345011839275685e+01,2.286247421550796195e-11
1.321678348118750712e+01,4.989351441116699122e-11
1.322011684398225917e+01,2.946946198043898380e-11
1.322345020677700944e+01,1.389118590085889091e-10
1.322678356957175971e+01,1.027751301742972424e-10
1.323011693236651176e+01,1.116730305268707702e-10
1.323345029516126203e+01,8.135421170676383681e-11
1.323678365795601231e+01,6.713530424905392467e-10
1.324011702075076435e+01,1.575107198560858855e-10
1.324345038354551463e+01,2.185784119307535805e-11
1.324678374634026667e+01,4.656833359413753977e-11
1.325011710913501695e+01,9.771949172622417182e-11
1.325345047192976722e+01,1.362438971892971620e-10
1.325678383472451927e+01,2.479037625871081112e-11
1.326011719751926954e+01,1.610491782584907162e-10
1.326345056031401981e+01,4.137370532884140813e-11
1.326678392310877186e+01,2.447713415736562724e-11
1.327011728590352213e+01,7.360548081281705410e-11
1.327345064869827418e+01,5.218067307448187091e-11
1.327678401149302445e+01,7.874487600990334366e-11
1.328011737428777472e+01,2.678382413416854490e-10
1.328345073708252677e+01,3.987665865343591184e-11
1.328678409987727704e+01,1.500705040562922630e-10
1.329011746267202909e+01,3.905453757444620573e-11
1.329345082546677936e+01,2.905835965699237985e-10
1.329678418826152964e+01,1.343249107255330159e-11
1.330011755105628168e+01,9.863406687509479842e-11
1.330345091385103196e+01,2.040737545877198207e-10
1.330678427664578223e+01,5.723965538441915716e-11
1.331011763944053428e+01,2.483709403895518083e-10
1.331345100223528455e+01,1.673233585662719080e-10
1.331678436503003660e+01,1.229545397410827582e-10
1.332011772782478687e+01,4.760489046364554727e-10
1.332345109061953714e+01,1.872851070426380649e-10
1.332678445341428919e+01,1.335462599442784834e-10
1.333011781620903946e+01,2.405460138689718496e-10
1.333345117900378973e+01,1.807255916084173710e-10
1.333678454179854178e+01,7.957860106446239352e-12
1.334011790459329205e+01,3.449627932056286801e-11
1.334345126738804410e+01,6.573837702275316413e-11
1.334678463018279437e+01,3.719319817593139734e-11
1.335011799297754465e+01,1.563881431474547506e-10
1.335345135577229669e+01,6.900335748988289317e-11
1.335678471856704697e+01,1.152817162609304893e-10
1.336011808136179901e+01,1.626497244749187153e-10
1.336345144415654929e+01,1.259324434587829505e-10
1.336678480695129956e+01,1.798849867432069931e-12
1.337011816974605161e+01,2.386735980456659896e-10
1.337345153254080188e+01,1.943810753661279028e-11
1.337678489533555215e+01,2.471153634360303211e-11
1.338011825813030420e+01,3.100001008383222396e-11
1.338345162092505447e+01,1.214475769410847185e-11
1.338678498371980652e+01,1.510430610720741392e-10
1.339011834651455679e+01,2.068054713232026884e-10
1.339345170930930706e+01,1.674737305247135162e-11
1.339678507210405911e+01,2.570483841782195894e-11
1.340011843489880938e+01,1.225953121769091210e-10
1.340345179769355966e+01,6.256250546512706420e-11
1.340678516048831170e+01,2.211574621443679460e-10
1.341011852328306198e+01,1.724302563972648808e-11
1.341345188607781402e+01,1.491069948317241598e-11
1.341678524887256430e+01,4.721911717312293779e-11
1.342011861166731457e+01,5.392127240332856579e-11
1.342345197446206662e+01,3.741701526112630880e-11
1.342678533725681689e+01,4.351099292189581476e-11
1.343011870005156894e+01,9.572468366284676205e-11
1.343345206284631921e+01,1.014849449672103856e-11
1.343678542564106948e+01,8.570906809013321088e-12
1.344011878843582153e+01,2.668753690011542424e-11
1.344345215123057180e+01,7.111899733420268588e-11
1.344678551402532207e+01,8.614661832650296755e-11
1.345011887682007412e+01,5.092536155216394154e-11
1.345345223961482439e+01,8.835931215283976061e-11
1.345678560240957644e+01,2.153388797216817472e-11
1.346011896520432671e+01,4.320184857566151358e-11
1.346345232799907699e+01,1.550525768327076115e-10
1.346678569079382903e+01,1.416856155354400716e-10
1.347011905358857931e+01,1.952809020955395744e-11
1.347345241638332958e+01,1.702116707326590530e-11
1.347678577917808163e+01,1.398337493558716943e-10
1.348011914197283190e+01,2.948099536368959906e-11
1.348345250476758395e+01,1.116341108071846013e-11
1.348678586756233422e+01,5.093409303557131536e-11
1.349011923035708449e+01,1.499677306995390395e-10
1.349345259315183654e+01,1.699289015345241963e-11
1.349678595594658681e+01,1.302282742444773283e-11
1.350011931874133886e+01,2.622279009463085130e-10
1.350345268153608913e+01,1.149751264947841232e-10
1.350678604433083940e+01,3.471756600065987806e-11
1.351011940712559145e+01,2.050465028776701556e-10
1.351345276992034172e+01,4.759571179604282812e-11
1.351678613271509199e+01,2.145948794796459106e-10
1.352011949550984404e+01,3.568336393489253787e-12
1.352345285830459432e+01,1.056132485987945060e-10
1.352678622109934636e+01,1.542724015326523158e-10
1.353011958389409664e+01,1.739057312771130223e-11
1.353345294668884691e+01,1.379421602615492594e-10
1.353678630948359896e+01,4.200162751109436246e-11
1.354011967227834923e+01,1.167649078827249552e-11
1.354345303507309950e+01,1.208274861556663156e-11
1.354678639786785155e+01,3.937866804908117273e-11
1.355011976066260182e+01,2.057596621766684865e-11
1.355345312345735387e+01,6.665561310128792983e-11
1.355678648625210414e+01,2.003173410898014634e-10
1.356011984904685441e+01,1.365936471281612432e-11
1.356345321184160646e+01,3.723747642127949522e-11
1.356678657463635673e+01,5.513336728581348720e-11
1.357011993743110700e+01,6.652526736512568111e-11
1.357345330022585905e+01,1.202113144392677116e-10
1.357678666302060932e+01,8.178634438434242335e-12
1.358012002581536137e+01,5.308823139453675747e-11
1.358345338861011165e+01,4.674539414034115312e-11
1.358678675140486192e+01,7.954796627129461439e-11
1.359012011419961397e+01,6.203499568193538644e-11
1.359345347699436424e+01,6.484975771881828140e-11
1.359678683978911629e+01,6.585348824838370820e-11
1.360012020258386656e+01,6.085870108291504994e-11
1.360345356537861683e+01,1.843064873486986359e-10
1.360678692817336888e+01,1.042559764127731237e-11
1.361012029096811915e+01,3.278528598309290719e-10
1.361345365376286942e+01,1.042531002192035034e-10
1.361678701655762147e+01,6.611697617278160204e-11
1.362012037935237174e+01,1.383950226660896864e-11
1.362345374214712379e+01,4.331328187196356746e-11
1.362678710494187406e+01,6.734381048669530500e-12
1.363012046773662433e+01,5.818374850512561365e-11
1.363345383053137638e+01,1.288121826813318928e-10
1.363678719332612665e+01,1.774836791706705100e-11
1.364012055612087693e+01,7.795150327287249053e-12
1.364345391891562898e+01,1.111420642029599619e-10
1.364678728171037925e+01,2.540898252631342961e-11
1.365012064450513130e+01,5.842349316289852344e-11
1.365345400729988157e+01,4.297240528432638503e-11
1.365678737009463184e+01,1.118740274222144028e-10
1.366012073288938389e+01,1.045140546679081848e-11
1.366345409568413416e+01,6.850855183289409274e-11
1.366678745847888621e+01,8.254896116783290727e-11
1.367012082127363648e+01,6.214915328835257226e-11
1.367345418406838675e+01,3.609701133956521216e-11
1.367678754686313880e+01,4.508595007169926360e-10
1.368012090965788907e+01,1.205839942887918908e-10
1.368345427245263934e+01,9.549364937477474391e-11
1.368678763524739139e+01,4.508204548435187132e-11
1.369012099804214166e+01,1.445808826946322462e-10
1.369345436083689371e+01,5.366804324755648287e-11
1.369678772363164398e+01,3.370360157735980371e-11
1.370012108642639426e+01,5.358340511829690090e-11
1.370345444922114631e+01,1.332869441026105201e-10
1.370678781201589658e+01,8.094195994593324016e-11
1.371012117481064685e+01,2.526342794941207971e-11
1.371345453760539890e+01,2.409077819939141971e-10
1.371678790040014917e+01,8.356777222713107366e-11
1.372012126319490122e+01,1.906188251099286557e-10
1.372345462598965149e+01,5.971184049603415287e-11
1.372678798878440176e+01,2.506544287766924083e-10
1.373012135157915381e+01,2.281959181049405788e-11
1.373345471437390408e+01,5.867943690122316027e-11
1.373678807716865613e+01,6.445286752969576982e-11
1.374012143996340640e+01,4.637864331701461513e-11
1.374345480275815667e+01,2.808957397917672881e-10
1.374678816555290872e+01,3.674407027461921734e-13
1.375012152834765899e+01,1.006275222519340471e-10
1.375345489114240927e+01,2.743908310737867759e-10
1.375678825393716131e+01,2.708837358295040371e-11
1.376012161673191159e+01,2.268046351206437317e-11
1.376345497952666364e+01,2.360646713887838563e-10
1.376678834232141391e+01,2.613979644791843808e-12
1.377012170511616418e+01,1.125207212170371732e-10
1.377345506791091623e+01,3.242261387959756711e-11
1.377678843070566650e+01,1.527873508720406125e-10
1.378012179350041677e+01,9.671243862523594948e-11
1.378345515629516882e+01,8.309789293369278322e-11
1.378678851908991909e+01,3.106356938036100635e-11
1.379012188188467114e+01,1.226850040005280545e-10
1.379345524467942141e+01,4.146667794123404975e-10
1.379678860747417168e+01,7.732382859108829627e-11
1.380012197026892373e+01,6.523140625723232412e-11
1.380345533306367400e+01,2.282160421921870572e-10
1.380678869585842428e+01,1.764707743318048201e-10
1.381012205865317632e+01,1.990914317696364230e-11
1.381345542144792660e+01,4.158203390858983254e-11
1.381678878424267864e+01,5.027504476320364165e-11
1.382012214703742892e+01,3.545858060058431414e-13
1.382345550983217919e+01,2.405809039416834724e-10
1.382678887262693124e+01,6.336677193703049555e-11
1.383012223542168151e+01,4.125902764662151730e-11
1.383345559821643356e+01,4.239734140910688410e-11
1.383678896101118383e+01,1.707769758918719162e-11
1.384012232380593410e+01,1.918351568616277498e-10
1.384345568660068615e+01,1.235678831894880714e-10
1.384678904939543642e+01,4.586659167245728891e-11
1.385012241219018669e+01,1.265107455901090446e-11
1.385345577498493874e+01,3.579520314835826639e-11
1.385678913777968901e+01,7.585527650011992248e-11
1.386012250057444106e+01,2.072840497673127809e-10
1.386345586336919133e+01,1.766516476129245289e-10
1.386678922616394161e+01,4.954931850065248747e-11
1.387012258895869365e+01,7.139427743740777535e-11
1.387345595175344393e+01,5.020283333921649950e-10
1.387678931454819420e+01,5.793497887945785701e-11
1.388012267734294625e+01,7.828439121597227773e-12
1.388345604013769652e+01,1.655518785842300908e-10
1.388678940293244857e+01,2.866589703519314511e-11
1.389012276572719884e+01,1.106210003694874114e-10
1.389345612852194911e+01,1.413995228977753011e-10
1.389678949131670116e+01,6.814501533546122648e-11
1.390012285411145143e+01,1.531584452958596654e-11
1.390345621690620348e+01,4.474883479042880430e-10
1.390678957970095375e+01,2.204407563647143885e-10
1.391012294249570402e+01,4.145850681324499104e-12
1.391345630529045607e+01,3.718505829095656308e-10
1.391678966808520634e+01,2.244399337420706771e-11
1.392012303087995662e+01,1.129845327921371699e-10
1.392345639367470866e+01,7.460999852587742185e-12
1.392678975646945894e+01,2.860121931753038014e-11
1.393012311926421098e+01,4.210541162836614743e-11
1.393345648205896126e+01,8.124093275180973469e-12
1.393678984485371153e+01,8.139418981762421834e-11
1.394012320764846358e+01,9.641139758893861648e-11
1.394345657044321385e+01,1.166863035164320221e-10
1.394678993323796412e+01,1.752750502086790635e-11
1.395012329603271617e+01,2.719907180115504109e-10
1.395345665882746644e+01,6.557216507776597854e-11
1.395679002162221849e+01,2.779620297552337263e-10
1.396012338441696876e+01,1.840744232983490218e-13
1.396345674721171903e+01,2.221659212636758769e-10
1.396679011000647108e+01,1.736779964183075313e-10
1.397012347280122135e+01,1.466279028451969222e-10
1.397345683559597340e+01,1.725565466359733480e-11
1.397679019839072367e+01,1.576426559054625872e-11
1.398012356118547395e+01,1.065903076427204797e-11
1.398345692398022599e+01,3.314682529390951954e-10
1.398679028677497627e+01,1.652623213852290978e-12
1.399012364956972654e+01,1.199359063422107491e-10
1.399345701236447859e+01,4.948274879003207388e-10
1.399679037515922886e+01,8.732894856785948794e-11
1.400012373795398091e+01,6.436438533026194334e-11
1.400345710074873118e+01,7.176848704802113072e-11
1.400679046354348145e+01,4.040323070105549346e-11
1.401012382633823350e+01,1.350474253082715460e-10
1.401345718913298377e+01,2.131830767294188107e-11
1.401679055192773404e+01,5.007021167852679594e-11
1.402012391472248609e+01,1.226348525608179380e-10
1.402345727751723636e+01,3.080066692674511839e-10
1.402679064031198841e+01,7.398072114679230717e-11
1.403012400310673868e+01,1.808077958887538183e-11
1.403345736590148896e+01,9.944243757719178984e-12
1.403679072869624100e+01,9.310831678309386434e-13
1.404012409149099128e+01,8.197820090829950649e-11
1.404345745428574332e+01,1.191756913637931768e-10
1.404679081708049360e+01,7.421811393849642038e-11
1.405012417987524387e+01,1.229967770303938299e-10
1.405345754266999592e+01,7.449657847148760487e-12
1.405679090546474619e+01,2.763089794195508588e-11
1.406012426825949646e+01,5.986942133189928441e-11
1.406345763105424851e+01,3.934078790186652783e-13
1.406679099384899878e+01,3.796333457544101063e-11
1.407012435664375083e+01,1.936930506674818876e-10
1.407345771943850110e+01,8.527121944193797253e-11
1.407679108223325137e+01,3.409506829764905927e-11
1.408012444502800342e+01,3.126393902036597791e-11
1.408345780782275369e+01,1.309582246772919071e-11
1.408679117061750397e+01,2.973218769781525751e-11
1.409012453341225601e+01,1.154422850693325325e-10
1.409345789620700629e+01,4.617852404739093192e-11
1.409679125900175833e+01,6.133556641549747887e-11
1.410012462179650861e+01,4.147668234454453168e-11
1.410345798459125888e+01,1.157404972156279963e-10
1.410679134738601093e+01,1.619955631098792998e-10
1.411012471018076120e+01,1.126892531543251183e-11
1.411345807297551147e+01,2.773934498522660200e-11
1.411679143577026352e+01,1.994101765077952932e-11
1.412012479856501379e+01,1.984677676651135232e-11
1.412345816135976584e+01,2.533434127981936185e-11
1.412679152415451611e+01,4.597790625335575278e-11
1.413012488694926638e+01,1.063819731952832226e-10
1.413345824974401843e+01,4.908789474038529511e-11
1.413679161253876870e+01,3.651427774678232520e-10
1.414012497533352075e+01,7.238620857084711508e-11
1.414345833812827102e+01,9.040817134630584415e-11
1.414679170092302130e+01,1.489916671974818815e-10
1.415012506371777334e+01,3.678129143839341070e-11
1.415345842651252362e+01,2.307396878082549041e-10
1.415679178930727389e+01,2.870574186199894977e-12
1.416012515210202594e+01,2.603977663096542512e-10
1.416345851489677621e+01,1.075833139863639456e-10
1.416679187769152826e+01,3.056509777886495841e-11
1.417012524048627853e+01,1.370586982060371464e-10
1.417345860328102880e+01,2.650945278742663729e-12
1.417679196607578085e+01,8.027602497933826173e-11
1.418012532887053112e+01,7.490700994012435921e-11
1.418345869166528139e+01,2.173430208829489107e-11
1.418679205446003344e+01,6.296461854371236623e-12
1.419012541725478371e+01,1.860082045866153291e-10
1.419345878004953576e+01,5.282999504966472248e-11
1.419679214284428603e+01,1.967893673770480948e-12
1.420012550563903631e+01,1.832240842951640410e-10
1.420345886843378835e+01,1.492427328714034653e-11
1.420679223122853863e+01,5.061821554717806468e-12
1.421012559402329067e+01,8.725230060157624360e-11
1.421345895681804095e+01,3.534467136238543066e-10
1.421679231961279122e+01,5.334794920491948931e-11
1.422012568240754327e+01,1.445047619545427170e-10
1.422345904520229354e+01,1.733636929860885432e-10
1.422679240799704381e+01,1.726296183226725604e-10
1.423012577079179586e+01,6.428555166763724135e-12
1.423345913358654613e+01,9.223000538323714377e-11
1.423679249638129818e+01,3.371453097235166645e-11
1.424012585917604845e+01,7.639783152286698584e-12
1.424345922197079872e+01,3.543542419462459676e-11
1.424679258476555077e+01,1.532593536939306343e-10
1.425012594756030104e+01,1.118916387373460997e-10
1.425345931035505131e+01,3.814736731277631600e-11
1.425679267314980336e+01,1.864062841551474557e-11
1.426012603594455364e+01,1.483331601318589567e-10
1.426345939873930568e+01,9.173586599281739957e-11
1.426679276153405596e+01,2.414841835170259529e-10
1.427012612432880623e+01,7.741876233203404476e-11
1.427345948712355828e+01,2.309447099942661562e-12
1.427679284991830855e+01,2.494448854902401214e-11
1.428012621271306060e+01,9.380789263282486803e-11
1.428345957550781087e+01,2.122333691835119510e-11
1.428679293830256114e+01,3.475396506967148051e-10
1.429012630109731319e+01,5.520829350069455668e-11
1.429345966389206346e+01,7.013979314178589756e-11
1.429679302668681373e+01,3.777781649244450065e-11
1.430012638948156578e+01,2.916852070269021450e-11
1.430345975227631605e+01,1.490031829946103607e-10
1.430679311507106810e+01,4.117573601565834897e-11
1.431012647786581837e+01,1.354710505700880391e-12
1.431345984066056864e+01,5.808568220239246341e-11
1.431679320345532069e+01,3.046955026166907860e-11
1.432012656625007097e+01,4.773886391224842667e-11
1.432345992904482124e+01,1.290259228379992342e-10
1.432679329183957329e+01,1.882484261596323700e-10
1.433012665463432356e+01,9.569815517679460901e-11
1.433346001742907561e+01,6.605638219183801639e-11
1.433679338022382588e+01,5.610540025295970369e-12
1.434012674301857615e+01,2.677512977223519798e-11
1.434346010581332820e+01,7.697443545945946292e-11
1.434679346860807847e+01,1.762017023934714093e-11
1.435012683140282874e+01,2.022244635398086248e-11
1.435346019419758079e+01,1.813622871052152960e-10
1.435679355699233106e+01,1.662025365150461754e-10
1.436012691978708311e+01,2.898521780131222283e-10
1.436346028258183338e+01,2.069624772027746260e-11
1.436679364537658365e+01,2.176699408987160261e-11
1.437012700817133570e+01,9.213872843015592321e-11
1.437346037096608597e+01,6.274115711698481653e-11
1.437679373376083802e+01,6.888229462700633421e-11
1.438012709655558830e+01,7.148533395271256813e-13
1.438346045935033857e+01,2.802310006284698899e-10
1.438679382214509062e+01,5.986817473900699954e-11
1.439012718493984089e+01,1.637094144625132642e-10
1.439346054773459116e+01,1.593691380044038527e-10
1.439679391052934321e+01,1.105093148246280039e-10
1.440012727332409348e+01,2.506623877980697406e-11
1.440346063611884553e+01,4.111638528625296258e-11
1.440679399891359580e+01,1.316424442437214385e-11
1.441012736170834607e+01,1.810473447159818207e-10
1.441346072450309812e+01,1.221191644488312404e-11
1.441679408729784839e+01,1.107555307552504392e-10
1.442012745009259866e+01,1.892181467595817032e-10
1.442346081288735071e+01,6.429247437139150484e-11
1.442679417568210098e+01,1.559140483909920342e-10
1.443012753847685303e+01,2.222943691317502429e-11
1.443346090127160330e+01,6.517363032127388156e-11
1.443679426406635358e+01,1.078175050355757293e-10
1.444012762686110563e+01,3.240203622742689720e-11
1.444346098965585590e+01,5.221088120071571606e-11
1.444679435245060795e+01,5.834046600180608406e-11
1.445012771524535822e+01,7.485386817340836209e-11
1.445346107804010849e+01,3.927810664072453604e-11
1.445679444083486054e+01,1.404105417245716664e-12
1.446012780362961081e+01,1.095414043275298481e-12
1.446346116642436108e+01,1.224637075671286640e-11
1.446679452921911313e+01,2.881417597065218644e-11
1.447012789201386340e+01,3.562697343197374322e-12
1.447346125480861545e+01,1.868947602432037033e-11
1.447679461760336572e+01,1.994028128536603625e-11
1.448012798039811599e+01,7.606970898822041375e-11
1.448346134319286804e+01,8.607354523321895076e-11
1.448679470598761831e+01,1.803777533919949374e-10
1.449012806878236859e+01,6.311252638519721541e-11
1.449346143157712063e+01,1.471861757198405057e-11
1.449679479437187091e+01,2.249160219357550999e-11
1.450012815716662296e+01,7.854657421189628156e-12
1.450346151996137323e+01,1.354633328786981975e-10
1.450679488275612350e+01,5.665861823274653447e-11
1.451012824555087555e+01,5.008287387433811541e-11
1.451346160834562582e+01,5.537223785245690364e-11
1.451679497114037787e+01,4.391817478801450351e-11
1.452012833393512814e+01,2.298600545308847890e-10
1.452346169672987841e+01,1.704323342449206085e-11
1.452679505952463046e+01,3.935411577482934908e-11
1.453012842231938073e+01,2.454264303394896769e-10
1.453346178511413100e+01,6.786003066885974579e-11
1.453679514790888305e+01,2.690325870261062607e-10
1.454012851070363332e+01,1.586178761038026422e-10
1.454346187349838537e+01,3.617825780832282689e-10
1.454679523629313564e+01,2.162329627759801520e-11
1.455012859908788592e+01,5.747836747018604807e-11
1.455346196188263797e+01,1.621474412893657628e-10
1.455679532467738824e+01,4.288790683834562472e-11
1.456012868747213851e+01,7.023465658124310365e-11
1.456346205026689056e+01,1.830936555680554430e-11
1.456679541306164083e+01,3.379915343992316990e-10
1.457012877585639288e+01,6.603245394378264402e-12
1.457346213865114315e+01,1.237014030480384225e-10
1.457679550144589342e+01,1.121345165032513508e-11
1.458012886424064547e+01,3.544144720597403963e-10
1.458346222703539574e+01,8.140109826969437911e-11
1.458679558983014779e+01,9.742903468529432652e-11
1.459012895262489806e+01,1.323475486178136712e-10
1.459346231541964833e+01,2.405626169306627736e-11
1.459679567821440038e+01,1.374551755112936970e-10
1.460012904100915065e+01,4.904871748546942953e-11
1.460346240380390093e+01,1.744702500449429862e-11
1.460679576659865297e+01,8.964610678032499553e-12
1.461012912939340325e+01,1.446552454306200095e-11
1.461346249218815530e+01,1.221679585966140759e-11
1.461679585498290557e+01,9.406724707491419233e-11
1.462012921777765584e+01,4.943341190158614405e-11
1.462346258057240789e+01,7.196214223666716387e-11
1.462679594336715816e+01,3.988538890797026781e-11
1.463012930616190843e+01,2.510264612859015924e-10
1.463346266895666048e+01,7.672929133534335078e-11
1.463679603175141075e+01,4.001209041746168987e-11
1.464012939454616280e+01,1.825747484019365239e-11
1.464346275734091307e+01,1.339014274704312668e-11
1.464679612013566334e+01,2.292028261478782160e-10
1.465012948293041539e+01,3.541246978942490415e-11
1.465346284572516566e+01,3.122201697850954170e-11
1.465679620851991594e+01,3.936811331124894733e-11
1.466012957131466798e+01,4.881208052699135539e-11
1.466346293410941826e+01,8.241723780673851039e-11
1.466679629690417030e+01,1.340409495884346083e-10
1.467012965969892058e+01,6.771733115945295749e-12
1.467346302249367085e+01,5.289470563824706728e-12
1.467679638528842290e+01,1.800243385987184447e-10
1.468012974808317317e+01,9.539243266304178190e-11
1.468346311087792522e+01,2.552387566910013720e-10
1.468679647367267549e+01,1.242950439360368973e-10
1.469012983646742576e+01,1.503678896315326322e-10
1.469346319926217781e+01,7.886017208241614876e-11
1.469679656205692808e+01,1.475738024719275985e-11
1.470012992485167835e+01,1.717017296847069935e-10
1.470346328764643040e+01,3.061118416503846245e-10
1.470679665044118067e+01,4.885073297159690656e-11
1.471013001323593272e+01,7.909144989378108344e-11
1.471346337603068299e+01,2.439410523056739063e-11
1.471679673882543327e+01,2.535502066067171225e-10
1.472013010162018531e+01,1.109252987041556798e-10
1.472346346441493559e+01,1.476406305778374426e-10
1.472679682720968586e+01,2.191517215181893810e-10
1.473013019000443791e+01,8.041895364778039052e-11
1.473346355279918818e+01,1.121876801690780994e-11
1.473679691559394023e+01,1.161807292732173206e-11
1.474013027838869050e+01,2.577179444792595727e-10
1.474346364118344077e+01,8.912813749116776699e-12
1.474679700397819282e+01,4.418951666090103899e-10
1.475013036677294309e+01,1.155858614786547760e-10
1.475346372956769514e+01,6.231426812636355890e-11
1.475679709236244541e+01,6.120736961494739410e-11
1.476013045515719568e+01,6.355791466329680192e-12
1.476346381795194773e+01,7.539466743181503081e-11
1.476679718074669800e+01,1.722999901040437238e-11
1.477013054354144828e+01,2.702303388311999170e-10
1.477346390633620032e+01,1.333334892858562855e-10
1.477679726913095060e+01,5.564681112308148129e-13
1.478013063192570264e+01,1.738310462258994373e-10
1.478346399472045292e+01,5.156016532652773649e-11
1.478679735751520319e+01,1.208691533423466464e-11
1.479013072030995524e+01,6.206495150380288094e-11
1.479346408310470551e+01,4.317050407216784244e-11
1.479679744589945578e+01,1.770079507853870961e-11
1.480013080869420783e+01,7.128786296744504769e-11
1.480346417148895810e+01,5.422961994536268178e-11
1.480679753428371015e+01,1.729181717804783505e-10
1.481013089707846042e+01,1.101620749967548281e-10
1.481346425987321069e+01,3.725506514476885037e-11
1.481679762266796274e+01,8.497616224846689158e-11
1.482013098546271301e+01,2.916927034570650123e-11
1.482346434825746506e+01,3.053682345836187703e-11
1.482679771105221533e+01,3.093402669558228366e-10
1.483013107384696561e+01,4.101522967990101698e-11
1.483346443664171765e+01,2.145090552372620907e-11
1.483679779943646793e+01,9.530702190725974563e-11
1.484013116223121820e+01,2.439813790610936746e-11
1.484346452502597025e+01,5.155524596444862039e-11
1.484679788782072052e+01,1.411015012365241955e-10
1.485013125061547257e+01,1.066677496455024283e-10
1.485346461341022284e+01,4.990260813274018353e-11
1.485679797620497311e+01,1.375452516720974935e-10
1.486013133899972516e+01,5.700082840452510634e-12
1.486346470179447543e+01,2.445161532512695996e-10
1.486679806458922570e+01,2.570654002998223773e-11
1.487013142738397775e+01,3.661847189083815264e-11
1.487346479017872802e+01,1.739949877444865927e-10
1.487679815297348007e+01,1.223410041523893312e-11
1.488013151576823034e+01,6.532852278323887399e-11
1.488346487856298062e+01,1.786243790816387720e-11
1.488679824135773266e+01,7.873947360727107024e-11
1.489013160415248294e+01,7.264570985085525887e-11
1.489346496694723321e+01,1.823148871937199079e-10
1.489679832974198526e+01,4.085665206521663833e-10
1.490013169253673553e+01,1.744160877744054160e-12
1.490346505533148758e+01,1.050073098239236780e-10
1.490679841812623785e+01,3.647441281714349821e-12
1.491013178092098812e+01,1.032091783786201363e-10
1.491346514371574017e+01,1.604824200668153838e-10
1.491679850651049044e+01,1.300200287971583480e-11
1.492013186930524249e+01,1.812419711962205469e-10
1.492346523209999276e+01,3.629626778584928306e-11
1.492679859489474303e+01,2.986424575011257434e-10
1.493013195768949508e+01,7.981987359860677592e-11
1.493346532048424535e+01,9.964570165527759804e-11
1.493679868327899563e+01,1.195539910620294213e-10
1.494013204607374767e+01,3.192649064333205344e-11
1.494346540886849795e+01,2.410176937874225298e-12
1.494679877166324999e+01,4.710262218530119481e-10
1.495013213445800027e+01,1.452143132321028186e-11
1.495346549725275054e+01,1.090203155347597255e-10
1.495679886004750259e+01,5.006454535148274842e-11
1.496013222284225286e+01,2.613339133242512208e-11
1.496346558563700313e+01,8.294723208805402901e-12
1.496679894843175518e+01,1.601579672242962177e-13
1.497013231122650545e+01,1.064003891061651555e-11
1.497346567402125750e+01,1.680774745589361167e-11
1.497679903681600777e+01,3.526236554366730554e-11
1.498013239961075804e+01,9.676746202827162543e-12
1.498346576240551009e+01,3.312098565145621565e-11
1.498679912520026036e+01,8.641217093526366417e-11
1.499013248799501241e+01,2.919496374234192551e-11
1.499346585078976268e+01,3.266173443117939030e-11
1.499679921358451296e+01,1.539812275172806774e-11
1.500013257637926500e+01,2.744638649948988319e-10
1.500346593917401528e+01,2.655379931536072843e-11
1.500679930196876555e+01,3.871710733828486152e-10
1.501013266476351760e+01,1.029763056640362673e-10
1.501346602755826787e+01,7.942062452736269914e-11
1.501679939035301992e+01,4.319847074772833044e-11
1.502013275314777019e+01,2.493381827123142148e-10
1.502346611594252046e+01,4.483120363651800003e-11
1.502679947873727251e+01,5.088012240188397742e-11
1.503013284153202278e+01,9.489406784516849191e-11
1.503346620432677305e+01,2.615959793569722867e-11
1.503679956712152510e+01,1.360007619261197264e-10
1.504013292991627537e+01,2.224199727589505448e-10
1.504346629271102742e+01,6.955271002715362088e-11
1.504679965550577769e+01,5.161401337714881898e-11
1.505013301830052797e+01,4.744526088060105988e-11
1.505346638109528001e+01,1.070914083205550753e-12
1.505679974389003029e+01,2.147751526584005608e-10
1.506013310668478233e+01,5.587602287913310899e-11
1.506346646947953261e+01,2.493664695468576959e-11
1.506679983227428288e+01,3.220973003240961591e-10
1.507013319506903493e+01,3.501341747120790177e-12
1.507346655786378520e+01,4.081885720189984687e-10
1.507679992065853547e+01,1.224064627435045342e-11
1.508013328345328752e+01,1.820201990756403425e-10
1.508346664624803779e+01,1.196690267942426218e-10
1.508680000904278984e+01,6.504933297603336624e-11
1.509013337183754011e+01,4.009745551892430318e-12
1.509346673463229038e+01,1.033653377084194007e-10
1.509680009742704243e+01,1.493226182965596883e-10
1.510013346022179270e+01,7.730781017388320524e-11
1.510346682301654297e+01,2.103940996797076647e-11
1.510680018581129502e+01,1.175235102961213490e-10
1.511013354860604530e+01,4.414387002514770607e-11
1.511346691140079734e+01,1.167637424287663508e-10
1.511680027419554762e+01,1.126332316100118944e-11
1.512013363699029789e+01,1.206196786280510206e-10
1.512346699978504994e+01,4.031220896125638661e-12
1.512680036257980021e+01,1.838615872154082139e-10
1.513013372537455226e+01,7.989458768004960909e-11
1.513346708816930253e+01,1.223067274299492178e-10
1.513680045096405280e+01,7.427213101854735537e-11
1.514013381375880485e+01,2.528684409976322083e-11
1.514346717655355512e+01,4.862716790714574945e-11
1.514680053934830539e+01,6.376600451729269587e-11
1.515013390214305744e+01,1.100950087243927330e-10
1.515346726493780771e+01,1.464123430155152170e-11
1.515680062773255976e+01,2.298395307185889151e-10
1.516013399052731003e+01,1.238305575070900776e-10
1.516346735332206030e+01,3.278248090614233323e-13
1.516680071611681235e+01,3.399467077999042723e-10
1.517013407891156263e+01,1.384292399082141534e-11
1.517346744170631290e+01,5.093872264368958934e-12
1.517680080450106495e+01,9.676010582989539318e-11
1.518013416729581522e+01,8.323683701757684289e-11
1.518346753009056727e+01,3.084437897372369152e-11
1.518680089288531754e+01,5.346446421133861759e-11
1.519013425568006781e+01,7.218354618688621618e-11
1.519346761847481986e+01,1.048864487902613807e-11
1.519680098126957013e+01,2.133158229879833847e-10
1.520013434406432040e+01,1.144768989598919654e-10
1.520346770685907245e+01,2.126362288869857149e-10
1.520680106965382272e+01,4.570076502100374113e-11
1.521013443244857477e+01,8.232146693636107293e-11
1.521346779524332504e+01,1.460983433727611088e-10
1.521680115803807531e+01,5.169425137990480032e-11
1.522013452083282736e+01,9.589533758324914976e-11
1.522346788362757763e+01,3.050387416919831931e-11
1.522680124642232968e+01,1.009636930498990747e-10
1.523013460921707996e+01,1.643462174850063084e-11
1.523346797201183023e+01,2.832936138460292184e-11
1.523680133480658228e+01,7.463307178981122967e-11
1.524013469760133255e+01,1.264573101796957922e-10
1.524346806039608282e+01,1.364775836402784139e-10
1.524680142319083487e+01,1.295770476022051295e-10
1.525013478598558514e+01,4.784618745120538255e-12
1.525346814878033719e+01,2.400364001234927229e-11
1.525680151157508746e+01,3.834715272561958052e-10
1.526013487436983773e+01,5.234465952536772799e-12
1.526346823716458978e+01,5.906405896537011274e-10
1.526680159995934005e+01,7.046463373155485074e-11
1.527013496275409032e+01,3.142065008563967389e-12
1.527346832554884237e+01,6.622248648702418825e-11
1.527680168834359264e+01,3.801515155010316231e-10
1.528013505113834469e+01,3.174229810435589138e-11
1.528346841393309496e+01,1.191542405835663823e-11
1.528680177672784524e+01,3.424195324691447190e-11
1.529013513952259729e+01,4.206700948488675651e-11
1.529346850231734756e+01,2.182235861292315895e-11
1.529680186511209961e+01,1.665989397661648108e-10
1.530013522790684988e+01,3.723974927945409973e-11
1.530346859070160015e+01,6.169406448950720053e-11
1.530680195349635220e+01,6.301218021234967317e-11
1.531013531629110247e+01,6.936576141133360655e-11
1.531346867908585274e+01,1.367959768689138509e-10
1.531680204188060479e+01,6.600447957749933595e-11
1.532013540467535506e+01,3.203225286351579656e-12
1.532346876747010711e+01,1.189703115757136568e-10
1.532680213026485738e+01,7.341959074154390204e-12
1.533013549305960765e+01,4.652224921453345749e-11
1.533346885585435970e+01,2.273156927805092126e-10
1.533680221864910997e+01,1.705285191276216217e-10
1.534013558144386025e+01,2.094102877085190671e-11
1.534346894423861229e+01,6.531183060748906905e-11
1.534680230703336257e+01,2.176939764458632501e-11
1.535013566982811462e+01,1.347670718197428753e-11
1.535346903262286489e+01,3.429554844848847203e-10
1.535680239541761516e+01,1.203556284750244884e-10
1.536013575821236721e+01,6.391236915478829789e-11
1.536346912100711748e+01,1.150895302545303377e-10
1.536680248380186953e+01,3.495481518882175297e-11
1.537013584659661980e+01,1.862050529682846576e-10
1.537346920939137007e+01,3.219568418073835545e-11
1.537680257218612212e+01,1.224441630901034901e-10
1.538013593498087239e+01,7.994792668194818457e-13
1.538346929777562266e+01,4.097974924935553514e-11
1.538680266057037471e+01,5.432024087994821107e-11
1.539013602336512498e+01,1.858164133218939249e-10
1.539346938615987703e+01,1.516734016957159416e-10
1.539680274895462730e+01,2.333495548851355957e-11
1.540013611174937758e+01,6.287791006417681005e-11
1.540346947454412962e+01,1.464344274439510740e-10
1.540680283733887990e+01,2.465028052805885550e-11
1.541013620013363017e+01,6.273413836581228661e-11
1.541346956292838222e+01,1.712400596371650604e-10
1.541680292572313249e+01,1.560174101666775773e-10
1.542013628851788454e+01,1.384646999005470974e-10
1.542346965131263481e+01,1.581111780360805896e-10
1.542680301410738508e+01,7.423678579694601643e-11
1.543013637690213713e+01,1.308293987210793739e-11
1.543346973969688740e+01,1.216661234104986633e-10
1.543680310249163767e+01,3.478466551624185620e-11
1.544013646528638972e+01,1.362592536791185189e-10
1.544346982808113999e+01,5.892402226445448569e-11
1.544680319087589204e+01,7.161890456698533630e-11
1.545013655367064231e+01,1.633341644667320525e-11
1.545346991646539259e+01,2.188140117808812202e-11
1.545680327926014463e+01,1.024232132461881114e-10
1.546013664205489491e+01,3.526655136639579833e-11
1.546347000484964695e+01,4.715317839916480235e-12
1.546680336764439723e+01,5.873111131232495769e-11
1.547013673043914750e+01,1.920727645456584619e-10
1.547347009323389955e+01,4.146232560921225533e-11
1.547680345602864982e+01,1.828478008730391540e-11
1.548013681882340009e+01,7.693939045673204500e-11
1.548347018161815214e+01,9.058471288627389629e-11
1.548680354441290241e+01,3.424085198621421651e-10
1.549013690720765446e+01,1.791094550379090974e-11
1.549347027000240473e+01,2.843267563266763618e-11
1.549680363279715500e+01,1.468451779697437080e-10
1.550013699559190705e+01,1.514280871409503630e-11
1.550347035838665732e+01,4.404428346457965908e-11
1.550680372118140760e+01,6.184665034285212414e-11
1.551013708397615964e+01,2.741195094153443687e-10
1.551347044677090992e+01,1.282180086056999385e-10
1.551680380956566196e+01,7.499475064161616752e-11
1.552013717236041224e+01,2.882617922957018845e-11
1.552347053515516251e+01,2.793521284813063719e-10
1.552680389794991456e+01,3.635786675341116969e-10
1.553013726074466483e+01,2.819403718477962398e-11
1.553347062353941688e+01,2.434999058563293468e-12
1.553680398633416715e+01,2.861571516146555087e-11
1.554013734912891742e+01,4.275926416935303394e-11
1.554347071192366947e+01,5.793963518832335544e-11
1.554680407471841974e+01,3.613426441698636883e-11
1.555013743751317001e+01,3.486444608933818546e-10
1.555347080030792206e+01,3.600669365850791346e-10
1.555680416310267233e+01,2.824270180982001988e-11
1.556013752589742438e+01,4.212034171814052886e-11
1.556347088869217465e+01,2.390513518055203476e-10
1.556680425148692493e+01,1.579279692571405090e-12
1.557013761428167697e+01,1.029136313927701110e-10
1.557347097707642725e+01,3.433267476633569959e-11
1.557680433987117752e+01,3.767592130596311557e-13
1.558013770266592957e+01,1.447964310029049434e-11
1.558347106546067984e+01,1.265442164060270424e-11
1.558680442825543189e+01,5.015711462994239323e-11
1.559013779105018216e+01,4.910307251755822050e-12
1.559347115384493243e+01,2.041337824560258569e-10
1.559680451663968448e+01,1.221521535066738534e-10
1.560013787943443475e+01,3.154054652097154615e-11
1.560347124222918680e+01,8.152839058756599881e-11
1.560680460502393707e+01,1.935077949867973309e-10
1.561013796781868734e+01,8.583544850006111169e-11
1.561347133061343939e+01,1.237322370194247479e-10
1.561680469340818966e+01,2.546917424268350695e-11
1.562013805620293994e+01,4.359013122135872719e-11
1.562347141899769198e+01,1.418862709480177149e-11
1.562680478179244226e+01,1.598208037608907737e-10
1.563013814458719430e+01,5.371862765718518558e-11
1.563347150738194458e+01,3.679436805940200560e-12
1.563680487017669485e+01,1.507973750522807257e-12
1.564013823297144690e+01,7.332285803475172566e-11
1.564347159576619717e+01,2.429814093782413791e-12
1.564680495856094744e+01,3.815284382700535219e-11
1.565013832135569949e+01,1.440274690966362073e-11
1.565347168415044976e+01,3.038139250146027942e-11
1.565680504694520181e+01,6.004531634475055146e-11
1.566013840973995208e+01,4.198504470523443212e-11
1.566347177253470235e+01,1.054398248378226288e-10
1.566680513532945440e+01,1.346351221373243909e-10
1.567013849812420467e+01,1.019357089563189412e-11
1.567347186091895672e+01,1.002146330434208700e-11
1.567680522371370699e+01,4.891491284893694978e-11
1.568013858650845727e+01,1.959158509858972908e-11
1.568347194930320931e+01,8.228133948235711659e-12
1.568680531209795959e+01,1.109864617848912511e-10
1.569013867489270986e+01,5.238297556760810774e-11
1.569347203768746191e+01,6.017904895424664301e-11
1.569680540048221218e+01,7.142468045158778894e-12
1.570013876327696423e+01,9.999650555515883896e-11
1.570347212607171450e+01,4.562463947649242472e-11
1.570680548886646477e+01,5.054193341681937242e-10
1.571013885166121682e+01,3.174572962596718964e-10
1.571347221445596709e+01,1.692703043199701161e-11
1.571680557725071736e+01,9.441148375500137193e-11
1.572013894004546941e+01,1.429585111200494363e-10
1.572347230284021968e+01,9.885283702528293311e-11
1.572680566563497173e+01,1.218512331449038507e-10
1.573013902842972200e+01,2.113804657926940842e-10
1.573347239122447228e+01,7.568835736628895300e-11
1.573680575401922432e+01,7.671522858354680858e-11
1.574013911681397460e+01,2.484957567172523553e-11
1.574347247960872487e+01,1.711296622727070822e-10
1.574680584240347692e+01,8.061790062710183442e-11
1.575013920519822719e+01,2.564541205789656203e-12
1.575347256799297924e+01,4.550301374614778853e-11
1.575680593078772951e+01,9.885340251587325613e-11
1.576013929358247978e+01,6.439549376448460787e-11
1.576347265637723183e+01,3.616618877892760225e-10
1.576680601917198210e+01,1.062174892214077129e-10
1.577013938196673415e+01,4.760272256776545374e-11
1.577347274476148442e+01,1.252433104303031349e-11
1.577680610755623469e+01,6.900503636429772892e-13
1.578013947035098674e+01,6.692006373256116471e-12
1.578347283314573701e+01,1.780526614101504173e-11
1.578680619594048729e+01,1.450518884015586899e-10
1.579013955873523933e+01,1.134173690087416908e-10
1.579347292152998961e+01,4.506041961971687795e-11
1.579680628432474165e+01,1.652904678908162602e-10
1.580013964711949193e+01,2.908098596046211074e-10
1.580347300991424220e+01,5.969313759776792225e-11
1.580680637270899425e+01,7.177448468260425805e-11
1.581013973550374452e+01,6.506918729684042269e-11
1.581347309829849479e+01,1.280166597011581774e-10
1.581680646109324684e+01,1.700215255764466265e-10
1.582013982388799711e+01,5.848294712988514339e-11
1.582347318668274916e+01,1.040429587701144157e-11
1.582680654947749943e+01,5.435926725421163744e-11
1.583013991227224970e+01,4.524386914965326538e-11
1.583347327506700175e+01,1.686794545198163357e-12
1.583680663786175202e+01,1.057038672821416687e-11
1.584014000065650407e+01,1.052041581021250290e-10
1.584347336345125434e+01,4.833345834911309817e-12
1.584680672624600462e+01,3.011869670179248323e-11
1.585014008904075666e+01,8.943960306327493580e-11
1.585347345183550694e+01,4.354252283163448344e-11
1.585680681463025721e+01,2.159303918269352991e-10
1.586014017742500926e+01,2.887349958320077953e-10
1.586347354021975953e+01,1.077161674323989019e-10
1.586680690301451158e+01,3.150311925112168633e-10
1.587014026580926185e+01,7.842539318481497773e-11
1.587347362860401212e+01,1.620681290542625003e-11
1.587680699139876417e+01,5.108002290679413514e-11
1.588014035419351444e+01,7.151234814692774181e-11
1.588347371698826471e+01,7.717000147770380643e-11
1.588680707978301676e+01,1.200460513782218630e-10
1.589014044257776703e+01,8.612880944003310704e-11
1.589347380537251908e+01,2.702473552920902136e-11
1.589680716816726935e+01,2.990325473567312976e-11
1.590014053096201962e+01,1.558095062506779525e-10
1.590347389375677167e+01,6.443370950861044916e-11
1.590680725655152195e+01,9.772943460823396721e-12
1.591014061934627399e+01,3.790384124321416456e-11
1.591347398214102427e+01,6.846409251818629356e-12
1.591680734493577454e+01,4.002188410138254177e-12
1.592014070773052659e+01,2.072989286741084677e-11
1.592347407052527686e+01,1.021191489126577779e-10
1.592680743332002713e+01,1.461707158645142238e-10
1.593014079611477918e+01,7.487482286160167929e-11
1.593347415890952945e+01,1.196906718873641368e-10
1.593680752170428150e+01,8.679455747283151355e-11
1.594014088449903177e+01,1.609290313065979545e-10
1.594347424729378204e+01,5.555861003521652844e-11
1.594680761008853409e+01,5.985617469102332541e-11
1.595014097288328436e+01,1.324385895691713893e-10
1.595347433567803463e+01,2.765416775145792502e-11
1.595680769847278668e+01,1.607242174507970645e-11
1.596014106126753695e+01,9.107906518778309855e-11
1.596347442406228900e+01,2.802671899915772191e-11
1.596680778685703928e+01,4.064244248347821682e-11
1.597014114965178955e+01,6.931129847558577802e-11
1.597347451244654160e+01,5.282352609409732453e-11
1.597680787524129187e+01,1.247633175435378338e-10
1.598014123803604214e+01,8.518209726510779224e-11
1.598347460083079419e+01,9.966986179093940708e-11
1.598680796362554446e+01,6.612560320069011774e-11
1.599014132642029651e+01,4.177196413166878545e-11
1.599347468921504678e+01,6.751544756551635132e-11
1.599680805200979705e+01,3.381859257652832986e-10
1.600014141480454910e+01,5.323126546646017548e-11
1.600347477759930115e+01,6.431941106530121108e-11
1.600680814039404964e+01,2.194733634435025744e-11
1.601014150318880169e+01,3.629902858974521644e-12
1.601347486598355374e+01,1.717675402887040445e-10
1.601680822877830224e+01,1.548487389974565903e-10
1.602014159157305428e+01,2.213730494905251629e-10
1.602347495436780633e+01,1.425555223729995584e-11
1.602680831716255483e+01,9.652358208023059315e-11
1.603014167995730688e+01,5.617128839519556591e-11
1.603347504275205893e+01,4.127443076986463122e-12
1.603680840554680742e+01,5.828534727836462487e-11
1.604014176834155947e+01,2.410473054967289120e-12
1.604347513113631152e+01,4.071003698374103760e-10
1.604680849393106357e+01,4.476473254473218660e-11
1.605014185672581206e+01,1.482720531889013412e-11
1.605347521952056411e+01,1.321931289493332145e-11
1.605680858231531616e+01,4.194964016817297898e-11
1.606014194511006465e+01,6.436115519492101333e-11
1.606347530790481670e+01,3.766314182749787466e-11
1.606680867069956875e+01,2.118893545282129757e-11
1.607014203349431725e+01,1.102531888030468935e-11
1.607347539628906929e+01,3.682827614470610109e-11
1.607680875908382134e+01,6.175478795780601264e-11
1.608014212187856984e+01,1.053550098685413812e-10
1.608347548467332189e+01,9.704169332833949228e-11
1.608680884746807394e+01,1.367311673543789966e-10
1.609014221026282598e+01,1.566714208519287313e-11
1.609347557305757448e+01,1.934131932428967101e-10
1.609680893585232653e+01,2.422277192683652386e-10
1.610014229864707858e+01,7.297959206430026451e-11
1.610347566144182707e+01,1.010200243599466530e-10
1.610680902423657912e+01,2.203673079907810923e-11
1.611014238703133117e+01,1.757238303021934651e-12
1.611347574982607966e+01,1.186268609369870408e-11
1.611680911262083171e+01,3.117163089520170161e-11
1.612014247541558376e+01,1.267824598072116244e-10
1.612347583821033226e+01,1.189046532071000358e-10
1.612680920100508430e+01,1.158370581249162202e-10
1.613014256379983635e+01,9.950392014743383538e-11
1.613347592659458485e+01,1.512341236398487990e-10
1.613680928938933690e+01,7.219264871337881177e-11
1.614014265218408894e+01,5.618017164979669518e-11
1.614347601497884099e+01,6.924587027480529734e-11
1.614680937777358949e+01,1.803413871714323551e-10
1.615014274056834154e+01,1.119190826401393981e-10
1.615347610336309359e+01,1.317330388739811502e-10
1.615680946615784208e+01,4.413547499953415596e-11
1.616014282895259413e+01,1.347761547328986456e-11
1.616347619174734618e+01,1.206491543229435292e-11
1.616680955454209467e+01,3.556703044931107772e-11
1.617014291733684672e+01,1.620718725453831423e-10
1.617347628013159877e+01,9.350846876191708626e-11
1.617680964292634727e+01,6.467490111838598585e-11
1.618014300572109931e+01,4.125790386304192885e-11
1.618347636851585136e+01,4.143156850304044136e-11
1.618680973131060341e+01,4.283298631725139847e-11
1.619014309410535191e+01,1.737983756862180332e-10
1.619347645690010395e+01,1.961958034365825918e-11
1.619680981969485600e+01,1.092754117567759523e-10
1.620014318248960450e+01,2.050106910025272853e-10
1.620347654528435655e+01,4.853015520302457151e-12
1.620680990807910860e+01,4.407055972677362571e-11
1.621014327087385709e+01,1.989301448219561760e-10
1.621347663366860914e+01,1.145024130976346439e-10
1.621680999646336119e+01,1.072087910345817450e-12
1.622014335925810968e+01,1.324452603669056504e-10
1.622347672205286173e+01,1.580157196906725516e-10
1.622681008484761378e+01,1.046929267920800676e-10
1.623014344764236583e+01,1.573642858671631614e-10
1.623347681043711432e+01,8.111440804136868856e-12
1.623681017323186637e+01,5.388880480721112379e-11
1.624014353602661842e+01,2.689465341866978843e-10
1.624347689882136692e+01,2.158983174214938199e-11
1.624681026161611896e+01,1.189038691172264614e-11
1.625014362441087101e+01,9.414709820877440029e-11
1.625347698720561951e+01,1.848947408181098697e-10
1.625681035000037156e+01,2.946439970627688722e-10
1.626014371279512361e+01,4.966585698377246209e-11
1.626347707558987210e+01,1.910050571970355700e-11
1.626681043838462415e+01,1.399344326057531266e-10
1.627014380117937620e+01,1.194850243537461308e-10
1.627347716397412469e+01,6.312311570479722006e-10
1.627681052676887674e+01,1.549484611156832981e-12
1.628014388956362879e+01,1.184264266721578312e-10
1.628347725235838084e+01,7.752980395674940702e-11
1.628681061515312933e+01,1.112122944831078986e-10
1.629014397794788138e+01,6.309907704259611563e-11
1.629347734074263343e+01,1.006053582479425397e-10
1.629681070353738193e+01,1.290480426359804799e-10
1.630014406633213397e+01,4.038620080693863632e-11
1.630347742912688602e+01,8.661087766665519728e-11
1.630681079192163452e+01,1.556957389566430424e-11
1.631014415471638657e+01,2.451114757308809685e-10
1.631347751751113861e+01,4.746458342612406943e-11
1.631681088030588711e+01,1.036409401795236708e-11
1.632014424310063916e+01,4.172440201602138396e-11
1.632347760589539121e+01,4.886174510502572552e-11
1.632681096869014326e+01,5.356873975731984279e-10
1.633014433148489175e+01,3.481672308105690569e-11
1.633347769427964380e+01,7.179189035759526847e-11
1.633681105707439585e+01,1.336202624520997602e-10
1.634014441986914434e+01,1.517016466045565414e-11
1.634347778266389639e+01,5.953171789702239527e-11
1.634681114545864844e+01,1.036146674976457157e-10
1.635014450825339694e+01,2.079185257719188336e-10
1.635347787104814898e+01,1.267032288312745354e-12
1.635681123384290103e+01,9.139663666663556934e-11
1.636014459663764953e+01,1.471570138567726501e-10
1.636347795943240158e+01,1.737927145847899886e-11
1.636681132222715362e+01,4.523870378442854055e-10
1.637014468502190567e+01,7.968781863128019597e-11
1.637347804781665417e+01,4.975789124124495283e-11
1.637681141061140622e+01,4.530247650817045493e-13
1.638014477340615827e+01,1.405374646653645877e-11
1.638347813620090676e+01,1.276959838252038288e-10
1.638681149899565881e+01,7.941324599624776659e-11
1.639014486179041086e+01,1.215226131576351504e-10
1.639347822458515935e+01,4.417885248330490014e-11
1.639681158737991140e+01,2.079877996351097911e-10
1.640014495017466345e+01,4.347530233058035073e-11
1.640347831296941195e+01,2.433591982196086875e-10
1.640681167576416399e+01,1.599595566516413625e-11
1.641014503855891604e+01,1.167833517997697197e-10
1.641347840135366454e+01,1.541644583249887570e-10
1.641681176414841659e+01,8.259717267151656944e-11
1.642014512694316863e+01,3.242333310665255273e-11
1.642347848973792068e+01,1.138781595500914980e-10
1.642681185253266918e+01,5.531125300502035980e-11
1.643014521532742123e+01,8.296891493631373551e-11
1.643347857812217327e+01,1.913819261229368261e-11
1.643681194091692177e+01,3.355490138710354146e-10
1.644014530371167382e+01,2.302384194138520279e-10
1.644347866650642587e+01,3.090285521119184892e-11
1.644681202930117436e+01,4.544063753152569805e-11
1.645014539209592641e+01,1.187932495481716282e-10
1.645347875489067846e+01,5.258413614360861203e-12
1.645681211768542695e+01,5.720941322445461830e-11
1.646014548048017900e+01,1.218200026029054661e-10
1.646347884327493105e+01,3.832123097576537515e-12
1.646681220606968310e+01,3.172743797183204204e-11
1.647014556886443160e+01,1.706183000362918277e-10
1.647347893165918364e+01,2.953478657731615666e-12
1.647681229445393569e+01,8.649989327389432363e-12
1.648014565724868419e+01,3.869340940346663607e-12
1.648347902004343624e+01,7.551254011711047222e-11
1.648681238283818828e+01,5.180665044660101494e-11
1.649014574563293678e+01,1.283657205493193773e-10
1.649347910842768883e+01,3.998184967779453876e-12
1.649681247122244088e+01,1.946433945495326972e-11
1.650014583401718937e+01,4.233511880153558888e-11
1.650347919681194142e+01,1.229954766641652642e-11
1.650681255960669347e+01,8.035670541084551295e-11
1.651014592240144196e+01,4.879024780380828903e-11
1.651347928519619401e+01,1.624759993149671271e-10
1.651681264799094606e+01,2.695564607207192392e-11
1.652014601078569811e+01,3.011022728941820021e-11
1.652347937358044661e+01,5.859398897836669884e-12
1.652681273637519865e+01,7.392610918815043080e-11
1.653014609916995070e+01,2.424449239674779603e-12
1.653347946196469920e+01,1.922391587585788976e-10
1.653681282475945125e+01,5.117736829448242813e-11
1.654014618755420329e+01,2.433795918121418360e-11
1.654347955034895179e+01,6.404662613628668345e-11
1.654681291314370384e+01,1.090244896901076492e-10
1.655014627593845589e+01,6.757532738651573939e-11
1.655347963873320438e+01,2.655570057510712154e-10
1.655681300152795643e+01,6.012064972125576791e-11
1.656014636432270848e+01,2.151514319733141463e-10
1.656347972711746053e+01,5.898371323634615206e-12
1.656681308991220902e+01,1.781608000636707590e-11
1.657014645270696107e+01,5.736305785845189452e-12
1.657347981550171312e+01,1.611832260366074408e-10
1.657681317829646161e+01,9.382321075613246428e-11
1.658014654109121366e+01,1.467606950922172608e-10
1.658347990388596571e+01,3.123416236390002194e-10
1.658681326668071421e+01,6.788809393910742319e-12
1.659014662947546626e+01,6.098464126111241024e-11
1.659347999227021830e+01,1.928955320588338286e-11
1.659681335506496680e+01,9.496974964536012292e-11
1.660014671785971885e+01,1.172087651997621335e-10
1.660348008065447090e+01,8.144065346204419512e-11
1.660681344344922294e+01,2.876110719288139878e-11
1.661014680624397144e+01,4.835493282475834678e-11
1.661348016903872349e+01,6.917229791599348909e-11
1.661681353183347554e+01,4.022999026531976830e-12
1.662014689462822403e+01,8.991461789847820378e-11
1.662348025742297608e+01,1.329285975829125115e-11
1.662681362021772813e+01,1.876936926786092411e-10
1.663014698301247662e+01,1.790207085627824507e-10
1.663348034580722867e+01,3.877184568617453856e-12
1.663681370860198072e+01,6.609596507097190296e-11
1.664014707139672922e+01,1.693150079661440504e-11
1.664348043419148127e+01,3.873737867393928296e-11
1.664681379698623331e+01,3.227054964090821338e-11
1.665014715978098181e+01,1.736703011310324027e-12
1.665348052257573386e+01,3.448335844384138680e-11
1.665681388537048591e+01,7.182586458322991767e-11
1.666014724816523795e+01,1.013039126619692099e-10
1.666348061095998645e+01,5.493382621065399887e-11
1.666681397375473850e+01,4.546852590749755657e-11
