2130706432,2161115136,2151677952,2134900736,2130706432,2148532224,2146435072,2127560704,2144600064,2138308608,9169335111
2131755008,2155872256,2152726528,2131755008,2130706432,2147483648,2146435072,2127560704,2143027200,2138046464,9169351134
2142240768,2143289344,2144337920,2118123520,2130706432,2147483648,2145386496,2126512128,2136997888,2137522176,9169367134
2123366400,2143289344,2141192192,2126512128,2130706432,2147483648,2145386496,2126512128,2133590016,2137522176,9169383131
2129657856,2146435072,2139095040,2124414976,2129657856,2147483648,2145386496,2127560704,2134900736,2137522176,9169399134
2134900736,2143289344,2141192192,2122317824,2130706432,2147483648,2145386496,2127560704,2135425024,2137784320,9169415154
2125463552,2160066560,2157969408,2136997888,2129657856,2147483648,2144337920,2127560704,2145124352,2137260032,9169431153
2122317824,2161115136,2160066560,2138046464,2130706432,2147483648,2145386496,2127560704,2145386496,2137784320,9169447152
2133852160,2139095040,2139095040,2119172096,2130706432,2147483648,2144337920,2127560704,2132803584,2137522176,9169463155
2131755008,2143289344,2139095040,2120220672,2129657856,2148532224,2145386496,2127560704,2133590016,2137784320,9169479175
2127560704,2159017984,2156920832,2132803584,2130706432,2147483648,2145386496,2127560704,2144075776,2137784320,9169495176
2138046464,2141192192,2140143616,2122317824,2129657856,2148532224,2146435072,2127560704,2135425024,2138046464,9169512066
2125463552,2143289344,2138046464,2126512128,2130706432,2145386496,2144337920,2125463552,2133327872,2136473600,9169528066
2124414976,2160066560,2155872256,2136997888,2127560704,2145386496,2142240768,2124414976,2144337920,2134900736,9169544066
2122317824,2139095040,2136997888,2119172096,2125463552,2145386496,2141192192,2122317824,2129395712,2133590016,9169560089
2130706432,2154823680,2146435072,2127560704,2126512128,2143289344,2139095040,2120220672,2139881472,2132279296,9169576088
2126512128,2146435072,2146435072,2121269248,2125463552,2141192192,2138046464,2118123520,2135162880,2130706432,9169592089
2117074944,2149580800,2141192192,2129657856,2123366400,2140143616,2135949312,2116026368,2134376448,2128871424,9169608089
2122317824,2151677952,2141192192,2126512128,2122317824,2140143616,2134900736,2114977792,2135425024,2128084992,9169624110
2124414976,2146435072,2142240768,2112880640,2122317824,2139095040,2134900736,2113929216,2131492864,2127560704,9169640111
2116026368,2148532224,2147483648,2123366400,2121269248,2136997888,2133852160,2111832064,2133852160,2125987840,9169656112
2120220672,2130706432,2127560704,2105540608,2120220672,2136997888,2132803584,2110783488,2121007104,2125201408,9169672110
2135949312,2127560704,2126512128,2102394880,2120220672,2135949312,2131755008,2109734912,2123104256,2124414976,9169688132
2113929216,2150629376,2144337920,2117074944,2118123520,2135949312,2131755008,2109734912,2131492864,2123890688,9169704130
2124414976,2127560704,2123366400,2102394880,2119172096,2134900736,2130706432,2108686336,2119434240,2123366400,9169720133
2110783488,2138046464,2128609280,2114977792,2118123520,2134900736,2130706432,2107637760,2123104256,2122842112,9169736132
2118123520,2143289344,2138046464,2116026368,2118123520,2134900736,2129657856,2107637760,2128871424,2122579968,9169752153
2111832064,2149580800,2143289344,2117074944,2118123520,2134900736,2129657856,2107637760,2130444288,2122579968,9169768152
2110783488,2138046464,2132803584,2114977792,2119172096,2134900736,2130706432,2107637760,2124152832,2123104256,9169784154
2120220672,2127560704,2124414976,2102394880,2118123520,2134900736,2129657856,2107637760,2118647808,2122579968,9169800154
2113929216,2145386496,2141192192,2108686336,2118123520,2135949312,2131755008,2108686336,2127298560,2123628544,9169816175
2112880640,2132803584,2125463552,2109734912,2120220672,2135949312,2130706432,2109734912,2120220672,2124152832,9169832173
2112880640,2138046464,2136997888,2114977792,2120220672,2136997888,2132803584,2109734912,2125725696,2124939264,9169849066
2130706432,2130706432,2126512128,2102394880,2119172096,2138046464,2132803584,2111832064,2122579968,2125463552,9169865066
2131755008,2132803584,2126512128,2105540608,2121269248,2138046464,2133852160,2111832064,2124152832,2126249984,9169881066
2112880640,2138046464,2139095040,2117074944,2121269248,2139095040,2134900736,2113929216,2126774272,2127298560,9169897066
2120220672,2148532224,2151677952,2121269248,2122317824,2140143616,2135949312,2114977792,2135425024,2128347136,9169913088
2118123520,2134900736,2132803584,2110783488,2124414976,2140143616,2136997888,2117074944,2124152832,2129657856,9169929090
2125463552,2133852160,2130706432,2112880640,2125463552,2141192192,2139095040,2118123520,2125725696,2130968576,9169945088
2119172096,2142240768,2136997888,2123366400,2125463552,2143289344,2140143616,2120220672,2130444288,2132279296,9169961087
2119172096,2143289344,2140143616,2124414976,2126512128,2145386496,2141192192,2123366400,2131755008,2134114304,9169977111
2133852160,2141192192,2134900736,2118123520,2128609280,2145386496,2143289344,2124414976,2132017152,2135425024,9169993111
2128609280,2152726528,2152726528,2121269248,2129657856,2147483648,2145386496,2126512128,2138832896,2137260032,9170009114
2122317824,2154823680,2148532224,2138046464,2130706432,2147483648,2145386496,2128609280,2140930048,2138046464,9170025110
2141192192,2146435072,2146435072,2125463552,2131755008,2149580800,2147483648,2130706432,2139881472,2139881472,9170041131
2142240768,2142240768,2146435072,2126512128,2132803584,2150629376,2149580800,2131755008,2139357184,2141192192,9170057132
2149580800,2144337920,2144337920,2125463552,2134900736,2151677952,2149580800,2133852160,2140930048,2142502912,9170073132
2133852160,2146435072,2144337920,2130706432,2135949312,2152726528,2152726528,2134900736,2138832896,2144075776,9170089133
2127560704,2165309440,2161115136,2146435072,2136997888,2153775104,2152726528,2136997888,2150105088,2145124352,9170105155
2136997888,2161115136,2159017984,2144337920,2138046464,2154823680,2154823680,2139095040,2150367232,2146697216,9170121154
2131755008,2148532224,2148532224,2138046464,2138046464,2155872256,2155872256,2140143616,2141716480,2147483648,9170137154
2130706432,2167406592,2170552320,2151677952,2139095040,2156920832,2155872256,2142240768,2155085824,2148532224,9170153153
2134900736,2168455168,2168455168,2152726528,2139095040,2156920832,2156920832,2143289344,2156134400,2149056512,9170169177
2136997888,2169503744,2171600896,2152726528,2141192192,2159017984,2159017984,2144337920,2157707264,2150891520,9170186066
2131755008,2155872256,2155872256,2144337920,2141192192,2159017984,2159017984,2145386496,2146959360,2151153664,9170202066
2143289344,2166358016,2168455168,2151677952,2141192192,2159017984,2159017984,2145386496,2157445120,2151153664,9170218066
2131755008,2172649472,2167406592,2156920832,2141192192,2161115136,2160066560,2146435072,2157182976,2152202240,9170234066
2132803584,2162163712,2163212288,2151677952,2141192192,2161115136,2161115136,2147483648,2152464384,2152726528,9170250088
2146435072,2150629376,2155872256,2138046464,2141192192,2160066560,2160066560,2146435072,2147745792,2151940096,9170266090
2142240768,2165309440,2167406592,2145386496,2140143616,2161115136,2161115136,2147483648,2155085824,2152464384,9170282088
2151677952,2166358016,2154823680,2146435072,2141192192,2161115136,2160066560,2148532224,2154823680,2152726528,9170298089
2143289344,2167406592,2167406592,2152726528,2141192192,2159017984,2159017984,2145386496,2157707264,2151153664,9170314112
2133852160,2154823680,2153775104,2147483648,2140143616,2160066560,2159017984,2145386496,2147483648,2151153664,9170330111
2151677952,2161115136,2152726528,2143289344,2140143616,2159017984,2159017984,2144337920,2152202240,2150629376,9170346112
2134900736,2155872256,2151677952,2143289344,2139095040,2159017984,2157969408,2144337920,2146435072,2150105088,9170362112
2132803584,2167406592,2166358016,2154823680,2139095040,2156920832,2156920832,2142240768,2155347968,2148794368,9170378134
2135949312,2151677952,2150629376,2136997888,2138046464,2156920832,2155872256,2141192192,2143813632,2148007936,9170394133
2146435072,2151677952,2147483648,2131755008,2136997888,2155872256,2154823680,2140143616,2144337920,2146959360,9170410131
2130706432,2147483648,2152726528,2134900736,2135949312,2153775104,2153775104,2138046464,2141454336,2145386496,9170426131
2143289344,2160066560,2152726528,2140143616,2135949312,2153775104,2151677952,2134900736,2149056512,2144075776,9170442153
2140143616,2142240768,2144337920,2125463552,2133852160,2152726528,2150629376,2134900736,2138046464,2143027200,9170458156
2125463552,2164260864,2156920832,2142240768,2133852160,2151677952,2149580800,2132803584,2147221504,2141978624,9170474154
2142240768,2143289344,2140143616,2124414976,2132803584,2149580800,2147483648,2130706432,2137522176,2140143616,9170490155
2140143616,2146435072,2143289344,2123366400,2130706432,2147483648,2146435072,2127560704,2138308608,2138046464,9170506175
2128609280,2153775104,2157969408,2136997888,2128609280,2147483648,2145386496,2126512128,2144337920,2136997888,9170522174
2121269248,2140143616,2142240768,2123366400,2127560704,2145386496,2143289344,2124414976,2131755008,2135162880,9170539066
2134900736,2139095040,2135949312,2117074944,2126512128,2145386496,2142240768,2123366400,2131755008,2134376448,9170555066
2120220672,2147483648,2150629376,2126512128,2125463552,2144337920,2140143616,2121269248,2136211456,2132803584,9170571066
2120220672,2143289344,2140143616,2124414976,2125463552,2142240768,2138046464,2119172096,2132017152,2131230720,9170587089
2116026368,2155872256,2143289344,2130706432,2124414976,2141192192,2138046464,2117074944,2136473600,2130182144,9170603089
2114977792,2139095040,2141192192,2119172096,2122317824,2140143616,2135949312,2116026368,2128609280,2128609280,9170619089
2128609280,2141192192,2138046464,2112880640,2121269248,2139095040,2134900736,2113929216,2130182144,2127298560,9170635088
2129657856,2129657856,2126512128,2107637760,2121269248,2136997888,2133852160,2111832064,2123366400,2125987840,9170651111
2113929216,2135949312,2130706432,2116026368,2120220672,2136997888,2133852160,2111832064,2124152832,2125725696,9170667109
2117074944,2151677952,2145386496,2122317824,2120220672,2136997888,2132803584,2110783488,2134114304,2125201408,9170683110
2123366400,2129657856,2126512128,2105540608,2119172096,2136997888,2131755008,2109734912,2121269248,2124414976,9170699110
2110783488,2151677952,2136997888,2122317824,2119172096,2135949312,2130706432,2108686336,2130444288,2123628544,9170715134
2111832064,2132803584,2126512128,2109734912,2119172096,2134900736,2129657856,2108686336,2120220672,2123104256,9170731130
2119172096,2143289344,2142240768,2112880640,2118123520,2135949312,2130706432,2107637760,2129395712,2123104256,9170747132
2121269248,2127560704,2123366400,2100297728,2118123520,2135949312,2130706432,2107637760,2118123520,2123104256,9170763133
2112880640,2127560704,2125463552,2103443456,2118123520,2134900736,2129657856,2108686336,2117337088,2122842112,9170779154
2114977792,2146435072,2138046464,2118123520,2118123520,2134900736,2131755008,2107637760,2129395712,2123104256,9170795154
2125463552,2127560704,2122317824,2100297728,2119172096,2134900736,2130706432,2108686336,2118909952,2123366400,9170811152
2117074944,2130706432,2128609280,2102394880,2118123520,2135949312,2131755008,2109734912,2119696384,2123890688,9170827153
2123366400,2127560704,2126512128,2100297728,2119172096,2136997888,2131755008,2110783488,2119434240,2124677120,9170843176
2120220672,2144337920,2139095040,2107637760,2120220672,2136997888,2132803584,2110783488,2127822848,2125201408,9170859177
2124414976,2133852160,2138046464,2107637760,2121269248,2138046464,2133852160,2111832064,2125987840,2126249984,9170876066
2126512128,2146435072,2140143616,2120220672,2121269248,2139095040,2134900736,2113929216,2133327872,2127298560,9170892066
2117074944,2134900736,2127560704,2111832064,2123366400,2139095040,2135949312,2114977792,2122842112,2128347136,9170908066
2122317824,2151677952,2146435072,2122317824,2123366400,2140143616,2136997888,2116026368,2135687168,2129133568,9170924066
2134900736,2145386496,2130706432,2112880640,2125463552,2141192192,2138046464,2117074944,2130968576,2130444288,9170940088
2118123520,2145386496,2143289344,2128609280,2124414976,2143289344,2140143616,2121269248,2133852160,2132279296,9170956089
2120220672,2138046464,2134900736,2118123520,2126512128,2143289344,2141192192,2121269248,2127822848,2133065728,9170972088
2120220672,2147483648,2141192192,2130706432,2126512128,2145386496,2142240768,2124414976,2134900736,2134638592,9170988088
2134900736,2142240768,2134900736,2119172096,2128609280,2147483648,2145386496,2126512128,2132803584,2136997888,9171004111
2123366400,2160066560,2155872256,2138046464,2130706432,2147483648,2145386496,2127560704,2144337920,2137784320,9171020111
2129657856,2143289344,2136997888,2123366400,2131755008,2149580800,2147483648,2129657856,2133327872,2139619328,9171036111
2124414976,2160066560,2155872256,2144337920,2132803584,2150629376,2148532224,2131755008,2146172928,2140930048,9171052110
2136997888,2142240768,2144337920,2126512128,2134900736,2150629376,2149580800,2132803584,2137522176,2141978624,9171068134
2140143616,2144337920,2145386496,2128609280,2134900736,2153775104,2151677952,2134900736,2139619328,2143813632,9171084132
2129657856,2149580800,2147483648,2134900736,2134900736,2154823680,2153775104,2138046464,2140405760,2145386496,9171100132
2141192192,2149580800,2147483648,2132803584,2136997888,2154823680,2154823680,2139095040,2142765056,2146435072,9171116132
2129657856,2155872256,2152726528,2145386496,2138046464,2155872256,2154823680,2140143616,2145910784,2147221504,9171132153
2142240768,2162163712,2159017984,2145386496,2139095040,2155872256,2155872256,2141192192,2152202240,2148007936,9171148154
2151677952,2150629376,2150629376,2136997888,2140143616,2156920832,2156920832,2142240768,2147483648,2149056512,9171164154
2149580800,2151677952,2150629376,2139095040,2140143616,2159017984,2157969408,2144337920,2147745792,2150367232,9171180151
2147483648,2165309440,2164260864,2146435072,2140143616,2160066560,2159017984,2144337920,2155872256,2150891520,9171196173
2139095040,2165309440,2172649472,2151677952,2141192192,2160066560,2160066560,2146435072,2157182976,2151940096,9171213067
2151677952,2165309440,2159017984,2144337920,2141192192,2161115136,2161115136,2146435072,2155085824,2152464384,9171229066
2132803584,2172649472,2161115136,2160066560,2141192192,2161115136,2161115136,2147483648,2156658688,2152726528,9171245066
2134900736,2160066560,2157969408,2147483648,2142240768,2160066560,2160066560,2147483648,2150105088,2152464384,9171261066
2134900736,2161115136,2162163712,2151677952,2142240768,2160066560,2161115136,2147483648,2152464384,2152726528,9171277090
2151677952,2153775104,2162163712,2139095040,2142240768,2160066560,2160066560,2146435072,2151677952,2152202240,9171293089
2152726528,2154823680,2153775104,2141192192,2141192192,2160066560,2159017984,2146435072,2150629376,2151677952,9171309089
2152726528,2162163712,2154823680,2140143616,2142240768,2159017984,2159017984,2145386496,2152464384,2151415808,9171325089
2141192192,2163212288,2167406592,2146435072,2140143616,2159017984,2159017984,2145386496,2154561536,2150891520,9171341111
2138046464,2153775104,2152726528,2143289344,2140143616,2157969408,2157969408,2144337920,2146959360,2150105088,9171357112
2149580800,2152726528,2159017984,2136997888,2139095040,2157969408,2157969408,2143289344,2149580800,2149580800,9171373109
2131755008,2153775104,2153775104,2140143616,2139095040,2156920832,2155872256,2141192192,2144862208,2148270080,9171389111
2147483648,2152726528,2161115136,2134900736,2138046464,2155872256,2154823680,2141192192,2149056512,2147483648,9171405134
2136997888,2162163712,2161115136,2149580800,2135949312,2155872256,2154823680,2139095040,2152464384,2146435072,9171421132
2150629376,2147483648,2149580800,2127560704,2135949312,2153775104,2152726528,2136997888,2143813632,2144862208,9171437130
2132803584,2144337920,2146435072,2130706432,2134900736,2151677952,2151677952,2134900736,2138570752,2143289344,9171453131
2129657856,2146435072,2146435072,2132803584,2133852160,2150629376,2148532224,2131755008,2138832896,2141192192,9171469155
2140143616,2151677952,2141192192,2124414976,2131755008,2149580800,2148532224,2130706432,2139357184,2140143616,9171485153
2143289344,2144337920,2141192192,2124414976,2131755008,2147483648,2147483648,2128609280,2138308608,2138832896,9171501153
2139095040,2142240768,2142240768,2123366400,2130706432,2147483648,2145386496,2127560704,2136735744,2137784320,9171517154
2139095040,2140143616,2146435072,2119172096,2127560704,2146435072,2145386496,2126512128,2136211456,2136473600,9171533175
2132803584,2153775104,2142240768,2125463552,2127560704,2145386496,2142240768,2123366400,2138570752,2134638592,9171549175
2132803584,2146435072,2144337920,2116026368,2126512128,2143289344,2141192192,2121269248,2134900736,2133065728,9171566066
2128609280,2135949312,2146435072,2114977792,2125463552,2142240768,2139095040,2119172096,2131492864,2131492864,9171582066
2128609280,2133852160,2133852160,2109734912,2124414976,2141192192,2136997888,2117074944,2126512128,2129920000,9171598066
2125463552,2145386496,2146435072,2111832064,2123366400,2140143616,2135949312,2116026368,2132279296,2128871424,9171614088
2131755008,2143289344,2128609280,2110783488,2122317824,2139095040,2134900736,2113929216,2128609280,2127560704,9171630088
2114977792,2151677952,2145386496,2129657856,2121269248,2139095040,2134900736,2114977792,2135425024,2127560704,9171646091
2114977792,2149580800,2149580800,2118123520,2120220672,2138046464,2133852160,2111832064,2133065728,2125987840,9171662089
2131755008,2138046464,2126512128,2106589184,2119172096,2136997888,2131755008,2110783488,2125725696,2124677120,9171678110
2119172096,2130706432,2127560704,2107637760,2120220672,2135949312,2131755008,2108686336,2121269248,2124152832,9171694111
2129657856,2128609280,2123366400,2099249152,2119172096,2135949312,2131755008,2108686336,2120220672,2123890688,9171710111
2113929216,2152726528,2142240768,2122317824,2118123520,2134900736,2131755008,2108686336,2132803584,2123366400,9171726111
2109734912,2138046464,2130706432,2114977792,2118123520,2135949312,2130706432,2107637760,2123366400,2123104256,9171742132
2114977792,2130706432,2122317824,2105540608,2117074944,2134900736,2130706432,2108686336,2118385664,2122842112,9171758130
2117074944,2142240768,2138046464,2112880640,2118123520,2135949312,2130706432,2107637760,2127560704,2123104256,9171774132
2129657856,2129657856,2125463552,2103443456,2119172096,2133852160,2130706432,2107637760,2122055680,2122842112,9171790133
2124414976,2127560704,2123366400,2102394880,2118123520,2135949312,2130706432,2108686336,2119434240,2123366400,9171806155
2114977792,2130706432,2123366400,2104492032,2118123520,2135949312,2130706432,2108686336,2118385664,2123366400,9171822150
2112880640,2134900736,2127560704,2111832064,2119172096,2135949312,2131755008,2109734912,2121793536,2124152832,9171838154
2127560704,2128609280,2124414976,2103443456,2120220672,2135949312,2132803584,2109734912,2121007104,2124677120,9171854155
2112880640,2152726528,2145386496,2120220672,2120220672,2138046464,2133852160,2111832064,2132803584,2125987840,9171870175
2129657856,2131755008,2126512128,2105540608,2121269248,2139095040,2133852160,2113929216,2123366400,2127036416,9171886172
2116026368,2134900736,2129657856,2112880640,2121269248,2139095040,2134900736,2114977792,2123366400,2127560704,9171903066
2130706432,2135949312,2144337920,2106589184,2123366400,2141192192,2135949312,2116026368,2129395712,2129133568,9171919066
2130706432,2142240768,2144337920,2109734912,2124414976,2142240768,2138046464,2118123520,2131755008,2130706432,9171935067
2118123520,2141192192,2132803584,2120220672,2124414976,2143289344,2139095040,2120220672,2128084992,2131755008,9171951066
2120220672,2139095040,2139095040,2120220672,2126512128,2143289344,2140143616,2121269248,2129657856,2132803584,9171967088
2121269248,2153775104,2150629376,2134900736,2127560704,2145386496,2142240768,2123366400,2140143616,2134638592,9171983089
2120220672,2148532224,2139095040,2130706432,2128609280,2146435072,2144337920,2125463552,2134638592,2136211456,9171999088
2132803584,2146435072,2146435072,2123366400,2129657856,2147483648,2145386496,2127560704,2137260032,2137522176,9172015088
2123366400,2147483648,2147483648,2126512128,2130706432,2148532224,2147483648,2129657856,2136211456,2139095040,9172031111
2125463552,2147483648,2148532224,2130706432,2131755008,2149580800,2147483648,2130706432,2138046464,2139881472,9172047110
2141192192,2152726528,2151677952,2129657856,2133852160,2151677952,2149580800,2132803584,2143813632,2141978624,9172063111
2145386496,2152726528,2142240768,2131755008,2134900736,2151677952,2150629376,2133852160,2143027200,2142765056,9172079110
2132803584,2164260864,2163212288,2144337920,2134900736,2153775104,2153775104,2135949312,2151153664,2144600064,9172095134
2138046464,2157969408,2159017984,2141192192,2135949312,2154823680,2153775104,2138046464,2149056512,2145648640,9172111132
2145386496,2150629376,2156920832,2133852160,2136997888,2155872256,2155872256,2140143616,2146697216,2147221504,9172127133
2131755008,2149580800,2148532224,2138046464,2139095040,2155872256,2155872256,2140143616,2141978624,2147745792,9172143131
2131755008,2159017984,2163212288,2150629376,2139095040,2156920832,2156920832,2142240768,2151153664,2148794368,9172159154
2142240768,2165309440,2166358016,2143289344,2139095040,2157969408,2157969408,2143289344,2154299392,2149580800,9172175155
2131755008,2155872256,2155872256,2147483648,2140143616,2159017984,2159017984,2145386496,2147745792,2150891520,9172191153
2134900736,2164260864,2168455168,2151677952,2141192192,2159017984,2160066560,2146435072,2154823680,2151677952,9172207150
2136997888,2173698048,2171600896,2155872256,2141192192,2160066560,2160066560,2146435072,2159542272,2151940096,9172223177
2141192192,2165309440,2169503744,2154823680,2142240768,2160066560,2160066560,2147483648,2157707264,2152464384,9172240066
2134900736,2176843776,2164260864,2162163712,2142240768,2161115136,2160066560,2146435072,2159542272,2152464384,9172256066
2136997888,2167406592,2176843776,2156920832,2141192192,2160066560,2160066560,2147483648,2159542272,2152202240,9172272066
2151677952,2155872256,2159017984,2139095040,2142240768,2159017984,2161115136,2146435072,2151415808,2152202240,9172288066
2135949312,2159017984,2156920832,2150629376,2141192192,2160066560,2160066560,2146435072,2150629376,2151940096,9172304088
2142240768,2150629376,2152726528,2140143616,2141192192,2159017984,2160066560,2145386496,2146435072,2151415808,9172320091
2141192192,2167406592,2170552320,2149580800,2141192192,2157969408,2159017984,2144337920,2157182976,2150629376,9172336087
2136997888,2170552320,2167406592,2153775104,2140143616,2157969408,2159017984,2143289344,2157182976,2150105088,9172352088
2148532224,2154823680,2150629376,2135949312,2139095040,2157969408,2157969408,2143289344,2147483648,2149580800,9172368111
2136997888,2167406592,2166358016,2153775104,2139095040,2156920832,2156920832,2142240768,2156134400,2148794368,9172384112
2130706432,2154823680,2152726528,2143289344,2138046464,2155872256,2155872256,2141192192,2145386496,2147745792,9172400111
2142240768,2150629376,2159017984,2133852160,2136997888,2154823680,2153775104,2139095040,2146435072,2146172928,9172416110
2129657856,2156920832,2163212288,2147483648,2135949312,2152726528,2152726528,2136997888,2149318656,2144600064,9172432132
2128609280,2147483648,2149580800,2131755008,2135949312,2151677952,2150629376,2134900736,2139357184,2143289344,9172448132
2128609280,2151677952,2143289344,2139095040,2133852160,2151677952,2149580800,2132803584,2140667904,2141978624,9172464130
2127560704,2144337920,2144337920,2127560704,2131755008,2150629376,2149580800,2132803584,2135949312,2141192192,9172480133
2125463552,2145386496,2142240768,2129657856,2130706432,2148532224,2147483648,2129657856,2135687168,2139095040,9172496152
2124414976,2146435072,2150629376,2129657856,2129657856,2147483648,2146435072,2128609280,2137784320,2138046464,9172512153
2134900736,2156920832,2145386496,2132803584,2128609280,2146435072,2144337920,2125463552,2142502912,2136211456,9172528152
2136997888,2135949312,2136997888,2116026368,2127560704,2145386496,2142240768,2124414976,2131492864,2134900736,9172544153
2122317824,2155872256,2153775104,2131755008,2126512128,2144337920,2141192192,2122317824,2140930048,2133590016,9172560174
2119172096,2144337920,2138046464,2125463552,2125463552,2143289344,2140143616,2120220672,2131755008,2132279296,9172576174
2120220672,2155872256,2150629376,2130706432,2124414976,2141192192,2138046464,2118123520,2139357184,2130444288,9172593067
2127560704,2135949312,2132803584,2112880640,2123366400,2141192192,2138046464,2117074944,2127298560,2129920000,9172609066
2116026368,2142240768,2136997888,2123366400,2122317824,2140143616,2135949312,2116026368,2129657856,2128609280,9172625067
2114977792,2138046464,2135949312,2117074944,2120220672,2140143616,2135949312,2114977792,2126512128,2127822848,9172641089
2131755008,2130706432,2126512128,2102394880,2121269248,2138046464,2133852160,2111832064,2122842112,2126249984,9172657089
2133852160,2130706432,2127560704,2102394880,2120220672,2136997888,2132803584,2111832064,2123628544,2125463552,9172673089
2116026368,2147483648,2147483648,2121269248,2120220672,2135949312,2132803584,2109734912,2133065728,2124677120,9172689088
2119172096,2143289344,2136997888,2108686336,2119172096,2135949312,2131755008,2109734912,2127036416,2124152832,9172705112
2117074944,2144337920,2140143616,2117074944,2119172096,2134900736,2130706432,2107637760,2129657856,2123104256,9172721110
2118123520,2142240768,2138046464,2116026368,2118123520,2134900736,2130706432,2108686336,2128609280,2123104256,9172737113
2117074944,2146435072,2142240768,2113929216,2119172096,2134900736,2129657856,2107637760,2129920000,2122842112,9172753110
2121269248,2142240768,2134900736,2113929216,2119172096,2134900736,2129657856,2107637760,2128084992,2122842112,9172769134
2117074944,2145386496,2136997888,2110783488,2118123520,2134900736,2129657856,2108686336,2127560704,2122842112,9172785132
2116026368,2145386496,2144337920,2114977792,2119172096,2134900736,2130706432,2108686336,2130182144,2123366400,9172801133
2126512128,2142240768,2131755008,2112880640,2118123520,2135949312,2130706432,2108686336,2128347136,2123366400,9172817132
2112880640,2138046464,2143289344,2116026368,2119172096,2136997888,2131755008,2109734912,2127560704,2124414976,9172833154
2118123520,2147483648,2142240768,2119172096,2120220672,2135949312,2132803584,2110783488,2131755008,2124939264,9172849152
2121269248,2130706432,2128609280,2102394880,2119172096,2136997888,2132803584,2111832064,2120744960,2125201408,9172865155
2129657856,2141192192,2124414976,2105540608,2122317824,2138046464,2132803584,2111832064,2125201408,2126249984,9172881154
2117074944,2136997888,2126512128,2118123520,2122317824,2139095040,2134900736,2113929216,2124677120,2127560704,9172897177
2126512128,2151677952,2142240768,2122317824,2123366400,2140143616,2134900736,2116026368,2135687168,2128609280,9172913173
2120220672,2150629376,2148532224,2118123520,2123366400,2141192192,2138046464,2117074944,2134376448,2129920000,9172930066
2118123520,2149580800,2153775104,2126512128,2124414976,2143289344,2139095040,2119172096,2136997888,2131492864,9172946066
2124414976,2150629376,2146435072,2127560704,2125463552,2144337920,2141192192,2121269248,2137260032,2133065728,9172962066
2138046464,2133852160,2133852160,2111832064,2127560704,2144337920,2142240768,2122317824,2129395712,2134114304,9172978066
2120220672,2139095040,2139095040,2122317824,2128609280,2146435072,2143289344,2124414976,2130182144,2135687168,9172994089
2141192192,2138046464,2138046464,2117074944,2130706432,2147483648,2144337920,2126512128,2133590016,2137260032,9173010089
2129657856,2140143616,2140143616,2121269248,2131755008,2148532224,2146435072,2128609280,2132803584,2138832896,9173026089
2138046464,2145386496,2152726528,2121269248,2131755008,2150629376,2147483648,2130706432,2139357184,2140143616,9173042088
2133852160,2157969408,2159017984,2135949312,2132803584,2150629376,2149580800,2132803584,2146697216,2141454336,9173058111
2126512128,2164260864,2155872256,2147483648,2134900736,2152726528,2150629376,2133852160,2148532224,2143027200,9173074110
2145386496,2145386496,2144337920,2129657856,2135949312,2152726528,2152726528,2135949312,2141192192,2144337920,9173090110
2143289344,2156920832,2160066560,2133852160,2135949312,2154823680,2154823680,2138046464,2148532224,2145910784,9173106111
2128609280,2165309440,2155872256,2150629376,2136997888,2155872256,2153775104,2139095040,2150105088,2146435072,9173122131
2144337920,2161115136,2157969408,2139095040,2138046464,2155872256,2155872256,2141192192,2150629376,2147745792,9173138134
2138046464,2148532224,2147483648,2135949312,2139095040,2156920832,2156920832,2142240768,2142502912,2148794368,9173154132
2146435072,2150629376,2149580800,2133852160,2140143616,2159017984,2157969408,2144337920,2145124352,2150367232,9173170131
2139095040,2165309440,2169503744,2146435072,2140143616,2159017984,2159017984,2144337920,2155085824,2150629376,9173186153
2151677952,2153775104,2151677952,2136997888,2140143616,2157969408,2159017984,2144337920,2148532224,2150367232,9173202152
2151677952,2153775104,2153775104,2139095040,2141192192,2160066560,2161115136,2145386496,2149580800,2151940096,9173218153
2146435072,2151677952,2153775104,2138046464,2141192192,2160066560,2160066560,2147483648,2147483648,2152202240,9173234152
2132803584,2164260864,2156920832,2155872256,2141192192,2160066560,2160066560,2146435072,2152464384,2151940096,9173250173
2147483648,2171600896,2168455168,2143289344,2141192192,2160066560,2161115136,2147483648,2157707264,2152464384,9173267066
2144337920,2166358016,2168455168,2146435072,2141192192,2160066560,2161115136,2147483648,2156396544,2152464384,9173283067
2153775104,2153775104,2152726528,2140143616,2142240768,2160066560,2161115136,2146435072,2150105088,2152464384,9173299066
2133852160,2159017984,2153775104,2150629376,2141192192,2160066560,2160066560,2146435072,2149318656,2151940096,9173315066
2134900736,2157969408,2159017984,2147483648,2140143616,2160066560,2160066560,2145386496,2149842944,2151415808,9173331088
2147483648,2165309440,2162163712,2144337920,2140143616,2159017984,2159017984,2144337920,2154823680,2150629376,9173347090
2139095040,2165309440,2168455168,2150629376,2140143616,2157969408,2157969408,2143289344,2155872256,2149842944,9173363088
2139095040,2168455168,2163212288,2146435072,2139095040,2157969408,2156920832,2142240768,2154299392,2149056512,9173379089
2138046464,2168455168,2163212288,2148532224,2138046464,2156920832,2155872256,2141192192,2154561536,2148007936,9173395111
2130706432,2159017984,2160066560,2147483648,2135949312,2155872256,2154823680,2140143616,2149318656,2146697216,9173411112
2143289344,2147483648,2145386496,2132803584,2135949312,2154823680,2152726528,2138046464,2142240768,2145386496,9173427109
2127560704,2165309440,2164260864,2146435072,2135949312,2152726528,2151677952,2135949312,2150891520,2144075776,9173443111
2143289344,2155872256,2151677952,2133852160,2134900736,2151677952,2149580800,2133852160,2146172928,2142502912,9173459134
2143289344,2145386496,2142240768,2125463552,2133852160,2150629376,2149580800,2132803584,2139095040,2141716480,9173475134
2135949312,2140143616,2141192192,2125463552,2131755008,2149580800,2148532224,2130706432,2135687168,2140143616,9173491134
2142240768,2141192192,2140143616,2124414976,2130706432,2148532224,2146435072,2128609280,2136997888,2138570752,9173507131
2126512128,2151677952,2155872256,2134900736,2129657856,2146435072,2144337920,2126512128,2142240768,2136735744,9173523153
2123366400,2141192192,2133852160,2122317824,2127560704,2146435072,2142240768,2125463552,2130182144,2135425024,9173539154
2119172096,2151677952,2141192192,2134900736,2127560704,2144337920,2141192192,2123366400,2136735744,2134114304,9173555153
2120220672,2155872256,2153775104,2129657856,2125463552,2143289344,2140143616,2121269248,2139881472,2132541440,9173571152
2127560704,2146435072,2145386496,2113929216,2124414976,2143289344,2139095040,2119172096,2133327872,2131492864,9173587175
2117074944,2135949312,2131755008,2113929216,2123366400,2141192192,2138046464,2117074944,2124677120,2129920000,9173603175
2127560704,2134900736,2129657856,2110783488,2122317824,2140143616,2135949312,2114977792,2125725696,2128347136,9173620066
2127560704,2130706432,2129657856,2106589184,2122317824,2139095040,2134900736,2113929216,2123628544,2127560704,9173636066
2127560704,2142240768,2140143616,2120220672,2121269248,2138046464,2134900736,2112880640,2132541440,2126774272,9173652066
2120220672,2146435072,2142240768,2124414976,2120220672,2136997888,2133852160,2110783488,2133327872,2125463552,9173668090
2131755008,2140143616,2127560704,2111832064,2120220672,2136997888,2131755008,2109734912,2127822848,2124677120,9173684089
2121269248,2135949312,2135949312,2102394880,2119172096,2135949312,2131755008,2109734912,2123890688,2124152832,9173700090
2126512128,2133852160,2132803584,2103443456,2119172096,2135949312,2130706432,2108686336,2124152832,2123628544,9173716089
2125463552,2141192192,2124414976,2103443456,2119172096,2134900736,2129657856,2107637760,2123628544,2122842112,9173732111
2110783488,2135949312,2141192192,2114977792,2119172096,2134900736,2130706432,2107637760,2125725696,2123104256,9173748110
2118123520,2146435072,2140143616,2113929216,2118123520,2134900736,2130706432,2107637760,2129657856,2122842112,9173764110
2110783488,2147483648,2135949312,2119172096,2119172096,2134900736,2130706432,2108686336,2128347136,2123366400,9173780110
2127560704,2138046464,2129657856,2103443456,2118123520,2134900736,2130706432,2108686336,2124677120,2123104256,9173796134
2113929216,2147483648,2141192192,2118123520,2118123520,2134900736,2130706432,2108686336,2130182144,2123104256,9173812130
2116026368,2129657856,2125463552,2106589184,2118123520,2136997888,2130706432,2109734912,2119434240,2123890688,9173828134
2122317824,2144337920,2136997888,2111832064,2120220672,2135949312,2131755008,2109734912,2128871424,2124414976,9173844131
2113929216,2150629376,2143289344,2120220672,2120220672,2138046464,2132803584,2111832064,2132017152,2125725696,9173860156
2118123520,2131755008,2127560704,2104492032,2120220672,2138046464,2133852160,2112880640,2120482816,2126249984,9173876152
2114977792,2146435072,2147483648,2118123520,2122317824,2139095040,2134900736,2112880640,2131755008,2127298560,9173892153
2119172096,2131755008,2128609280,2110783488,2122317824,2139095040,2135949312,2114977792,2122579968,2128084992,9173908152
2125463552,2134900736,2129657856,2109734912,2124414976,2140143616,2136997888,2116026368,2124939264,2129395712,9173924176
2129657856,2131755008,2131755008,2109734912,2124414976,2142240768,2138046464,2118123520,2125725696,2130706432,9173940174
2117074944,2151677952,2143289344,2130706432,2125463552,2143289344,2140143616,2120220672,2135687168,2132279296,9173957066
2135949312,2152726528,2135949312,2123366400,2126512128,2145386496,2141192192,2122317824,2136997888,2133852160,9173973067
2121269248,2140143616,2140143616,2121269248,2127560704,2145386496,2143289344,2125463552,2130706432,2135425024,9173989066
2128609280,2154823680,2153775104,2131755008,2129657856,2146435072,2144337920,2126512128,2142240768,2136735744,9174005066
2139095040,2146435072,2144337920,2123366400,2129657856,2148532224,2145386496,2128609280,2138308608,2138046464,9174021089
2125463552,2142240768,2141192192,2127560704,2130706432,2149580800,2146435072,2130706432,2134114304,2139357184,9174037089
2126512128,2157969408,2160066560,2140143616,2131755008,2150629376,2148532224,2132803584,2146172928,2140930048,9174053089
2126512128,2156920832,2157969408,2142240768,2133852160,2151677952,2149580800,2133852160,2145910784,2142240768,9174069088
2145386496,2145386496,2144337920,2128609280,2134900736,2152726528,2151677952,2135949312,2140930048,2143813632,9174085110
2141192192,2156920832,2153775104,2134900736,2135949312,2153775104,2152726528,2138046464,2146697216,2145124352,9174101111
2140143616,2149580800,2145386496,2130706432,2136997888,2154823680,2153775104,2139095040,2141454336,2146172928,9174117111
2139095040,2163212288,2160066560,2138046464,2136997888,2157969408,2154823680,2141192192,2150105088,2147745792,9174133109
2131755008,2167406592,2172649472,2146435072,2138046464,2157969408,2156920832,2141192192,2154561536,2148532224,9174149131
2133852160,2152726528,2154823680,2143289344,2139095040,2159017984,2157969408,2144337920,2146172928,2150105088,9174165133
2134900736,2153775104,2155872256,2141192192,2140143616,2159017984,2159017984,2144337920,2146435072,2150629376,9174181132
2130706432,2170552320,2161115136,2157969408,2141192192,2160066560,2160066560,2145386496,2155085824,2151677952,9174197132
2149580800,2163212288,2157969408,2139095040,2142240768,2159017984,2160066560,2146435072,2152464384,2151940096,9174213154
2133852160,2152726528,2153775104,2147483648,2141192192,2159017984,2160066560,2146435072,2146959360,2151677952,9174229153
2133852160,2154823680,2154823680,2145386496,2142240768,2160066560,2160066560,2146435072,2147221504,2152202240,9174245154
2133852160,2157969408,2162163712,2148532224,2141192192,2161115136,2160066560,2147483648,2150629376,2152464384,9174261152
2150629376,2163212288,2155872256,2142240768,2141192192,2160066560,2161115136,2147483648,2152988672,2152464384,9174277173
2135949312,2171600896,2178940928,2153775104,2141192192,2160066560,2161115136,2146435072,2160066560,2152202240,9174294066
2149580800,2159017984,2162163712,2143289344,2141192192,2160066560,2160066560,2145386496,2153512960,2151677952,9174310066
2133852160,2168455168,2169503744,2155872256,2140143616,2159017984,2161115136,2145386496,2156920832,2151415808,9174326066
2133852160,2171600896,2171600896,2160066560,2140143616,2159017984,2159017984,2145386496,2159280128,2150891520,9174342066
2133852160,2155872256,2153775104,2143289344,2140143616,2157969408,2157969408,2144337920,2146697216,2150105088,9174358090
2149580800,2150629376,2149580800,2136997888,2139095040,2157969408,2156920832,2143289344,2146697216,2149318656,9174374089
2152726528,2150629376,2151677952,2132803584,2139095040,2156920832,2156920832,2141192192,2146959360,2148532224,9174390089
2136997888,2167406592,2166358016,2152726528,2138046464,2155872256,2155872256,2140143616,2155872256,2147483648,9174406089
2138046464,2149580800,2147483648,2133852160,2135949312,2154823680,2153775104,2139095040,2142240768,2145910784,9174422111
2146435072,2148532224,2146435072,2130706432,2135949312,2153775104,2152726528,2136997888,2143027200,2144862208,9174438111
2143289344,2159017984,2154823680,2140143616,2133852160,2152726528,2151677952,2135949312,2149318656,2143551488,9174454111
2136997888,2156920832,2157969408,2133852160,2133852160,2150629376,2149580800,2133852160,2146435072,2141978624,9174470112
2126512128,2154823680,2157969408,2142240768,2132803584,2149580800,2150629376,2130706432,2145386496,2140930048,9174486132
2142240768,2142240768,2139095040,2124414976,2131755008,2148532224,2146435072,2128609280,2136997888,2138832896,9174502133
2122317824,2149580800,2136997888,2132803584,2129657856,2148532224,2145386496,2126512128,2135425024,2137522176,9174518131
2135949312,2150629376,2146435072,2123366400,2127560704,2147483648,2144337920,2126512128,2139095040,2136473600,9174534131
2141192192,2139095040,2135949312,2114977792,2127560704,2145386496,2142240768,2123366400,2132803584,2134638592,9174550154
2123366400,2146435072,2152726528,2121269248,2126512128,2144337920,2141192192,2122317824,2135949312,2133590016,9174566154
2133852160,2136997888,2132803584,2112880640,2125463552,2143289344,2139095040,2120220672,2129133568,2132017152,9174582152
2129657856,2134900736,2130706432,2110783488,2124414976,2142240768,2138046464,2118123520,2126512128,2130706432,9174598154
2126512128,2148532224,2142240768,2124414976,2123366400,2140143616,2135949312,2116026368,2135425024,2128871424,9174614176
2132803584,2138046464,2138046464,2110783488,2122317824,2140143616,2135949312,2114977792,2129920000,2128347136,9174630174
2112880640,2145386496,2135949312,2126512128,2121269248,2136997888,2133852160,2112880640,2130182144,2126249984,9174647066
2122317824,2146435072,2144337920,2114977792,2121269248,2138046464,2132803584,2111832064,2132017152,2125987840,9174663067
2127560704,2131755008,2135949312,2104492032,2120220672,2136997888,2133852160,2110783488,2124939264,2125463552,9174679066
2112880640,2141192192,2139095040,2119172096,2119172096,2136997888,2132803584,2109734912,2128084992,2124677120,9174695090
2119172096,2140143616,2143289344,2112880640,2119172096,2135949312,2130706432,2109734912,2128871424,2123890688,9174711088
2118123520,2145386496,2141192192,2116026368,2118123520,2134900736,2131755008,2108686336,2130182144,2123366400,9174727090
2128609280,2128609280,2124414976,2101346304,2118123520,2134900736,2129657856,2107637760,2120744960,2122579968,9174743090
2126512128,2138046464,2124414976,2103443456,2119172096,2134900736,2129657856,2106589184,2123104256,2122579968,9174759113
2113929216,2139095040,2141192192,2118123520,2119172096,2134900736,2130706432,2107637760,2128084992,2123104256,9174775112
2120220672,2142240768,2139095040,2112880640,2118123520,2134900736,2130706432,2108686336,2128609280,2123104256,9174791112
2112880640,2143289344,2141192192,2120220672,2118123520,2135949312,2130706432,2108686336,2129395712,2123366400,9174807110
2111832064,2132803584,2126512128,2109734912,2119172096,2136997888,2130706432,2109734912,2120220672,2124152832,9174823132
2114977792,2149580800,2145386496,2123366400,2119172096,2135949312,2132803584,2109734912,2133327872,2124414976,9174839131
2119172096,2129657856,2127560704,2105540608,2120220672,2136997888,2130706432,2109734912,2120482816,2124414976,9174855131
2125463552,2128609280,2126512128,2107637760,2121269248,2136997888,2132803584,2111832064,2122055680,2125725696,9174871134
2120220672,2146435072,2143289344,2119172096,2121269248,2138046464,2134900736,2112880640,2132279296,2126774272,9174887156
2127560704,2132803584,2135949312,2106589184,2122317824,2139095040,2134900736,2113929216,2125725696,2127560704,9174903150
2119172096,2150629376,2146435072,2127560704,2123366400,2141192192,2136997888,2117074944,2135949312,2129657856,9174919156
2124414976,2142240768,2143289344,2112880640,2125463552,2141192192,2136997888,2118123520,2130706432,2130444288,9174935155
2136997888,2136997888,2131755008,2111832064,2124414976,2143289344,2139095040,2120220672,2129395712,2131755008,9174951176
2136997888,2135949312,2133852160,2112880640,2126512128,2144337920,2140143616,2122317824,2129920000,2133327872,9174967173
2129657856,2138046464,2134900736,2118123520,2127560704,2145386496,2142240768,2123366400,2130182144,2134638592,9174984066
2140143616,2138046464,2135949312,2119172096,2127560704,2147483648,2144337920,2126512128,2133327872,2136473600,9175000066
2126512128,2140143616,2136997888,2125463552,2129657856,2147483648,2146435072,2127560704,2132279296,2137784320,9175016066
2131755008,2141192192,2140143616,2122317824,2131755008,2147483648,2146435072,2127560704,2133852160,2138308608,9175032066
2122317824,2157969408,2152726528,2142240768,2132803584,2149580800,2147483648,2130706432,2143813632,2140143616,9175048089
2134900736,2146435072,2152726528,2127560704,2132803584,2151677952,2149580800,2133852160,2140405760,2141978624,9175064089
2134900736,2159017984,2161115136,2142240768,2133852160,2153775104,2151677952,2135949312,2149318656,2143813632,9175080089
2141192192,2154823680,2157969408,2130706432,2135949312,2154823680,2152726528,2136997888,2146172928,2145124352,9175096089
2128609280,2155872256,2152726528,2143289344,2136997888,2154823680,2153775104,2138046464,2145124352,2145910784,9175112112
2151677952,2148532224,2147483648,2132803584,2138046464,2154823680,2154823680,2140143616,2145124352,2146959360,9175128111
2148532224,2163212288,2150629376,2143289344,2138046464,2156920832,2156920832,2142240768,2151415808,2148532224,9175144111
2136997888,2167406592,2173698048,2151677952,2139095040,2157969408,2156920832,2142240768,2157445120,2149056512,9175160109
2142240768,2151677952,2149580800,2139095040,2141192192,2157969408,2157969408,2143289344,2145648640,2150105088,9175176132
2152726528,2151677952,2154823680,2135949312,2140143616,2159017984,2157969408,2145386496,2148794368,2150629376,9175192133
2136997888,2169503744,2172649472,2154823680,2140143616,2159017984,2160066560,2145386496,2158493696,2151153664,9175208133
2145386496,2152726528,2150629376,2139095040,2142240768,2159017984,2160066560,2145386496,2146959360,2151677952,9175224130
2132803584,2172649472,2167406592,2156920832,2141192192,2160066560,2160066560,2146435072,2157445120,2151940096,9175240153
2133852160,2170552320,2170552320,2160066560,2141192192,2160066560,2160066560,2146435072,2158755840,2151940096,9175256155
2134900736,2164260864,2167406592,2155872256,2141192192,2160066560,2160066560,2146435072,2155610112,2151940096,9175272153
2146435072,2150629376,2152726528,2138046464,2141192192,2160066560,2160066560,2146435072,2146959360,2151940096,9175288151
2140143616,2152726528,2153775104,2140143616,2140143616,2160066560,2160066560,2146435072,2146697216,2151677952,9175304177
2151677952,2161115136,2153775104,2146435072,2141192192,2159017984,2159017984,2145386496,2153250816,2151153664,9175321067
2134900736,2172649472,2168455168,2152726528,2140143616,2159017984,2159017984,2144337920,2157182976,2150629376,9175337066
2147483648,2163212288,2167406592,2139095040,2140143616,2159017984,2159017984,2144337920,2154299392,2150629376,9175353067
2146435072,2150629376,2149580800,2136997888,2139095040,2157969408,2156920832,2143289344,2145910784,2149318656,9175369066
2132803584,2153775104,2155872256,2141192192,2139095040,2156920832,2156920832,2142240768,2145910784,2148794368,9175385089
2130706432,2156920832,2161115136,2147483648,2139095040,2154823680,2154823680,2139095040,2149056512,2146959360,9175401089
2130706432,2170552320,2164260864,2147483648,2136997888,2154823680,2154823680,2139095040,2153250816,2146435072,9175417089
2133852160,2149580800,2149580800,2131755008,2135949312,2154823680,2152726528,2136997888,2141192192,2145124352,9175433090
2129657856,2147483648,2145386496,2133852160,2134900736,2152726528,2151677952,2135949312,2139095040,2143813632,9175449111
2138046464,2156920832,2153775104,2133852160,2132803584,2152726528,2151677952,2132803584,2145648640,2142502912,9175465110
2146435072,2144337920,2144337920,2123366400,2131755008,2150629376,2148532224,2132803584,2139619328,2140930048,9175481110
2127560704,2145386496,2141192192,2130706432,2131755008,2149580800,2147483648,2130706432,2136211456,2139881472,9175497110
2127560704,2150629376,2157969408,2133852160,2130706432,2148532224,2145386496,2128609280,2142502912,2138308608,9175513134
2123366400,2164260864,2159017984,2136997888,2128609280,2147483648,2144337920,2126512128,2145910784,2136735744,9175529132
2121269248,2156920832,2153775104,2135949312,2128609280,2146435072,2142240768,2124414976,2141978624,2135425024,9175545131
2124414976,2150629376,2149580800,2119172096,2126512128,2144337920,2141192192,2122317824,2135949312,2133590016,9175561134
2136997888,2136997888,2133852160,2116026368,2125463552,2144337920,2140143616,2121269248,2130968576,2132803584,9175577155
2118123520,2157969408,2148532224,2130706432,2124414976,2142240768,2139095040,2117074944,2138832896,2130706432,9175593153
2117074944,2136997888,2139095040,2120220672,2123366400,2140143616,2135949312,2116026368,2128347136,2128871424,9175609152
2114977792,2152726528,2147483648,2125463552,2122317824,2140143616,2135949312,2114977792,2135162880,2128347136,9175625155
2135949312,2132803584,2129657856,2108686336,2121269248,2139095040,2134900736,2113929216,2126774272,2127298560,9175641176
2127560704,2131755008,2138046464,2106589184,2121269248,2136997888,2133852160,2110783488,2125987840,2125725696,9175657173
2132803584,2129657856,2127560704,2105540608,2120220672,2136997888,2132803584,2110783488,2123890688,2125201408,9175674066
2116026368,2151677952,2145386496,2117074944,2120220672,2135949312,2131755008,2109734912,2132541440,2124414976,9175690066
2112880640,2136997888,2133852160,2112880640,2118123520,2136997888,2131755008,2109734912,2124152832,2124152832,9175706066
2113929216,2142240768,2138046464,2118123520,2119172096,2134900736,2130706432,2108686336,2128084992,2123366400,9175722090
2129657856,2130706432,2124414976,2099249152,2117074944,2135949312,2131755008,2108686336,2121007104,2123366400,9175738088
2125463552,2140143616,2132803584,2100297728,2118123520,2134900736,2130706432,2107637760,2124677120,2122842112,9175754089
2108686336,2136997888,2125463552,2109734912,2118123520,2134900736,2129657856,2107637760,2120220672,2122579968,9175770088
2131755008,2126512128,2124414976,2099249152,2118123520,2134900736,2130706432,2107637760,2120482816,2122842112,9175786112
2109734912,2139095040,2128609280,2116026368,2118123520,2134900736,2130706432,2107637760,2123366400,2122842112,9175802111
2112880640,2149580800,2139095040,2118123520,2119172096,2134900736,2130706432,2108686336,2129920000,2123366400,9175818110
2118123520,2143289344,2141192192,2110783488,2118123520,2136997888,2130706432,2109734912,2128347136,2123890688,9175834110
2117074944,2130706432,2125463552,2105540608,2119172096,2136997888,2131755008,2110783488,2119696384,2124677120,9175850132
2118123520,2143289344,2145386496,2120220672,2120220672,2138046464,2133852160,2111832064,2131755008,2125987840,9175866132
2122317824,2143289344,2140143616,2112880640,2121269248,2139095040,2133852160,2112880640,2129657856,2126774272,9175882133
2114977792,2134900736,2139095040,2113929216,2122317824,2139095040,2134900736,2113929216,2125725696,2127560704,9175898132
2132803584,2129657856,2128609280,2104492032,2123366400,2140143616,2135949312,2114977792,2123890688,2128609280,9175914154
2128609280,2132803584,2127560704,2109734912,2123366400,2141192192,2138046464,2117074944,2124677120,2129920000,9175930152
2121269248,2151677952,2146435072,2123366400,2124414976,2143289344,2139095040,2120220672,2135687168,2131755008,9175946154
2126512128,2133852160,2133852160,2114977792,2126512128,2143289344,2140143616,2120220672,2127298560,2132541440,9175962153
2122317824,2152726528,2152726528,2132803584,2127560704,2145386496,2141192192,2122317824,2140143616,2134114304,9175978175
2121269248,2145386496,2141192192,2126512128,2128609280,2146435072,2143289344,2125463552,2133590016,2135949312,9175994173
2132803584,2160066560,2149580800,2131755008,2129657856,2147483648,2144337920,2126512128,2143551488,2136997888,9176011066
2135949312,2140143616,2138046464,2121269248,2130706432,2148532224,2146435072,2128609280,2133852160,2138570752,9176027066
2145386496,2143289344,2138046464,2122317824,2132803584,2149580800,2147483648,2129657856,2137260032,2139881472,9176043067
2138046464,2140143616,2141192192,2123366400,2132803584,2151677952,2149580800,2132803584,2135687168,2141716480,9176059066
2144337920,2150629376,2146435072,2128609280,2133852160,2152726528,2150629376,2134900736,2142502912,2143027200,9176075088
2140143616,2142240768,2143289344,2127560704,2135949312,2153775104,2152726528,2135949312,2138308608,2144600064,9176091091
2129657856,2155872256,2152726528,2140143616,2134900736,2153775104,2153775104,2138046464,2144600064,2145124352,9176107090
2139095040,2161115136,2163212288,2142240768,2136997888,2155872256,2154823680,2140143616,2151415808,2146959360,9176123089
2129657856,2163212288,2149580800,2151677952,2138046464,2156920832,2155872256,2141192192,2148532224,2148007936,9176139110
2146435072,2150629376,2151677952,2133852160,2139095040,2156920832,2156920832,2142240768,2145648640,2148794368,9176155111
2130706432,2164260864,2162163712,2155872256,2139095040,2157969408,2157969408,2144337920,2153250816,2149842944,9176171113
2141192192,2151677952,2151677952,2139095040,2140143616,2159017984,2159017984,2145386496,2145910784,2150891520,9176187110
2135949312,2168455168,2173698048,2150629376,2141192192,2159017984,2159017984,2145386496,2157182976,2151153664,9176203132
2133852160,2159017984,2166358016,2150629376,2141192192,2160066560,2160066560,2146435072,2152464384,2151940096,9176219132
2143289344,2168455168,2165309440,2154823680,2141192192,2160066560,2160066560,2147483648,2157969408,2152202240,9176235133
2134900736,2168455168,2166358016,2160066560,2141192192,2160066560,2160066560,2147483648,2157445120,2152202240,9176251131
2150629376,2152726528,2153775104,2141192192,2141192192,2161115136,2160066560,2146435072,2149580800,2152202240,9176267153
2132803584,2176843776,2171600896,2156920832,2141192192,2161115136,2161115136,2147483648,2159542272,2152726528,9176283154
2149580800,2154823680,2151677952,2143289344,2141192192,2160066560,2159017984,2146435072,2149842944,2151677952,9176299154
2142240768,2150629376,2152726528,2138046464,2141192192,2159017984,2160066560,2146435072,2145910784,2151677952,9176315151
2139095040,2157969408,2170552320,2140143616,2140143616,2160066560,2159017984,2145386496,2151940096,2151153664,9176331173
2151677952,2151677952,2152726528,2135949312,2140143616,2159017984,2159017984,2144337920,2148007936,2150629376,9176348066
2131755008,2172649472,2165309440,2159017984,2139095040,2157969408,2157969408,2143289344,2157182976,2149580800,9176364066
2141192192,2148532224,2148532224,2134900736,2140143616,2156920832,2155872256,2142240768,2143289344,2148794368,9176380066
2144337920,2149580800,2147483648,2131755008,2138046464,2155872256,2154823680,2140143616,2143289344,2147221504,9176396066
2136997888,2161115136,2165309440,2146435072,2136997888,2155872256,2154823680,2140143616,2152464384,2146959360,9176412089
2129657856,2153775104,2151677952,2139095040,2134900736,2154823680,2153775104,2138046464,2143551488,2145386496,9176428088
2127560704,2150629376,2150629376,2136997888,2134900736,2153775104,2152726528,2138046464,2141454336,2144862208,9176444087
2126512128,2154823680,2149580800,2142240768,2133852160,2151677952,2151677952,2133852160,2143289344,2142765056,9176460089
2139095040,2154823680,2157969408,2125463552,2133852160,2150629376,2148532224,2130706432,2144337920,2140930048,9176476111
2127560704,2142240768,2140143616,2125463552,2131755008,2149580800,2147483648,2130706432,2133852160,2139881472,9176492113
2125463552,2161115136,2160066560,2139095040,2131755008,2147483648,2146435072,2127560704,2146435072,2138308608,9176508110
2145386496,2140143616,2140143616,2120220672,2129657856,2147483648,2144337920,2126512128,2136473600,2136997888,9176524111
2122317824,2145386496,2150629376,2128609280,2128609280,2146435072,2143289344,2124414976,2136735744,2135687168,9176540132
2131755008,2146435072,2146435072,2119172096,2126512128,2144337920,2141192192,2122317824,2135949312,2133590016,9176556132
2130706432,2153775104,2146435072,2122317824,2126512128,2143289344,2141192192,2121269248,2138308608,2133065728,9176572132
2123366400,2146435072,2146435072,2122317824,2125463552,2141192192,2138046464,2118123520,2134638592,2130706432,9176588132
2135949312,2136997888,2132803584,2110783488,2123366400,2142240768,2138046464,2117074944,2129133568,2130182144,9176604154
2119172096,2133852160,2129657856,2112880640,2122317824,2141192192,2135949312,2116026368,2123890688,2128871424,9176620152
2119172096,2150629376,2145386496,2124414976,2121269248,2139095040,2134900736,2113929216,2134900736,2127298560,9176636151
2118123520,2147483648,2144337920,2124414976,2121269248,2138046464,2133852160,2112880640,2133590016,2126512128,9176652152
2121269248,2147483648,2140143616,2121269248,2121269248,2136997888,2132803584,2110783488,2132541440,2125463552,9176668174
2112880640,2135949312,2131755008,2114977792,2119172096,2135949312,2132803584,2109734912,2123890688,2124414976,9176684174
2114977792,2149580800,2146435072,2121269248,2118123520,2135949312,2131755008,2108686336,2133065728,2123628544,9176701066
2130706432,2138046464,2124414976,2102394880,2118123520,2135949312,2130706432,2108686336,2123890688,2123366400,9176717066
2112880640,2128609280,2124414976,2109734912,2118123520,2135949312,2130706432,2108686336,2118909952,2123366400,9176733067
2111832064,2134900736,2126512128,2109734912,2118123520,2134900736,2130706432,2107637760,2120744960,2122842112,9176749090
2125463552,2135949312,2133852160,2102394880,2119172096,2133852160,2130706432,2106589184,2124414976,2122579968,9176765088
2120220672,2138046464,2135949312,2100297728,2118123520,2134900736,2130706432,2107637760,2123628544,2122842112,9176781089
2110783488,2146435072,2142240768,2121269248,2118123520,2134900736,2130706432,2107637760,2130182144,2122842112,9176797088
2114977792,2147483648,2142240768,2117074944,2118123520,2135949312,2131755008,2108686336,2130444288,2123628544,9176813111
2110783488,2132803584,2126512128,2109734912,2119172096,2135949312,2131755008,2109734912,2119958528,2124152832,9176829110
2119172096,2130706432,2128609280,2102394880,2119172096,2138046464,2132803584,2110783488,2120220672,2125201408,9176845111
2129657856,2128609280,2125463552,2102394880,2120220672,2136997888,2132803584,2110783488,2121531392,2125201408,9176861111
2113929216,2139095040,2128609280,2114977792,2121269248,2136997888,2133852160,2111832064,2124152832,2125987840,9176877134
2118123520,2136997888,2136997888,2113929216,2122317824,2139095040,2135949312,2113929216,2126512128,2127822848,9176893131
2129657856,2131755008,2127560704,2106589184,2123366400,2139095040,2134900736,2114977792,2123890688,2128084992,9176909132
2133852160,2140143616,2136997888,2111832064,2124414976,2140143616,2136997888,2116026368,2130706432,2129395712,9176925134
2118123520,2156920832,2149580800,2127560704,2125463552,2140143616,2138046464,2117074944,2138046464,2130182144,9176941153
2127560704,2133852160,2133852160,2112880640,2125463552,2142240768,2140143616,2120220672,2127036416,2132017152,9176957152
2122317824,2152726528,2150629376,2129657856,2127560704,2144337920,2142240768,2121269248,2138832896,2133852160,9176973156
2141192192,2139095040,2139095040,2113929216,2128609280,2145386496,2143289344,2124414976,2133327872,2135425024,9176989153
2134900736,2155872256,2149580800,2127560704,2129657856,2147483648,2144337920,2126512128,2141978624,2136997888,9177005177
2125463552,2141192192,2138046464,2126512128,2129657856,2148532224,2145386496,2128609280,2132803584,2138046464,9177021172
2130706432,2157969408,2152726528,2125463552,2130706432,2149580800,2147483648,2130706432,2141716480,2139619328,9177038066
2125463552,2159017984,2152726528,2147483648,2132803584,2150629376,2148532224,2131755008,2146172928,2140930048,9177054066
2130706432,2163212288,2161115136,2143289344,2133852160,2152726528,2150629376,2133852160,2149580800,2142765056,9177070066
2146435072,2144337920,2143289344,2127560704,2134900736,2153775104,2151677952,2135949312,2140405760,2144075776,9177086066
2133852160,2165309440,2165309440,2143289344,2134900736,2153775104,2152726528,2136997888,2151940096,2144600064,9177102089
2135949312,2148532224,2151677952,2132803584,2135949312,2155872256,2154823680,2139095040,2142240768,2146435072,9177118090
2130706432,2155872256,2154823680,2143289344,2138046464,2156920832,2155872256,2140143616,2146172928,2147745792,9177134089
2133852160,2151677952,2152726528,2139095040,2139095040,2156920832,2155872256,2142240768,2144337920,2148532224,9177150089
2150629376,2151677952,2150629376,2134900736,2140143616,2156920832,2157969408,2142240768,2146959360,2149318656,9177166111
2152726528,2149580800,2151677952,2136997888,2141192192,2159017984,2157969408,2144337920,2147745792,2150629376,9177182112
2152726528,2152726528,2150629376,2139095040,2140143616,2159017984,2159017984,2146435072,2148794368,2151153664,9177198112
2146435072,2155872256,2151677952,2141192192,2140143616,2160066560,2159017984,2146435072,2148794368,2151415808,9177214111
2135949312,2168455168,2172649472,2154823680,2141192192,2160066560,2160066560,2146435072,2157969408,2151940096,9177230132
2140143616,2175795200,2170552320,2151677952,2141192192,2160066560,2160066560,2146435072,2159542272,2151940096,9177246134
2140143616,2169503744,2167406592,2152726528,2142240768,2160066560,2161115136,2146435072,2157445120,2152464384,9177262133
2138046464,2153775104,2151677952,2142240768,2142240768,2160066560,2160066560,2146435072,2146435072,2152202240,9177278131
2146435072,2152726528,2151677952,2138046464,2141192192,2159017984,2159017984,2146435072,2147221504,2151415808,9177294154
2149580800,2155872256,2163212288,2139095040,2140143616,2160066560,2161115136,2146435072,2151940096,2151940096,9177310153
2135949312,2168455168,2172649472,2156920832,2141192192,2159017984,2159017984,2145386496,2158493696,2151153664,9177326152
2153775104,2153775104,2154823680,2135949312,2139095040,2159017984,2157969408,2144337920,2149580800,2150105088,9177342153
2134900736,2155872256,2149580800,2145386496,2140143616,2157969408,2159017984,2143289344,2146435072,2150105088,9177358175
2140143616,2162163712,2166358016,2144337920,2139095040,2157969408,2156920832,2143289344,2153250816,2149318656,9177375066
2146435072,2150629376,2149580800,2138046464,2139095040,2156920832,2155872256,2141192192,2146172928,2148270080,9177391066
2130706432,2168455168,2168455168,2153775104,2136997888,2156920832,2155872256,2140143616,2155347968,2147483648,9177407066
2139095040,2163212288,2163212288,2136997888,2136997888,2154823680,2152726528,2138046464,2150629376,2145648640,9177423066
2132803584,2166358016,2163212288,2146435072,2135949312,2153775104,2151677952,2135949312,2152202240,2144337920,9177439088
2126512128,2149580800,2156920832,2131755008,2134900736,2152726528,2151677952,2134900736,2141192192,2143551488,9177455088
2149580800,2142240768,2146435072,2124414976,2133852160,2150629376,2150629376,2131755008,2140667904,2141716480,9177471088
2124414976,2155872256,2153775104,2141192192,2131755008,2150629376,2148532224,2130706432,2143813632,2140405760,9177487090
2126512128,2142240768,2139095040,2125463552,2130706432,2148532224,2146435072,2128609280,2133327872,2138570752,9177503110
2138046464,2139095040,2139095040,2119172096,2129657856,2147483648,2145386496,2127560704,2133852160,2137522176,9177519112
2125463552,2154823680,2154823680,2132803584,2128609280,2146435072,2144337920,2124414976,2141978624,2135949312,9177535109
2136997888,2141192192,2135949312,2117074944,2128609280,2145386496,2142240768,2123366400,2132803584,2134900736,9177551112
2138046464,2138046464,2133852160,2116026368,2126512128,2144337920,2141192192,2121269248,2131492864,2133327872,9177567133
2119172096,2141192192,2135949312,2122317824,2125463552,2142240768,2140143616,2119172096,2129657856,2131755008,9177583131
2135949312,2136997888,2131755008,2111832064,2124414976,2142240768,2138046464,2118123520,2129133568,2130706432,9177599131
2123366400,2135949312,2130706432,2112880640,2123366400,2140143616,2138046464,2116026368,2125725696,2129395712,9177615133
2116026368,2155872256,2143289344,2131755008,2122317824,2139095040,2135949312,2113929216,2136735744,2127822848,9177631154
2116026368,2139095040,2132803584,2116026368,2121269248,2138046464,2133852160,2112880640,2125987840,2126512128,9177647152
2132803584,2132803584,2133852160,2105540608,2121269248,2138046464,2133852160,2111832064,2126249984,2126249984,9177663152
2113929216,2143289344,2143289344,2122317824,2120220672,2136997888,2131755008,2110783488,2130706432,2124939264,9177679154
2114977792,2138046464,2141192192,2117074944,2120220672,2135949312,2131755008,2109734912,2127822848,2124414976,9177695177
2109734912,2147483648,2139095040,2121269248,2118123520,2136997888,2130706432,2109734912,2129395712,2123890688,9177711175
2126512128,2143289344,2133852160,2111832064,2118123520,2135949312,2131755008,2107637760,2128871424,2123366400,9177728066
2111832064,2132803584,2127560704,2109734912,2119172096,2134900736,2130706432,2107637760,2120482816,2123104256,9177744066
2117074944,2143289344,2138046464,2110783488,2118123520,2135949312,2130706432,2107637760,2127298560,2123104256,9177760066
2111832064,2130706432,2128609280,2102394880,2118123520,2134900736,2129657856,2107637760,2118385664,2122579968,9177776089
2120220672,2125463552,2126512128,2102394880,2118123520,2134900736,2129657856,2107637760,2118647808,2122579968,9177792087
2113929216,2145386496,2141192192,2121269248,2118123520,2134900736,2130706432,2108686336,2130444288,2123104256,9177808090
2110783488,2132803584,2130706432,2108686336,2118123520,2136997888,2130706432,2109734912,2120744960,2123890688,9177824088
2130706432,2132803584,2129657856,2103443456,2119172096,2136997888,2131755008,2110783488,2124152832,2124677120,9177840110
2126512128,2130706432,2126512128,2101346304,2120220672,2136997888,2132803584,2109734912,2121269248,2124939264,9177856110
2132803584,2131755008,2128609280,2102394880,2120220672,2139095040,2132803584,2111832064,2123890688,2125987840,9177872111
2111832064,2153775104,2139095040,2122317824,2122317824,2139095040,2133852160,2112880640,2131755008,2127036416,9177888111
2126512128,2146435072,2138046464,2116026368,2122317824,2140143616,2135949312,2114977792,2131755008,2128347136,9177904133
2114977792,2142240768,2143289344,2122317824,2124414976,2140143616,2136997888,2114977792,2130706432,2129133568,9177920130
2129657856,2131755008,2130706432,2108686336,2124414976,2141192192,2138046464,2117074944,2125201408,2130182144,9177936135
2117074944,2136997888,2134900736,2114977792,2124414976,2143289344,2140143616,2120220672,2125987840,2132017152,9177952132
2136997888,2133852160,2134900736,2112880640,2126512128,2144337920,2141192192,2122317824,2129657856,2133590016,9177968153
2132803584,2135949312,2133852160,2116026368,2127560704,2144337920,2142240768,2123366400,2129657856,2134376448,9177984153
2126512128,2152726528,2150629376,2129657856,2128609280,2146435072,2143289344,2125463552,2139881472,2135949312,9178000154
2122317824,2147483648,2143289344,2128609280,2129657856,2147483648,2145386496,2127560704,2135425024,2137522176,9178016155
2124414976,2155872256,2163212288,2138046464,2130706432,2148532224,2146435072,2129657856,2145386496,2138832896,9178032174
2125463552,2159017984,2157969408,2143289344,2131755008,2150629376,2148532224,2131755008,2146435072,2140667904,9178048172
2146435072,2144337920,2143289344,2123366400,2133852160,2151677952,2149580800,2132803584,2139357184,2141978624,9178065066
2130706432,2160066560,2163212288,2145386496,2134900736,2152726528,2151677952,2134900736,2149842944,2143551488,9178081066
2130706432,2160066560,2164260864,2149580800,2134900736,2154823680,2152726528,2138046464,2151153664,2145124352,9178097066
2130706432,2151677952,2153775104,2134900736,2136997888,2155872256,2153775104,2139095040,2142765056,2146435072,9178113066
2130706432,2167406592,2166358016,2150629376,2136997888,2155872256,2154823680,2140143616,2153775104,2146959360,9178129091
2147483648,2159017984,2150629376,2145386496,2139095040,2156920832,2155872256,2141192192,2150629376,2148270080,9178145088
2131755008,2164260864,2164260864,2155872256,2139095040,2157969408,2157969408,2142240768,2154037248,2149318656,9178161089
2147483648,2152726528,2162163712,2140143616,2139095040,2159017984,2157969408,2144337920,2150629376,2150105088,9178177087
2133852160,2152726528,2152726528,2142240768,2141192192,2159017984,2159017984,2144337920,2145386496,2150891520,9178193111
2142240768,2153775104,2154823680,2143289344,2140143616,2160066560,2160066560,2146435072,2148532224,2151677952,9178209110
2140143616,2172649472,2171600896,2153775104,2142240768,2160066560,2159017984,2146435072,2159542272,2151940096,9178225109
2135949312,2169503744,2172649472,2154823680,2141192192,2160066560,2161115136,2146435072,2158231552,2152202240,9178241110
2138046464,2175795200,2167406592,2155872256,2141192192,2160066560,2160066560,2146435072,2159280128,2151940096,9178257134
2133852160,2160066560,2157969408,2151677952,2141192192,2160066560,2161115136,2147483648,2150891520,2152464384,9178273134
2151677952,2163212288,2153775104,2141192192,2141192192,2160066560,2160066560,2147483648,2152464384,2152202240,9178289132
2133852160,2164260864,2162163712,2155872256,2141192192,2160066560,2160066560,2146435072,2154037248,2151940096,9178305133
2133852160,2161115136,2160066560,2151677952,2141192192,2159017984,2160066560,2145386496,2151677952,2151415808,9178321153
2135949312,2174746624,2171600896,2160066560,2141192192,2159017984,2159017984,2145386496,2160590848,2151153664,9178337153
2147483648,2157969408,2162163712,2135949312,2140143616,2159017984,2159017984,2143289344,2150891520,2150367232,9178353153
2146435072,2151677952,2150629376,2136997888,2139095040,2157969408,2157969408,2143289344,2146435072,2149580800,9178369152
2132803584,2170552320,2166358016,2155872256,2138046464,2157969408,2156920832,2142240768,2156396544,2148794368,9178385176
2144337920,2154823680,2147483648,2135949312,2138046464,2155872256,2155872256,2140143616,2145648640,2147483648,9178402066
2130706432,2155872256,2164260864,2143289344,2135949312,2154823680,2154823680,2138046464,2148532224,2145910784,9178418066
2130706432,2168455168,2164260864,2151677952,2135949312,2154823680,2152726528,2136997888,2153775104,2145124352,9178434066
2143289344,2160066560,2146435072,2138046464,2134900736,2152726528,2151677952,2135949312,2146959360,2143813632,9178450066
2145386496,2144337920,2144337920,2125463552,2133852160,2151677952,2150629376,2133852160,2139881472,2142502912,9178466089
2126512128,2155872256,2148532224,2142240768,2131755008,2150629376,2148532224,2131755008,2143289344,2140667904,9178482089
2124414976,2149580800,2149580800,2134900736,2131755008,2148532224,2147483648,2129657856,2139619328,2139357184,9178498090
2125463552,2142240768,2142240768,2124414976,2130706432,2147483648,2145386496,2127560704,2133590016,2137784320,9178514091
2121269248,2142240768,2144337920,2123366400,2129657856,2146435072,2143289344,2125463552,2132803584,2136211456,9178530111
2124414976,2152726528,2156920832,2129657856,2128609280,2145386496,2142240768,2123366400,2140930048,2134900736,9178546110
2119172096,2153775104,2147483648,2133852160,2127560704,2144337920,2141192192,2122317824,2138570752,2133852160,9178562110
2129657856,2150629376,2146435072,2128609280,2125463552,2143289344,2141192192,2119172096,2138832896,2132279296,9178578112
2131755008,2135949312,2140143616,2112880640,2124414976,2143289344,2138046464,2118123520,2130182144,2130968576,9178594133
2117074944,2138046464,2133852160,2118123520,2123366400,2140143616,2135949312,2117074944,2126774272,2129133568,9178610132
2118123520,2136997888,2130706432,2113929216,2122317824,2140143616,2135949312,2114977792,2124939264,2128347136,9178626132
2123366400,2132803584,2129657856,2111832064,2122317824,2139095040,2134900736,2113929216,2124414976,2127560704,9178642132
2112880640,2138046464,2131755008,2117074944,2121269248,2136997888,2132803584,2110783488,2124939264,2125463552,9178658155
2116026368,2142240768,2144337920,2120220672,2120220672,2138046464,2132803584,2110783488,2130706432,2125463552,9178674154
2118123520,2130706432,2130706432,2104492032,2120220672,2136997888,2131755008,2109734912,2121007104,2124677120,9178690152
2124414976,2126512128,2123366400,2102394880,2119172096,2136997888,2131755008,2109734912,2119172096,2124414976,9178706154
2110783488,2147483648,2127560704,2124414976,2119172096,2135949312,2130706432,2108686336,2127560704,2123628544,9178722174
2110783488,2130706432,2122317824,2105540608,2118123520,2135949312,2130706432,2107637760,2117337088,2123104256,9178738173
2119172096,2142240768,2138046464,2124414976,2118123520,2134900736,2129657856,2107637760,2130968576,2122579968,9178755066
2112880640,2127560704,2124414976,2104492032,2118123520,2134900736,2130706432,2107637760,2117337088,2122842112,9178771066
2120220672,2144337920,2142240768,2117074944,2119172096,2134900736,2130706432,2107637760,2130968576,2123104256,9178787066
2110783488,2134900736,2132803584,2109734912,2118123520,2135949312,2130706432,2108686336,2122055680,2123366400,9178803089
2124414976,2130706432,2123366400,2101346304,2119172096,2135949312,2130706432,2109734912,2119958528,2123890688,9178819088
2123366400,2127560704,2122317824,2102394880,2120220672,2135949312,2130706432,2109734912,2118909952,2124152832,9178835088
2113929216,2130706432,2131755008,2105540608,2119172096,2135949312,2132803584,2109734912,2120482816,2124414976,9178851088
2131755008,2138046464,2125463552,2102394880,2120220672,2136997888,2132803584,2110783488,2124414976,2125201408,9178867111
2119172096,2138046464,2144337920,2109734912,2120220672,2139095040,2133852160,2113929216,2127822848,2126774272,9178883111
2128609280,2130706432,2126512128,2104492032,2123366400,2138046464,2134900736,2113929216,2122579968,2127560704,9178899112
2131755008,2133852160,2136997888,2109734912,2123366400,2140143616,2136997888,2116026368,2128084992,2129133568,9178915111
2122317824,2143289344,2143289344,2116026368,2125463552,2140143616,2135949312,2116026368,2131230720,2129395712,9178931132
2118123520,2143289344,2138046464,2124414976,2125463552,2142240768,2138046464,2119172096,2130968576,2131230720,9178947132
2119172096,2142240768,2142240768,2123366400,2126512128,2143289344,2140143616,2120220672,2131755008,2132541440,9178963132
2134900736,2146435072,2132803584,2118123520,2127560704,2144337920,2141192192,2122317824,2133065728,2133852160,9178979131
2139095040,2146435072,2143289344,2119172096,2129657856,2145386496,2143289344,2124414976,2136997888,2135687168,9178995155
2134900736,2146435072,2148532224,2125463552,2129657856,2146435072,2144337920,2126512128,2138832896,2136735744,9179011152
2122317824,2147483648,2141192192,2130706432,2130706432,2147483648,2147483648,2128609280,2135425024,2138570752,9179027153
2127560704,2144337920,2141192192,2126512128,2131755008,2149580800,2148532224,2129657856,2134900736,2139881472,9179043154
2129657856,2156920832,2161115136,2138046464,2132803584,2150629376,2149580800,2132803584,2146435072,2141454336,9179059174
2136997888,2160066560,2156920832,2142240768,2133852160,2151677952,2150629376,2134900736,2149056512,2142765056,9179075172
2131755008,2162163712,2159017984,2140143616,2134900736,2153775104,2153775104,2136997888,2148270080,2144862208,9179092066
2130706432,2165309440,2166358016,2146435072,2135949312,2154823680,2153775104,2138046464,2152202240,2145648640,9179108066
2133852160,2169503744,2167406592,2148532224,2136997888,2155872256,2154823680,2140143616,2154823680,2146959360,9179124066
2130706432,2167406592,2166358016,2151677952,2138046464,2155872256,2155872256,2141192192,2154037248,2147745792,9179140066
2146435072,2148532224,2147483648,2133852160,2139095040,2156920832,2156920832,2142240768,2144075776,2148794368,9179156089
2132803584,2159017984,2156920832,2151677952,2139095040,2159017984,2159017984,2144337920,2150105088,2150367232,9179172090
2132803584,2159017984,2165309440,2147483648,2140143616,2159017984,2159017984,2144337920,2151153664,2150629376,9179188088
2131755008,2164260864,2165309440,2153775104,2141192192,2159017984,2160066560,2145386496,2153775104,2151415808,9179204088
2139095040,2169503744,2169503744,2154823680,2141192192,2160066560,2160066560,2146435072,2158231552,2151940096,9179220111
2132803584,2163212288,2165309440,2153775104,2141192192,2160066560,2160066560,2147483648,2153775104,2152202240,9179236111
2140143616,2174746624,2172649472,2157969408,2141192192,2160066560,2161115136,2146435072,2161377280,2152202240,9179252111
2149580800,2155872256,2157969408,2140143616,2141192192,2160066560,2160066560,2146435072,2150891520,2151940096,9179268110
2153775104,2154823680,2152726528,2143289344,2143289344,2160066560,2160066560,2146435072,2151153664,2152464384,9179284133
2133852160,2164260864,2170552320,2152726528,2142240768,2160066560,2160066560,2146435072,2155347968,2152202240,9179300133
2153775104,2163212288,2153775104,2140143616,2142240768,2159017984,2159017984,2145386496,2152726528,2151415808,9179316132
2146435072,2155872256,2152726528,2139095040,2140143616,2160066560,2160066560,2145386496,2148532224,2151415808,9179332130
2143289344,2150629376,2149580800,2138046464,2141192192,2156920832,2157969408,2144337920,2145386496,2150105088,9179348154
2133852160,2153775104,2150629376,2142240768,2140143616,2157969408,2157969408,2143289344,2145124352,2149842944,9179364154
2149580800,2151677952,2149580800,2134900736,2138046464,2157969408,2156920832,2142240768,2146435072,2148794368,9179380155
2142240768,2151677952,2148532224,2136997888,2138046464,2156920832,2156920832,2140143616,2144862208,2148007936,9179396151
2146435072,2156920832,2148532224,2131755008,2138046464,2154823680,2154823680,2139095040,2145910784,2146697216,9179412174
2131755008,2164260864,2161115136,2148532224,2135949312,2154823680,2153775104,2138046464,2151415808,2145648640,9179429066
2135949312,2163212288,2161115136,2141192192,2134900736,2152726528,2151677952,2135949312,2150367232,2143813632,9179445066
2146435072,2145386496,2145386496,2128609280,2134900736,2151677952,2150629376,2133852160,2141454336,2142765056,9179461066
2143289344,2145386496,2143289344,2126512128,2132803584,2151677952,2148532224,2132803584,2139619328,2141454336,9179477066
2132803584,2156920832,2159017984,2135949312,2131755008,2149580800,2148532224,2130706432,2146172928,2140143616,9179493089
2134900736,2141192192,2139095040,2121269248,2130706432,2148532224,2146435072,2128609280,2134114304,2138570752,9179509091
2135949312,2143289344,2150629376,2121269248,2129657856,2147483648,2144337920,2126512128,2137784320,2136997888,9179525088
2139095040,2146435072,2140143616,2121269248,2127560704,2145386496,2142240768,2124414976,2136735744,2134900736,9179541089
2120220672,2154823680,2152726528,2136997888,2127560704,2144337920,2142240768,2122317824,2141192192,2134114304,9179557111
2129657856,2148532224,2140143616,2126512128,2125463552,2144337920,2140143616,2121269248,2136211456,2132803584,9179573112
2131755008,2148532224,2143289344,2119172096,2124414976,2142240768,2138046464,2119172096,2135687168,2130968576,9179589110
2119172096,2138046464,2130706432,2116026368,2123366400,2142240768,2136997888,2118123520,2125987840,2130182144,9179605111
2114977792,2151677952,2136997888,2127560704,2123366400,2140143616,2134900736,2114977792,2132803584,2128347136,9179621133
2117074944,2133852160,2127560704,2110783488,2122317824,2139095040,2134900736,2113929216,2122317824,2127560704,9179637132
2129657856,2133852160,2129657856,2107637760,2121269248,2138046464,2133852160,2112880640,2125201408,2126512128,9179653132
2113929216,2130706432,2131755008,2107637760,2120220672,2136997888,2132803584,2111832064,2121007104,2125463552,9179669132
2111832064,2149580800,2139095040,2126512128,2120220672,2136997888,2132803584,2109734912,2131755008,2124939264,9179685154
2112880640,2132803584,2127560704,2109734912,2118123520,2135949312,2131755008,2109734912,2120744960,2123890688,9179701153
2126512128,2131755008,2128609280,2103443456,2119172096,2135949312,2131755008,2108686336,2122579968,2123890688,9179717154
2121269248,2130706432,2125463552,2102394880,2118123520,2134900736,2130706432,2108686336,2119958528,2123104256,9179733154
2112880640,2129657856,2125463552,2104492032,2118123520,2135949312,2130706432,2108686336,2118123520,2123366400,9179749178
2119172096,2133852160,2126512128,2102394880,2118123520,2134900736,2129657856,2108686336,2120482816,2122842112,9179765176
2111832064,2151677952,2141192192,2122317824,2118123520,2135949312,2130706432,2108686336,2131755008,2123366400,9179782066
2111832064,2135949312,2129657856,2114977792,2119172096,2134900736,2130706432,2107637760,2123104256,2123104256,9179798066
2130706432,2127560704,2131755008,2100297728,2119172096,2135949312,2131755008,2108686336,2122579968,2123890688,9179814066
2127560704,2127560704,2123366400,2100297728,2119172096,2135949312,2131755008,2108686336,2119696384,2123890688,9179830089
2121269248,2127560704,2124414976,2106589184,2119172096,2136997888,2132803584,2109734912,2119958528,2124677120,9179846090
2111832064,2142240768,2133852160,2121269248,2120220672,2138046464,2132803584,2111832064,2127298560,2125725696,9179862090
2126512128,2130706432,2128609280,2102394880,2121269248,2138046464,2133852160,2112880640,2122055680,2126512128,9179878089
2112880640,2142240768,2138046464,2121269248,2121269248,2139095040,2134900736,2113929216,2128609280,2127298560,9179894111
2116026368,2148532224,2147483648,2125463552,2123366400,2140143616,2135949312,2114977792,2134376448,2128609280,9179910109
2119172096,2135949312,2131755008,2113929216,2123366400,2140143616,2136997888,2116026368,2125201408,2129133568,9179926110
2132803584,2132803584,2130706432,2107637760,2124414976,2142240768,2139095040,2118123520,2125987840,2130968576,9179942111
2116026368,2149580800,2139095040,2129657856,2125463552,2143289344,2140143616,2120220672,2133590016,2132279296,9179958133
2126512128,2150629376,2147483648,2128609280,2127560704,2145386496,2141192192,2123366400,2138308608,2134376448,9179974130
2132803584,2139095040,2135949312,2116026368,2126512128,2146435072,2143289344,2125463552,2130968576,2135425024,9179990131
2139095040,2146435072,2135949312,2120220672,2129657856,2147483648,2144337920,2126512128,2135425024,2136997888,9180006133
2139095040,2149580800,2145386496,2129657856,2130706432,2148532224,2145386496,2128609280,2140930048,2138308608,9180022153
2136997888,2141192192,2140143616,2122317824,2131755008,2149580800,2147483648,2129657856,2135162880,2139619328,9180038152
2128609280,2154823680,2156920832,2139095040,2132803584,2150629376,2147483648,2132803584,2144862208,2140930048,9180054155
2134900736,2160066560,2156920832,2141192192,2133852160,2151677952,2150629376,2133852160,2148270080,2142502912,9180070155
2134900736,2162163712,2159017984,2146435072,2134900736,2152726528,2151677952,2134900736,2150629376,2143551488,9180086174
2141192192,2157969408,2156920832,2131755008,2135949312,2153775104,2152726528,2136997888,2146959360,2144862208,9180102172
2140143616,2162163712,2159017984,2142240768,2136997888,2154823680,2154823680,2139095040,2150891520,2146435072,9180119067
2133852160,2147483648,2152726528,2133852160,2138046464,2155872256,2155872256,2141192192,2141978624,2147745792,9180135066
2131755008,2156920832,2156920832,2147483648,2139095040,2156920832,2156920832,2142240768,2148270080,2148794368,9180151067
2144337920,2150629376,2148532224,2136997888,2139095040,2157969408,2156920832,2143289344,2145124352,2149318656,9180167066
2131755008,2152726528,2155872256,2142240768,2140143616,2159017984,2157969408,2144337920,2145648640,2150367232,9180183090
2132803584,2155872256,2153775104,2147483648,2140143616,2160066560,2160066560,2145386496,2147483648,2151415808,9180199088
2144337920,2153775104,2153775104,2141192192,2141192192,2160066560,2160066560,2146435072,2148270080,2151940096,9180215089
2134900736,2155872256,2152726528,2148532224,2141192192,2161115136,2160066560,2146435072,2148007936,2152202240,9180231089
2139095040,2171600896,2174746624,2152726528,2141192192,2160066560,2161115136,2146435072,2159542272,2152202240,9180247111
2149580800,2152726528,2153775104,2140143616,2141192192,2161115136,2160066560,2147483648,2149056512,2152464384,9180263112
2150629376,2165309440,2152726528,2146435072,2142240768,2160066560,2160066560,2146435072,2153775104,2152202240,9180279110
2150629376,2166358016,2154823680,2144337920,2141192192,2161115136,2160066560,2146435072,2154037248,2152202240,9180295112
2143289344,2153775104,2154823680,2141192192,2142240768,2159017984,2159017984,2145386496,2148270080,2151415808,9180311133
2146435072,2153775104,2153775104,2138046464,2142240768,2159017984,2159017984,2145386496,2148007936,2151415808,9180327133
2141192192,2166358016,2168455168,2153775104,2140143616,2160066560,2160066560,2145386496,2157445120,2151415808,9180343132
2141192192,2167406592,2166358016,2145386496,2140143616,2157969408,2157969408,2143289344,2155085824,2149842944,9180359132
2151677952,2149580800,2150629376,2136997888,2138046464,2157969408,2156920832,2142240768,2147221504,2148794368,9180375155
2133852160,2151677952,2150629376,2143289344,2139095040,2155872256,2155872256,2141192192,2144862208,2148007936,9180391155
2150629376,2151677952,2148532224,2133852160,2138046464,2155872256,2154823680,2140143616,2146172928,2147221504,9180407153
2142240768,2147483648,2147483648,2131755008,2136997888,2154823680,2152726528,2139095040,2142240768,2145910784,9180423153
2146435072,2148532224,2145386496,2130706432,2134900736,2152726528,2151677952,2135949312,2142765056,2143813632,9180439174
2132803584,2159017984,2160066560,2145386496,2133852160,2152726528,2150629376,2135949312,2149318656,2143289344,9180456066
2136997888,2145386496,2144337920,2128609280,2132803584,2151677952,2149580800,2132803584,2138832896,2141716480,9180472066
2124414976,2149580800,2144337920,2133852160,2131755008,2150629376,2148532224,2130706432,2138046464,2140405760,9180488066
2126512128,2159017984,2161115136,2131755008,2131755008,2149580800,2146435072,2128609280,2144600064,2139095040,9180504066
2123366400,2160066560,2154823680,2143289344,2129657856,2147483648,2145386496,2127560704,2145386496,2137522176,9180520088
2141192192,2141192192,2139095040,2118123520,2127560704,2147483648,2143289344,2126512128,2134900736,2136211456,9180536088
2136997888,2139095040,2135949312,2117074944,2127560704,2144337920,2141192192,2123366400,2132279296,2134114304,9180552087
2133852160,2146435072,2146435072,2120220672,2125463552,2144337920,2140143616,2122317824,2136735744,2133065728,9180568088
2126512128,2150629376,2146435072,2120220672,2124414976,2141192192,2139095040,2118123520,2135949312,2130706432,9180584111
2122317824,2145386496,2146435072,2117074944,2123366400,2141192192,2139095040,2118123520,2132803584,2130444288,9180600111
2113929216,2150629376,2138046464,2127560704,2122317824,2141192192,2136997888,2116026368,2132541440,2129133568,9180616110
2128609280,2145386496,2135949312,2121269248,2122317824,2138046464,2134900736,2113929216,2132803584,2127298560,9180632111
2116026368,2133852160,2139095040,2112880640,2121269248,2138046464,2133852160,2112880640,2125463552,2126512128,9180648131
2122317824,2133852160,2139095040,2107637760,2120220672,2136997888,2132803584,2110783488,2125725696,2125201408,9180664131
2112880640,2136997888,2132803584,2116026368,2120220672,2136997888,2131755008,2110783488,2124677120,2124939264,9180680131
2118123520,2144337920,2138046464,2119172096,2119172096,2135949312,2132803584,2109734912,2129920000,2124414976,9180696132
2114977792,2148532224,2144337920,2121269248,2119172096,2136997888,2131755008,2110783488,2132279296,2124677120,9180712155
2113929216,2152726528,2143289344,2117074944,2118123520,2135949312,2130706432,2108686336,2131755008,2123366400,9180728155
2111832064,2141192192,2136997888,2118123520,2119172096,2133852160,2129657856,2107637760,2127036416,2122579968,9180744154
2126512128,2134900736,2135949312,2100297728,2118123520,2134900736,2130706432,2108686336,2124414976,2123104256,9180760157
2132803584,2125463552,2125463552,2100297728,2118123520,2135949312,2130706432,2108686336,2121007104,2123366400,9180776174
2111832064,2135949312,2139095040,2112880640,2119172096,2134900736,2130706432,2107637760,2124939264,2123104256,9180792175
2109734912,2141192192,2129657856,2117074944,2119172096,2134900736,2130706432,2107637760,2124414976,2123104256,9180809067
2113929216,2143289344,2141192192,2118123520,2120220672,2135949312,2130706432,2108686336,2129133568,2123890688,9180825066
2112880640,2132803584,2128609280,2108686336,2120220672,2135949312,2131755008,2109734912,2120744960,2124414976,9180841067
2114977792,2130706432,2126512128,2105540608,2119172096,2136997888,2132803584,2110783488,2119434240,2124939264,9180857090
2113929216,2142240768,2140143616,2121269248,2121269248,2136997888,2132803584,2110783488,2129395712,2125463552,9180873090
2116026368,2155872256,2141192192,2126512128,2120220672,2139095040,2134900736,2112880640,2134900736,2126774272,9180889089
2116026368,2134900736,2135949312,2109734912,2122317824,2139095040,2135949312,2113929216,2124152832,2127822848,9180905090
2116026368,2138046464,2139095040,2118123520,2122317824,2141192192,2135949312,2117074944,2127822848,2129133568,9180921111
2116026368,2143289344,2138046464,2124414976,2124414976,2141192192,2138046464,2118123520,2130444288,2130444288,9180937110
2134900736,2136997888,2132803584,2111832064,2125463552,2142240768,2139095040,2119172096,2129133568,2131492864,9180953112
2133852160,2138046464,2132803584,2113929216,2126512128,2144337920,2141192192,2122317824,2129657856,2133590016,9180969110
2135949312,2138046464,2133852160,2116026368,2127560704,2144337920,2142240768,2124414976,2130968576,2134638592,9180985133
2119172096,2153775104,2147483648,2136997888,2129657856,2146435072,2144337920,2125463552,2139357184,2136473600,9181001132
2140143616,2141192192,2135949312,2120220672,2130706432,2147483648,2145386496,2126512128,2134376448,2137522176,9181017133
2126512128,2156920832,2160066560,2138046464,2131755008,2149580800,2146435072,2129657856,2145386496,2139357184,9181033134
2125463552,2144337920,2147483648,2128609280,2131755008,2149580800,2148532224,2130706432,2136473600,2140143616,9181049156
2133852160,2143289344,2143289344,2129657856,2133852160,2150629376,2149580800,2132803584,2137522176,2141716480,9181065153
2144337920,2151677952,2156920832,2128609280,2134900736,2152726528,2151677952,2134900736,2145386496,2143551488,9181081153
2147483648,2146435072,2150629376,2128609280,2135949312,2152726528,2151677952,2136997888,2143289344,2144337920,9181097155
2132803584,2168455168,2164260864,2149580800,2136997888,2155872256,2153775104,2139095040,2153775104,2146435072,9181113173
2133852160,2169503744,2169503744,2147483648,2136997888,2156920832,2155872256,2140143616,2155085824,2147483648,9181129172
2131755008,2153775104,2150629376,2141192192,2139095040,2156920832,2155872256,2142240768,2144337920,2148532224,9181146066
2130706432,2167406592,2168455168,2152726528,2139095040,2157969408,2157969408,2143289344,2154823680,2149580800,9181162066
2132803584,2159017984,2161115136,2148532224,2140143616,2159017984,2159017984,2144337920,2150367232,2150629376,9181178066
2144337920,2148532224,2152726528,2135949312,2140143616,2159017984,2159017984,2145386496,2145386496,2150891520,9181194066
2144337920,2151677952,2154823680,2135949312,2141192192,2160066560,2160066560,2145386496,2146697216,2151677952,9181210089
2146435072,2151677952,2153775104,2135949312,2141192192,2161115136,2160066560,2146435072,2146959360,2152202240,9181226090
2138046464,2152726528,2154823680,2140143616,2142240768,2159017984,2160066560,2146435072,2146435072,2151940096,9181242089
2135949312,2154823680,2155872256,2145386496,2140143616,2161115136,2161115136,2148532224,2148007936,2152726528,9181258090
2145386496,2167406592,2163212288,2146435072,2141192192,2160066560,2160066560,2146435072,2155610112,2151940096,9181274111
2139095040,2167406592,2173698048,2143289344,2141192192,2160066560,2160066560,2146435072,2155872256,2151940096,9181290111
2146435072,2152726528,2151677952,2140143616,2142240768,2159017984,2160066560,2145386496,2147745792,2151677952,9181306111
2140143616,2171600896,2170552320,2153775104,2140143616,2160066560,2160066560,2145386496,2159017984,2151415808,9181322112
2133852160,2163212288,2159017984,2148532224,2141192192,2159017984,2157969408,2144337920,2151153664,2150629376,9181338131
2135949312,2165309440,2174746624,2152726528,2139095040,2159017984,2159017984,2144337920,2157182976,2150367232,9181354131
2138046464,2150629376,2151677952,2142240768,2140143616,2156920832,2156920832,2142240768,2145648640,2149056512,9181370133
2136997888,2166358016,2165309440,2148532224,2139095040,2157969408,2156920832,2142240768,2154299392,2149056512,9181386130
2146435072,2155872256,2148532224,2133852160,2136997888,2155872256,2154823680,2140143616,2146172928,2146959360,9181402152
2130706432,2168455168,2166358016,2146435072,2135949312,2154823680,2154823680,2139095040,2152988672,2146172928,9181418152
2144337920,2148532224,2147483648,2130706432,2135949312,2153775104,2152726528,2136997888,2142765056,2144862208,9181434153
2141192192,2146435072,2144337920,2130706432,2134900736,2152726528,2152726528,2134900736,2140667904,2143813632,9181450152
2133852160,2147483648,2143289344,2130706432,2132803584,2151677952,2149580800,2133852160,2138832896,2141978624,9181466172
2123366400,2164260864,2160066560,2142240768,2131755008,2151677952,2148532224,2131755008,2147483648,2140930048,9181483066
2127560704,2157969408,2159017984,2139095040,2130706432,2149580800,2147483648,2130706432,2145910784,2139619328,9181499067
2125463552,2160066560,2160066560,2143289344,2129657856,2147483648,2146435072,2127560704,2147221504,2137784320,9181515066
2130706432,2155872256,2150629376,2129657856,2128609280,2147483648,2144337920,2125463552,2141716480,2136473600,9181531066
2133852160,2140143616,2146435072,2117074944,2127560704,2145386496,2143289344,2124414976,2134376448,2135162880,9181547089
2136997888,2133852160,2135949312,2112880640,2127560704,2143289344,2141192192,2120220672,2129920000,2133065728,9181563089
2119172096,2141192192,2140143616,2120220672,2125463552,2143289344,2139095040,2120220672,2130182144,2132017152,9181579089
2117074944,2153775104,2143289344,2132803584,2124414976,2142240768,2138046464,2118123520,2136735744,2130706432,9181595088
2132803584,2135949312,2138046464,2108686336,2123366400,2141192192,2136997888,2117074944,2128871424,2129657856,9181611111
2135949312,2130706432,2129657856,2106589184,2122317824,2139095040,2135949312,2113929216,2125725696,2127822848,9181627113
2135949312,2132803584,2129657856,2106589184,2122317824,2138046464,2133852160,2113929216,2126249984,2127036416,9181643110
2118123520,2153775104,2145386496,2123366400,2120220672,2138046464,2133852160,2110783488,2135162880,2125725696,9181659111
2130706432,2130706432,2124414976,2104492032,2120220672,2136997888,2132803584,2111832064,2122579968,2125463552,9181675133
2127560704,2127560704,2124414976,2100297728,2119172096,2135949312,2131755008,2108686336,2119958528,2123890688,9181691134
2112880640,2132803584,2129657856,2109734912,2120220672,2135949312,2130706432,2108686336,2121269248,2123890688,9181707132
2121269248,2127560704,2126512128,2100297728,2118123520,2134900736,2130706432,2107637760,2118909952,2122842112,9181723131
2113929216,2142240768,2141192192,2117074944,2118123520,2135949312,2130706432,2107637760,2128609280,2123104256,9181739156
2111832064,2131755008,2134900736,2108686336,2118123520,2135949312,2130706432,2108686336,2121793536,2123366400,9181755153
2126512128,2128609280,2129657856,2100297728,2119172096,2134900736,2130706432,2107637760,2121269248,2123104256,9181771151
2127560704,2131755008,2125463552,2101346304,2117074944,2135949312,2130706432,2108686336,2121531392,2123104256,9181787154
2112880640,2147483648,2145386496,2120220672,2118123520,2135949312,2130706432,2108686336,2131492864,2123366400,9181803175
2128609280,2127560704,2123366400,2099249152,2119172096,2135949312,2131755008,2108686336,2119696384,2123890688,9181819177
2112880640,2134900736,2132803584,2109734912,2120220672,2135949312,2130706432,2109734912,2122579968,2124152832,9181836066
2113929216,2150629376,2142240768,2121269248,2119172096,2138046464,2132803584,2111832064,2132017152,2125463552,9181852066
2130706432,2129657856,2126512128,2104492032,2120220672,2138046464,2133852160,2111832064,2122842112,2125987840,9181868066
2116026368,2144337920,2144337920,2121269248,2120220672,2138046464,2133852160,2113929216,2131492864,2126512128,9181884091
2132803584,2133852160,2128609280,2107637760,2122317824,2140143616,2135949312,2113929216,2125725696,2128084992,9181900088
2129657856,2131755008,2129657856,2106589184,2123366400,2139095040,2135949312,2116026368,2124414976,2128609280,9181916088
2125463552,2131755008,2130706432,2108686336,2124414976,2141192192,2138046464,2117074944,2124152832,2130182144,9181932089
2131755008,2134900736,2142240768,2111832064,2125463552,2142240768,2139095040,2119172096,2130182144,2131492864,9181948111
2132803584,2133852160,2131755008,2112880640,2126512128,2143289344,2139095040,2120220672,2127822848,2132279296,9181964110
2130706432,2135949312,2135949312,2113929216,2127560704,2145386496,2142240768,2123366400,2129133568,2134638592,9181980112
2120220672,2151677952,2149580800,2132803584,2128609280,2146435072,2144337920,2125463552,2138570752,2136211456,9181996110
2123366400,2148532224,2149580800,2130706432,2129657856,2147483648,2144337920,2126512128,2138046464,2136997888,9182012133
2124414976,2153775104,2153775104,2139095040,2131755008,2148532224,2145386496,2128609280,2142765056,2138570752,9182028129
2143289344,2142240768,2146435072,2121269248,2132803584,2149580800,2147483648,2129657856,2138308608,2139881472,9182044133
2128609280,2164260864,2161115136,2140143616,2132803584,2150629376,2149580800,2132803584,2148532224,2141454336,9182060132
2144337920,2144337920,2143289344,2125463552,2134900736,2151677952,2150629376,2134900736,2139357184,2143027200,9182076154
2138046464,2159017984,2155872256,2133852160,2134900736,2153775104,2152726528,2136997888,2146697216,2144600064,9182092153
2130706432,2150629376,2145386496,2135949312,2135949312,2153775104,2152726528,2136997888,2140667904,2144862208,9182108156
2141192192,2146435072,2144337920,2132803584,2136997888,2155872256,2154823680,2140143616,2141192192,2146959360,9182124154
2148532224,2150629376,2148532224,2132803584,2138046464,2156920832,2155872256,2142240768,2145124352,2148270080,9182140177
2133852160,2153775104,2151677952,2139095040,2139095040,2156920832,2156920832,2142240768,2144600064,2148794368,9182156174
2146435072,2152726528,2150629376,2135949312,2139095040,2159017984,2159017984,2143289344,2146435072,2150105088,9182173066
2146435072,2149580800,2151677952,2135949312,2141192192,2159017984,2159017984,2144337920,2145910784,2150891520,9182189067
2136997888,2170552320,2168455168,2150629376,2140143616,2159017984,2160066560,2145386496,2156658688,2151153664,9182205066
2145386496,2150629376,2151677952,2138046464,2141192192,2161115136,2160066560,2147483648,2146435072,2152464384,9182221066
2150629376,2154823680,2154823680,2145386496,2141192192,2161115136,2161115136,2147483648,2151415808,2152726528,9182237089
2145386496,2163212288,2165309440,2142240768,2141192192,2160066560,2161115136,2147483648,2154037248,2152464384,9182253089
2138046464,2156920832,2164260864,2148532224,2141192192,2160066560,2160066560,2147483648,2151940096,2152202240,9182269089
2135949312,2153775104,2155872256,2143289344,2141192192,2160066560,2160066560,2146435072,2147221504,2151940096,9182285089
2141192192,2168455168,2168455168,2154823680,2142240768,2160066560,2160066560,2146435072,2158231552,2152202240,9182301110
2131755008,2157969408,2152726528,2147483648,2141192192,2159017984,2160066560,2146435072,2147483648,2151677952,9182317112
2153775104,2153775104,2154823680,2139095040,2140143616,2159017984,2159017984,2145386496,2150367232,2150891520,9182333111
2147483648,2153775104,2166358016,2138046464,2140143616,2159017984,2157969408,2144337920,2151415808,2150367232,9182349109
2146435072,2149580800,2150629376,2135949312,2139095040,2157969408,2157969408,2142240768,2145648640,2149318656,9182365132
2129657856,2152726528,2155872256,2140143616,2138046464,2156920832,2157969408,2142240768,2144600064,2148794368,9182381133
2132803584,2157969408,2164260864,2145386496,2138046464,2156920832,2155872256,2141192192,2150105088,2148007936,9182397133
2129657856,2154823680,2157969408,2142240768,2136997888,2154823680,2154823680,2139095040,2146172928,2146435072,9182413130
2133852160,2160066560,2163212288,2135949312,2135949312,2154823680,2153775104,2136997888,2148270080,2145386496,9182429152
2136997888,2163212288,2161115136,2140143616,2134900736,2153775104,2151677952,2135949312,2150367232,2144075776,9182445155
2131755008,2144337920,2147483648,2128609280,2132803584,2151677952,2150629376,2133852160,2138046464,2142240768,9182461155
2126512128,2151677952,2151677952,2136997888,2132803584,2150629376,2148532224,2131755008,2141716480,2140930048,9182477151
2126512128,2156920832,2150629376,2147483648,2131755008,2149580800,2147483648,2130706432,2145386496,2139881472,9182493174
2130706432,2160066560,2153775104,2132803584,2129657856,2148532224,2145386496,2129657856,2144337920,2138308608,9182510066
2122317824,2152726528,2148532224,2135949312,2129657856,2146435072,2144337920,2125463552,2139881472,2136473600,9182526066
2134900736,2153775104,2146435072,2130706432,2127560704,2146435072,2143289344,2124414976,2141454336,2135425024,9182542066
2123366400,2157969408,2153775104,2130706432,2126512128,2144337920,2141192192,2122317824,2141454336,2133590016,9182558066
2128609280,2139095040,2146435072,2114977792,2125463552,2143289344,2141192192,2120220672,2132279296,2132541440,9182574088
2133852160,2146435072,2133852160,2123366400,2123366400,2142240768,2139095040,2119172096,2134376448,2130968576,9182590088
2118123520,2153775104,2147483648,2129657856,2124414976,2141192192,2138046464,2116026368,2137260032,2129920000,9182606087
2130706432,2134900736,2129657856,2107637760,2122317824,2140143616,2136997888,2114977792,2125725696,2128609280,9182622090
2116026368,2134900736,2139095040,2110783488,2120220672,2140143616,2134900736,2113929216,2125201408,2127298560,9182638110
2119172096,2149580800,2146435072,2119172096,2120220672,2139095040,2133852160,2112880640,2133590016,2126512128,9182654112
2127560704,2130706432,2127560704,2104492032,2120220672,2138046464,2133852160,2110783488,2122579968,2125725696,9182670108
2113929216,2148532224,2142240768,2119172096,2120220672,2135949312,2131755008,2109734912,2130968576,2124414976,9182686112
2123366400,2129657856,2124414976,2105540608,2119172096,2136997888,2131755008,2109734912,2120744960,2124414976,9182702132
2129657856,2132803584,2126512128,2101346304,2119172096,2135949312,2130706432,2108686336,2122579968,2123628544,9182718132
2130706432,2128609280,2129657856,2103443456,2118123520,2134900736,2130706432,2108686336,2123104256,2123104256,9182734130
2116026368,2127560704,2126512128,2103443456,2117074944,2134900736,2130706432,2108686336,2118385664,2122842112,9182750133
2124414976,2129657856,2124414976,2103443456,2118123520,2135949312,2129657856,2108686336,2120482816,2123104256,9182766154
2117074944,2140143616,2136997888,2111832064,2118123520,2134900736,2130706432,2107637760,2126512128,2122842112,9182782154
2126512128,2138046464,2131755008,2112880640,2119172096,2135949312,2130706432,2108686336,2127298560,2123628544,9182798152
2130706432,2139095040,2124414976,2110783488,2118123520,2135949312,2130706432,2109734912,2126249984,2123628544,9182814152
2118123520,2145386496,2141192192,2117074944,2119172096,2135949312,2131755008,2109734912,2130444288,2124152832,9182830177
2116026368,2146435072,2143289344,2121269248,2120220672,2136997888,2132803584,2110783488,2131755008,2125201408,9182846174
2127560704,2129657856,2124414976,2103443456,2121269248,2135949312,2131755008,2109734912,2121269248,2124677120,9182863066
2122317824,2146435072,2145386496,2114977792,2121269248,2138046464,2133852160,2112880640,2132279296,2126512128,9182879066
2132803584,2129657856,2126512128,2106589184,2122317824,2139095040,2134900736,2113929216,2123890688,2127560704,9182895066
2116026368,2153775104,2149580800,2122317824,2122317824,2140143616,2135949312,2114977792,2135425024,2128347136,9182911091
2118123520,2156920832,2147483648,2126512128,2124414976,2141192192,2136997888,2117074944,2137260032,2129920000,9182927088
2117074944,2140143616,2136997888,2122317824,2123366400,2142240768,2139095040,2119172096,2129133568,2130968576,9182943089
2128609280,2134900736,2131755008,2113929216,2125463552,2142240768,2139095040,2120220672,2127298560,2131755008,9182959088
2120220672,2143289344,2136997888,2126512128,2126512128,2145386496,2141192192,2122317824,2131755008,2133852160,9182975111
2120220672,2154823680,2157969408,2134900736,2127560704,2145386496,2143289344,2123366400,2141978624,2134900736,9182991110
2135949312,2141192192,2135949312,2118123520,2129657856,2146435072,2143289344,2125463552,2132803584,2136211456,9183007111
2125463552,2160066560,2157969408,2132803584,2129657856,2148532224,2145386496,2127560704,2144075776,2137784320,9183023111
2124414976,2146435072,2147483648,2128609280,2130706432,2148532224,2147483648,2129657856,2136735744,2139095040,9183039132
2126512128,2162163712,2160066560,2139095040,2132803584,2149580800,2148532224,2131755008,2146959360,2140667904,9183055131
2149580800,2143289344,2146435072,2125463552,2133852160,2151677952,2149580800,2132803584,2141192192,2141978624,9183071133
2145386496,2144337920,2143289344,2125463552,2134900736,2153775104,2151677952,2135949312,2139619328,2144075776,9183087132
2129657856,2150629376,2156920832,2136997888,2134900736,2154823680,2153775104,2138046464,2143551488,2145386496,9183103154
2131755008,2154823680,2151677952,2142240768,2138046464,2155872256,2155872256,2138046464,2145124352,2146959360,9183119152
2147483648,2163212288,2159017984,2134900736,2136997888,2156920832,2154823680,2141192192,2151153664,2147483648,9183135155
2145386496,2151677952,2150629376,2135949312,2138046464,2157969408,2156920832,2142240768,2145910784,2148794368,9183151154
2133852160,2152726528,2150629376,2141192192,2139095040,2157969408,2157969408,2143289344,2144600064,2149580800,9183167174
2135949312,2155872256,2151677952,2143289344,2141192192,2157969408,2157969408,2143289344,2146697216,2150105088,9183183171
2139095040,2165309440,2170552320,2146435072,2141192192,2160066560,2159017984,2145386496,2155347968,2151415808,9183200066
2140143616,2155872256,2150629376,2141192192,2141192192,2159017984,2159017984,2145386496,2146959360,2151153664,9183216066
2155872256,2151677952,2154823680,2138046464,2140143616,2161115136,2161115136,2146435072,2150105088,2152202240,9183232066
2141192192,2165309440,2174746624,2154823680,2142240768,2160066560,2160066560,2146435072,2159017984,2152202240,9183248066
2133852160,2160066560,2151677952,2151677952,2141192192,2160066560,2160066560,2146435072,2149318656,2151940096,9183264090
2134900736,2167406592,2170552320,2156920832,2142240768,2160066560,2160066560,2147483648,2157445120,2152464384,9183280089
2134900736,2167406592,2166358016,2156920832,2141192192,2160066560,2160066560,2147483648,2156396544,2152202240,9183296089
2136997888,2169503744,2172649472,2152726528,2141192192,2160066560,2161115136,2146435072,2157969408,2152202240,9183312088
2149580800,2151677952,2151677952,2135949312,2141192192,2159017984,2159017984,2145386496,2147221504,2151153664,9183328112
2144337920,2150629376,2155872256,2138046464,2140143616,2159017984,2159017984,2144337920,2147221504,2150629376,9183344111
2134900736,2169503744,2171600896,2152726528,2139095040,2157969408,2157969408,2143289344,2157182976,2149580800,9183360110
2146435072,2157969408,2150629376,2136997888,2139095040,2155872256,2156920832,2142240768,2148007936,2148532224,9183376110
2138046464,2162163712,2166358016,2145386496,2138046464,2156920832,2155872256,2140143616,2152988672,2147745792,9183392133
2132803584,2164260864,2164260864,2150629376,2136997888,2155872256,2154823680,2140143616,2152988672,2146959360,9183408131
2133852160,2149580800,2147483648,2134900736,2135949312,2154823680,2152726528,2139095040,2141454336,2145648640,9183424132
2128609280,2151677952,2147483648,2134900736,2134900736,2153775104,2152726528,2135949312,2140667904,2144337920,9183440132
2140143616,2146435072,2144337920,2129657856,2134900736,2152726528,2150629376,2134900736,2140143616,2143289344,9183456153
2126512128,2150629376,2155872256,2138046464,2132803584,2150629376,2149580800,2132803584,2142765056,2141454336,9183472152
2140143616,2144337920,2144337920,2125463552,2131755008,2150629376,2149580800,2130706432,2138570752,2140667904,9183488152
2139095040,2153775104,2146435072,2133852160,2130706432,2148532224,2146435072,2129657856,2143289344,2138832896,9183504152
2130706432,2159017984,2154823680,2138046464,2129657856,2147483648,2145386496,2127560704,2145648640,2137522176,9183520176
2131755008,2140143616,2138046464,2120220672,2128609280,2146435072,2143289344,2125463552,2132541440,2135949312,9183537067
2138046464,2144337920,2136997888,2117074944,2126512128,2145386496,2142240768,2122317824,2134114304,2134114304,9183553066
2130706432,2145386496,2146435072,2117074944,2125463552,2144337920,2141192192,2121269248,2134900736,2133065728,9183569067
2118123520,2147483648,2147483648,2128609280,2124414976,2142240768,2138046464,2118123520,2135425024,2130706432,9183585066
2136997888,2135949312,2132803584,2109734912,2124414976,2140143616,2136997888,2116026368,2128871424,2129395712,9183601090
2121269248,2138046464,2132803584,2112880640,2122317824,2141192192,2135949312,2116026368,2126249984,2128871424,9183617089
2132803584,2131755008,2127560704,2106589184,2122317824,2139095040,2134900736,2113929216,2124677120,2127560704,9183633089
2125463552,2132803584,2128609280,2109734912,2121269248,2138046464,2133852160,2111832064,2124152832,2126249984,9183649091
2111832064,2141192192,2130706432,2122317824,2121269248,2136997888,2133852160,2111832064,2126512128,2125987840,9183665112
2113929216,2146435072,2149580800,2116026368,2120220672,2136997888,2131755008,2110783488,2131492864,2124939264,9183681110
2117074944,2147483648,2144337920,2121269248,2119172096,2136997888,2131755008,2109734912,2132541440,2124414976,9183697111
2111832064,2131755008,2128609280,2105540608,2119172096,2134900736,2130706432,2108686336,2119434240,2123366400,9183713111
2124414976,2140143616,2133852160,2112880640,2118123520,2135949312,2130706432,2108686336,2127822848,2123366400,9183729132
2128609280,2129657856,2125463552,2101346304,2119172096,2134900736,2130706432,2107637760,2121269248,2123104256,9183745132
2118123520,2145386496,2139095040,2111832064,2118123520,2135949312,2129657856,2108686336,2128609280,2123104256,9183761133
2123366400,2129657856,2125463552,2101346304,2119172096,2133852160,2129657856,2106589184,2119958528,2122317824,9183777133
2120220672,2126512128,2124414976,2100297728,2118123520,2135949312,2130706432,2108686336,2117861376,2123366400,9183793152
2111832064,2143289344,2136997888,2119172096,2119172096,2134900736,2129657856,2108686336,2127822848,2123104256,9183809152
2125463552,2133852160,2135949312,2102394880,2120220672,2134900736,2130706432,2108686336,2124414976,2123628544,9183825153
2123366400,2127560704,2123366400,2103443456,2119172096,2135949312,2131755008,2109734912,2119434240,2124152832,9183841153
2125463552,2130706432,2124414976,2103443456,2121269248,2136997888,2131755008,2110783488,2121007104,2125201408,9183857173
2114977792,2132803584,2125463552,2110783488,2120220672,2138046464,2133852160,2112880640,2121007104,2126249984,9183873175
2124414976,2136997888,2138046464,2109734912,2121269248,2138046464,2133852160,2112880640,2127298560,2126512128,9183890066
2119172096,2146435072,2146435072,2123366400,2121269248,2141192192,2136997888,2114977792,2133852160,2128609280,9183906066
2116026368,2134900736,2143289344,2113929216,2122317824,2141192192,2136997888,2116026368,2127036416,2129133568,9183922066
2117074944,2147483648,2147483648,2125463552,2124414976,2141192192,2138046464,2118123520,2134376448,2130444288,9183938089
2121269248,2150629376,2151677952,2125463552,2124414976,2144337920,2139095040,2121269248,2137260032,2132279296,9183954088
2119172096,2154823680,2152726528,2129657856,2126512128,2143289344,2141192192,2121269248,2139095040,2133065728,9183970088
2120220672,2147483648,2149580800,2129657856,2127560704,2146435072,2143289344,2124414976,2136735744,2135425024,9183986089
2135949312,2154823680,2150629376,2127560704,2128609280,2146435072,2144337920,2125463552,2142240768,2136211456,9184002111
2140143616,2143289344,2138046464,2122317824,2130706432,2147483648,2145386496,2127560704,2135949312,2137784320,9184018110
2127560704,2153775104,2155872256,2129657856,2131755008,2148532224,2147483648,2128609280,2141716480,2139095040,9184034110
2139095040,2140143616,2139095040,2121269248,2131755008,2150629376,2148532224,2131755008,2134900736,2140667904,9184050111
2126512128,2152726528,2156920832,2140143616,2133852160,2150629376,2149580800,2133852160,2144075776,2141978624,9184066132
2132803584,2163212288,2163212288,2140143616,2134900736,2152726528,2152726528,2135949312,2149842944,2144075776,9184082133
2142240768,2146435072,2145386496,2129657856,2135949312,2152726528,2152726528,2136997888,2140930048,2144600064,9184098131
2141192192,2148532224,2146435072,2134900736,2136997888,2154823680,2152726528,2139095040,2142765056,2145910784,9184114133
2147483648,2159017984,2156920832,2145386496,2138046464,2155872256,2155872256,2140143616,2152202240,2147483648,9184130152
2139095040,2163212288,2161115136,2140143616,2139095040,2156920832,2155872256,2142240768,2150891520,2148532224,9184146152
2141192192,2150629376,2150629376,2136997888,2138046464,2159017984,2156920832,2144337920,2144862208,2149580800,9184162154
2133852160,2153775104,2156920832,2143289344,2140143616,2159017984,2159017984,2144337920,2146959360,2150629376,9184178153
2132803584,2178940928,2167406592,2160066560,2140143616,2159017984,2159017984,2145386496,2159804416,2150891520,9184194175
2134900736,2155872256,2161115136,2144337920,2141192192,2160066560,2160066560,2146435072,2149056512,2151940096,9184210175
2132803584,2156920832,2160066560,2148532224,2140143616,2160066560,2159017984,2147483648,2149580800,2151677952,9184227067
2133852160,2164260864,2168455168,2154823680,2141192192,2160066560,2160066560,2146435072,2155347968,2151940096,9184243066
2141192192,2171600896,2169503744,2156920832,2141192192,2160066560,2160066560,2147483648,2159804416,2152202240,9184259067
2138046464,2173698048,2172649472,2154823680,2142240768,2161115136,2160066560,2147483648,2159804416,2152726528,9184275066
2154823680,2153775104,2156920832,2136997888,2142240768,2160066560,2160066560,2147483648,2150629376,2152464384,9184291088
2133852160,2171600896,2171600896,2162163712,2141192192,2160066560,2160066560,2146435072,2159804416,2151940096,9184307088
2146435072,2151677952,2153775104,2138046464,2141192192,2159017984,2160066560,2146435072,2147483648,2151677952,9184323089
2144337920,2150629376,2153775104,2138046464,2141192192,2159017984,2159017984,2145386496,2146697216,2151153664,9184339088
2151677952,2151677952,2150629376,2134900736,2140143616,2157969408,2157969408,2144337920,2147221504,2150105088,9184355110
2131755008,2154823680,2153775104,2145386496,2139095040,2157969408,2157969408,2143289344,2146435072,2149580800,9184371111
2141192192,2163212288,2164260864,2146435072,2138046464,2157969408,2155872256,2143289344,2153775104,2148794368,9184387113
2130706432,2164260864,2165309440,2151677952,2138046464,2155872256,2154823680,2140143616,2152988672,2147221504,9184403113
2136997888,2149580800,2149580800,2135949312,2135949312,2154823680,2153775104,2138046464,2143027200,2145648640,9184419131
2146435072,2148532224,2146435072,2131755008,2135949312,2154823680,2152726528,2138046464,2143289344,2145386496,9184435132
2136997888,2159017984,2156920832,2140143616,2134900736,2151677952,2151677952,2134900736,2148270080,2143289344,9184451132
2129657856,2162163712,2162163712,2146435072,2133852160,2151677952,2149580800,2132803584,2150105088,2141978624,9184467132
2124414976,2151677952,2151677952,2136997888,2131755008,2150629376,2149580800,2131755008,2141192192,2140930048,9184483153
2125463552,2160066560,2152726528,2143289344,2130706432,2148532224,2146435072,2129657856,2145386496,2138832896,9184499153
2143289344,2143289344,2143289344,2120220672,2130706432,2147483648,2145386496,2127560704,2137522176,2137784320,9184515157
2139095040,2138046464,2138046464,2117074944,2129657856,2146435072,2144337920,2125463552,2133065728,2136473600,9184531152
2140143616,2141192192,2142240768,2116026368,2127560704,2145386496,2143289344,2124414976,2134900736,2135162880,9184547175
2120220672,2157969408,2148532224,2131755008,2125463552,2145386496,2141192192,2123366400,2139619328,2133852160,9184564066
2120220672,2154823680,2150629376,2129657856,2124414976,2143289344,2140143616,2120220672,2138832896,2132017152,9184580066
2119172096,2147483648,2132803584,2126512128,2123366400,2143289344,2136997888,2118123520,2131492864,2130444288,9184596066
2114977792,2155872256,2140143616,2128609280,2122317824,2141192192,2136997888,2117074944,2134900736,2129395712,9184612066
2116026368,2151677952,2147483648,2126512128,2121269248,2139095040,2134900736,2114977792,2135425024,2127560704,9184628091
2113929216,2147483648,2139095040,2122317824,2121269248,2140143616,2133852160,2113929216,2130706432,2127298560,9184644089
2127560704,2144337920,2135949312,2118123520,2120220672,2139095040,2133852160,2111832064,2131492864,2126249984,9184660088
2121269248,2142240768,2140143616,2105540608,2119172096,2136997888,2131755008,2110783488,2127298560,2124677120,9184676090
2128609280,2132803584,2124414976,2105540608,2120220672,2135949312,2131755008,2109734912,2122842112,2124414976,9184692111
2120220672,2144337920,2138046464,2117074944,2118123520,2135949312,2130706432,2108686336,2129920000,2123366400,9184708111
2129657856,2129657856,2125463552,2101346304,2119172096,2135949312,2129657856,2108686336,2121531392,2123366400,9184724110
2112880640,2132803584,2123366400,2107637760,2118123520,2135949312,2130706432,2107637760,2119172096,2123104256,9184740110
2128609280,2134900736,2127560704,2100297728,2118123520,2134900736,2130706432,2107637760,2122842112,2122842112,9184756131
2111832064,2134900736,2135949312,2109734912,2118123520,2134900736,2130706432,2107637760,2123104256,2122842112,9184772132
2111832064,2147483648,2139095040,2119172096,2119172096,2134900736,2129657856,2107637760,2129395712,2122842112,9184788133
2124414976,2126512128,2123366400,2103443456,2119172096,2134900736,2130706432,2107637760,2119434240,2123104256,9184804133
2119172096,2127560704,2122317824,2104492032,2118123520,2135949312,2130706432,2108686336,2118385664,2123366400,9184820156
2118123520,2134900736,2142240768,2104492032,2119172096,2135949312,2131755008,2109734912,2124939264,2124152832,9184836155
2110783488,2140143616,2130706432,2118123520,2119172096,2138046464,2132803584,2111832064,2124939264,2125463552,9184852154
2117074944,2146435072,2141192192,2118123520,2120220672,2136997888,2133852160,2110783488,2130706432,2125463552,9184868153
2129657856,2129657856,2125463552,2104492032,2120220672,2139095040,2133852160,2113929216,2122317824,2126774272,9184884175
2116026368,2133852160,2130706432,2111832064,2121269248,2139095040,2135949312,2113929216,2123104256,2127560704,9184900174
2118123520,2148532224,2148532224,2124414976,2122317824,2140143616,2136997888,2116026368,2134900736,2128871424,9184917066
2130706432,2144337920,2141192192,2117074944,2124414976,2141192192,2136997888,2117074944,2133327872,2129920000,9184933066
2116026368,2147483648,2136997888,2127560704,2124414976,2143289344,2139095040,2119172096,2132017152,2131492864,9184949067
2122317824,2138046464,2131755008,2117074944,2126512128,2144337920,2141192192,2121269248,2127298560,2133327872,9184965089
2122317824,2154823680,2151677952,2134900736,2127560704,2144337920,2142240768,2122317824,2140930048,2134114304,9184981088
2127560704,2146435072,2147483648,2121269248,2128609280,2146435072,2143289344,2125463552,2135687168,2135949312,9184997088
2131755008,2149580800,2151677952,2131755008,2129657856,2148532224,2145386496,2126512128,2141192192,2137522176,9185013090
2139095040,2145386496,2146435072,2123366400,2130706432,2148532224,2147483648,2129657856,2138570752,2139095040,9185029111
2129657856,2159017984,2159017984,2141192192,2131755008,2150629376,2147483648,2130706432,2147221504,2140143616,9185045110
2132803584,2146435072,2145386496,2130706432,2132803584,2151677952,2150629376,2132803584,2138832896,2141978624,9185061111
2129657856,2165309440,2163212288,2144337920,2134900736,2152726528,2150629376,2134900736,2150629376,2143289344,9185077113
2132803584,2163212288,2161115136,2143289344,2135949312,2152726528,2151677952,2135949312,2150105088,2144075776,9185093133
2129657856,2164260864,2163212288,2151677952,2135949312,2154823680,2152726528,2138046464,2152202240,2145386496,9185109131
2133852160,2162163712,2167406592,2145386496,2136997888,2155872256,2154823680,2140143616,2152202240,2146959360,9185125134
2131755008,2165309440,2165309440,2150629376,2138046464,2156920832,2155872256,2141192192,2153250816,2148007936,9185141134
2132803584,2169503744,2168455168,2154823680,2139095040,2157969408,2157969408,2142240768,2156396544,2149318656,9185157155
2150629376,2149580800,2150629376,2136997888,2140143616,2157969408,2157969408,2143289344,2146959360,2149842944,9185173153
2136997888,2170552320,2169503744,2153775104,2140143616,2159017984,2157969408,2144337920,2157707264,2150367232,9185189152
2143289344,2152726528,2154823680,2140143616,2140143616,2159017984,2159017984,2145386496,2147745792,2150891520,9185205153
2134900736,2170552320,2171600896,2160066560,2141192192,2160066560,2160066560,2146435072,2159280128,2151940096,9185221177
2135949312,2167406592,2169503744,2154823680,2141192192,2160066560,2161115136,2146435072,2156920832,2152202240,9185237172
2139095040,2173698048,2176843776,2155872256,2142240768,2160066560,2160066560,2146435072,2161377280,2152202240,9185254066
2138046464,2170552320,2174746624,2150629376,2142240768,2160066560,2160066560,2146435072,2158493696,2152202240,9185270066
2146435072,2153775104,2153775104,2140143616,2141192192,2161115136,2161115136,2146435072,2148532224,2152464384,9185286066
2148532224,2155872256,2162163712,2138046464,2141192192,2160066560,2161115136,2146435072,2151153664,2152202240,9185302066
2134900736,2165309440,2166358016,2154823680,2140143616,2160066560,2160066560,2145386496,2155347968,2151415808,9185318089
2132803584,2176843776,2164260864,2165309440,2140143616,2160066560,2159017984,2145386496,2159804416,2151153664,9185334088
2140143616,2152726528,2152726528,2138046464,2141192192,2157969408,2157969408,2144337920,2145910784,2150367232,9185350089
2138046464,2165309440,2168455168,2146435072,2139095040,2159017984,2156920832,2143289344,2154561536,2149580800,9185366088
2133852160,2150629376,2147483648,2138046464,2139095040,2156920832,2156920832,2142240768,2142502912,2148794368,9185382111
2131755008,2162163712,2167406592,2149580800,2139095040,2156920832,2155872256,2140143616,2152726528,2148007936,9185398111
2134900736,2165309440,2168455168,2152726528,2136997888,2154823680,2154823680,2139095040,2155347968,2146435072,9185414110
2140143616,2148532224,2145386496,2136997888,2136997888,2153775104,2153775104,2136997888,2142765056,2145386496,9185430110
2129657856,2168455168,2162163712,2146435072,2134900736,2153775104,2151677952,2135949312,2151677952,2144075776,9185446134
2143289344,2142240768,2143289344,2126512128,2133852160,2151677952,2150629376,2133852160,2138832896,2142502912,9185462132
2143289344,2146435072,2146435072,2126512128,2133852160,2150629376,2149580800,2130706432,2140667904,2141192192,9185478133
2129657856,2160066560,2160066560,2140143616,2130706432,2148532224,2148532224,2129657856,2147483648,2139357184,9185494129
2135949312,2144337920,2139095040,2124414976,2130706432,2147483648,2145386496,2128609280,2135949312,2138046464,9185510154
2138046464,2140143616,2139095040,2119172096,2128609280,2147483648,2144337920,2127560704,2134114304,2136997888,9185526153
2122317824,2145386496,2139095040,2126512128,2127560704,2146435072,2143289344,2125463552,2133327872,2135687168,9185542153
2132803584,2151677952,2146435072,2125463552,2126512128,2144337920,2142240768,2122317824,2139095040,2133852160,9185558150
2118123520,2152726528,2151677952,2129657856,2126512128,2143289344,2139095040,2120220672,2138046464,2132279296,9185574177
2118123520,2156920832,2139095040,2133852160,2124414976,2142240768,2138046464,2118123520,2136997888,2130706432,9185591066
2121269248,2131755008,2133852160,2113929216,2123366400,2140143616,2135949312,2117074944,2125201408,2129133568,9185607066
2118123520,2136997888,2138046464,2116026368,2122317824,2139095040,2135949312,2114977792,2127298560,2128084992,9185623066
2135949312,2142240768,2131755008,2112880640,2121269248,2139095040,2134900736,2113929216,2130706432,2127298560,9185639067
2132803584,2131755008,2129657856,2105540608,2121269248,2139095040,2133852160,2112880640,2124939264,2126774272,9185655091
2121269248,2146435072,2139095040,2117074944,2120220672,2136997888,2133852160,2111832064,2130968576,2125725696,9185671090
2130706432,2129657856,2128609280,2104492032,2119172096,2136997888,2131755008,2110783488,2123366400,2124677120,9185687088
2128609280,2128609280,2123366400,2101346304,2119172096,2135949312,2130706432,2109734912,2120482816,2123890688,9185703088
2127560704,2135949312,2128609280,2106589184,2119172096,2134900736,2130706432,2108686336,2124677120,2123366400,9185719111
2110783488,2139095040,2126512128,2118123520,2119172096,2134900736,2130706432,2107637760,2123628544,2123104256,9185735110
2124414976,2126512128,2122317824,2098200576,2118123520,2135949312,2129657856,2107637760,2117861376,2122842112,9185751111
2125463552,2127560704,2121269248,2100297728,2117074944,2135949312,2130706432,2108686336,2118647808,2123104256,9185767111
2112880640,2149580800,2142240768,2114977792,2118123520,2135949312,2129657856,2107637760,2129920000,2122842112,9185783134
2117074944,2146435072,2139095040,2112880640,2118123520,2134900736,2130706432,2107637760,2128871424,2122842112,9185799133
2131755008,2133852160,2124414976,2103443456,2119172096,2135949312,2130706432,2108686336,2123366400,2123628544,9185815131
2127560704,2127560704,2126512128,2100297728,2120220672,2135949312,2130706432,2108686336,2120482816,2123890688,9185831133
2123366400,2132803584,2138046464,2102394880,2119172096,2138046464,2132803584,2110783488,2124152832,2125201408,9185847152
2113929216,2138046464,2141192192,2114977792,2120220672,2138046464,2132803584,2110783488,2127036416,2125463552,9185863153
2122317824,2146435072,2138046464,2121269248,2120220672,2138046464,2133852160,2112880640,2132017152,2126249984,9185879153
2119172096,2152726528,2146435072,2120220672,2122317824,2139095040,2134900736,2112880640,2134638592,2127298560,9185895155
2116026368,2142240768,2133852160,2122317824,2123366400,2140143616,2135949312,2116026368,2128609280,2128871424,9185911176
2116026368,2155872256,2147483648,2130706432,2123366400,2141192192,2138046464,2118123520,2137522176,2130182144,9185927176
2125463552,2134900736,2132803584,2113929216,2124414976,2142240768,2138046464,2119172096,2126774272,2130968576,9185944066
2123366400,2147483648,2151677952,2129657856,2125463552,2143289344,2140143616,2120220672,2138046464,2132279296,9185960066
2131755008,2142240768,2144337920,2116026368,2126512128,2144337920,2142240768,2123366400,2133590016,2134114304,9185976066
2134900736,2140143616,2144337920,2118123520,2128609280,2145386496,2142240768,2123366400,2134376448,2134900736,9185992088
2136997888,2146435072,2135949312,2117074944,2129657856,2146435072,2144337920,2125463552,2134114304,2136473600,9186008089
2123366400,2143289344,2139095040,2127560704,2129657856,2148532224,2145386496,2128609280,2133327872,2138046464,9186024090
2124414976,2151677952,2148532224,2131755008,2131755008,2149580800,2147483648,2130706432,2139095040,2139881472,9186040090
2141192192,2141192192,2142240768,2121269248,2133852160,2150629376,2148532224,2132803584,2136473600,2141454336,9186056110
2145386496,2154823680,2142240768,2129657856,2133852160,2152726528,2150629376,2133852160,2143027200,2142765056,9186072112
2136997888,2156920832,2155872256,2135949312,2134900736,2152726528,2151677952,2135949312,2146435072,2143813632,9186088111
2132803584,2162163712,2159017984,2135949312,2134900736,2154823680,2153775104,2138046464,2147483648,2145386496,9186104112
2134900736,2164260864,2164260864,2148532224,2135949312,2155872256,2154823680,2139095040,2152988672,2146435072,9186120133
2151677952,2148532224,2150629376,2131755008,2138046464,2156920832,2155872256,2141192192,2145648640,2148007936,9186136133
2151677952,2159017984,2154823680,2136997888,2138046464,2157969408,2157969408,2142240768,2150629376,2149056512,9186152134
2134900736,2159017984,2168455168,2148532224,2139095040,2156920832,2156920832,2143289344,2152726528,2149056512,9186168131
2132803584,2160066560,2153775104,2149580800,2140143616,2159017984,2159017984,2144337920,2149056512,2150629376,9186184155
2135949312,2155872256,2153775104,2139095040,2140143616,2159017984,2159017984,2145386496,2146172928,2150891520,9186200152
2131755008,2160066560,2160066560,2151677952,2141192192,2161115136,2160066560,2146435072,2150891520,2152202240,9186216153
2146435072,2153775104,2155872256,2140143616,2141192192,2161115136,2161115136,2146435072,2149056512,2152464384,9186232154
2139095040,2169503744,2171600896,2157969408,2141192192,2161115136,2160066560,2147483648,2159542272,2152464384,9186248173
2146435072,2150629376,2151677952,2138046464,2141192192,2161115136,2160066560,2147483648,2146697216,2152464384,9186264172
2144337920,2151677952,2152726528,2140143616,2142240768,2159017984,2160066560,2146435072,2147221504,2151940096,9186281066
2147483648,2156920832,2166358016,2141192192,2141192192,2160066560,2160066560,2147483648,2152988672,2152202240,9186297066
2147483648,2162163712,2162163712,2140143616,2141192192,2160066560,2160066560,2145386496,2152988672,2151677952,9186313066
2131755008,2155872256,2152726528,2143289344,2142240768,2157969408,2159017984,2144337920,2145910784,2150891520,9186329066
2132803584,2165309440,2153775104,2155872256,2140143616,2157969408,2157969408,2144337920,2151940096,2150105088,9186345090
2133852160,2153775104,2151677952,2142240768,2139095040,2157969408,2159017984,2142240768,2145386496,2149580800,9186361088
2147483648,2155872256,2161115136,2135949312,2139095040,2157969408,2156920832,2142240768,2150105088,2149056512,9186377088
2133852160,2148532224,2155872256,2133852160,2138046464,2156920832,2156920832,2141192192,2143027200,2148270080,9186393088
2136997888,2165309440,2164260864,2146435072,2138046464,2154823680,2153775104,2139095040,2153250816,2146435072,9186409113
2143289344,2162163712,2162163712,2141192192,2135949312,2155872256,2154823680,2139095040,2152202240,2146435072,9186425110
2139095040,2163212288,2163212288,2146435072,2135949312,2152726528,2152726528,2135949312,2152988672,2144337920,9186441112
2130706432,2155872256,2161115136,2141192192,2133852160,2151677952,2150629376,2133852160,2147221504,2142502912,9186457109
2126512128,2159017984,2156920832,2144337920,2132803584,2151677952,2149580800,2132803584,2146697216,2141716480,9186473132
2133852160,2142240768,2144337920,2124414976,2131755008,2150629376,2147483648,2130706432,2136211456,2140143616,9186489134
2124414976,2147483648,2144337920,2126512128,2130706432,2149580800,2146435072,2128609280,2135687168,2138832896,9186505132
2128609280,2140143616,2143289344,2121269248,2129657856,2146435072,2145386496,2126512128,2133327872,2136997888,9186521130
2121269248,2160066560,2157969408,2141192192,2128609280,2146435072,2143289344,2125463552,2145124352,2135949312,9186537154
2134900736,2140143616,2146435072,2114977792,2127560704,2144337920,2141192192,2122317824,2134114304,2133852160,9186553153
2119172096,2157969408,2148532224,2131755008,2126512128,2143289344,2141192192,2121269248,2139357184,2133065728,9186569153
2134900736,2140143616,2140143616,2113929216,2125463552,2142240768,2139095040,2119172096,2132279296,2131492864,9186585152
2116026368,2139095040,2147483648,2122317824,2123366400,2141192192,2138046464,2118123520,2131230720,2130182144,9186601176
2117074944,2147483648,2139095040,2122317824,2123366400,2139095040,2135949312,2114977792,2131492864,2128347136,9186618066
2127560704,2133852160,2131755008,2109734912,2122317824,2139095040,2134900736,2113929216,2125725696,2127560704,9186634066
2128609280,2129657856,2127560704,2107637760,2121269248,2139095040,2133852160,2112880640,2123366400,2126774272,9186650066
2127560704,2131755008,2127560704,2105540608,2121269248,2136997888,2133852160,2110783488,2123104256,2125725696,9186666066
2125463552,2129657856,2124414976,2105540608,2119172096,2136997888,2132803584,2110783488,2121269248,2124939264,9186682090
2128609280,2130706432,2124414976,2102394880,2120220672,2135949312,2131755008,2109734912,2121531392,2124414976,9186698089
2113929216,2145386496,2144337920,2122317824,2118123520,2135949312,2130706432,2108686336,2131492864,2123366400,9186714089
2112880640,2147483648,2136997888,2122317824,2119172096,2135949312,2130706432,2108686336,2129920000,2123628544,9186730089
2109734912,2148532224,2140143616,2121269248,2118123520,2134900736,2129657856,2107637760,2129920000,2122579968,9186746111
2111832064,2146435072,2140143616,2119172096,2119172096,2134900736,2130706432,2107637760,2129395712,2123104256,9186762111
2118123520,2148532224,2134900736,2110783488,2118123520,2134900736,2130706432,2107637760,2128084992,2122842112,9186778110
2112880640,2129657856,2123366400,2104492032,2119172096,2134900736,2130706432,2107637760,2117599232,2123104256,9186794110
2112880640,2146435072,2143289344,2114977792,2118123520,2135949312,2130706432,2108686336,2129395712,2123366400,9186810134
2113929216,2131755008,2141192192,2108686336,2118123520,2135949312,2130706432,2109734912,2123890688,2123628544,9186826133
2122317824,2130706432,2136997888,2103443456,2119172096,2135949312,2131755008,2109734912,2123366400,2124152832,9186842131
2119172096,2132803584,2129657856,2105540608,2120220672,2136997888,2131755008,2110783488,2121793536,2124939264,9186858131
2113929216,2134900736,2132803584,2111832064,2120220672,2138046464,2133852160,2111832064,2123366400,2125987840,9186874152
2113929216,2147483648,2135949312,2123366400,2121269248,2138046464,2134900736,2112880640,2130182144,2126774272,9186890154
2117074944,2133852160,2130706432,2112880640,2122317824,2139095040,2134900736,2114977792,2123628544,2127822848,9186906154
2116026368,2147483648,2145386496,2128609280,2122317824,2141192192,2136997888,2117074944,2134376448,2129395712,9186922154
2116026368,2150629376,2143289344,2129657856,2123366400,2142240768,2139095040,2119172096,2134900736,2130968576,9186938174
2130706432,2133852160,2130706432,2110783488,2125463552,2142240768,2139095040,2119172096,2126512128,2131492864,9186954174
2120220672,2147483648,2144337920,2128609280,2126512128,2144337920,2141192192,2122317824,2135162880,2133590016,9186971066
2135949312,2135949312,2133852160,2116026368,2128609280,2145386496,2141192192,2123366400,2130444288,2134638592,9186987066
2122317824,2142240768,2144337920,2124414976,2129657856,2147483648,2144337920,2125463552,2133327872,2136735744,9187003066
2138046464,2135949312,2138046464,2117074944,2129657856,2147483648,2145386496,2127560704,2132279296,2137522176,9187019089
2125463552,2161115136,2159017984,2139095040,2130706432,2149580800,2147483648,2129657856,2146172928,2139357184,9187035088
2126512128,2149580800,2143289344,2130706432,2132803584,2149580800,2148532224,2131755008,2137522176,2140667904,9187051089
2125463552,2152726528,2152726528,2140143616,2132803584,2151677952,2150629376,2133852160,2142765056,2142240768,9187067088
2126512128,2150629376,2156920832,2135949312,2134900736,2152726528,2151677952,2135949312,2142502912,2143813632,9187083112
2128609280,2163212288,2167406592,2145386496,2134900736,2153775104,2153775104,2136997888,2151153664,2144862208,9187099112
2129657856,2159017984,2160066560,2147483648,2136997888,2154823680,2153775104,2138046464,2149056512,2145910784,9187115110
2129657856,2164260864,2161115136,2151677952,2136997888,2155872256,2154823680,2140143616,2151677952,2146959360,9187131111
2130706432,2156920832,2155872256,2147483648,2139095040,2156920832,2156920832,2141192192,2147745792,2148532224,9187147133
2143289344,2151677952,2150629376,2136997888,2139095040,2157969408,2157969408,2142240768,2145648640,2149318656,9187163132
2150629376,2149580800,2151677952,2133852160,2140143616,2157969408,2159017984,2144337920,2146435072,2150367232,9187179133
2134900736,2167406592,2172649472,2152726528,2140143616,2159017984,2159017984,2145386496,2156920832,2150891520,9187195133
2141192192,2168455168,2167406592,2152726528,2141192192,2160066560,2159017984,2146435072,2157445120,2151677952,9187211155
2133852160,2166358016,2168455168,2155872256,2141192192,2159017984,2160066560,2145386496,2156134400,2151415808,9187227153
2131755008,2174746624,2168455168,2160066560,2141192192,2160066560,2161115136,2146435072,2158755840,2152202240,9187243154
2134900736,2176843776,2171600896,2159017984,2141192192,2160066560,2161115136,2147483648,2160590848,2152464384,9187259154
2143289344,2169503744,2169503744,2153775104,2141192192,2160066560,2160066560,2147483648,2159017984,2152202240,9187275177
2153775104,2161115136,2152726528,2140143616,2141192192,2161115136,2160066560,2146435072,2151940096,2152202240,9187291173
2147483648,2163212288,2163212288,2149580800,2141192192,2160066560,2160066560,2146435072,2155872256,2151940096,9187308066
2132803584,2161115136,2164260864,2150629376,2140143616,2160066560,2160066560,2146435072,2152202240,2151677952,9187324066
2153775104,2153775104,2151677952,2136997888,2141192192,2159017984,2159017984,2144337920,2149056512,2150891520,9187340066
2146435072,2150629376,2151677952,2135949312,2139095040,2159017984,2157969408,2144337920,2146172928,2150105088,9187356066
2139095040,2165309440,2166358016,2151677952,2138046464,2157969408,2156920832,2144337920,2155610112,2149318656,9187372089
2136997888,2168455168,2166358016,2150629376,2139095040,2156920832,2155872256,2141192192,2155610112,2148270080,9187388090
2131755008,2148532224,2152726528,2133852160,2138046464,2154823680,2154823680,2139095040,2141716480,2146697216,9187404089
2139095040,2162163712,2161115136,2146435072,2136997888,2154823680,2153775104,2139095040,2152202240,2146172928,9187420089
2130706432,2167406592,2166358016,2145386496,2135949312,2154823680,2152726528,2138046464,2152464384,2145386496,9187436112
2147483648,2146435072,2146435072,2129657856,2133852160,2152726528,2151677952,2135949312,2142502912,2143551488,9187452110
2144337920,2144337920,2142240768,2128609280,2132803584,2151677952,2150629376,2133852160,2139881472,2142240768,9187468112
2145386496,2145386496,2145386496,2123366400,2131755008,2150629376,2148532224,2131755008,2139881472,2140667904,9187484111
2139095040,2153775104,2152726528,2128609280,2130706432,2149580800,2147483648,2129657856,2143551488,2139357184,9187500133
2123366400,2147483648,2154823680,2130706432,2130706432,2146435072,2145386496,2126512128,2139095040,2137260032,9187516132
2142240768,2136997888,2138046464,2120220672,2128609280,2146435072,2144337920,2125463552,2134376448,2136211456,9187532132
2121269248,2145386496,2153775104,2128609280,2127560704,2145386496,2142240768,2123366400,2137260032,2134638592,9187548131
2120220672,2154823680,2153775104,2136997888,2126512128,2144337920,2141192192,2122317824,2141454336,2133590016,9187564152
2136997888,2139095040,2133852160,2111832064,2125463552,2142240768,2140143616,2119172096,2130444288,2131755008,9187580152
2135949312,2135949312,2138046464,2112880640,2124414976,2141192192,2138046464,2118123520,2130706432,2130444288,9187596154
2116026368,2141192192,2139095040,2122317824,2123366400,2140143616,2135949312,2117074944,2129657856,2129133568,9187612153
2116026368,2139095040,2133852160,2118123520,2122317824,2139095040,2135949312,2114977792,2126774272,2128084992,9187628176
2130706432,2144337920,2139095040,2117074944,2121269248,2139095040,2135949312,2113929216,2132803584,2127560704,9187645067
2128609280,2130706432,2125463552,2104492032,2120220672,2138046464,2132803584,2111832064,2122317824,2125725696,9187661066
2126512128,2142240768,2140143616,2117074944,2120220672,2136997888,2133852160,2110783488,2131492864,2125463552,9187677066
2113929216,2144337920,2144337920,2121269248,2119172096,2135949312,2131755008,2109734912,2130968576,2124152832,9187693066
2122317824,2132803584,2138046464,2103443456,2119172096,2135949312,2131755008,2108686336,2124152832,2123890688,9187709090
2130706432,2127560704,2126512128,2100297728,2119172096,2134900736,2130706432,2107637760,2121269248,2123104256,9187725088
2118123520,2146435072,2140143616,2113929216,2118123520,2134900736,2130706432,2107637760,2129657856,2122842112,9187741090
2123366400,2138046464,2132803584,2103443456,2117074944,2135949312,2129657856,2108686336,2124414976,2122842112,9187757091
2116026368,2127560704,2123366400,2100297728,2118123520,2134900736,2131755008,2107637760,2116812800,2123104256,9187773111
2126512128,2129657856,2135949312,2101346304,2118123520,2135949312,2130706432,2108686336,2123366400,2123366400,9187789111
2127560704,2140143616,2127560704,2102394880,2118123520,2135949312,2130706432,2109734912,2124414976,2123628544,9187805109
2121269248,2142240768,2133852160,2106589184,2119172096,2135949312,2131755008,2109734912,2125987840,2124152832,9187821111
2113929216,2138046464,2141192192,2113929216,2119172096,2135949312,2131755008,2109734912,2126774272,2124152832,9187837132
2111832064,2150629376,2138046464,2124414976,2120220672,2136997888,2132803584,2110783488,2131230720,2125201408,9187853132
2113929216,2133852160,2133852160,2111832064,2120220672,2136997888,2133852160,2110783488,2123366400,2125463552,9187869130
2124414976,2146435072,2138046464,2121269248,2121269248,2138046464,2134900736,2112880640,2132541440,2126774272,9187885134
2122317824,2150629376,2141192192,2124414976,2122317824,2140143616,2135949312,2114977792,2134638592,2128347136,9187901153
2122317824,2132803584,2128609280,2112880640,2123366400,2141192192,2135949312,2117074944,2124152832,2129395712,9187917153
2132803584,2135949312,2135949312,2110783488,2125463552,2140143616,2136997888,2116026368,2128871424,2129657856,9187933153
2130706432,2146435072,2143289344,2124414976,2124414976,2142240768,2140143616,2119172096,2136211456,2131492864,9187949155
2134900736,2138046464,2134900736,2116026368,2126512128,2144337920,2140143616,2122317824,2130968576,2133327872,9187965176
2131755008,2149580800,2145386496,2125463552,2127560704,2144337920,2141192192,2122317824,2138046464,2133852160,9187981175
2140143616,2138046464,2136997888,2118123520,2128609280,2146435072,2143289344,2125463552,2133327872,2135949312,9187998066
2139095040,2146435072,2138046464,2122317824,2129657856,2147483648,2145386496,2127560704,2136473600,2137522176,9188014066
2139095040,2143289344,2140143616,2122317824,2130706432,2148532224,2146435072,2128609280,2136211456,2138570752,9188030066
2143289344,2146435072,2141192192,2125463552,2131755008,2150629376,2148532224,2131755008,2139095040,2140667904,9188046091
2136997888,2146435072,2154823680,2129657856,2133852160,2150629376,2149580800,2132803584,2141978624,2141716480,9188062088
2127560704,2164260864,2161115136,2146435072,2133852160,2152726528,2150629376,2134900736,2149842944,2143027200,9188078089
2129657856,2163212288,2165309440,2146435072,2135949312,2152726528,2153775104,2135949312,2151153664,2144600064,9188094089
2128609280,2155872256,2161115136,2143289344,2135949312,2155872256,2153775104,2139095040,2147221504,2146172928,9188110111
2129657856,2160066560,2160066560,2147483648,2136997888,2156920832,2154823680,2140143616,2149318656,2147221504,9188126111
2131755008,2170552320,2167406592,2152726528,2138046464,2156920832,2155872256,2141192192,2155610112,2148007936,9188142111
2130706432,2165309440,2170552320,2150629376,2139095040,2156920832,2156920832,2141192192,2154299392,2148532224,9188158112
2148532224,2148532224,2150629376,2135949312,2140143616,2156920832,2157969408,2143289344,2145910784,2149580800,9188174132
2138046464,2169503744,2171600896,2155872256,2140143616,2160066560,2159017984,2145386496,2158755840,2151153664,9188190129
2133852160,2163212288,2172649472,2144337920,2141192192,2159017984,2159017984,2145386496,2153512960,2151153664,9188206131
2141192192,2170552320,2167406592,2149580800,2142240768,2160066560,2160066560,2145386496,2157182976,2151940096,9188222135
2151677952,2155872256,2155872256,2139095040,2141192192,2161115136,2160066560,2146435072,2150629376,2152202240,9188238152
2147483648,2159017984,2166358016,2140143616,2142240768,2160066560,2160066560,2147483648,2153250816,2152464384,9188254153
2151677952,2161115136,2156920832,2140143616,2142240768,2160066560,2160066560,2147483648,2152464384,2152464384,9188270153
2141192192,2172649472,2164260864,2154823680,2142240768,2160066560,2160066560,2146435072,2158231552,2152202240,9188286154
2131755008,2165309440,2157969408,2156920832,2141192192,2160066560,2160066560,2146435072,2152988672,2151940096,9188302175
2152726528,2153775104,2159017984,2140143616,2141192192,2159017984,2159017984,2145386496,2151415808,2151153664,9188318173
2132803584,2154823680,2155872256,2147483648,2141192192,2159017984,2159017984,2144337920,2147745792,2150891520,9188335066
2143289344,2166358016,2167406592,2146435072,2140143616,2159017984,2157969408,2144337920,2155872256,2150367232,9188351066
2130706432,2176843776,2167406592,2157969408,2139095040,2157969408,2157969408,2143289344,2158231552,2149580800,9188367067
2141192192,2163212288,2162163712,2142240768,2138046464,2156920832,2156920832,2142240768,2152202240,2148532224,9188383066
2149580800,2160066560,2150629376,2138046464,2138046464,2156920832,2154823680,2141192192,2149580800,2147745792,9188399089
2129657856,2148532224,2155872256,2136997888,2135949312,2154823680,2155872256,2139095040,2142765056,2146435072,9188415088
2146435072,2146435072,2146435072,2131755008,2135949312,2153775104,2152726528,2136997888,2142765056,2144862208,9188431090
2142240768,2147483648,2144337920,2127560704,2134900736,2152726528,2151677952,2134900736,2140405760,2143551488,9188447088
2124414976,2159017984,2154823680,2146435072,2132803584,2152726528,2150629376,2133852160,2146172928,2142502912,9188463111
2139095040,2151677952,2151677952,2126512128,2132803584,2149580800,2148532224,2131755008,2142240768,2140667904,9188479111
2124414976,2151677952,2152726528,2134900736,2131755008,2148532224,2147483648,2129657856,2140930048,2139357184,9188495112
2122317824,2162163712,2147483648,2146435072,2130706432,2148532224,2145386496,2127560704,2144600064,2138046464,9188511109
2135949312,2136997888,2136997888,2117074944,2129657856,2146435072,2144337920,2126512128,2131755008,2136735744,9188527133
2133852160,2139095040,2138046464,2116026368,2128609280,2145386496,2142240768,2123366400,2131755008,2134900736,9188543134
2128609280,2150629376,2150629376,2132803584,2126512128,2144337920,2142240768,2122317824,2140667904,2133852160,9188559132
2129657856,2136997888,2133852160,2113929216,2125463552,2143289344,2140143616,2120220672,2128609280,2132279296,9188575131
2119172096,2147483648,2145386496,2127560704,2124414976,2141192192,2138046464,2118123520,2134900736,2130444288,9188591153
2118123520,2151677952,2147483648,2130706432,2123366400,2141192192,2138046464,2117074944,2136997888,2129920000,9188607154
2118123520,2150629376,2149580800,2125463552,2121269248,2140143616,2136997888,2114977792,2135949312,2128347136,9188623153
2113929216,2142240768,2131755008,2121269248,2121269248,2139095040,2134900736,2113929216,2127298560,2127298560,9188639153
2119172096,2131755008,2131755008,2106589184,2121269248,2139095040,2132803584,2112880640,2122317824,2126512128,9188655176
2130706432,2136997888,2136997888,2103443456,2120220672,2138046464,2132803584,2111832064,2127036416,2125725696,9188672066
2112880640,2147483648,2143289344,2123366400,2119172096,2136997888,2131755008,2109734912,2131755008,2124414976,9188688066
2125463552,2128609280,2123366400,2103443456,2119172096,2134900736,2130706432,2108686336,2120220672,2123366400,9188704066
2120220672,2144337920,2141192192,2113929216,2119172096,2134900736,2130706432,2107637760,2129920000,2123104256,9188720066
2121269248,2128609280,2127560704,2103443456,2119172096,2134900736,2130706432,2108686336,2120220672,2123366400,9188736090
2126512128,2139095040,2129657856,2110783488,2119172096,2134900736,2130706432,2107637760,2126512128,2123104256,9188752089
2113929216,2128609280,2124414976,2105540608,2119172096,2134900736,2129657856,2107637760,2118123520,2122842112,9188768088
2111832064,2151677952,2139095040,2122317824,2118123520,2135949312,2130706432,2107637760,2131230720,2123104256,9188784090
2112880640,2130706432,2129657856,2103443456,2119172096,2134900736,2129657856,2107637760,2119172096,2122842112,9188800111
2116026368,2130706432,2122317824,2104492032,2119172096,2135949312,2130706432,2108686336,2118385664,2123628544,9188816110
2130706432,2129657856,2125463552,2102394880,2120220672,2136997888,2131755008,2109734912,2122055680,2124677120,9188832110
2114977792,2132803584,2124414976,2105540608,2120220672,2136997888,2131755008,2110783488,2119434240,2124939264,9188848111
2111832064,2135949312,2125463552,2114977792,2120220672,2136997888,2132803584,2111832064,2122055680,2125463552,9188864133
2117074944,2151677952,2146435072,2123366400,2120220672,2139095040,2133852160,2113929216,2134638592,2126774272,9188880134
2124414976,2144337920,2141192192,2117074944,2122317824,2139095040,2134900736,2112880640,2131755008,2127298560,9188896131
2125463552,2130706432,2128609280,2106589184,2122317824,2140143616,2136997888,2116026368,2122842112,2128871424,9188912132
2124414976,2135949312,2129657856,2113929216,2124414976,2141192192,2138046464,2116026368,2125987840,2129920000,9188928153
2130706432,2131755008,2129657856,2110783488,2125463552,2142240768,2136997888,2118123520,2125725696,2130706432,9188944155
2118123520,2138046464,2134900736,2117074944,2124414976,2143289344,2141192192,2120220672,2127036416,2132279296,9188960154
2120220672,2151677952,2155872256,2129657856,2126512128,2145386496,2141192192,2122317824,2139357184,2133852160,9188976153
2128609280,2155872256,2149580800,2129657856,2128609280,2145386496,2142240768,2124414976,2140930048,2135162880,9188992178
2126512128,2152726528,2152726528,2133852160,2128609280,2147483648,2144337920,2126512128,2141454336,2136735744,9189008176
2130706432,2157969408,2153775104,2134900736,2130706432,2149580800,2146435072,2129657856,2144337920,2139095040,9189025067
2123366400,2153775104,2147483648,2139095040,2131755008,2149580800,2147483648,2130706432,2140930048,2139881472,9189041066
2139095040,2155872256,2154823680,2129657856,2132803584,2150629376,2148532224,2132803584,2144862208,2141192192,9189057067
2131755008,2162163712,2161115136,2143289344,2133852160,2151677952,2150629376,2133852160,2149580800,2142502912,9189073091
2138046464,2147483648,2144337920,2130706432,2134900736,2152726528,2151677952,2135949312,2140143616,2143813632,9189089089
2130706432,2164260864,2164260864,2146435072,2135949312,2153775104,2153775104,2138046464,2151415808,2145386496,9189105090
2139095040,2159017984,2162163712,2142240768,2136997888,2155872256,2154823680,2140143616,2150629376,2146959360,9189121090
2142240768,2151677952,2147483648,2134900736,2138046464,2156920832,2155872256,2141192192,2144075776,2148007936,9189137110
2147483648,2152726528,2159017984,2136997888,2139095040,2157969408,2157969408,2142240768,2149056512,2149318656,9189153112
2131755008,2168455168,2164260864,2155872256,2140143616,2157969408,2156920832,2143289344,2155085824,2149580800,9189169112
2133852160,2169503744,2169503744,2152726528,2140143616,2160066560,2159017984,2144337920,2156396544,2150891520,9189185111
2139095040,2168455168,2173698048,2152726528,2141192192,2159017984,2159017984,2144337920,2158493696,2150891520,9189201133
2149580800,2160066560,2163212288,2142240768,2141192192,2159017984,2159017984,2145386496,2153775104,2151153664,9189217131
2134900736,2157969408,2155872256,2143289344,2141192192,2159017984,2159017984,2146435072,2148007936,2151415808,9189233132
2153775104,2153775104,2154823680,2138046464,2141192192,2161115136,2161115136,2147483648,2150105088,2152726528,9189249135
2151677952,2162163712,2153775104,2146435072,2141192192,2161115136,2160066560,2147483648,2153512960,2152464384,9189265154
2135949312,2168455168,2169503744,2154823680,2142240768,2160066560,2160066560,2146435072,2157182976,2152202240,9189281156
2135949312,2154823680,2151677952,2145386496,2141192192,2159017984,2159017984,2146435072,2146959360,2151415808,9189297155
2142240768,2169503744,2164260864,2151677952,2141192192,2160066560,2159017984,2145386496,2156920832,2151415808,9189313156
