2122317824,2150629376,2145386496,2133852160,2129657856,2147483648,2146435072,2127560704,2138046464,2137784320,9190405067
2123366400,2161115136,2157969408,2138046464,2129657856,2148532224,2145386496,2127560704,2145124352,2137784320,9190421066
2126512128,2155872256,2155872256,2135949312,2129657856,2148532224,2145386496,2127560704,2143551488,2137784320,9190437066
2122317824,2147483648,2145386496,2130706432,2129657856,2147483648,2145386496,2128609280,2136473600,2137784320,9190453089
2127560704,2155872256,2156920832,2134900736,2130706432,2147483648,2145386496,2127560704,2143813632,2137784320,9190469089
2125463552,2155872256,2159017984,2136997888,2129657856,2148532224,2145386496,2128609280,2144337920,2138046464,9190485088
2136997888,2154823680,2140143616,2125463552,2130706432,2147483648,2144337920,2126512128,2139357184,2137260032,9190501088
2127560704,2161115136,2154823680,2140143616,2129657856,2147483648,2144337920,2127560704,2145910784,2137260032,9190517110
2131755008,2146435072,2151677952,2122317824,2129657856,2148532224,2145386496,2127560704,2138046464,2137784320,9190533111
2132803584,2152726528,2151677952,2129657856,2129657856,2148532224,2145386496,2127560704,2141716480,2137784320,9190549111
2138046464,2138046464,2138046464,2120220672,2130706432,2147483648,2145386496,2127560704,2133590016,2137784320,9190565110
2122317824,2155872256,2154823680,2136997888,2129657856,2148532224,2146435072,2127560704,2142502912,2138046464,9190581133
2141192192,2146435072,2140143616,2122317824,2130706432,2146435072,2144337920,2126512128,2137522176,2136997888,9190597132
2138046464,2138046464,2135949312,2118123520,2127560704,2146435072,2142240768,2124414976,2132541440,2135162880,9190613134
2122317824,2160066560,2154823680,2130706432,2126512128,2144337920,2141192192,2122317824,2141978624,2133590016,9190629131
2129657856,2139095040,2132803584,2116026368,2125463552,2144337920,2139095040,2121269248,2129395712,2132541440,9190645152
2118123520,2147483648,2131755008,2126512128,2124414976,2141192192,2138046464,2117074944,2130968576,2130182144,9190661154
2126512128,2146435072,2145386496,2121269248,2123366400,2140143616,2135949312,2114977792,2134900736,2128609280,9190677156
2116026368,2138046464,2132803584,2117074944,2122317824,2138046464,2133852160,2112880640,2125987840,2126774272,9190693151
2114977792,2150629376,2142240768,2124414976,2121269248,2138046464,2133852160,2111832064,2133065728,2126249984,9190709173
2114977792,2146435072,2140143616,2121269248,2120220672,2136997888,2131755008,2110783488,2130706432,2124939264,9190726066
2122317824,2143289344,2143289344,2108686336,2120220672,2135949312,2131755008,2109734912,2129395712,2124414976,9190742066
2112880640,2145386496,2134900736,2124414976,2119172096,2134900736,2130706432,2108686336,2129395712,2123366400,9190758066
2119172096,2143289344,2139095040,2113929216,2118123520,2134900736,2130706432,2107637760,2128871424,2122842112,9190774066
2112880640,2147483648,2141192192,2117074944,2117074944,2135949312,2130706432,2108686336,2129657856,2123104256,9190790089
2127560704,2138046464,2122317824,2102394880,2119172096,2134900736,2130706432,2107637760,2122579968,2123104256,9190806088
2110783488,2146435072,2136997888,2120220672,2118123520,2134900736,2129657856,2107637760,2128609280,2122579968,9190822090
2119172096,2145386496,2135949312,2112880640,2119172096,2136997888,2130706432,2109734912,2128347136,2124152832,9190838089
2125463552,2125463552,2124414976,2100297728,2119172096,2135949312,2131755008,2109734912,2118909952,2124152832,9190854111
2131755008,2129657856,2125463552,2105540608,2120220672,2136997888,2131755008,2110783488,2123104256,2124939264,9190870112
2123366400,2132803584,2126512128,2106589184,2120220672,2138046464,2132803584,2111832064,2122317824,2125725696,9190886109
2113929216,2151677952,2141192192,2127560704,2121269248,2139095040,2133852160,2112880640,2133590016,2126774272,9190902110
2116026368,2139095040,2136997888,2120220672,2122317824,2140143616,2135949312,2114977792,2128084992,2128347136,9190918132
2132803584,2141192192,2129657856,2112880640,2124414976,2140143616,2138046464,2116026368,2129133568,2129657856,9190934131
2121269248,2133852160,2134900736,2112880640,2125463552,2141192192,2139095040,2118123520,2125725696,2130968576,9190950130
2128609280,2151677952,2152726528,2121269248,2127560704,2144337920,2142240768,2121269248,2138570752,2133852160,9190966132
2138046464,2139095040,2135949312,2113929216,2127560704,2145386496,2143289344,2124414976,2131755008,2135162880,9190982153
2141192192,2138046464,2136997888,2117074944,2128609280,2147483648,2143289344,2126512128,2133327872,2136473600,9190998155
2130706432,2157969408,2153775104,2133852160,2130706432,2148532224,2146435072,2128609280,2144075776,2138570752,9191014150
2132803584,2159017984,2156920832,2133852160,2132803584,2149580800,2148532224,2130706432,2145648640,2140405760,9191030157
2145386496,2152726528,2143289344,2128609280,2132803584,2151677952,2149580800,2133852160,2142502912,2141978624,9191046174
2136997888,2146435072,2156920832,2128609280,2134900736,2152726528,2151677952,2134900736,2142240768,2143551488,9191062176
2127560704,2160066560,2159017984,2147483648,2134900736,2154823680,2152726528,2138046464,2148532224,2145124352,9191079066
2130706432,2165309440,2168455168,2146435072,2138046464,2154823680,2154823680,2139095040,2152726528,2146697216,9191095067
2131755008,2148532224,2149580800,2136997888,2138046464,2156920832,2156920832,2142240768,2141716480,2148532224,9191111066
2141192192,2149580800,2150629376,2135949312,2139095040,2157969408,2156920832,2143289344,2144337920,2149318656,9191127089
2131755008,2169503744,2168455168,2153775104,2140143616,2159017984,2159017984,2144337920,2155872256,2150629376,9191143088
2145386496,2148532224,2151677952,2138046464,2140143616,2159017984,2159017984,2145386496,2145910784,2150891520,9191159090
2149580800,2152726528,2152726528,2138046464,2140143616,2160066560,2160066560,2146435072,2148270080,2151677952,9191175089
2141192192,2167406592,2169503744,2154823680,2141192192,2160066560,2159017984,2146435072,2158231552,2151677952,9191191112
2150629376,2155872256,2153775104,2139095040,2142240768,2160066560,2161115136,2146435072,2149842944,2152464384,9191207110
2133852160,2171600896,2172649472,2156920832,2141192192,2161115136,2160066560,2147483648,2158755840,2152464384,9191223112
2138046464,2172649472,2170552320,2152726528,2141192192,2161115136,2161115136,2147483648,2158493696,2152726528,9191239110
2154823680,2153775104,2152726528,2140143616,2141192192,2160066560,2160066560,2146435072,2150367232,2151940096,9191255132
2151677952,2153775104,2151677952,2140143616,2141192192,2159017984,2159017984,2145386496,2149318656,2151153664,9191271130
2138046464,2153775104,2150629376,2139095040,2139095040,2160066560,2159017984,2145386496,2145386496,2150891520,9191287131
2147483648,2153775104,2162163712,2139095040,2139095040,2157969408,2156920832,2143289344,2150629376,2149318656,9191303133
2131755008,2164260864,2165309440,2153775104,2139095040,2156920832,2156920832,2141192192,2153775104,2148532224,9191319153
2132803584,2161115136,2166358016,2148532224,2138046464,2155872256,2154823680,2140143616,2152202240,2147221504,9191335152
2128609280,2163212288,2149580800,2150629376,2135949312,2154823680,2152726528,2138046464,2148007936,2145386496,9191351156
2126512128,2162163712,2148532224,2149580800,2134900736,2152726528,2151677952,2135949312,2146697216,2143813632,9191367153
2127560704,2160066560,2153775104,2147483648,2133852160,2151677952,2150629376,2132803584,2147221504,2142240768,9191383176
2129657856,2161115136,2159017984,2136997888,2131755008,2150629376,2147483648,2131755008,2146697216,2140405760,9191399171
2134900736,2146435072,2151677952,2124414976,2130706432,2148532224,2146435072,2128609280,2139357184,2138570752,9191416066
2143289344,2141192192,2138046464,2122317824,2128609280,2147483648,2145386496,2126512128,2136211456,2136997888,9191432066
2123366400,2140143616,2141192192,2119172096,2127560704,2145386496,2142240768,2124414976,2130968576,2134900736,9191448066
2139095040,2143289344,2138046464,2118123520,2126512128,2144337920,2141192192,2121269248,2134638592,2133327872,9191464066
2118123520,2154823680,2147483648,2130706432,2124414976,2142240768,2139095040,2119172096,2137784320,2131230720,9191480088
2119172096,2142240768,2143289344,2123366400,2124414976,2141192192,2138046464,2117074944,2132017152,2130182144,9191496091
2129657856,2131755008,2129657856,2108686336,2122317824,2140143616,2135949312,2116026368,2124939264,2128609280,9191512088
2132803584,2142240768,2126512128,2109734912,2122317824,2139095040,2134900736,2113929216,2127822848,2127560704,9191528088
2120220672,2130706432,2129657856,2108686336,2121269248,2138046464,2132803584,2111832064,2122317824,2125987840,9191544111
2111832064,2134900736,2126512128,2111832064,2120220672,2135949312,2132803584,2110783488,2121269248,2124939264,9191560110
2112880640,2135949312,2130706432,2111832064,2118123520,2136997888,2130706432,2110783488,2122842112,2124152832,9191576111
2112880640,2129657856,2128609280,2107637760,2119172096,2135949312,2130706432,2108686336,2119696384,2123628544,9191592111
2117074944,2129657856,2125463552,2103443456,2118123520,2134900736,2130706432,2108686336,2118909952,2123104256,9191608132
2129657856,2129657856,2124414976,2101346304,2118123520,2134900736,2129657856,2107637760,2121269248,2122579968,9191624133
2118123520,2144337920,2139095040,2114977792,2118123520,2134900736,2130706432,2107637760,2129133568,2122842112,9191640134
2107637760,2151677952,2134900736,2117074944,2118123520,2135949312,2130706432,2108686336,2127822848,2123366400,9191656130
2130706432,2130706432,2122317824,2100297728,2119172096,2134900736,2130706432,2108686336,2121007104,2123366400,9191672156
2122317824,2145386496,2135949312,2113929216,2119172096,2135949312,2131755008,2108686336,2129395712,2123890688,9191688154
2127560704,2127560704,2124414976,2102394880,2120220672,2135949312,2131755008,2110783488,2120482816,2124677120,9191704154
2122317824,2146435072,2144337920,2119172096,2120220672,2138046464,2133852160,2111832064,2133065728,2125987840,9191720151
2117074944,2149580800,2146435072,2122317824,2121269248,2139095040,2133852160,2113929216,2133852160,2127036416,9191736177
2118123520,2133852160,2128609280,2108686336,2123366400,2139095040,2135949312,2114977792,2122317824,2128347136,9191753067
2118123520,2139095040,2132803584,2118123520,2124414976,2141192192,2136997888,2117074944,2127036416,2129920000,9191769066
2118123520,2140143616,2139095040,2122317824,2125463552,2142240768,2139095040,2119172096,2129920000,2131492864,9191785067
2120220672,2150629376,2151677952,2126512128,2126512128,2143289344,2141192192,2121269248,2137260032,2133065728,9191801066
2128609280,2135949312,2143289344,2114977792,2127560704,2145386496,2142240768,2124414976,2130706432,2134900736,9191817090
2122317824,2142240768,2136997888,2124414976,2128609280,2146435072,2144337920,2126512128,2131492864,2136473600,9191833088
2122317824,2159017984,2155872256,2138046464,2130706432,2147483648,2146435072,2127560704,2143813632,2138046464,9191849089
2124414976,2155872256,2149580800,2143289344,2131755008,2150629376,2147483648,2130706432,2143289344,2140143616,9191865088
2143289344,2146435072,2152726528,2128609280,2132803584,2151677952,2150629376,2133852160,2142765056,2142240768,9191881110
2146435072,2145386496,2144337920,2126512128,2133852160,2152726528,2151677952,2134900736,2140667904,2143289344,9191897110
2134900736,2157969408,2164260864,2133852160,2135949312,2153775104,2152726528,2136997888,2147745792,2144862208,9191913110
2149580800,2152726528,2146435072,2132803584,2138046464,2155872256,2154823680,2139095040,2145386496,2146959360,9191929111
2150629376,2147483648,2148532224,2131755008,2139095040,2156920832,2156920832,2141192192,2144600064,2148532224,9191945133
2132803584,2166358016,2169503744,2150629376,2139095040,2157969408,2156920832,2143289344,2154823680,2149318656,9191961133
2142240768,2164260864,2168455168,2146435072,2140143616,2157969408,2157969408,2144337920,2155347968,2150105088,9191977131
2152726528,2156920832,2150629376,2138046464,2141192192,2159017984,2159017984,2145386496,2149580800,2151153664,9191993134
2153775104,2152726528,2151677952,2136997888,2141192192,2160066560,2160066560,2146435072,2148794368,2151940096,9192009154
2134900736,2165309440,2168455168,2154823680,2142240768,2160066560,2160066560,2146435072,2155872256,2152202240,9192025153
2153775104,2153775104,2163212288,2138046464,2142240768,2160066560,2160066560,2146435072,2152202240,2152202240,9192041153
2136997888,2169503744,2172649472,2157969408,2142240768,2160066560,2160066560,2146435072,2159280128,2152202240,9192057154
2136997888,2163212288,2167406592,2154823680,2141192192,2160066560,2161115136,2146435072,2155610112,2152202240,9192073177
2146435072,2153775104,2153775104,2143289344,2141192192,2160066560,2159017984,2146435072,2149318656,2151677952,9192089178
2139095040,2167406592,2171600896,2154823680,2140143616,2159017984,2160066560,2145386496,2158231552,2151153664,9192106066
2131755008,2171600896,2172649472,2157969408,2140143616,2157969408,2157969408,2144337920,2158493696,2150105088,9192122066
2149580800,2163212288,2159017984,2146435072,2139095040,2157969408,2157969408,2142240768,2154561536,2149318656,9192138066
2140143616,2166358016,2166358016,2146435072,2138046464,2156920832,2156920832,2142240768,2154823680,2148532224,9192154088
2131755008,2163212288,2168455168,2146435072,2136997888,2155872256,2154823680,2140143616,2152464384,2146959360,9192170088
2128609280,2157969408,2161115136,2145386496,2135949312,2154823680,2152726528,2136997888,2148270080,2145124352,9192186089
2140143616,2148532224,2147483648,2130706432,2134900736,2152726528,2150629376,2134900736,2141716480,2143289344,9192202088
2126512128,2161115136,2161115136,2145386496,2133852160,2152726528,2148532224,2133852160,2148532224,2142240768,9192218111
2125463552,2148532224,2147483648,2133852160,2131755008,2150629376,2147483648,2131755008,2138832896,2140405760,9192234109
2132803584,2161115136,2152726528,2134900736,2130706432,2149580800,2147483648,2128609280,2145386496,2139095040,9192250111
2134900736,2155872256,2149580800,2130706432,2129657856,2146435072,2144337920,2126512128,2142765056,2136735744,9192266112
2130706432,2154823680,2148532224,2124414976,2128609280,2145386496,2142240768,2123366400,2139619328,2134900736,9192282132
2134900736,2136997888,2132803584,2114977792,2127560704,2143289344,2141192192,2120220672,2129920000,2133065728,9192298133
2117074944,2142240768,2139095040,2123366400,2125463552,2142240768,2139095040,2118123520,2130444288,2131230720,9192314131
2129657856,2146435072,2140143616,2124414976,2124414976,2141192192,2136997888,2117074944,2135162880,2129920000,9192330131
2116026368,2140143616,2136997888,2118123520,2122317824,2140143616,2134900736,2114977792,2127822848,2128084992,9192346154
2117074944,2150629376,2146435072,2125463552,2121269248,2139095040,2134900736,2113929216,2134900736,2127298560,9192362153
2113929216,2131755008,2132803584,2108686336,2120220672,2138046464,2133852160,2111832064,2121793536,2125987840,9192378153
2114977792,2134900736,2125463552,2111832064,2120220672,2136997888,2132803584,2110783488,2121793536,2125201408,9192394153
2110783488,2139095040,2130706432,2119172096,2119172096,2135949312,2131755008,2109734912,2124939264,2124152832,9192410175
2111832064,2147483648,2134900736,2122317824,2119172096,2134900736,2130706432,2107637760,2129133568,2123104256,9192426174
2127560704,2130706432,2123366400,2100297728,2118123520,2135949312,2130706432,2107637760,2120482816,2123104256,9192443067
2109734912,2139095040,2132803584,2113929216,2118123520,2135949312,2130706432,2107637760,2123890688,2123104256,9192459066
2120220672,2125463552,2122317824,2100297728,2118123520,2134900736,2130706432,2107637760,2117074944,2122842112,9192475066
2126512128,2140143616,2132803584,2108686336,2118123520,2135949312,2130706432,2107637760,2127036416,2123104256,9192491066
2110783488,2133852160,2126512128,2113929216,2118123520,2135949312,2131755008,2109734912,2121269248,2123890688,9192507091
2127560704,2130706432,2124414976,2102394880,2119172096,2135949312,2131755008,2109734912,2121269248,2124152832,9192523088
2116026368,2147483648,2143289344,2114977792,2120220672,2136997888,2132803584,2109734912,2130444288,2124939264,9192539090
2131755008,2134900736,2132803584,2104492032,2120220672,2138046464,2133852160,2111832064,2125987840,2125987840,9192555090
2116026368,2131755008,2126512128,2108686336,2121269248,2139095040,2133852160,2113929216,2120744960,2127036416,9192571113
2124414976,2132803584,2127560704,2107637760,2122317824,2140143616,2135949312,2116026368,2123104256,2128609280,9192587110
2136997888,2141192192,2138046464,2109734912,2124414976,2140143616,2136997888,2117074944,2131492864,2129657856,9192603111
2130706432,2134900736,2130706432,2109734912,2125463552,2142240768,2138046464,2119172096,2126512128,2131230720,9192619110
2123366400,2154823680,2148532224,2132803584,2126512128,2144337920,2141192192,2122317824,2139881472,2133590016,9192635133
2135949312,2135949312,2134900736,2114977792,2127560704,2145386496,2142240768,2124414976,2130444288,2134900736,9192651132
2125463552,2154823680,2154823680,2132803584,2129657856,2147483648,2144337920,2126512128,2141978624,2136997888,9192667131
2126512128,2154823680,2157969408,2135949312,2130706432,2148532224,2146435072,2128609280,2143813632,2138570752,9192683131
2124414976,2154823680,2148532224,2140143616,2132803584,2149580800,2148532224,2130706432,2141978624,2140405760,9192699152
2141192192,2146435072,2146435072,2123366400,2132803584,2150629376,2149580800,2132803584,2139357184,2141454336,9192715152
2126512128,2147483648,2151677952,2131755008,2133852160,2153775104,2152726528,2135949312,2139357184,2144075776,9192731155
2127560704,2151677952,2149580800,2134900736,2134900736,2153775104,2153775104,2138046464,2140930048,2145124352,9192747153
2127560704,2155872256,2157969408,2147483648,2136997888,2154823680,2154823680,2139095040,2147221504,2146435072,9192763176
2131755008,2150629376,2148532224,2138046464,2138046464,2156920832,2155872256,2141192192,2142240768,2148007936,9192780066
2130706432,2155872256,2155872256,2143289344,2139095040,2157969408,2156920832,2143289344,2146435072,2149318656,9192796066
2147483648,2154823680,2162163712,2136997888,2140143616,2157969408,2159017984,2144337920,2150367232,2150367232,9192812066
2150629376,2163212288,2152726528,2142240768,2141192192,2159017984,2159017984,2144337920,2152202240,2150891520,9192828066
2140143616,2153775104,2152726528,2143289344,2141192192,2160066560,2160066560,2146435072,2147483648,2151940096,9192844089
2146435072,2151677952,2152726528,2135949312,2141192192,2160066560,2160066560,2145386496,2146697216,2151677952,9192860088
2150629376,2156920832,2157969408,2141192192,2141192192,2161115136,2160066560,2146435072,2151677952,2152202240,9192876088
2153775104,2154823680,2152726528,2141192192,2141192192,2160066560,2161115136,2146435072,2150629376,2152202240,9192892089
2134900736,2160066560,2164260864,2155872256,2142240768,2160066560,2160066560,2146435072,2153775104,2152202240,9192908110
2133852160,2155872256,2157969408,2147483648,2141192192,2160066560,2160066560,2145386496,2148794368,2151677952,9192924114
2147483648,2165309440,2166358016,2142240768,2140143616,2159017984,2159017984,2145386496,2155347968,2150891520,9192940110
2147483648,2164260864,2154823680,2146435072,2139095040,2157969408,2157969408,2144337920,2153250816,2149842944,9192956112
2133852160,2154823680,2152726528,2144337920,2140143616,2156920832,2156920832,2142240768,2146435072,2149056512,9192972132
2131755008,2155872256,2156920832,2147483648,2139095040,2156920832,2155872256,2140143616,2148007936,2148007936,9192988134
2132803584,2173698048,2168455168,2153775104,2136997888,2155872256,2155872256,2140143616,2157182976,2147221504,9193004132
2130706432,2150629376,2147483648,2136997888,2135949312,2153775104,2153775104,2136997888,2141454336,2145124352,9193020134
2151677952,2145386496,2146435072,2127560704,2135949312,2151677952,2150629376,2134900736,2142765056,2143289344,9193036156
2136997888,2143289344,2145386496,2127560704,2133852160,2151677952,2149580800,2132803584,2138308608,2141978624,9193052156
2126512128,2147483648,2151677952,2126512128,2132803584,2149580800,2147483648,2130706432,2138046464,2140143616,9193068153
2131755008,2155872256,2153775104,2133852160,2129657856,2148532224,2146435072,2128609280,2143813632,2138308608,9193084156
2133852160,2141192192,2138046464,2122317824,2129657856,2146435072,2144337920,2125463552,2133852160,2136473600,9193100176
2131755008,2141192192,2138046464,2119172096,2127560704,2145386496,2143289344,2123366400,2132541440,2134900736,9193116180
2135949312,2136997888,2133852160,2118123520,2126512128,2143289344,2140143616,2121269248,2131230720,2132803584,9193133069
2123366400,2151677952,2155872256,2129657856,2125463552,2142240768,2140143616,2119172096,2140143616,2131755008,9193149069
2132803584,2141192192,2143289344,2110783488,2124414976,2141192192,2138046464,2117074944,2132017152,2130182144,9193165069
2127560704,2144337920,2144337920,2112880640,2122317824,2139095040,2135949312,2114977792,2132279296,2128084992,9193181091
2112880640,2147483648,2139095040,2127560704,2121269248,2139095040,2133852160,2113929216,2131755008,2127036416,9193197091
2130706432,2133852160,2136997888,2104492032,2120220672,2138046464,2133852160,2111832064,2126512128,2125987840,9193213093
2114977792,2146435072,2144337920,2121269248,2119172096,2138046464,2132803584,2110783488,2131755008,2125201408,9193229093
2125463552,2129657856,2126512128,2104492032,2119172096,2135949312,2130706432,2108686336,2121531392,2123628544,9193245114
2110783488,2147483648,2135949312,2122317824,2119172096,2134900736,2130706432,2107637760,2129133568,2123104256,9193261113
2124414976,2139095040,2132803584,2107637760,2118123520,2135949312,2130706432,2108686336,2125987840,2123366400,9193277113
2124414976,2145386496,2135949312,2116026368,2119172096,2134900736,2129657856,2107637760,2130444288,2122842112,9193293113
2126512128,2127560704,2122317824,2101346304,2118123520,2134900736,2130706432,2106589184,2119434240,2122579968,9193309134
2126512128,2136997888,2128609280,2103443456,2118123520,2134900736,2130706432,2107637760,2123890688,2122842112,9193325134
2116026368,2149580800,2143289344,2120220672,2118123520,2134900736,2131755008,2107637760,2132279296,2123104256,9193341135
2116026368,2147483648,2142240768,2116026368,2120220672,2135949312,2131755008,2109734912,2130444288,2124414976,9193357136
2119172096,2132803584,2128609280,2106589184,2120220672,2136997888,2131755008,2110783488,2121793536,2124939264,9193373157
2125463552,2131755008,2124414976,2105540608,2121269248,2136997888,2133852160,2111832064,2121793536,2125987840,9193389155
2113929216,2134900736,2130706432,2113929216,2121269248,2139095040,2134900736,2113929216,2123366400,2127298560,9193405157
2129657856,2131755008,2129657856,2108686336,2122317824,2140143616,2135949312,2114977792,2124939264,2128347136,9193421157
2130706432,2144337920,2140143616,2110783488,2123366400,2141192192,2138046464,2117074944,2131492864,2129920000,9193437176
2129657856,2146435072,2140143616,2113929216,2124414976,2142240768,2139095040,2119172096,2132541440,2131230720,9193453175
2120220672,2139095040,2138046464,2120220672,2125463552,2144337920,2141192192,2121269248,2129395712,2133065728,9193470069
2118123520,2149580800,2141192192,2129657856,2127560704,2146435072,2142240768,2125463552,2134638592,2135425024,9193486069
2126512128,2156920832,2155872256,2133852160,2129657856,2146435072,2144337920,2126512128,2143289344,2136735744,9193502069
2126512128,2161115136,2156920832,2136997888,2130706432,2147483648,2146435072,2128609280,2145386496,2138308608,9193518069
2123366400,2147483648,2141192192,2126512128,2131755008,2149580800,2148532224,2130706432,2134638592,2140143616,9193534092
2129657856,2147483648,2143289344,2130706432,2132803584,2151677952,2149580800,2132803584,2137784320,2141716480,9193550092
2144337920,2146435072,2146435072,2126512128,2135949312,2152726528,2151677952,2134900736,2140930048,2143813632,9193566092
2143289344,2146435072,2159017984,2131755008,2135949312,2154823680,2152726528,2138046464,2145124352,2145386496,9193582091
2136997888,2160066560,2165309440,2140143616,2136997888,2154823680,2154823680,2140143616,2150629376,2146697216,9193598113
2139095040,2166358016,2163212288,2144337920,2139095040,2156920832,2155872256,2141192192,2153250816,2148270080,9193614115
2146435072,2149580800,2148532224,2131755008,2139095040,2157969408,2156920832,2142240768,2144075776,2149056512,9193630113
2134900736,2150629376,2151677952,2140143616,2139095040,2159017984,2159017984,2144337920,2144337920,2150367232,9193646112
2141192192,2159017984,2168455168,2140143616,2139095040,2160066560,2159017984,2146435072,2152202240,2151153664,9193662135
2135949312,2170552320,2171600896,2151677952,2140143616,2160066560,2159017984,2146435072,2157445120,2151415808,9193678135
2146435072,2154823680,2152726528,2143289344,2141192192,2159017984,2160066560,2146435072,2149318656,2151677952,9193694136
2134900736,2162163712,2155872256,2151677952,2142240768,2160066560,2160066560,2146435072,2151153664,2152202240,9193710133
2152726528,2154823680,2153775104,2141192192,2142240768,2160066560,2160066560,2146435072,2150629376,2152202240,9193726155
2136997888,2171600896,2171600896,2152726528,2141192192,2160066560,2160066560,2147483648,2158231552,2152202240,9193742157
2146435072,2152726528,2152726528,2141192192,2141192192,2160066560,2161115136,2146435072,2148270080,2152202240,9193758155
2154823680,2150629376,2153775104,2136997888,2141192192,2160066560,2159017984,2145386496,2149056512,2151415808,9193774153
2152726528,2151677952,2151677952,2135949312,2140143616,2157969408,2159017984,2144337920,2148007936,2150367232,9193790176
2149580800,2159017984,2156920832,2139095040,2139095040,2157969408,2156920832,2142240768,2151153664,2149056512,9193807069
2143289344,2165309440,2160066560,2142240768,2138046464,2156920832,2155872256,2140143616,2152726528,2147745792,9193823069
2144337920,2150629376,2147483648,2134900736,2136997888,2155872256,2154823680,2139095040,2144337920,2146697216,9193839069
2127560704,2165309440,2161115136,2150629376,2135949312,2153775104,2153775104,2136997888,2151153664,2145124352,9193855069
2129657856,2164260864,2163212288,2147483648,2134900736,2152726528,2151677952,2134900736,2151153664,2143551488,9193871092
2131755008,2146435072,2147483648,2129657856,2133852160,2150629376,2149580800,2132803584,2138832896,2141716480,9193887091
2133852160,2145386496,2143289344,2124414976,2131755008,2150629376,2147483648,2131755008,2136735744,2140405760,9193903091
2126512128,2162163712,2157969408,2139095040,2130706432,2148532224,2146435072,2128609280,2146435072,2138570752,9193919093
2136997888,2140143616,2138046464,2119172096,2129657856,2147483648,2145386496,2125463552,2133590016,2136997888,9193935114
2127560704,2140143616,2139095040,2120220672,2128609280,2145386496,2142240768,2123366400,2131755008,2134900736,9193951113
2119172096,2155872256,2144337920,2136997888,2126512128,2143289344,2140143616,2122317824,2139095040,2133065728,9193967113
2131755008,2146435072,2144337920,2120220672,2125463552,2142240768,2139095040,2119172096,2135687168,2131492864,9193983115
2134900736,2136997888,2134900736,2112880640,2124414976,2141192192,2136997888,2117074944,2129920000,2129920000,9193999135
2125463552,2146435072,2145386496,2116026368,2122317824,2140143616,2136997888,2114977792,2133327872,2128609280,9194015134
2122317824,2146435072,2144337920,2121269248,2121269248,2139095040,2134900736,2113929216,2133590016,2127298560,9194031135
2120220672,2146435072,2142240768,2122317824,2120220672,2138046464,2132803584,2111832064,2132803584,2125725696,9194047136
2119172096,2129657856,2128609280,2105540608,2120220672,2135949312,2132803584,2109734912,2120744960,2124677120,9194063157
2120220672,2148532224,2140143616,2119172096,2119172096,2135949312,2130706432,2109734912,2132017152,2123890688,9194079156
2113929216,2142240768,2143289344,2118123520,2119172096,2134900736,2131755008,2107637760,2129395712,2123366400,9194095155
2117074944,2145386496,2139095040,2112880640,2118123520,2135949312,2130706432,2108686336,2128609280,2123366400,9194111158
2109734912,2147483648,2140143616,2121269248,2118123520,2135949312,2129657856,2107637760,2129657856,2122842112,9194127180
2110783488,2134900736,2136997888,2111832064,2119172096,2134900736,2130706432,2106589184,2123628544,2122842112,9194143177
2116026368,2135949312,2138046464,2105540608,2117074944,2135949312,2130706432,2108686336,2123890688,2123104256,9194160066
2118123520,2146435072,2140143616,2116026368,2119172096,2135949312,2129657856,2108686336,2130182144,2123366400,9194176066
2113929216,2146435072,2144337920,2120220672,2120220672,2135949312,2130706432,2108686336,2131230720,2123890688,9194192066
2119172096,2129657856,2122317824,2104492032,2120220672,2136997888,2132803584,2110783488,2118909952,2125201408,9194208091
2127560704,2129657856,2126512128,2103443456,2121269248,2136997888,2132803584,2112880640,2121793536,2125987840,9194224091
2113929216,2139095040,2130706432,2116026368,2122317824,2139095040,2133852160,2113929216,2124939264,2127298560,9194240093
2114977792,2142240768,2131755008,2122317824,2122317824,2140143616,2135949312,2116026368,2127822848,2128609280,9194256091
2133852160,2138046464,2130706432,2111832064,2123366400,2141192192,2138046464,2117074944,2128609280,2129920000,9194272115
2131755008,2147483648,2142240768,2121269248,2124414976,2143289344,2139095040,2120220672,2135687168,2131755008,9194288112
2132803584,2138046464,2132803584,2118123520,2126512128,2144337920,2141192192,2121269248,2130444288,2133327872,9194304113
2125463552,2151677952,2153775104,2129657856,2128609280,2145386496,2143289344,2124414976,2140143616,2135425024,9194320115
2124414976,2154823680,2154823680,2138046464,2128609280,2148532224,2145386496,2127560704,2143027200,2137522176,9194336136
2130706432,2154823680,2152726528,2134900736,2130706432,2148532224,2146435072,2128609280,2143289344,2138570752,9194352132
2144337920,2151677952,2142240768,2126512128,2131755008,2150629376,2148532224,2131755008,2141192192,2140667904,9194368136
2131755008,2162163712,2154823680,2136997888,2132803584,2151677952,2150629376,2133852160,2146435072,2142240768,9194384136
2128609280,2159017984,2160066560,2147483648,2134900736,2152726528,2150629376,2135949312,2148794368,2143551488,9194400155
2129657856,2156920832,2164260864,2142240768,2135949312,2154823680,2152726528,2138046464,2148270080,2145386496,9194416153
2128609280,2155872256,2155872256,2145386496,2136997888,2155872256,2154823680,2139095040,2146435072,2146697216,9194432155
2130706432,2165309440,2164260864,2152726528,2138046464,2156920832,2155872256,2142240768,2153250816,2148270080,9194448155
2149580800,2148532224,2149580800,2133852160,2138046464,2157969408,2156920832,2142240768,2145386496,2148794368,9194464177
2134900736,2167406592,2169503744,2154823680,2139095040,2159017984,2159017984,2144337920,2156658688,2150367232,9194480174
2141192192,2164260864,2163212288,2146435072,2140143616,2159017984,2159017984,2145386496,2153775104,2150891520,9194497066
2134900736,2171600896,2169503744,2156920832,2141192192,2160066560,2159017984,2146435072,2158231552,2151677952,9194513066
2151677952,2165309440,2152726528,2146435072,2142240768,2160066560,2160066560,2146435072,2154037248,2152202240,9194529066
2133852160,2174746624,2174746624,2161115136,2142240768,2160066560,2160066560,2147483648,2161115136,2152464384,9194545066
2147483648,2165309440,2161115136,2146435072,2141192192,2160066560,2161115136,2146435072,2155085824,2152202240,9194561091
2142240768,2150629376,2159017984,2142240768,2141192192,2160066560,2161115136,2146435072,2148532224,2152202240,9194577092
2134900736,2157969408,2154823680,2147483648,2141192192,2159017984,2160066560,2146435072,2148794368,2151677952,9194593091
2148532224,2153775104,2155872256,2138046464,2141192192,2159017984,2159017984,2144337920,2149056512,2150891520,9194609091
2148532224,2150629376,2150629376,2138046464,2140143616,2159017984,2157969408,2144337920,2146959360,2150367232,9194625113
2134900736,2172649472,2168455168,2151677952,2138046464,2159017984,2157969408,2143289344,2156920832,2149580800,9194641114
2131755008,2159017984,2150629376,2148532224,2138046464,2156920832,2155872256,2141192192,2147483648,2148007936,9194657113
2131755008,2159017984,2167406592,2140143616,2136997888,2155872256,2154823680,2140143616,2149580800,2146959360,9194673113
2133852160,2164260864,2166358016,2147483648,2135949312,2154823680,2153775104,2138046464,2152988672,2145648640,9194689136
2138046464,2144337920,2147483648,2127560704,2134900736,2153775104,2151677952,2134900736,2139357184,2143813632,9194705136
2140143616,2159017984,2150629376,2141192192,2133852160,2151677952,2149580800,2132803584,2147745792,2141978624,9194721135
2146435072,2142240768,2143289344,2121269248,2131755008,2149580800,2147483648,2130706432,2138308608,2139881472,9194737134
2141192192,2140143616,2141192192,2121269248,2131755008,2147483648,2146435072,2128609280,2135949312,2138570752,9194753156
2122317824,2152726528,2149580800,2135949312,2129657856,2146435072,2144337920,2126512128,2140143616,2136735744,9194769155
2122317824,2154823680,2159017984,2131755008,2128609280,2145386496,2143289344,2123366400,2141978624,2135162880,9194785158
2124414976,2153775104,2154823680,2128609280,2125463552,2144337920,2141192192,2122317824,2140405760,2133327872,9194801155
2129657856,2146435072,2141192192,2117074944,2124414976,2143289344,2139095040,2119172096,2133590016,2131492864,9194817182
2118123520,2143289344,2151677952,2124414976,2122317824,2141192192,2138046464,2117074944,2134376448,2129657856,9194834066
2116026368,2136997888,2133852160,2116026368,2122317824,2140143616,2134900736,2114977792,2125725696,2128084992,9194850066
2128609280,2142240768,2132803584,2116026368,2121269248,2140143616,2135949312,2113929216,2129920000,2127822848,9194866066
2121269248,2132803584,2125463552,2109734912,2120220672,2138046464,2132803584,2111832064,2122317824,2125725696,9194882066
2133852160,2128609280,2124414976,2102394880,2120220672,2136997888,2132803584,2110783488,2122317824,2125201408,9194898093
2116026368,2144337920,2144337920,2117074944,2118123520,2135949312,2131755008,2109734912,2130444288,2123890688,9194914091
2112880640,2147483648,2141192192,2119172096,2119172096,2135949312,2131755008,2109734912,2130182144,2124152832,9194930092
2110783488,2133852160,2135949312,2108686336,2118123520,2135949312,2130706432,2108686336,2122317824,2123366400,9194946091
2130706432,2130706432,2124414976,2101346304,2119172096,2134900736,2129657856,2107637760,2121793536,2122842112,9194962113
2110783488,2134900736,2129657856,2111832064,2118123520,2135949312,2130706432,2108686336,2121793536,2123366400,9194978114
2119172096,2128609280,2123366400,2103443456,2119172096,2134900736,2130706432,2107637760,2118647808,2123104256,9194994112
2124414976,2140143616,2135949312,2103443456,2119172096,2135949312,2131755008,2109734912,2125987840,2124152832,9195010114
2119172096,2130706432,2125463552,2105540608,2119172096,2135949312,2131755008,2109734912,2120220672,2124152832,9195026136
2114977792,2146435072,2145386496,2111832064,2119172096,2138046464,2131755008,2111832064,2129657856,2125201408,9195042135
2125463552,2132803584,2135949312,2105540608,2121269248,2138046464,2133852160,2111832064,2124939264,2126249984,9195058136
2121269248,2131755008,2130706432,2106589184,2121269248,2139095040,2133852160,2113929216,2122579968,2127036416,9195074136
2116026368,2133852160,2133852160,2111832064,2123366400,2140143616,2135949312,2116026368,2123890688,2128871424,9195090156
2128609280,2135949312,2138046464,2112880640,2124414976,2141192192,2138046464,2117074944,2128871424,2130182144,9195106158
2132803584,2136997888,2132803584,2110783488,2124414976,2142240768,2139095040,2119172096,2128347136,2131230720,9195122155
2119172096,2136997888,2142240768,2117074944,2125463552,2143289344,2140143616,2122317824,2128871424,2132803584,9195138157
2133852160,2135949312,2133852160,2114977792,2127560704,2145386496,2142240768,2124414976,2129657856,2134900736,9195154179
2129657856,2151677952,2150629376,2128609280,2129657856,2147483648,2145386496,2126512128,2140143616,2137260032,9195170178
2123366400,2141192192,2143289344,2122317824,2130706432,2149580800,2146435072,2129657856,2132541440,2139095040,9195187066
2140143616,2139095040,2142240768,2121269248,2132803584,2150629376,2148532224,2131755008,2135687168,2140930048,9195203066
2126512128,2163212288,2159017984,2144337920,2132803584,2151677952,2150629376,2133852160,2148270080,2142240768,9195219066
2138046464,2144337920,2145386496,2127560704,2134900736,2151677952,2151677952,2134900736,2138832896,2143289344,9195235092
2130706432,2157969408,2164260864,2147483648,2135949312,2154823680,2152726528,2138046464,2150105088,2145386496,9195251092
2142240768,2147483648,2145386496,2131755008,2136997888,2155872256,2154823680,2139095040,2141716480,2146697216,9195267091
2143289344,2147483648,2150629376,2131755008,2138046464,2156920832,2156920832,2141192192,2143289344,2148270080,9195283091
2133852160,2149580800,2150629376,2135949312,2139095040,2157969408,2157969408,2143289344,2142502912,2149580800,9195299114
2133852160,2160066560,2153775104,2149580800,2139095040,2157969408,2157969408,2144337920,2149318656,2149842944,9195315112
2133852160,2164260864,2161115136,2152726528,2140143616,2160066560,2159017984,2145386496,2152988672,2151153664,9195331115
2132803584,2167406592,2166358016,2154823680,2141192192,2160066560,2159017984,2145386496,2155347968,2151415808,9195347113
2145386496,2155872256,2151677952,2141192192,2141192192,2161115136,2160066560,2146435072,2148532224,2152202240,9195363135
2141192192,2152726528,2152726528,2141192192,2141192192,2160066560,2162163712,2147483648,2146959360,2152726528,9195379133
2146435072,2153775104,2154823680,2143289344,2141192192,2160066560,2160066560,2146435072,2149580800,2151940096,9195395135
2144337920,2166358016,2169503744,2152726528,2141192192,2161115136,2160066560,2147483648,2158231552,2152464384,9195411136
2146435072,2153775104,2153775104,2142240768,2141192192,2159017984,2159017984,2146435072,2149056512,2151415808,9195427157
2136997888,2167406592,2172649472,2156920832,2140143616,2159017984,2160066560,2145386496,2158493696,2151153664,9195443156
2140143616,2151677952,2148532224,2141192192,2140143616,2159017984,2157969408,2143289344,2145386496,2150105088,9195459156
2131755008,2156920832,2163212288,2147483648,2138046464,2157969408,2156920832,2143289344,2149842944,2149056512,9195475158
2133852160,2172649472,2165309440,2152726528,2138046464,2155872256,2155872256,2141192192,2156134400,2147745792,9195491179
2130706432,2172649472,2165309440,2155872256,2136997888,2155872256,2153775104,2139095040,2156134400,2146435072,9195507175
2133852160,2148532224,2146435072,2131755008,2135949312,2154823680,2153775104,2138046464,2140143616,2145648640,9195524066
2128609280,2166358016,2164260864,2143289344,2134900736,2151677952,2150629376,2134900736,2150629376,2143027200,9195540066
2144337920,2145386496,2143289344,2127560704,2133852160,2151677952,2149580800,2133852160,2140143616,2142240768,9195556066
2125463552,2160066560,2153775104,2143289344,2131755008,2149580800,2148532224,2130706432,2145648640,2140143616,9195572066
2125463552,2147483648,2143289344,2132803584,2130706432,2147483648,2145386496,2127560704,2137260032,2137784320,9195588088
2121269248,2142240768,2147483648,2126512128,2129657856,2146435072,2144337920,2125463552,2134376448,2136473600,9195604088
2134900736,2149580800,2146435072,2129657856,2127560704,2145386496,2143289344,2123366400,2140143616,2134900736,9195620089
2122317824,2154823680,2152726528,2131755008,2126512128,2143289344,2140143616,2120220672,2140405760,2132541440,9195636088
2135949312,2135949312,2132803584,2112880640,2125463552,2142240768,2138046464,2119172096,2129395712,2131230720,9195652113
2127560704,2134900736,2129657856,2113929216,2124414976,2140143616,2136997888,2116026368,2126512128,2129395712,9195668113
2118123520,2142240768,2147483648,2123366400,2122317824,2140143616,2135949312,2114977792,2132803584,2128347136,9195684113
2129657856,2131755008,2127560704,2104492032,2122317824,2138046464,2133852160,2112880640,2123366400,2126774272,9195700112
2113929216,2139095040,2134900736,2118123520,2120220672,2138046464,2133852160,2111832064,2126512128,2125987840,9195716135
2110783488,2139095040,2130706432,2114977792,2119172096,2136997888,2131755008,2109734912,2123890688,2124414976,9195732138
2110783488,2143289344,2132803584,2124414976,2119172096,2136997888,2130706432,2110783488,2127822848,2124414976,9195748135
2124414976,2130706432,2123366400,2102394880,2119172096,2135949312,2130706432,2107637760,2120220672,2123366400,9195764133
2112880640,2138046464,2141192192,2113929216,2118123520,2134900736,2130706432,2107637760,2126512128,2122842112,9195780155
2127560704,2130706432,2122317824,2101346304,2119172096,2134900736,2129657856,2107637760,2120482816,2122842112,9195796156
2118123520,2151677952,2141192192,2119172096,2118123520,2134900736,2129657856,2107637760,2132541440,2122579968,9195812157
2110783488,2132803584,2123366400,2110783488,2118123520,2135949312,2130706432,2108686336,2119434240,2123366400,9195828156
2117074944,2145386496,2139095040,2114977792,2119172096,2134900736,2130706432,2107637760,2129133568,2123104256,9195844178
2128609280,2132803584,2138046464,2101346304,2119172096,2136997888,2131755008,2110783488,2125201408,2124677120,9195861067
2117074944,2130706432,2132803584,2105540608,2120220672,2135949312,2132803584,2110783488,2121531392,2124939264,9195877066
2113929216,2131755008,2128609280,2107637760,2121269248,2138046464,2133852160,2111832064,2120482816,2126249984,9195893066
2126512128,2145386496,2133852160,2117074944,2121269248,2139095040,2134900736,2112880640,2130706432,2127036416,9195909066
2124414976,2146435072,2144337920,2121269248,2123366400,2140143616,2136997888,2116026368,2134114304,2129133568,9195925089
2124414976,2146435072,2141192192,2118123520,2123366400,2141192192,2138046464,2118123520,2132541440,2130182144,9195941090
2119172096,2133852160,2134900736,2114977792,2125463552,2142240768,2139095040,2120220672,2125725696,2131755008,9195957088
2128609280,2135949312,2136997888,2114977792,2126512128,2144337920,2141192192,2122317824,2129133568,2133590016,9195973089
2129657856,2139095040,2134900736,2118123520,2126512128,2146435072,2144337920,2125463552,2130444288,2135687168,9195989116
2138046464,2146435072,2138046464,2119172096,2128609280,2146435072,2144337920,2126512128,2135425024,2136473600,9196005113
2128609280,2143289344,2138046464,2122317824,2130706432,2148532224,2146435072,2128609280,2133065728,2138570752,9196021112
2123366400,2160066560,2155872256,2143289344,2132803584,2149580800,2147483648,2131755008,2145648640,2140405760,9196037113
2125463552,2147483648,2147483648,2133852160,2132803584,2151677952,2150629376,2133852160,2138570752,2142240768,9196053135
2142240768,2145386496,2143289344,2128609280,2134900736,2152726528,2151677952,2135949312,2139881472,2143813632,9196069136
2143289344,2149580800,2148532224,2134900736,2135949312,2153775104,2152726528,2138046464,2144075776,2145124352,9196085133
2134900736,2163212288,2163212288,2144337920,2136997888,2155872256,2154823680,2140143616,2151415808,2146959360,9196101135
2147483648,2161115136,2160066560,2138046464,2138046464,2157969408,2156920832,2141192192,2151677952,2148532224,9196117157
2146435072,2152726528,2149580800,2135949312,2140143616,2157969408,2157969408,2142240768,2146172928,2149580800,9196133157
2138046464,2151677952,2152726528,2139095040,2140143616,2159017984,2157969408,2144337920,2145386496,2150367232,9196149154
2149580800,2159017984,2165309440,2139095040,2141192192,2160066560,2159017984,2145386496,2153250816,2151415808,9196165154
2143289344,2167406592,2166358016,2153775104,2141192192,2160066560,2159017984,2146435072,2157707264,2151677952,9196181177
2138046464,2152726528,2153775104,2143289344,2142240768,2160066560,2161115136,2145386496,2146959360,2152202240,9196197178
2148532224,2152726528,2152726528,2140143616,2141192192,2160066560,2160066560,2147483648,2148532224,2152202240,9196214066
2149580800,2155872256,2161115136,2141192192,2141192192,2160066560,2160066560,2146435072,2151940096,2151940096,9196230066
2145386496,2162163712,2168455168,2146435072,2141192192,2160066560,2159017984,2145386496,2155610112,2151415808,9196246066
2133852160,2161115136,2161115136,2149580800,2140143616,2160066560,2160066560,2145386496,2151415808,2151415808,9196262089
2151677952,2153775104,2160066560,2136997888,2140143616,2157969408,2159017984,2144337920,2150629376,2150367232,9196278088
2149580800,2167406592,2154823680,2146435072,2139095040,2159017984,2159017984,2144337920,2154561536,2150367232,9196294089
2134900736,2167406592,2168455168,2154823680,2139095040,2157969408,2157969408,2143289344,2156396544,2149580800,9196310090
2132803584,2155872256,2153775104,2141192192,2138046464,2156920832,2155872256,2141192192,2145910784,2148007936,9196326115
2130706432,2168455168,2166358016,2153775104,2136997888,2155872256,2154823680,2139095040,2154823680,2146697216,9196342113
2141192192,2163212288,2159017984,2140143616,2135949312,2154823680,2153775104,2138046464,2150891520,2145648640,9196358114
2132803584,2161115136,2161115136,2146435072,2133852160,2152726528,2151677952,2134900736,2150367232,2143289344,9196374114
2126512128,2157969408,2149580800,2147483648,2132803584,2151677952,2148532224,2133852160,2145386496,2141716480,9196390134
2145386496,2144337920,2144337920,2122317824,2132803584,2149580800,2148532224,2129657856,2139095040,2140143616,9196406134
2131755008,2146435072,2153775104,2126512128,2130706432,2147483648,2146435072,2127560704,2139619328,2138046464,9196422133
2122317824,2151677952,2147483648,2134900736,2129657856,2146435072,2143289344,2126512128,2139095040,2136473600,9196438136
2122317824,2147483648,2147483648,2130706432,2127560704,2144337920,2142240768,2123366400,2136997888,2134376448,9196454155
2132803584,2139095040,2134900736,2117074944,2126512128,2143289344,2141192192,2121269248,2130968576,2133065728,9196470157
2138046464,2136997888,2133852160,2113929216,2125463552,2142240768,2139095040,2118123520,2130706432,2131230720,9196486156
2132803584,2143289344,2133852160,2110783488,2124414976,2141192192,2136997888,2117074944,2130182144,2129920000,9196502158
2118123520,2148532224,2150629376,2125463552,2122317824,2139095040,2135949312,2114977792,2135687168,2128084992,9196518176
2123366400,2131755008,2131755008,2106589184,2121269248,2138046464,2134900736,2112880640,2123366400,2126774272,9196534175
2120220672,2134900736,2126512128,2109734912,2120220672,2136997888,2132803584,2111832064,2122842112,2125463552,9196551067
2112880640,2132803584,2130706432,2108686336,2120220672,2136997888,2132803584,2109734912,2121269248,2124939264,9196567066
2129657856,2128609280,2125463552,2103443456,2119172096,2135949312,2130706432,2109734912,2121793536,2123890688,9196583067
2132803584,2128609280,2125463552,2101346304,2118123520,2134900736,2131755008,2108686336,2122055680,2123366400,9196599066
2121269248,2142240768,2133852160,2110783488,2118123520,2135949312,2130706432,2108686336,2127036416,2123366400,9196615088
2124414976,2138046464,2134900736,2111832064,2118123520,2134900736,2129657856,2107637760,2127298560,2122579968,9196631089
2120220672,2145386496,2133852160,2113929216,2118123520,2134900736,2130706432,2107637760,2128347136,2122842112,9196647089
2110783488,2135949312,2139095040,2113929216,2119172096,2134900736,2130706432,2108686336,2124939264,2123366400,9196663087
2120220672,2125463552,2122317824,2103443456,2118123520,2135949312,2131755008,2109734912,2117861376,2123890688,9196679114
2124414976,2128609280,2123366400,2104492032,2119172096,2135949312,2131755008,2109734912,2120220672,2124152832,9196695113
2121269248,2127560704,2125463552,2102394880,2119172096,2136997888,2131755008,2111832064,2119172096,2124939264,9196711113
2123366400,2131755008,2129657856,2103443456,2121269248,2138046464,2133852160,2112880640,2122055680,2126512128,9196727112
2117074944,2146435072,2145386496,2116026368,2121269248,2139095040,2134900736,2113929216,2131230720,2127298560,9196743136
2126512128,2146435072,2140143616,2118123520,2123366400,2140143616,2135949312,2116026368,2132803584,2128871424,9196759136
2136997888,2143289344,2131755008,2112880640,2124414976,2141192192,2136997888,2118123520,2131230720,2130182144,9196775135
2130706432,2133852160,2132803584,2112880640,2124414976,2143289344,2140143616,2120220672,2127560704,2132017152,9196791133
2131755008,2133852160,2132803584,2113929216,2126512128,2144337920,2141192192,2122317824,2128084992,2133590016,9196807157
2138046464,2142240768,2133852160,2117074944,2128609280,2145386496,2142240768,2123366400,2132803584,2134900736,9196823157
2127560704,2153775104,2150629376,2136997888,2128609280,2147483648,2144337920,2127560704,2142240768,2136997888,9196839156
2133852160,2143289344,2138046464,2122317824,2129657856,2148532224,2145386496,2128609280,2134376448,2138046464,9196855154
2125463552,2147483648,2143289344,2130706432,2132803584,2149580800,2147483648,2130706432,2136735744,2140143616,9196871179
2145386496,2142240768,2143289344,2124414976,2132803584,2150629376,2149580800,2133852160,2138832896,2141716480,9196888066
2144337920,2145386496,2145386496,2128609280,2135949312,2153775104,2150629376,2136997888,2140930048,2144337920,9196904066
2144337920,2147483648,2146435072,2127560704,2135949312,2154823680,2152726528,2138046464,2141454336,2145386496,9196920066
2131755008,2153775104,2149580800,2142240768,2136997888,2155872256,2155872256,2140143616,2144337920,2147221504,9196936066
2142240768,2147483648,2150629376,2131755008,2138046464,2156920832,2155872256,2141192192,2143027200,2148007936,9196952088
2142240768,2148532224,2149580800,2135949312,2140143616,2156920832,2156920832,2142240768,2144075776,2149056512,9196968088
2131755008,2166358016,2164260864,2155872256,2140143616,2159017984,2159017984,2144337920,2154561536,2150629376,9196984088
2135949312,2153775104,2153775104,2144337920,2140143616,2159017984,2160066560,2145386496,2146959360,2151153664,9197000089
2134900736,2154823680,2156920832,2151677952,2141192192,2159017984,2159017984,2146435072,2149580800,2151415808,9197016111
2133852160,2168455168,2166358016,2157969408,2141192192,2161115136,2160066560,2147483648,2156658688,2152464384,9197032110
2139095040,2172649472,2172649472,2153775104,2141192192,2161115136,2161115136,2147483648,2159542272,2152726528,9197048111
2155872256,2155872256,2156920832,2140143616,2142240768,2160066560,2161115136,2146435072,2152202240,2152464384,9197064112
2134900736,2170552320,2172649472,2154823680,2142240768,2160066560,2160066560,2145386496,2158231552,2151940096,9197080134
2134900736,2159017984,2161115136,2148532224,2142240768,2159017984,2157969408,2145386496,2150891520,2151153664,9197096137
2148532224,2152726528,2152726528,2140143616,2141192192,2159017984,2159017984,2145386496,2148532224,2151153664,9197112133
2132803584,2156920832,2154823680,2149580800,2140143616,2159017984,2159017984,2144337920,2148532224,2150629376,9197128134
2133852160,2150629376,2153775104,2135949312,2138046464,2157969408,2157969408,2143289344,2143551488,2149318656,9197144156
2129657856,2160066560,2153775104,2151677952,2138046464,2156920832,2156920832,2141192192,2148794368,2148270080,9197160157
2151677952,2151677952,2148532224,2131755008,2136997888,2155872256,2154823680,2139095040,2145910784,2146697216,9197176155
2130706432,2153775104,2153775104,2139095040,2135949312,2154823680,2153775104,2138046464,2144337920,2145648640,9197192156
2135949312,2147483648,2147483648,2130706432,2134900736,2152726528,2150629376,2134900736,2140405760,2143289344,9197208177
2136997888,2161115136,2159017984,2138046464,2133852160,2150629376,2149580800,2132803584,2148794368,2141716480,9197224179
2143289344,2144337920,2146435072,2126512128,2131755008,2149580800,2148532224,2130706432,2140143616,2140143616,9197241067
2126512128,2147483648,2144337920,2130706432,2129657856,2148532224,2145386496,2128609280,2137260032,2138046464,9197257066
2133852160,2139095040,2141192192,2119172096,2129657856,2146435072,2143289344,2125463552,2133327872,2136211456,9197273067
2138046464,2138046464,2136997888,2119172096,2127560704,2144337920,2142240768,2124414976,2133065728,2134638592,9197289089
2127560704,2146435072,2144337920,2117074944,2126512128,2143289344,2140143616,2120220672,2133852160,2132541440,9197305088
2119172096,2154823680,2151677952,2132803584,2124414976,2142240768,2139095040,2119172096,2139619328,2131230720,9197321088
2136997888,2146435072,2141192192,2120220672,2123366400,2141192192,2138046464,2117074944,2136211456,2129920000,9197337090
2134900736,2141192192,2129657856,2107637760,2122317824,2140143616,2135949312,2114977792,2128347136,2128347136,9197353113
2122317824,2144337920,2142240768,2121269248,2122317824,2138046464,2133852160,2113929216,2132541440,2127036416,9197369111
2130706432,2132803584,2138046464,2104492032,2121269248,2136997888,2132803584,2110783488,2126512128,2125463552,9197385113
2127560704,2129657856,2124414976,2103443456,2120220672,2135949312,2131755008,2109734912,2121269248,2124414976,9197401111
2125463552,2125463552,2125463552,2103443456,2119172096,2135949312,2131755008,2108686336,2119958528,2123890688,9197417136
2130706432,2129657856,2126512128,2103443456,2118123520,2135949312,2130706432,2109734912,2122579968,2123628544,9197433133
2110783488,2144337920,2134900736,2120220672,2118123520,2135949312,2130706432,2108686336,2127560704,2123366400,9197449136
2110783488,2139095040,2123366400,2113929216,2118123520,2135949312,2129657856,2108686336,2121793536,2123104256,9197465134
2109734912,2136997888,2139095040,2113929216,2118123520,2134900736,2130706432,2107637760,2124939264,2122842112,9197481156
2119172096,2143289344,2136997888,2114977792,2118123520,2135949312,2130706432,2108686336,2128609280,2123366400,9197497157
2125463552,2127560704,2124414976,2100297728,2119172096,2135949312,2130706432,2108686336,2119434240,2123628544,9197513156
2124414976,2128609280,2124414976,2103443456,2119172096,2135949312,2131755008,2108686336,2120220672,2123890688,9197529158
2128609280,2129657856,2127560704,2105540608,2120220672,2136997888,2132803584,2110783488,2122842112,2125201408,9197545178
2118123520,2144337920,2143289344,2119172096,2120220672,2136997888,2133852160,2111832064,2131230720,2125725696,9197561177
2118123520,2148532224,2148532224,2125463552,2122317824,2139095040,2134900736,2113929216,2135162880,2127560704,9197578066
2114977792,2147483648,2147483648,2125463552,2122317824,2139095040,2135949312,2114977792,2133852160,2128084992,9197594066
2126512128,2145386496,2142240768,2121269248,2124414976,2142240768,2136997888,2118123520,2133852160,2130444288,9197610066
2118123520,2136997888,2134900736,2119172096,2124414976,2143289344,2139095040,2120220672,2127298560,2131755008,9197626066
2118123520,2138046464,2141192192,2120220672,2126512128,2144337920,2141192192,2121269248,2129395712,2133327872,9197642088
2134900736,2146435072,2143289344,2117074944,2127560704,2145386496,2142240768,2124414976,2135425024,2134900736,9197658088
2135949312,2140143616,2149580800,2119172096,2129657856,2146435072,2143289344,2126512128,2136211456,2136473600,9197674089
2123366400,2143289344,2141192192,2126512128,2129657856,2148532224,2147483648,2129657856,2133590016,2138832896,9197690087
2144337920,2146435072,2141192192,2124414976,2132803584,2150629376,2147483648,2131755008,2139095040,2140667904,9197706110
2124414976,2160066560,2152726528,2144337920,2132803584,2151677952,2150629376,2132803584,2145386496,2141978624,9197722111
2143289344,2146435072,2150629376,2126512128,2134900736,2153775104,2151677952,2135949312,2141716480,2144075776,9197738110
2127560704,2157969408,2149580800,2147483648,2135949312,2154823680,2152726528,2139095040,2145648640,2145648640,9197754110
2147483648,2148532224,2156920832,2131755008,2136997888,2155872256,2154823680,2140143616,2146172928,2146959360,9197770135
2130706432,2153775104,2157969408,2139095040,2138046464,2156920832,2155872256,2142240768,2145386496,2148270080,9197786135
2131755008,2165309440,2167406592,2150629376,2140143616,2156920832,2157969408,2143289344,2153775104,2149580800,9197802134
2142240768,2162163712,2166358016,2146435072,2140143616,2159017984,2157969408,2144337920,2154299392,2150367232,9197818135
2139095040,2168455168,2166358016,2151677952,2140143616,2160066560,2160066560,2145386496,2156396544,2151415808,9197834155
2154823680,2152726528,2152726528,2139095040,2141192192,2160066560,2159017984,2145386496,2149842944,2151415808,9197850156
2135949312,2160066560,2166358016,2147483648,2141192192,2160066560,2160066560,2147483648,2152464384,2152202240,9197866158
2152726528,2152726528,2154823680,2140143616,2142240768,2161115136,2161115136,2147483648,2150105088,2152988672,9197882155
2134900736,2166358016,2172649472,2155872256,2141192192,2160066560,2160066560,2146435072,2157445120,2151940096,9197898177
2154823680,2153775104,2152726528,2136997888,2142240768,2160066560,2160066560,2145386496,2149580800,2151940096,9197915066
2132803584,2156920832,2157969408,2144337920,2140143616,2159017984,2160066560,2145386496,2148007936,2151153664,9197931067
2149580800,2153775104,2152726528,2136997888,2141192192,2159017984,2157969408,2144337920,2148270080,2150629376,9197947066
2146435072,2151677952,2150629376,2139095040,2140143616,2157969408,2157969408,2143289344,2146959360,2149842944,9197963067
2134900736,2152726528,2151677952,2140143616,2139095040,2156920832,2156920832,2142240768,2144862208,2148794368,9197979088
2131755008,2151677952,2155872256,2143289344,2136997888,2155872256,2154823680,2141192192,2145648640,2147221504,9197995089
2144337920,2149580800,2148532224,2132803584,2136997888,2154823680,2153775104,2139095040,2143813632,2146172928,9198011088
2145386496,2145386496,2146435072,2127560704,2135949312,2153775104,2152726528,2135949312,2141192192,2144600064,9198027089
2145386496,2153775104,2150629376,2130706432,2134900736,2152726528,2151677952,2134900736,2145124352,2143551488,9198043110
2146435072,2145386496,2144337920,2127560704,2133852160,2150629376,2148532224,2132803584,2140930048,2141454336,9198059111
2139095040,2140143616,2141192192,2121269248,2132803584,2148532224,2147483648,2129657856,2135425024,2139619328,9198075110
2134900736,2143289344,2142240768,2123366400,2130706432,2147483648,2145386496,2127560704,2135949312,2137784320,9198091113
2135949312,2138046464,2135949312,2120220672,2129657856,2147483648,2143289344,2125463552,2132541440,2136473600,9198107134
2133852160,2142240768,2139095040,2120220672,2128609280,2145386496,2142240768,2123366400,2133852160,2134900736,9198123135
2136997888,2135949312,2133852160,2116026368,2126512128,2142240768,2140143616,2120220672,2130706432,2132279296,9198139136
2131755008,2134900736,2133852160,2114977792,2125463552,2143289344,2139095040,2119172096,2128871424,2131755008,9198155136
2116026368,2155872256,2142240768,2131755008,2123366400,2141192192,2138046464,2117074944,2136473600,2129920000,9198171155
2126512128,2144337920,2143289344,2112880640,2123366400,2140143616,2135949312,2114977792,2131755008,2128609280,9198187158
2126512128,2134900736,2128609280,2109734912,2122317824,2138046464,2134900736,2111832064,2124939264,2126774272,9198203155
2114977792,2148532224,2147483648,2123366400,2120220672,2138046464,2132803584,2111832064,2133590016,2125725696,9198219155
2110783488,2148532224,2135949312,2123366400,2119172096,2136997888,2131755008,2110783488,2129657856,2124677120,9198235177
2123366400,2146435072,2136997888,2113929216,2120220672,2135949312,2130706432,2108686336,2130182144,2123890688,9198251178
2122317824,2130706432,2124414976,2103443456,2119172096,2134900736,2130706432,2108686336,2120220672,2123366400,9198268066
2129657856,2129657856,2125463552,2103443456,2119172096,2134900736,2129657856,2107637760,2122055680,2122842112,9198284066
2129657856,2128609280,2123366400,2101346304,2118123520,2134900736,2130706432,2107637760,2120744960,2122842112,9198300066
2112880640,2146435072,2143289344,2113929216,2118123520,2135949312,2130706432,2108686336,2129133568,2123366400,9198316088
2122317824,2139095040,2132803584,2112880640,2118123520,2134900736,2130706432,2108686336,2126774272,2123104256,9198332090
2111832064,2145386496,2136997888,2122317824,2119172096,2134900736,2130706432,2108686336,2129133568,2123366400,9198348090
2113929216,2149580800,2141192192,2121269248,2119172096,2136997888,2131755008,2109734912,2131492864,2124414976,9198364089
2126512128,2131755008,2135949312,2106589184,2120220672,2136997888,2132803584,2110783488,2125201408,2125201408,9198380111
2132803584,2133852160,2125463552,2106589184,2121269248,2138046464,2132803584,2112880640,2124677120,2126249984,9198396109
2118123520,2148532224,2144337920,2124414976,2121269248,2139095040,2134900736,2114977792,2133852160,2127560704,9198412111
2116026368,2149580800,2144337920,2129657856,2122317824,2140143616,2136997888,2116026368,2134900736,2128871424,9198428110
2114977792,2138046464,2134900736,2114977792,2124414976,2141192192,2138046464,2118123520,2125725696,2130444288,9198444133
2130706432,2149580800,2142240768,2122317824,2125463552,2143289344,2140143616,2121269248,2136211456,2132541440,9198460131
2129657856,2139095040,2134900736,2116026368,2126512128,2144337920,2141192192,2122317824,2129920000,2133590016,9198476132
2140143616,2142240768,2135949312,2118123520,2128609280,2145386496,2142240768,2124414976,2134114304,2135162880,9198492132
2129657856,2139095040,2136997888,2119172096,2129657856,2146435072,2145386496,2125463552,2131230720,2136735744,9198508155
2125463552,2143289344,2138046464,2126512128,2130706432,2148532224,2146435072,2128609280,2133327872,2138570752,9198524153
2125463552,2142240768,2151677952,2128609280,2131755008,2150629376,2148532224,2131755008,2136997888,2140667904,9198540156
2139095040,2154823680,2146435072,2133852160,2133852160,2150629376,2149580800,2132803584,2143551488,2141716480,9198556157
2143289344,2145386496,2152726528,2125463552,2134900736,2153775104,2151677952,2135949312,2141716480,2144075776,9198572179
2129657856,2147483648,2153775104,2131755008,2136997888,2153775104,2152726528,2136997888,2140667904,2145124352,9198588177
2131755008,2166358016,2167406592,2146435072,2138046464,2155872256,2154823680,2140143616,2152988672,2147221504,9198605066
2131755008,2152726528,2147483648,2141192192,2138046464,2156920832,2155872256,2142240768,2143289344,2148270080,9198621066
2151677952,2162163712,2151677952,2138046464,2139095040,2157969408,2157969408,2143289344,2150891520,2149580800,9198637066
2133852160,2160066560,2168455168,2148532224,2140143616,2159017984,2159017984,2144337920,2152726528,2150629376,9198653066
2146435072,2150629376,2151677952,2138046464,2141192192,2159017984,2159017984,2145386496,2146697216,2151153664,9198669088
2136997888,2168455168,2174746624,2154823680,2141192192,2160066560,2159017984,2146435072,2158755840,2151677952,9198685090
2135949312,2152726528,2152726528,2142240768,2141192192,2160066560,2160066560,2147483648,2145910784,2152202240,9198701090
2131755008,2160066560,2166358016,2151677952,2141192192,2160066560,2161115136,2147483648,2152464384,2152464384,9198717088
2134900736,2159017984,2156920832,2150629376,2141192192,2159017984,2160066560,2146435072,2150367232,2151677952,9198733112
2150629376,2150629376,2152726528,2141192192,2141192192,2160066560,2160066560,2147483648,2148794368,2152202240,9198749112
2148532224,2151677952,2151677952,2138046464,2142240768,2159017984,2159017984,2144337920,2147483648,2151153664,9198765111
2150629376,2151677952,2150629376,2134900736,2140143616,2160066560,2159017984,2146435072,2146959360,2151415808,9198781111
2151677952,2150629376,2152726528,2138046464,2140143616,2159017984,2157969408,2144337920,2148270080,2150367232,9198797132
2139095040,2168455168,2167406592,2153775104,2138046464,2157969408,2157969408,2143289344,2157182976,2149318656,9198813133
2143289344,2151677952,2148532224,2136997888,2138046464,2155872256,2154823680,2141192192,2145124352,2147483648,9198829132
2127560704,2172649472,2162163712,2151677952,2136997888,2155872256,2154823680,2139095040,2153512960,2146697216,9198845131
2129657856,2168455168,2168455168,2153775104,2135949312,2154823680,2152726528,2138046464,2155085824,2145386496,9198861156
2127560704,2150629376,2147483648,2138046464,2134900736,2152726528,2150629376,2134900736,2140930048,2143289344,9198877155
2128609280,2155872256,2156920832,2140143616,2132803584,2151677952,2149580800,2133852160,2145386496,2141978624,9198893156
2131755008,2145386496,2141192192,2126512128,2131755008,2149580800,2147483648,2130706432,2136211456,2139881472,9198909155
2130706432,2156920832,2156920832,2138046464,2130706432,2148532224,2146435072,2128609280,2145648640,2138570752,9198925179
2122317824,2157969408,2151677952,2139095040,2128609280,2147483648,2143289344,2125463552,2142765056,2136211456,9198942066
2138046464,2144337920,2135949312,2117074944,2127560704,2145386496,2142240768,2124414976,2133852160,2134900736,9198958066
2136997888,2151677952,2134900736,2117074944,2125463552,2144337920,2141192192,2121269248,2135162880,2133065728,9198974066
2134900736,2146435072,2132803584,2116026368,2124414976,2142240768,2138046464,2119172096,2132541440,2130968576,9198990066
2119172096,2150629376,2138046464,2131755008,2123366400,2141192192,2138046464,2117074944,2134900736,2129920000,9199006091
2114977792,2141192192,2131755008,2122317824,2122317824,2139095040,2134900736,2114977792,2127560704,2127822848,9199022088
2116026368,2134900736,2134900736,2111832064,2122317824,2138046464,2133852160,2113929216,2124414976,2127036416,9199038088
2121269248,2131755008,2124414976,2108686336,2120220672,2136997888,2133852160,2111832064,2121531392,2125725696,9199054088
2116026368,2141192192,2145386496,2119172096,2120220672,2136997888,2132803584,2110783488,2130444288,2125201408,9199070113
2110783488,2148532224,2142240768,2124414976,2118123520,2135949312,2131755008,2108686336,2131492864,2123628544,9199086112
2111832064,2140143616,2141192192,2118123520,2119172096,2134900736,2130706432,2108686336,2127822848,2123366400,9199102111
2116026368,2147483648,2138046464,2117074944,2117074944,2135949312,2130706432,2108686336,2129657856,2123104256,9199118110
2131755008,2126512128,2123366400,2100297728,2118123520,2135949312,2130706432,2107637760,2120482816,2123104256,9199134133
2124414976,2141192192,2132803584,2109734912,2119172096,2134900736,2129657856,2107637760,2127036416,2122842112,9199150133
2126512128,2127560704,2131755008,2100297728,2119172096,2133852160,2130706432,2107637760,2121531392,2122842112,9199166131
2131755008,2128609280,2122317824,2103443456,2119172096,2135949312,2130706432,2108686336,2121531392,2123628544,9199182132
2111832064,2139095040,2129657856,2120220672,2119172096,2135949312,2131755008,2109734912,2125201408,2124152832,9199198157
2121269248,2130706432,2125463552,2105540608,2120220672,2136997888,2131755008,2110783488,2120744960,2124939264,9199214154
2129657856,2128609280,2124414976,2104492032,2120220672,2138046464,2132803584,2112880640,2121793536,2125987840,9199230156
2116026368,2149580800,2147483648,2126512128,2121269248,2140143616,2134900736,2113929216,2134900736,2127560704,9199246158
2118123520,2143289344,2140143616,2121269248,2123366400,2139095040,2134900736,2116026368,2130706432,2128347136,9199262181
2122317824,2150629376,2145386496,2119172096,2124414976,2142240768,2138046464,2117074944,2134376448,2130444288,9199278176
2117074944,2148532224,2134900736,2130706432,2125463552,2143289344,2139095040,2120220672,2132803584,2132017152,9199295066
2131755008,2150629376,2145386496,2123366400,2126512128,2144337920,2141192192,2121269248,2137784320,2133327872,9199311067
2126512128,2151677952,2153775104,2128609280,2128609280,2146435072,2144337920,2124414976,2140143616,2135949312,9199327066
2130706432,2152726528,2150629376,2133852160,2129657856,2146435072,2144337920,2126512128,2141978624,2136735744,9199343090
2136997888,2140143616,2138046464,2121269248,2130706432,2148532224,2146435072,2129657856,2134114304,2138832896,9199359089
2123366400,2163212288,2160066560,2143289344,2132803584,2150629376,2148532224,2131755008,2147483648,2140930048,9199375091
2146435072,2141192192,2142240768,2123366400,2133852160,2151677952,2150629376,2133852160,2138308608,2142502912,9199391090
2146435072,2149580800,2144337920,2128609280,2134900736,2153775104,2151677952,2135949312,2142240768,2144075776,9199407111
2141192192,2150629376,2155872256,2130706432,2135949312,2154823680,2153775104,2138046464,2144600064,2145648640,9199423110
2146435072,2149580800,2150629376,2130706432,2138046464,2156920832,2154823680,2140143616,2144337920,2147483648,9199439112
2140143616,2151677952,2152726528,2136997888,2139095040,2155872256,2155872256,2141192192,2145386496,2148007936,9199455113
2131755008,2170552320,2167406592,2154823680,2139095040,2157969408,2157969408,2143289344,2156134400,2149580800,9199471132
2133852160,2170552320,2169503744,2159017984,2140143616,2159017984,2159017984,2144337920,2158231552,2150629376,9199487131
2139095040,2173698048,2169503744,2152726528,2140143616,2159017984,2159017984,2145386496,2158755840,2150891520,9199503132
2140143616,2165309440,2173698048,2151677952,2141192192,2160066560,2160066560,2146435072,2157707264,2151940096,9199519134
2150629376,2152726528,2153775104,2138046464,2141192192,2160066560,2160066560,2146435072,2148794368,2151940096,9199535157
2135949312,2171600896,2171600896,2154823680,2141192192,2161115136,2160066560,2146435072,2158493696,2152202240,9199551151
2133852160,2156920832,2155872256,2148532224,2141192192,2161115136,2160066560,2147483648,2148794368,2152464384,9199567159
2143289344,2165309440,2169503744,2151677952,2141192192,2161115136,2160066560,2147483648,2157445120,2152464384,9199583154
2148532224,2151677952,2151677952,2138046464,2141192192,2159017984,2160066560,2145386496,2147483648,2151415808,9199599177
2147483648,2166358016,2160066560,2146435072,2140143616,2159017984,2159017984,2144337920,2155085824,2150629376,9199615173
2142240768,2151677952,2157969408,2138046464,2140143616,2157969408,2157969408,2143289344,2147483648,2149842944,9199632066
2141192192,2166358016,2166358016,2144337920,2139095040,2157969408,2157969408,2142240768,2154561536,2149318656,9199648066
2133852160,2169503744,2171600896,2149580800,2136997888,2156920832,2156920832,2142240768,2156134400,2148270080,9199664066
2130706432,2157969408,2163212288,2145386496,2136997888,2154823680,2154823680,2139095040,2149318656,2146435072,9199680066
2144337920,2146435072,2147483648,2132803584,2135949312,2153775104,2153775104,2136997888,2142765056,2145124352,9199696088
2129657856,2160066560,2157969408,2147483648,2134900736,2151677952,2151677952,2134900736,2148794368,2143289344,9199712088
2143289344,2146435072,2146435072,2127560704,2132803584,2150629376,2149580800,2132803584,2140930048,2141454336,9199728090
2142240768,2146435072,2140143616,2125463552,2131755008,2149580800,2146435072,2129657856,2138570752,2139357184,9199744088
2136997888,2140143616,2136997888,2121269248,2129657856,2148532224,2146435072,2128609280,2133852160,2138308608,9199760111
2134900736,2146435072,2150629376,2121269248,2128609280,2147483648,2144337920,2126512128,2138308608,2136735744,9199776110
2134900736,2146435072,2146435072,2121269248,2127560704,2144337920,2141192192,2122317824,2137260032,2133852160,9199792111
2138046464,2135949312,2136997888,2113929216,2126512128,2143289344,2141192192,2120220672,2131230720,2132803584,9199808109
2138046464,2139095040,2132803584,2111832064,2124414976,2143289344,2139095040,2119172096,2130444288,2131492864,9199824134
2117074944,2147483648,2139095040,2126512128,2123366400,2141192192,2138046464,2117074944,2132541440,2129920000,9199840133
2120220672,2134900736,2133852160,2109734912,2122317824,2140143616,2135949312,2113929216,2124677120,2128084992,9199856134
2132803584,2131755008,2128609280,2107637760,2122317824,2138046464,2134900736,2112880640,2125201408,2127036416,9199872130
2126512128,2149580800,2134900736,2116026368,2120220672,2136997888,2132803584,2111832064,2131755008,2125463552,9199888154
2114977792,2131755008,2130706432,2107637760,2119172096,2138046464,2132803584,2110783488,2121269248,2125201408,9199904153
2133852160,2129657856,2125463552,2101346304,2119172096,2134900736,2131755008,2109734912,2122579968,2123890688,9199920153
2113929216,2143289344,2141192192,2118123520,2119172096,2133852160,2131755008,2107637760,2129133568,2123104256,9199936151
2127560704,2129657856,2124414976,2101346304,2118123520,2134900736,2130706432,2108686336,2120744960,2123104256,9199952180
2110783488,2146435072,2141192192,2114977792,2118123520,2134900736,2129657856,2108686336,2128347136,2122842112,9199969067
2110783488,2147483648,2132803584,2122317824,2119172096,2134900736,2129657856,2107637760,2128347136,2122842112,9199985066
2111832064,2150629376,2142240768,2118123520,2118123520,2135949312,2130706432,2108686336,2130706432,2123366400,9200001067
2118123520,2145386496,2138046464,2118123520,2119172096,2134900736,2131755008,2109734912,2129920000,2123890688,9200017066
2112880640,2131755008,2131755008,2108686336,2119172096,2135949312,2130706432,2109734912,2121269248,2123890688,9200033090
2113929216,2146435072,2141192192,2123366400,2120220672,2138046464,2131755008,2110783488,2131230720,2125201408,9200049089
2127560704,2133852160,2135949312,2107637760,2120220672,2138046464,2133852160,2112880640,2126249984,2126249984,9200065090
2132803584,2132803584,2128609280,2105540608,2122317824,2139095040,2133852160,2113929216,2124939264,2127298560,9200081089
2128609280,2140143616,2140143616,2109734912,2123366400,2140143616,2136997888,2114977792,2129657856,2128871424,9200097113
2132803584,2133852160,2128609280,2110783488,2123366400,2141192192,2136997888,2117074944,2126512128,2129657856,9200113111
2117074944,2147483648,2141192192,2128609280,2125463552,2143289344,2140143616,2120220672,2133590016,2132279296,9200129112
2130706432,2144337920,2146435072,2118123520,2126512128,2145386496,2140143616,2122317824,2134900736,2133590016,9200145111
2119172096,2159017984,2150629376,2133852160,2128609280,2146435072,2143289344,2125463552,2140667904,2135949312,9200161133
2129657856,2139095040,2134900736,2119172096,2130706432,2145386496,2144337920,2125463552,2130706432,2136473600,9200177131
2122317824,2159017984,2150629376,2140143616,2130706432,2147483648,2146435072,2128609280,2143027200,2138308608,9200193132
2125463552,2147483648,2144337920,2130706432,2131755008,2150629376,2147483648,2131755008,2136997888,2140405760,9200209133
2133852160,2154823680,2155872256,2129657856,2132803584,2151677952,2149580800,2133852160,2143551488,2141978624,9200225153
2138046464,2147483648,2143289344,2130706432,2134900736,2152726528,2151677952,2135949312,2139881472,2143813632,9200241155
2128609280,2148532224,2147483648,2133852160,2136997888,2154823680,2153775104,2138046464,2139619328,2145910784,9200257151
2133852160,2149580800,2151677952,2136997888,2136997888,2154823680,2154823680,2140143616,2143027200,2146697216,9200273155
2134900736,2167406592,2166358016,2150629376,2138046464,2156920832,2155872256,2142240768,2154823680,2148270080,9200289177
2131755008,2165309440,2172649472,2150629376,2139095040,2157969408,2157969408,2143289344,2155085824,2149580800,9200305175
2139095040,2168455168,2167406592,2146435072,2139095040,2159017984,2159017984,2144337920,2155347968,2150367232,9200322066
2138046464,2155872256,2151677952,2143289344,2140143616,2160066560,2159017984,2145386496,2147221504,2151153664,9200338066
2146435072,2151677952,2151677952,2139095040,2141192192,2160066560,2160066560,2146435072,2147221504,2151940096,9200354066
2150629376,2166358016,2155872256,2146435072,2141192192,2160066560,2161115136,2147483648,2154823680,2152464384,9200370089
2147483648,2153775104,2161115136,2141192192,2142240768,2160066560,2160066560,2146435072,2150891520,2152202240,9200386089
2146435072,2153775104,2153775104,2139095040,2142240768,2159017984,2160066560,2146435072,2148270080,2151940096,9200402089
2133852160,2156920832,2152726528,2147483648,2142240768,2160066560,2159017984,2146435072,2147745792,2151940096,9200418090
2143289344,2168455168,2168455168,2148532224,2140143616,2160066560,2160066560,2146435072,2157182976,2151677952,9200434111
2151677952,2151677952,2153775104,2135949312,2141192192,2159017984,2159017984,2145386496,2148270080,2151153664,9200450110
2134900736,2171600896,2171600896,2152726528,2140143616,2159017984,2157969408,2143289344,2157707264,2150105088,9200466111
2143289344,2162163712,2156920832,2143289344,2139095040,2157969408,2155872256,2143289344,2151415808,2149056512,9200482113
2131755008,2159017984,2164260864,2148532224,2139095040,2156920832,2154823680,2141192192,2150891520,2148007936,9200498132
2142240768,2151677952,2147483648,2131755008,2136997888,2154823680,2153775104,2139095040,2143289344,2146172928,9200514130
2131755008,2154823680,2164260864,2144337920,2135949312,2153775104,2152726528,2136997888,2148794368,2144862208,9200530131
2128609280,2160066560,2155872256,2147483648,2134900736,2153775104,2150629376,2134900736,2148007936,2143551488,9200546132
2125463552,2152726528,2151677952,2139095040,2132803584,2151677952,2149580800,2132803584,2142240768,2141716480,9200562154
2142240768,2153775104,2146435072,2129657856,2132803584,2148532224,2147483648,2129657856,2143027200,2139619328,9200578152
2132803584,2143289344,2139095040,2124414976,2130706432,2147483648,2145386496,2127560704,2134900736,2137784320,9200594153
2123366400,2147483648,2148532224,2129657856,2129657856,2146435072,2143289344,2125463552,2137260032,2136211456,9200610152
2122317824,2142240768,2142240768,2125463552,2127560704,2145386496,2142240768,2123366400,2133065728,2134638592,9200626178
2120220672,2151677952,2150629376,2132803584,2126512128,2143289344,2141192192,2121269248,2138832896,2133065728,9200642175
2119172096,2147483648,2149580800,2125463552,2125463552,2142240768,2139095040,2119172096,2135425024,2131492864,9200659067
2130706432,2133852160,2129657856,2112880640,2123366400,2141192192,2136997888,2117074944,2126774272,2129657856,9200675066
2117074944,2133852160,2136997888,2110783488,2122317824,2140143616,2135949312,2114977792,2124677120,2128347136,9200691067
2121269248,2146435072,2145386496,2119172096,2120220672,2140143616,2133852160,2114977792,2133065728,2127298560,9200707066
2124414976,2130706432,2131755008,2104492032,2120220672,2136997888,2132803584,2111832064,2122842112,2125463552,9200723089
2110783488,2134900736,2128609280,2113929216,2119172096,2138046464,2131755008,2110783488,2122055680,2124939264,9200739089
2125463552,2129657856,2124414976,2104492032,2120220672,2135949312,2130706432,2108686336,2121007104,2123890688,9200755090
2125463552,2129657856,2123366400,2103443456,2119172096,2134900736,2130706432,2107637760,2120482816,2123104256,9200771088
2122317824,2146435072,2138046464,2119172096,2118123520,2135949312,2130706432,2108686336,2131492864,2123366400,9200787112
2109734912,2134900736,2124414976,2113929216,2118123520,2134900736,2129657856,2108686336,2120744960,2122842112,9200803112
2111832064,2130706432,2129657856,2102394880,2118123520,2135949312,2130706432,2107637760,2118647808,2123104256,9200819111
2110783488,2146435072,2136997888,2122317824,2118123520,2135949312,2130706432,2108686336,2129133568,2123366400,9200835111
2125463552,2125463552,2122317824,2100297728,2118123520,2135949312,2130706432,2108686336,2118385664,2123366400,9200851135
2131755008,2129657856,2124414976,2104492032,2120220672,2135949312,2130706432,2109734912,2122579968,2124152832,9200867132
2127560704,2143289344,2131755008,2112880640,2120220672,2138046464,2132803584,2110783488,2128871424,2125463552,9200883133
2112880640,2147483648,2136997888,2122317824,2121269248,2138046464,2133852160,2111832064,2129920000,2126249984,9200899130
2123366400,2146435072,2138046464,2117074944,2122317824,2138046464,2134900736,2112880640,2131230720,2127036416,9200915154
2116026368,2134900736,2130706432,2112880640,2123366400,2140143616,2135949312,2116026368,2123628544,2128871424,9200931154
2122317824,2146435072,2146435072,2126512128,2123366400,2141192192,2138046464,2118123520,2135425024,2130182144,9200947154
2134900736,2144337920,2136997888,2114977792,2125463552,2142240768,2139095040,2119172096,2132803584,2131492864,9200963153
2121269248,2138046464,2130706432,2116026368,2125463552,2145386496,2142240768,2123366400,2126512128,2134114304,9200979174
2132803584,2146435072,2146435072,2126512128,2129657856,2145386496,2143289344,2124414976,2138046464,2135687168,9200996066
2131755008,2152726528,2155872256,2132803584,2129657856,2147483648,2145386496,2126512128,2143289344,2137260032,9201012066
2124414976,2156920832,2143289344,2141192192,2130706432,2149580800,2145386496,2129657856,2141454336,2138832896,9201028066
2130706432,2146435072,2155872256,2127560704,2132803584,2150629376,2148532224,2131755008,2140143616,2140930048,9201044066
2127560704,2150629376,2148532224,2139095040,2132803584,2152726528,2150629376,2133852160,2141454336,2142502912,9201060088
2144337920,2154823680,2145386496,2127560704,2135949312,2153775104,2152726528,2135949312,2143027200,2144600064,9201076089
2132803584,2167406592,2164260864,2146435072,2135949312,2154823680,2153775104,2138046464,2152726528,2145648640,9201092088
2129657856,2168455168,2157969408,2153775104,2136997888,2155872256,2154823680,2140143616,2152464384,2146959360,9201108089
2131755008,2154823680,2154823680,2141192192,2138046464,2157969408,2156920832,2142240768,2145648640,2148794368,9201124110
2133852160,2168455168,2164260864,2152726528,2138046464,2159017984,2157969408,2144337920,2154823680,2149842944,9201140110
2133852160,2160066560,2154823680,2149580800,2139095040,2159017984,2157969408,2145386496,2149580800,2150367232,9201156110
2132803584,2168455168,2163212288,2155872256,2141192192,2159017984,2159017984,2145386496,2155085824,2151153664,9201172111
2143289344,2167406592,2167406592,2151677952,2141192192,2160066560,2160066560,2145386496,2157445120,2151677952,9201188132
2141192192,2170552320,2165309440,2149580800,2141192192,2160066560,2159017984,2146435072,2156658688,2151677952,9201204132
2142240768,2167406592,2170552320,2146435072,2142240768,2159017984,2160066560,2146435072,2156658688,2151940096,9201220130
2135949312,2155872256,2154823680,2144337920,2141192192,2161115136,2160066560,2146435072,2147745792,2152202240,9201236134
2135949312,2156920832,2156920832,2145386496,2142240768,2160066560,2160066560,2146435072,2148794368,2152202240,9201252152
2151677952,2154823680,2156920832,2143289344,2141192192,2160066560,2159017984,2145386496,2151677952,2151415808,9201268154
2152726528,2154823680,2153775104,2135949312,2141192192,2159017984,2160066560,2145386496,2149318656,2151415808,9201284150
2131755008,2169503744,2163212288,2162163712,2140143616,2157969408,2157969408,2144337920,2156658688,2150105088,9201300153
2151677952,2152726528,2150629376,2134900736,2139095040,2156920832,2157969408,2142240768,2147483648,2149056512,9201316175
2145386496,2149580800,2149580800,2134900736,2136997888,2156920832,2155872256,2141192192,2144862208,2147745792,9201332174
2128609280,2160066560,2157969408,2149580800,2136997888,2154823680,2154823680,2139095040,2149056512,2146435072,9201349066
2128609280,2159017984,2153775104,2147483648,2135949312,2153775104,2152726528,2136997888,2147221504,2144862208,9201365066
2144337920,2146435072,2146435072,2128609280,2134900736,2152726528,2150629376,2134900736,2141454336,2143289344,9201381067
2130706432,2161115136,2162163712,2138046464,2132803584,2151677952,2149580800,2133852160,2148007936,2141978624,9201397091
2128609280,2152726528,2163212288,2138046464,2131755008,2149580800,2148532224,2129657856,2145648640,2139881472,9201413090
2124414976,2162163712,2157969408,2143289344,2130706432,2147483648,2146435072,2127560704,2146959360,2138046464,9201429090
2122317824,2147483648,2141192192,2130706432,2129657856,2146435072,2144337920,2125463552,2135425024,2136473600,9201445089
2123366400,2147483648,2150629376,2131755008,2127560704,2144337920,2142240768,2122317824,2138308608,2134114304,9201461111
2129657856,2150629376,2146435072,2129657856,2125463552,2144337920,2140143616,2121269248,2139095040,2132803584,9201477111
2119172096,2140143616,2143289344,2118123520,2125463552,2142240768,2139095040,2118123520,2130182144,2131230720,9201493111
2127560704,2135949312,2131755008,2111832064,2122317824,2141192192,2138046464,2117074944,2126774272,2129657856,9201509111
2118123520,2148532224,2147483648,2125463552,2122317824,2140143616,2135949312,2116026368,2134900736,2128609280,9201525132
2116026368,2143289344,2144337920,2120220672,2121269248,2139095040,2134900736,2112880640,2130968576,2127036416,9201541131
2129657856,2130706432,2126512128,2104492032,2120220672,2138046464,2132803584,2111832064,2122842112,2125725696,9201557132
2113929216,2141192192,2140143616,2120220672,2120220672,2136997888,2132803584,2109734912,2128871424,2124939264,9201573135
2110783488,2146435072,2143289344,2121269248,2118123520,2135949312,2131755008,2109734912,2130444288,2123890688,9201589153
2114977792,2142240768,2140143616,2117074944,2119172096,2135949312,2130706432,2108686336,2128609280,2123628544,9201605151
2121269248,2131755008,2126512128,2103443456,2118123520,2135949312,2130706432,2108686336,2120744960,2123366400,9201621154
2129657856,2125463552,2133852160,2100297728,2118123520,2134900736,2129657856,2108686336,2122317824,2122842112,9201637154
2125463552,2130706432,2123366400,2101346304,2117074944,2134900736,2130706432,2108686336,2120220672,2122842112,9201653174
2122317824,2130706432,2124414976,2100297728,2118123520,2135949312,2130706432,2107637760,2119434240,2123104256,9201669174
2112880640,2130706432,2124414976,2104492032,2119172096,2134900736,2129657856,2108686336,2118123520,2123104256,9201686066
2117074944,2146435072,2144337920,2117074944,2119172096,2136997888,2131755008,2110783488,2131230720,2124677120,9201702066
2112880640,2133852160,2134900736,2113929216,2120220672,2136997888,2131755008,2110783488,2123890688,2124939264,9201718066
2116026368,2132803584,2130706432,2105540608,2120220672,2138046464,2133852160,2111832064,2121269248,2125987840,9201734066
2130706432,2132803584,2127560704,2105540608,2122317824,2139095040,2134900736,2113929216,2124152832,2127560704,9201750089
2127560704,2144337920,2140143616,2112880640,2123366400,2141192192,2136997888,2116026368,2131230720,2129395712,9201766090
2131755008,2146435072,2142240768,2114977792,2123366400,2143289344,2138046464,2119172096,2133852160,2130968576,9201782088
2128609280,2133852160,2130706432,2111832064,2126512128,2142240768,2139095040,2119172096,2126249984,2131755008,9201798088
2119172096,2149580800,2150629376,2130706432,2125463552,2145386496,2142240768,2123366400,2137522176,2134114304,9201814110
2135949312,2152726528,2142240768,2125463552,2128609280,2146435072,2143289344,2124414976,2139095040,2135687168,9201830111
2132803584,2143289344,2149580800,2120220672,2128609280,2148532224,2145386496,2127560704,2136473600,2137522176,9201846111
2143289344,2146435072,2146435072,2122317824,2130706432,2148532224,2147483648,2128609280,2139619328,2138832896,9201862110
2125463552,2157969408,2156920832,2141192192,2131755008,2150629376,2148532224,2131755008,2145386496,2140667904,9201878131
2125463552,2147483648,2153775104,2131755008,2134900736,2151677952,2149580800,2132803584,2139619328,2142240768,9201894134
2146435072,2145386496,2146435072,2127560704,2135949312,2152726528,2151677952,2135949312,2141454336,2144075776,9201910131
2145386496,2156920832,2146435072,2135949312,2136997888,2153775104,2152726528,2138046464,2146172928,2145386496,9201926132
2150629376,2146435072,2150629376,2129657856,2136997888,2155872256,2154823680,2141192192,2144337920,2147221504,9201942153
2129657856,2157969408,2152726528,2145386496,2138046464,2156920832,2155872256,2142240768,2146435072,2148270080,9201958154
2136997888,2151677952,2152726528,2139095040,2139095040,2157969408,2157969408,2143289344,2145124352,2149580800,9201974155
2134900736,2167406592,2170552320,2154823680,2140143616,2157969408,2159017984,2144337920,2156920832,2150367232,9201990151
2132803584,2162163712,2154823680,2151677952,2140143616,2159017984,2159017984,2145386496,2150367232,2150891520,9202006173
2152726528,2153775104,2154823680,2136997888,2141192192,2160066560,2161115136,2146435072,2149580800,2152202240,9202023066
2147483648,2168455168,2171600896,2152726528,2141192192,2161115136,2160066560,2147483648,2160066560,2152464384,9202039066
2153775104,2156920832,2153775104,2140143616,2142240768,2160066560,2160066560,2147483648,2151153664,2152464384,9202055066
2132803584,2167406592,2165309440,2159017984,2141192192,2160066560,2160066560,2146435072,2156134400,2151940096,9202071066
2140143616,2155872256,2156920832,2141192192,2142240768,2160066560,2160066560,2145386496,2148532224,2151940096,9202087089
2149580800,2151677952,2152726528,2138046464,2141192192,2159017984,2159017984,2144337920,2148007936,2150891520,9202103090
2150629376,2151677952,2153775104,2138046464,2140143616,2159017984,2159017984,2145386496,2148532224,2150891520,9202119088
2136997888,2152726528,2153775104,2139095040,2140143616,2157969408,2159017984,2143289344,2145648640,2150105088,9202135089
2135949312,2167406592,2166358016,2142240768,2138046464,2157969408,2156920832,2142240768,2152988672,2148794368,9202151111
2129657856,2156920832,2151677952,2148532224,2138046464,2156920832,2155872256,2141192192,2146697216,2148007936,9202167112
2148532224,2154823680,2148532224,2134900736,2136997888,2155872256,2153775104,2139095040,2146697216,2146435072,9202183109
2140143616,2148532224,2148532224,2136997888,2135949312,2153775104,2152726528,2136997888,2143551488,2144862208,9202199113
2130706432,2167406592,2161115136,2146435072,2135949312,2152726528,2151677952,2133852160,2151415808,2143551488,9202215134
2134900736,2144337920,2147483648,2127560704,2132803584,2151677952,2148532224,2133852160,2138570752,2141716480,9202231132
2128609280,2160066560,2157969408,2140143616,2130706432,2149580800,2147483648,2129657856,2146697216,2139357184,9202247131
2121269248,2161115136,2157969408,2138046464,2129657856,2148532224,2145386496,2127560704,2144600064,2137784320,9202263132
2131755008,2152726528,2151677952,2121269248,2129657856,2147483648,2144337920,2125463552,2139357184,2136735744,9202279155
2131755008,2139095040,2135949312,2118123520,2128609280,2144337920,2142240768,2123366400,2131230720,2134638592,9202295153
2132803584,2146435072,2146435072,2120220672,2125463552,2143289344,2140143616,2121269248,2136473600,2132541440,9202311151
2127560704,2136997888,2130706432,2116026368,2124414976,2143289344,2139095040,2119172096,2127822848,2131492864,9202327155
2138046464,2131755008,2132803584,2108686336,2123366400,2141192192,2136997888,2117074944,2127822848,2129657856,9202343177
2129657856,2134900736,2130706432,2107637760,2122317824,2139095040,2134900736,2114977792,2125725696,2127822848,9202359174
2114977792,2136997888,2132803584,2116026368,2120220672,2139095040,2133852160,2113929216,2125201408,2126774272,9202376066
2116026368,2140143616,2126512128,2119172096,2120220672,2138046464,2132803584,2111832064,2125463552,2125725696,9202392066
2132803584,2130706432,2127560704,2102394880,2120220672,2136997888,2131755008,2109734912,2123366400,2124677120,9202408066
2125463552,2127560704,2124414976,2103443456,2120220672,2134900736,2131755008,2108686336,2120220672,2123890688,9202424089
2111832064,2147483648,2143289344,2119172096,2119172096,2135949312,2129657856,2108686336,2130444288,2123366400,9202440087
2123366400,2130706432,2123366400,2102394880,2118123520,2134900736,2130706432,2107637760,2119958528,2122842112,9202456088
2128609280,2130706432,2123366400,2101346304,2118123520,2134900736,2129657856,2107637760,2121007104,2122579968,9202472088
2117074944,2146435072,2141192192,2113929216,2118123520,2135949312,2130706432,2108686336,2129657856,2123366400,9202488111
2128609280,2129657856,2129657856,2100297728,2119172096,2134900736,2129657856,2107637760,2122055680,2122842112,9202504110
2123366400,2127560704,2123366400,2100297728,2119172096,2134900736,2130706432,2107637760,2118647808,2123104256,9202520111
2114977792,2149580800,2144337920,2114977792,2119172096,2135949312,2131755008,2109734912,2130968576,2124152832,9202536113
2124414976,2130706432,2125463552,2102394880,2119172096,2138046464,2133852160,2110783488,2120744960,2125463552,9202552131
2113929216,2151677952,2144337920,2123366400,2121269248,2138046464,2133852160,2111832064,2133327872,2126249984,9202568130
2126512128,2130706432,2124414976,2105540608,2121269248,2139095040,2134900736,2113929216,2121793536,2127298560,9202584135
2126512128,2132803584,2127560704,2110783488,2123366400,2140143616,2135949312,2116026368,2124414976,2128871424,9202600132
2116026368,2151677952,2144337920,2130706432,2124414976,2141192192,2138046464,2117074944,2135687168,2130182144,9202616154
2119172096,2136997888,2135949312,2120220672,2125463552,2142240768,2140143616,2120220672,2128084992,2132017152,9202632150
2133852160,2144337920,2142240768,2116026368,2126512128,2145386496,2141192192,2123366400,2134114304,2134114304,9202648153
2126512128,2153775104,2153775104,2131755008,2128609280,2145386496,2143289344,2124414976,2141454336,2135425024,9202664154
2134900736,2138046464,2136997888,2119172096,2129657856,2147483648,2144337920,2126512128,2132279296,2136997888,9202680174
2123366400,2162163712,2155872256,2141192192,2130706432,2149580800,2147483648,2129657856,2145648640,2139357184,9202696172
2123366400,2160066560,2153775104,2145386496,2132803584,2150629376,2148532224,2131755008,2145648640,2140930048,9202713066
2130706432,2160066560,2162163712,2138046464,2133852160,2151677952,2150629376,2133852160,2147745792,2142502912,9202729066
2129657856,2147483648,2148532224,2131755008,2135949312,2152726528,2151677952,2135949312,2139357184,2144075776,9202745066
2132803584,2166358016,2165309440,2144337920,2135949312,2154823680,2153775104,2139095040,2152202240,2145910784,9202761066
2147483648,2150629376,2159017984,2133852160,2138046464,2154823680,2155872256,2140143616,2147745792,2147221504,9202777089
2147483648,2150629376,2157969408,2134900736,2138046464,2155872256,2155872256,2140143616,2147745792,2147483648,9202793088
2132803584,2155872256,2166358016,2145386496,2139095040,2156920832,2156920832,2143289344,2150105088,2149056512,9202809089
2133852160,2154823680,2156920832,2147483648,2140143616,2159017984,2159017984,2144337920,2148270080,2150629376,9202825087
2138046464,2153775104,2151677952,2141192192,2141192192,2160066560,2159017984,2145386496,2146172928,2151415808,9202841113
2150629376,2154823680,2163212288,2140143616,2141192192,2160066560,2160066560,2146435072,2152202240,2151940096,9202857111
2134900736,2172649472,2171600896,2159017984,2142240768,2160066560,2161115136,2146435072,2159542272,2152464384,9202873110
2135949312,2155872256,2154823680,2145386496,2142240768,2161115136,2160066560,2147483648,2148007936,2152726528,9202889111
2146435072,2152726528,2152726528,2141192192,2141192192,2160066560,2160066560,2146435072,2148270080,2151940096,9202905131
2149580800,2153775104,2154823680,2140143616,2140143616,2160066560,2160066560,2147483648,2149580800,2151940096,9202921133
2131755008,2173698048,2166358016,2159017984,2140143616,2160066560,2160066560,2146435072,2157707264,2151677952,9202937131
2134900736,2156920832,2151677952,2143289344,2141192192,2159017984,2159017984,2145386496,2146697216,2151153664,9202953131
2138046464,2166358016,2166358016,2146435072,2140143616,2159017984,2157969408,2144337920,2154299392,2150367232,9202969155
2132803584,2156920832,2154823680,2147483648,2139095040,2156920832,2156920832,2142240768,2148007936,2148794368,9202985154
2147483648,2148532224,2148532224,2134900736,2138046464,2156920832,2155872256,2141192192,2144862208,2148007936,9203001152
2131755008,2148532224,2151677952,2133852160,2136997888,2154823680,2154823680,2138046464,2141454336,2146172928,9203017151
2131755008,2164260864,2166358016,2147483648,2134900736,2154823680,2152726528,2136997888,2152464384,2144862208,9203033177
2128609280,2162163712,2166358016,2146435072,2133852160,2152726528,2151677952,2134900736,2150891520,2143289344,9203050066
2146435072,2146435072,2146435072,2126512128,2132803584,2151677952,2149580800,2133852160,2141454336,2141978624,9203066066
2126512128,2146435072,2152726528,2130706432,2131755008,2149580800,2147483648,2129657856,2139095040,2139619328,9203082066
2124414976,2142240768,2139095040,2125463552,2129657856,2147483648,2144337920,2127560704,2132803584,2137260032,9203098066
2134900736,2138046464,2139095040,2120220672,2128609280,2146435072,2143289344,2125463552,2133065728,2135949312,9203114090
2138046464,2135949312,2136997888,2114977792,2127560704,2144337920,2141192192,2123366400,2131492864,2134114304,9203130088
2122317824,2151677952,2151677952,2131755008,2126512128,2144337920,2140143616,2121269248,2139357184,2133065728,9203146088
2118123520,2139095040,2132803584,2119172096,2124414976,2142240768,2139095040,2119172096,2127298560,2131230720,9203162089
2127560704,2136997888,2134900736,2112880640,2123366400,2141192192,2136997888,2116026368,2128084992,2129395712,9203178110
2128609280,2134900736,2128609280,2109734912,2122317824,2140143616,2134900736,2114977792,2125463552,2128084992,9203194112
2127560704,2142240768,2138046464,2112880640,2120220672,2139095040,2134900736,2113929216,2130182144,2127036416,9203210111
2126512128,2142240768,2135949312,2108686336,2120220672,2139095040,2132803584,2112880640,2128347136,2126249984,9203226110
2120220672,2130706432,2128609280,2104492032,2120220672,2136997888,2131755008,2110783488,2121007104,2124939264,9203242132
2127560704,2132803584,2135949312,2104492032,2119172096,2135949312,2131755008,2109734912,2125201408,2124152832,9203258131
2116026368,2145386496,2146435072,2112880640,2118123520,2134900736,2130706432,2107637760,2130182144,2122842112,9203274133
2109734912,2136997888,2130706432,2111832064,2118123520,2134900736,2129657856,2107637760,2122317824,2122579968,9203290133
2127560704,2128609280,2123366400,2100297728,2118123520,2134900736,2129657856,2107637760,2119958528,2122579968,9203306153
2130706432,2127560704,2122317824,2101346304,2118123520,2135949312,2130706432,2108686336,2120482816,2123366400,9203322154
2110783488,2136997888,2130706432,2113929216,2118123520,2134900736,2130706432,2107637760,2123104256,2122842112,9203338152
2110783488,2134900736,2126512128,2111832064,2118123520,2135949312,2130706432,2108686336,2121007104,2123366400,9203354153
2114977792,2138046464,2142240768,2116026368,2120220672,2136997888,2131755008,2109734912,2127822848,2124677120,9203370177
2119172096,2146435072,2139095040,2120220672,2120220672,2136997888,2132803584,2110783488,2131230720,2125201408,9203386175
2130706432,2130706432,2126512128,2104492032,2121269248,2138046464,2133852160,2111832064,2123104256,2126249984,9203403066
2114977792,2138046464,2132803584,2116026368,2122317824,2139095040,2135949312,2113929216,2125463552,2127822848,9203419066
2114977792,2154823680,2144337920,2125463552,2123366400,2140143616,2135949312,2114977792,2134900736,2128609280,9203435066
2120220672,2150629376,2151677952,2127560704,2123366400,2142240768,2138046464,2118123520,2137522176,2130444288,9203451089
2133852160,2133852160,2131755008,2111832064,2125463552,2143289344,2140143616,2120220672,2127822848,2132279296,9203467090
2119172096,2147483648,2147483648,2130706432,2126512128,2144337920,2142240768,2122317824,2136211456,2133852160,9203483089
2134900736,2151677952,2145386496,2127560704,2128609280,2144337920,2142240768,2123366400,2139881472,2134638592,9203499089
2127560704,2155872256,2151677952,2136997888,2129657856,2147483648,2144337920,2126512128,2143027200,2136997888,9203515111
2123366400,2157969408,2155872256,2143289344,2130706432,2148532224,2146435072,2128609280,2145124352,2138570752,9203531110
2142240768,2143289344,2140143616,2123366400,2131755008,2150629376,2148532224,2131755008,2137260032,2140667904,9203547111
2130706432,2160066560,2162163712,2142240768,2133852160,2152726528,2150629376,2134900736,2148794368,2143027200,9203563111
2147483648,2145386496,2146435072,2127560704,2134900736,2153775104,2151677952,2136997888,2141716480,2144337920,9203579134
2131755008,2162163712,2162163712,2149580800,2135949312,2154823680,2152726528,2138046464,2151415808,2145386496,9203595131
2129657856,2153775104,2155872256,2141192192,2138046464,2154823680,2154823680,2140143616,2145124352,2146959360,9203611133
2132803584,2155872256,2151677952,2141192192,2138046464,2156920832,2156920832,2141192192,2145386496,2148270080,9203627132
2142240768,2149580800,2148532224,2134900736,2139095040,2157969408,2156920832,2143289344,2143813632,2149318656,9203643154
2146435072,2151677952,2151677952,2134900736,2140143616,2159017984,2159017984,2143289344,2146172928,2150367232,9203659152
2140143616,2163212288,2170552320,2146435072,2141192192,2159017984,2159017984,2145386496,2155085824,2151153664,9203675156
2148532224,2161115136,2163212288,2142240768,2141192192,2159017984,2160066560,2146435072,2153775104,2151677952,9203691154
2132803584,2168455168,2168455168,2160066560,2141192192,2160066560,2161115136,2146435072,2157445120,2152202240,9203707175
2139095040,2167406592,2174746624,2154823680,2142240768,2161115136,2161115136,2147483648,2159017984,2152988672,9203723176
2140143616,2172649472,2169503744,2157969408,2141192192,2161115136,2161115136,2147483648,2160066560,2152726528,9203740066
2134900736,2169503744,2168455168,2157969408,2141192192,2160066560,2161115136,2147483648,2157707264,2152464384,9203756066
2147483648,2152726528,2162163712,2138046464,2141192192,2160066560,2160066560,2146435072,2150105088,2151940096,9203772066
2146435072,2150629376,2150629376,2138046464,2140143616,2159017984,2159017984,2145386496,2146435072,2150891520,9203788066
2146435072,2153775104,2148532224,2139095040,2139095040,2159017984,2157969408,2144337920,2146959360,2150105088,9203804088
2132803584,2150629376,2151677952,2141192192,2139095040,2157969408,2156920832,2143289344,2144075776,2149318656,9203820088
2131755008,2157969408,2157969408,2149580800,2138046464,2156920832,2155872256,2141192192,2149318656,2148007936,9203836089
2144337920,2156920832,2151677952,2133852160,2135949312,2155872256,2153775104,2140143616,2146697216,2146435072,9203852089
2142240768,2148532224,2146435072,2131755008,2134900736,2154823680,2153775104,2138046464,2142240768,2145386496,9203868110
2141192192,2147483648,2143289344,2130706432,2132803584,2152726528,2151677952,2134900736,2140667904,2143027200,9203884111
2138046464,2143289344,2143289344,2126512128,2132803584,2151677952,2149580800,2132803584,2137784320,2141716480,9203900111
2138046464,2145386496,2141192192,2124414976,2131755008,2150629376,2147483648,2130706432,2137260032,2140143616,9203916110
2133852160,2140143616,2139095040,2121269248,2129657856,2148532224,2145386496,2128609280,2133590016,2138046464,9203932134
2133852160,2159017984,2146435072,2138046464,2129657856,2146435072,2144337920,2125463552,2144337920,2136473600,9203948133
2125463552,2139095040,2140143616,2122317824,2127560704,2144337920,2142240768,2123366400,2131755008,2134376448,9203964134
2122317824,2153775104,2148532224,2130706432,2126512128,2143289344,2139095040,2121269248,2138832896,2132541440,9203980131
2129657856,2135949312,2131755008,2113929216,2124414976,2142240768,2136997888,2119172096,2127822848,2130706432,9203996153
2129657856,2131755008,2128609280,2110783488,2123366400,2141192192,2135949312,2117074944,2125201408,2129395712,9204012154
2120220672,2151677952,2146435072,2121269248,2121269248,2140143616,2135949312,2114977792,2134900736,2128084992,9204028154
2128609280,2130706432,2128609280,2104492032,2121269248,2139095040,2133852160,2112880640,2123104256,2126774272,9204044151
2116026368,2151677952,2146435072,2120220672,2121269248,2136997888,2132803584,2111832064,2133590016,2125725696,9204060174
2109734912,2143289344,2135949312,2121269248,2119172096,2135949312,2131755008,2109734912,2127560704,2124152832,9204077067
2126512128,2133852160,2133852160,2102394880,2119172096,2136997888,2131755008,2109734912,2124152832,2124414976,9204093066
2110783488,2147483648,2134900736,2124414976,2118123520,2135949312,2130706432,2108686336,2129395712,2123366400,9204109066
2113929216,2147483648,2143289344,2119172096,2119172096,2134900736,2129657856,2107637760,2130968576,2122842112,9204125066
2108686336,2143289344,2126512128,2120220672,2118123520,2135949312,2130706432,2108686336,2124677120,2123366400,9204141091
2124414976,2142240768,2133852160,2110783488,2119172096,2135949312,2130706432,2108686336,2127822848,2123628544,9204157091
2117074944,2146435072,2140143616,2113929216,2117074944,2136997888,2131755008,2108686336,2129395712,2123628544,9204173088
2112880640,2135949312,2126512128,2113929216,2118123520,2135949312,2130706432,2108686336,2122317824,2123366400,9204189088
2112880640,2131755008,2122317824,2109734912,2120220672,2135949312,2131755008,2109734912,2119172096,2124414976,9204205111
2124414976,2130706432,2125463552,2102394880,2120220672,2136997888,2132803584,2110783488,2120744960,2125201408,9204221111
2125463552,2132803584,2127560704,2107637760,2120220672,2139095040,2133852160,2112880640,2123366400,2126512128,9204237110
2127560704,2138046464,2140143616,2106589184,2122317824,2139095040,2134900736,2113929216,2128084992,2127560704,9204253111
2125463552,2135949312,2130706432,2109734912,2123366400,2140143616,2136997888,2116026368,2125463552,2129133568,9204269133
2133852160,2133852160,2129657856,2109734912,2123366400,2142240768,2138046464,2118123520,2126774272,2130444288,9204285133
2124414976,2150629376,2151677952,2123366400,2125463552,2143289344,2140143616,2120220672,2137522176,2132279296,9204301132
2129657856,2135949312,2135949312,2113929216,2127560704,2144337920,2141192192,2121269248,2128871424,2133590016,9204317131
2120220672,2152726528,2140143616,2135949312,2128609280,2145386496,2142240768,2124414976,2137260032,2135162880,9204333155
2135949312,2140143616,2146435072,2121269248,2129657856,2146435072,2144337920,2126512128,2135949312,2136735744,9204349154
2122317824,2153775104,2147483648,2138046464,2130706432,2149580800,2147483648,2129657856,2140405760,2139357184,9204365154
2127560704,2160066560,2160066560,2143289344,2131755008,2150629376,2148532224,2131755008,2147745792,2140667904,9204381154
2125463552,2163212288,2155872256,2144337920,2133852160,2151677952,2150629376,2133852160,2147221504,2142502912,9204397176
2139095040,2160066560,2159017984,2138046464,2134900736,2153775104,2151677952,2135949312,2149056512,2144075776,9204413175
2128609280,2159017984,2157969408,2147483648,2136997888,2154823680,2152726528,2138046464,2148270080,2145648640,9204430066
2146435072,2146435072,2148532224,2131755008,2138046464,2155872256,2154823680,2140143616,2143289344,2147221504,9204446066
2131755008,2155872256,2164260864,2144337920,2139095040,2156920832,2156920832,2142240768,2149056512,2148794368,9204462066
2138046464,2149580800,2151677952,2136997888,2140143616,2157969408,2157969408,2142240768,2144075776,2149580800,9204478089
2132803584,2156920832,2153775104,2145386496,2140143616,2159017984,2157969408,2144337920,2147221504,2150367232,9204494089
2141192192,2169503744,2167406592,2152726528,2140143616,2161115136,2159017984,2147483648,2157707264,2151940096,9204510088
2133852160,2168455168,2169503744,2155872256,2142240768,2159017984,2160066560,2146435072,2156920832,2151940096,9204526088
2142240768,2168455168,2168455168,2151677952,2141192192,2160066560,2161115136,2146435072,2157707264,2152202240,9204542110
2133852160,2164260864,2155872256,2155872256,2141192192,2160066560,2161115136,2147483648,2152464384,2152464384,9204558110
2143289344,2171600896,2170552320,2152726528,2142240768,2160066560,2160066560,2145386496,2159542272,2151940096,9204574111
2140143616,2164260864,2169503744,2144337920,2142240768,2160066560,2160066560,2146435072,2154561536,2152202240,9204590113
2132803584,2164260864,2160066560,2153775104,2141192192,2157969408,2159017984,2145386496,2152726528,2150891520,9204606131
2134900736,2170552320,2169503744,2157969408,2140143616,2160066560,2159017984,2145386496,2158231552,2151153664,9204622132
2131755008,2165309440,2161115136,2150629376,2139095040,2159017984,2157969408,2144337920,2152202240,2150105088,9204638132
2145386496,2154823680,2161115136,2135949312,2138046464,2157969408,2156920832,2142240768,2149318656,2148794368,9204654133
2131755008,2153775104,2148532224,2143289344,2138046464,2155872256,2155872256,2141192192,2144337920,2147745792,9204670152
2131755008,2151677952,2147483648,2133852160,2138046464,2154823680,2154823680,2138046464,2141192192,2146435072,9204686152
2139095040,2163212288,2163212288,2138046464,2135949312,2153775104,2151677952,2136997888,2150891520,2144600064,9204702153
2130706432,2146435072,2151677952,2129657856,2134900736,2152726528,2150629376,2134900736,2139619328,2143289344,9204718154
2125463552,2150629376,2149580800,2135949312,2132803584,2151677952,2148532224,2132803584,2140405760,2141454336,9204734174
2130706432,2159017984,2161115136,2140143616,2129657856,2151677952,2148532224,2130706432,2147745792,2140143616,9204750170
2130706432,2159017984,2154823680,2138046464,2130706432,2147483648,2145386496,2127560704,2145648640,2137784320,9204767067
2135949312,2141192192,2139095040,2122317824,2128609280,2146435072,2143289344,2125463552,2134638592,2135949312,9204783066
2135949312,2148532224,2138046464,2129657856,2126512128,2145386496,2141192192,2123366400,2138046464,2134114304,9204799066
2124414976,2153775104,2155872256,2129657856,2126512128,2143289344,2139095040,2120220672,2140930048,2132279296,9204815066
2131755008,2144337920,2134900736,2116026368,2125463552,2142240768,2138046464,2118123520,2131755008,2130968576,9204831090
2118123520,2139095040,2136997888,2118123520,2123366400,2140143616,2136997888,2116026368,2128084992,2129133568,9204847089
2114977792,2139095040,2141192192,2118123520,2122317824,2139095040,2134900736,2113929216,2128347136,2127560704,9204863088
2124414976,2134900736,2130706432,2109734912,2122317824,2139095040,2133852160,2112880640,2124939264,2127036416,9204879089
2112880640,2139095040,2129657856,2116026368,2120220672,2136997888,2131755008,2111832064,2124414976,2125201408,9204895111
2126512128,2131755008,2126512128,2102394880,2120220672,2135949312,2131755008,2109734912,2121793536,2124414976,9204911111
2113929216,2152726528,2143289344,2118123520,2119172096,2135949312,2131755008,2108686336,2132017152,2123890688,9204927111
2113929216,2142240768,2143289344,2114977792,2119172096,2134900736,2130706432,2107637760,2128609280,2123104256,9204943109
2122317824,2138046464,2133852160,2101346304,2118123520,2135949312,2129657856,2108686336,2123890688,2123104256,9204959132
2111832064,2135949312,2124414976,2113929216,2118123520,2135949312,2130706432,2107637760,2121531392,2123104256,9204975131
2118123520,2138046464,2138046464,2106589184,2119172096,2134900736,2129657856,2107637760,2125201408,2122842112,9204991133
2127560704,2128609280,2123366400,2101346304,2118123520,2135949312,2130706432,2108686336,2120220672,2123366400,9205007131
2109734912,2149580800,2139095040,2117074944,2119172096,2136997888,2131755008,2109734912,2128871424,2124414976,9205023154
2132803584,2133852160,2124414976,2101346304,2119172096,2136997888,2131755008,2110783488,2123104256,2124677120,9205039153
2130706432,2129657856,2124414976,2103443456,2120220672,2138046464,2132803584,2110783488,2122055680,2125463552,9205055155
2113929216,2140143616,2143289344,2119172096,2121269248,2138046464,2133852160,2111832064,2129133568,2126249984,9205071150
2127560704,2146435072,2140143616,2117074944,2122317824,2139095040,2134900736,2113929216,2132803584,2127560704,9205087175
2121269248,2145386496,2146435072,2112880640,2123366400,2141192192,2136997888,2116026368,2131492864,2129395712,9205104066
2117074944,2150629376,2139095040,2132803584,2124414976,2141192192,2138046464,2118123520,2134900736,2130444288,9205120066
2118123520,2142240768,2140143616,2121269248,2125463552,2144337920,2139095040,2121269248,2130444288,2132541440,9205136066
2120220672,2139095040,2141192192,2119172096,2127560704,2144337920,2141192192,2122317824,2129920000,2133852160,9205152066
2139095040,2140143616,2144337920,2114977792,2129657856,2145386496,2143289344,2124414976,2134638592,2135687168,9205168089
2123366400,2162163712,2157969408,2135949312,2129657856,2147483648,2145386496,2127560704,2144862208,2137522176,9205184088
2127560704,2143289344,2140143616,2123366400,2131755008,2148532224,2146435072,2129657856,2133590016,2139095040,9205200088
2123366400,2161115136,2160066560,2143289344,2132803584,2150629376,2148532224,2131755008,2146959360,2140930048,9205216088
2129657856,2143289344,2147483648,2128609280,2133852160,2151677952,2150629376,2133852160,2137260032,2142502912,9205232110
2132803584,2160066560,2162163712,2142240768,2134900736,2154823680,2152726528,2136997888,2149318656,2144862208,9205248110
2129657856,2149580800,2151677952,2135949312,2135949312,2154823680,2153775104,2138046464,2141716480,2145648640,9205264109
2147483648,2147483648,2150629376,2129657856,2138046464,2155872256,2154823680,2139095040,2143813632,2146959360,9205280110
2148532224,2148532224,2150629376,2133852160,2139095040,2156920832,2156920832,2142240768,2145386496,2148794368,9205296131
2141192192,2163212288,2166358016,2149580800,2139095040,2157969408,2156920832,2143289344,2155085824,2149318656,9205312132
2138046464,2164260864,2171600896,2150629376,2139095040,2160066560,2159017984,2144337920,2156134400,2150629376,9205328129
2146435072,2151677952,2152726528,2139095040,2141192192,2160066560,2157969408,2145386496,2147483648,2151153664,9205344133
2143289344,2167406592,2162163712,2150629376,2141192192,2161115136,2160066560,2147483648,2155872256,2152464384,9205360153
2146435072,2151677952,2152726528,2141192192,2142240768,2160066560,2160066560,2146435072,2148007936,2152202240,9205376154
2133852160,2166358016,2165309440,2157969408,2141192192,2160066560,2161115136,2146435072,2155872256,2152202240,9205392151
2150629376,2153775104,2152726528,2141192192,2141192192,2161115136,2161115136,2147483648,2149580800,2152726528,9205408153
2135949312,2172649472,2173698048,2156920832,2140143616,2161115136,2160066560,2146435072,2159804416,2151940096,9205424174
2147483648,2169503744,2163212288,2149580800,2140143616,2160066560,2160066560,2146435072,2157445120,2151677952,9205440177
2144337920,2153775104,2151677952,2140143616,2140143616,2159017984,2159017984,2144337920,2147483648,2150629376,9205457067
2138046464,2165309440,2171600896,2150629376,2140143616,2159017984,2157969408,2144337920,2156396544,2150367232,9205473066
2151677952,2151677952,2151677952,2134900736,2139095040,2156920832,2156920832,2142240768,2147483648,2148794368,9205489067
2130706432,2152726528,2152726528,2141192192,2138046464,2155872256,2154823680,2140143616,2144337920,2147221504,9205505089
2131755008,2170552320,2168455168,2152726528,2136997888,2154823680,2154823680,2139095040,2155872256,2146435072,9205521090
2131755008,2148532224,2148532224,2133852160,2134900736,2153775104,2151677952,2136997888,2140667904,2144337920,9205537088
2126512128,2152726528,2154823680,2139095040,2134900736,2151677952,2150629376,2133852160,2143289344,2142765056,9205553089
2127560704,2159017984,2159017984,2142240768,2132803584,2151677952,2149580800,2132803584,2146959360,2141716480,9205569111
2135949312,2146435072,2155872256,2124414976,2130706432,2149580800,2147483648,2129657856,2140667904,2139357184,9205585111
2126512128,2165309440,2160066560,2136997888,2129657856,2148532224,2144337920,2127560704,2147221504,2137522176,9205601112
2139095040,2149580800,2138046464,2121269248,2128609280,2146435072,2144337920,2125463552,2136997888,2136211456,9205617111
2121269248,2144337920,2138046464,2125463552,2127560704,2144337920,2141192192,2123366400,2132279296,2134114304,9205633132
2134900736,2150629376,2146435072,2127560704,2125463552,2143289344,2140143616,2120220672,2139881472,2132279296,9205649132
2125463552,2149580800,2149580800,2125463552,2124414976,2142240768,2140143616,2118123520,2137522176,2131230720,9205665134
2117074944,2141192192,2148532224,2122317824,2123366400,2140143616,2136997888,2116026368,2132279296,2129133568,9205681132
2129657856,2130706432,2129657856,2106589184,2122317824,2139095040,2134900736,2114977792,2124152832,2127822848,9205697153
2117074944,2132803584,2129657856,2111832064,2121269248,2138046464,2133852160,2112880640,2122842112,2126512128,9205713154
2112880640,2147483648,2125463552,2125463552,2120220672,2136997888,2132803584,2110783488,2127822848,2125201408,9205729154
2126512128,2140143616,2133852160,2107637760,2120220672,2136997888,2131755008,2110783488,2127036416,2124939264,9205745153
2113929216,2146435072,2144337920,2114977792,2119172096,2135949312,2130706432,2108686336,2129920000,2123628544,9205761175
2110783488,2138046464,2136997888,2117074944,2118123520,2135949312,2130706432,2108686336,2125725696,2123366400,9205777172
2110783488,2129657856,2134900736,2104492032,2117074944,2134900736,2129657856,2108686336,2119958528,2122579968,9205794066
2111832064,2132803584,2132803584,2107637760,2118123520,2134900736,2130706432,2107637760,2121269248,2122842112,9205810066
2111832064,2140143616,2129657856,2117074944,2118123520,2135949312,2130706432,2108686336,2124677120,2123366400,9205826066
2110783488,2141192192,2132803584,2121269248,2118123520,2134900736,2129657856,2107637760,2126512128,2122579968,9205842066
2112880640,2134900736,2125463552,2111832064,2120220672,2135949312,2130706432,2108686336,2121269248,2123890688,9205858090
2126512128,2140143616,2129657856,2111832064,2119172096,2135949312,2132803584,2109734912,2127036416,2124414976,9205874089
2112880640,2139095040,2129657856,2116026368,2120220672,2136997888,2131755008,2111832064,2124414976,2125201408,9205890088
2134900736,2129657856,2128609280,2108686336,2122317824,2138046464,2132803584,2111832064,2125463552,2126249984,9205906089
2124414976,2144337920,2142240768,2118123520,2122317824,2139095040,2134900736,2113929216,2132279296,2127560704,9205922110
2124414976,2146435072,2145386496,2117074944,2123366400,2140143616,2136997888,2114977792,2133327872,2128871424,9205938111
2116026368,2135949312,2134900736,2113929216,2124414976,2141192192,2138046464,2117074944,2125201408,2130182144,9205954112
2117074944,2135949312,2139095040,2117074944,2126512128,2143289344,2139095040,2120220672,2127298560,2132279296,9205970110
2130706432,2146435072,2144337920,2117074944,2127560704,2144337920,2142240768,2122317824,2134638592,2134114304,9205986133
2123366400,2138046464,2133852160,2120220672,2128609280,2146435072,2143289344,2125463552,2128871424,2135949312,9206002132
2123366400,2163212288,2155872256,2141192192,2129657856,2147483648,2145386496,2127560704,2145910784,2137522176,9206018132
2143289344,2140143616,2142240768,2120220672,2130706432,2149580800,2146435072,2129657856,2136473600,2139095040,9206034130
2124414976,2151677952,2153775104,2139095040,2133852160,2149580800,2147483648,2130706432,2142240768,2140405760,9206050152
2133852160,2155872256,2154823680,2136997888,2132803584,2152726528,2150629376,2134900736,2145386496,2142765056,9206066153
2130706432,2163212288,2163212288,2144337920,2134900736,2152726528,2152726528,2136997888,2150367232,2144337920,9206082153
2127560704,2152726528,2149580800,2138046464,2136997888,2154823680,2153775104,2136997888,2141978624,2145648640,9206098151
2132803584,2161115136,2161115136,2148532224,2138046464,2155872256,2154823680,2140143616,2150891520,2147221504,9206114174
2134900736,2163212288,2166358016,2149580800,2138046464,2157969408,2155872256,2142240768,2153512960,2148532224,9206131066
2133852160,2153775104,2160066560,2142240768,2140143616,2157969408,2157969408,2143289344,2147483648,2149842944,9206147067
2132803584,2156920832,2152726528,2147483648,2140143616,2159017984,2159017984,2145386496,2147483648,2150891520,9206163066
2134900736,2155872256,2157969408,2143289344,2140143616,2159017984,2160066560,2145386496,2148007936,2151153664,9206179067
2151677952,2162163712,2154823680,2142240768,2141192192,2160066560,2159017984,2146435072,2152726528,2151677952,9206195089
2148532224,2152726528,2153775104,2138046464,2141192192,2160066560,2160066560,2146435072,2148270080,2151940096,9206211091
2134900736,2154823680,2152726528,2149580800,2141192192,2161115136,2160066560,2146435072,2148007936,2152202240,9206227088
2144337920,2152726528,2152726528,2140143616,2141192192,2161115136,2161115136,2147483648,2147483648,2152726528,9206243089
2133852160,2159017984,2164260864,2149580800,2141192192,2160066560,2159017984,2146435072,2151677952,2151677952,9206259111
2150629376,2153775104,2151677952,2141192192,2140143616,2159017984,2159017984,2145386496,2149318656,2150891520,9206275113
2145386496,2154823680,2152726528,2139095040,2141192192,2157969408,2157969408,2144337920,2148007936,2150367232,9206291111
2140143616,2170552320,2169503744,2149580800,2140143616,2157969408,2157969408,2143289344,2157445120,2149842944,9206307110
2147483648,2163212288,2154823680,2146435072,2139095040,2156920832,2156920832,2142240768,2152988672,2148794368,9206323132
2130706432,2157969408,2160066560,2147483648,2138046464,2155872256,2154823680,2140143616,2149056512,2147221504,9206339133
2142240768,2148532224,2147483648,2134900736,2136997888,2154823680,2152726528,2139095040,2143289344,2145910784,9206355133
2128609280,2151677952,2147483648,2135949312,2134900736,2152726528,2152726528,2135949312,2140930048,2144075776,9206371135
2136997888,2157969408,2157969408,2138046464,2133852160,2152726528,2150629376,2134900736,2147745792,2143027200,9206387153
2126512128,2155872256,2157969408,2143289344,2132803584,2150629376,2148532224,2131755008,2145910784,2140930048,9206403155
2136997888,2142240768,2139095040,2123366400,2130706432,2149580800,2146435072,2130706432,2135425024,2139357184,9206419152
2131755008,2154823680,2156920832,2127560704,2129657856,2148532224,2146435072,2128609280,2142765056,2138308608,9206435154
2122317824,2143289344,2147483648,2124414976,2128609280,2146435072,2142240768,2125463552,2134376448,2135687168,9206451174
2139095040,2146435072,2138046464,2125463552,2126512128,2145386496,2142240768,2124414976,2137260032,2134638592,9206467173
2129657856,2139095040,2133852160,2114977792,2126512128,2143289344,2139095040,2120220672,2129395712,2132279296,9206484066
2120220672,2157969408,2153775104,2130706432,2124414976,2142240768,2139095040,2118123520,2140667904,2130968576,9206500066
2130706432,2134900736,2133852160,2109734912,2123366400,2141192192,2136997888,2116026368,2127298560,2129395712,9206516066
2114977792,2147483648,2139095040,2122317824,2122317824,2140143616,2135949312,2114977792,2130968576,2128347136,9206532090
2126512128,2131755008,2127560704,2104492032,2122317824,2138046464,2133852160,2112880640,2122579968,2126774272,9206548087
2118123520,2132803584,2129657856,2107637760,2120220672,2136997888,2132803584,2110783488,2122055680,2125201408,9206564088
2118123520,2144337920,2142240768,2121269248,2120220672,2136997888,2132803584,2110783488,2131492864,2125201408,9206580089
2126512128,2129657856,2126512128,2104492032,2119172096,2135949312,2130706432,2109734912,2121793536,2123890688,9206596111
2113929216,2147483648,2143289344,2119172096,2118123520,2134900736,2130706432,2108686336,2130968576,2123104256,9206612110
2130706432,2127560704,2126512128,2101346304,2119172096,2134900736,2129657856,2107637760,2121531392,2122842112,9206628110
2125463552,2126512128,2123366400,2100297728,2118123520,2134900736,2130706432,2107637760,2118909952,2122842112,9206644110
2110783488,2147483648,2136997888,2121269248,2118123520,2134900736,2129657856,2107637760,2129133568,2122579968,9206660133
2126512128,2130706432,2123366400,2098200576,2118123520,2135949312,2129657856,2108686336,2119696384,2123104256,9206676131
2119172096,2129657856,2122317824,2104492032,2118123520,2135949312,2131755008,2109734912,2118909952,2123890688,9206692131
2114977792,2130706432,2125463552,2107637760,2119172096,2135949312,2131755008,2110783488,2119696384,2124414976,9206708132
2111832064,2143289344,2131755008,2122317824,2120220672,2136997888,2132803584,2111832064,2127298560,2125463552,9206724154
2126512128,2132803584,2125463552,2105540608,2121269248,2138046464,2133852160,2111832064,2122579968,2126249984,9206740151
2113929216,2135949312,2128609280,2114977792,2122317824,2140143616,2134900736,2114977792,2123366400,2128084992,9206756154
2133852160,2134900736,2129657856,2109734912,2123366400,2141192192,2135949312,2117074944,2127036416,2129395712,9206772154
2134900736,2138046464,2133852160,2111832064,2124414976,2141192192,2138046464,2118123520,2129657856,2130444288,9206788175
2117074944,2153775104,2147483648,2134900736,2125463552,2144337920,2140143616,2121269248,2138308608,2132803584,9206804172
2127560704,2139095040,2136997888,2118123520,2127560704,2144337920,2141192192,2122317824,2130444288,2133852160,9206821066
2121269248,2166358016,2154823680,2134900736,2127560704,2145386496,2143289344,2124414976,2144337920,2135162880,9206837067
2121269248,2148532224,2147483648,2130706432,2129657856,2147483648,2145386496,2127560704,2136997888,2137522176,9206853066
2127560704,2162163712,2157969408,2135949312,2130706432,2149580800,2147483648,2129657856,2145910784,2139357184,9206869066
2136997888,2145386496,2143289344,2124414976,2131755008,2149580800,2148532224,2131755008,2137522176,2140405760,9206885089
2144337920,2146435072,2146435072,2128609280,2133852160,2151677952,2150629376,2133852160,2141454336,2142502912,9206901090
2133852160,2147483648,2147483648,2130706432,2135949312,2153775104,2151677952,2135949312,2139881472,2144337920,9206917090
2147483648,2156920832,2152726528,2130706432,2135949312,2154823680,2153775104,2138046464,2146959360,2145648640,9206933089
2143289344,2163212288,2162163712,2145386496,2138046464,2155872256,2153775104,2140143616,2153512960,2146959360,9206949110
2135949312,2165309440,2163212288,2150629376,2139095040,2156920832,2156920832,2142240768,2153775104,2148794368,9206965112
2136997888,2163212288,2171600896,2150629376,2140143616,2157969408,2157969408,2143289344,2155610112,2149842944,9206981111
2146435072,2151677952,2149580800,2139095040,2140143616,2159017984,2159017984,2144337920,2146697216,2150629376,9206997110
2152726528,2161115136,2151677952,2138046464,2142240768,2159017984,2159017984,2145386496,2150891520,2151415808,9207013132
2147483648,2161115136,2163212288,2145386496,2140143616,2160066560,2160066560,2146435072,2154299392,2151677952,9207029134
2134900736,2162163712,2155872256,2149580800,2141192192,2161115136,2161115136,2147483648,2150629376,2152726528,9207045134
2132803584,2171600896,2164260864,2159017984,2142240768,2159017984,2160066560,2145386496,2156920832,2151677952,9207061131
2135949312,2155872256,2157969408,2143289344,2141192192,2161115136,2160066560,2147483648,2148270080,2152464384,9207077155
