2138046464,2143289344,2146435072,2122317824,2129657856,2147483648,2146435072,2126512128,2137522176,2137522176,9208168173
2138046464,2141192192,2138046464,2118123520,2129657856,2147483648,2146435072,2126512128,2133852160,2137522176,9208185067
2123366400,2151677952,2155872256,2134900736,2130706432,2147483648,2144337920,2127560704,2141454336,2137522176,9208201066
2122317824,2149580800,2149580800,2132803584,2129657856,2147483648,2145386496,2127560704,2138570752,2137522176,9208217067
2144337920,2140143616,2142240768,2119172096,2130706432,2147483648,2145386496,2127560704,2136473600,2137784320,9208233066
2130706432,2153775104,2153775104,2133852160,2130706432,2147483648,2145386496,2127560704,2143027200,2137784320,9208249090
2132803584,2152726528,2153775104,2127560704,2129657856,2148532224,2146435072,2127560704,2141716480,2138046464,9208265090
2140143616,2141192192,2136997888,2121269248,2129657856,2147483648,2145386496,2126512128,2134900736,2137260032,9208281088
2122317824,2160066560,2151677952,2141192192,2129657856,2147483648,2145386496,2127560704,2143813632,2137522176,9208297089
2138046464,2139095040,2136997888,2119172096,2129657856,2146435072,2144337920,2126512128,2133327872,2136735744,9208313113
2140143616,2141192192,2140143616,2121269248,2130706432,2147483648,2145386496,2126512128,2135687168,2137522176,9208329112
2132803584,2154823680,2146435072,2132803584,2129657856,2147483648,2145386496,2127560704,2141716480,2137522176,9208345111
2122317824,2160066560,2151677952,2136997888,2128609280,2145386496,2143289344,2125463552,2142765056,2135687168,9208361112
2135949312,2139095040,2134900736,2114977792,2126512128,2144337920,2141192192,2122317824,2131230720,2133590016,9208377134
2121269248,2151677952,2150629376,2130706432,2125463552,2142240768,2139095040,2120220672,2138570752,2131755008,9208393133
2135949312,2133852160,2133852160,2111832064,2124414976,2140143616,2138046464,2116026368,2128871424,2129657856,9208409132
2114977792,2147483648,2141192192,2124414976,2121269248,2140143616,2135949312,2116026368,2132017152,2128347136,9208425133
2122317824,2146435072,2146435072,2112880640,2121269248,2138046464,2132803584,2111832064,2132017152,2125987840,9208441154
2128609280,2130706432,2134900736,2104492032,2119172096,2136997888,2132803584,2111832064,2124677120,2125201408,9208457152
2111832064,2139095040,2138046464,2118123520,2118123520,2136997888,2130706432,2109734912,2126774272,2123890688,9208473153
2113929216,2146435072,2139095040,2121269248,2119172096,2135949312,2131755008,2108686336,2130182144,2123890688,9208489153
2124414976,2127560704,2123366400,2100297728,2119172096,2134900736,2129657856,2107637760,2118909952,2122842112,9208505175
2122317824,2140143616,2136997888,2104492032,2119172096,2133852160,2128609280,2106589184,2125987840,2122055680,9208521176
2125463552,2127560704,2122317824,2100297728,2118123520,2134900736,2130706432,2107637760,2118909952,2122842112,9208538066
2119172096,2142240768,2133852160,2113929216,2119172096,2134900736,2130706432,2107637760,2127298560,2123104256,9208554066
2111832064,2139095040,2134900736,2116026368,2118123520,2136997888,2132803584,2110783488,2125463552,2124677120,9208570066
2111832064,2141192192,2134900736,2120220672,2119172096,2139095040,2133852160,2111832064,2127036416,2125987840,9208586091
2117074944,2130706432,2132803584,2106589184,2122317824,2138046464,2133852160,2112880640,2121793536,2126774272,9208602088
2113929216,2131755008,2131755008,2108686336,2122317824,2140143616,2135949312,2114977792,2121531392,2128347136,9208618088
2116026368,2138046464,2133852160,2117074944,2124414976,2141192192,2136997888,2117074944,2126249984,2129920000,9208634090
2119172096,2138046464,2144337920,2119172096,2125463552,2142240768,2139095040,2119172096,2130182144,2131492864,9208650110
2119172096,2151677952,2150629376,2132803584,2127560704,2144337920,2141192192,2122317824,2138570752,2133852160,9208666110
2142240768,2135949312,2133852160,2113929216,2129657856,2146435072,2143289344,2125463552,2131492864,2136211456,9208682110
2129657856,2139095040,2142240768,2119172096,2130706432,2147483648,2146435072,2127560704,2132541440,2138046464,9208698112
2129657856,2159017984,2157969408,2135949312,2131755008,2150629376,2147483648,2130706432,2145648640,2140143616,9208714134
2144337920,2145386496,2142240768,2124414976,2132803584,2151677952,2149580800,2133852160,2139095040,2141978624,9208730130
2146435072,2144337920,2143289344,2127560704,2134900736,2152726528,2151677952,2135949312,2140405760,2143813632,9208746133
2132803584,2164260864,2164260864,2144337920,2135949312,2155872256,2153775104,2139095040,2151415808,2146172928,9208762133
2129657856,2166358016,2160066560,2153775104,2138046464,2155872256,2154823680,2141192192,2152464384,2147483648,9208778153
2151677952,2148532224,2151677952,2133852160,2139095040,2157969408,2156920832,2143289344,2146435072,2149318656,9208794153
2144337920,2152726528,2151677952,2139095040,2140143616,2159017984,2157969408,2144337920,2146959360,2150367232,9208810153
2140143616,2172649472,2164260864,2150629376,2140143616,2160066560,2160066560,2145386496,2156920832,2151415808,9208826153
2135949312,2153775104,2155872256,2145386496,2141192192,2160066560,2160066560,2145386496,2147745792,2151677952,9208842173
2144337920,2151677952,2152726528,2143289344,2141192192,2160066560,2161115136,2146435072,2148007936,2152202240,9208858174
2146435072,2150629376,2151677952,2141192192,2141192192,2160066560,2160066560,2146435072,2147483648,2151940096,9208875067
2133852160,2174746624,2170552320,2162163712,2142240768,2160066560,2159017984,2147483648,2160328704,2152202240,9208891066
2142240768,2153775104,2152726528,2143289344,2141192192,2159017984,2160066560,2145386496,2148007936,2151415808,9208907067
2131755008,2164260864,2155872256,2155872256,2141192192,2157969408,2157969408,2144337920,2151940096,2150367232,9208923066
2135949312,2167406592,2165309440,2152726528,2140143616,2157969408,2157969408,2143289344,2155347968,2149842944,9208939090
2147483648,2162163712,2161115136,2144337920,2139095040,2156920832,2156920832,2141192192,2153775104,2148532224,9208955090
2147483648,2159017984,2162163712,2143289344,2136997888,2155872256,2153775104,2140143616,2152988672,2146697216,9208971089
2147483648,2154823680,2146435072,2132803584,2135949312,2153775104,2152726528,2136997888,2145386496,2144862208,9208987089
2130706432,2164260864,2168455168,2146435072,2133852160,2152726528,2150629376,2134900736,2152464384,2143027200,9209003110
2135949312,2153775104,2155872256,2127560704,2132803584,2150629376,2148532224,2131755008,2143289344,2140930048,9209019112
2126512128,2148532224,2156920832,2130706432,2130706432,2148532224,2146435072,2128609280,2140667904,2138570752,9209035111
2124414976,2157969408,2159017984,2139095040,2129657856,2146435072,2143289344,2125463552,2145124352,2136211456,9209051110
2131755008,2151677952,2149580800,2127560704,2126512128,2146435072,2143289344,2123366400,2140143616,2134900736,9209067132
2118123520,2159017984,2149580800,2132803584,2125463552,2143289344,2140143616,2120220672,2139881472,2132279296,9209083132
2119172096,2149580800,2149580800,2132803584,2124414976,2141192192,2138046464,2118123520,2137784320,2130444288,9209099134
2123366400,2134900736,2132803584,2111832064,2123366400,2140143616,2135949312,2116026368,2125725696,2128871424,9209115130
2129657856,2132803584,2128609280,2108686336,2122317824,2138046464,2133852160,2112880640,2124939264,2126774272,9209131153
2116026368,2136997888,2143289344,2114977792,2120220672,2138046464,2133852160,2111832064,2127822848,2125987840,9209147152
2117074944,2150629376,2142240768,2113929216,2119172096,2136997888,2130706432,2110783488,2130968576,2124414976,9209163155
2112880640,2134900736,2133852160,2110783488,2119172096,2136997888,2131755008,2108686336,2123104256,2124152832,9209179152
2110783488,2146435072,2140143616,2121269248,2118123520,2135949312,2129657856,2108686336,2129657856,2123104256,9209195174
2119172096,2129657856,2122317824,2103443456,2118123520,2134900736,2129657856,2108686336,2118647808,2122842112,9209212066
2122317824,2141192192,2134900736,2108686336,2119172096,2135949312,2130706432,2107637760,2126774272,2123366400,9209228066
2111832064,2130706432,2123366400,2105540608,2118123520,2135949312,2130706432,2108686336,2117861376,2123366400,9209244066
2111832064,2134900736,2128609280,2113929216,2119172096,2135949312,2131755008,2109734912,2122317824,2124152832,9209260066
2110783488,2133852160,2126512128,2109734912,2119172096,2135949312,2131755008,2109734912,2120220672,2124152832,9209276088
2113929216,2143289344,2130706432,2122317824,2121269248,2138046464,2132803584,2112880640,2127560704,2126249984,9209292090
2122317824,2138046464,2144337920,2109734912,2122317824,2138046464,2134900736,2113929216,2128609280,2127298560,9209308087
2133852160,2143289344,2128609280,2108686336,2122317824,2140143616,2136997888,2116026368,2128609280,2128871424,9209324091
2132803584,2131755008,2130706432,2108686336,2125463552,2142240768,2139095040,2118123520,2125987840,2131230720,9209340112
2133852160,2145386496,2135949312,2114977792,2126512128,2144337920,2140143616,2121269248,2132541440,2133065728,9209356111
2129657856,2135949312,2135949312,2116026368,2128609280,2145386496,2142240768,2124414976,2129395712,2135162880,9209372110
2132803584,2141192192,2136997888,2120220672,2129657856,2147483648,2144337920,2127560704,2132803584,2137260032,9209388110
2138046464,2153775104,2144337920,2128609280,2130706432,2149580800,2147483648,2130706432,2141192192,2139619328,9209404132
2142240768,2146435072,2141192192,2123366400,2133852160,2150629376,2148532224,2131755008,2138308608,2141192192,9209420132
2133852160,2156920832,2154823680,2128609280,2134900736,2152726528,2151677952,2135949312,2143551488,2143813632,9209436132
2140143616,2145386496,2145386496,2128609280,2135949312,2154823680,2152726528,2138046464,2139881472,2145386496,9209452134
2144337920,2146435072,2144337920,2132803584,2138046464,2156920832,2154823680,2140143616,2141978624,2147483648,9209468152
2138046464,2163212288,2166358016,2146435072,2138046464,2157969408,2156920832,2142240768,2153512960,2148794368,9209484154
2130706432,2161115136,2155872256,2149580800,2140143616,2157969408,2157969408,2144337920,2149318656,2150105088,9209500152
2132803584,2172649472,2161115136,2160066560,2140143616,2159017984,2159017984,2145386496,2156658688,2150891520,9209516156
2151677952,2153775104,2150629376,2139095040,2141192192,2159017984,2159017984,2145386496,2148794368,2151153664,9209532175
2132803584,2173698048,2159017984,2162163712,2141192192,2161115136,2160066560,2146435072,2156920832,2152202240,9209548176
2132803584,2175795200,2168455168,2154823680,2142240768,2160066560,2161115136,2146435072,2157969408,2152464384,9209565066
2134900736,2155872256,2153775104,2147483648,2141192192,2159017984,2160066560,2146435072,2148007936,2151677952,9209581066
2136997888,2171600896,2171600896,2155872256,2142240768,2160066560,2160066560,2146435072,2159017984,2152202240,9209597067
2138046464,2153775104,2153775104,2144337920,2141192192,2160066560,2159017984,2145386496,2147483648,2151415808,9209613088
2135949312,2151677952,2162163712,2136997888,2139095040,2157969408,2156920832,2144337920,2146697216,2149580800,9209629088
2132803584,2155872256,2151677952,2147483648,2139095040,2157969408,2156920832,2142240768,2146959360,2149056512,9209645089
2129657856,2169503744,2162163712,2154823680,2138046464,2155872256,2154823680,2140143616,2154037248,2147221504,9209661090
2147483648,2146435072,2148532224,2130706432,2135949312,2153775104,2152726528,2138046464,2143289344,2145124352,9209677111
2151677952,2146435072,2146435072,2125463552,2134900736,2152726528,2151677952,2134900736,2142502912,2143551488,9209693111
2133852160,2163212288,2153775104,2139095040,2132803584,2151677952,2149580800,2132803584,2147483648,2141716480,9209709110
2133852160,2152726528,2159017984,2129657856,2130706432,2149580800,2147483648,2130706432,2143813632,2139619328,9209725111
2128609280,2146435072,2139095040,2124414976,2129657856,2148532224,2145386496,2126512128,2134638592,2137522176,9209741134
2130706432,2154823680,2152726528,2129657856,2127560704,2145386496,2143289344,2124414976,2141978624,2135162880,9209757131
2120220672,2151677952,2150629376,2132803584,2126512128,2144337920,2140143616,2122317824,2138832896,2133327872,9209773133
2126512128,2145386496,2149580800,2114977792,2125463552,2142240768,2139095040,2118123520,2134114304,2131230720,9209789134
2127560704,2146435072,2144337920,2117074944,2123366400,2140143616,2135949312,2116026368,2133852160,2128871424,9209805154
2113929216,2147483648,2139095040,2126512128,2122317824,2139095040,2133852160,2113929216,2131755008,2127298560,9209821152
2122317824,2129657856,2132803584,2109734912,2121269248,2138046464,2132803584,2112880640,2123628544,2126249984,9209837153
2129657856,2138046464,2124414976,2104492032,2120220672,2136997888,2131755008,2110783488,2124152832,2124939264,9209853156
2112880640,2148532224,2141192192,2124414976,2119172096,2136997888,2130706432,2108686336,2131755008,2123890688,9209869175
2111832064,2131755008,2124414976,2109734912,2119172096,2134900736,2130706432,2107637760,2119434240,2123104256,9209885174
2126512128,2142240768,2134900736,2112880640,2118123520,2134900736,2130706432,2107637760,2129133568,2122842112,9209902066
2119172096,2143289344,2139095040,2114977792,2118123520,2135949312,2129657856,2107637760,2129133568,2122842112,9209918066
2120220672,2142240768,2133852160,2112880640,2119172096,2134900736,2129657856,2107637760,2127298560,2122842112,9209934066
2117074944,2142240768,2138046464,2114977792,2118123520,2136997888,2131755008,2109734912,2128084992,2124152832,9209950066
2116026368,2146435072,2142240768,2114977792,2120220672,2136997888,2131755008,2109734912,2129920000,2124677120,9209966090
2113929216,2150629376,2147483648,2122317824,2120220672,2138046464,2132803584,2111832064,2133590016,2125725696,9209982090
2113929216,2151677952,2145386496,2122317824,2120220672,2140143616,2134900736,2114977792,2133327872,2127560704,9209998089
2117074944,2147483648,2146435072,2124414976,2123366400,2139095040,2135949312,2114977792,2133852160,2128347136,9210014089
2127560704,2148532224,2145386496,2121269248,2124414976,2142240768,2138046464,2118123520,2135687168,2130706432,9210030111
2117074944,2153775104,2147483648,2134900736,2125463552,2143289344,2140143616,2121269248,2138308608,2132541440,9210046111
2136997888,2145386496,2136997888,2114977792,2127560704,2145386496,2142240768,2123366400,2133590016,2134638592,9210062111
2120220672,2147483648,2138046464,2130706432,2128609280,2146435072,2144337920,2126512128,2134114304,2136473600,9210078109
2134900736,2141192192,2138046464,2122317824,2130706432,2148532224,2146435072,2128609280,2134114304,2138570752,9210094132
2127560704,2160066560,2159017984,2138046464,2132803584,2150629376,2148532224,2131755008,2146172928,2140930048,9210110134
2145386496,2146435072,2146435072,2124414976,2133852160,2151677952,2150629376,2133852160,2140667904,2142502912,9210126132
2136997888,2159017984,2157969408,2143289344,2134900736,2153775104,2152726528,2138046464,2149318656,2144862208,9210142130
2129657856,2152726528,2151677952,2142240768,2136997888,2154823680,2153775104,2139095040,2144075776,2146172928,9210158154
2142240768,2159017984,2162163712,2133852160,2138046464,2156920832,2155872256,2141192192,2149318656,2148007936,9210174157
2132803584,2151677952,2151677952,2139095040,2139095040,2157969408,2156920832,2143289344,2143813632,2149318656,9210190154
2138046464,2153775104,2149580800,2141192192,2140143616,2159017984,2157969408,2145386496,2145648640,2150629376,9210206150
2141192192,2167406592,2167406592,2154823680,2141192192,2159017984,2160066560,2146435072,2157707264,2151677952,9210222173
2135949312,2167406592,2175795200,2154823680,2142240768,2160066560,2160066560,2146435072,2158493696,2152202240,9210239066
2133852160,2170552320,2160066560,2160066560,2140143616,2161115136,2160066560,2147483648,2156134400,2152202240,9210255066
2140143616,2172649472,2170552320,2157969408,2142240768,2160066560,2160066560,2146435072,2160328704,2152202240,9210271066
2150629376,2163212288,2152726528,2139095040,2141192192,2160066560,2160066560,2145386496,2151415808,2151677952,9210287067
2133852160,2157969408,2152726528,2151677952,2140143616,2160066560,2159017984,2145386496,2149056512,2151153664,9210303089
2134900736,2171600896,2172649472,2155872256,2140143616,2159017984,2159017984,2144337920,2158755840,2150629376,9210319089
2143289344,2154823680,2151677952,2139095040,2139095040,2157969408,2156920832,2143289344,2147221504,2149318656,9210335089
2152726528,2151677952,2149580800,2131755008,2138046464,2156920832,2155872256,2141192192,2146435072,2148007936,9210351089
2135949312,2166358016,2165309440,2145386496,2136997888,2154823680,2153775104,2139095040,2153250816,2146172928,9210367112
2129657856,2151677952,2152726528,2139095040,2134900736,2153775104,2152726528,2135949312,2143289344,2144337920,9210383111
2127560704,2164260864,2156920832,2147483648,2133852160,2150629376,2149580800,2132803584,2149056512,2141716480,9210399109
2133852160,2156920832,2159017984,2131755008,2131755008,2150629376,2148532224,2130706432,2145386496,2140405760,9210415113
2133852160,2143289344,2141192192,2123366400,2129657856,2148532224,2146435072,2127560704,2135425024,2138046464,9210431133
2138046464,2140143616,2135949312,2119172096,2129657856,2145386496,2143289344,2124414976,2133327872,2135687168,9210447132
2136997888,2140143616,2146435072,2114977792,2126512128,2144337920,2142240768,2121269248,2134638592,2133590016,9210463130
2121269248,2139095040,2132803584,2117074944,2124414976,2143289344,2140143616,2119172096,2127560704,2131755008,9210479136
2118123520,2139095040,2143289344,2114977792,2123366400,2141192192,2136997888,2117074944,2128871424,2129657856,9210495154
2118123520,2148532224,2146435072,2125463552,2122317824,2140143616,2135949312,2114977792,2134638592,2128347136,9210511152
2127560704,2146435072,2140143616,2111832064,2121269248,2139095040,2134900736,2113929216,2131492864,2127298560,9210527151
2112880640,2133852160,2131755008,2110783488,2120220672,2136997888,2131755008,2110783488,2122317824,2124939264,9210543154
2123366400,2128609280,2125463552,2102394880,2118123520,2136997888,2131755008,2110783488,2119958528,2124414976,9210559175
2117074944,2144337920,2143289344,2117074944,2119172096,2135949312,2131755008,2108686336,2130444288,2123890688,9210575176
2110783488,2135949312,2130706432,2113929216,2118123520,2134900736,2129657856,2108686336,2122842112,2122842112,9210592066
2111832064,2136997888,2132803584,2113929216,2119172096,2134900736,2129657856,2107637760,2123890688,2122842112,9210608066
2110783488,2134900736,2127560704,2109734912,2119172096,2135949312,2129657856,2108686336,2120744960,2123366400,9210624066
2119172096,2141192192,2141192192,2112880640,2118123520,2135949312,2130706432,2109734912,2128609280,2123628544,9210640089
2124414976,2129657856,2124414976,2105540608,2120220672,2135949312,2131755008,2109734912,2121007104,2124414976,9210656088
2119172096,2130706432,2130706432,2104492032,2120220672,2136997888,2132803584,2110783488,2121269248,2125201408,9210672090
2114977792,2148532224,2146435072,2119172096,2121269248,2138046464,2133852160,2111832064,2132279296,2126249984,9210688089
2126512128,2132803584,2128609280,2109734912,2122317824,2139095040,2134900736,2113929216,2124414976,2127560704,9210704111
2118123520,2148532224,2145386496,2124414976,2123366400,2141192192,2136997888,2117074944,2134114304,2129657856,9210720112
2133852160,2134900736,2131755008,2111832064,2124414976,2143289344,2139095040,2120220672,2128084992,2131755008,9210736110
2124414976,2157969408,2153775104,2128609280,2127560704,2144337920,2141192192,2122317824,2141192192,2133852160,9210752110
2123366400,2145386496,2147483648,2128609280,2127560704,2147483648,2143289344,2125463552,2136211456,2135949312,9210768131
2121269248,2144337920,2147483648,2125463552,2130706432,2148532224,2145386496,2127560704,2134638592,2138046464,9210784131
2141192192,2139095040,2141192192,2121269248,2132803584,2149580800,2148532224,2130706432,2135687168,2140405760,9210800132
2143289344,2141192192,2144337920,2124414976,2132803584,2151677952,2149580800,2133852160,2138308608,2141978624,9210816133
2125463552,2147483648,2148532224,2134900736,2135949312,2152726528,2151677952,2134900736,2139095040,2143813632,9210832154
2127560704,2156920832,2155872256,2147483648,2136997888,2153775104,2153775104,2138046464,2146959360,2145648640,9210848153
2138046464,2155872256,2165309440,2132803584,2138046464,2156920832,2155872256,2141192192,2148007936,2148007936,9210864156
2132803584,2159017984,2168455168,2147483648,2139095040,2156920832,2156920832,2142240768,2151940096,2148794368,9210880153
2132803584,2155872256,2155872256,2147483648,2140143616,2157969408,2157969408,2143289344,2148007936,2149842944,9210896175
2133852160,2155872256,2155872256,2147483648,2141192192,2159017984,2159017984,2145386496,2148270080,2151153664,9210912172
2153775104,2156920832,2159017984,2139095040,2142240768,2160066560,2159017984,2146435072,2152202240,2151940096,9210929066
2144337920,2156920832,2160066560,2141192192,2141192192,2161115136,2161115136,2148532224,2150629376,2152988672,9210945066
2148532224,2153775104,2153775104,2140143616,2142240768,2160066560,2160066560,2146435072,2149056512,2152202240,9210961066
2149580800,2153775104,2153775104,2140143616,2141192192,2160066560,2161115136,2146435072,2149318656,2152202240,9210977066
2134900736,2166358016,2165309440,2154823680,2141192192,2159017984,2160066560,2146435072,2155347968,2151677952,9210993091
2150629376,2150629376,2151677952,2138046464,2141192192,2157969408,2159017984,2143289344,2147745792,2150367232,9211009090
2147483648,2165309440,2165309440,2146435072,2140143616,2157969408,2157969408,2143289344,2156134400,2149842944,9211025089
2131755008,2156920832,2159017984,2145386496,2138046464,2157969408,2156920832,2141192192,2148270080,2148532224,9211041088
2131755008,2153775104,2148532224,2140143616,2138046464,2154823680,2153775104,2138046464,2143551488,2146172928,9211057112
2142240768,2147483648,2143289344,2131755008,2134900736,2153775104,2152726528,2136997888,2141192192,2144600064,9211073111
2128609280,2167406592,2157969408,2146435072,2133852160,2152726528,2150629376,2134900736,2150105088,2143027200,9211089110
2127560704,2162163712,2162163712,2142240768,2132803584,2150629376,2148532224,2132803584,2148532224,2141192192,9211105111
2130706432,2159017984,2157969408,2134900736,2130706432,2148532224,2146435072,2128609280,2145648640,2138570752,9211121133
2139095040,2153775104,2139095040,2129657856,2129657856,2146435072,2144337920,2125463552,2140405760,2136473600,9211137132
2125463552,2143289344,2134900736,2120220672,2127560704,2145386496,2142240768,2123366400,2130968576,2134638592,9211153132
2122317824,2152726528,2155872256,2129657856,2125463552,2144337920,2140143616,2121269248,2140143616,2132803584,9211169132
2131755008,2136997888,2130706432,2113929216,2124414976,2141192192,2136997888,2118123520,2128347136,2130182144,9211185154
2131755008,2146435072,2130706432,2111832064,2124414976,2139095040,2135949312,2114977792,2130182144,2128609280,9211201152
2130706432,2141192192,2138046464,2107637760,2121269248,2139095040,2134900736,2113929216,2129395712,2127298560,9211217153
2111832064,2145386496,2134900736,2121269248,2120220672,2138046464,2133852160,2110783488,2128347136,2125725696,9211233154
2112880640,2142240768,2135949312,2119172096,2120220672,2136997888,2131755008,2109734912,2127560704,2124677120,9211249178
2112880640,2132803584,2125463552,2109734912,2119172096,2135949312,2130706432,2109734912,2120220672,2123890688,9211266066
2114977792,2139095040,2142240768,2118123520,2118123520,2134900736,2130706432,2107637760,2128609280,2122842112,9211282066
2116026368,2145386496,2141192192,2118123520,2119172096,2134900736,2130706432,2107637760,2130182144,2123104256,9211298066
2114977792,2127560704,2121269248,2104492032,2119172096,2134900736,2130706432,2107637760,2117074944,2123104256,9211314066
2122317824,2142240768,2140143616,2111832064,2119172096,2134900736,2130706432,2107637760,2129133568,2123104256,9211330089
2108686336,2136997888,2128609280,2113929216,2119172096,2135949312,2131755008,2108686336,2122055680,2123890688,9211346088
2123366400,2129657856,2122317824,2103443456,2120220672,2136997888,2131755008,2110783488,2119696384,2124939264,9211362089
2121269248,2146435072,2141192192,2117074944,2121269248,2136997888,2132803584,2111832064,2131492864,2125725696,9211378091
2116026368,2153775104,2143289344,2124414976,2122317824,2140143616,2134900736,2113929216,2134376448,2127822848,9211394111
2118123520,2151677952,2148532224,2127560704,2123366400,2141192192,2136997888,2117074944,2136473600,2129657856,9211410110
2135949312,2133852160,2130706432,2110783488,2124414976,2142240768,2139095040,2118123520,2127822848,2130968576,9211426111
2119172096,2149580800,2147483648,2130706432,2126512128,2143289344,2141192192,2121269248,2136735744,2133065728,9211442112
2136997888,2142240768,2142240768,2116026368,2128609280,2146435072,2142240768,2124414976,2134376448,2135425024,9211458133
2130706432,2156920832,2153775104,2133852160,2129657856,2147483648,2144337920,2126512128,2143813632,2136997888,9211474132
2126512128,2154823680,2154823680,2136997888,2130706432,2150629376,2147483648,2130706432,2143289344,2139881472,9211490132
2122317824,2164260864,2149580800,2144337920,2131755008,2151677952,2149580800,2132803584,2145124352,2141454336,9211506133
2140143616,2147483648,2141192192,2130706432,2134900736,2151677952,2150629376,2134900736,2139881472,2143027200,9211522152
2128609280,2154823680,2153775104,2142240768,2135949312,2153775104,2152726528,2136997888,2144862208,2144862208,9211538154
2129657856,2168455168,2156920832,2157969408,2136997888,2156920832,2155872256,2141192192,2153250816,2147745792,9211554152
2133852160,2166358016,2169503744,2151677952,2138046464,2157969408,2156920832,2142240768,2155347968,2148794368,9211570153
2133852160,2155872256,2159017984,2147483648,2139095040,2159017984,2159017984,2143289344,2149056512,2150105088,9211586176
2152726528,2153775104,2150629376,2139095040,2140143616,2159017984,2159017984,2145386496,2149056512,2150891520,9211602175
2142240768,2167406592,2165309440,2154823680,2140143616,2160066560,2160066560,2147483648,2157445120,2151940096,9211619066
2151677952,2166358016,2154823680,2146435072,2141192192,2160066560,2159017984,2147483648,2154823680,2151940096,9211635066
2136997888,2169503744,2171600896,2157969408,2141192192,2160066560,2161115136,2147483648,2159017984,2152464384,9211651066
2136997888,2152726528,2157969408,2143289344,2141192192,2159017984,2160066560,2145386496,2147745792,2151415808,9211667090
2138046464,2171600896,2171600896,2152726528,2141192192,2160066560,2159017984,2145386496,2158493696,2151415808,9211683088
2150629376,2152726528,2161115136,2138046464,2141192192,2159017984,2159017984,2144337920,2150629376,2150891520,9211699089
2141192192,2164260864,2164260864,2149580800,2140143616,2157969408,2157969408,2143289344,2154823680,2149842944,9211715090
2132803584,2154823680,2157969408,2144337920,2139095040,2156920832,2155872256,2141192192,2147483648,2148270080,9211731111
2140143616,2149580800,2147483648,2135949312,2138046464,2155872256,2154823680,2140143616,2143289344,2147221504,9211747109
2141192192,2160066560,2159017984,2133852160,2136997888,2154823680,2152726528,2136997888,2148532224,2145386496,9211763111
2127560704,2157969408,2157969408,2145386496,2133852160,2152726528,2151677952,2134900736,2147221504,2143289344,9211779113
2138046464,2147483648,2143289344,2126512128,2133852160,2150629376,2148532224,2131755008,2138832896,2141192192,9211795133
2135949312,2145386496,2139095040,2127560704,2131755008,2149580800,2147483648,2129657856,2136997888,2139619328,9211811131
2138046464,2138046464,2139095040,2120220672,2129657856,2147483648,2145386496,2127560704,2133852160,2137522176,9211827132
2129657856,2150629376,2152726528,2125463552,2127560704,2145386496,2143289344,2123366400,2139619328,2134900736,9211843134
2121269248,2140143616,2140143616,2123366400,2126512128,2143289344,2140143616,2120220672,2131230720,2132541440,9211859154
2118123520,2150629376,2147483648,2131755008,2125463552,2141192192,2139095040,2118123520,2136997888,2130968576,9211875151
2130706432,2146435072,2138046464,2121269248,2124414976,2140143616,2135949312,2116026368,2134114304,2129133568,9211891153
2127560704,2146435072,2142240768,2119172096,2122317824,2139095040,2134900736,2113929216,2133852160,2127560704,9211907153
2130706432,2142240768,2131755008,2110783488,2121269248,2138046464,2133852160,2112880640,2128871424,2126512128,9211923175
2134900736,2130706432,2129657856,2102394880,2119172096,2138046464,2132803584,2110783488,2124414976,2125201408,9211939174
2132803584,2129657856,2125463552,2102394880,2118123520,2135949312,2130706432,2108686336,2122579968,2123366400,9211956066
2121269248,2140143616,2138046464,2102394880,2118123520,2134900736,2130706432,2108686336,2125463552,2123104256,9211972066
2120220672,2144337920,2140143616,2110783488,2118123520,2134900736,2130706432,2107637760,2128871424,2122842112,9211988066
2113929216,2146435072,2142240768,2118123520,2119172096,2134900736,2128609280,2107637760,2130182144,2122579968,9212004066
2129657856,2130706432,2129657856,2100297728,2118123520,2135949312,2130706432,2108686336,2122579968,2123366400,9212020091
2131755008,2129657856,2123366400,2103443456,2118123520,2134900736,2131755008,2108686336,2122055680,2123366400,9212036090
2126512128,2138046464,2135949312,2107637760,2120220672,2136997888,2131755008,2109734912,2127036416,2124677120,9212052089
2128609280,2131755008,2125463552,2107637760,2120220672,2136997888,2132803584,2111832064,2123366400,2125463552,9212068088
2112880640,2147483648,2135949312,2126512128,2122317824,2139095040,2134900736,2113929216,2130706432,2127560704,9212084111
2119172096,2146435072,2144337920,2119172096,2122317824,2140143616,2135949312,2114977792,2132279296,2128347136,9212100111
2124414976,2135949312,2146435072,2110783488,2124414976,2141192192,2138046464,2117074944,2129395712,2130182144,9212116112
2126512128,2136997888,2133852160,2113929216,2125463552,2143289344,2140143616,2120220672,2127822848,2132279296,9212132110
2129657856,2138046464,2134900736,2116026368,2127560704,2145386496,2142240768,2123366400,2129657856,2134638592,9212148134
2139095040,2153775104,2144337920,2126512128,2129657856,2146435072,2143289344,2125463552,2140930048,2136211456,9212164133
2124414976,2141192192,2140143616,2125463552,2130706432,2148532224,2147483648,2128609280,2132803584,2138832896,9212180132
2129657856,2145386496,2141192192,2127560704,2132803584,2150629376,2148532224,2131755008,2135949312,2140930048,9212196129
2129657856,2147483648,2143289344,2130706432,2133852160,2152726528,2149580800,2134900736,2137784320,2142765056,9212212153
2136997888,2151677952,2161115136,2132803584,2134900736,2153775104,2152726528,2136997888,2145648640,2144600064,9212228154
2145386496,2148532224,2147483648,2130706432,2136997888,2154823680,2153775104,2138046464,2143027200,2145910784,9212244155
2134900736,2160066560,2167406592,2149580800,2138046464,2156920832,2155872256,2141192192,2152988672,2148007936,9212260151
2146435072,2153775104,2149580800,2136997888,2139095040,2157969408,2156920832,2143289344,2146697216,2149318656,9212276175
2146435072,2150629376,2150629376,2139095040,2141192192,2159017984,2157969408,2144337920,2146697216,2150629376,9212293067
2141192192,2153775104,2152726528,2139095040,2141192192,2160066560,2159017984,2145386496,2146697216,2151415808,9212309066
2144337920,2152726528,2153775104,2141192192,2141192192,2160066560,2160066560,2145386496,2148007936,2151677952,9212325066
2154823680,2150629376,2155872256,2138046464,2141192192,2161115136,2161115136,2147483648,2149842944,2152726528,9212341066
2134900736,2170552320,2174746624,2154823680,2142240768,2160066560,2159017984,2145386496,2158755840,2151677952,9212357089
2136997888,2172649472,2173698048,2152726528,2140143616,2161115136,2161115136,2146435072,2159017984,2152202240,9212373090
2143289344,2170552320,2164260864,2157969408,2141192192,2160066560,2159017984,2146435072,2159017984,2151677952,9212389088
2140143616,2171600896,2169503744,2150629376,2140143616,2159017984,2157969408,2144337920,2157969408,2150367232,9212405090
2131755008,2152726528,2160066560,2140143616,2139095040,2157969408,2156920832,2142240768,2146172928,2149056512,9212421111
2142240768,2148532224,2149580800,2133852160,2138046464,2157969408,2155872256,2142240768,2143551488,2148532224,9212437110
2143289344,2149580800,2155872256,2133852160,2135949312,2154823680,2152726528,2138046464,2145648640,2145386496,9212453110
2129657856,2149580800,2144337920,2131755008,2135949312,2152726528,2151677952,2134900736,2138832896,2143813632,9212469110
2127560704,2167406592,2160066560,2150629376,2133852160,2151677952,2150629376,2133852160,2151415808,2142502912,9212485132
2130706432,2161115136,2157969408,2142240768,2131755008,2149580800,2147483648,2129657856,2148007936,2139619328,9212501134
2124414976,2147483648,2151677952,2130706432,2130706432,2147483648,2145386496,2127560704,2138570752,2137784320,9212517130
2142240768,2141192192,2138046464,2120220672,2128609280,2146435072,2143289344,2125463552,2135425024,2135949312,9212533133
2139095040,2140143616,2135949312,2116026368,2126512128,2144337920,2142240768,2122317824,2132803584,2133852160,9212549156
2120220672,2151677952,2149580800,2130706432,2124414976,2143289344,2140143616,2120220672,2138046464,2132017152,9212565156
2120220672,2152726528,2151677952,2125463552,2123366400,2141192192,2138046464,2117074944,2137522176,2129920000,9212581153
2125463552,2135949312,2128609280,2111832064,2122317824,2140143616,2135949312,2114977792,2125463552,2128347136,9212597153
2128609280,2145386496,2134900736,2111832064,2121269248,2138046464,2132803584,2112880640,2130182144,2126249984,9212613176
2122317824,2146435072,2142240768,2121269248,2120220672,2136997888,2132803584,2110783488,2133065728,2125201408,9212629177
2129657856,2140143616,2125463552,2108686336,2119172096,2135949312,2131755008,2109734912,2125987840,2124152832,9212646066
2131755008,2134900736,2125463552,2103443456,2119172096,2135949312,2130706432,2107637760,2123890688,2123366400,9212662066
2110783488,2147483648,2131755008,2122317824,2119172096,2133852160,2130706432,2107637760,2128084992,2122842112,9212678066
2124414976,2128609280,2124414976,2103443456,2118123520,2134900736,2129657856,2107637760,2120220672,2122579968,9212694088
2121269248,2128609280,2121269248,2105540608,2118123520,2135949312,2130706432,2107637760,2119172096,2123104256,9212710089
2110783488,2134900736,2127560704,2113929216,2119172096,2135949312,2130706432,2108686336,2121793536,2123628544,9212726089
2126512128,2141192192,2138046464,2104492032,2120220672,2135949312,2130706432,2108686336,2127560704,2123890688,9212742089
2114977792,2129657856,2125463552,2104492032,2119172096,2138046464,2131755008,2110783488,2118647808,2124939264,9212758111
2130706432,2129657856,2136997888,2104492032,2120220672,2139095040,2133852160,2112880640,2125463552,2126512128,9212774110
2118123520,2139095040,2133852160,2113929216,2122317824,2139095040,2135949312,2113929216,2126249984,2127822848,9212790111
2126512128,2131755008,2131755008,2108686336,2123366400,2140143616,2136997888,2117074944,2124677120,2129395712,9212806111
2124414976,2151677952,2149580800,2123366400,2125463552,2142240768,2140143616,2119172096,2137260032,2131755008,9212822132
2132803584,2138046464,2132803584,2116026368,2127560704,2144337920,2142240768,2121269248,2129920000,2133852160,9212838133
2120220672,2151677952,2141192192,2134900736,2128609280,2145386496,2143289344,2124414976,2136997888,2135425024,9212854132
2140143616,2150629376,2140143616,2125463552,2129657856,2148532224,2145386496,2128609280,2139095040,2138046464,9212870133
2138046464,2152726528,2146435072,2122317824,2131755008,2150629376,2148532224,2130706432,2139881472,2140405760,9212886155
2141192192,2144337920,2141192192,2124414976,2133852160,2151677952,2149580800,2133852160,2137784320,2142240768,9212902153
2133852160,2147483648,2141192192,2130706432,2134900736,2153775104,2151677952,2135949312,2138308608,2144075776,9212918152
2129657856,2167406592,2165309440,2146435072,2135949312,2154823680,2153775104,2139095040,2152202240,2145910784,9212934153
2129657856,2168455168,2163212288,2153775104,2138046464,2156920832,2154823680,2141192192,2153775104,2147745792,9212950174
2139095040,2167406592,2163212288,2149580800,2139095040,2157969408,2155872256,2142240768,2154823680,2148794368,9212966172
2132803584,2157969408,2154823680,2147483648,2140143616,2159017984,2157969408,2144337920,2148270080,2150367232,9212983067
2135949312,2155872256,2156920832,2147483648,2140143616,2159017984,2159017984,2145386496,2149056512,2150891520,9212999066
2147483648,2160066560,2163212288,2140143616,2141192192,2160066560,2160066560,2145386496,2152726528,2151677952,9213015067
2133852160,2155872256,2156920832,2147483648,2141192192,2160066560,2160066560,2146435072,2148532224,2151940096,9213031066
2134900736,2153775104,2155872256,2142240768,2142240768,2161115136,2161115136,2146435072,2146697216,2152726528,9213047088
2149580800,2152726528,2159017984,2138046464,2142240768,2160066560,2160066560,2146435072,2149842944,2152202240,9213063090
2136997888,2169503744,2172649472,2154823680,2141192192,2159017984,2159017984,2145386496,2158493696,2151153664,9213079090
2133852160,2162163712,2165309440,2150629376,2140143616,2160066560,2159017984,2144337920,2152988672,2150891520,9213095088
2138046464,2155872256,2153775104,2143289344,2139095040,2157969408,2157969408,2143289344,2147745792,2149580800,9213111113
2141192192,2151677952,2147483648,2139095040,2138046464,2156920832,2155872256,2141192192,2144862208,2148007936,9213127112
2151677952,2148532224,2149580800,2131755008,2138046464,2155872256,2154823680,2139095040,2145386496,2146959360,9213143111
2144337920,2149580800,2146435072,2131755008,2135949312,2153775104,2152726528,2138046464,2143027200,2145124352,9213159109
2126512128,2159017984,2153775104,2144337920,2133852160,2152726528,2150629376,2134900736,2145910784,2143027200,9213175133
2125463552,2150629376,2151677952,2135949312,2131755008,2150629376,2148532224,2131755008,2140930048,2140667904,9213191134
2127560704,2163212288,2156920832,2139095040,2130706432,2149580800,2146435072,2129657856,2146697216,2139095040,9213207132
2125463552,2157969408,2153775104,2139095040,2128609280,2147483648,2144337920,2127560704,2144075776,2136997888,9213223132
2125463552,2157969408,2154823680,2128609280,2127560704,2145386496,2142240768,2123366400,2141716480,2134638592,9213239155
2130706432,2146435072,2146435072,2123366400,2125463552,2143289344,2140143616,2120220672,2136735744,2132279296,9213255154
2130706432,2153775104,2143289344,2123366400,2124414976,2142240768,2138046464,2119172096,2137784320,2130968576,9213271154
2131755008,2132803584,2129657856,2109734912,2123366400,2140143616,2135949312,2114977792,2125987840,2128609280,9213287152
2118123520,2147483648,2145386496,2125463552,2121269248,2138046464,2134900736,2112880640,2134114304,2126774272,9213303177
2116026368,2133852160,2128609280,2110783488,2120220672,2138046464,2132803584,2111832064,2122317824,2125725696,9213320066
2117074944,2149580800,2142240768,2118123520,2119172096,2138046464,2132803584,2111832064,2131755008,2125463552,9213336066
2111832064,2133852160,2128609280,2111832064,2119172096,2136997888,2130706432,2109734912,2121531392,2124152832,9213352066
2126512128,2132803584,2123366400,2103443456,2118123520,2134900736,2130706432,2107637760,2121531392,2122842112,9213368066
2110783488,2136997888,2130706432,2113929216,2118123520,2134900736,2130706432,2106589184,2123104256,2122579968,9213384089
2130706432,2129657856,2129657856,2101346304,2119172096,2134900736,2129657856,2107637760,2122842112,2122842112,9213400089
2124414976,2135949312,2135949312,2102394880,2119172096,2133852160,2130706432,2107637760,2124677120,2122842112,9213416089
2120220672,2144337920,2143289344,2114977792,2118123520,2135949312,2131755008,2108686336,2130706432,2123628544,9213432090
2132803584,2131755008,2127560704,2101346304,2121269248,2135949312,2130706432,2109734912,2123366400,2124414976,9213448111
2130706432,2141192192,2127560704,2114977792,2121269248,2138046464,2132803584,2112880640,2128609280,2126249984,9213464110
2112880640,2132803584,2131755008,2113929216,2121269248,2139095040,2134900736,2113929216,2122842112,2127298560,9213480111
2117074944,2141192192,2140143616,2120220672,2123366400,2140143616,2136997888,2116026368,2129657856,2129133568,9213496111
2118123520,2155872256,2147483648,2130706432,2124414976,2142240768,2139095040,2119172096,2138046464,2131230720,9213512132
2129657856,2133852160,2133852160,2112880640,2125463552,2144337920,2140143616,2121269248,2127560704,2132803584,9213528132
2122317824,2149580800,2147483648,2131755008,2127560704,2145386496,2143289344,2124414976,2137784320,2135162880,9213544130
2123366400,2157969408,2157969408,2131755008,2128609280,2147483648,2145386496,2126512128,2142765056,2136997888,9213560132
2129657856,2141192192,2139095040,2122317824,2131755008,2149580800,2147483648,2129657856,2133065728,2139619328,9213576152
2127560704,2161115136,2160066560,2142240768,2133852160,2151677952,2149580800,2132803584,2147745792,2141978624,9213592154
2127560704,2149580800,2144337920,2132803584,2133852160,2152726528,2150629376,2134900736,2138570752,2143027200,9213608153
2127560704,2155872256,2147483648,2143289344,2135949312,2154823680,2153775104,2136997888,2143551488,2145386496,9213624155
2129657856,2155872256,2152726528,2143289344,2138046464,2155872256,2154823680,2139095040,2145386496,2146959360,9213640174
2146435072,2149580800,2149580800,2134900736,2139095040,2156920832,2155872256,2141192192,2145124352,2148270080,9213656174
2132803584,2168455168,2167406592,2152726528,2139095040,2159017984,2159017984,2144337920,2155347968,2150367232,9213673067
2132803584,2176843776,2168455168,2153775104,2141192192,2159017984,2159017984,2144337920,2157969408,2150891520,9213689066
2133852160,2160066560,2156920832,2147483648,2140143616,2160066560,2160066560,2146435072,2149580800,2151677952,9213705067
2147483648,2163212288,2163212288,2144337920,2141192192,2160066560,2160066560,2146435072,2154561536,2151940096,9213721089
2135949312,2160066560,2166358016,2149580800,2141192192,2160066560,2160066560,2147483648,2152988672,2152202240,9213737090
2143289344,2171600896,2164260864,2153775104,2141192192,2160066560,2161115136,2146435072,2158231552,2152202240,9213753090
2133852160,2154823680,2152726528,2145386496,2140143616,2160066560,2160066560,2145386496,2146697216,2151415808,9213769088
2134900736,2155872256,2157969408,2142240768,2140143616,2159017984,2159017984,2145386496,2147745792,2150891520,9213785111
2136997888,2169503744,2170552320,2154823680,2139095040,2157969408,2159017984,2143289344,2157969408,2149842944,9213801111
2130706432,2172649472,2160066560,2160066560,2138046464,2159017984,2156920832,2144337920,2155872256,2149580800,9213817110
2132803584,2161115136,2164260864,2150629376,2138046464,2156920832,2154823680,2140143616,2152202240,2147483648,9213833110
2132803584,2152726528,2149580800,2140143616,2136997888,2153775104,2152726528,2136997888,2143813632,2145124352,9213849131
2128609280,2159017984,2162163712,2147483648,2134900736,2153775104,2151677952,2135949312,2149318656,2144075776,9213865132
2141192192,2143289344,2142240768,2128609280,2132803584,2150629376,2149580800,2132803584,2138832896,2141454336,9213881133
2132803584,2156920832,2160066560,2140143616,2131755008,2149580800,2147483648,2129657856,2147483648,2139619328,9213897133
2142240768,2142240768,2138046464,2123366400,2129657856,2147483648,2144337920,2126512128,2136473600,2136997888,9213913155
2140143616,2138046464,2135949312,2117074944,2128609280,2146435072,2143289344,2124414976,2132803584,2135687168,9213929154
2119172096,2143289344,2147483648,2126512128,2126512128,2144337920,2141192192,2122317824,2134114304,2133590016,9213945152
2130706432,2136997888,2133852160,2113929216,2124414976,2142240768,2138046464,2119172096,2128871424,2130968576,9213961153
2116026368,2143289344,2138046464,2120220672,2123366400,2141192192,2136997888,2116026368,2129395712,2129395712,9213977173
2113929216,2152726528,2142240768,2125463552,2122317824,2139095040,2134900736,2113929216,2133590016,2127560704,9213993174
2126512128,2140143616,2142240768,2110783488,2120220672,2138046464,2133852160,2111832064,2129920000,2125987840,9214010066
2112880640,2130706432,2132803584,2106589184,2120220672,2135949312,2131755008,2109734912,2120744960,2124414976,9214026066
2112880640,2129657856,2128609280,2107637760,2119172096,2135949312,2131755008,2108686336,2119696384,2123890688,9214042066
2111832064,2148532224,2143289344,2119172096,2118123520,2135949312,2131755008,2108686336,2130706432,2123628544,9214058066
2112880640,2130706432,2123366400,2104492032,2118123520,2135949312,2129657856,2108686336,2117861376,2123104256,9214074089
2125463552,2125463552,2121269248,2100297728,2118123520,2134900736,2130706432,2107637760,2118123520,2122842112,9214090088
2117074944,2146435072,2140143616,2112880640,2118123520,2135949312,2130706432,2108686336,2129133568,2123366400,9214106088
2127560704,2125463552,2124414976,2100297728,2119172096,2135949312,2130706432,2108686336,2119434240,2123628544,9214122089
2122317824,2144337920,2136997888,2119172096,2119172096,2136997888,2131755008,2109734912,2130706432,2124414976,9214138111
2111832064,2147483648,2139095040,2126512128,2121269248,2136997888,2132803584,2111832064,2131230720,2125725696,9214154112
2112880640,2134900736,2131755008,2113929216,2121269248,2138046464,2134900736,2112880640,2123366400,2126774272,9214170111
2114977792,2138046464,2130706432,2117074944,2122317824,2140143616,2135949312,2114977792,2125201408,2128347136,9214186110
2116026368,2143289344,2139095040,2122317824,2124414976,2141192192,2136997888,2118123520,2130182144,2130182144,9214202133
2118123520,2140143616,2139095040,2122317824,2125463552,2143289344,2139095040,2120220672,2129920000,2132017152,9214218134
2124414976,2155872256,2146435072,2130706432,2127560704,2145386496,2142240768,2123366400,2139357184,2134638592,9214234132
2127560704,2138046464,2138046464,2121269248,2128609280,2146435072,2144337920,2126512128,2131230720,2136473600,9214250132
2135949312,2152726528,2150629376,2121269248,2130706432,2149580800,2146435072,2129657856,2140143616,2139095040,9214266154
2134900736,2154823680,2153775104,2129657856,2132803584,2150629376,2149580800,2131755008,2143289344,2141192192,9214282154
2126512128,2151677952,2148532224,2135949312,2133852160,2152726528,2149580800,2133852160,2140667904,2142502912,9214298153
2143289344,2149580800,2146435072,2127560704,2134900736,2153775104,2152726528,2136997888,2141716480,2144600064,9214314151
2148532224,2146435072,2148532224,2132803584,2136997888,2154823680,2153775104,2139095040,2144075776,2146172928,9214330176
2147483648,2151677952,2149580800,2131755008,2139095040,2155872256,2155872256,2140143616,2145124352,2147745792,9214347066
2141192192,2165309440,2167406592,2151677952,2139095040,2159017984,2156920832,2143289344,2156396544,2149580800,9214363067
2150629376,2150629376,2150629376,2138046464,2139095040,2159017984,2159017984,2145386496,2147483648,2150629376,9214379066
2150629376,2153775104,2159017984,2136997888,2140143616,2160066560,2160066560,2146435072,2150105088,2151677952,9214395067
2138046464,2168455168,2169503744,2156920832,2141192192,2160066560,2161115136,2146435072,2158231552,2152202240,9214411089
2147483648,2155872256,2161115136,2139095040,2141192192,2160066560,2160066560,2147483648,2150891520,2152202240,9214427090
2133852160,2160066560,2161115136,2148532224,2142240768,2159017984,2160066560,2146435072,2150891520,2151940096,9214443087
2149580800,2152726528,2153775104,2136997888,2141192192,2160066560,2160066560,2147483648,2148270080,2152202240,9214459088
2134900736,2171600896,2169503744,2155872256,2141192192,2159017984,2159017984,2145386496,2157969408,2151153664,9214475110
2134900736,2155872256,2153775104,2147483648,2140143616,2159017984,2157969408,2144337920,2148007936,2150367232,9214491111
2146435072,2151677952,2150629376,2134900736,2138046464,2157969408,2156920832,2142240768,2145910784,2148794368,9214507110
2139095040,2168455168,2165309440,2153775104,2136997888,2156920832,2155872256,2141192192,2156658688,2147745792,9214523111
2129657856,2160066560,2160066560,2147483648,2136997888,2154823680,2153775104,2139095040,2149318656,2146172928,9214539132
2139095040,2147483648,2147483648,2130706432,2134900736,2153775104,2152726528,2135949312,2141192192,2144337920,9214555131
2126512128,2161115136,2154823680,2148532224,2132803584,2151677952,2150629376,2132803584,2147745792,2141978624,9214571134
2125463552,2149580800,2149580800,2134900736,2130706432,2149580800,2147483648,2130706432,2139881472,2139619328,9214587132
2129657856,2156920832,2154823680,2140143616,2129657856,2148532224,2145386496,2128609280,2145386496,2138046464,9214603154
2122317824,2150629376,2147483648,2133852160,2128609280,2146435072,2144337920,2125463552,2138570752,2136211456,9214619154
2129657856,2138046464,2139095040,2118123520,2127560704,2144337920,2141192192,2122317824,2131230720,2133852160,9214635152
2118123520,2143289344,2147483648,2123366400,2125463552,2143289344,2140143616,2119172096,2133065728,2132017152,9214651154
2136997888,2136997888,2132803584,2111832064,2124414976,2141192192,2138046464,2117074944,2129657856,2130182144,9214667175
2132803584,2130706432,2131755008,2106589184,2123366400,2139095040,2135949312,2113929216,2125463552,2128084992,9214683175
2114977792,2139095040,2130706432,2118123520,2121269248,2139095040,2133852160,2112880640,2125725696,2126774272,9214700066
2133852160,2132803584,2125463552,2105540608,2120220672,2136997888,2131755008,2111832064,2124414976,2125201408,9214716066
2111832064,2147483648,2135949312,2122317824,2119172096,2136997888,2131755008,2109734912,2129395712,2124414976,9214732066
2119172096,2129657856,2124414976,2105540608,2119172096,2135949312,2130706432,2108686336,2119696384,2123628544,9214748088
2133852160,2129657856,2123366400,2101346304,2118123520,2133852160,2130706432,2107637760,2122055680,2122579968,9214764088
2130706432,2130706432,2127560704,2100297728,2118123520,2134900736,2130706432,2107637760,2122317824,2122842112,9214780089
2110783488,2134900736,2126512128,2109734912,2117074944,2135949312,2130706432,2108686336,2120482816,2123104256,9214796089
2121269248,2130706432,2142240768,2101346304,2118123520,2135949312,2130706432,2108686336,2123890688,2123366400,9214812111
2125463552,2128609280,2123366400,2103443456,2119172096,2136997888,2131755008,2109734912,2120220672,2124414976,9214828109
2119172096,2146435072,2141192192,2114977792,2120220672,2138046464,2132803584,2110783488,2130444288,2125463552,9214844111
2113929216,2155872256,2139095040,2122317824,2121269248,2138046464,2133852160,2112880640,2132803584,2126512128,9214860112
2128609280,2135949312,2128609280,2107637760,2122317824,2139095040,2134900736,2114977792,2125201408,2127822848,9214876133
2128609280,2131755008,2128609280,2111832064,2123366400,2141192192,2136997888,2117074944,2125201408,2129657856,9214892132
2122317824,2153775104,2150629376,2129657856,2124414976,2143289344,2139095040,2120220672,2139095040,2131755008,9214908132
2119172096,2138046464,2132803584,2119172096,2127560704,2144337920,2141192192,2122317824,2127298560,2133852160,9214924134
2134900736,2141192192,2143289344,2118123520,2128609280,2145386496,2142240768,2124414976,2134376448,2135162880,9214940153
2122317824,2145386496,2142240768,2126512128,2129657856,2148532224,2145386496,2127560704,2134114304,2137784320,9214956151
2140143616,2143289344,2138046464,2123366400,2131755008,2149580800,2146435072,2130706432,2136211456,2139619328,9214972152
2128609280,2154823680,2162163712,2138046464,2133852160,2150629376,2149580800,2132803584,2145910784,2141716480,9214988154
2126512128,2153775104,2150629376,2142240768,2134900736,2153775104,2151677952,2134900736,2143289344,2143813632,9215004176
2139095040,2169503744,2157969408,2143289344,2135949312,2154823680,2153775104,2139095040,2152464384,2145910784,9215020171
2147483648,2151677952,2148532224,2134900736,2138046464,2155872256,2155872256,2141192192,2145648640,2147745792,9215037066
2132803584,2167406592,2173698048,2152726528,2139095040,2157969408,2156920832,2143289344,2156658688,2149318656,9215053067
2149580800,2151677952,2152726528,2135949312,2140143616,2159017984,2159017984,2144337920,2147483648,2150629376,9215069066
2139095040,2167406592,2167406592,2149580800,2140143616,2159017984,2159017984,2145386496,2155872256,2150891520,9215085066
2151677952,2154823680,2151677952,2141192192,2141192192,2160066560,2160066560,2146435072,2149842944,2151940096,9215101090
2139095040,2171600896,2169503744,2157969408,2142240768,2160066560,2160066560,2146435072,2159542272,2152202240,9215117089
2144337920,2152726528,2155872256,2141192192,2141192192,2160066560,2161115136,2147483648,2148532224,2152464384,9215133089
2136997888,2163212288,2172649472,2155872256,2142240768,2160066560,2160066560,2146435072,2157182976,2152202240,9215149089
2149580800,2161115136,2161115136,2140143616,2141192192,2160066560,2159017984,2146435072,2152988672,2151677952,9215165110
2148532224,2167406592,2159017984,2152726528,2141192192,2159017984,2157969408,2144337920,2156920832,2150629376,9215181112
2148532224,2152726528,2163212288,2138046464,2140143616,2157969408,2156920832,2143289344,2150629376,2149580800,9215197111
2131755008,2152726528,2153775104,2142240768,2139095040,2156920832,2155872256,2141192192,2145124352,2148270080,9215213109
2149580800,2151677952,2148532224,2134900736,2136997888,2155872256,2153775104,2140143616,2146172928,2146697216,9215229133
2146435072,2150629376,2145386496,2132803584,2136997888,2153775104,2152726528,2136997888,2143813632,2145124352,9215245134
2139095040,2146435072,2146435072,2130706432,2133852160,2152726528,2151677952,2134900736,2140667904,2143289344,9215261132
2127560704,2147483648,2142240768,2130706432,2132803584,2150629376,2148532224,2131755008,2136997888,2140930048,9215277131
2124414976,2151677952,2147483648,2139095040,2131755008,2148532224,2145386496,2127560704,2140667904,2138308608,9215293154
2132803584,2138046464,2139095040,2120220672,2128609280,2146435072,2144337920,2125463552,2132541440,2136211456,9215309156
2121269248,2148532224,2141192192,2131755008,2128609280,2145386496,2143289344,2123366400,2135687168,2135162880,9215325154
2120220672,2149580800,2151677952,2132803584,2125463552,2143289344,2141192192,2121269248,2138570752,2132803584,9215341153
2124414976,2151677952,2152726528,2123366400,2124414976,2141192192,2136997888,2118123520,2138046464,2130182144,9215357175
2120220672,2148532224,2149580800,2125463552,2123366400,2140143616,2135949312,2114977792,2135949312,2128609280,9215374066
2120220672,2146435072,2146435072,2120220672,2121269248,2139095040,2134900736,2112880640,2133327872,2127036416,9215390066
2114977792,2148532224,2145386496,2123366400,2120220672,2136997888,2132803584,2111832064,2133065728,2125463552,9215406066
2124414976,2127560704,2127560704,2102394880,2119172096,2135949312,2132803584,2109734912,2120482816,2124414976,9215422066
2127560704,2129657856,2127560704,2102394880,2119172096,2135949312,2130706432,2108686336,2121793536,2123628544,9215438090
2111832064,2147483648,2139095040,2122317824,2118123520,2134900736,2130706432,2107637760,2130182144,2122842112,9215454088
2111832064,2129657856,2131755008,2104492032,2118123520,2134900736,2129657856,2107637760,2119434240,2122579968,9215470088
2113929216,2144337920,2143289344,2114977792,2118123520,2134900736,2129657856,2107637760,2129133568,2122579968,9215486088
2112880640,2134900736,2131755008,2109734912,2118123520,2135949312,2130706432,2107637760,2122317824,2123104256,9215502111
2120220672,2146435072,2140143616,2117074944,2119172096,2135949312,2131755008,2108686336,2130968576,2123890688,9215518110
2126512128,2133852160,2135949312,2104492032,2119172096,2135949312,2131755008,2109734912,2125201408,2124152832,9215534111
2126512128,2145386496,2133852160,2113929216,2121269248,2138046464,2133852160,2110783488,2129920000,2125987840,9215550111
2116026368,2144337920,2143289344,2121269248,2121269248,2139095040,2134900736,2113929216,2131230720,2127298560,9215566132
2117074944,2131755008,2131755008,2110783488,2124414976,2140143616,2135949312,2116026368,2122842112,2129133568,9215582132
2126512128,2148532224,2146435072,2125463552,2124414976,2142240768,2139095040,2118123520,2136735744,2130968576,9215598132
2118123520,2147483648,2139095040,2130706432,2125463552,2143289344,2140143616,2121269248,2133852160,2132541440,9215614131
2135949312,2150629376,2142240768,2125463552,2127560704,2145386496,2142240768,2123366400,2138570752,2134638592,9215630155
2122317824,2143289344,2141192192,2124414976,2129657856,2146435072,2144337920,2126512128,2132803584,2136735744,9215646153
2125463552,2155872256,2160066560,2136997888,2130706432,2149580800,2147483648,2129657856,2144600064,2139357184,9215662151
2140143616,2140143616,2141192192,2123366400,2132803584,2151677952,2149580800,2131755008,2136211456,2141454336,9215678153
2138046464,2147483648,2142240768,2130706432,2133852160,2152726528,2150629376,2134900736,2139619328,2143027200,9215694177
2147483648,2150629376,2150629376,2129657856,2135949312,2153775104,2153775104,2138046464,2144600064,2145386496,9215710173
2138046464,2166358016,2159017984,2143289344,2136997888,2155872256,2154823680,2140143616,2151677952,2146959360,9215727066
2142240768,2148532224,2149580800,2133852160,2138046464,2156920832,2155872256,2142240768,2143551488,2148270080,9215743067
2151677952,2150629376,2151677952,2133852160,2139095040,2159017984,2157969408,2144337920,2146959360,2150105088,9215759066
2135949312,2151677952,2153775104,2140143616,2141192192,2157969408,2157969408,2144337920,2145386496,2150367232,9215775089
2133852160,2169503744,2166358016,2163212288,2141192192,2160066560,2160066560,2145386496,2158231552,2151677952,9215791087
2139095040,2172649472,2174746624,2156920832,2141192192,2160066560,2161115136,2146435072,2160852992,2152202240,9215807090
2144337920,2155872256,2153775104,2140143616,2142240768,2161115136,2160066560,2146435072,2148532224,2152464384,9215823090
2135949312,2161115136,2161115136,2150629376,2141192192,2160066560,2161115136,2146435072,2152202240,2152202240,9215839112
2132803584,2176843776,2161115136,2162163712,2141192192,2160066560,2159017984,2145386496,2158231552,2151415808,9215855111
2136997888,2151677952,2151677952,2140143616,2139095040,2159017984,2159017984,2145386496,2145124352,2150629376,9215871111
2134900736,2154823680,2152726528,2143289344,2140143616,2156920832,2157969408,2142240768,2146435072,2149318656,9215887112
2130706432,2155872256,2155872256,2143289344,2138046464,2156920832,2156920832,2142240768,2146435072,2148532224,9215903134
2129657856,2168455168,2160066560,2157969408,2136997888,2155872256,2155872256,2140143616,2154037248,2147221504,9215919131
2131755008,2157969408,2161115136,2145386496,2135949312,2153775104,2152726528,2138046464,2149056512,2145124352,9215935133
2136997888,2157969408,2162163712,2142240768,2134900736,2152726528,2151677952,2135949312,2149842944,2143813632,9215951133
2127560704,2147483648,2148532224,2132803584,2132803584,2151677952,2148532224,2132803584,2139095040,2141454336,9215967152
2130706432,2161115136,2161115136,2138046464,2131755008,2148532224,2146435072,2129657856,2147745792,2139095040,9215983151
2138046464,2140143616,2139095040,2120220672,2130706432,2147483648,2144337920,2127560704,2134376448,2137522176,9215999156
2131755008,2146435072,2151677952,2119172096,2127560704,2146435072,2143289344,2124414976,2137260032,2135425024,9216015155
2133852160,2140143616,2146435072,2117074944,2125463552,2144337920,2140143616,2122317824,2134376448,2133065728,9216031175
2122317824,2152726528,2154823680,2125463552,2124414976,2143289344,2139095040,2120220672,2138832896,2131755008,9216047173
2131755008,2141192192,2141192192,2110783488,2123366400,2139095040,2136997888,2116026368,2131230720,2128871424,9216064066
2119172096,2152726528,2146435072,2126512128,2121269248,2140143616,2134900736,2113929216,2136211456,2127560704,9216080066
2116026368,2151677952,2143289344,2121269248,2120220672,2138046464,2132803584,2111832064,2133065728,2125725696,9216096066
2110783488,2147483648,2138046464,2123366400,2120220672,2136997888,2131755008,2109734912,2129920000,2124677120,9216112066
2119172096,2146435072,2142240768,2113929216,2119172096,2135949312,2130706432,2109734912,2130444288,2123890688,9216128089
2126512128,2128609280,2125463552,2103443456,2119172096,2134900736,2130706432,2107637760,2121007104,2123104256,9216144088
2113929216,2149580800,2144337920,2119172096,2118123520,2134900736,2130706432,2107637760,2131755008,2122842112,9216160088
2108686336,2142240768,2128609280,2121269248,2118123520,2134900736,2129657856,2107637760,2125201408,2122579968,9216176088
2121269248,2125463552,2123366400,2100297728,2118123520,2135949312,2130706432,2108686336,2117599232,2123366400,9216192113
2120220672,2145386496,2143289344,2114977792,2119172096,2135949312,2131755008,2108686336,2130968576,2123890688,9216208111
2110783488,2139095040,2134900736,2118123520,2120220672,2135949312,2131755008,2108686336,2125725696,2124152832,9216224110
2129657856,2135949312,2129657856,2105540608,2121269248,2136997888,2132803584,2110783488,2125201408,2125463552,9216240109
2116026368,2146435072,2143289344,2112880640,2121269248,2139095040,2133852160,2112880640,2129657856,2126774272,9216256132
2118123520,2150629376,2146435072,2125463552,2122317824,2140143616,2134900736,2114977792,2135162880,2128084992,9216272131
2116026368,2146435072,2139095040,2126512128,2123366400,2142240768,2136997888,2118123520,2132017152,2130182144,9216288132
2117074944,2154823680,2147483648,2129657856,2125463552,2143289344,2139095040,2121269248,2137260032,2132279296,9216304131
2133852160,2135949312,2143289344,2114977792,2126512128,2144337920,2143289344,2123366400,2132017152,2134376448,9216320153
2140143616,2142240768,2135949312,2119172096,2129657856,2146435072,2144337920,2125463552,2134376448,2136473600,9216336154
2123366400,2142240768,2139095040,2125463552,2130706432,2147483648,2146435072,2128609280,2132541440,2138308608,9216352156
2123366400,2162163712,2153775104,2146435072,2131755008,2150629376,2148532224,2131755008,2146435072,2140667904,9216368151
2138046464,2144337920,2142240768,2124414976,2133852160,2151677952,2149580800,2133852160,2137260032,2142240768,9216384177
2143289344,2157969408,2146435072,2133852160,2135949312,2154823680,2152726528,2136997888,2145386496,2145124352,9216401067
2128609280,2155872256,2153775104,2143289344,2136997888,2153775104,2153775104,2139095040,2145386496,2145910784,9216417066
2136997888,2168455168,2164260864,2147483648,2138046464,2157969408,2154823680,2141192192,2154299392,2148007936,9216433067
2143289344,2161115136,2160066560,2139095040,2139095040,2157969408,2157969408,2143289344,2150891520,2149580800,9216449066
2131755008,2165309440,2161115136,2155872256,2140143616,2159017984,2159017984,2144337920,2153512960,2150629376,9216465090
2139095040,2167406592,2163212288,2153775104,2141192192,2160066560,2160066560,2145386496,2155872256,2151677952,9216481089
2147483648,2154823680,2163212288,2143289344,2141192192,2160066560,2160066560,2146435072,2152202240,2151940096,9216497089
2142240768,2165309440,2171600896,2146435072,2141192192,2160066560,2161115136,2146435072,2156396544,2152202240,9216513090
2136997888,2154823680,2154823680,2145386496,2141192192,2159017984,2160066560,2145386496,2148007936,2151415808,9216529110
2149580800,2152726528,2152726528,2141192192,2141192192,2160066560,2160066560,2145386496,2149056512,2151677952,9216545111
2147483648,2167406592,2165309440,2148532224,2140143616,2159017984,2160066560,2145386496,2157182976,2151153664,9216561110
2133852160,2154823680,2154823680,2147483648,2139095040,2157969408,2157969408,2144337920,2147745792,2149842944,9216577111
2131755008,2154823680,2152726528,2147483648,2139095040,2156920832,2156920832,2142240768,2146697216,2148794368,9216593135
2135949312,2168455168,2171600896,2146435072,2136997888,2156920832,2155872256,2141192192,2155610112,2147745792,9216609133
2144337920,2148532224,2147483648,2132803584,2136997888,2154823680,2153775104,2138046464,2143289344,2145910784,9216625132
2143289344,2159017984,2152726528,2138046464,2134900736,2152726528,2151677952,2135949312,2148270080,2143813632,9216641131
2141192192,2163212288,2156920832,2139095040,2133852160,2151677952,2149580800,2132803584,2150105088,2141978624,9216657153
2134900736,2155872256,2157969408,2133852160,2131755008,2149580800,2148532224,2130706432,2145648640,2140143616,9216673154
2123366400,2147483648,2143289344,2130706432,2129657856,2148532224,2145386496,2127560704,2136211456,2137784320,9216689153
2123366400,2147483648,2135949312,2130706432,2128609280,2146435072,2143289344,2125463552,2134376448,2135949312,9216705154
2121269248,2157969408,2154823680,2134900736,2126512128,2146435072,2142240768,2123366400,2142240768,2134638592,9216721176
2129657856,2136997888,2129657856,2116026368,2125463552,2142240768,2139095040,2120220672,2128084992,2131755008,9216737175
2126512128,2146435072,2143289344,2121269248,2123366400,2141192192,2136997888,2117074944,2134376448,2129657856,9216754066
2126512128,2146435072,2145386496,2121269248,2122317824,2140143616,2135949312,2114977792,2134900736,2128347136,9216770066
2123366400,2146435072,2140143616,2117074944,2120220672,2139095040,2134900736,2112880640,2131755008,2126774272,9216786066
2116026368,2150629376,2146435072,2119172096,2120220672,2138046464,2133852160,2111832064,2133065728,2125987840,9216802088
2124414976,2127560704,2126512128,2103443456,2119172096,2135949312,2130706432,2110783488,2120482816,2124152832,9216818088
2112880640,2134900736,2135949312,2110783488,2118123520,2134900736,2130706432,2108686336,2123628544,2123104256,9216834090
2128609280,2138046464,2124414976,2106589184,2118123520,2135949312,2130706432,2108686336,2124414976,2123366400,9216850089
2111832064,2131755008,2130706432,2107637760,2118123520,2134900736,2130706432,2107637760,2120482816,2122842112,9216866113
2130706432,2125463552,2124414976,2099249152,2118123520,2134900736,2129657856,2108686336,2119958528,2122842112,9216882110
2121269248,2130706432,2124414976,2102394880,2118123520,2135949312,2130706432,2109734912,2119696384,2123628544,9216898110
2130706432,2129657856,2129657856,2103443456,2119172096,2135949312,2130706432,2108686336,2123366400,2123628544,9216914110
2126512128,2130706432,2132803584,2104492032,2120220672,2136997888,2132803584,2110783488,2123628544,2125201408,9216930133
2112880640,2151677952,2139095040,2128609280,2121269248,2138046464,2132803584,2112880640,2133065728,2126249984,9216946132
2118123520,2149580800,2146435072,2123366400,2122317824,2139095040,2135949312,2113929216,2134376448,2127822848,9216962133
2129657856,2132803584,2129657856,2109734912,2123366400,2141192192,2136997888,2117074944,2125463552,2129657856,9216978132
2138046464,2131755008,2131755008,2108686336,2126512128,2142240768,2139095040,2119172096,2127560704,2131755008,9216994155
2127560704,2140143616,2150629376,2117074944,2126512128,2144337920,2141192192,2121269248,2133852160,2133327872,9217010151
2122317824,2143289344,2134900736,2126512128,2128609280,2145386496,2143289344,2124414976,2131755008,2135425024,9217026153
2139095040,2140143616,2145386496,2121269248,2129657856,2148532224,2145386496,2127560704,2136473600,2137784320,9217042154
2128609280,2143289344,2141192192,2124414976,2130706432,2150629376,2148532224,2131755008,2134376448,2140405760,9217058175
2130706432,2160066560,2157969408,2135949312,2132803584,2151677952,2149580800,2133852160,2146172928,2141978624,9217074174
2142240768,2145386496,2144337920,2125463552,2133852160,2153775104,2152726528,2135949312,2139357184,2144075776,9217091067
2143289344,2144337920,2145386496,2129657856,2136997888,2154823680,2153775104,2138046464,2140667904,2145910784,9217107066
2140143616,2147483648,2148532224,2131755008,2136997888,2156920832,2155872256,2141192192,2141978624,2147745792,9217123067
2130706432,2151677952,2152726528,2140143616,2139095040,2156920832,2156920832,2142240768,2143813632,2148794368,9217139066
2141192192,2168455168,2164260864,2148532224,2140143616,2159017984,2157969408,2145386496,2155610112,2150629376,9217155088
2132803584,2166358016,2165309440,2151677952,2140143616,2159017984,2160066560,2145386496,2154037248,2151153664,9217171088
2147483648,2165309440,2165309440,2146435072,2141192192,2160066560,2160066560,2147483648,2156134400,2152202240,9217187089
2136997888,2172649472,2173698048,2160066560,2142240768,2159017984,2161115136,2146435072,2160852992,2152202240,9217203090
2148532224,2150629376,2150629376,2138046464,2142240768,2161115136,2160066560,2147483648,2146959360,2152726528,9217219111
2147483648,2165309440,2167406592,2146435072,2142240768,2160066560,2160066560,2147483648,2156658688,2152464384,9217235112
2139095040,2168455168,2171600896,2151677952,2141192192,2160066560,2159017984,2146435072,2157707264,2151677952,9217251111
2131755008,2164260864,2160066560,2155872256,2140143616,2159017984,2159017984,2145386496,2152988672,2150891520,9217267109
2151677952,2150629376,2150629376,2141192192,2139095040,2157969408,2157969408,2143289344,2148532224,2149580800,9217283133
2135949312,2163212288,2167406592,2146435072,2139095040,2157969408,2156920832,2142240768,2153250816,2149056512,9217299134
2143289344,2156920832,2159017984,2136997888,2136997888,2156920832,2154823680,2140143616,2149056512,2147221504,9217315134
2140143616,2161115136,2156920832,2138046464,2135949312,2154823680,2151677952,2138046464,2149056512,2145124352,9217331130
2131755008,2147483648,2143289344,2129657856,2134900736,2151677952,2150629376,2133852160,2138046464,2142765056,9217347155
2129657856,2145386496,2144337920,2130706432,2131755008,2150629376,2148532224,2132803584,2137522176,2140930048,9217363152
2132803584,2162163712,2156920832,2134900736,2130706432,2149580800,2147483648,2129657856,2146697216,2139357184,9217379156
2126512128,2159017984,2156920832,2135949312,2129657856,2146435072,2144337920,2125463552,2144600064,2136473600,9217395152
2126512128,2156920832,2154823680,2129657856,2127560704,2145386496,2143289344,2123366400,2141978624,2134900736,9217411174
2122317824,2150629376,2148532224,2130706432,2125463552,2143289344,2140143616,2120220672,2138046464,2132279296,9217428066
2119172096,2135949312,2133852160,2116026368,2124414976,2140143616,2138046464,2117074944,2126249984,2129920000,9217444066
2118123520,2139095040,2149580800,2119172096,2123366400,2140143616,2136997888,2114977792,2131492864,2128871424,9217460066
2118123520,2150629376,2146435072,2125463552,2122317824,2138046464,2134900736,2113929216,2135162880,2127298560,9217476066
2112880640,2142240768,2139095040,2122317824,2120220672,2136997888,2132803584,2111832064,2129133568,2125463552,9217492089
2118123520,2145386496,2141192192,2112880640,2120220672,2135949312,2131755008,2110783488,2129395712,2124677120,9217508088
2130706432,2127560704,2133852160,2102394880,2119172096,2135949312,2130706432,2108686336,2123628544,2123628544,9217524087
2110783488,2146435072,2140143616,2122317824,2118123520,2134900736,2129657856,2107637760,2129920000,2122579968,9217540090
2116026368,2144337920,2138046464,2117074944,2118123520,2134900736,2129657856,2107637760,2128871424,2122579968,9217556109
2121269248,2132803584,2121269248,2103443456,2118123520,2135949312,2130706432,2108686336,2119696384,2123366400,9217572111
2112880640,2127560704,2130706432,2104492032,2119172096,2135949312,2129657856,2107637760,2118909952,2123104256,9217588109
2123366400,2147483648,2135949312,2114977792,2119172096,2136997888,2130706432,2109734912,2130444288,2124152832,9217604110
2126512128,2129657856,2125463552,2105540608,2120220672,2136997888,2132803584,2109734912,2121793536,2124939264,9217620132
2123366400,2143289344,2138046464,2116026368,2121269248,2136997888,2132803584,2111832064,2130182144,2125725696,9217636132
2127560704,2141192192,2141192192,2107637760,2122317824,2140143616,2134900736,2113929216,2129395712,2127822848,9217652131
2122317824,2146435072,2145386496,2112880640,2123366400,2141192192,2136997888,2117074944,2131755008,2129657856,9217668132
2118123520,2135949312,2128609280,2114977792,2125463552,2141192192,2138046464,2118123520,2124414976,2130706432,9217684153
2126512128,2146435072,2146435072,2120220672,2125463552,2144337920,2140143616,2121269248,2134900736,2132803584,9217700154
2140143616,2135949312,2134900736,2116026368,2127560704,2145386496,2142240768,2124414976,2131755008,2134900736,9217716150
2122317824,2153775104,2149580800,2134900736,2128609280,2147483648,2144337920,2126512128,2140143616,2136735744,9217732152
2123366400,2151677952,2143289344,2136997888,2130706432,2149580800,2147483648,2129657856,2138832896,2139357184,9217748174
2126512128,2159017984,2156920832,2135949312,2132803584,2151677952,2149580800,2132803584,2144600064,2141716480,9217764174
2130706432,2164260864,2161115136,2142240768,2134900736,2151677952,2150629376,2134900736,2149580800,2143027200,9217781066
2138046464,2146435072,2148532224,2130706432,2135949312,2153775104,2152726528,2136997888,2140930048,2144862208,9217797066
2129657856,2148532224,2149580800,2135949312,2138046464,2154823680,2154823680,2139095040,2140930048,2146697216,9217813067
2139095040,2163212288,2163212288,2144337920,2139095040,2156920832,2156920832,2141192192,2152464384,2148532224,9217829091
2134900736,2173698048,2171600896,2149580800,2139095040,2159017984,2157969408,2144337920,2157445120,2150105088,9217845089
2152726528,2151677952,2153775104,2133852160,2141192192,2159017984,2159017984,2144337920,2148007936,2150891520,9217861089
2143289344,2167406592,2171600896,2153775104,2142240768,2160066560,2160066560,2146435072,2159017984,2152202240,9217877090
2130706432,2167406592,2157969408,2156920832,2141192192,2160066560,2160066560,2146435072,2153250816,2151940096,9217893110
2133852160,2171600896,2168455168,2161115136,2142240768,2161115136,2160066560,2147483648,2158755840,2152726528,9217909111
2134900736,2153775104,2162163712,2142240768,2142240768,2161115136,2160066560,2147483648,2148270080,2152726528,9217925111
2136997888,2174746624,2173698048,2157969408,2141192192,2159017984,2160066560,2146435072,2160852992,2151677952,9217941113
2146435072,2155872256,2153775104,2141192192,2141192192,2159017984,2159017984,2144337920,2149318656,2150891520,9217957133
2132803584,2164260864,2155872256,2155872256,2140143616,2159017984,2157969408,2144337920,2152202240,2150367232,9217973132
2131755008,2153775104,2156920832,2143289344,2139095040,2156920832,2155872256,2142240768,2146435072,2148532224,9217989131
2146435072,2150629376,2149580800,2131755008,2138046464,2155872256,2155872256,2140143616,2144600064,2147483648,9218005134
2129657856,2163212288,2155872256,2151677952,2136997888,2154823680,2152726528,2138046464,2150105088,2145648640,9218021155
2129657856,2149580800,2147483648,2133852160,2134900736,2152726528,2150629376,2134900736,2140143616,2143289344,9218037152
2126512128,2160066560,2151677952,2147483648,2133852160,2151677952,2149580800,2132803584,2146435072,2141978624,9218053152
2126512128,2149580800,2143289344,2134900736,2130706432,2148532224,2147483648,2130706432,2138570752,2139357184,9218069153
2122317824,2161115136,2152726528,2138046464,2130706432,2147483648,2145386496,2126512128,2143551488,2137522176,9218085176
2121269248,2147483648,2151677952,2130706432,2127560704,2146435072,2143289344,2124414976,2137784320,2135425024,9218101174
2119172096,2142240768,2139095040,2124414976,2126512128,2143289344,2141192192,2120220672,2131230720,2132803584,9218118066
2133852160,2134900736,2132803584,2111832064,2124414976,2141192192,2138046464,2118123520,2128347136,2130444288,9218134066
2116026368,2154823680,2139095040,2134900736,2123366400,2140143616,2136997888,2116026368,2136211456,2129133568,9218150066
2135949312,2132803584,2132803584,2106589184,2121269248,2139095040,2134900736,2114977792,2127036416,2127560704,9218166066
2125463552,2134900736,2127560704,2109734912,2121269248,2138046464,2133852160,2111832064,2124414976,2126249984,9218182090
2116026368,2132803584,2129657856,2105540608,2120220672,2136997888,2132803584,2110783488,2121007104,2125201408,9218198090
2125463552,2131755008,2124414976,2102394880,2119172096,2135949312,2130706432,2108686336,2121007104,2123628544,9218214089
2116026368,2141192192,2141192192,2112880640,2118123520,2135949312,2130706432,2108686336,2127822848,2123366400,9218230088
2113929216,2129657856,2122317824,2104492032,2118123520,2135949312,2129657856,2108686336,2117599232,2123104256,9218246110
2113929216,2142240768,2140143616,2117074944,2118123520,2134900736,2130706432,2107637760,2128347136,2122842112,9218262112
2127560704,2140143616,2134900736,2104492032,2118123520,2134900736,2129657856,2108686336,2126774272,2122842112,9218278111
2111832064,2140143616,2141192192,2118123520,2119172096,2135949312,2130706432,2108686336,2127822848,2123628544,9218294109
2112880640,2135949312,2135949312,2111832064,2119172096,2136997888,2132803584,2110783488,2124152832,2124939264,9218310134
2121269248,2130706432,2125463552,2105540608,2120220672,2138046464,2132803584,2111832064,2120744960,2125725696,9218326131
2130706432,2142240768,2133852160,2111832064,2122317824,2138046464,2133852160,2112880640,2129657856,2126774272,9218342132
2117074944,2147483648,2146435072,2126512128,2122317824,2140143616,2136997888,2114977792,2134376448,2128609280,9218358130
2121269248,2155872256,2148532224,2124414976,2124414976,2141192192,2136997888,2117074944,2137522176,2129920000,9218374155
2117074944,2150629376,2139095040,2131755008,2126512128,2143289344,2139095040,2120220672,2134638592,2132279296,9218390153
2120220672,2143289344,2134900736,2124414976,2127560704,2145386496,2142240768,2123366400,2130706432,2134638592,9218406151
2121269248,2148532224,2154823680,2130706432,2128609280,2147483648,2144337920,2126512128,2138832896,2136735744,9218422152
2124414976,2152726528,2155872256,2133852160,2130706432,2148532224,2146435072,2128609280,2141716480,2138570752,9218438175
2123366400,2155872256,2153775104,2141192192,2132803584,2150629376,2148532224,2131755008,2143551488,2140930048,9218455066
2139095040,2145386496,2142240768,2126512128,2133852160,2151677952,2149580800,2133852160,2138308608,2142240768,9218471066
2141192192,2146435072,2145386496,2129657856,2135949312,2153775104,2151677952,2135949312,2140667904,2144337920,9218487066
2146435072,2148532224,2146435072,2132803584,2138046464,2155872256,2153775104,2139095040,2143551488,2146697216,9218503066
2143289344,2163212288,2159017984,2144337920,2138046464,2156920832,2155872256,2142240768,2152464384,2148270080,9218519088
2132803584,2163212288,2164260864,2152726528,2140143616,2156920832,2156920832,2142240768,2153250816,2149056512,9218535088
2132803584,2171600896,2172649472,2146435072,2140143616,2157969408,2159017984,2144337920,2155872256,2150367232,9218551089
2145386496,2151677952,2153775104,2136997888,2141192192,2159017984,2159017984,2145386496,2146959360,2151153664,9218567091
2150629376,2150629376,2157969408,2140143616,2142240768,2160066560,2160066560,2146435072,2149842944,2152202240,9218583111
2140143616,2161115136,2167406592,2140143616,2141192192,2160066560,2160066560,2146435072,2152202240,2151940096,9218599110
2142240768,2163212288,2165309440,2143289344,2141192192,2160066560,2161115136,2146435072,2153512960,2152202240,9218615110
2138046464,2156920832,2156920832,2147483648,2141192192,2161115136,2161115136,2146435072,2149842944,2152464384,9218631112
2153775104,2163212288,2152726528,2140143616,2141192192,2160066560,2160066560,2145386496,2152464384,2151677952,9218647133
2133852160,2160066560,2154823680,2151677952,2140143616,2159017984,2159017984,2144337920,2150105088,2150629376,9218663132
2133852160,2153775104,2154823680,2141192192,2138046464,2156920832,2156920832,2142240768,2145910784,2148532224,9218679130
2138046464,2166358016,2161115136,2147483648,2139095040,2157969408,2154823680,2141192192,2153250816,2148270080,9218695134
2131755008,2153775104,2150629376,2141192192,2136997888,2154823680,2153775104,2138046464,2144337920,2145910784,9218711154
2145386496,2160066560,2146435072,2140143616,2134900736,2153775104,2151677952,2135949312,2148007936,2144075776,9218727152
2142240768,2146435072,2153775104,2127560704,2133852160,2151677952,2150629376,2132803584,2142502912,2142240768,9218743151
2125463552,2150629376,2147483648,2135949312,2131755008,2149580800,2147483648,2130706432,2139881472,2139881472,9218759156
2142240768,2142240768,2144337920,2121269248,2130706432,2147483648,2145386496,2127560704,2137522176,2137784320,9218775175
2122317824,2160066560,2147483648,2141192192,2129657856,2146435072,2143289344,2124414976,2142765056,2135949312,9218791175
2126512128,2150629376,2149580800,2127560704,2126512128,2143289344,2141192192,2122317824,2138570752,2133327872,9218808066
2119172096,2147483648,2147483648,2130706432,2125463552,2144337920,2140143616,2120220672,2136211456,2132541440,9218824066
2127560704,2139095040,2142240768,2110783488,2123366400,2141192192,2138046464,2116026368,2129920000,2129657856,9218840066
2123366400,2149580800,2144337920,2119172096,2122317824,2139095040,2134900736,2113929216,2134114304,2127560704,9218856089
2132803584,2145386496,2131755008,2118123520,2121269248,2138046464,2133852160,2111832064,2132017152,2126249984,9218872088
2131755008,2132803584,2126512128,2106589184,2120220672,2136997888,2131755008,2111832064,2124414976,2125201408,9218888088
2131755008,2132803584,2127560704,2103443456,2120220672,2135949312,2131755008,2109734912,2123890688,2124414976,9218904090
2111832064,2148532224,2142240768,2120220672,2119172096,2135949312,2131755008,2108686336,2130706432,2123890688,9218920110
2119172096,2130706432,2124414976,2101346304,2118123520,2136997888,2130706432,2108686336,2118909952,2123628544,9218936110
2119172096,2127560704,2122317824,2100297728,2118123520,2134900736,2130706432,2107637760,2117337088,2122842112,9218952112
2121269248,2128609280,2124414976,2101346304,2118123520,2134900736,2130706432,2107637760,2118909952,2122842112,9218968111
2131755008,2124414976,2123366400,2098200576,2119172096,2134900736,2130706432,2107637760,2119434240,2123104256,9218984131
2121269248,2142240768,2138046464,2110783488,2119172096,2135949312,2131755008,2109734912,2128084992,2124152832,9219000129
2118123520,2146435072,2141192192,2117074944,2120220672,2138046464,2133852160,2111832064,2130706432,2125987840,9219016132
2131755008,2129657856,2124414976,2105540608,2121269248,2138046464,2133852160,2112880640,2122842112,2126512128,9219032131
2130706432,2144337920,2129657856,2118123520,2122317824,2139095040,2134900736,2114977792,2130706432,2127822848,9219048152
2116026368,2140143616,2136997888,2121269248,2123366400,2141192192,2136997888,2117074944,2128609280,2129657856,9219064153
2132803584,2135949312,2131755008,2110783488,2125463552,2142240768,2139095040,2118123520,2127822848,2131230720,9219080154
2121269248,2143289344,2147483648,2122317824,2126512128,2144337920,2141192192,2122317824,2133590016,2133590016,9219096153
2123366400,2154823680,2152726528,2132803584,2128609280,2145386496,2143289344,2124414976,2140930048,2135425024,9219112176
2133852160,2152726528,2149580800,2132803584,2130706432,2147483648,2145386496,2128609280,2142240768,2138046464,9219128172
2123366400,2151677952,2148532224,2138046464,2132803584,2148532224,2147483648,2129657856,2140405760,2139619328,9219145066
2128609280,2150629376,2153775104,2138046464,2133852160,2151677952,2149580800,2132803584,2142765056,2141978624,9219161066
2142240768,2144337920,2143289344,2128609280,2134900736,2153775104,2151677952,2135949312,2139619328,2144075776,9219177066
2142240768,2148532224,2148532224,2131755008,2136997888,2154823680,2154823680,2139095040,2142765056,2146435072,9219193066
2130706432,2167406592,2159017984,2152726528,2138046464,2155872256,2154823680,2140143616,2152464384,2147221504,9219209088
2132803584,2150629376,2151677952,2138046464,2139095040,2157969408,2157969408,2142240768,2143289344,2149318656,9219225089
2133852160,2164260864,2168455168,2152726528,2140143616,2159017984,2159017984,2143289344,2154823680,2150367232,9219241088
2148532224,2153775104,2151677952,2140143616,2141192192,2159017984,2159017984,2145386496,2148532224,2151153664,9219257087
2145386496,2167406592,2166358016,2152726528,2141192192,2160066560,2161115136,2146435072,2157969408,2152202240,9219273113
2136997888,2172649472,2172649472,2157969408,2142240768,2160066560,2160066560,2147483648,2160066560,2152464384,9219289112
2133852160,2164260864,2166358016,2153775104,2142240768,2161115136,2160066560,2147483648,2154561536,2152726528,9219305110
2148532224,2164260864,2161115136,2154823680,2142240768,2160066560,2160066560,2146435072,2157182976,2152202240,9219321110
2134900736,2165309440,2160066560,2157969408,2141192192,2160066560,2159017984,2146435072,2154561536,2151677952,9219337132
2142240768,2150629376,2153775104,2135949312,2140143616,2160066560,2159017984,2145386496,2145648640,2151153664,9219353133
2145386496,2152726528,2151677952,2139095040,2140143616,2157969408,2156920832,2143289344,2147221504,2149580800,9219369133
2138046464,2151677952,2151677952,2140143616,2138046464,2156920832,2155872256,2142240768,2145386496,2148270080,9219385133
2131755008,2150629376,2150629376,2136997888,2135949312,2155872256,2154823680,2139095040,2142502912,2146435072,9219401155
2143289344,2152726528,2159017984,2130706432,2135949312,2153775104,2152726528,2136997888,2146435072,2144862208,9219417153
2127560704,2150629376,2150629376,2138046464,2133852160,2151677952,2150629376,2133852160,2141716480,2142502912,9219433154
2127560704,2161115136,2156920832,2142240768,2131755008,2150629376,2148532224,2130706432,2146959360,2140405760,9219449151
2136997888,2141192192,2140143616,2123366400,2130706432,2148532224,2146435072,2129657856,2135425024,2138832896,9219465178
2128609280,2153775104,2153775104,2129657856,2128609280,2147483648,2144337920,2125463552,2141454336,2136473600,9219482066
2119172096,2143289344,2141192192,2122317824,2127560704,2145386496,2142240768,2123366400,2131492864,2134638592,9219498066
2138046464,2146435072,2133852160,2114977792,2125463552,2144337920,2140143616,2121269248,2133327872,2132803584,9219514066
2131755008,2150629376,2141192192,2125463552,2124414976,2142240768,2138046464,2118123520,2137260032,2130706432,9219530066
2133852160,2139095040,2129657856,2108686336,2122317824,2140143616,2135949312,2114977792,2127822848,2128347136,9219546089
2119172096,2134900736,2130706432,2109734912,2121269248,2139095040,2134900736,2113929216,2123628544,2127298560,9219562090
2121269248,2132803584,2127560704,2107637760,2120220672,2138046464,2132803584,2110783488,2122317824,2125463552,9219578091
2112880640,2141192192,2128609280,2116026368,2120220672,2136997888,2132803584,2109734912,2124677120,2124939264,9219594091
2123366400,2143289344,2135949312,2113929216,2119172096,2135949312,2130706432,2109734912,2129133568,2123890688,9219610112
2125463552,2138046464,2125463552,2107637760,2118123520,2134900736,2130706432,2107637760,2124152832,2122842112,9219626110
2122317824,2142240768,2134900736,2116026368,2118123520,2134900736,2129657856,2107637760,2128871424,2122579968,9219642111
2113929216,2147483648,2138046464,2121269248,2118123520,2135949312,2130706432,2108686336,2130182144,2123366400,9219658112
2114977792,2127560704,2122317824,2104492032,2119172096,2135949312,2130706432,2108686336,2117337088,2123628544,9219674132
2112880640,2134900736,2130706432,2111832064,2119172096,2135949312,2131755008,2108686336,2122579968,2123890688,9219690133
2123366400,2144337920,2136997888,2110783488,2119172096,2136997888,2131755008,2110783488,2128871424,2124677120,9219706131
2127560704,2132803584,2124414976,2105540608,2121269248,2138046464,2133852160,2111832064,2122579968,2126249984,9219722131
2129657856,2134900736,2127560704,2104492032,2122317824,2139095040,2134900736,2113929216,2124152832,2127560704,9219738154
2125463552,2133852160,2130706432,2110783488,2123366400,2140143616,2135949312,2116026368,2125201408,2128871424,9219754155
2118123520,2155872256,2149580800,2130706432,2124414976,2142240768,2138046464,2118123520,2138570752,2130706432,9219770152
2134900736,2150629376,2138046464,2126512128,2126512128,2143289344,2140143616,2121269248,2137522176,2132803584,9219786155
2121269248,2151677952,2151677952,2132803584,2128609280,2145386496,2142240768,2123366400,2139357184,2134900736,9219802175
2128609280,2153775104,2150629376,2132803584,2129657856,2146435072,2145386496,2126512128,2141454336,2136997888,9219818176
2139095040,2143289344,2141192192,2123366400,2131755008,2148532224,2146435072,2129657856,2136735744,2139095040,9219835066
2124414976,2146435072,2145386496,2129657856,2132803584,2151677952,2149580800,2132803584,2136473600,2141716480,9219851066
2146435072,2145386496,2144337920,2128609280,2134900736,2152726528,2151677952,2134900736,2141192192,2143551488,9219867066
2138046464,2146435072,2144337920,2129657856,2135949312,2154823680,2153775104,2138046464,2139619328,2145648640,9219883090
2134900736,2163212288,2166358016,2146435072,2138046464,2156920832,2155872256,2140143616,2152726528,2147745792,9219899088
2148532224,2148532224,2148532224,2132803584,2138046464,2156920832,2156920832,2142240768,2144600064,2148532224,9219915089
2131755008,2157969408,2156920832,2147483648,2139095040,2157969408,2157969408,2143289344,2148532224,2149580800,9219931088
2132803584,2170552320,2162163712,2159017984,2140143616,2159017984,2159017984,2145386496,2156134400,2150891520,9219947111
2135949312,2164260864,2174746624,2151677952,2141192192,2159017984,2160066560,2146435072,2156658688,2151677952,9219963111
2136997888,2174746624,2169503744,2156920832,2142240768,2160066560,2160066560,2146435072,2159542272,2152202240,9219979110
2141192192,2172649472,2168455168,2155872256,2142240768,2160066560,2160066560,2147483648,2159542272,2152464384,9219995110
2135949312,2155872256,2155872256,2143289344,2141192192,2160066560,2161115136,2146435072,2147745792,2152202240,9220011132
2154823680,2153775104,2152726528,2139095040,2141192192,2159017984,2160066560,2145386496,2150105088,2151415808,9220027131
2132803584,2172649472,2169503744,2154823680,2141192192,2159017984,2159017984,2145386496,2157445120,2151153664,9220043132
2143289344,2162163712,2166358016,2141192192,2140143616,2157969408,2159017984,2143289344,2153250816,2150105088,9220059132
2147483648,2162163712,2152726528,2146435072,2138046464,2157969408,2156920832,2142240768,2152202240,2148794368,9220075153
2139095040,2165309440,2165309440,2146435072,2136997888,2155872256,2155872256,2141192192,2154037248,2147483648,9220091151
2147483648,2148532224,2157969408,2131755008,2136997888,2153775104,2153775104,2136997888,2146435072,2145386496,9220107152
2128609280,2150629376,2147483648,2135949312,2135949312,2152726528,2150629376,2134900736,2140667904,2143551488,9220123155
2126512128,2162163712,2156920832,2146435072,2132803584,2151677952,2150629376,2132803584,2148007936,2141978624,9220139174
2124414976,2151677952,2147483648,2136997888,2130706432,2149580800,2146435072,2130706432,2140143616,2139357184,9220155173
2146435072,2143289344,2141192192,2119172096,2129657856,2147483648,2144337920,2127560704,2137522176,2137260032,9220172066
2126512128,2159017984,2154823680,2138046464,2127560704,2146435072,2143289344,2124414976,2144600064,2135425024,9220188066
2128609280,2149580800,2152726528,2129657856,2127560704,2144337920,2141192192,2121269248,2140143616,2133590016,9220204066
2131755008,2136997888,2133852160,2112880640,2124414976,2142240768,2139095040,2119172096,2128871424,2131230720,9220220066
2117074944,2149580800,2145386496,2130706432,2123366400,2140143616,2136997888,2116026368,2135687168,2129133568,9220236089
2114977792,2151677952,2147483648,2130706432,2122317824,2139095040,2135949312,2113929216,2136211456,2127822848,9220252089
2114977792,2135949312,2132803584,2113929216,2121269248,2136997888,2133852160,2111832064,2124414976,2125987840,9220268089
2113929216,2134900736,2130706432,2107637760,2120220672,2136997888,2132803584,2109734912,2121793536,2124939264,9220284090
2128609280,2126512128,2125463552,2100297728,2119172096,2135949312,2131755008,2109734912,2120220672,2124152832,9220300111
2122317824,2129657856,2125463552,2103443456,2118123520,2134900736,2131755008,2108686336,2120220672,2123366400,9220316111
2129657856,2130706432,2128609280,2098200576,2117074944,2135949312,2129657856,2108686336,2121793536,2122842112,9220332111
2110783488,2134900736,2124414976,2109734912,2119172096,2134900736,2130706432,2107637760,2119958528,2123104256,9220348111
2131755008,2128609280,2125463552,2098200576,2118123520,2134900736,2130706432,2108686336,2121007104,2123104256,9220364132
2124414976,2135949312,2138046464,2104492032,2119172096,2135949312,2129657856,2108686336,2125725696,2123366400,9220380134
2114977792,2132803584,2127560704,2107637760,2120220672,2135949312,2131755008,2109734912,2120744960,2124414976,9220396134
2132803584,2130706432,2128609280,2101346304,2120220672,2136997888,2132803584,2110783488,2123366400,2125201408,9220412130
2126512128,2146435072,2136997888,2121269248,2121269248,2138046464,2133852160,2112880640,2132803584,2126512128,9220428154
2118123520,2132803584,2129657856,2108686336,2123366400,2140143616,2135949312,2114977792,2122317824,2128609280,9220444154
2131755008,2144337920,2134900736,2125463552,2124414976,2142240768,2138046464,2117074944,2134114304,2130444288,9220460154
2134900736,2149580800,2138046464,2121269248,2125463552,2143289344,2140143616,2120220672,2135949312,2132279296,9220476152
2121269248,2138046464,2131755008,2120220672,2126512128,2145386496,2141192192,2123366400,2127822848,2134114304,9220492174
2123366400,2157969408,2154823680,2129657856,2129657856,2147483648,2144337920,2125463552,2141454336,2136735744,9220509067
2140143616,2149580800,2136997888,2128609280,2130706432,2148532224,2146435072,2128609280,2138832896,2138570752,9220525066
2132803584,2159017984,2154823680,2136997888,2132803584,2151677952,2148532224,2132803584,2145910784,2141454336,9220541066
2143289344,2157969408,2154823680,2135949312,2133852160,2152726528,2150629376,2134900736,2148007936,2143027200,9220557066
2126512128,2154823680,2149580800,2141192192,2135949312,2153775104,2152726528,2135949312,2143027200,2144600064,9220573091
2130706432,2165309440,2162163712,2148532224,2136997888,2154823680,2154823680,2140143616,2151677952,2146697216,9220589089
2136997888,2163212288,2160066560,2146435072,2138046464,2157969408,2155872256,2141192192,2151677952,2148270080,9220605088
2147483648,2150629376,2149580800,2135949312,2139095040,2156920832,2157969408,2142240768,2145910784,2149056512,9220621089
2150629376,2149580800,2150629376,2138046464,2141192192,2157969408,2156920832,2144337920,2147221504,2150105088,9220637112
2133852160,2171600896,2166358016,2160066560,2140143616,2160066560,2160066560,2146435072,2157969408,2151677952,9220653110
2134900736,2157969408,2155872256,2149580800,2141192192,2160066560,2161115136,2146435072,2149580800,2152202240,9220669110
2145386496,2155872256,2153775104,2141192192,2141192192,2161115136,2160066560,2146435072,2149056512,2152202240,9220685113
2152726528,2162163712,2152726528,2139095040,2141192192,2160066560,2160066560,2147483648,2151677952,2152202240,9220701133
2147483648,2152726528,2153775104,2141192192,2141192192,2160066560,2160066560,2146435072,2148794368,2151940096,9220717134
2132803584,2160066560,2163212288,2151677952,2140143616,2160066560,2160066560,2145386496,2151940096,2151415808,9220733131
2149580800,2161115136,2152726528,2139095040,2140143616,2159017984,2157969408,2144337920,2150629376,2150367232,9220749132
2142240768,2152726528,2150629376,2139095040,2140143616,2156920832,2156920832,2142240768,2146172928,2149056512,9220765153
2147483648,2149580800,2157969408,2136997888,2138046464,2155872256,2155872256,2140143616,2148007936,2147483648,9220781156
2129657856,2154823680,2166358016,2142240768,2136997888,2154823680,2153775104,2138046464,2148270080,2145910784,9220797152
2145386496,2146435072,2146435072,2132803584,2134900736,2153775104,2151677952,2136997888,2142765056,2144337920,9220813153
2128609280,2149580800,2148532224,2134900736,2133852160,2151677952,2149580800,2133852160,2140405760,2142240768,9220829175
2128609280,2157969408,2159017984,2140143616,2132803584,2150629376,2149580800,2129657856,2146435072,2140667904,9220845178
2124414976,2152726528,2145386496,2139095040,2130706432,2147483648,2145386496,2127560704,2140405760,2137784320,9220862066
2135949312,2146435072,2143289344,2122317824,2128609280,2145386496,2144337920,2124414976,2136997888,2135687168,9220878066
2122317824,2151677952,2151677952,2131755008,2125463552,2145386496,2142240768,2123366400,2139357184,2134114304,9220894066
2123366400,2156920832,2150629376,2127560704,2125463552,2143289344,2139095040,2119172096,2139619328,2131755008,9220910089
2119172096,2147483648,2148532224,2123366400,2123366400,2142240768,2138046464,2118123520,2134638592,2130444288,9220926088
2118123520,2134900736,2138046464,2111832064,2122317824,2139095040,2134900736,2113929216,2125725696,2127560704,9220942088
2127560704,2132803584,2129657856,2109734912,2122317824,2138046464,2133852160,2112880640,2124939264,2126774272,9220958089
2112880640,2151677952,2145386496,2120220672,2120220672,2136997888,2132803584,2110783488,2132541440,2125201408,9220974111
2122317824,2144337920,2136997888,2112880640,2120220672,2136997888,2131755008,2109734912,2129133568,2124677120,9220990109
2113929216,2147483648,2143289344,2120220672,2118123520,2135949312,2130706432,2108686336,2131230720,2123366400,9221006111
2110783488,2135949312,2128609280,2112880640,2118123520,2134900736,2129657856,2107637760,2122055680,2122579968,9221022111
2126512128,2129657856,2127560704,2105540608,2118123520,2135949312,2129657856,2108686336,2122317824,2123104256,9221038132
2127560704,2138046464,2123366400,2110783488,2119172096,2134900736,2130706432,2107637760,2124939264,2123104256,9221054131
2125463552,2129657856,2124414976,2103443456,2118123520,2135949312,2130706432,2109734912,2120744960,2123628544,9221070134
2126512128,2142240768,2127560704,2106589184,2120220672,2135949312,2131755008,2108686336,2125725696,2124152832,9221086132
2128609280,2138046464,2133852160,2107637760,2120220672,2136997888,2131755008,2110783488,2127036416,2124939264,9221102152
2117074944,2142240768,2140143616,2121269248,2121269248,2138046464,2132803584,2112880640,2130182144,2126249984,9221118152
2118123520,2148532224,2142240768,2123366400,2121269248,2140143616,2135949312,2116026368,2133065728,2128347136,9221134154
2117074944,2133852160,2130706432,2113929216,2123366400,2140143616,2135949312,2116026368,2123890688,2128871424,9221150153
2117074944,2145386496,2132803584,2126512128,2124414976,2142240768,2139095040,2120220672,2130444288,2131492864,9221166174
2132803584,2136997888,2133852160,2113929216,2126512128,2144337920,2141192192,2122317824,2129395712,2133590016,9221182172
2129657856,2141192192,2133852160,2120220672,2128609280,2145386496,2143289344,2124414976,2131230720,2135425024,9221199067
2129657856,2152726528,2151677952,2131755008,2130706432,2147483648,2145386496,2127560704,2141454336,2137784320,9221215066
2126512128,2164260864,2162163712,2135949312,2131755008,2149580800,2148532224,2130706432,2147221504,2140143616,9221231067
2131755008,2160066560,2153775104,2139095040,2133852160,2152726528,2149580800,2133852160,2146172928,2142502912,9221247066
2127560704,2160066560,2157969408,2147483648,2134900736,2152726528,2151677952,2135949312,2148270080,2143813632,9221263091
2128609280,2151677952,2160066560,2135949312,2136997888,2154823680,2152726528,2139095040,2144075776,2145910784,9221279088
2134900736,2163212288,2166358016,2146435072,2138046464,2156920832,2155872256,2141192192,2152726528,2148007936,9221295088
2150629376,2151677952,2148532224,2132803584,2139095040,2157969408,2156920832,2142240768,2145910784,2149056512,9221311089
2143289344,2166358016,2165309440,2145386496,2141192192,2157969408,2159017984,2144337920,2155085824,2150629376,9221327112
2150629376,2150629376,2151677952,2139095040,2140143616,2160066560,2159017984,2146435072,2148007936,2151415808,9221343111
2146435072,2151677952,2151677952,2138046464,2141192192,2160066560,2160066560,2146435072,2146959360,2151940096,9221359113
2147483648,2166358016,2166358016,2151677952,2141192192,2161115136,2161115136,2147483648,2157969408,2152726528,9221375110
2134900736,2165309440,2168455168,2154823680,2141192192,2160066560,2161115136,2147483648,2155872256,2152464384,9221391134
2142240768,2153775104,2153775104,2144337920,2141192192,2160066560,2160066560,2146435072,2148532224,2151940096,9221407132
2141192192,2150629376,2151677952,2140143616,2140143616,2160066560,2160066560,2146435072,2145910784,2151677952,9221423133
2133852160,2166358016,2170552320,2155872256,2140143616,2159017984,2159017984,2144337920,2156658688,2150629376,9221439131
2134900736,2168455168,2166358016,2157969408,2139095040,2157969408,2157969408,2143289344,2156920832,2149580800,9221455154
2132803584,2155872256,2152726528,2143289344,2139095040,2156920832,2155872256,2141192192,2146172928,2148270080,9221471155
2144337920,2148532224,2149580800,2131755008,2138046464,2155872256,2154823680,2139095040,2143551488,2146959360,9221487155
2143289344,2161115136,2163212288,2143289344,2135949312,2153775104,2153775104,2138046464,2152726528,2145386496,9221503151
2141192192,2156920832,2156920832,2136997888,2134900736,2151677952,2149580800,2134900736,2148007936,2142765056,9221519174
2125463552,2149580800,2140143616,2134900736,2131755008,2150629376,2149580800,2131755008,2137522176,2140930048,9221536066
2141192192,2152726528,2140143616,2129657856,2130706432,2148532224,2145386496,2129657856,2140930048,2138570752,9221552066
2122317824,2159017984,2153775104,2138046464,2128609280,2147483648,2145386496,2126512128,2143289344,2136997888,9221568066
2124414976,2153775104,2150629376,2125463552,2127560704,2145386496,2142240768,2123366400,2138570752,2134638592,9221584066
2125463552,2154823680,2152726528,2126512128,2125463552,2143289344,2140143616,2120220672,2139881472,2132279296,9221600089
2118123520,2152726528,2148532224,2129657856,2123366400,2142240768,2138046464,2118123520,2137260032,2130444288,9221616088
2132803584,2131755008,2130706432,2106589184,2123366400,2140143616,2135949312,2116026368,2125463552,2128871424,9221632088
2120220672,2144337920,2145386496,2120220672,2121269248,2140143616,2134900736,2113929216,2132541440,2127560704,9221648088
2133852160,2132803584,2125463552,2105540608,2121269248,2138046464,2132803584,2111832064,2124414976,2125987840,9221664113
2121269248,2142240768,2145386496,2111832064,2119172096,2136997888,2132803584,2109734912,2130182144,2124677120,9221680110
2126512128,2136997888,2127560704,2109734912,2118123520,2135949312,2130706432,2109734912,2125201408,2123628544,9221696110
2124414976,2140143616,2133852160,2112880640,2118123520,2135949312,2130706432,2108686336,2127822848,2123366400,9221712111
2112880640,2128609280,2125463552,2103443456,2118123520,2134900736,2129657856,2107637760,2117599232,2122579968,9221728134
2120220672,2125463552,2126512128,2100297728,2118123520,2135949312,2129657856,2108686336,2118123520,2123104256,9221744134
2123366400,2138046464,2136997888,2105540608,2119172096,2135949312,2130706432,2107637760,2125987840,2123366400,9221760133
2125463552,2130706432,2122317824,2103443456,2119172096,2135949312,2130706432,2109734912,2120482816,2123890688,9221776133
2118123520,2144337920,2140143616,2112880640,2120220672,2135949312,2131755008,2110783488,2128871424,2124677120,9221792152
2118123520,2144337920,2142240768,2119172096,2120220672,2138046464,2133852160,2111832064,2130968576,2125987840,9221808153
2128609280,2130706432,2126512128,2104492032,2122317824,2139095040,2134900736,2112880640,2122579968,2127298560,9221824151
2135949312,2130706432,2132803584,2104492032,2124414976,2139095040,2136997888,2116026368,2125987840,2129133568,9221840153
2133852160,2133852160,2131755008,2111832064,2124414976,2142240768,2138046464,2119172096,2127822848,2130968576,9221856175
2136997888,2136997888,2136997888,2110783488,2126512128,2143289344,2141192192,2120220672,2130444288,2132803584,9221872174
2121269248,2143289344,2148532224,2126512128,2127560704,2145386496,2143289344,2123366400,2134900736,2134900736,9221889066
2141192192,2147483648,2138046464,2125463552,2129657856,2147483648,2144337920,2127560704,2138046464,2137260032,9221905066
2132803584,2154823680,2153775104,2134900736,2131755008,2149580800,2147483648,2129657856,2144075776,2139619328,9221921067
2125463552,2142240768,2147483648,2127560704,2132803584,2150629376,2149580800,2132803584,2135687168,2141454336,9221937088
2126512128,2155872256,2154823680,2141192192,2133852160,2152726528,2151677952,2135949312,2144600064,2143551488,9221953088
2146435072,2152726528,2144337920,2127560704,2135949312,2153775104,2151677952,2136997888,2142765056,2144600064,9221969090
2129657856,2155872256,2151677952,2143289344,2136997888,2155872256,2154823680,2140143616,2145124352,2146959360,9221985088
2129657856,2164260864,2151677952,2153775104,2139095040,2157969408,2155872256,2142240768,2149842944,2148794368,9222001111
2134900736,2165309440,2176843776,2150629376,2140143616,2157969408,2157969408,2144337920,2156920832,2150105088,9222017110
2135949312,2176843776,2166358016,2157969408,2140143616,2160066560,2159017984,2145386496,2159280128,2151153664,9222033111
2134900736,2171600896,2171600896,2154823680,2140143616,2161115136,2161115136,2146435072,2158231552,2152202240,9222049110
2149580800,2166358016,2153775104,2144337920,2142240768,2160066560,2160066560,2146435072,2153512960,2152202240,9222065134
