2121269248,2147483648,2147483648,2129657856,2129657856,2147483648,2145386496,2127560704,2136473600,2137522176,2456135048
2122317824,2151677952,2150629376,2133852160,2129657856,2147483648,2145386496,2127560704,2139619328,2137522176,2456151048
2136997888,2154823680,2152726528,2129657856,2129657856,2147483648,2145386496,2127560704,2143551488,2137522176,2456167048
2122317824,2144337920,2151677952,2124414976,2130706432,2146435072,2145386496,2126512128,2135687168,2137260032,2456183047
2122317824,2149580800,2141192192,2132803584,2130706432,2146435072,2144337920,2126512128,2136473600,2136997888,2456199071
2143289344,2139095040,2140143616,2119172096,2129657856,2147483648,2145386496,2127560704,2135425024,2137522176,2456215068
2133852160,2152726528,2150629376,2127560704,2130706432,2147483648,2145386496,2127560704,2141192192,2137784320,2456231070
2134900736,2151677952,2149580800,2127560704,2129657856,2148532224,2145386496,2127560704,2140930048,2137784320,2456247070
2122317824,2155872256,2155872256,2136997888,2129657856,2147483648,2144337920,2127560704,2142765056,2137260032,2456263091
2123366400,2148532224,2142240768,2134900736,2128609280,2148532224,2145386496,2128609280,2137260032,2137784320,2456279091
2124414976,2148532224,2147483648,2132803584,2130706432,2147483648,2145386496,2127560704,2138308608,2137784320,2456295091
2127560704,2157969408,2157969408,2133852160,2129657856,2147483648,2145386496,2127560704,2144337920,2137522176,2456311091
2134900736,2140143616,2139095040,2119172096,2129657856,2146435072,2143289344,2126512128,2133327872,2136473600,2456327112
2121269248,2147483648,2149580800,2130706432,2128609280,2146435072,2144337920,2125463552,2137260032,2136211456,2456343111
2126512128,2154823680,2156920832,2134900736,2129657856,2147483648,2145386496,2126512128,2143289344,2137260032,2456360001
2123366400,2147483648,2139095040,2130706432,2130706432,2148532224,2145386496,2128609280,2135162880,2138308608,2456376001
2123366400,2146435072,2150629376,2129657856,2130706432,2147483648,2146435072,2127560704,2137522176,2138046464,2456392001
2131755008,2146435072,2151677952,2124414976,2130706432,2147483648,2146435072,2127560704,2138570752,2138046464,2456408000
2130706432,2159017984,2159017984,2136997888,2129657856,2147483648,2145386496,2127560704,2146435072,2137522176,2456424027
2121269248,2153775104,2150629376,2136997888,2129657856,2146435072,2144337920,2126512128,2140667904,2136735744,2456440026
2135949312,2138046464,2138046464,2119172096,2129657856,2147483648,2144337920,2126512128,2132803584,2136997888,2456456026
2129657856,2160066560,2153775104,2132803584,2130706432,2148532224,2145386496,2128609280,2144075776,2138308608,2456472026
2129657856,2140143616,2138046464,2123366400,2129657856,2148532224,2146435072,2128609280,2132803584,2138308608,2456488047
2121269248,2150629376,2151677952,2135949312,2130706432,2147483648,2145386496,2127560704,2139881472,2137784320,2456504047
2126512128,2157969408,2156920832,2136997888,2130706432,2147483648,2145386496,2126512128,2144600064,2137522176,2456520048
2125463552,2155872256,2159017984,2139095040,2129657856,2147483648,2144337920,2126512128,2144862208,2136997888,2456536047
2125463552,2154823680,2157969408,2135949312,2129657856,2146435072,2145386496,2126512128,2143551488,2136997888,2456552068
2138046464,2146435072,2138046464,2120220672,2130706432,2146435072,2145386496,2126512128,2135687168,2137260032,2456568069
2122317824,2160066560,2160066560,2138046464,2129657856,2148532224,2145386496,2128609280,2145124352,2138046464,2456584070
2129657856,2140143616,2140143616,2121269248,2130706432,2149580800,2145386496,2128609280,2132803584,2138570752,2456600069
2120220672,2164260864,2153775104,2135949312,2128609280,2148532224,2145386496,2128609280,2143551488,2137784320,2456616090
2121269248,2148532224,2147483648,2134900736,2129657856,2147483648,2145386496,2126512128,2138046464,2137260032,2456632092
2142240768,2141192192,2138046464,2120220672,2129657856,2146435072,2144337920,2126512128,2135425024,2136735744,2456648091
2132803584,2140143616,2139095040,2121269248,2130706432,2147483648,2144337920,2126512128,2133327872,2137260032,2456664089
2124414976,2147483648,2144337920,2129657856,2130706432,2147483648,2145386496,2127560704,2136473600,2137784320,2456680112
2136997888,2150629376,2144337920,2122317824,2130706432,2147483648,2145386496,2127560704,2138570752,2137784320,2456697001
2122317824,2155872256,2151677952,2141192192,2129657856,2146435072,2145386496,2127560704,2142765056,2137260032,2456713001
2129657856,2140143616,2139095040,2119172096,2128609280,2147483648,2144337920,2126512128,2132017152,2136735744,2456729001
2140143616,2140143616,2138046464,2120220672,2129657856,2147483648,2144337920,2125463552,2134638592,2136735744,2456745001
2140143616,2157969408,2142240768,2127560704,2129657856,2148532224,2145386496,2127560704,2141978624,2137784320,2456761027
2122317824,2160066560,2151677952,2141192192,2130706432,2147483648,2145386496,2127560704,2143813632,2137784320,2456777028
2127560704,2143289344,2144337920,2125463552,2130706432,2148532224,2146435072,2127560704,2135162880,2138308608,2456793027
2142240768,2142240768,2141192192,2122317824,2129657856,2148532224,2145386496,2127560704,2136997888,2137784320,2456809027
2141192192,2145386496,2139095040,2120220672,2130706432,2147483648,2144337920,2126512128,2136473600,2137260032,2456825049
2133852160,2138046464,2135949312,2120220672,2129657856,2146435072,2143289344,2126512128,2132017152,2136473600,2456841049
2132803584,2146435072,2148532224,2120220672,2129657856,2147483648,2144337920,2127560704,2136997888,2137260032,2456857047
2130706432,2152726528,2150629376,2125463552,2130706432,2147483648,2144337920,2126512128,2139881472,2137260032,2456873050
2123366400,2145386496,2138046464,2128609280,2130706432,2148532224,2146435072,2128609280,2133852160,2138570752,2456889070
2131755008,2154823680,2148532224,2134900736,2130706432,2146435072,2145386496,2126512128,2142502912,2137260032,2456905070
2145386496,2143289344,2146435072,2118123520,2130706432,2147483648,2143289344,2126512128,2138308608,2136997888,2456921068
2124414976,2142240768,2140143616,2122317824,2129657856,2147483648,2144337920,2126512128,2132279296,2136997888,2456937071
2122317824,2147483648,2145386496,2130706432,2129657856,2147483648,2145386496,2126512128,2136473600,2137260032,2456953089
2125463552,2141192192,2147483648,2121269248,2129657856,2148532224,2145386496,2127560704,2133852160,2137784320,2456969092
2129657856,2143289344,2139095040,2124414976,2130706432,2148532224,2147483648,2127560704,2134114304,2138570752,2456985089
2125463552,2148532224,2151677952,2130706432,2130706432,2147483648,2145386496,2127560704,2139095040,2137784320,2457001091
2136997888,2142240768,2146435072,2121269248,2130706432,2146435072,2144337920,2126512128,2136735744,2136997888,2457017112
2129657856,2153775104,2152726528,2129657856,2128609280,2147483648,2144337920,2126512128,2141454336,2136735744,2457033114
2135949312,2138046464,2135949312,2122317824,2128609280,2147483648,2145386496,2126512128,2133065728,2136997888,2457050000
2143289344,2139095040,2138046464,2117074944,2129657856,2147483648,2144337920,2127560704,2134376448,2137260032,2457066001
2123366400,2147483648,2141192192,2124414976,2129657856,2148532224,2145386496,2127560704,2134114304,2137784320,2457082001
2124414976,2160066560,2156920832,2138046464,2129657856,2148532224,2146435072,2128609280,2144862208,2138308608,2457098026
2125463552,2144337920,2140143616,2127560704,2130706432,2148532224,2145386496,2127560704,2134376448,2138046464,2457114024
2123366400,2161115136,2156920832,2141192192,2128609280,2147483648,2144337920,2126512128,2145648640,2136735744,2457130026
2134900736,2151677952,2146435072,2129657856,2128609280,2147483648,2145386496,2126512128,2140667904,2136997888,2457146025
2139095040,2145386496,2138046464,2120220672,2129657856,2146435072,2145386496,2126512128,2135687168,2136997888,2457162048
2138046464,2140143616,2139095040,2121269248,2130706432,2147483648,2144337920,2127560704,2134638592,2137522176,2457178049
2125463552,2150629376,2155872256,2133852160,2130706432,2147483648,2145386496,2128609280,2141454336,2138046464,2457194048
2132803584,2141192192,2140143616,2122317824,2129657856,2146435072,2145386496,2126512128,2134114304,2136997888,2457210047
2124414976,2147483648,2150629376,2129657856,2128609280,2147483648,2145386496,2127560704,2138046464,2137260032,2457226070
2130706432,2146435072,2157969408,2122317824,2129657856,2147483648,2144337920,2126512128,2139357184,2136997888,2457242067
2138046464,2142240768,2144337920,2120220672,2129657856,2146435072,2145386496,2126512128,2136211456,2136997888,2457258069
2125463552,2138046464,2138046464,2122317824,2130706432,2147483648,2145386496,2127560704,2130968576,2137784320,2457274068
2126512128,2154823680,2159017984,2127560704,2129657856,2148532224,2145386496,2128609280,2141978624,2138046464,2457290093
2123366400,2142240768,2147483648,2123366400,2130706432,2146435072,2145386496,2127560704,2134114304,2137522176,2457306090
2138046464,2150629376,2146435072,2127560704,2129657856,2147483648,2145386496,2126512128,2140667904,2137260032,2457322091
2119172096,2163212288,2147483648,2143289344,2128609280,2147483648,2144337920,2126512128,2143289344,2136735744,2457338092
2133852160,2141192192,2139095040,2122317824,2128609280,2147483648,2144337920,2126512128,2134114304,2136735744,2457354114
2131755008,2156920832,2153775104,2129657856,2130706432,2148532224,2145386496,2128609280,2143027200,2138308608,2457370111
2142240768,2154823680,2136997888,2125463552,2130706432,2148532224,2145386496,2127560704,2139881472,2138046464,2457387001
2122317824,2151677952,2140143616,2136997888,2129657856,2148532224,2145386496,2128609280,2137784320,2138046464,2457403001
2126512128,2150629376,2161115136,2135949312,2128609280,2147483648,2145386496,2127560704,2143551488,2137260032,2457419001
2122317824,2144337920,2141192192,2126512128,2129657856,2147483648,2144337920,2126512128,2133590016,2136997888,2457435001
2133852160,2136997888,2139095040,2117074944,2128609280,2147483648,2144337920,2126512128,2131755008,2136735744,2457451027
2123366400,2140143616,2147483648,2121269248,2130706432,2147483648,2146435072,2127560704,2133065728,2138046464,2457467026
2138046464,2142240768,2149580800,2122317824,2130706432,2148532224,2146435072,2127560704,2138046464,2138308608,2457483026
2122317824,2155872256,2155872256,2136997888,2130706432,2148532224,2145386496,2128609280,2142765056,2138308608,2457499025
2122317824,2147483648,2143289344,2126512128,2129657856,2147483648,2145386496,2127560704,2134900736,2137522176,2457515048
2132803584,2152726528,2150629376,2127560704,2129657856,2146435072,2144337920,2126512128,2140930048,2136735744,2457531048
2136997888,2154823680,2146435072,2126512128,2130706432,2146435072,2143289344,2126512128,2141192192,2136735744,2457547048
2145386496,2140143616,2139095040,2118123520,2130706432,2147483648,2144337920,2126512128,2135687168,2137260032,2457563048
2129657856,2155872256,2154823680,2131755008,2130706432,2148532224,2146435072,2128609280,2143027200,2138570752,2457579069
2139095040,2153775104,2146435072,2134900736,2130706432,2148532224,2146435072,2128609280,2143551488,2138570752,2457595070
2124414976,2148532224,2147483648,2131755008,2129657856,2148532224,2145386496,2128609280,2138046464,2138046464,2457611071
2138046464,2141192192,2138046464,2122317824,2129657856,2146435072,2144337920,2126512128,2134900736,2136735744,2457627068
2139095040,2143289344,2146435072,2118123520,2128609280,2147483648,2145386496,2126512128,2136735744,2136997888,2457643089
2141192192,2140143616,2142240768,2117074944,2128609280,2147483648,2144337920,2127560704,2135162880,2136997888,2457659093
2125463552,2159017984,2157969408,2141192192,2129657856,2147483648,2145386496,2128609280,2145910784,2137784320,2457675090
2131755008,2154823680,2148532224,2138046464,2131755008,2147483648,2145386496,2127560704,2143289344,2138046464,2457691087
2143289344,2143289344,2142240768,2120220672,2130706432,2147483648,2145386496,2127560704,2137260032,2137784320,2457707112
2136997888,2141192192,2139095040,2118123520,2128609280,2147483648,2144337920,2126512128,2133852160,2136735744,2457724001
2126512128,2141192192,2140143616,2122317824,2129657856,2147483648,2144337920,2126512128,2132541440,2136997888,2457740001
2122317824,2147483648,2143289344,2128609280,2128609280,2147483648,2145386496,2127560704,2135425024,2137260032,2457756001
2123366400,2161115136,2156920832,2140143616,2129657856,2148532224,2146435072,2128609280,2145386496,2138308608,2457772001
2122317824,2147483648,2147483648,2130706432,2129657856,2147483648,2145386496,2127560704,2136997888,2137522176,2457788027
2133852160,2155872256,2146435072,2132803584,2130706432,2148532224,2145386496,2128609280,2142240768,2138308608,2457804025
2123366400,2156920832,2155872256,2139095040,2130706432,2146435072,2144337920,2126512128,2143813632,2136997888,2457820027
2136997888,2153775104,2146435072,2125463552,2128609280,2148532224,2145386496,2127560704,2140667904,2137522176,2457836026
2129657856,2146435072,2157969408,2119172096,2128609280,2146435072,2144337920,2126512128,2138308608,2136473600,2457852048
2123366400,2142240768,2135949312,2123366400,2128609280,2148532224,2145386496,2127560704,2131230720,2137522176,2457868049
2140143616,2149580800,2144337920,2121269248,2130706432,2148532224,2145386496,2127560704,2138832896,2138046464,2457884047
2124414976,2150629376,2144337920,2135949312,2130706432,2148532224,2145386496,2128609280,2138832896,2138308608,2457900049
2123366400,2159017984,2152726528,2138046464,2129657856,2148532224,2144337920,2127560704,2143289344,2137522176,2457916070
2136997888,2138046464,2138046464,2119172096,2129657856,2147483648,2144337920,2126512128,2133065728,2136997888,2457932069
2134900736,2139095040,2138046464,2119172096,2129657856,2147483648,2144337920,2127560704,2132803584,2137260032,2457948067
2123366400,2141192192,2138046464,2124414976,2128609280,2148532224,2145386496,2128609280,2131755008,2137784320,2457964070
2141192192,2139095040,2136997888,2118123520,2130706432,2147483648,2145386496,2128609280,2133852160,2138046464,2457980091
2123366400,2142240768,2139095040,2127560704,2130706432,2148532224,2146435072,2128609280,2133065728,2138570752,2457996092
2136997888,2144337920,2146435072,2121269248,2130706432,2147483648,2145386496,2127560704,2137260032,2137784320,2458012090
2138046464,2140143616,2146435072,2119172096,2128609280,2147483648,2145386496,2127560704,2135949312,2137260032,2458028091
2122317824,2148532224,2155872256,2131755008,2129657856,2147483648,2143289344,2126512128,2139619328,2136735744,2458044112
2126512128,2156920832,2156920832,2138046464,2128609280,2147483648,2145386496,2128609280,2144600064,2137522176,2458060113
2136997888,2153775104,2142240768,2129657856,2129657856,2148532224,2144337920,2128609280,2140667904,2137784320,2458077001
2124414976,2163212288,2155872256,2136997888,2130706432,2148532224,2145386496,2128609280,2145124352,2138308608,2458093001
2142240768,2141192192,2140143616,2118123520,2130706432,2147483648,2145386496,2127560704,2135425024,2137784320,2458109001
2123366400,2160066560,2157969408,2135949312,2129657856,2147483648,2144337920,2126512128,2144337920,2136997888,2458125024
2130706432,2138046464,2141192192,2124414976,2128609280,2147483648,2145386496,2126512128,2133590016,2136997888,2458141022
2140143616,2143289344,2136997888,2120220672,2129657856,2146435072,2144337920,2126512128,2135162880,2136735744,2458157024
2134900736,2154823680,2150629376,2125463552,2129657856,2148532224,2145386496,2128609280,2141454336,2138046464,2458173024
2126512128,2159017984,2154823680,2136997888,2130706432,2148532224,2145386496,2128609280,2144337920,2138308608,2458189049
2126512128,2152726528,2156920832,2135949312,2129657856,2148532224,2146435072,2128609280,2143027200,2138308608,2458205047
2143289344,2138046464,2140143616,2117074944,2129657856,2147483648,2144337920,2127560704,2134638592,2137260032,2458221047
2141192192,2143289344,2138046464,2117074944,2130706432,2146435072,2143289344,2125463552,2134900736,2136473600,2458237049
2123366400,2160066560,2160066560,2133852160,2129657856,2147483648,2144337920,2126512128,2144337920,2136997888,2458253070
2141192192,2141192192,2140143616,2117074944,2129657856,2146435072,2145386496,2126512128,2134900736,2136997888,2458269067
2134900736,2140143616,2136997888,2121269248,2130706432,2147483648,2145386496,2127560704,2133327872,2137784320,2458285070
2125463552,2162163712,2152726528,2143289344,2129657856,2147483648,2145386496,2128609280,2145910784,2137784320,2458301069
2135949312,2151677952,2154823680,2121269248,2130706432,2147483648,2145386496,2126512128,2140930048,2137522176,2458317090
2121269248,2151677952,2143289344,2135949312,2128609280,2147483648,2145386496,2126512128,2138046464,2136997888,2458333088
2127560704,2156920832,2153775104,2132803584,2129657856,2146435072,2144337920,2125463552,2142765056,2136473600,2458349090
2142240768,2140143616,2138046464,2119172096,2130706432,2145386496,2143289344,2126512128,2134900736,2136473600,2458365091
2131755008,2146435072,2143289344,2123366400,2129657856,2148532224,2146435072,2127560704,2136211456,2138046464,2458381111
2143289344,2143289344,2139095040,2122317824,2130706432,2148532224,2146435072,2128609280,2136997888,2138570752,2458397110
2136997888,2146435072,2150629376,2123366400,2129657856,2147483648,2145386496,2127560704,2139357184,2137522176,2458414001
2124414976,2145386496,2153775104,2129657856,2130706432,2146435072,2144337920,2126512128,2138308608,2136997888,2458430001
2122317824,2147483648,2147483648,2134900736,2129657856,2146435072,2144337920,2125463552,2138046464,2136473600,2458446001
2138046464,2138046464,2140143616,2118123520,2130706432,2147483648,2145386496,2125463552,2133590016,2137260032,2458462001
2129657856,2160066560,2152726528,2135949312,2129657856,2148532224,2146435072,2128609280,2144600064,2138308608,2458478025
2124414976,2140143616,2140143616,2124414976,2129657856,2147483648,2146435072,2128609280,2132279296,2138046464,2458494024
2123366400,2142240768,2149580800,2125463552,2130706432,2147483648,2145386496,2127560704,2135162880,2137784320,2458510024
2129657856,2157969408,2159017984,2132803584,2129657856,2147483648,2145386496,2127560704,2144862208,2137522176,2458526024
2125463552,2156920832,2154823680,2132803584,2129657856,2147483648,2143289344,2126512128,2142502912,2136735744,2458542048
2125463552,2159017984,2156920832,2132803584,2129657856,2147483648,2144337920,2126512128,2143551488,2136997888,2458558050
2139095040,2141192192,2140143616,2117074944,2130706432,2147483648,2145386496,2127560704,2134376448,2137784320,2458574049
2127560704,2157969408,2156920832,2138046464,2130706432,2148532224,2145386496,2128609280,2145124352,2138308608,2458590047
2131755008,2157969408,2146435072,2129657856,2130706432,2147483648,2145386496,2127560704,2141454336,2137784320,2458606069
2144337920,2146435072,2138046464,2121269248,2130706432,2146435072,2144337920,2126512128,2137522176,2136997888,2458622071
2123366400,2142240768,2148532224,2126512128,2129657856,2146435072,2145386496,2125463552,2135162880,2136735744,2458638070
2124414976,2144337920,2139095040,2128609280,2129657856,2147483648,2145386496,2126512128,2134114304,2137260032,2458654068
2136997888,2146435072,2146435072,2119172096,2129657856,2147483648,2145386496,2127560704,2137260032,2137522176,2458670091
2123366400,2148532224,2152726528,2131755008,2130706432,2148532224,2145386496,2128609280,2139095040,2138308608,2458686091
2124414976,2151677952,2155872256,2135949312,2129657856,2148532224,2145386496,2128609280,2141978624,2138046464,2458702089
2129657856,2144337920,2139095040,2124414976,2130706432,2147483648,2145386496,2126512128,2134376448,2137522176,2458718088
2120220672,2155872256,2147483648,2139095040,2129657856,2147483648,2145386496,2126512128,2140667904,2137260032,2458734113
2140143616,2152726528,2141192192,2123366400,2129657856,2147483648,2144337920,2126512128,2139357184,2136997888,2458751001
2142240768,2141192192,2138046464,2120220672,2129657856,2148532224,2145386496,2127560704,2135425024,2137784320,2458767001
2134900736,2139095040,2138046464,2121269248,2129657856,2148532224,2145386496,2127560704,2133327872,2137784320,2458783001
2125463552,2161115136,2161115136,2139095040,2130706432,2148532224,2146435072,2128609280,2146697216,2138570752,2458799001
2131755008,2141192192,2143289344,2119172096,2129657856,2147483648,2145386496,2126512128,2133852160,2137260032,2458815024
2123366400,2154823680,2160066560,2136997888,2129657856,2147483648,2144337920,2127560704,2143813632,2137260032,2458831023
2134900736,2153775104,2140143616,2127560704,2128609280,2147483648,2143289344,2126512128,2139095040,2136473600,2458847023
2124414976,2147483648,2156920832,2129657856,2129657856,2147483648,2146435072,2127560704,2139619328,2137784320,2458863023
2127560704,2144337920,2139095040,2124414976,2129657856,2147483648,2146435072,2127560704,2133852160,2137784320,2458879047
2125463552,2149580800,2157969408,2132803584,2130706432,2148532224,2145386496,2128609280,2141454336,2138308608,2458895049
2124414976,2157969408,2156920832,2143289344,2130706432,2147483648,2144337920,2127560704,2145648640,2137522176,2458911048
2123366400,2159017984,2155872256,2138046464,2128609280,2147483648,2145386496,2126512128,2144075776,2136997888,2458927049
2135949312,2146435072,2135949312,2122317824,2129657856,2147483648,2144337920,2127560704,2135162880,2137260032,2458943070
2124414976,2151677952,2155872256,2132803584,2129657856,2146435072,2145386496,2126512128,2141192192,2136997888,2458959071
2126512128,2153775104,2154823680,2129657856,2129657856,2148532224,2145386496,2128609280,2141192192,2138046464,2458975068
2123366400,2142240768,2140143616,2127560704,2129657856,2149580800,2144337920,2128609280,2133327872,2138046464,2458991069
2141192192,2138046464,2138046464,2120220672,2129657856,2148532224,2146435072,2127560704,2134376448,2138046464,2459007091
2130706432,2160066560,2153775104,2132803584,2128609280,2147483648,2144337920,2127560704,2144337920,2136997888,2459023091
2121269248,2156920832,2149580800,2138046464,2129657856,2146435072,2144337920,2126512128,2141454336,2136735744,2459039090
2140143616,2146435072,2136997888,2122317824,2129657856,2147483648,2144337920,2126512128,2136473600,2136997888,2459055091
2144337920,2139095040,2140143616,2119172096,2129657856,2147483648,2145386496,2127560704,2135687168,2137522176,2459071111
2133852160,2152726528,2150629376,2129657856,2130706432,2148532224,2146435072,2127560704,2141716480,2138308608,2459087113
2130706432,2156920832,2150629376,2133852160,2129657856,2148532224,2145386496,2127560704,2143027200,2137784320,2459104001
2122317824,2143289344,2141192192,2125463552,2129657856,2147483648,2145386496,2127560704,2133065728,2137522176,2459120001
2138046464,2141192192,2138046464,2119172096,2129657856,2148532224,2145386496,2127560704,2134114304,2137784320,2459136001
2129657856,2141192192,2142240768,2122317824,2128609280,2147483648,2145386496,2126512128,2133852160,2136997888,2459152023
2133852160,2156920832,2144337920,2129657856,2129657856,2147483648,2144337920,2126512128,2141192192,2136997888,2459168023
2125463552,2159017984,2159017984,2138046464,2129657856,2148532224,2146435072,2128609280,2145386496,2138308608,2459184024
2124414976,2159017984,2157969408,2134900736,2129657856,2148532224,2146435072,2128609280,2144075776,2138308608,2459200024
2129657856,2140143616,2134900736,2121269248,2130706432,2147483648,2145386496,2127560704,2131492864,2137784320,2459216047
2140143616,2154823680,2139095040,2124414976,2128609280,2146435072,2145386496,2126512128,2139619328,2136735744,2459232046
2134900736,2155872256,2146435072,2127560704,2129657856,2146435072,2144337920,2126512128,2141192192,2136735744,2459248047
2122317824,2147483648,2148532224,2129657856,2130706432,2146435072,2145386496,2126512128,2136997888,2137260032,2459264047
2128609280,2142240768,2139095040,2124414976,2130706432,2147483648,2145386496,2127560704,2133590016,2137784320,2459280069
2132803584,2153775104,2152726528,2133852160,2130706432,2147483648,2145386496,2128609280,2143289344,2138046464,2459296068
2123366400,2151677952,2150629376,2134900736,2129657856,2146435072,2146435072,2126512128,2140143616,2137260032,2459312069
2142240768,2141192192,2138046464,2122317824,2129657856,2146435072,2144337920,2126512128,2135949312,2136735744,2459328071
2140143616,2148532224,2138046464,2129657856,2129657856,2146435072,2144337920,2125463552,2139095040,2136473600,2459344090
2135949312,2150629376,2142240768,2125463552,2130706432,2146435072,2144337920,2126512128,2138570752,2136997888,2459360088
2139095040,2144337920,2150629376,2122317824,2129657856,2147483648,2145386496,2128609280,2139095040,2137784320,2459376093
2143289344,2142240768,2140143616,2121269248,2129657856,2148532224,2146435072,2128609280,2136735744,2138308608,2459392089
2133852160,2143289344,2140143616,2123366400,2130706432,2147483648,2145386496,2127560704,2135162880,2137784320,2459408113
2134900736,2155872256,2150629376,2130706432,2129657856,2147483648,2145386496,2126512128,2143027200,2137260032,2459424110
2132803584,2141192192,2141192192,2120220672,2129657856,2146435072,2144337920,2125463552,2133852160,2136473600,2459441001
2139095040,2155872256,2146435072,2131755008,2129657856,2147483648,2144337920,2126512128,2143289344,2136997888,2459457001
2139095040,2151677952,2149580800,2127560704,2130706432,2147483648,2145386496,2127560704,2141978624,2137784320,2459473001
2123366400,2148532224,2139095040,2134900736,2129657856,2148532224,2145386496,2129657856,2136473600,2138308608,2459489000
2122317824,2147483648,2147483648,2130706432,2129657856,2148532224,2146435072,2127560704,2136997888,2138046464,2459505024
2136997888,2141192192,2138046464,2121269248,2128609280,2147483648,2145386496,2127560704,2134376448,2137260032,2459521023
2131755008,2152726528,2150629376,2131755008,2129657856,2147483648,2144337920,2127560704,2141716480,2137260032,2459537024
2123366400,2140143616,2147483648,2119172096,2129657856,2146435072,2144337920,2126512128,2132541440,2136735744,2459553022
2127560704,2160066560,2153775104,2134900736,2129657856,2148532224,2145386496,2127560704,2144075776,2137784320,2459569045
2140143616,2146435072,2140143616,2121269248,2130706432,2146435072,2146435072,2126512128,2136997888,2137522176,2459585046
2130706432,2156920832,2151677952,2133852160,2129657856,2147483648,2146435072,2128609280,2143289344,2138046464,2459601045
2134900736,2150629376,2152726528,2127560704,2130706432,2146435072,2144337920,2126512128,2141454336,2136997888,2459617045
2133852160,2146435072,2148532224,2120220672,2129657856,2147483648,2145386496,2126512128,2137260032,2137260032,2459633068
2122317824,2154823680,2151677952,2138046464,2129657856,2147483648,2145386496,2126512128,2141716480,2137260032,2459649069
2136997888,2140143616,2136997888,2119172096,2130706432,2148532224,2144337920,2127560704,2133327872,2137784320,2459665070
2131755008,2155872256,2150629376,2133852160,2129657856,2148532224,2146435072,2129657856,2143027200,2138570752,2459681069
2143289344,2143289344,2139095040,2120220672,2131755008,2148532224,2145386496,2127560704,2136473600,2138308608,2459697091
2143289344,2140143616,2138046464,2119172096,2130706432,2147483648,2145386496,2127560704,2135162880,2137784320,2459713090
2124414976,2144337920,2139095040,2126512128,2128609280,2147483648,2144337920,2126512128,2133590016,2136735744,2459729093
2139095040,2146435072,2146435072,2119172096,2129657856,2147483648,2145386496,2126512128,2137784320,2137260032,2459745089
2140143616,2153775104,2140143616,2129657856,2128609280,2147483648,2144337920,2127560704,2140930048,2136997888,2459761111
2124414976,2146435072,2154823680,2128609280,2130706432,2147483648,2145386496,2127560704,2138570752,2137784320,2459778001
2125463552,2140143616,2140143616,2123366400,2130706432,2147483648,2145386496,2127560704,2132279296,2137784320,2459794001
2126512128,2161115136,2156920832,2134900736,2129657856,2147483648,2145386496,2127560704,2144862208,2137522176,2459810001
2138046464,2146435072,2138046464,2122317824,2129657856,2147483648,2145386496,2127560704,2136211456,2137522176,2459826001
2127560704,2148532224,2155872256,2131755008,2129657856,2146435072,2144337920,2126512128,2140930048,2136735744,2459842023
2132803584,2138046464,2138046464,2119172096,2128609280,2147483648,2144337920,2126512128,2132017152,2136735744,2459858024
2140143616,2144337920,2146435072,2121269248,2130706432,2148532224,2146435072,2128609280,2138046464,2138570752,2459874023
2128609280,2157969408,2152726528,2140143616,2129657856,2148532224,2146435072,2128609280,2144862208,2138308608,2459890023
2130706432,2152726528,2153775104,2129657856,2129657856,2148532224,2146435072,2128609280,2141716480,2138308608,2459906046
2123366400,2159017984,2154823680,2141192192,2129657856,2146435072,2144337920,2126512128,2144600064,2136735744,2459922047
2127560704,2155872256,2151677952,2134900736,2129657856,2147483648,2145386496,2126512128,2142502912,2137260032,2459938044
2126512128,2141192192,2138046464,2124414976,2129657856,2147483648,2145386496,2126512128,2132541440,2137260032,2459954047
2130706432,2154823680,2152726528,2132803584,2128609280,2148532224,2145386496,2128609280,2142765056,2137784320,2459970069
2130706432,2154823680,2156920832,2129657856,2130706432,2148532224,2146435072,2128609280,2143027200,2138570752,2459986070
2141192192,2143289344,2139095040,2121269248,2130706432,2148532224,2145386496,2128609280,2136211456,2138308608,2460002068
2123366400,2155872256,2155872256,2136997888,2129657856,2147483648,2145386496,2127560704,2143027200,2137522176,2460018069
2122317824,2143289344,2142240768,2126512128,2129657856,2147483648,2144337920,2127560704,2133590016,2137260032,2460034090
2129657856,2141192192,2136997888,2122317824,2129657856,2146435072,2144337920,2126512128,2132541440,2136735744,2460050092
2127560704,2156920832,2154823680,2133852160,2129657856,2147483648,2145386496,2127560704,2143289344,2137522176,2460066088
2140143616,2142240768,2136997888,2119172096,2129657856,2147483648,2145386496,2128609280,2134638592,2137784320,2460082090
2122317824,2150629376,2150629376,2138046464,2130706432,2148532224,2146435072,2128609280,2140405760,2138570752,2460098111
2122317824,2149580800,2147483648,2132803584,2129657856,2148532224,2145386496,2127560704,2138046464,2137784320,2460114113
2122317824,2157969408,2153775104,2135949312,2129657856,2146435072,2144337920,2126512128,2142502912,2136735744,2460131001
2132803584,2151677952,2146435072,2125463552,2130706432,2146435072,2144337920,2125463552,2139095040,2136735744,2460147001
2124414976,2147483648,2145386496,2129657856,2129657856,2146435072,2144337920,2127560704,2136735744,2136997888,2460163001
2136997888,2141192192,2136997888,2119172096,2130706432,2148532224,2146435072,2128609280,2133590016,2138570752,2460179024
2126512128,2161115136,2157969408,2135949312,2130706432,2148532224,2146435072,2127560704,2145386496,2138308608,2460195022
2123366400,2155872256,2149580800,2139095040,2130706432,2147483648,2145386496,2127560704,2141978624,2137784320,2460211025
2124414976,2141192192,2149580800,2122317824,2129657856,2147483648,2144337920,2126512128,2134376448,2136997888,2460227024
2122317824,2155872256,2151677952,2136997888,2129657856,2146435072,2144337920,2126512128,2141716480,2136735744,2460243047
2121269248,2154823680,2152726528,2140143616,2130706432,2146435072,2144337920,2125463552,2142240768,2136735744,2460259044
2121269248,2153775104,2149580800,2139095040,2130706432,2147483648,2146435072,2127560704,2140930048,2138046464,2460275046
2139095040,2154823680,2142240768,2130706432,2130706432,2148532224,2146435072,2128609280,2141716480,2138570752,2460291047
2134900736,2155872256,2151677952,2136997888,2130706432,2148532224,2146435072,2128609280,2144862208,2138570752,2460307070
2142240768,2141192192,2135949312,2119172096,2130706432,2147483648,2144337920,2126512128,2134638592,2137260032,2460323069
2122317824,2143289344,2139095040,2128609280,2128609280,2147483648,2143289344,2126512128,2133327872,2136473600,2460339069
2129657856,2153775104,2154823680,2129657856,2128609280,2147483648,2145386496,2127560704,2141978624,2137260032,2460355069
2143289344,2151677952,2136997888,2125463552,2129657856,2148532224,2146435072,2127560704,2139357184,2138046464,2460371091
2139095040,2145386496,2140143616,2123366400,2130706432,2147483648,2145386496,2127560704,2136997888,2137784320,2460387091
2134900736,2142240768,2146435072,2121269248,2130706432,2147483648,2145386496,2127560704,2136211456,2137784320,2460403092
2128609280,2150629376,2156920832,2129657856,2129657856,2146435072,2144337920,2126512128,2141454336,2136735744,2460419090
2141192192,2143289344,2144337920,2119172096,2129657856,2147483648,2144337920,2125463552,2136997888,2136735744,2460435113
2123366400,2141192192,2142240768,2125463552,2128609280,2147483648,2144337920,2127560704,2133065728,2136997888,2460451110
2122317824,2151677952,2149580800,2134900736,2129657856,2147483648,2145386496,2127560704,2139619328,2137522176,2460468001
2124414976,2162163712,2155872256,2139095040,2129657856,2147483648,2145386496,2128609280,2145386496,2137784320,2460484001
2136997888,2143289344,2139095040,2122317824,2130706432,2149580800,2145386496,2128609280,2135425024,2138570752,2460500001
2121269248,2149580800,2143289344,2134900736,2129657856,2147483648,2145386496,2127560704,2137260032,2137522176,2460516000
2124414976,2156920832,2155872256,2131755008,2129657856,2147483648,2144337920,2126512128,2142240768,2136997888,2460532023
2133852160,2138046464,2138046464,2120220672,2129657856,2146435072,2143289344,2126512128,2132541440,2136473600,2460548024
2136997888,2146435072,2138046464,2123366400,2129657856,2148532224,2145386496,2128609280,2136211456,2138046464,2460564023
2140143616,2150629376,2138046464,2127560704,2131755008,2147483648,2145386496,2127560704,2139095040,2138046464,2460580022
2131755008,2155872256,2154823680,2136997888,2131755008,2147483648,2145386496,2128609280,2144862208,2138308608,2460596044
2138046464,2146435072,2146435072,2122317824,2130706432,2147483648,2145386496,2127560704,2138308608,2137784320,2460612045
2126512128,2157969408,2157969408,2138046464,2129657856,2147483648,2145386496,2127560704,2145124352,2137522176,2460628046
2125463552,2152726528,2160066560,2133852160,2129657856,2147483648,2144337920,2127560704,2143027200,2137260032,2460644043
2127560704,2157969408,2156920832,2130706432,2129657856,2147483648,2144337920,2126512128,2143289344,2136997888,2460660071
2123366400,2161115136,2154823680,2138046464,2130706432,2148532224,2146435072,2127560704,2144337920,2138308608,2460676070
2122317824,2147483648,2141192192,2132803584,2129657856,2148532224,2145386496,2128609280,2135949312,2138046464,2460692070
2136997888,2141192192,2136997888,2119172096,2129657856,2147483648,2144337920,2127560704,2133590016,2137260032,2460708068
2123366400,2159017984,2156920832,2142240768,2128609280,2147483648,2145386496,2127560704,2145386496,2137260032,2460724091
2121269248,2160066560,2155872256,2141192192,2128609280,2147483648,2144337920,2126512128,2144600064,2136735744,2460740090
2139095040,2142240768,2144337920,2121269248,2129657856,2148532224,2145386496,2127560704,2136735744,2137784320,2460756090
2121269248,2145386496,2139095040,2126512128,2129657856,2147483648,2145386496,2127560704,2133065728,2137522176,2460772089
2124414976,2162163712,2155872256,2141192192,2130706432,2148532224,2146435072,2128609280,2145910784,2138570752,2460788112
2125463552,2157969408,2157969408,2143289344,2129657856,2148532224,2145386496,2128609280,2146172928,2138046464,2460805001
2124414976,2164260864,2160066560,2138046464,2129657856,2146435072,2145386496,2126512128,2146697216,2136997888,2460821001
2139095040,2141192192,2138046464,2119172096,2130706432,2146435072,2143289344,2126512128,2134376448,2136735744,2460837001
2121269248,2149580800,2147483648,2129657856,2129657856,2147483648,2144337920,2126512128,2136997888,2136997888,2460853001
2121269248,2155872256,2149580800,2140143616,2129657856,2147483648,2145386496,2127560704,2141716480,2137522176,2460869023
2123366400,2144337920,2142240768,2126512128,2129657856,2148532224,2145386496,2128609280,2134114304,2138046464,2460885024
2125463552,2143289344,2139095040,2126512128,2130706432,2148532224,2145386496,2128609280,2133590016,2138308608,2460901022
2132803584,2156920832,2154823680,2138046464,2129657856,2148532224,2145386496,2128609280,2145648640,2138046464,2460917024
2125463552,2147483648,2151677952,2129657856,2129657856,2146435072,2144337920,2126512128,2138570752,2136735744,2460933046
2139095040,2143289344,2146435072,2122317824,2130706432,2146435072,2143289344,2125463552,2137784320,2136473600,2460949046
2129657856,2141192192,2140143616,2122317824,2130706432,2147483648,2145386496,2126512128,2133327872,2137522176,2460965043
2125463552,2154823680,2154823680,2138046464,2129657856,2148532224,2146435072,2128609280,2143289344,2138308608,2460981045
2131755008,2153775104,2154823680,2135949312,2130706432,2148532224,2145386496,2128609280,2144075776,2138308608,2460997069
2124414976,2144337920,2142240768,2128609280,2129657856,2147483648,2145386496,2128609280,2134900736,2137784320,2461013071
2123366400,2147483648,2142240768,2130706432,2128609280,2147483648,2144337920,2126512128,2135949312,2136735744,2461029068
2135949312,2138046464,2138046464,2120220672,2130706432,2146435072,2144337920,2125463552,2133065728,2136735744,2461045071
2131755008,2151677952,2146435072,2129657856,2129657856,2147483648,2145386496,2127560704,2139881472,2137522176,2461061092
2138046464,2140143616,2138046464,2121269248,2130706432,2148532224,2145386496,2127560704,2134376448,2138046464,2461077093
2124414976,2146435072,2145386496,2129657856,2130706432,2148532224,2145386496,2128609280,2136473600,2138308608,2461093087
2141192192,2144337920,2144337920,2122317824,2130706432,2147483648,2145386496,2127560704,2138046464,2137784320,2461109091
2125463552,2144337920,2139095040,2126512128,2129657856,2147483648,2144337920,2126512128,2133852160,2136997888,2461125113
2122317824,2159017984,2156920832,2138046464,2128609280,2148532224,2144337920,2126512128,2144075776,2136997888,2461141111
2129657856,2140143616,2141192192,2121269248,2128609280,2147483648,2144337920,2127560704,2133065728,2136997888,2461158001
2126512128,2141192192,2143289344,2122317824,2130706432,2147483648,2144337920,2127560704,2133327872,2137522176,2461174001
2140143616,2151677952,2146435072,2129657856,2130706432,2148532224,2146435072,2127560704,2141978624,2138308608,2461190001
2143289344,2146435072,2146435072,2119172096,2130706432,2147483648,2145386496,2127560704,2138832896,2137784320,2461206023
2139095040,2150629376,2146435072,2129657856,2129657856,2146435072,2144337920,2126512128,2141454336,2136735744,2461222024
2130706432,2155872256,2154823680,2130706432,2129657856,2146435072,2145386496,2125463552,2143027200,2136735744,2461238023
2122317824,2142240768,2139095040,2123366400,2129657856,2147483648,2144337920,2126512128,2131755008,2136997888,2461254023
2127560704,2140143616,2139095040,2121269248,2130706432,2147483648,2145386496,2126512128,2132017152,2137522176,2461270045
2139095040,2140143616,2144337920,2121269248,2130706432,2148532224,2146435072,2128609280,2136211456,2138570752,2461286046
2138046464,2143289344,2140143616,2122317824,2130706432,2148532224,2146435072,2127560704,2135949312,2138308608,2461302045
2136997888,2151677952,2146435072,2127560704,2129657856,2147483648,2145386496,2127560704,2140667904,2137522176,2461318046
2127560704,2154823680,2152726528,2131755008,2129657856,2146435072,2144337920,2126512128,2141716480,2136735744,2461334067
2124414976,2148532224,2155872256,2133852160,2129657856,2146435072,2144337920,2125463552,2140667904,2136473600,2461350065
2135949312,2138046464,2140143616,2117074944,2130706432,2147483648,2145386496,2127560704,2132803584,2137784320,2461366066
2124414976,2142240768,2141192192,2125463552,2129657856,2148532224,2146435072,2128609280,2133327872,2138308608,2461382068
2123366400,2157969408,2154823680,2143289344,2129657856,2148532224,2146435072,2128609280,2144862208,2138308608,2461398092
2123366400,2147483648,2147483648,2130706432,2130706432,2146435072,2145386496,2126512128,2137260032,2137260032,2461414090
2135949312,2139095040,2138046464,2119172096,2129657856,2147483648,2144337920,2126512128,2133065728,2136997888,2461430091
2143289344,2139095040,2139095040,2117074944,2129657856,2146435072,2144337920,2126512128,2134638592,2136735744,2461446091
2143289344,2138046464,2141192192,2120220672,2129657856,2148532224,2145386496,2127560704,2135687168,2137784320,2461462110
2129657856,2155872256,2153775104,2131755008,2129657856,2148532224,2145386496,2127560704,2142765056,2137784320,2461478108
2141192192,2138046464,2138046464,2121269248,2130706432,2147483648,2145386496,2127560704,2134638592,2137784320,2461495001
2138046464,2140143616,2139095040,2120220672,2129657856,2148532224,2145386496,2127560704,2134376448,2137784320,2461511001
2125463552,2150629376,2155872256,2133852160,2129657856,2146435072,2144337920,2126512128,2141454336,2136735744,2461527001
2126512128,2157969408,2160066560,2135949312,2129657856,2146435072,2144337920,2126512128,2145124352,2136735744,2461543001
2125463552,2143289344,2139095040,2122317824,2129657856,2147483648,2145386496,2126512128,2132541440,2137260032,2461559024
2121269248,2143289344,2140143616,2124414976,2129657856,2148532224,2145386496,2127560704,2132279296,2137784320,2461575023
2123366400,2148532224,2147483648,2132803584,2129657856,2148532224,2145386496,2128609280,2138046464,2138046464,2461591023
2136997888,2144337920,2140143616,2122317824,2129657856,2148532224,2146435072,2128609280,2135949312,2138308608,2461607023
2131755008,2155872256,2154823680,2135949312,2129657856,2147483648,2145386496,2127560704,2144600064,2137522176,2461623045
2129657856,2141192192,2141192192,2122317824,2129657856,2146435072,2145386496,2126512128,2133590016,2136997888,2461639047
2138046464,2149580800,2136997888,2121269248,2129657856,2146435072,2144337920,2126512128,2136473600,2136735744,2461655044
2132803584,2150629376,2150629376,2125463552,2129657856,2147483648,2145386496,2128609280,2139881472,2137784320,2461671045
2124414976,2155872256,2151677952,2141192192,2130706432,2148532224,2146435072,2128609280,2143289344,2138570752,2461687066
2124414976,2143289344,2148532224,2132803584,2129657856,2147483648,2146435072,2127560704,2137260032,2137784320,2461703067
2130706432,2154823680,2154823680,2135949312,2129657856,2147483648,2145386496,2127560704,2144075776,2137522176,2461719066
2122317824,2148532224,2148532224,2132803584,2129657856,2147483648,2143289344,2127560704,2138046464,2136997888,2461735067
2122317824,2159017984,2154823680,2135949312,2129657856,2147483648,2144337920,2126512128,2143027200,2136997888,2461751092
2138046464,2139095040,2138046464,2119172096,2129657856,2149580800,2146435072,2128609280,2133590016,2138570752,2461767089
2142240768,2150629376,2139095040,2119172096,2129657856,2148532224,2145386496,2127560704,2137784320,2137784320,2461783092
2125463552,2162163712,2155872256,2143289344,2129657856,2149580800,2147483648,2129657856,2146697216,2139095040,2461799089
2136997888,2157969408,2146435072,2130706432,2130706432,2147483648,2145386496,2127560704,2143027200,2137784320,2461815113
2122317824,2147483648,2141192192,2132803584,2130706432,2146435072,2144337920,2125463552,2135949312,2136735744,2461832001
2131755008,2140143616,2135949312,2119172096,2129657856,2147483648,2144337920,2126512128,2131755008,2136997888,2461848001
2134900736,2146435072,2148532224,2123366400,2129657856,2148532224,2145386496,2127560704,2138308608,2137784320,2461864001
2131755008,2152726528,2154823680,2132803584,2130706432,2148532224,2145386496,2128609280,2143027200,2138308608,2461880001
2121269248,2162163712,2157969408,2138046464,2130706432,2148532224,2145386496,2128609280,2144862208,2138308608,2461896024
2141192192,2142240768,2139095040,2123366400,2129657856,2147483648,2145386496,2127560704,2136473600,2137522176,2461912023
2123366400,2143289344,2141192192,2123366400,2129657856,2146435072,2144337920,2126512128,2132803584,2136735744,2461928023
2141192192,2142240768,2142240768,2122317824,2129657856,2147483648,2144337920,2126512128,2136997888,2136997888,2461944023
2122317824,2142240768,2144337920,2125463552,2129657856,2147483648,2145386496,2127560704,2133590016,2137522176,2461960045
2131755008,2152726528,2151677952,2133852160,2130706432,2147483648,2145386496,2128609280,2142502912,2138046464,2461976045
2131755008,2141192192,2142240768,2124414976,2129657856,2148532224,2146435072,2128609280,2134900736,2138308608,2461992044
2124414976,2143289344,2147483648,2126512128,2129657856,2148532224,2145386496,2127560704,2135425024,2137784320,2462008046
2129657856,2141192192,2140143616,2122317824,2129657856,2147483648,2145386496,2126512128,2133327872,2137260032,2462024065
2141192192,2142240768,2140143616,2122317824,2128609280,2146435072,2144337920,2125463552,2136473600,2136211456,2462040067
2133852160,2141192192,2139095040,2119172096,2130706432,2147483648,2144337920,2126512128,2133327872,2137260032,2462056067
2128609280,2152726528,2151677952,2128609280,2130706432,2148532224,2144337920,2127560704,2140405760,2137784320,2462072067
2124414976,2142240768,2145386496,2125463552,2130706432,2148532224,2145386496,2128609280,2134376448,2138308608,2462088090
2124414976,2145386496,2142240768,2128609280,2130706432,2148532224,2145386496,2127560704,2135162880,2138046464,2462104090
2138046464,2139095040,2138046464,2119172096,2130706432,2146435072,2145386496,2126512128,2133590016,2137260032,2462120089
2125463552,2162163712,2157969408,2139095040,2128609280,2147483648,2145386496,2126512128,2146172928,2136997888,2462136091
2124414976,2160066560,2156920832,2132803584,2128609280,2148532224,2144337920,2127560704,2143551488,2137260032,2462152111
2122317824,2150629376,2147483648,2135949312,2130706432,2146435072,2145386496,2126512128,2139095040,2137260032,2462168112
2122317824,2151677952,2147483648,2134900736,2130706432,2148532224,2146435072,2128609280,2139095040,2138570752,2462185001
2139095040,2143289344,2139095040,2122317824,2130706432,2147483648,2145386496,2127560704,2135949312,2137784320,2462201001
2130706432,2156920832,2155872256,2138046464,2130706432,2147483648,2145386496,2127560704,2145386496,2137784320,2462217001
2129657856,2138046464,2136997888,2122317824,2128609280,2146435072,2143289344,2126512128,2131755008,2136211456,2462233023
2136997888,2136997888,2135949312,2119172096,2129657856,2146435072,2143289344,2126512128,2132279296,2136473600,2462249022
2128609280,2141192192,2136997888,2122317824,2129657856,2147483648,2145386496,2127560704,2132279296,2137522176,2462265024
2126512128,2163212288,2160066560,2140143616,2130706432,2148532224,2145386496,2127560704,2147483648,2138046464,2462281023
2132803584,2157969408,2152726528,2133852160,2130706432,2147483648,2146435072,2127560704,2144337920,2138046464,2462297046
2133852160,2152726528,2150629376,2133852160,2128609280,2149580800,2146435072,2129657856,2142765056,2138570752,2462313044
2121269248,2146435072,2138046464,2130706432,2129657856,2147483648,2145386496,2127560704,2134114304,2137522176,2462329045
2126512128,2154823680,2154823680,2138046464,2129657856,2146435072,2144337920,2125463552,2143551488,2136473600,2462345046
2132803584,2155872256,2150629376,2131755008,2129657856,2146435072,2144337920,2126512128,2142765056,2136735744,2462361067
2123366400,2162163712,2152726528,2143289344,2129657856,2148532224,2145386496,2128609280,2145386496,2138046464,2462377066
2125463552,2142240768,2139095040,2125463552,2130706432,2147483648,2145386496,2127560704,2133065728,2137784320,2462393066
2135949312,2141192192,2138046464,2122317824,2130706432,2147483648,2146435072,2127560704,2134376448,2138046464,2462409068
2130706432,2159017984,2156920832,2138046464,2128609280,2147483648,2145386496,2126512128,2146172928,2136997888,2462425093
2124414976,2144337920,2153775104,2126512128,2129657856,2146435072,2144337920,2126512128,2137260032,2136735744,2462441090
2138046464,2138046464,2138046464,2120220672,2129657856,2146435072,2144337920,2126512128,2133590016,2136735744,2462457092
2130706432,2153775104,2152726528,2129657856,2130706432,2148532224,2145386496,2128609280,2141716480,2138308608,2462473092
2142240768,2151677952,2140143616,2125463552,2130706432,2147483648,2145386496,2127560704,2139881472,2137784320,2462489111
2141192192,2146435072,2146435072,2122317824,2130706432,2147483648,2145386496,2128609280,2139095040,2138046464,2462505113
2123366400,2143289344,2141192192,2124414976,2129657856,2146435072,2144337920,2126512128,2133065728,2136735744,2462522001
2121269248,2156920832,2148532224,2140143616,2128609280,2147483648,2144337920,2127560704,2141716480,2136997888,2462538001
2125463552,2150629376,2156920832,2133852160,2129657856,2146435072,2144337920,2126512128,2141716480,2136735744,2462554001
2124414976,2150629376,2156920832,2135949312,2129657856,2147483648,2146435072,2128609280,2141978624,2138046464,2462570001
2142240768,2141192192,2138046464,2119172096,2130706432,2148532224,2144337920,2127560704,2135162880,2137784320,2462586023
2122317824,2147483648,2143289344,2132803584,2130706432,2148532224,2145386496,2128609280,2136473600,2138308608,2462602024
2129657856,2141192192,2135949312,2122317824,2129657856,2147483648,2145386496,2126512128,2132279296,2137260032,2462618023
2124414976,2159017984,2155872256,2140143616,2128609280,2147483648,2144337920,2126512128,2144862208,2136735744,2462634022
2130706432,2153775104,2154823680,2133852160,2129657856,2147483648,2144337920,2127560704,2143289344,2137260032,2462650045
2121269248,2147483648,2144337920,2130706432,2129657856,2147483648,2145386496,2127560704,2135949312,2137522176,2462666046
2122317824,2147483648,2147483648,2130706432,2130706432,2146435072,2145386496,2127560704,2136997888,2137522176,2462682046
2123366400,2155872256,2151677952,2140143616,2130706432,2148532224,2145386496,2127560704,2142765056,2138046464,2462698044
2139095040,2141192192,2146435072,2119172096,2129657856,2148532224,2145386496,2127560704,2136473600,2137784320,2462714065
2139095040,2146435072,2146435072,2121269248,2130706432,2146435072,2145386496,2126512128,2138308608,2137260032,2462730067
2140143616,2141192192,2138046464,2120220672,2129657856,2147483648,2145386496,2126512128,2134900736,2137260032,2462746068
2130706432,2159017984,2153775104,2130706432,2130706432,2147483648,2145386496,2127560704,2143551488,2137784320,2462762067
2134900736,2155872256,2150629376,2129657856,2129657856,2148532224,2146435072,2129657856,2142765056,2138570752,2462778088
2128609280,2160066560,2155872256,2133852160,2130706432,2148532224,2145386496,2128609280,2144600064,2138308608,2462794089
2135949312,2144337920,2146435072,2125463552,2129657856,2148532224,2145386496,2127560704,2138046464,2137784320,2462810089
2125463552,2142240768,2141192192,2126512128,2130706432,2147483648,2144337920,2126512128,2133852160,2137260032,2462826087
2142240768,2138046464,2139095040,2117074944,2129657856,2146435072,2143289344,2126512128,2134114304,2136473600,2462842111
2127560704,2157969408,2155872256,2136997888,2129657856,2147483648,2144337920,2126512128,2144600064,2136997888,2462859001
2127560704,2140143616,2138046464,2121269248,2129657856,2147483648,2145386496,2127560704,2131755008,2137522176,2462875001
2122317824,2150629376,2142240768,2135949312,2130706432,2148532224,2145386496,2127560704,2137784320,2138046464,2462891001
2129657856,2143289344,2143289344,2124414976,2130706432,2147483648,2146435072,2127560704,2135162880,2138046464,2462907001
2132803584,2153775104,2153775104,2129657856,2128609280,2147483648,2145386496,2127560704,2142502912,2137260032,2462923024
2121269248,2155872256,2147483648,2140143616,2128609280,2147483648,2145386496,2126512128,2141192192,2136997888,2462939023
2122317824,2152726528,2149580800,2139095040,2129657856,2147483648,2144337920,2127560704,2140930048,2137260032,2462955024
2128609280,2155872256,2155872256,2133852160,2130706432,2147483648,2146435072,2126512128,2143551488,2137784320,2462971023
2132803584,2140143616,2142240768,2121269248,2130706432,2147483648,2145386496,2127560704,2134114304,2137784320,2462987045
2123366400,2161115136,2155872256,2142240768,2130706432,2148532224,2145386496,2127560704,2145648640,2138046464,2463003045
2127560704,2154823680,2151677952,2136997888,2130706432,2147483648,2145386496,2127560704,2142765056,2137784320,2463019047
2130706432,2160066560,2146435072,2133852160,2129657856,2147483648,2144337920,2126512128,2142765056,2136997888,2463035046
2123366400,2159017984,2154823680,2136997888,2129657856,2146435072,2144337920,2125463552,2143551488,2136473600,2463051068
2121269248,2160066560,2153775104,2138046464,2130706432,2147483648,2145386496,2126512128,2143289344,2137522176,2463067067
2139095040,2152726528,2138046464,2122317824,2130706432,2147483648,2145386496,2127560704,2138046464,2137784320,2463083065
2135949312,2142240768,2139095040,2121269248,2130706432,2148532224,2145386496,2128609280,2134638592,2138308608,2463099066
2126512128,2149580800,2155872256,2136997888,2129657856,2147483648,2144337920,2127560704,2142240768,2137260032,2463115090
2123366400,2153775104,2135949312,2139095040,2128609280,2147483648,2144337920,2126512128,2138046464,2136735744,2463131089
2122317824,2151677952,2148532224,2134900736,2129657856,2146435072,2144337920,2126512128,2139357184,2136735744,2463147087
2122317824,2153775104,2152726528,2138046464,2130706432,2147483648,2144337920,2127560704,2141716480,2137522176,2463163089
2131755008,2156920832,2151677952,2130706432,2129657856,2148532224,2146435072,2128609280,2142765056,2138308608,2463179112
2124414976,2144337920,2144337920,2126512128,2130706432,2148532224,2145386496,2128609280,2134900736,2138308608,2463195113
2139095040,2145386496,2146435072,2122317824,2129657856,2147483648,2145386496,2127560704,2138308608,2137522176,2463212001
2122317824,2149580800,2144337920,2130706432,2129657856,2147483648,2144337920,2126512128,2136735744,2136997888,2463228001
2122317824,2145386496,2142240768,2128609280,2129657856,2146435072,2144337920,2126512128,2134638592,2136735744,2463244001
2135949312,2150629376,2150629376,2127560704,2129657856,2147483648,2144337920,2126512128,2141192192,2136997888,2463260024
2132803584,2152726528,2150629376,2133852160,2129657856,2148532224,2146435072,2128609280,2142502912,2138308608,2463276022
2126512128,2157969408,2161115136,2136997888,2129657856,2147483648,2146435072,2127560704,2145648640,2137784320,2463292022
2123366400,2152726528,2147483648,2136997888,2129657856,2147483648,2145386496,2128609280,2140143616,2137784320,2463308023
2123366400,2140143616,2141192192,2124414976,2129657856,2146435072,2144337920,2127560704,2132279296,2136997888,2463324045
2133852160,2152726528,2150629376,2120220672,2129657856,2147483648,2144337920,2126512128,2139357184,2136997888,2463340045
2134900736,2141192192,2146435072,2117074944,2129657856,2146435072,2144337920,2126512128,2134900736,2136735744,2463356046
2126512128,2151677952,2157969408,2135949312,2129657856,2147483648,2146435072,2127560704,2143027200,2137784320,2463372047
2132803584,2140143616,2138046464,2121269248,2129657856,2147483648,2146435072,2127560704,2133065728,2137784320,2463388066
2138046464,2154823680,2146435072,2128609280,2129657856,2147483648,2145386496,2127560704,2141978624,2137522176,2463404065
2123366400,2150629376,2144337920,2133852160,2129657856,2147483648,2144337920,2127560704,2138046464,2137260032,2463420066
2123366400,2147483648,2155872256,2128609280,2129657856,2146435072,2144337920,2126512128,2138832896,2136735744,2463436066
2128609280,2143289344,2136997888,2124414976,2129657856,2147483648,2145386496,2126512128,2133327872,2137260032,2463452087
2139095040,2140143616,2146435072,2119172096,2129657856,2147483648,2145386496,2127560704,2136211456,2137522176,2463468085
2123366400,2147483648,2147483648,2130706432,2130706432,2148532224,2145386496,2128609280,2137260032,2138308608,2463484087
2145386496,2139095040,2140143616,2119172096,2130706432,2147483648,2145386496,2127560704,2135949312,2137784320,2463500089
2120220672,2166358016,2151677952,2140143616,2129657856,2148532224,2145386496,2128609280,2144600064,2138046464,2463516111
2128609280,2141192192,2138046464,2122317824,2128609280,2147483648,2144337920,2126512128,2132541440,2136735744,2463532112
2124414976,2154823680,2155872256,2135949312,2129657856,2146435072,2145386496,2126512128,2142765056,2136997888,2463549001
2122317824,2147483648,2139095040,2130706432,2128609280,2148532224,2145386496,2127560704,2134900736,2137522176,2463565001
2135949312,2141192192,2138046464,2119172096,2130706432,2148532224,2146435072,2128609280,2133590016,2138570752,2463581001
2143289344,2143289344,2141192192,2122317824,2131755008,2147483648,2145386496,2127560704,2137522176,2138046464,2463597001
2124414976,2145386496,2139095040,2127560704,2129657856,2147483648,2145386496,2127560704,2134114304,2137522176,2463613023
2138046464,2146435072,2150629376,2121269248,2128609280,2146435072,2144337920,2126512128,2139095040,2136473600,2463629024
2133852160,2141192192,2135949312,2119172096,2128609280,2147483648,2145386496,2126512128,2132541440,2136997888,2463645023
2122317824,2142240768,2135949312,2125463552,2129657856,2147483648,2144337920,2127560704,2131492864,2137260032,2463661024
2138046464,2151677952,2138046464,2119172096,2129657856,2148532224,2145386496,2128609280,2136735744,2138046464,2463677045
2124414976,2155872256,2159017984,2139095040,2130706432,2148532224,2145386496,2128609280,2144600064,2138308608,2463693045
2124414976,2151677952,2159017984,2134900736,2129657856,2147483648,2145386496,2128609280,2142502912,2137784320,2463709046
2141192192,2142240768,2138046464,2122317824,2129657856,2146435072,2144337920,2126512128,2135949312,2136735744,2463725045
2123366400,2145386496,2140143616,2128609280,2129657856,2146435072,2143289344,2125463552,2134376448,2136211456,2463741067
2128609280,2155872256,2159017984,2131755008,2129657856,2147483648,2144337920,2126512128,2143813632,2136997888,2463757069
2122317824,2151677952,2140143616,2134900736,2129657856,2148532224,2145386496,2128609280,2137260032,2138046464,2463773066
2126512128,2149580800,2152726528,2134900736,2130706432,2148532224,2145386496,2129657856,2140930048,2138570752,2463789067
2123366400,2155872256,2155872256,2139095040,2129657856,2147483648,2146435072,2127560704,2143551488,2137784320,2463805090
2130706432,2155872256,2153775104,2136997888,2129657856,2147483648,2145386496,2126512128,2144337920,2137260032,2463821090
2124414976,2142240768,2144337920,2125463552,2127560704,2147483648,2144337920,2126512128,2134114304,2136473600,2463837089
2138046464,2138046464,2136997888,2120220672,2129657856,2147483648,2145386496,2126512128,2133327872,2137260032,2463853085
2129657856,2164260864,2152726528,2136997888,2129657856,2147483648,2145386496,2126512128,2145910784,2137260032,2463869113
2125463552,2157969408,2159017984,2141192192,2130706432,2148532224,2145386496,2128609280,2145910784,2138308608,2463886001
2134900736,2154823680,2149580800,2129657856,2130706432,2148532224,2146435072,2127560704,2142240768,2138308608,2463902001
2143289344,2150629376,2141192192,2131755008,2129657856,2147483648,2144337920,2127560704,2141716480,2137260032,2463918000
2122317824,2143289344,2141192192,2126512128,2129657856,2147483648,2144337920,2127560704,2133327872,2137260032,2463934001
2138046464,2141192192,2138046464,2120220672,2129657856,2147483648,2144337920,2127560704,2134376448,2137260032,2463950023
2143289344,2143289344,2144337920,2118123520,2130706432,2147483648,2144337920,2127560704,2137260032,2137522176,2463966023
2138046464,2141192192,2140143616,2122317824,2130706432,2147483648,2145386496,2127560704,2135425024,2137784320,2463982024
2139095040,2146435072,2146435072,2123366400,2130706432,2148532224,2146435072,2128609280,2138832896,2138570752,2463998023
2121269248,2147483648,2147483648,2130706432,2129657856,2148532224,2146435072,2127560704,2136735744,2138046464,2464014045
2122317824,2150629376,2151677952,2131755008,2129657856,2147483648,2144337920,2125463552,2139095040,2136735744,2464030045
2124414976,2141192192,2136997888,2124414976,2128609280,2147483648,2144337920,2126512128,2131755008,2136735744,2464046043
2126512128,2155872256,2155872256,2139095040,2129657856,2147483648,2144337920,2127560704,2144337920,2137260032,2464062045
2124414976,2155872256,2151677952,2139095040,2129657856,2148532224,2146435072,2128609280,2142765056,2138308608,2464078067
2132803584,2152726528,2150629376,2129657856,2130706432,2147483648,2145386496,2127560704,2141454336,2137784320,2464094066
2124414976,2153775104,2153775104,2141192192,2129657856,2147483648,2145386496,2127560704,2143289344,2137522176,2464110066
2123366400,2149580800,2154823680,2134900736,2128609280,2147483648,2145386496,2126512128,2140667904,2136997888,2464126066
2136997888,2138046464,2136997888,2117074944,2129657856,2147483648,2144337920,2125463552,2132279296,2136735744,2464142088
2126512128,2155872256,2152726528,2133852160,2129657856,2147483648,2145386496,2127560704,2142240768,2137522176,2464158087
2130706432,2155872256,2153775104,2129657856,2129657856,2147483648,2145386496,2127560704,2142502912,2137522176,2464174085
2126512128,2154823680,2159017984,2138046464,2130706432,2148532224,2145386496,2128609280,2144600064,2138308608,2464190089
2124414976,2163212288,2157969408,2143289344,2130706432,2149580800,2146435072,2128609280,2147221504,2138832896,2464206111
2142240768,2138046464,2139095040,2121269248,2130706432,2147483648,2144337920,2126512128,2135162880,2137260032,2464222113
2124414976,2159017984,2147483648,2141192192,2129657856,2147483648,2144337920,2127560704,2143027200,2137260032,2464239001
2132803584,2150629376,2146435072,2127560704,2129657856,2147483648,2145386496,2126512128,2139357184,2137260032,2464255001
2133852160,2141192192,2136997888,2121269248,2129657856,2147483648,2145386496,2127560704,2133327872,2137522176,2464271001
2127560704,2155872256,2160066560,2139095040,2130706432,2148532224,2145386496,2128609280,2145648640,2138308608,2464287023
2143289344,2143289344,2139095040,2123366400,2129657856,2148532224,2145386496,2128609280,2137260032,2138046464,2464303023
2143289344,2146435072,2139095040,2119172096,2129657856,2147483648,2144337920,2127560704,2136997888,2137260032,2464319025
2121269248,2147483648,2140143616,2130706432,2128609280,2147483648,2143289344,2126512128,2134900736,2136473600,2464335024
2133852160,2140143616,2136997888,2122317824,2129657856,2146435072,2144337920,2126512128,2133327872,2136735744,2464351047
2123366400,2157969408,2156920832,2141192192,2129657856,2148532224,2146435072,2127560704,2144862208,2138046464,2464367045
2126512128,2152726528,2160066560,2135949312,2129657856,2148532224,2146435072,2128609280,2143813632,2138308608,2464383046
2123366400,2147483648,2136997888,2130706432,2130706432,2148532224,2146435072,2128609280,2134638592,2138570752,2464399045
2123366400,2143289344,2141192192,2126512128,2129657856,2147483648,2145386496,2127560704,2133590016,2137522176,2464415067
2122317824,2147483648,2141192192,2130706432,2129657856,2147483648,2144337920,2127560704,2135425024,2137260032,2464431067
2121269248,2145386496,2151677952,2127560704,2129657856,2146435072,2145386496,2126512128,2136473600,2136997888,2464447067
2141192192,2139095040,2138046464,2117074944,2129657856,2147483648,2145386496,2127560704,2133852160,2137522176,2464463067
2127560704,2157969408,2154823680,2132803584,2129657856,2148532224,2146435072,2128609280,2143289344,2138308608,2464479090
2133852160,2143289344,2140143616,2124414976,2130706432,2148532224,2146435072,2128609280,2135425024,2138570752,2464495087
2122317824,2147483648,2147483648,2131755008,2129657856,2147483648,2145386496,2127560704,2137260032,2137522176,2464511087
2129657856,2141192192,2143289344,2119172096,2129657856,2146435072,2144337920,2126512128,2133327872,2136735744,2464527086
2133852160,2139095040,2135949312,2118123520,2129657856,2147483648,2144337920,2126512128,2131755008,2136997888,2464543108
2138046464,2139095040,2136997888,2119172096,2129657856,2147483648,2143289344,2127560704,2133327872,2136997888,2464559110
2145386496,2139095040,2139095040,2119172096,2130706432,2148532224,2145386496,2127560704,2135687168,2138046464,2464576001
2134900736,2152726528,2149580800,2129657856,2129657856,2148532224,2146435072,2128609280,2141716480,2138308608,2464592001
2128609280,2141192192,2142240768,2121269248,2130706432,2147483648,2145386496,2127560704,2133327872,2137784320,2464608001
2122317824,2160066560,2150629376,2139095040,2130706432,2146435072,2144337920,2126512128,2143027200,2136997888,2464624001
2120220672,2150629376,2141192192,2139095040,2128609280,2148532224,2144337920,2127560704,2137784320,2137260032,2464640024
2133852160,2154823680,2146435072,2133852160,2129657856,2147483648,2144337920,2127560704,2142240768,2137260032,2464656023
2122317824,2153775104,2151677952,2138046464,2130706432,2147483648,2145386496,2127560704,2141454336,2137784320,2464672023
2122317824,2155872256,2147483648,2143289344,2130706432,2148532224,2146435072,2128609280,2142240768,2138570752,2464688022
2129657856,2143289344,2142240768,2123366400,2129657856,2147483648,2146435072,2128609280,2134638592,2138046464,2464704044
2135949312,2141192192,2135949312,2119172096,2129657856,2147483648,2145386496,2127560704,2133065728,2137522176,2464720045
2123366400,2147483648,2139095040,2126512128,2129657856,2146435072,2144337920,2126512128,2134114304,2136735744,2464736045
2139095040,2146435072,2146435072,2119172096,2128609280,2146435072,2144337920,2126512128,2137784320,2136473600,2464752044
2130706432,2159017984,2152726528,2136997888,2129657856,2147483648,2145386496,2127560704,2144862208,2137522176,2464768066
2125463552,2150629376,2153775104,2133852160,2129657856,2148532224,2146435072,2128609280,2140930048,2138308608,2464784066
2125463552,2144337920,2142240768,2128609280,2129657856,2147483648,2145386496,2128609280,2135162880,2137784320,2464800066
2136997888,2151677952,2140143616,2122317824,2129657856,2147483648,2145386496,2128609280,2137784320,2137784320,2464816066
2121269248,2147483648,2149580800,2130706432,2128609280,2147483648,2144337920,2126512128,2137260032,2136735744,2464832087
2128609280,2152726528,2152726528,2134900736,2129657856,2146435072,2145386496,2125463552,2142240768,2136735744,2464848089
2126512128,2159017984,2154823680,2138046464,2129657856,2147483648,2145386496,2127560704,2144600064,2137522176,2464864090
2122317824,2153775104,2151677952,2136997888,2130706432,2148532224,2145386496,2127560704,2141192192,2138046464,2464880087
2142240768,2143289344,2139095040,2122317824,2130706432,2148532224,2145386496,2128609280,2136735744,2138308608,2464896108
2121269248,2160066560,2154823680,2138046464,2129657856,2148532224,2145386496,2128609280,2143551488,2138046464,2464913001
2135949312,2141192192,2139095040,2120220672,2128609280,2146435072,2144337920,2126512128,2134114304,2136473600,2464929001
2143289344,2139095040,2141192192,2117074944,2129657856,2147483648,2144337920,2126512128,2135162880,2136997888,2464945001
2131755008,2159017984,2149580800,2132803584,2130706432,2147483648,2145386496,2126512128,2143289344,2137522176,2464961001
2122317824,2147483648,2155872256,2127560704,2129657856,2147483648,2146435072,2128609280,2138308608,2138046464,2464977023
2141192192,2144337920,2138046464,2122317824,2129657856,2148532224,2147483648,2128609280,2136473600,2138570752,2464993025
2121269248,2155872256,2149580800,2142240768,2128609280,2148532224,2145386496,2128609280,2142240768,2137784320,2465009023
2134900736,2155872256,2149580800,2131755008,2129657856,2147483648,2144337920,2127560704,2143027200,2137260032,2465025024
2125463552,2140143616,2141192192,2121269248,2129657856,2146435072,2144337920,2125463552,2132017152,2136473600,2465041046
2135949312,2155872256,2146435072,2129657856,2130706432,2146435072,2144337920,2125463552,2141978624,2136735744,2465057046
2122317824,2151677952,2149580800,2134900736,2129657856,2148532224,2145386496,2128609280,2139619328,2138046464,2465073044
2139095040,2153775104,2142240768,2131755008,2130706432,2147483648,2146435072,2128609280,2141716480,2138308608,2465089045
2136997888,2141192192,2138046464,2122317824,2130706432,2148532224,2145386496,2128609280,2134638592,2138308608,2465105067
2135949312,2140143616,2136997888,2121269248,2128609280,2148532224,2145386496,2127560704,2133590016,2137522176,2465121068
2131755008,2154823680,2150629376,2136997888,2129657856,2146435072,2145386496,2126512128,2143551488,2136997888,2465137066
2130706432,2152726528,2151677952,2133852160,2128609280,2147483648,2145386496,2127560704,2142240768,2137260032,2465153067
2126512128,2157969408,2155872256,2133852160,2130706432,2147483648,2144337920,2126512128,2143551488,2137260032,2465169088
2124414976,2142240768,2140143616,2125463552,2130706432,2148532224,2145386496,2128609280,2133065728,2138308608,2465185088
2122317824,2161115136,2154823680,2139095040,2129657856,2148532224,2145386496,2128609280,2144337920,2138046464,2465201086
2139095040,2155872256,2140143616,2129657856,2129657856,2147483648,2145386496,2127560704,2141192192,2137522176,2465217087
2127560704,2139095040,2138046464,2121269248,2129657856,2146435072,2144337920,2126512128,2131492864,2136735744,2465233107
2131755008,2154823680,2150629376,2134900736,2128609280,2147483648,2144337920,2125463552,2143027200,2136473600,2465249109
2123366400,2142240768,2138046464,2124414976,2129657856,2147483648,2144337920,2127560704,2132017152,2137260032,2465266001
2128609280,2143289344,2138046464,2122317824,2130706432,2148532224,2146435072,2128609280,2133065728,2138570752,2465282001
2144337920,2142240768,2141192192,2122317824,2130706432,2148532224,2145386496,2128609280,2137522176,2138308608,2465298001
2138046464,2141192192,2140143616,2122317824,2129657856,2147483648,2145386496,2127560704,2135425024,2137522176,2465314024
2122317824,2147483648,2140143616,2127560704,2129657856,2147483648,2143289344,2126512128,2134376448,2136735744,2465330024
2132803584,2143289344,2139095040,2122317824,2129657856,2146435072,2144337920,2126512128,2134376448,2136735744,2465346023
2122317824,2152726528,2149580800,2135949312,2129657856,2146435072,2144337920,2126512128,2140143616,2136735744,2465362023
2122317824,2152726528,2151677952,2134900736,2129657856,2147483648,2145386496,2127560704,2140405760,2137522176,2465378045
2123366400,2146435072,2140143616,2128609280,2130706432,2148532224,2145386496,2128609280,2134638592,2138308608,2465394044
2135949312,2146435072,2139095040,2122317824,2130706432,2148532224,2145386496,2127560704,2135949312,2138046464,2465410047
2121269248,2151677952,2147483648,2134900736,2129657856,2147483648,2145386496,2126512128,2138832896,2137260032,2465426045
2136997888,2143289344,2146435072,2118123520,2129657856,2147483648,2144337920,2125463552,2136211456,2136735744,2465442067
2121269248,2148532224,2142240768,2134900736,2129657856,2146435072,2145386496,2126512128,2136735744,2136997888,2465458064
2125463552,2148532224,2136997888,2133852160,2129657856,2148532224,2145386496,2129657856,2136211456,2138308608,2465474067
2145386496,2143289344,2140143616,2120220672,2130706432,2148532224,2146435072,2128609280,2137260032,2138570752,2465490066
2133852160,2142240768,2141192192,2122317824,2129657856,2148532224,2146435072,2128609280,2134900736,2138308608,2465506088
2134900736,2139095040,2138046464,2119172096,2129657856,2147483648,2144337920,2127560704,2132803584,2137260032,2465522087
2138046464,2141192192,2138046464,2120220672,2130706432,2147483648,2144337920,2126512128,2134376448,2137260032,2465538088
2133852160,2140143616,2138046464,2122317824,2129657856,2147483648,2143289344,2126512128,2133590016,2136735744,2465554087
2127560704,2157969408,2153775104,2139095040,2129657856,2148532224,2144337920,2127560704,2144600064,2137522176,2465570112
2145386496,2139095040,2141192192,2120220672,2129657856,2148532224,2145386496,2128609280,2136473600,2138046464,2465586107
2123366400,2166358016,2152726528,2139095040,2130706432,2148532224,2145386496,2127560704,2145386496,2138046464,2465603001
2136997888,2154823680,2146435072,2129657856,2129657856,2147483648,2145386496,2126512128,2141978624,2137260032,2465619001
2126512128,2156920832,2152726528,2134900736,2129657856,2146435072,2144337920,2125463552,2142765056,2136473600,2465635001
2122317824,2147483648,2143289344,2129657856,2128609280,2147483648,2144337920,2126512128,2135687168,2136735744,2465651001
2122317824,2163212288,2149580800,2143289344,2130706432,2148532224,2145386496,2127560704,2144600064,2138046464,2465667023
2133852160,2143289344,2139095040,2122317824,2130706432,2149580800,2145386496,2128609280,2134638592,2138570752,2465683024
2123366400,2157969408,2151677952,2144337920,2129657856,2148532224,2146435072,2128609280,2144337920,2138308608,2465699022
2124414976,2159017984,2156920832,2140143616,2128609280,2147483648,2145386496,2127560704,2145124352,2137260032,2465715022
2122317824,2149580800,2151677952,2132803584,2129657856,2147483648,2144337920,2127560704,2139095040,2137260032,2465731046
2121269248,2152726528,2149580800,2138046464,2128609280,2146435072,2145386496,2126512128,2140405760,2136735744,2465747045
2124414976,2160066560,2153775104,2143289344,2128609280,2148532224,2145386496,2128609280,2145386496,2137784320,2465763046
2132803584,2151677952,2153775104,2128609280,2130706432,2148532224,2146435072,2127560704,2141716480,2138308608,2465779044
2138046464,2143289344,2140143616,2121269248,2130706432,2147483648,2145386496,2128609280,2135687168,2138046464,2465795067
2126512128,2147483648,2153775104,2130706432,2129657856,2148532224,2145386496,2128609280,2139619328,2138046464,2465811066
2124414976,2147483648,2150629376,2127560704,2128609280,2148532224,2145386496,2127560704,2137522176,2137522176,2465827067
2138046464,2138046464,2136997888,2121269248,2128609280,2147483648,2144337920,2127560704,2133590016,2136997888,2465843065
2127560704,2141192192,2142240768,2123366400,2130706432,2146435072,2145386496,2125463552,2133590016,2136997888,2465859087
2127560704,2155872256,2157969408,2135949312,2130706432,2148532224,2146435072,2127560704,2144337920,2138308608,2465875087
2133852160,2152726528,2146435072,2133852160,2130706432,2148532224,2145386496,2128609280,2141716480,2138308608,2465891089
2129657856,2160066560,2154823680,2136997888,2129657856,2148532224,2145386496,2127560704,2145386496,2137784320,2465907084
2134900736,2154823680,2153775104,2128609280,2129657856,2147483648,2145386496,2127560704,2143027200,2137522176,2465923110
2122317824,2144337920,2144337920,2127560704,2129657856,2147483648,2144337920,2127560704,2134638592,2137260032,2465940001
2122317824,2144337920,2139095040,2126512128,2129657856,2147483648,2144337920,2126512128,2133065728,2136997888,2465956001
2141192192,2146435072,2139095040,2122317824,2129657856,2147483648,2145386496,2127560704,2137260032,2137522176,2465972001
2138046464,2142240768,2150629376,2124414976,2129657856,2148532224,2146435072,2128609280,2138832896,2138308608,2465988001
2124414976,2147483648,2149580800,2129657856,2131755008,2147483648,2145386496,2127560704,2137784320,2138046464,2466004022
2141192192,2142240768,2146435072,2122317824,2130706432,2147483648,2144337920,2127560704,2138046464,2137522176,2466020025
2128609280,2155872256,2152726528,2134900736,2129657856,2147483648,2145386496,2126512128,2143027200,2137260032,2466036023
2127560704,2154823680,2154823680,2135949312,2129657856,2147483648,2145386496,2126512128,2143289344,2137260032,2466052023
2141192192,2139095040,2139095040,2117074944,2129657856,2148532224,2145386496,2128609280,2134114304,2138046464,2466068046
2138046464,2139095040,2138046464,2121269248,2130706432,2147483648,2145386496,2127560704,2134114304,2137784320,2466084046
2141192192,2146435072,2146435072,2120220672,2130706432,2148532224,2146435072,2128609280,2138570752,2138570752,2466100044
2127560704,2154823680,2155872256,2133852160,2130706432,2147483648,2144337920,2126512128,2143027200,2137260032,2466116045
2126512128,2155872256,2157969408,2139095040,2129657856,2147483648,2144337920,2126512128,2144862208,2136997888,2466132068
2124414976,2151677952,2155872256,2134900736,2128609280,2146435072,2145386496,2126512128,2141716480,2136735744,2466148067
2138046464,2140143616,2135949312,2120220672,2130706432,2147483648,2144337920,2126512128,2133590016,2137260032,2466164065
2141192192,2138046464,2141192192,2120220672,2130706432,2148532224,2145386496,2127560704,2135162880,2138046464,2466180068
2144337920,2141192192,2142240768,2119172096,2130706432,2148532224,2145386496,2127560704,2136735744,2138046464,2466196089
2124414976,2143289344,2141192192,2123366400,2128609280,2148532224,2146435072,2128609280,2133065728,2138046464,2466212087
2138046464,2139095040,2138046464,2116026368,2130706432,2146435072,2144337920,2125463552,2132803584,2136735744,2466228087
2129657856,2140143616,2135949312,2120220672,2128609280,2146435072,2143289344,2126512128,2131492864,2136211456,2466244088
2122317824,2155872256,2148532224,2139095040,2129657856,2146435072,2144337920,2126512128,2141454336,2136735744,2466260109
2130706432,2159017984,2154823680,2131755008,2130706432,2148532224,2146435072,2127560704,2144075776,2138308608,2466276109
2139095040,2143289344,2140143616,2123366400,2130706432,2148532224,2146435072,2128609280,2136473600,2138570752,2466293001
2124414976,2162163712,2157969408,2136997888,2129657856,2148532224,2146435072,2127560704,2145386496,2138046464,2466309001
2139095040,2153775104,2140143616,2123366400,2129657856,2147483648,2145386496,2126512128,2139095040,2137260032,2466325001
2122317824,2164260864,2151677952,2139095040,2128609280,2147483648,2144337920,2126512128,2144337920,2136735744,2466341024
2124414976,2141192192,2139095040,2122317824,2129657856,2147483648,2144337920,2126512128,2131755008,2136997888,2466357022
2132803584,2157969408,2152726528,2138046464,2129657856,2148532224,2146435072,2128609280,2145386496,2138308608,2466373024
2131755008,2155872256,2152726528,2127560704,2129657856,2148532224,2146435072,2128609280,2141978624,2138308608,2466389023
2135949312,2141192192,2148532224,2121269248,2130706432,2147483648,2145386496,2127560704,2136735744,2137784320,2466405045
2139095040,2146435072,2144337920,2119172096,2130706432,2147483648,2144337920,2126512128,2137260032,2137260032,2466421043
2127560704,2141192192,2140143616,2124414976,2129657856,2146435072,2143289344,2126512128,2133327872,2136473600,2466437045
2122317824,2162163712,2151677952,2139095040,2129657856,2147483648,2144337920,2126512128,2143813632,2136997888,2466453047
2133852160,2139095040,2139095040,2120220672,2130706432,2147483648,2144337920,2126512128,2133065728,2137260032,2466469068
2123366400,2147483648,2143289344,2132803584,2129657856,2148532224,2145386496,2128609280,2136735744,2138046464,2466485064
2143289344,2144337920,2144337920,2119172096,2130706432,2148532224,2145386496,2128609280,2137784320,2138308608,2466501066
2122317824,2153775104,2147483648,2136997888,2130706432,2146435072,2145386496,2126512128,2140143616,2137260032,2466517067
2122317824,2145386496,2144337920,2126512128,2129657856,2146435072,2144337920,2125463552,2134638592,2136473600,2466533088
2122317824,2155872256,2151677952,2135949312,2129657856,2146435072,2144337920,2126512128,2141454336,2136735744,2466549087
2134900736,2141192192,2135949312,2125463552,2129657856,2147483648,2146435072,2127560704,2134376448,2137784320,2466565089
2127560704,2157969408,2159017984,2129657856,2129657856,2148532224,2146435072,2128609280,2143551488,2138308608,2466581089
2146435072,2141192192,2140143616,2119172096,2130706432,2148532224,2146435072,2128609280,2136735744,2138570752,2466597110
2123366400,2159017984,2157969408,2143289344,2130706432,2147483648,2145386496,2127560704,2145910784,2137784320,2466613108
2129657856,2140143616,2135949312,2121269248,2129657856,2147483648,2144337920,2126512128,2131755008,2136997888,2466630001
2141192192,2146435072,2139095040,2123366400,2129657856,2146435072,2144337920,2125463552,2137522176,2136473600,2466646001
2122317824,2151677952,2152726528,2133852160,2129657856,2147483648,2145386496,2128609280,2140143616,2137784320,2466662001
2123366400,2147483648,2141192192,2129657856,2130706432,2147483648,2145386496,2127560704,2135425024,2137784320,2466678001
2122317824,2157969408,2141192192,2142240768,2130706432,2148532224,2146435072,2128609280,2140930048,2138570752,2466694024
2125463552,2159017984,2156920832,2136997888,2129657856,2148532224,2145386496,2128609280,2144600064,2138046464,2466710023
2125463552,2143289344,2139095040,2124414976,2129657856,2146435072,2144337920,2126512128,2133065728,2136735744,2466726023
2131755008,2136997888,2139095040,2119172096,2129657856,2146435072,2144337920,2126512128,2131755008,2136735744,2466742022
2141192192,2141192192,2136997888,2117074944,2128609280,2147483648,2145386496,2127560704,2134114304,2137260032,2466758044
2125463552,2143289344,2139095040,2124414976,2130706432,2147483648,2145386496,2127560704,2133065728,2137784320,2466774045
2125463552,2143289344,2140143616,2126512128,2130706432,2147483648,2146435072,2127560704,2133852160,2138046464,2466790045
2136997888,2139095040,2139095040,2119172096,2129657856,2147483648,2145386496,2126512128,2133590016,2137260032,2466806044
2129657856,2143289344,2141192192,2122317824,2128609280,2148532224,2146435072,2128609280,2134114304,2138046464,2466822068
2133852160,2151677952,2150629376,2132803584,2129657856,2148532224,2145386496,2126512128,2142240768,2137522176,2466838067
2123366400,2143289344,2141192192,2127560704,2129657856,2147483648,2145386496,2126512128,2133852160,2137260032,2466854066
2123366400,2145386496,2138046464,2128609280,2129657856,2147483648,2145386496,2126512128,2133852160,2137260032,2466870066
2142240768,2149580800,2139095040,2121269248,2130706432,2147483648,2145386496,2127560704,2138046464,2137784320,2466886090
2124414976,2163212288,2155872256,2142240768,2130706432,2147483648,2145386496,2128609280,2146435072,2138046464,2466902087
2140143616,2149580800,2139095040,2125463552,2129657856,2147483648,2145386496,2127560704,2138570752,2137522176,2466918089
2134900736,2157969408,2149580800,2129657856,2129657856,2147483648,2144337920,2126512128,2143027200,2136997888,2466934085
2133852160,2146435072,2141192192,2124414976,2128609280,2147483648,2144337920,2126512128,2136473600,2136735744,2466950111
2139095040,2142240768,2139095040,2122317824,2129657856,2146435072,2145386496,2126512128,2135687168,2136997888,2466967001
2135949312,2141192192,2138046464,2120220672,2128609280,2148532224,2145386496,2129657856,2133852160,2138046464,2466983001
2124414976,2142240768,2140143616,2125463552,2130706432,2147483648,2146435072,2128609280,2133065728,2138308608,2466999001
2123366400,2164260864,2147483648,2145386496,2129657856,2147483648,2145386496,2127560704,2145124352,2137522176,2467015001
2136997888,2141192192,2138046464,2122317824,2129657856,2147483648,2145386496,2126512128,2134638592,2137260032,2467031024
2135949312,2138046464,2138046464,2119172096,2129657856,2147483648,2144337920,2126512128,2132803584,2136997888,2467047024
2128609280,2146435072,2156920832,2123366400,2129657856,2147483648,2145386496,2127560704,2138832896,2137522176,2467063023
2128609280,2141192192,2142240768,2122317824,2129657856,2148532224,2146435072,2128609280,2133590016,2138308608,2467079024
2123366400,2157969408,2155872256,2141192192,2129657856,2149580800,2146435072,2129657856,2144600064,2138832896,2467095046
2136997888,2154823680,2150629376,2134900736,2130706432,2147483648,2145386496,2127560704,2144337920,2137784320,2467111045
2126512128,2143289344,2139095040,2124414976,2129657856,2146435072,2144337920,2126512128,2133327872,2136735744,2467127045
2122317824,2152726528,2147483648,2139095040,2129657856,2146435072,2144337920,2126512128,2140405760,2136735744,2467143047
2123366400,2150629376,2147483648,2134900736,2129657856,2146435072,2144337920,2126512128,2139095040,2136735744,2467159066
2130706432,2150629376,2153775104,2126512128,2128609280,2148532224,2145386496,2128609280,2140405760,2137784320,2467175066
2144337920,2143289344,2141192192,2121269248,2130706432,2149580800,2145386496,2128609280,2137522176,2138570752,2467191066
2133852160,2140143616,2139095040,2122317824,2130706432,2148532224,2145386496,2128609280,2133852160,2138308608,2467207067
2141192192,2153775104,2141192192,2129657856,2130706432,2147483648,2144337920,2127560704,2141454336,2137522176,2467223087
2123366400,2146435072,2156920832,2126512128,2128609280,2147483648,2145386496,2127560704,2138308608,2137260032,2467239087
2139095040,2146435072,2140143616,2119172096,2129657856,2146435072,2144337920,2125463552,2136211456,2136473600,2467255087
2122317824,2147483648,2147483648,2130706432,2129657856,2147483648,2144337920,2127560704,2136997888,2137260032,2467271087
2142240768,2141192192,2136997888,2122317824,2130706432,2147483648,2145386496,2128609280,2135687168,2138046464,2467287110
2131755008,2157969408,2151677952,2132803584,2129657856,2148532224,2146435072,2128609280,2143551488,2138308608,2467303111
2133852160,2142240768,2139095040,2123366400,2129657856,2147483648,2146435072,2127560704,2134638592,2137784320,2467320001
2140143616,2143289344,2146435072,2120220672,2128609280,2147483648,2143289344,2127560704,2137522176,2136735744,2467336001
2135949312,2139095040,2138046464,2117074944,2129657856,2147483648,2144337920,2126512128,2132541440,2136997888,2467352001
2122317824,2151677952,2154823680,2139095040,2129657856,2147483648,2144337920,2127560704,2141978624,2137260032,2467368023
2125463552,2161115136,2162163712,2135949312,2130706432,2147483648,2146435072,2127560704,2146172928,2138046464,2467384024
2123366400,2160066560,2152726528,2139095040,2131755008,2147483648,2145386496,2127560704,2143813632,2138046464,2467400023
2128609280,2142240768,2142240768,2124414976,2130706432,2148532224,2145386496,2127560704,2134376448,2138046464,2467416024
2134900736,2139095040,2139095040,2117074944,2129657856,2146435072,2144337920,2126512128,2132541440,2136735744,2467432045
2122317824,2151677952,2154823680,2136997888,2129657856,2147483648,2144337920,2126512128,2141454336,2136997888,2467448044
2122317824,2156920832,2154823680,2138046464,2129657856,2147483648,2145386496,2127560704,2143027200,2137522176,2467464045
2143289344,2139095040,2138046464,2120220672,2130706432,2147483648,2144337920,2127560704,2135162880,2137522176,2467480045
2124414976,2148532224,2150629376,2132803584,2130706432,2148532224,2146435072,2128609280,2139095040,2138570752,2467496066
2145386496,2142240768,2140143616,2119172096,2130706432,2148532224,2145386496,2127560704,2136735744,2138046464,2467512066
2122317824,2148532224,2143289344,2131755008,2128609280,2147483648,2144337920,2127560704,2136473600,2136997888,2467528067
2133852160,2159017984,2149580800,2126512128,2128609280,2147483648,2144337920,2126512128,2142240768,2136735744,2467544066
2135949312,2138046464,2138046464,2120220672,2130706432,2146435072,2144337920,2127560704,2133065728,2137260032,2467560088
2134900736,2140143616,2136997888,2120220672,2130706432,2148532224,2145386496,2128609280,2133065728,2138308608,2467576087
2126512128,2162163712,2159017984,2141192192,2131755008,2147483648,2144337920,2127560704,2147221504,2137784320,2467592090
2126512128,2143289344,2139095040,2123366400,2130706432,2147483648,2145386496,2127560704,2133065728,2137784320,2467608088
2140143616,2150629376,2138046464,2129657856,2129657856,2147483648,2144337920,2126512128,2139619328,2136997888,2467624109
2121269248,2157969408,2151677952,2139095040,2129657856,2147483648,2144337920,2126512128,2142502912,2136997888,2467640109
2142240768,2141192192,2138046464,2116026368,2129657856,2147483648,2144337920,2127560704,2134376448,2137260032,2467657001
2142240768,2140143616,2139095040,2119172096,2129657856,2148532224,2145386496,2128609280,2135162880,2138046464,2467673001
2125463552,2140143616,2138046464,2124414976,2129657856,2148532224,2145386496,2128609280,2132017152,2138046464,2467689001
2143289344,2142240768,2142240768,2119172096,2130706432,2146435072,2145386496,2127560704,2136735744,2137522176,2467705001
2123366400,2156920832,2155872256,2140143616,2129657856,2147483648,2144337920,2127560704,2144075776,2137260032,2467721024
2142240768,2139095040,2138046464,2117074944,2130706432,2146435072,2143289344,2126512128,2134114304,2136735744,2467737024
2122317824,2151677952,2151677952,2135949312,2128609280,2147483648,2145386496,2126512128,2140405760,2136997888,2467753024
2135949312,2138046464,2139095040,2121269248,2130706432,2146435072,2144337920,2127560704,2133590016,2137260032,2467769023
2131755008,2155872256,2152726528,2133852160,2130706432,2148532224,2146435072,2128609280,2143551488,2138570752,2467785045
2129657856,2141192192,2144337920,2126512128,2130706432,2147483648,2146435072,2127560704,2135425024,2138046464,2467801045
2124414976,2142240768,2141192192,2126512128,2129657856,2147483648,2145386496,2127560704,2133590016,2137522176,2467817046
2135949312,2154823680,2151677952,2127560704,2129657856,2146435072,2145386496,2126512128,2142502912,2136997888,2467833047
2122317824,2155872256,2150629376,2135949312,2129657856,2146435072,2145386496,2126512128,2141192192,2136997888,2467849067
2140143616,2142240768,2146435072,2122317824,2129657856,2147483648,2145386496,2127560704,2137784320,2137522176,2467865066
2121269248,2164260864,2153775104,2142240768,2130706432,2148532224,2146435072,2128609280,2145386496,2138570752,2467881067
2131755008,2160066560,2153775104,2131755008,2130706432,2148532224,2147483648,2128609280,2144337920,2138832896,2467897066
2123366400,2143289344,2140143616,2128609280,2129657856,2148532224,2144337920,2127560704,2133852160,2137522176,2467913087
2139095040,2151677952,2145386496,2129657856,2129657856,2147483648,2144337920,2127560704,2141454336,2137260032,2467929089
2124414976,2153775104,2153775104,2134900736,2129657856,2146435072,2144337920,2126512128,2141716480,2136735744,2467945089
2121269248,2144337920,2139095040,2126512128,2128609280,2147483648,2145386496,2126512128,2132803584,2136997888,2467961089
2124414976,2143289344,2148532224,2127560704,2130706432,2147483648,2145386496,2127560704,2135949312,2137784320,2467977111
2144337920,2143289344,2139095040,2120220672,2131755008,2147483648,2144337920,2127560704,2136735744,2137784320,2467994001
2131755008,2142240768,2141192192,2121269248,2129657856,2147483648,2145386496,2127560704,2134114304,2137522176,2468010001
2124414976,2147483648,2150629376,2129657856,2129657856,2147483648,2144337920,2127560704,2138046464,2137260032,2468026000
2129657856,2140143616,2139095040,2121269248,2128609280,2146435072,2144337920,2126512128,2132541440,2136473600,2468042001
2122317824,2145386496,2139095040,2128609280,2129657856,2147483648,2144337920,2126512128,2133852160,2136997888,2468058024
2136997888,2154823680,2144337920,2126512128,2130706432,2148532224,2145386496,2128609280,2140667904,2138308608,2468074024
2141192192,2152726528,2138046464,2124414976,2130706432,2148532224,2145386496,2127560704,2139095040,2138046464,2468090024
2133852160,2141192192,2140143616,2123366400,2130706432,2148532224,2145386496,2128609280,2134638592,2138308608,2468106023
2134900736,2141192192,2140143616,2125463552,2129657856,2147483648,2144337920,2127560704,2135425024,2137260032,2468122045
2132803584,2139095040,2139095040,2119172096,2129657856,2146435072,2145386496,2126512128,2132541440,2136997888,2468138045
2135949312,2139095040,2139095040,2118123520,2129657856,2147483648,2144337920,2126512128,2133065728,2136997888,2468154043
2143289344,2142240768,2141192192,2119172096,2129657856,2148532224,2145386496,2127560704,2136473600,2137784320,2468170045
2123366400,2149580800,2147483648,2134900736,2129657856,2147483648,2145386496,2128609280,2138832896,2137784320,2468186067
2122317824,2153775104,2151677952,2136997888,2130706432,2147483648,2145386496,2127560704,2141192192,2137784320,2468202067
2127560704,2160066560,2149580800,2135949312,2129657856,2147483648,2145386496,2127560704,2143289344,2137522176,2468218066
2131755008,2146435072,2149580800,2122317824,2129657856,2146435072,2144337920,2126512128,2137522176,2136735744,2468234068
2136997888,2139095040,2136997888,2118123520,2128609280,2147483648,2144337920,2126512128,2132803584,2136735744,2468250087
2123366400,2151677952,2141192192,2134900736,2129657856,2148532224,2145386496,2127560704,2137784320,2137784320,2468266087
2136997888,2145386496,2146435072,2123366400,2130706432,2148532224,2144337920,2128609280,2138046464,2138046464,2468282088
2125463552,2147483648,2143289344,2130706432,2130706432,2147483648,2145386496,2127560704,2136735744,2137784320,2468298087
2138046464,2141192192,2136997888,2122317824,2129657856,2147483648,2145386496,2127560704,2134638592,2137522176,2468314111
2134900736,2140143616,2146435072,2120220672,2128609280,2147483648,2144337920,2127560704,2135425024,2136997888,2468330110
2140143616,2142240768,2138046464,2120220672,2129657856,2146435072,2144337920,2126512128,2135162880,2136735744,2468347001
2138046464,2138046464,2138046464,2122317824,2128609280,2147483648,2145386496,2127560704,2134114304,2137260032,2468363001
2132803584,2163212288,2154823680,2132803584,2130706432,2148532224,2145386496,2127560704,2145910784,2138046464,2468379001
2138046464,2146435072,2138046464,2124414976,2130706432,2147483648,2145386496,2127560704,2136735744,2137784320,2468395023
2123366400,2161115136,2155872256,2144337920,2129657856,2148532224,2145386496,2127560704,2146172928,2137784320,2468411022
2132803584,2156920832,2151677952,2132803584,2129657856,2147483648,2144337920,2126512128,2143551488,2136997888,2468427024
2135949312,2138046464,2136997888,2119172096,2129657856,2146435072,2144337920,2125463552,2132541440,2136473600,2468443023
2131755008,2155872256,2152726528,2129657856,2129657856,2147483648,2143289344,2126512128,2142502912,2136735744,2468459045
2125463552,2141192192,2145386496,2124414976,2129657856,2147483648,2146435072,2127560704,2134114304,2137784320,2468475045
2125463552,2160066560,2160066560,2139095040,2130706432,2148532224,2146435072,2128609280,2146172928,2138570752,2468491045
2139095040,2146435072,2138046464,2124414976,2129657856,2147483648,2144337920,2127560704,2136997888,2137260032,2468507046
2122317824,2160066560,2148532224,2143289344,2129657856,2147483648,2145386496,2127560704,2143551488,2137522176,2468523068
2122317824,2147483648,2147483648,2131755008,2129657856,2146435072,2144337920,2126512128,2137260032,2136735744,2468539065
2135949312,2150629376,2143289344,2125463552,2129657856,2147483648,2144337920,2126512128,2138832896,2136997888,2468555067
2143289344,2146435072,2139095040,2123366400,2130706432,2147483648,2145386496,2127560704,2138046464,2137784320,2468571067
2122317824,2147483648,2151677952,2130706432,2130706432,2148532224,2145386496,2127560704,2138046464,2138046464,2468587088
2143289344,2140143616,2140143616,2119172096,2131755008,2148532224,2145386496,2128609280,2135687168,2138570752,2468603087
2139095040,2155872256,2146435072,2134900736,2129657856,2147483648,2145386496,2127560704,2144075776,2137522176,2468619087
2139095040,2152726528,2138046464,2129657856,2129657856,2146435072,2143289344,2125463552,2139881472,2136211456,2468635089
2136997888,2143289344,2146435072,2121269248,2128609280,2148532224,2144337920,2127560704,2136997888,2137260032,2468651110
2130706432,2154823680,2154823680,2129657856,2129657856,2148532224,2145386496,2127560704,2142502912,2137784320,2468667106
2125463552,2140143616,2138046464,2121269248,2129657856,2148532224,2146435072,2128609280,2131230720,2138308608,2468684001
2136997888,2143289344,2136997888,2122317824,2130706432,2148532224,2145386496,2128609280,2134900736,2138308608,2468700001
2122317824,2151677952,2152726528,2136997888,2129657856,2147483648,2144337920,2127560704,2140930048,2137260032,2468716001
2138046464,2140143616,2138046464,2120220672,2129657856,2147483648,2144337920,2126512128,2134114304,2136997888,2468732001
2135949312,2153775104,2138046464,2127560704,2129657856,2148532224,2144337920,2127560704,2138832896,2137522176,2468748024
2121269248,2151677952,2142240768,2134900736,2129657856,2147483648,2145386496,2127560704,2137522176,2137522176,2468764023
2144337920,2139095040,2138046464,2119172096,2130706432,2148532224,2145386496,2128609280,2135162880,2138308608,2468780025
2122317824,2147483648,2147483648,2130706432,2129657856,2148532224,2146435072,2128609280,2136997888,2138308608,2468796022
2124414976,2144337920,2143289344,2124414976,2129657856,2148532224,2145386496,2127560704,2134114304,2137784320,2468812045
2139095040,2142240768,2136997888,2120220672,2129657856,2147483648,2144337920,2126512128,2134638592,2136997888,2468828045
2136997888,2151677952,2139095040,2128609280,2129657856,2147483648,2143289344,2126512128,2139095040,2136735744,2468844045
2122317824,2145386496,2139095040,2128609280,2129657856,2146435072,2143289344,2127560704,2133852160,2136735744,2468860043
2122317824,2157969408,2154823680,2138046464,2130706432,2148532224,2145386496,2128609280,2143289344,2138308608,2468876066
2128609280,2141192192,2142240768,2124414976,2130706432,2149580800,2145386496,2128609280,2134114304,2138570752,2468892066
2131755008,2140143616,2141192192,2121269248,2129657856,2148532224,2146435072,2128609280,2133590016,2138308608,2468908066
2123366400,2160066560,2150629376,2133852160,2129657856,2147483648,2144337920,2127560704,2141978624,2137260032,2468924066
2122317824,2143289344,2149580800,2123366400,2128609280,2147483648,2144337920,2126512128,2134638592,2136735744,2468940088
2136997888,2138046464,2135949312,2117074944,2130706432,2146435072,2144337920,2126512128,2132017152,2136997888,2468956089
2121269248,2152726528,2147483648,2139095040,2129657856,2148532224,2146435072,2128609280,2140143616,2138308608,2468972086
2133852160,2151677952,2149580800,2125463552,2129657856,2149580800,2146435072,2129657856,2140143616,2138832896,2468988084
2139095040,2152726528,2144337920,2129657856,2130706432,2147483648,2146435072,2127560704,2141454336,2138046464,2469004110
2124414976,2147483648,2143289344,2127560704,2130706432,2147483648,2144337920,2126512128,2135687168,2137260032,2469021001
2132803584,2152726528,2148532224,2129657856,2129657856,2147483648,2144337920,2126512128,2140930048,2136997888,2469037001
2132803584,2139095040,2139095040,2119172096,2128609280,2148532224,2144337920,2127560704,2132541440,2137260032,2469053001
2123366400,2153775104,2156920832,2135949312,2129657856,2147483648,2144337920,2127560704,2142502912,2137260032,2469069001
2141192192,2138046464,2139095040,2120220672,2130706432,2148532224,2146435072,2127560704,2134638592,2138308608,2469085024
2125463552,2155872256,2159017984,2139095040,2129657856,2148532224,2146435072,2128609280,2144862208,2138308608,2469101023
2124414976,2155872256,2155872256,2139095040,2129657856,2148532224,2145386496,2127560704,2143813632,2137784320,2469117022
2142240768,2139095040,2138046464,2119172096,2130706432,2146435072,2144337920,2126512128,2134638592,2136997888,2469133024
2141192192,2142240768,2138046464,2120220672,2128609280,2147483648,2144337920,2127560704,2135425024,2136997888,2469149047
2124414976,2148532224,2147483648,2131755008,2129657856,2147483648,2145386496,2127560704,2138046464,2137522176,2469165046
2122317824,2157969408,2151677952,2143289344,2130706432,2148532224,2146435072,2127560704,2143813632,2138308608,2469181045
2124414976,2144337920,2139095040,2128609280,2130706432,2148532224,2145386496,2128609280,2134114304,2138308608,2469197045
2123366400,2148532224,2143289344,2135949312,2130706432,2147483648,2145386496,2127560704,2137784320,2137784320,2469213067
2125463552,2159017984,2154823680,2138046464,2129657856,2147483648,2144337920,2126512128,2144337920,2136997888,2469229068
2134900736,2139095040,2135949312,2119172096,2129657856,2146435072,2144337920,2125463552,2132279296,2136473600,2469245067
2126512128,2153775104,2159017984,2134900736,2130706432,2147483648,2144337920,2126512128,2143551488,2137260032,2469261069
2138046464,2140143616,2138046464,2121269248,2129657856,2148532224,2146435072,2127560704,2134376448,2138046464,2469277089
2126512128,2157969408,2153775104,2134900736,2130706432,2148532224,2146435072,2128609280,2143289344,2138570752,2469293090
2124414976,2155872256,2154823680,2138046464,2129657856,2147483648,2145386496,2127560704,2143289344,2137522176,2469309084
2121269248,2151677952,2147483648,2134900736,2130706432,2147483648,2145386496,2126512128,2138832896,2137522176,2469325088
2134900736,2150629376,2145386496,2131755008,2129657856,2146435072,2144337920,2126512128,2140667904,2136735744,2469341111
2128609280,2160066560,2154823680,2130706432,2128609280,2147483648,2144337920,2127560704,2143551488,2136997888,2469357108
2133852160,2143289344,2139095040,2122317824,2129657856,2147483648,2145386496,2127560704,2134638592,2137522176,2469374000
2141192192,2142240768,2144337920,2124414976,2130706432,2148532224,2145386496,2128609280,2138046464,2138308608,2469390001
2131755008,2139095040,2140143616,2121269248,2130706432,2147483648,2145386496,2127560704,2133065728,2137784320,2469406001
2123366400,2152726528,2148532224,2135949312,2129657856,2147483648,2145386496,2126512128,2140143616,2137260032,2469422025
2138046464,2139095040,2135949312,2119172096,2129657856,2147483648,2144337920,2126512128,2133065728,2136997888,2469438023
2127560704,2162163712,2159017984,2130706432,2128609280,2146435072,2145386496,2126512128,2144862208,2136735744,2469454023
2123366400,2147483648,2147483648,2131755008,2129657856,2147483648,2144337920,2127560704,2137522176,2137260032,2469470024
2121269248,2160066560,2151677952,2138046464,2130706432,2147483648,2146435072,2127560704,2142765056,2138046464,2469486046
2139095040,2150629376,2142240768,2125463552,2131755008,2147483648,2145386496,2127560704,2139357184,2138046464,2469502044
2139095040,2139095040,2139095040,2119172096,2129657856,2147483648,2145386496,2125463552,2134114304,2136997888,2469518046
2127560704,2155872256,2154823680,2131755008,2129657856,2147483648,2145386496,2127560704,2142502912,2137522176,2469534047
2122317824,2161115136,2155872256,2135949312,2128609280,2147483648,2144337920,2126512128,2143813632,2136735744,2469550066
2123366400,2159017984,2156920832,2138046464,2129657856,2147483648,2146435072,2127560704,2144337920,2137784320,2469566065
2134900736,2156920832,2150629376,2129657856,2129657856,2147483648,2145386496,2127560704,2143027200,2137522176,2469582067
2124414976,2153775104,2150629376,2138046464,2129657856,2148532224,2145386496,2129657856,2141716480,2138308608,2469598067
2138046464,2140143616,2138046464,2120220672,2129657856,2148532224,2145386496,2127560704,2134114304,2137784320,2469614088
2127560704,2157969408,2150629376,2136997888,2128609280,2147483648,2145386496,2127560704,2143289344,2137260032,2469630086
2121269248,2148532224,2151677952,2139095040,2128609280,2147483648,2144337920,2126512128,2140143616,2136735744,2469646089
2135949312,2142240768,2136997888,2122317824,2130706432,2147483648,2144337920,2126512128,2134376448,2137260032,2469662087
2144337920,2142240768,2138046464,2120220672,2129657856,2148532224,2146435072,2128609280,2136211456,2138308608,2469678109
2124414976,2155872256,2150629376,2139095040,2129657856,2147483648,2145386496,2127560704,2142502912,2137522176,2469694106
2124414976,2162163712,2157969408,2140143616,2129657856,2148532224,2145386496,2127560704,2146172928,2137784320,2469711001
2124414976,2160066560,2157969408,2139095040,2128609280,2148532224,2144337920,2127560704,2145386496,2137260032,2469727001
2128609280,2152726528,2151677952,2129657856,2128609280,2147483648,2145386496,2127560704,2140667904,2137260032,2469743001
2140143616,2146435072,2135949312,2120220672,2129657856,2147483648,2144337920,2127560704,2135687168,2137260032,2469759001
2141192192,2140143616,2138046464,2119172096,2129657856,2147483648,2144337920,2127560704,2134638592,2137260032,2469775024
2139095040,2146435072,2149580800,2121269248,2131755008,2147483648,2145386496,2127560704,2139095040,2138046464,2469791024
2124414976,2155872256,2150629376,2139095040,2130706432,2147483648,2145386496,2127560704,2142502912,2137784320,2469807024
2125463552,2141192192,2141192192,2123366400,2128609280,2148532224,2146435072,2127560704,2132803584,2137784320,2469823022
2126512128,2152726528,2156920832,2132803584,2128609280,2148532224,2145386496,2127560704,2142240768,2137522176,2469839045
2131755008,2155872256,2146435072,2131755008,2129657856,2146435072,2144337920,2126512128,2141454336,2136735744,2469855045
2139095040,2150629376,2146435072,2129657856,2129657856,2147483648,2145386496,2127560704,2141454336,2137522176,2469871045
2133852160,2141192192,2141192192,2119172096,2130706432,2147483648,2145386496,2127560704,2133852160,2137784320,2469887044
2122317824,2154823680,2149580800,2138046464,2129657856,2147483648,2145386496,2127560704,2141192192,2137522176,2469903066
2123366400,2143289344,2139095040,2123366400,2130706432,2146435072,2145386496,2126512128,2132279296,2137260032,2469919068
2123366400,2147483648,2154823680,2130706432,2129657856,2146435072,2144337920,2126512128,2139095040,2136735744,2469935067
2122317824,2145386496,2147483648,2127560704,2128609280,2147483648,2144337920,2126512128,2135687168,2136735744,2469951065
2133852160,2143289344,2139095040,2120220672,2129657856,2147483648,2144337920,2127560704,2134114304,2137260032,2469967089
2136997888,2139095040,2136997888,2117074944,2129657856,2148532224,2146435072,2128609280,2132541440,2138308608,2469983088
2126512128,2164260864,2157969408,2140143616,2129657856,2147483648,2145386496,2127560704,2147221504,2137522176,2469999088
2138046464,2153775104,2146435072,2126512128,2130706432,2147483648,2145386496,2127560704,2141192192,2137784320,2470015087
2123366400,2145386496,2154823680,2128609280,2128609280,2146435072,2144337920,2126512128,2138046464,2136473600,2470031108
2132803584,2146435072,2146435072,2122317824,2128609280,2147483648,2145386496,2126512128,2136997888,2136997888,2470048001
2122317824,2148532224,2145386496,2131755008,2129657856,2146435072,2145386496,2127560704,2136997888,2137260032,2470064001
2131755008,2157969408,2150629376,2132803584,2129657856,2148532224,2145386496,2128609280,2143289344,2138046464,2470080001
2136997888,2149580800,2146435072,2129657856,2130706432,2148532224,2145386496,2127560704,2140667904,2138046464,2470096001
2123366400,2140143616,2139095040,2125463552,2129657856,2148532224,2145386496,2128609280,2132017152,2138046464,2470112025
2126512128,2162163712,2157969408,2134900736,2129657856,2147483648,2144337920,2126512128,2145386496,2136997888,2470128023
2128609280,2153775104,2149580800,2132803584,2129657856,2147483648,2144337920,2127560704,2141192192,2137260032,2470144023
2123366400,2147483648,2136997888,2130706432,2129657856,2147483648,2144337920,2126512128,2134638592,2136997888,2470160022
2133852160,2140143616,2138046464,2119172096,2130706432,2147483648,2145386496,2127560704,2132803584,2137784320,2470176045
2138046464,2143289344,2140143616,2122317824,2130706432,2147483648,2145386496,2128609280,2135949312,2138046464,2470192047
2134900736,2140143616,2138046464,2121269248,2129657856,2148532224,2144337920,2127560704,2133590016,2137522176,2470208045
2123366400,2147483648,2147483648,2132803584,2128609280,2147483648,2145386496,2126512128,2137784320,2136997888,2470224046
2131755008,2146435072,2146435072,2124414976,2129657856,2146435072,2144337920,2126512128,2137260032,2136735744,2470240066
2136997888,2143289344,2146435072,2119172096,2129657856,2147483648,2144337920,2126512128,2136473600,2136997888,2470256068
2129657856,2140143616,2136997888,2121269248,2129657856,2148532224,2145386496,2127560704,2132017152,2137784320,2470272065
2135949312,2141192192,2138046464,2122317824,2130706432,2147483648,2145386496,2127560704,2134376448,2137784320,2470288067
2140143616,2146435072,2139095040,2122317824,2129657856,2148532224,2146435072,2128609280,2136997888,2138308608,2470304087
2135949312,2140143616,2136997888,2121269248,2129657856,2147483648,2145386496,2126512128,2133590016,2137260032,2470320089
2122317824,2160066560,2155872256,2143289344,2129657856,2147483648,2145386496,2126512128,2145386496,2137260032,2470336086
2133852160,2139095040,2135949312,2118123520,2129657856,2147483648,2145386496,2126512128,2131755008,2137260032,2470352087
2124414976,2156920832,2154823680,2136997888,2130706432,2147483648,2145386496,2127560704,2143289344,2137784320,2470368111
2136997888,2146435072,2146435072,2123366400,2130706432,2148532224,2146435072,2128609280,2138308608,2138570752,2470384107
2132803584,2143289344,2144337920,2122317824,2130706432,2148532224,2146435072,2128609280,2135687168,2138570752,2470401001
2134900736,2160066560,2152726528,2135949312,2129657856,2148532224,2145386496,2127560704,2145910784,2137784320,2470417001
2133852160,2141192192,2139095040,2118123520,2129657856,2146435072,2144337920,2125463552,2133065728,2136473600,2470433001
2131755008,2155872256,2150629376,2130706432,2128609280,2147483648,2144337920,2126512128,2142240768,2136735744,2470449026
2124414976,2142240768,2144337920,2121269248,2128609280,2147483648,2145386496,2127560704,2133065728,2137260032,2470465022
2140143616,2142240768,2141192192,2122317824,2130706432,2148532224,2146435072,2128609280,2136473600,2138570752,2470481023
2138046464,2156920832,2142240768,2132803584,2130706432,2148532224,2146435072,2128609280,2142502912,2138570752,2470497023
2124414976,2143289344,2140143616,2126512128,2129657856,2147483648,2145386496,2127560704,2133590016,2137522176,2470513047
2126512128,2163212288,2157969408,2133852160,2128609280,2147483648,2144337920,2126512128,2145386496,2136735744,2470529044
2133852160,2139095040,2139095040,2121269248,2129657856,2146435072,2145386496,2126512128,2133327872,2136997888,2470545045
2123366400,2142240768,2144337920,2121269248,2129657856,2146435072,2144337920,2126512128,2132803584,2136735744,2470561045
2135949312,2140143616,2138046464,2121269248,2130706432,2148532224,2146435072,2127560704,2133852160,2138308608,2470577068
2130706432,2156920832,2154823680,2127560704,2130706432,2148532224,2146435072,2128609280,2142502912,2138570752,2470593068
2122317824,2155872256,2150629376,2139095040,2129657856,2149580800,2145386496,2128609280,2141978624,2138308608,2470609066
2139095040,2146435072,2138046464,2123366400,2129657856,2147483648,2144337920,2126512128,2136735744,2136997888,2470625068
2135949312,2140143616,2136997888,2122317824,2130706432,2146435072,2144337920,2126512128,2133852160,2136997888,2470641091
2121269248,2151677952,2154823680,2132803584,2129657856,2147483648,2144337920,2126512128,2140143616,2136997888,2470657086
2136997888,2142240768,2142240768,2123366400,2129657856,2148532224,2145386496,2127560704,2136211456,2137784320,2470673088
2144337920,2145386496,2141192192,2122317824,2130706432,2147483648,2145386496,2127560704,2138308608,2137784320,2470689088
2123366400,2149580800,2153775104,2134900736,2130706432,2147483648,2145386496,2127560704,2140405760,2137784320,2470705110
2147483648,2139095040,2141192192,2117074944,2129657856,2147483648,2145386496,2127560704,2136211456,2137522176,2470721108
2120220672,2156920832,2147483648,2139095040,2128609280,2147483648,2144337920,2126512128,2140930048,2136735744,2470738001
2140143616,2146435072,2136997888,2119172096,2129657856,2147483648,2144337920,2126512128,2135687168,2136997888,2470754001
2138046464,2142240768,2138046464,2119172096,2130706432,2146435072,2144337920,2126512128,2134376448,2136997888,2470770001
2123366400,2163212288,2155872256,2138046464,2129657856,2148532224,2146435072,2128609280,2145124352,2138308608,2470786001
2139095040,2151677952,2139095040,2128609280,2129657856,2148532224,2145386496,2128609280,2139619328,2138046464,2470802024
2135949312,2141192192,2141192192,2119172096,2130706432,2147483648,2145386496,2127560704,2134376448,2137784320,2470818022
2139095040,2146435072,2145386496,2123366400,2129657856,2147483648,2144337920,2126512128,2138570752,2136997888,2470834023
2135949312,2146435072,2140143616,2119172096,2128609280,2147483648,2145386496,2126512128,2135425024,2136997888,2470850023
2140143616,2142240768,2135949312,2120220672,2129657856,2148532224,2145386496,2127560704,2134638592,2137784320,2470866045
2141192192,2146435072,2139095040,2121269248,2129657856,2148532224,2146435072,2127560704,2136997888,2138046464,2470882045
2123366400,2142240768,2147483648,2126512128,2129657856,2148532224,2146435072,2128609280,2134900736,2138308608,2470898045
2123366400,2142240768,2143289344,2125463552,2129657856,2148532224,2145386496,2127560704,2133590016,2137784320,2470914044
2122317824,2142240768,2145386496,2126512128,2129657856,2146435072,2144337920,2126512128,2134114304,2136735744,2470930066
2133852160,2152726528,2150629376,2129657856,2130706432,2146435072,2143289344,2125463552,2141716480,2136473600,2470946068
2122317824,2156920832,2143289344,2140143616,2129657856,2147483648,2144337920,2127560704,2140667904,2137260032,2470962068
2141192192,2140143616,2138046464,2120220672,2130706432,2148532224,2145386496,2127560704,2134900736,2138046464,2470978065
2124414976,2147483648,2142240768,2125463552,2130706432,2148532224,2146435072,2128609280,2134900736,2138570752,2470994088
2131755008,2155872256,2149580800,2133852160,2129657856,2148532224,2145386496,2127560704,2142765056,2137784320,2471010087
2139095040,2150629376,2146435072,2122317824,2129657856,2147483648,2145386496,2127560704,2139619328,2137522176,2471026088
2122317824,2151677952,2149580800,2132803584,2129657856,2146435072,2144337920,2126512128,2139095040,2136735744,2471042086
2141192192,2141192192,2140143616,2120220672,2129657856,2147483648,2145386496,2126512128,2135687168,2137260032,2471058107
2132803584,2153775104,2153775104,2130706432,2129657856,2147483648,2145386496,2127560704,2142765056,2137522176,2471075001
2124414976,2145386496,2147483648,2127560704,2130706432,2147483648,2146435072,2128609280,2136211456,2138308608,2471091001
2132803584,2153775104,2153775104,2129657856,2130706432,2147483648,2145386496,2127560704,2142502912,2137784320,2471107001
2134900736,2157969408,2149580800,2131755008,2129657856,2147483648,2144337920,2126512128,2143551488,2136997888,2471123001
2136997888,2139095040,2135949312,2118123520,2129657856,2146435072,2143289344,2126512128,2132541440,2136473600,2471139025
2128609280,2138046464,2141192192,2121269248,2128609280,2147483648,2144337920,2126512128,2132279296,2136735744,2471155024
2140143616,2138046464,2139095040,2120220672,2130706432,2147483648,2145386496,2126512128,2134376448,2137522176,2471171022
2121269248,2155872256,2148532224,2139095040,2129657856,2148532224,2145386496,2128609280,2141192192,2138046464,2471187023
2127560704,2156920832,2153775104,2133852160,2130706432,2147483648,2146435072,2127560704,2143027200,2138046464,2471203045
2136997888,2146435072,2139095040,2122317824,2130706432,2146435072,2145386496,2126512128,2136211456,2137260032,2471219045
2124414976,2138046464,2138046464,2121269248,2129657856,2146435072,2144337920,2125463552,2130444288,2136473600,2471235044
2122317824,2147483648,2147483648,2126512128,2129657856,2147483648,2144337920,2127560704,2135949312,2137260032,2471251045
2133852160,2142240768,2136997888,2122317824,2129657856,2148532224,2144337920,2127560704,2133852160,2137522176,2471267068
2134900736,2156920832,2154823680,2134900736,2130706432,2147483648,2146435072,2127560704,2145386496,2138046464,2471283066
2124414976,2147483648,2147483648,2127560704,2130706432,2147483648,2146435072,2127560704,2136735744,2138046464,2471299066
2124414976,2147483648,2140143616,2136997888,2129657856,2147483648,2146435072,2127560704,2137260032,2137784320,2471315068
2123366400,2157969408,2154823680,2132803584,2129657856,2146435072,2144337920,2126512128,2142240768,2136735744,2471331089
2130706432,2157969408,2155872256,2138046464,2129657856,2146435072,2143289344,2126512128,2145648640,2136473600,2471347087
2120220672,2150629376,2148532224,2133852160,2129657856,2147483648,2145386496,2127560704,2138308608,2137522176,2471363086
2140143616,2142240768,2142240768,2121269248,2129657856,2148532224,2145386496,2128609280,2136473600,2138046464,2471379087
2135949312,2140143616,2139095040,2121269248,2130706432,2148532224,2146435072,2127560704,2134114304,2138308608,2471395108
2123366400,2155872256,2147483648,2139095040,2130706432,2147483648,2146435072,2127560704,2141454336,2138046464,2471411110
2121269248,2149580800,2143289344,2133852160,2129657856,2146435072,2144337920,2126512128,2136997888,2136735744,2471428000
2126512128,2156920832,2157969408,2135949312,2128609280,2148532224,2144337920,2127560704,2144337920,2137260032,2471444001
2125463552,2140143616,2139095040,2121269248,2129657856,2147483648,2145386496,2126512128,2131492864,2137260032,2471460001
2131755008,2141192192,2138046464,2123366400,2129657856,2147483648,2146435072,2127560704,2133590016,2137784320,2471476024
2132803584,2141192192,2140143616,2122317824,2131755008,2147483648,2145386496,2128609280,2134114304,2138308608,2471492023
2125463552,2143289344,2141192192,2122317824,2130706432,2147483648,2146435072,2127560704,2133065728,2138046464,2471508024
2141192192,2149580800,2139095040,2127560704,2129657856,2146435072,2144337920,2126512128,2139357184,2136735744,2471524023
2123366400,2142240768,2142240768,2125463552,2128609280,2146435072,2144337920,2126512128,2133327872,2136473600,2471540045
2138046464,2152726528,2146435072,2125463552,2129657856,2148532224,2144337920,2127560704,2140667904,2137522176,2471556044
2122317824,2157969408,2152726528,2133852160,2129657856,2148532224,2145386496,2128609280,2141716480,2138046464,2471572045
2123366400,2163212288,2157969408,2134900736,2130706432,2147483648,2145386496,2127560704,2144862208,2137784320,2471588045
2125463552,2146435072,2142240768,2128609280,2129657856,2148532224,2144337920,2128609280,2135687168,2137784320,2471604066
2131755008,2141192192,2138046464,2121269248,2129657856,2147483648,2145386496,2127560704,2133065728,2137522176,2471620065
2122317824,2151677952,2143289344,2134900736,2129657856,2147483648,2144337920,2127560704,2138046464,2137260032,2471636066
2124414976,2152726528,2155872256,2135949312,2129657856,2147483648,2144337920,2126512128,2142240768,2136997888,2471652069
2124414976,2148532224,2153775104,2130706432,2129657856,2147483648,2144337920,2127560704,2139357184,2137260032,2471668087
2136997888,2142240768,2146435072,2125463552,2130706432,2147483648,2145386496,2128609280,2137784320,2138046464,2471684085
2134900736,2140143616,2139095040,2127560704,2130706432,2147483648,2145386496,2128609280,2135425024,2138046464,2471700087
2139095040,2143289344,2146435072,2119172096,2129657856,2147483648,2145386496,2127560704,2136997888,2137522176,2471716089
2128609280,2153775104,2154823680,2133852160,2129657856,2147483648,2144337920,2127560704,2142765056,2137260032,2471732108
2122317824,2161115136,2155872256,2133852160,2129657856,2147483648,2144337920,2126512128,2143289344,2136997888,2471748106
2123366400,2144337920,2139095040,2126512128,2130706432,2147483648,2145386496,2126512128,2133327872,2137522176,2471765001
2122317824,2162163712,2147483648,2143289344,2130706432,2147483648,2145386496,2128609280,2143813632,2138046464,2471781001
2131755008,2143289344,2143289344,2122317824,2130706432,2146435072,2145386496,2127560704,2135162880,2137522176,2471797001
2136997888,2138046464,2138046464,2122317824,2129657856,2148532224,2144337920,2127560704,2133852160,2137522176,2471813001
2143289344,2139095040,2139095040,2117074944,2128609280,2147483648,2145386496,2126512128,2134638592,2136997888,2471829025
2124414976,2161115136,2159017984,2133852160,2129657856,2146435072,2144337920,2126512128,2144600064,2136735744,2471845023
2129657856,2139095040,2136997888,2121269248,2130706432,2146435072,2144337920,2125463552,2131755008,2136735744,2471861023
2130706432,2155872256,2151677952,2136997888,2129657856,2148532224,2145386496,2128609280,2143813632,2138046464,2471877022
2144337920,2141192192,2140143616,2120220672,2130706432,2148532224,2146435072,2127560704,2136473600,2138308608,2471893045
2132803584,2143289344,2141192192,2123366400,2130706432,2147483648,2145386496,2127560704,2135162880,2137784320,2471909045
2125463552,2142240768,2139095040,2124414976,2129657856,2147483648,2144337920,2127560704,2132803584,2137260032,2471925046
2129657856,2155872256,2150629376,2134900736,2129657856,2147483648,2145386496,2126512128,2142765056,2137260032,2471941043
2124414976,2162163712,2155872256,2136997888,2129657856,2146435072,2144337920,2126512128,2144862208,2136735744,2471957068
2125463552,2159017984,2157969408,2138046464,2129657856,2147483648,2145386496,2127560704,2145124352,2137522176,2471973068
2143289344,2141192192,2138046464,2120220672,2130706432,2147483648,2144337920,2127560704,2135687168,2137522176,2471989068
2122317824,2161115136,2154823680,2140143616,2130706432,2148532224,2145386496,2127560704,2144600064,2138046464,2472005067
2124414976,2150629376,2142240768,2133852160,2129657856,2147483648,2145386496,2127560704,2137784320,2137522176,2472021089
2135949312,2144337920,2149580800,2119172096,2130706432,2147483648,2144337920,2126512128,2137260032,2137260032,2472037087
2128609280,2143289344,2136997888,2123366400,2128609280,2147483648,2144337920,2127560704,2133065728,2136997888,2472053087
2129657856,2141192192,2138046464,2124414976,2129657856,2147483648,2145386496,2127560704,2133327872,2137522176,2472069085
2134900736,2146435072,2146435072,2124414976,2130706432,2148532224,2145386496,2128609280,2138046464,2138308608,2472085111
2139095040,2141192192,2150629376,2121269248,2130706432,2147483648,2145386496,2128609280,2138046464,2138046464,2472102001
2127560704,2143289344,2139095040,2124414976,2128609280,2147483648,2144337920,2127560704,2133590016,2136997888,2472118001
2125463552,2150629376,2155872256,2131755008,2129657856,2146435072,2143289344,2125463552,2140930048,2136211456,2472134001
2129657856,2141192192,2136997888,2119172096,2128609280,2148532224,2144337920,2127560704,2131755008,2137260032,2472150001
2136997888,2140143616,2139095040,2123366400,2129657856,2147483648,2145386496,2126512128,2134900736,2137260032,2472166025
2142240768,2146435072,2140143616,2125463552,2129657856,2148532224,2147483648,2128609280,2138570752,2138570752,2472182025
2128609280,2160066560,2156920832,2135949312,2130706432,2148532224,2146435072,2127560704,2145386496,2138308608,2472198022
2144337920,2141192192,2138046464,2122317824,2129657856,2147483648,2144337920,2127560704,2136473600,2137260032,2472214024
2132803584,2138046464,2140143616,2121269248,2129657856,2146435072,2145386496,2126512128,2133065728,2136997888,2472230048
2134900736,2140143616,2136997888,2118123520,2128609280,2146435072,2144337920,2126512128,2132541440,2136473600,2472246045
2121269248,2155872256,2147483648,2138046464,2129657856,2147483648,2145386496,2126512128,2140667904,2137260032,2472262044
2134900736,2157969408,2145386496,2129657856,2130706432,2148532224,2145386496,2128609280,2141978624,2138308608,2472278046
2130706432,2160066560,2154823680,2136997888,2130706432,2147483648,2146435072,2127560704,2145648640,2138046464,2472294066
2140143616,2140143616,2140143616,2121269248,2129657856,2148532224,2145386496,2128609280,2135425024,2138046464,2472310065
2124414976,2156920832,2150629376,2138046464,2129657856,2147483648,2145386496,2127560704,2142502912,2137522176,2472326065
2121269248,2151677952,2149580800,2135949312,2128609280,2147483648,2144337920,2126512128,2139619328,2136735744,2472342068
2126512128,2148532224,2155872256,2133852160,2128609280,2148532224,2145386496,2127560704,2141192192,2137522176,2472358089
2122317824,2147483648,2139095040,2130706432,2129657856,2147483648,2146435072,2127560704,2134900736,2137784320,2472374088
2133852160,2151677952,2154823680,2128609280,2130706432,2147483648,2146435072,2128609280,2142240768,2138308608,2472390086
2123366400,2163212288,2153775104,2141192192,2129657856,2148532224,2145386496,2128609280,2145386496,2138046464,2472406089
2122317824,2155872256,2152726528,2139095040,2128609280,2148532224,2145386496,2127560704,2142502912,2137522176,2472422108
2124414976,2145386496,2142240768,2126512128,2129657856,2147483648,2144337920,2126512128,2134638592,2136997888,2472438107
2122317824,2147483648,2147483648,2130706432,2129657856,2146435072,2145386496,2126512128,2136997888,2136997888,2472455001
2129657856,2141192192,2139095040,2124414976,2129657856,2147483648,2145386496,2127560704,2133590016,2137522176,2472471001
2123366400,2152726528,2152726528,2139095040,2129657856,2148532224,2146435072,2128609280,2141978624,2138308608,2472487001
2140143616,2142240768,2146435072,2123366400,2130706432,2147483648,2145386496,2127560704,2138046464,2137784320,2472503023
2135949312,2143289344,2136997888,2123366400,2130706432,2147483648,2145386496,2126512128,2134900736,2137522176,2472519023
2126512128,2159017984,2156920832,2136997888,2128609280,2147483648,2144337920,2127560704,2144862208,2136997888,2472535024
2122317824,2156920832,2154823680,2135949312,2128609280,2146435072,2144337920,2127560704,2142502912,2136735744,2472551023
2133852160,2142240768,2138046464,2122317824,2130706432,2147483648,2145386496,2126512128,2134114304,2137522176,2472567045
2135949312,2151677952,2150629376,2134900736,2129657856,2148532224,2145386496,2128609280,2143289344,2138046464,2472583045
2125463552,2145386496,2141192192,2128609280,2130706432,2148532224,2145386496,2128609280,2135162880,2138308608,2472599045
2124414976,2155872256,2151677952,2139095040,2130706432,2147483648,2145386496,2126512128,2142765056,2137522176,2472615047
2121269248,2151677952,2147483648,2134900736,2129657856,2146435072,2145386496,2126512128,2138832896,2136997888,2472631069
2144337920,2141192192,2138046464,2118123520,2128609280,2147483648,2144337920,2126512128,2135425024,2136735744,2472647067
2134900736,2138046464,2136997888,2122317824,2130706432,2146435072,2145386496,2126512128,2133065728,2137260032,2472663067
2123366400,2151677952,2155872256,2133852160,2130706432,2147483648,2145386496,2127560704,2141192192,2137784320,2472679067
2142240768,2146435072,2140143616,2121269248,2129657856,2148532224,2145386496,2128609280,2137522176,2138046464,2472695088
2138046464,2143289344,2136997888,2122317824,2129657856,2147483648,2146435072,2126512128,2135162880,2137522176,2472711087
2133852160,2143289344,2139095040,2120220672,2129657856,2147483648,2144337920,2126512128,2134114304,2136997888,2472727089
2140143616,2138046464,2142240768,2120220672,2129657856,2146435072,2144337920,2125463552,2135162880,2136473600,2472743089
2124414976,2143289344,2138046464,2123366400,2129657856,2147483648,2144337920,2127560704,2132279296,2137260032,2472759109
2134900736,2151677952,2152726528,2129657856,2129657856,2148532224,2146435072,2127560704,2142240768,2138046464,2472775107
2140143616,2146435072,2138046464,2121269248,2130706432,2148532224,2146435072,2127560704,2136473600,2138308608,2472792001
2133852160,2144337920,2141192192,2123366400,2130706432,2148532224,2146435072,2128609280,2135687168,2138570752,2472808001
2123366400,2141192192,2136997888,2125463552,2129657856,2146435072,2144337920,2126512128,2131755008,2136735744,2472824001
2143289344,2139095040,2141192192,2118123520,2128609280,2147483648,2144337920,2127560704,2135425024,2136997888,2472840001
2121269248,2142240768,2140143616,2123366400,2128609280,2148532224,2145386496,2127560704,2131755008,2137522176,2472856022
2128609280,2155872256,2152726528,2130706432,2128609280,2148532224,2146435072,2128609280,2141978624,2138046464,2472872023
2139095040,2142240768,2146435072,2123366400,2130706432,2148532224,2146435072,2127560704,2137784320,2138308608,2472888023
2140143616,2141192192,2142240768,2121269248,2130706432,2148532224,2146435072,2128609280,2136211456,2138570752,2472904024
2125463552,2143289344,2138046464,2126512128,2129657856,2146435072,2144337920,2126512128,2133327872,2136735744,2472920044
2123366400,2159017984,2155872256,2138046464,2128609280,2147483648,2144337920,2125463552,2144075776,2136473600,2472936047
2122317824,2151677952,2143289344,2133852160,2129657856,2146435072,2144337920,2126512128,2137784320,2136735744,2472952045
2124414976,2152726528,2155872256,2135949312,2129657856,2147483648,2145386496,2127560704,2142240768,2137522176,2472968045
2123366400,2157969408,2151677952,2141192192,2130706432,2148532224,2146435072,2127560704,2143551488,2138308608,2472984067
2139095040,2152726528,2146435072,2131755008,2130706432,2148532224,2145386496,2127560704,2142502912,2138046464,2473000068
2122317824,2145386496,2147483648,2126512128,2128609280,2148532224,2146435072,2127560704,2135425024,2137784320,2473016068
2120220672,2147483648,2140143616,2130706432,2128609280,2147483648,2144337920,2126512128,2134638592,2136735744,2473032065
2141192192,2138046464,2136997888,2119172096,2129657856,2147483648,2144337920,2125463552,2133852160,2136735744,2473048087
2128609280,2153775104,2155872256,2129657856,2128609280,2148532224,2145386496,2127560704,2141978624,2137522176,2473064090
2143289344,2143289344,2142240768,2119172096,2130706432,2148532224,2145386496,2128609280,2136997888,2138308608,2473080088
2136997888,2146435072,2144337920,2121269248,2130706432,2148532224,2145386496,2128609280,2137260032,2138308608,2473096085
2141192192,2146435072,2138046464,2121269248,2130706432,2147483648,2145386496,2127560704,2136735744,2137784320,2473112109
2121269248,2157969408,2151677952,2138046464,2130706432,2146435072,2145386496,2126512128,2142240768,2137260032,2473129001
2130706432,2152726528,2150629376,2131755008,2128609280,2147483648,2145386496,2126512128,2141454336,2136997888,2473145001
2140143616,2145386496,2136997888,2119172096,2131755008,2146435072,2144337920,2126512128,2135425024,2137260032,2473161000
2125463552,2159017984,2153775104,2136997888,2129657856,2148532224,2145386496,2127560704,2143813632,2137784320,2473177001
2126512128,2157969408,2159017984,2141192192,2129657856,2148532224,2146435072,2128609280,2146172928,2138308608,2473193023
2140143616,2142240768,2139095040,2124414976,2129657856,2148532224,2145386496,2128609280,2136473600,2138046464,2473209023
2122317824,2147483648,2141192192,2131755008,2129657856,2147483648,2144337920,2127560704,2135687168,2137260032,2473225023
2124414976,2143289344,2140143616,2124414976,2128609280,2147483648,2144337920,2126512128,2133065728,2136735744,2473241023
2138046464,2140143616,2138046464,2120220672,2129657856,2147483648,2145386496,2127560704,2134114304,2137522176,2473257045
2140143616,2138046464,2139095040,2119172096,2130706432,2146435072,2145386496,2126512128,2134114304,2137260032,2473273045
2123366400,2146435072,2141192192,2129657856,2130706432,2147483648,2145386496,2128609280,2135162880,2138046464,2473289046
2133852160,2150629376,2148532224,2132803584,2130706432,2148532224,2145386496,2128609280,2141454336,2138308608,2473305047
2124414976,2156920832,2157969408,2139095040,2129657856,2146435072,2144337920,2126512128,2144600064,2136735744,2473321066
2127560704,2140143616,2136997888,2121269248,2128609280,2147483648,2144337920,2126512128,2131492864,2136735744,2473337069
2127560704,2151677952,2151677952,2126512128,2128609280,2147483648,2144337920,2127560704,2139357184,2136997888,2473353066
2129657856,2155872256,2152726528,2133852160,2129657856,2148532224,2145386496,2128609280,2143027200,2138046464,2473369067
2136997888,2141192192,2139095040,2122317824,2129657856,2148532224,2146435072,2128609280,2134900736,2138308608,2473385088
2125463552,2156920832,2160066560,2138046464,2130706432,2148532224,2146435072,2128609280,2145124352,2138570752,2473401090
2135949312,2138046464,2139095040,2121269248,2129657856,2147483648,2145386496,2127560704,2133590016,2137522176,2473417089
2138046464,2150629376,2138046464,2132803584,2130706432,2146435072,2143289344,2126512128,2139881472,2136735744,2473433088
2132803584,2138046464,2138046464,2121269248,2129657856,2146435072,2144337920,2126512128,2132541440,2136735744,2473449111
2133852160,2143289344,2136997888,2122317824,2129657856,2147483648,2145386496,2126512128,2134114304,2137260032,2473465111
2131755008,2154823680,2148532224,2134900736,2129657856,2148532224,2146435072,2128609280,2142502912,2138308608,2473482000
2124414976,2160066560,2155872256,2139095040,2129657856,2148532224,2146435072,2128609280,2144862208,2138308608,2473498001
2141192192,2146435072,2138046464,2119172096,2130706432,2148532224,2144337920,2127560704,2136211456,2137784320,2473514001
2125463552,2140143616,2139095040,2121269248,2129657856,2148532224,2145386496,2127560704,2131492864,2137784320,2473530022
2131755008,2154823680,2152726528,2134900736,2128609280,2147483648,2145386496,2127560704,2143551488,2137260032,2473546022
2122317824,2152726528,2157969408,2133852160,2128609280,2147483648,2144337920,2127560704,2141716480,2136997888,2473562023
2122317824,2148532224,2143289344,2132803584,2130706432,2147483648,2145386496,2127560704,2136735744,2137784320,2473578023
2124414976,2147483648,2150629376,2131755008,2130706432,2147483648,2146435072,2128609280,2138570752,2138308608,2473594047
2139095040,2146435072,2151677952,2124414976,2129657856,2147483648,2145386496,2127560704,2140405760,2137522176,2473610044
2132803584,2152726528,2152726528,2121269248,2129657856,2147483648,2144337920,2126512128,2139881472,2136997888,2473626045
2127560704,2157969408,2148532224,2131755008,2128609280,2146435072,2144337920,2126512128,2141454336,2136473600,2473642047
2129657856,2138046464,2140143616,2122317824,2129657856,2147483648,2144337920,2127560704,2132541440,2137260032,2473658066
2127560704,2155872256,2159017984,2134900736,2130706432,2148532224,2145386496,2128609280,2144337920,2138308608,2473674064
2134900736,2154823680,2150629376,2134900736,2130706432,2148532224,2146435072,2128609280,2143813632,2138570752,2473690068
2139095040,2142240768,2139095040,2125463552,2130706432,2148532224,2144337920,2128609280,2136473600,2138046464,2473706067
2130706432,2157969408,2150629376,2134900736,2129657856,2147483648,2145386496,2127560704,2143551488,2137522176,2473722087
2136997888,2140143616,2136997888,2118123520,2129657856,2146435072,2144337920,2126512128,2133065728,2136735744,2473738087
2128609280,2155872256,2151677952,2133852160,2128609280,2147483648,2144337920,2127560704,2142502912,2136997888,2473754088
2122317824,2153775104,2148532224,2138046464,2129657856,2148532224,2144337920,2128609280,2140667904,2137784320,2473770088
2134900736,2152726528,2146435072,2129657856,2131755008,2146435072,2144337920,2127560704,2140930048,2137522176,2473786110
2135949312,2139095040,2141192192,2121269248,2130706432,2147483648,2146435072,2127560704,2134376448,2138046464,2473802107
2126512128,2155872256,2157969408,2136997888,2129657856,2147483648,2145386496,2127560704,2144337920,2137522176,2473819001
2121269248,2147483648,2141192192,2127560704,2130706432,2146435072,2144337920,2126512128,2134376448,2136997888,2473835001
2140143616,2150629376,2135949312,2125463552,2129657856,2147483648,2144337920,2126512128,2138046464,2136997888,2473851001
2130706432,2156920832,2151677952,2129657856,2129657856,2147483648,2144337920,2127560704,2142240768,2137260032,2473867001
2123366400,2157969408,2153775104,2135949312,2129657856,2148532224,2145386496,2128609280,2142765056,2138046464,2473883022
2130706432,2160066560,2157969408,2131755008,2129657856,2149580800,2145386496,2129657856,2145124352,2138570752,2473899024
2141192192,2143289344,2142240768,2119172096,2130706432,2146435072,2144337920,2126512128,2136473600,2136997888,2473915023
2122317824,2143289344,2147483648,2126512128,2129657856,2146435072,2144337920,2127560704,2134900736,2136997888,2473931024
2138046464,2138046464,2138046464,2118123520,2129657856,2147483648,2144337920,2126512128,2133065728,2136997888,2473947046
2129657856,2155872256,2151677952,2133852160,2129657856,2147483648,2144337920,2127560704,2142765056,2137260032,2473963045
2124414976,2143289344,2140143616,2126512128,2129657856,2147483648,2145386496,2128609280,2133590016,2137784320,2473979047
2131755008,2155872256,2146435072,2131755008,2130706432,2148532224,2145386496,2127560704,2141454336,2138046464,2473995044
2136997888,2139095040,2139095040,2119172096,2130706432,2147483648,2146435072,2126512128,2133590016,2137784320,2474011065
2135949312,2146435072,2150629376,2122317824,2128609280,2147483648,2145386496,2126512128,2138832896,2136997888,2474027068
2124414976,2142240768,2148532224,2124414976,2129657856,2146435072,2144337920,2126512128,2134900736,2136735744,2474043068
2123366400,2145386496,2141192192,2129657856,2129657856,2145386496,2143289344,2126512128,2134900736,2136211456,2474059064
2141192192,2154823680,2138046464,2126512128,2129657856,2148532224,2144337920,2128609280,2140143616,2137784320,2474075087
2133852160,2141192192,2139095040,2122317824,2130706432,2148532224,2146435072,2128609280,2134114304,2138570752,2474091087
2123366400,2142240768,2147483648,2125463552,2129657856,2148532224,2146435072,2127560704,2134638592,2138046464,2474107088
2130706432,2154823680,2151677952,2129657856,2129657856,2147483648,2145386496,2126512128,2141716480,2137260032,2474123086
2138046464,2140143616,2138046464,2120220672,2128609280,2147483648,2144337920,2126512128,2134114304,2136735744,2474139109
2129657856,2152726528,2154823680,2127560704,2128609280,2147483648,2144337920,2127560704,2141192192,2136997888,2474156001
2122317824,2151677952,2147483648,2134900736,2130706432,2147483648,2145386496,2127560704,2139095040,2137784320,2474172001
2138046464,2138046464,2138046464,2120220672,2130706432,2148532224,2145386496,2128609280,2133590016,2138308608,2474188001
2122317824,2164260864,2152726528,2143289344,2130706432,2147483648,2145386496,2127560704,2145648640,2137784320,2474204001
2131755008,2160066560,2151677952,2132803584,2129657856,2148532224,2146435072,2126512128,2144075776,2137784320,2474220024
2126512128,2152726528,2156920832,2141192192,2128609280,2147483648,2145386496,2126512128,2144337920,2136997888,2474236024
2121269248,2155872256,2151677952,2136997888,2129657856,2147483648,2144337920,2127560704,2141454336,2137260032,2474252023
2138046464,2138046464,2140143616,2121269248,2129657856,2146435072,2145386496,2126512128,2134376448,2136997888,2474268023
2141192192,2146435072,2144337920,2120220672,2130706432,2148532224,2146435072,2128609280,2138046464,2138570752,2474284045
2135949312,2143289344,2141192192,2124414976,2130706432,2146435072,2145386496,2127560704,2136211456,2137522176,2474300045
2141192192,2146435072,2139095040,2123366400,2129657856,2148532224,2145386496,2127560704,2137522176,2137784320,2474316044
2125463552,2142240768,2140143616,2125463552,2129657856,2146435072,2144337920,2126512128,2133327872,2136735744,2474332045
2135949312,2150629376,2138046464,2129657856,2128609280,2147483648,2144337920,2127560704,2138570752,2136997888,2474348067
2122317824,2142240768,2139095040,2123366400,2129657856,2147483648,2144337920,2127560704,2131755008,2137260032,2474364068
2123366400,2160066560,2151677952,2138046464,2129657856,2148532224,2146435072,2128609280,2143289344,2138308608,2474380065
2122317824,2161115136,2157969408,2135949312,2129657856,2147483648,2145386496,2128609280,2144337920,2137784320,2474396068
2122317824,2153775104,2154823680,2139095040,2130706432,2147483648,2144337920,2127560704,2142502912,2137522176,2474412088
2122317824,2142240768,2141192192,2125463552,2128609280,2146435072,2144337920,2126512128,2132803584,2136473600,2474428088
2121269248,2144337920,2141192192,2127560704,2129657856,2147483648,2145386496,2126512128,2133590016,2137260032,2474444084
2126512128,2156920832,2159017984,2133852160,2129657856,2147483648,2144337920,2127560704,2144075776,2137260032,2474460086
2143289344,2150629376,2141192192,2132803584,2129657856,2148532224,2145386496,2128609280,2141978624,2138046464,2474476113
2126512128,2155872256,2157969408,2136997888,2130706432,2148532224,2145386496,2128609280,2144337920,2138308608,2474492109
2143289344,2143289344,2141192192,2120220672,2129657856,2147483648,2145386496,2127560704,2136997888,2137522176,2474509000
2121269248,2153775104,2147483648,2138046464,2129657856,2147483648,2144337920,2126512128,2140143616,2136997888,2474525001
2129657856,2138046464,2136997888,2124414976,2129657856,2147483648,2144337920,2127560704,2132279296,2137260032,2474541001
2124414976,2161115136,2156920832,2140143616,2129657856,2146435072,2143289344,2126512128,2145648640,2136473600,2474557024
2132803584,2138046464,2136997888,2121269248,2129657856,2147483648,2144337920,2128609280,2132279296,2137522176,2474573024
2127560704,2151677952,2154823680,2134900736,2131755008,2147483648,2144337920,2128609280,2142240768,2138046464,2474589023
2124414976,2154823680,2153775104,2138046464,2129657856,2147483648,2146435072,2127560704,2142765056,2137784320,2474605025
2142240768,2141192192,2138046464,2118123520,2129657856,2148532224,2145386496,2127560704,2134900736,2137784320,2474621045
2133852160,2155872256,2151677952,2131755008,2128609280,2148532224,2144337920,2126512128,2143289344,2136997888,2474637043
2126512128,2148532224,2153775104,2132803584,2128609280,2147483648,2144337920,2126512128,2140405760,2136735744,2474653045
2132803584,2139095040,2141192192,2119172096,2130706432,2147483648,2145386496,2127560704,2133065728,2137784320,2474669045
2140143616,2145386496,2138046464,2122317824,2130706432,2147483648,2145386496,2127560704,2136473600,2137784320,2474685067
2133852160,2141192192,2139095040,2122317824,2130706432,2147483648,2146435072,2128609280,2134114304,2138308608,2474701065
2124414976,2161115136,2160066560,2134900736,2129657856,2148532224,2144337920,2127560704,2145124352,2137522176,2474717067
2122317824,2147483648,2143289344,2129657856,2129657856,2146435072,2144337920,2126512128,2135687168,2136735744,2474733067
2120220672,2152726528,2147483648,2139095040,2129657856,2147483648,2144337920,2126512128,2139881472,2136997888,2474749089
2122317824,2159017984,2153775104,2138046464,2130706432,2147483648,2144337920,2126512128,2143289344,2137260032,2474765086
2125463552,2142240768,2140143616,2125463552,2130706432,2147483648,2145386496,2127560704,2133327872,2137784320,2474781088
2138046464,2141192192,2138046464,2121269248,2130706432,2147483648,2145386496,2127560704,2134638592,2137784320,2474797090
2138046464,2140143616,2139095040,2121269248,2129657856,2147483648,2145386496,2127560704,2134638592,2137522176,2474813109
2132803584,2150629376,2146435072,2127560704,2129657856,2147483648,2144337920,2126512128,2139357184,2136997888,2474829108
2139095040,2138046464,2138046464,2120220672,2129657856,2145386496,2143289344,2124414976,2133852160,2135687168,2474846001
2129657856,2140143616,2139095040,2121269248,2128609280,2147483648,2145386496,2127560704,2132541440,2137260032,2474862001
2129657856,2155872256,2153775104,2133852160,2129657856,2148532224,2145386496,2128609280,2143289344,2138046464,2474878001
2123366400,2149580800,2141192192,2132803584,2130706432,2148532224,2145386496,2128609280,2136735744,2138308608,2474894001
2140143616,2151677952,2140143616,2131755008,2130706432,2147483648,2145386496,2127560704,2140930048,2137784320,2474910024
2134900736,2139095040,2135949312,2119172096,2130706432,2146435072,2144337920,2125463552,2132279296,2136735744,2474926025
2125463552,2141192192,2136997888,2123366400,2129657856,2147483648,2144337920,2126512128,2131755008,2136997888,2474942023
2134900736,2139095040,2139095040,2117074944,2130706432,2146435072,2144337920,2126512128,2132541440,2136997888,2474958023
2123366400,2154823680,2154823680,2135949312,2130706432,2147483648,2145386496,2126512128,2142240768,2137522176,2474974045
2121269248,2149580800,2143289344,2133852160,2130706432,2148532224,2145386496,2128609280,2136997888,2138308608,2474990045
2129657856,2143289344,2139095040,2124414976,2129657856,2147483648,2145386496,2127560704,2134114304,2137522176,2475006045
2123366400,2161115136,2155872256,2141192192,2130706432,2147483648,2145386496,2127560704,2145386496,2137784320,2475022043
2122317824,2155872256,2148532224,2139095040,2128609280,2147483648,2144337920,2126512128,2141454336,2136735744,2475038067
2135949312,2152726528,2146435072,2123366400,2129657856,2146435072,2144337920,2126512128,2139619328,2136735744,2475054066
2123366400,2153775104,2147483648,2139095040,2130706432,2147483648,2145386496,2127560704,2140930048,2137784320,2475070067
2134900736,2150629376,2149580800,2128609280,2130706432,2147483648,2145386496,2127560704,2140930048,2137784320,2475086065
2125463552,2157969408,2159017984,2139095040,2129657856,2148532224,2145386496,2128609280,2145386496,2138046464,2475102087
2127560704,2160066560,2160066560,2134900736,2129657856,2147483648,2145386496,2127560704,2145648640,2137522176,2475118087
2121269248,2155872256,2147483648,2136997888,2128609280,2147483648,2144337920,2126512128,2140405760,2136735744,2475134086
2140143616,2141192192,2139095040,2119172096,2128609280,2146435072,2144337920,2126512128,2134900736,2136473600,2475150086
2126512128,2155872256,2155872256,2134900736,2129657856,2148532224,2145386496,2127560704,2143289344,2137784320,2475166109
2128609280,2160066560,2159017984,2135949312,2129657856,2148532224,2146435072,2128609280,2145910784,2138308608,2475183001
2132803584,2141192192,2140143616,2124414976,2129657856,2148532224,2146435072,2127560704,2134638592,2138046464,2475199001
2130706432,2159017984,2156920832,2131755008,2129657856,2147483648,2145386496,2127560704,2144600064,2137522176,2475215001
2125463552,2159017984,2154823680,2136997888,2128609280,2147483648,2144337920,2127560704,2144075776,2136997888,2475231001
2129657856,2140143616,2139095040,2122317824,2129657856,2147483648,2144337920,2126512128,2132803584,2136997888,2475247024
2135949312,2140143616,2136997888,2119172096,2130706432,2146435072,2144337920,2125463552,2133065728,2136735744,2475263023
2122317824,2153775104,2140143616,2138046464,2129657856,2148532224,2145386496,2128609280,2138570752,2138046464,2475279022
2125463552,2143289344,2140143616,2126512128,2130706432,2147483648,2146435072,2128609280,2133852160,2138308608,2475295023
2123366400,2151677952,2148532224,2139095040,2129657856,2148532224,2145386496,2128609280,2140667904,2138046464,2475311046
2139095040,2143289344,2135949312,2120220672,2130706432,2147483648,2144337920,2126512128,2134638592,2137260032,2475327045
2126512128,2155872256,2156920832,2139095040,2129657856,2147483648,2144337920,2126512128,2144600064,2136997888,2475343045
2121269248,2157969408,2153775104,2141192192,2130706432,2146435072,2145386496,2125463552,2143551488,2136997888,2475359045
2130706432,2155872256,2154823680,2131755008,2129657856,2147483648,2145386496,2127560704,2143289344,2137522176,2475375067
2142240768,2140143616,2140143616,2121269248,2129657856,2147483648,2145386496,2127560704,2135949312,2137522176,2475391066
2140143616,2140143616,2139095040,2121269248,2129657856,2148532224,2146435072,2128609280,2135162880,2138308608,2475407066
2140143616,2146435072,2136997888,2122317824,2129657856,2148532224,2144337920,2127560704,2136473600,2137522176,2475423068
2133852160,2150629376,2146435072,2126512128,2129657856,2147483648,2145386496,2126512128,2139357184,2137260032,2475439088
2140143616,2140143616,2142240768,2123366400,2130706432,2146435072,2144337920,2126512128,2136473600,2136997888,2475455086
2133852160,2156920832,2152726528,2131755008,2129657856,2148532224,2145386496,2128609280,2143813632,2138046464,2475471087
2121269248,2154823680,2151677952,2138046464,2130706432,2148532224,2145386496,2128609280,2141454336,2138308608,2475487091
2126512128,2159017984,2160066560,2135949312,2129657856,2148532224,2145386496,2127560704,2145386496,2137784320,2475503109
2130706432,2156920832,2153775104,2133852160,2130706432,2147483648,2145386496,2127560704,2143813632,2137784320,2475519109
2121269248,2140143616,2147483648,2123366400,2129657856,2146435072,2143289344,2125463552,2133065728,2136211456,2475536001
2135949312,2138046464,2136997888,2120220672,2129657856,2147483648,2143289344,2127560704,2132803584,2136997888,2475552001
2139095040,2141192192,2139095040,2118123520,2129657856,2147483648,2145386496,2127560704,2134376448,2137522176,2475568001
2133852160,2141192192,2141192192,2119172096,2129657856,2148532224,2146435072,2127560704,2133852160,2138046464,2475584024
2126512128,2154823680,2153775104,2140143616,2129657856,2148532224,2146435072,2128609280,2143813632,2138308608,2475600023
2141192192,2141192192,2142240768,2121269248,2129657856,2146435072,2145386496,2126512128,2136473600,2136997888,2475616025
2123366400,2141192192,2140143616,2124414976,2129657856,2146435072,2144337920,2126512128,2132279296,2136735744,2475632023
2135949312,2145386496,2146435072,2119172096,2129657856,2146435072,2145386496,2126512128,2136735744,2136997888,2475648045
2122317824,2143289344,2141192192,2123366400,2129657856,2147483648,2145386496,2126512128,2132541440,2137260032,2475664046
2122317824,2155872256,2151677952,2140143616,2129657856,2149580800,2146435072,2128609280,2142502912,2138570752,2475680046
2145386496,2140143616,2141192192,2120220672,2130706432,2148532224,2145386496,2128609280,2136735744,2138308608,2475696046
2139095040,2157969408,2149580800,2130706432,2129657856,2148532224,2146435072,2128609280,2144337920,2138308608,2475712066
2135949312,2140143616,2138046464,2122317824,2130706432,2146435072,2144337920,2126512128,2134114304,2136997888,2475728066
2131755008,2141192192,2136997888,2122317824,2128609280,2147483648,2144337920,2126512128,2133065728,2136735744,2475744067
2136997888,2142240768,2138046464,2122317824,2129657856,2147483648,2145386496,2126512128,2134900736,2137260032,2475760066
2122317824,2147483648,2149580800,2130706432,2129657856,2147483648,2145386496,2127560704,2137522176,2137522176,2475776087
2134900736,2146435072,2146435072,2124414976,2129657856,2148532224,2146435072,2127560704,2138046464,2138046464,2475792087
2134900736,2154823680,2155872256,2125463552,2130706432,2147483648,2145386496,2127560704,2142765056,2137784320,2475808088
2122317824,2149580800,2141192192,2134900736,2128609280,2148532224,2144337920,2127560704,2136997888,2137260032,2475824086
2123366400,2147483648,2139095040,2130706432,2129657856,2146435072,2144337920,2125463552,2135162880,2136473600,2475840112
2133852160,2143289344,2136997888,2122317824,2129657856,2146435072,2145386496,2125463552,2134114304,2136735744,2475856106
2125463552,2145386496,2150629376,2129657856,2129657856,2147483648,2145386496,2127560704,2137784320,2137522176,2475873001
2121269248,2151677952,2143289344,2134900736,2129657856,2148532224,2146435072,2128609280,2137784320,2138308608,2475889001
2125463552,2161115136,2160066560,2139095040,2130706432,2147483648,2145386496,2128609280,2146435072,2138046464,2475905001
2121269248,2159017984,2153775104,2138046464,2129657856,2146435072,2144337920,2126512128,2143027200,2136735744,2475921001
2123366400,2159017984,2154823680,2136997888,2129657856,2146435072,2144337920,2126512128,2143551488,2136735744,2475937023
2134900736,2154823680,2146435072,2133852160,2129657856,2147483648,2144337920,2126512128,2142502912,2136997888,2475953024
2129657856,2143289344,2138046464,2123366400,2129657856,2147483648,2144337920,2127560704,2133590016,2137260032,2475969023
2134900736,2140143616,2141192192,2121269248,2130706432,2147483648,2145386496,2126512128,2134376448,2137522176,2475985023
2136997888,2151677952,2140143616,2122317824,2130706432,2147483648,2145386496,2127560704,2137784320,2137784320,2476001046
2125463552,2152726528,2152726528,2135949312,2129657856,2147483648,2145386496,2126512128,2141716480,2137260032,2476017045
2123366400,2157969408,2155872256,2141192192,2129657856,2148532224,2144337920,2127560704,2144600064,2137522176,2476033047
2136997888,2144337920,2135949312,2122317824,2129657856,2147483648,2144337920,2126512128,2134900736,2136997888,2476049044
2123366400,2140143616,2139095040,2123366400,2129657856,2147483648,2145386496,2127560704,2131492864,2137522176,2476065067
2121269248,2151677952,2147483648,2134900736,2129657856,2148532224,2146435072,2128609280,2138832896,2138308608,2476081066
2127560704,2145386496,2139095040,2126512128,2129657856,2148532224,2145386496,2128609280,2134638592,2138046464,2476097068
2142240768,2140143616,2139095040,2121269248,2130706432,2148532224,2145386496,2127560704,2135687168,2138046464,2476113065
