2125463552,2140143616,2141192192,2121269248,2129657856,2147483648,2145386496,2127560704,2132017152,2137522176,2477204085
2134900736,2143289344,2138046464,2121269248,2129657856,2147483648,2145386496,2127560704,2134376448,2137522176,2477220111
2123366400,2151677952,2154823680,2134900736,2129657856,2147483648,2145386496,2127560704,2141192192,2137522176,2477237001
2122317824,2146435072,2141192192,2128609280,2128609280,2147483648,2145386496,2127560704,2134638592,2137260032,2477253001
2139095040,2153775104,2146435072,2125463552,2129657856,2147483648,2144337920,2127560704,2141192192,2137260032,2477269001
2141192192,2143289344,2138046464,2122317824,2129657856,2147483648,2145386496,2127560704,2136211456,2137522176,2477285001
2123366400,2160066560,2156920832,2138046464,2129657856,2148532224,2145386496,2127560704,2144600064,2137784320,2477301023
2127560704,2160066560,2157969408,2134900736,2128609280,2148532224,2145386496,2127560704,2145124352,2137522176,2477317024
2123366400,2147483648,2151677952,2130706432,2129657856,2146435072,2144337920,2126512128,2138308608,2136735744,2477333022
2134900736,2141192192,2136997888,2120220672,2129657856,2147483648,2145386496,2126512128,2133327872,2137260032,2477349024
2140143616,2140143616,2139095040,2119172096,2130706432,2147483648,2144337920,2127560704,2134638592,2137522176,2477365047
2135949312,2141192192,2138046464,2122317824,2129657856,2148532224,2145386496,2127560704,2134376448,2137784320,2477381045
2140143616,2146435072,2139095040,2122317824,2129657856,2147483648,2144337920,2127560704,2136997888,2137260032,2477397045
2140143616,2145386496,2136997888,2122317824,2129657856,2146435072,2144337920,2126512128,2136211456,2136735744,2477413045
2139095040,2151677952,2139095040,2125463552,2129657856,2148532224,2145386496,2126512128,2138832896,2137522176,2477429068
2136997888,2146435072,2139095040,2122317824,2130706432,2147483648,2146435072,2127560704,2136211456,2138046464,2477445066
2135949312,2144337920,2145386496,2121269248,2130706432,2148532224,2146435072,2128609280,2136735744,2138570752,2477461064
2129657856,2143289344,2138046464,2123366400,2130706432,2147483648,2145386496,2127560704,2133590016,2137784320,2477477068
2139095040,2142240768,2144337920,2121269248,2130706432,2147483648,2144337920,2127560704,2136735744,2137522176,2477493087
2127560704,2161115136,2152726528,2134900736,2129657856,2146435072,2144337920,2126512128,2144075776,2136735744,2477509088
2121269248,2143289344,2139095040,2123366400,2129657856,2146435072,2144337920,2125463552,2131755008,2136473600,2477525086
2138046464,2151677952,2143289344,2131755008,2129657856,2147483648,2145386496,2127560704,2141192192,2137522176,2477541090
2143289344,2139095040,2139095040,2119172096,2130706432,2148532224,2145386496,2128609280,2135162880,2138308608,2477557112
2139095040,2150629376,2146435072,2127560704,2130706432,2147483648,2145386496,2127560704,2140930048,2137784320,2477573109
2122317824,2166358016,2148532224,2143289344,2129657856,2148532224,2145386496,2128609280,2145124352,2138046464,2477590001
2139095040,2151677952,2143289344,2129657856,2128609280,2146435072,2144337920,2126512128,2140930048,2136473600,2477606001
2140143616,2141192192,2138046464,2120220672,2129657856,2146435072,2144337920,2126512128,2134900736,2136735744,2477622001
2125463552,2140143616,2138046464,2122317824,2129657856,2147483648,2146435072,2127560704,2131492864,2137784320,2477638023
2133852160,2140143616,2138046464,2121269248,2129657856,2148532224,2146435072,2128609280,2133327872,2138308608,2477654023
2139095040,2146435072,2146435072,2121269248,2130706432,2148532224,2145386496,2128609280,2138308608,2138308608,2477670024
2141192192,2140143616,2139095040,2119172096,2129657856,2147483648,2145386496,2127560704,2134900736,2137522176,2477686024
2122317824,2164260864,2152726528,2138046464,2128609280,2147483648,2144337920,2126512128,2144337920,2136735744,2477702047
2138046464,2140143616,2138046464,2119172096,2128609280,2148532224,2145386496,2126512128,2133852160,2137260032,2477718045
2143289344,2144337920,2136997888,2122317824,2129657856,2147483648,2143289344,2126512128,2136735744,2136735744,2477734045
2123366400,2144337920,2151677952,2129657856,2129657856,2148532224,2145386496,2128609280,2137260032,2138046464,2477750046
2122317824,2163212288,2155872256,2146435072,2129657856,2149580800,2146435072,2129657856,2146959360,2138832896,2477766067
2134900736,2140143616,2140143616,2121269248,2130706432,2147483648,2145386496,2127560704,2134114304,2137784320,2477782065
2124414976,2156920832,2156920832,2136997888,2129657856,2147483648,2144337920,2126512128,2143813632,2136997888,2477798067
2126512128,2156920832,2156920832,2133852160,2129657856,2147483648,2145386496,2127560704,2143551488,2137522176,2477814065
2129657856,2141192192,2138046464,2120220672,2129657856,2148532224,2143289344,2127560704,2132279296,2137260032,2477830087
2134900736,2141192192,2138046464,2122317824,2130706432,2146435072,2145386496,2127560704,2134114304,2137522176,2477846088
2124414976,2145386496,2141192192,2127560704,2130706432,2148532224,2145386496,2128609280,2134638592,2138308608,2477862088
2134900736,2141192192,2140143616,2122317824,2129657856,2148532224,2145386496,2127560704,2134638592,2137784320,2477878087
2124414976,2148532224,2147483648,2132803584,2129657856,2147483648,2144337920,2127560704,2138308608,2137260032,2477894110
2121269248,2151677952,2147483648,2132803584,2129657856,2147483648,2144337920,2126512128,2138308608,2136997888,2477910105
2134900736,2140143616,2136997888,2120220672,2130706432,2146435072,2144337920,2126512128,2133065728,2136997888,2477927001
2139095040,2151677952,2140143616,2125463552,2130706432,2147483648,2144337920,2127560704,2139095040,2137522176,2477943001
2129657856,2153775104,2151677952,2133852160,2129657856,2148532224,2147483648,2127560704,2142240768,2138308608,2477959001
2126512128,2155872256,2154823680,2134900736,2129657856,2148532224,2145386496,2128609280,2143027200,2138046464,2477975000
2124414976,2165309440,2155872256,2136997888,2129657856,2147483648,2145386496,2127560704,2145648640,2137522176,2477991024
2132803584,2151677952,2152726528,2133852160,2128609280,2147483648,2144337920,2126512128,2142765056,2136735744,2478007022
2121269248,2157969408,2147483648,2141192192,2129657856,2146435072,2143289344,2126512128,2141978624,2136473600,2478023024
2136997888,2152726528,2146435072,2133852160,2130706432,2147483648,2144337920,2127560704,2142502912,2137522176,2478039023
2134900736,2146435072,2146435072,2124414976,2130706432,2148532224,2146435072,2128609280,2138046464,2138570752,2478055047
2133852160,2159017984,2150629376,2131755008,2130706432,2148532224,2145386496,2128609280,2143813632,2138308608,2478071046
2124414976,2145386496,2139095040,2130706432,2129657856,2147483648,2145386496,2128609280,2134900736,2137784320,2478087045
2122317824,2162163712,2147483648,2143289344,2129657856,2147483648,2144337920,2126512128,2143813632,2136997888,2478103045
2121269248,2149580800,2147483648,2134900736,2128609280,2147483648,2144337920,2126512128,2138308608,2136735744,2478119067
2123366400,2144337920,2141192192,2125463552,2129657856,2147483648,2144337920,2126512128,2133590016,2136997888,2478135067
2134900736,2143289344,2143289344,2122317824,2129657856,2148532224,2146435072,2127560704,2135949312,2138046464,2478151066
2139095040,2152726528,2150629376,2129657856,2130706432,2148532224,2146435072,2128609280,2143027200,2138570752,2478167065
2141192192,2149580800,2141192192,2125463552,2130706432,2147483648,2145386496,2128609280,2139357184,2138046464,2478183089
2124414976,2160066560,2154823680,2138046464,2129657856,2147483648,2145386496,2126512128,2144337920,2137260032,2478199090
2136997888,2140143616,2136997888,2119172096,2130706432,2145386496,2143289344,2125463552,2133327872,2136211456,2478215088
2132803584,2141192192,2139095040,2118123520,2130706432,2146435072,2144337920,2126512128,2132803584,2136997888,2478231087
2124414976,2154823680,2153775104,2135949312,2129657856,2147483648,2145386496,2127560704,2142240768,2137522176,2478247108
2132803584,2146435072,2138046464,2124414976,2130706432,2148532224,2146435072,2128609280,2135425024,2138570752,2478264001
2129657856,2140143616,2147483648,2121269248,2130706432,2147483648,2145386496,2128609280,2134638592,2138046464,2478280001
2130706432,2157969408,2155872256,2136997888,2129657856,2148532224,2145386496,2128609280,2145386496,2138046464,2478296000
2125463552,2159017984,2154823680,2133852160,2129657856,2146435072,2143289344,2125463552,2143289344,2136211456,2478312001
2121269248,2154823680,2141192192,2138046464,2128609280,2147483648,2144337920,2126512128,2138832896,2136735744,2478328023
2132803584,2152726528,2152726528,2127560704,2130706432,2147483648,2145386496,2127560704,2141454336,2137784320,2478344023
2129657856,2142240768,2147483648,2122317824,2129657856,2148532224,2146435072,2128609280,2135425024,2138308608,2478360022
2126512128,2156920832,2157969408,2139095040,2130706432,2147483648,2145386496,2128609280,2145124352,2138046464,2478376023
2123366400,2149580800,2142240768,2132803584,2129657856,2147483648,2144337920,2126512128,2136997888,2136997888,2478392044
2122317824,2149580800,2143289344,2131755008,2128609280,2146435072,2144337920,2126512128,2136735744,2136473600,2478408047
2128609280,2143289344,2138046464,2122317824,2128609280,2147483648,2144337920,2126512128,2133065728,2136735744,2478424045
2129657856,2139095040,2135949312,2119172096,2128609280,2147483648,2145386496,2128609280,2130968576,2137522176,2478440045
2142240768,2140143616,2138046464,2121269248,2130706432,2147483648,2145386496,2128609280,2135425024,2138046464,2478456068
2135949312,2145386496,2146435072,2124414976,2130706432,2147483648,2144337920,2127560704,2138046464,2137522176,2478472067
2140143616,2150629376,2138046464,2129657856,2129657856,2147483648,2145386496,2127560704,2139619328,2137522176,2478488066
2139095040,2140143616,2139095040,2120220672,2128609280,2147483648,2145386496,2126512128,2134638592,2136997888,2478504068
2125463552,2159017984,2154823680,2135949312,2128609280,2146435072,2144337920,2126512128,2143813632,2136473600,2478520091
2125463552,2143289344,2138046464,2122317824,2129657856,2147483648,2144337920,2127560704,2132279296,2137260032,2478536089
2135949312,2139095040,2139095040,2121269248,2129657856,2147483648,2145386496,2128609280,2133852160,2137784320,2478552087
2139095040,2140143616,2146435072,2121269248,2130706432,2147483648,2146435072,2128609280,2136735744,2138308608,2478568088
2123366400,2157969408,2156920832,2141192192,2130706432,2147483648,2145386496,2126512128,2144862208,2137522176,2478584108
2135949312,2140143616,2140143616,2122317824,2129657856,2147483648,2144337920,2126512128,2134638592,2136997888,2478600107
2123366400,2149580800,2143289344,2132803584,2129657856,2147483648,2143289344,2125463552,2137260032,2136473600,2478617000
2138046464,2140143616,2146435072,2120220672,2128609280,2148532224,2145386496,2128609280,2136211456,2137784320,2478633001
2141192192,2144337920,2140143616,2122317824,2130706432,2147483648,2145386496,2128609280,2136997888,2138046464,2478649001
2125463552,2141192192,2147483648,2123366400,2130706432,2148532224,2145386496,2128609280,2134376448,2138308608,2478665023
2139095040,2142240768,2138046464,2121269248,2130706432,2147483648,2145386496,2127560704,2135162880,2137784320,2478681024
2128609280,2152726528,2157969408,2134900736,2129657856,2147483648,2144337920,2126512128,2143551488,2136997888,2478697023
2134900736,2152726528,2150629376,2128609280,2129657856,2146435072,2144337920,2126512128,2141716480,2136735744,2478713023
2138046464,2154823680,2138046464,2123366400,2130706432,2147483648,2143289344,2126512128,2138570752,2136997888,2478729045
2122317824,2148532224,2149580800,2131755008,2129657856,2147483648,2145386496,2127560704,2138046464,2137522176,2478745045
2125463552,2162163712,2159017984,2142240768,2129657856,2148532224,2145386496,2128609280,2147221504,2138046464,2478761046
2144337920,2144337920,2139095040,2123366400,2130706432,2147483648,2145386496,2127560704,2137784320,2137784320,2478777047
2138046464,2141192192,2139095040,2120220672,2129657856,2147483648,2144337920,2126512128,2134638592,2136997888,2478793067
2122317824,2160066560,2152726528,2139095040,2129657856,2146435072,2144337920,2125463552,2143551488,2136473600,2478809065
2126512128,2139095040,2139095040,2122317824,2129657856,2146435072,2144337920,2125463552,2131755008,2136473600,2478825065
2123366400,2162163712,2157969408,2136997888,2129657856,2147483648,2145386496,2126512128,2145124352,2137260032,2478841067
2132803584,2154823680,2152726528,2129657856,2130706432,2148532224,2146435072,2128609280,2142502912,2138570752,2478857089
2123366400,2151677952,2147483648,2134900736,2129657856,2148532224,2145386496,2127560704,2139357184,2137784320,2478873088
2123366400,2164260864,2150629376,2141192192,2129657856,2147483648,2145386496,2127560704,2144862208,2137522176,2478889086
2133852160,2141192192,2138046464,2122317824,2128609280,2147483648,2144337920,2126512128,2133852160,2136735744,2478905088
2122317824,2161115136,2155872256,2138046464,2129657856,2146435072,2144337920,2126512128,2144337920,2136735744,2478921110
2134900736,2146435072,2150629376,2122317824,2130706432,2148532224,2145386496,2127560704,2138570752,2138046464,2478937106
2122317824,2155872256,2149580800,2138046464,2130706432,2148532224,2145386496,2128609280,2141454336,2138308608,2478954001
2135949312,2140143616,2138046464,2121269248,2131755008,2147483648,2146435072,2128609280,2133852160,2138570752,2478970001
2123366400,2147483648,2143289344,2130706432,2129657856,2147483648,2145386496,2127560704,2136211456,2137522176,2478986001
2132803584,2140143616,2139095040,2121269248,2129657856,2146435072,2144337920,2125463552,2133327872,2136473600,2479002001
2122317824,2144337920,2139095040,2126512128,2128609280,2147483648,2145386496,2126512128,2133065728,2136997888,2479018023
2135949312,2138046464,2139095040,2117074944,2129657856,2147483648,2145386496,2126512128,2132541440,2137260032,2479034023
2125463552,2160066560,2159017984,2132803584,2129657856,2148532224,2146435072,2128609280,2144337920,2138308608,2479050023
2122317824,2150629376,2146435072,2134900736,2129657856,2148532224,2146435072,2128609280,2138570752,2138308608,2479066024
2143289344,2142240768,2139095040,2122317824,2129657856,2147483648,2145386496,2127560704,2136735744,2137522176,2479082047
2138046464,2142240768,2146435072,2121269248,2128609280,2146435072,2144337920,2126512128,2136997888,2136473600,2479098044
2124414976,2155872256,2155872256,2132803584,2129657856,2146435072,2144337920,2126512128,2142240768,2136735744,2479114047
2123366400,2154823680,2147483648,2138046464,2129657856,2148532224,2144337920,2127560704,2140930048,2137522176,2479130044
2120220672,2151677952,2147483648,2134900736,2129657856,2147483648,2146435072,2128609280,2138570752,2138046464,2479146067
2126512128,2159017984,2156920832,2138046464,2130706432,2149580800,2146435072,2128609280,2145124352,2138832896,2479162066
2141192192,2141192192,2139095040,2121269248,2130706432,2147483648,2144337920,2127560704,2135687168,2137522176,2479178067
2122317824,2164260864,2156920832,2138046464,2129657856,2147483648,2143289344,2127560704,2145386496,2136997888,2479194067
2133852160,2152726528,2149580800,2127560704,2129657856,2146435072,2143289344,2125463552,2140930048,2136211456,2479210088
2132803584,2152726528,2146435072,2126512128,2128609280,2147483648,2144337920,2126512128,2139619328,2136735744,2479226087
2124414976,2144337920,2142240768,2125463552,2129657856,2147483648,2145386496,2127560704,2134114304,2137522176,2479242088
2125463552,2147483648,2152726528,2131755008,2129657856,2149580800,2146435072,2128609280,2139357184,2138570752,2479258085
2124414976,2155872256,2156920832,2141192192,2130706432,2147483648,2145386496,2127560704,2144600064,2137784320,2479274109
2135949312,2141192192,2138046464,2122317824,2129657856,2147483648,2144337920,2127560704,2134376448,2137260032,2479291001
2123366400,2154823680,2154823680,2138046464,2129657856,2146435072,2144337920,2126512128,2142765056,2136735744,2479307001
2122317824,2155872256,2155872256,2133852160,2129657856,2147483648,2144337920,2126512128,2141978624,2136997888,2479323001
2124414976,2150629376,2151677952,2133852160,2129657856,2147483648,2144337920,2127560704,2140143616,2137260032,2479339001
2129657856,2141192192,2142240768,2124414976,2129657856,2148532224,2146435072,2128609280,2134376448,2138308608,2479355023
2127560704,2149580800,2155872256,2132803584,2130706432,2148532224,2145386496,2128609280,2141454336,2138308608,2479371024
2139095040,2139095040,2140143616,2120220672,2130706432,2147483648,2144337920,2127560704,2134638592,2137522176,2479387023
2123366400,2159017984,2154823680,2140143616,2129657856,2146435072,2144337920,2126512128,2144337920,2136735744,2479403023
2119172096,2150629376,2143289344,2133852160,2128609280,2146435072,2145386496,2125463552,2136735744,2136473600,2479419046
2126512128,2156920832,2160066560,2135949312,2129657856,2148532224,2145386496,2127560704,2144862208,2137784320,2479435045
2125463552,2141192192,2140143616,2123366400,2129657856,2148532224,2145386496,2129657856,2132541440,2138308608,2479451045
2124414976,2143289344,2145386496,2123366400,2129657856,2149580800,2145386496,2129657856,2134114304,2138570752,2479467047
2125463552,2161115136,2161115136,2133852160,2129657856,2148532224,2146435072,2127560704,2145386496,2138046464,2479483067
2128609280,2155872256,2155872256,2133852160,2129657856,2147483648,2145386496,2127560704,2143551488,2137522176,2479499066
2138046464,2152726528,2138046464,2125463552,2129657856,2147483648,2144337920,2126512128,2138570752,2136997888,2479515066
2132803584,2154823680,2151677952,2138046464,2129657856,2146435072,2144337920,2126512128,2144337920,2136735744,2479531068
2126512128,2162163712,2155872256,2141192192,2128609280,2149580800,2146435072,2129657856,2146435072,2138570752,2479547088
2124414976,2142240768,2142240768,2125463552,2130706432,2148532224,2146435072,2128609280,2133590016,2138570752,2479563089
2135949312,2154823680,2146435072,2133852160,2129657856,2148532224,2145386496,2127560704,2142765056,2137784320,2479579086
2125463552,2159017984,2157969408,2132803584,2129657856,2147483648,2144337920,2127560704,2143813632,2137260032,2479595088
2134900736,2139095040,2134900736,2119172096,2129657856,2146435072,2144337920,2125463552,2132017152,2136473600,2479611110
2129657856,2141192192,2139095040,2119172096,2128609280,2147483648,2144337920,2126512128,2132279296,2136735744,2479627108
2130706432,2153775104,2157969408,2131755008,2128609280,2148532224,2146435072,2128609280,2143551488,2138046464,2479644001
2125463552,2148532224,2155872256,2131755008,2129657856,2148532224,2146435072,2128609280,2140405760,2138308608,2479660001
2133852160,2141192192,2138046464,2122317824,2130706432,2147483648,2145386496,2127560704,2133852160,2137784320,2479676001
2139095040,2142240768,2139095040,2119172096,2129657856,2148532224,2145386496,2127560704,2134900736,2137784320,2479692023
2123366400,2155872256,2153775104,2139095040,2129657856,2147483648,2145386496,2125463552,2143027200,2136997888,2479708024
2124414976,2144337920,2138046464,2126512128,2129657856,2146435072,2144337920,2125463552,2133327872,2136473600,2479724024
2121269248,2157969408,2156920832,2131755008,2129657856,2148532224,2145386496,2127560704,2141978624,2137784320,2479740024
2139095040,2152726528,2139095040,2129657856,2130706432,2149580800,2145386496,2128609280,2140143616,2138570752,2479756044
2133852160,2141192192,2140143616,2123366400,2130706432,2148532224,2146435072,2128609280,2134638592,2138570752,2479772043
2124414976,2153775104,2156920832,2136997888,2129657856,2147483648,2145386496,2127560704,2143027200,2137522176,2479788044
2120220672,2150629376,2143289344,2133852160,2128609280,2147483648,2143289344,2126512128,2136997888,2136473600,2479804045
2121269248,2147483648,2142240768,2130706432,2128609280,2147483648,2144337920,2126512128,2135425024,2136735744,2479820067
2122317824,2144337920,2141192192,2126512128,2129657856,2147483648,2144337920,2127560704,2133590016,2137260032,2479836066
2133852160,2139095040,2139095040,2120220672,2128609280,2148532224,2146435072,2128609280,2133065728,2138046464,2479852066
2124414976,2143289344,2140143616,2125463552,2129657856,2147483648,2146435072,2127560704,2133327872,2137784320,2479868068
2126512128,2151677952,2159017984,2136997888,2129657856,2148532224,2145386496,2128609280,2143551488,2138046464,2479884087
2122317824,2160066560,2147483648,2143289344,2128609280,2147483648,2144337920,2126512128,2143289344,2136735744,2479900085
2129657856,2152726528,2146435072,2123366400,2128609280,2147483648,2144337920,2127560704,2138046464,2136997888,2479916090
2138046464,2138046464,2138046464,2120220672,2129657856,2147483648,2145386496,2127560704,2133590016,2137522176,2479932090
2123366400,2140143616,2147483648,2123366400,2130706432,2148532224,2145386496,2128609280,2133590016,2138308608,2479948109
2124414976,2144337920,2145386496,2126512128,2129657856,2148532224,2146435072,2128609280,2135162880,2138308608,2479964107
2128609280,2159017984,2153775104,2138046464,2129657856,2148532224,2145386496,2128609280,2144862208,2138046464,2479981001
2129657856,2143289344,2138046464,2124414976,2129657856,2146435072,2145386496,2126512128,2133852160,2136997888,2479997001
2123366400,2155872256,2157969408,2139095040,2129657856,2146435072,2144337920,2125463552,2144075776,2136473600,2480013001
2134900736,2154823680,2146435072,2132803584,2128609280,2147483648,2144337920,2127560704,2142240768,2136997888,2480029001
2123366400,2149580800,2155872256,2132803584,2129657856,2148532224,2145386496,2127560704,2140405760,2137784320,2480045023
2132803584,2140143616,2140143616,2121269248,2130706432,2148532224,2144337920,2128609280,2133590016,2138046464,2480061022
2126512128,2142240768,2138046464,2125463552,2130706432,2147483648,2145386496,2127560704,2133065728,2137784320,2480077022
2124414976,2153775104,2153775104,2138046464,2129657856,2148532224,2146435072,2127560704,2142502912,2138046464,2480093024
2140143616,2141192192,2138046464,2119172096,2128609280,2147483648,2144337920,2125463552,2134638592,2136473600,2480109045
2139095040,2141192192,2136997888,2118123520,2129657856,2147483648,2144337920,2126512128,2133852160,2136997888,2480125047
2122317824,2150629376,2149580800,2133852160,2128609280,2148532224,2145386496,2128609280,2139095040,2137784320,2480141046
2133852160,2143289344,2138046464,2122317824,2130706432,2148532224,2145386496,2127560704,2134376448,2138046464,2480157045
2144337920,2143289344,2138046464,2121269248,2129657856,2148532224,2145386496,2128609280,2136735744,2138046464,2480173066
2124414976,2143289344,2140143616,2126512128,2129657856,2147483648,2145386496,2127560704,2133590016,2137522176,2480189068
2140143616,2138046464,2139095040,2120220672,2128609280,2148532224,2144337920,2128609280,2134376448,2137522176,2480205069
2130706432,2159017984,2148532224,2132803584,2128609280,2146435072,2144337920,2126512128,2142765056,2136473600,2480221067
2122317824,2149580800,2147483648,2132803584,2129657856,2147483648,2145386496,2127560704,2138046464,2137522176,2480237090
2123366400,2147483648,2143289344,2131755008,2128609280,2148532224,2146435072,2127560704,2136473600,2137784320,2480253087
2132803584,2144337920,2150629376,2128609280,2130706432,2148532224,2145386496,2128609280,2139095040,2138308608,2480269087
2122317824,2151677952,2152726528,2130706432,2130706432,2146435072,2144337920,2126512128,2139357184,2136997888,2480285086
2131755008,2141192192,2136997888,2122317824,2129657856,2147483648,2144337920,2126512128,2133065728,2136997888,2480301109
2140143616,2138046464,2135949312,2119172096,2129657856,2146435072,2143289344,2126512128,2133327872,2136473600,2480318001
2138046464,2146435072,2138046464,2120220672,2129657856,2148532224,2145386496,2127560704,2135687168,2137784320,2480334001
2123366400,2146435072,2150629376,2128609280,2130706432,2147483648,2146435072,2127560704,2137260032,2138046464,2480350000
2136997888,2140143616,2140143616,2121269248,2130706432,2148532224,2146435072,2128609280,2134638592,2138570752,2480366001
2125463552,2142240768,2136997888,2125463552,2130706432,2148532224,2145386496,2127560704,2132541440,2138046464,2480382023
2131755008,2157969408,2151677952,2130706432,2130706432,2147483648,2145386496,2126512128,2143027200,2137522176,2480398023
2132803584,2154823680,2146435072,2130706432,2128609280,2146435072,2144337920,2126512128,2141192192,2136473600,2480414022
2119172096,2160066560,2152726528,2135949312,2129657856,2147483648,2144337920,2127560704,2141978624,2137260032,2480430022
2140143616,2141192192,2136997888,2119172096,2129657856,2147483648,2145386496,2127560704,2134376448,2137522176,2480446045
2129657856,2143289344,2141192192,2122317824,2130706432,2147483648,2146435072,2127560704,2134114304,2138046464,2480462045
2135949312,2152726528,2152726528,2132803584,2130706432,2147483648,2145386496,2127560704,2143551488,2137784320,2480478046
2130706432,2140143616,2136997888,2123366400,2129657856,2147483648,2145386496,2126512128,2132803584,2137260032,2480494045
2132803584,2143289344,2136997888,2122317824,2129657856,2146435072,2144337920,2126512128,2133852160,2136735744,2480510067
2121269248,2159017984,2156920832,2141192192,2129657856,2147483648,2144337920,2126512128,2144600064,2136997888,2480526069
2122317824,2164260864,2149580800,2141192192,2129657856,2148532224,2145386496,2128609280,2144337920,2138046464,2480542064
2134900736,2155872256,2150629376,2129657856,2129657856,2148532224,2146435072,2128609280,2142765056,2138308608,2480558068
2130706432,2159017984,2159017984,2136997888,2130706432,2147483648,2146435072,2128609280,2146435072,2138308608,2480574089
2123366400,2148532224,2151677952,2131755008,2130706432,2146435072,2145386496,2126512128,2138832896,2137260032,2480590087
2126512128,2152726528,2156920832,2136997888,2129657856,2147483648,2145386496,2127560704,2143289344,2137522176,2480606087
2128609280,2152726528,2151677952,2131755008,2129657856,2147483648,2143289344,2126512128,2141192192,2136735744,2480622088
2131755008,2161115136,2149580800,2132803584,2129657856,2147483648,2145386496,2127560704,2143813632,2137522176,2480638110
2136997888,2151677952,2140143616,2124414976,2130706432,2148532224,2146435072,2127560704,2138308608,2138308608,2480654107
2124414976,2163212288,2156920832,2140143616,2129657856,2148532224,2146435072,2128609280,2146172928,2138308608,2480671001
2124414976,2149580800,2153775104,2134900736,2129657856,2147483648,2144337920,2127560704,2140667904,2137260032,2480687001
2124414976,2157969408,2154823680,2141192192,2129657856,2146435072,2144337920,2126512128,2144600064,2136735744,2480703001
2141192192,2144337920,2144337920,2120220672,2129657856,2146435072,2144337920,2126512128,2137522176,2136735744,2480719024
2130706432,2151677952,2152726528,2121269248,2129657856,2147483648,2145386496,2127560704,2139095040,2137522176,2480735024
2124414976,2148532224,2148532224,2131755008,2129657856,2148532224,2146435072,2128609280,2138308608,2138308608,2480751024
2125463552,2157969408,2160066560,2139095040,2130706432,2148532224,2145386496,2128609280,2145648640,2138308608,2480767024
2142240768,2142240768,2138046464,2121269248,2130706432,2147483648,2145386496,2128609280,2135949312,2138046464,2480783044
2134900736,2154823680,2151677952,2136997888,2129657856,2148532224,2145386496,2127560704,2144600064,2137784320,2480799044
2143289344,2135949312,2136997888,2117074944,2129657856,2146435072,2144337920,2126512128,2133327872,2136735744,2480815046
2123366400,2161115136,2153775104,2135949312,2128609280,2147483648,2145386496,2127560704,2143551488,2137260032,2480831047
2123366400,2147483648,2147483648,2126512128,2130706432,2148532224,2146435072,2127560704,2136211456,2138308608,2480847068
2142240768,2140143616,2139095040,2121269248,2129657856,2149580800,2146435072,2129657856,2135687168,2138832896,2480863068
2135949312,2140143616,2138046464,2122317824,2129657856,2147483648,2145386496,2127560704,2134114304,2137522176,2480879066
2140143616,2140143616,2138046464,2119172096,2129657856,2147483648,2145386496,2126512128,2134376448,2137260032,2480895065
2130706432,2154823680,2153775104,2130706432,2129657856,2147483648,2144337920,2126512128,2142502912,2136997888,2480911088
2140143616,2149580800,2144337920,2121269248,2130706432,2146435072,2144337920,2126512128,2138832896,2136997888,2480927087
2123366400,2142240768,2139095040,2125463552,2130706432,2147483648,2145386496,2126512128,2132541440,2137522176,2480943088
2124414976,2160066560,2157969408,2141192192,2129657856,2147483648,2146435072,2128609280,2145910784,2138046464,2480959089
2126512128,2154823680,2153775104,2129657856,2130706432,2148532224,2146435072,2128609280,2141192192,2138570752,2480975110
2124414976,2145386496,2143289344,2126512128,2130706432,2146435072,2144337920,2126512128,2134900736,2136997888,2480991108
2133852160,2146435072,2149580800,2122317824,2128609280,2147483648,2145386496,2126512128,2138046464,2136997888,2481008001
2124414976,2154823680,2154823680,2131755008,2129657856,2147483648,2145386496,2126512128,2141454336,2137260032,2481024001
2128609280,2152726528,2154823680,2133852160,2129657856,2147483648,2145386496,2127560704,2142502912,2137522176,2481040001
2141192192,2141192192,2138046464,2122317824,2130706432,2148532224,2145386496,2128609280,2135687168,2138308608,2481056001
2124414976,2142240768,2140143616,2125463552,2130706432,2147483648,2145386496,2128609280,2133065728,2138046464,2481072024
2134900736,2146435072,2152726528,2123366400,2130706432,2147483648,2145386496,2127560704,2139357184,2137784320,2481088023
2136997888,2142240768,2146435072,2121269248,2129657856,2147483648,2144337920,2126512128,2136735744,2136997888,2481104024
2125463552,2142240768,2147483648,2122317824,2129657856,2146435072,2144337920,2126512128,2134376448,2136735744,2481120022
2130706432,2153775104,2151677952,2131755008,2130706432,2147483648,2144337920,2127560704,2141978624,2137522176,2481136044
2123366400,2146435072,2147483648,2129657856,2130706432,2147483648,2145386496,2128609280,2136735744,2138046464,2481152045
2126512128,2160066560,2157969408,2140143616,2129657856,2148532224,2145386496,2128609280,2146172928,2138046464,2481168046
2121269248,2154823680,2149580800,2136997888,2129657856,2149580800,2145386496,2128609280,2140667904,2138308608,2481184044
2123366400,2155872256,2155872256,2139095040,2128609280,2147483648,2144337920,2127560704,2143551488,2136997888,2481200067
2131755008,2141192192,2141192192,2119172096,2129657856,2147483648,2144337920,2126512128,2133327872,2136997888,2481216068
2126512128,2155872256,2159017984,2135949312,2129657856,2147483648,2144337920,2127560704,2144337920,2137260032,2481232066
2122317824,2151677952,2149580800,2134900736,2129657856,2148532224,2145386496,2128609280,2139619328,2138046464,2481248066
2129657856,2143289344,2140143616,2124414976,2130706432,2148532224,2146435072,2128609280,2134376448,2138570752,2481264088
2132803584,2151677952,2152726528,2126512128,2130706432,2147483648,2146435072,2127560704,2140930048,2138046464,2481280087
2141192192,2138046464,2136997888,2120220672,2129657856,2147483648,2145386496,2127560704,2134114304,2137522176,2481296088
2135949312,2144337920,2145386496,2118123520,2129657856,2147483648,2144337920,2126512128,2135949312,2136997888,2481312087
2138046464,2146435072,2138046464,2121269248,2130706432,2145386496,2143289344,2124414976,2135949312,2135949312,2481328108
2131755008,2155872256,2151677952,2131755008,2130706432,2148532224,2145386496,2128609280,2142765056,2138308608,2481345001
2135949312,2155872256,2150629376,2131755008,2130706432,2147483648,2146435072,2127560704,2143551488,2138046464,2481361001
2130706432,2160066560,2156920832,2140143616,2130706432,2147483648,2145386496,2127560704,2146959360,2137784320,2481377001
2123366400,2159017984,2157969408,2141192192,2129657856,2147483648,2144337920,2127560704,2145386496,2137260032,2481393001
2122317824,2151677952,2153775104,2132803584,2128609280,2145386496,2145386496,2125463552,2140143616,2136211456,2481409023
2131755008,2152726528,2149580800,2129657856,2128609280,2147483648,2144337920,2126512128,2140930048,2136735744,2481425024
2134900736,2140143616,2139095040,2121269248,2130706432,2147483648,2145386496,2127560704,2133852160,2137784320,2481441023
2122317824,2147483648,2147483648,2130706432,2130706432,2148532224,2146435072,2128609280,2136997888,2138570752,2481457024
2143289344,2145386496,2145386496,2120220672,2129657856,2148532224,2145386496,2129657856,2138570752,2138308608,2481473045
2133852160,2154823680,2152726528,2123366400,2130706432,2147483648,2145386496,2127560704,2141192192,2137784320,2481489046
2123366400,2141192192,2143289344,2122317824,2128609280,2146435072,2144337920,2126512128,2132541440,2136473600,2481505044
2126512128,2153775104,2150629376,2133852160,2129657856,2146435072,2144337920,2126512128,2141192192,2136735744,2481521047
2127560704,2159017984,2152726528,2132803584,2129657856,2147483648,2145386496,2127560704,2143027200,2137522176,2481537068
2123366400,2155872256,2155872256,2139095040,2129657856,2148532224,2145386496,2128609280,2143551488,2138046464,2481553068
2128609280,2157969408,2156920832,2132803584,2129657856,2149580800,2145386496,2129657856,2144075776,2138570752,2481569068
2126512128,2160066560,2152726528,2139095040,2130706432,2147483648,2146435072,2127560704,2144600064,2138046464,2481585067
2132803584,2140143616,2139095040,2119172096,2130706432,2146435072,2144337920,2125463552,2132803584,2136735744,2481601088
2122317824,2155872256,2156920832,2136997888,2129657856,2146435072,2144337920,2126512128,2143027200,2136735744,2481617088
2134900736,2138046464,2135949312,2117074944,2128609280,2147483648,2145386496,2126512128,2131492864,2136997888,2481633088
2124414976,2156920832,2144337920,2143289344,2129657856,2148532224,2145386496,2128609280,2142240768,2138046464,2481649088
2136997888,2140143616,2139095040,2121269248,2130706432,2148532224,2146435072,2128609280,2134376448,2138570752,2481665109
2141192192,2150629376,2139095040,2124414976,2129657856,2148532224,2145386496,2128609280,2138832896,2138046464,2481681110
2123366400,2148532224,2150629376,2129657856,2129657856,2146435072,2144337920,2126512128,2138046464,2136735744,2481698001
2122317824,2143289344,2154823680,2124414976,2128609280,2146435072,2144337920,2125463552,2136211456,2136211456,2481714001
2133852160,2143289344,2149580800,2119172096,2128609280,2147483648,2145386496,2126512128,2136473600,2136997888,2481730001
2122317824,2160066560,2147483648,2143289344,2130706432,2148532224,2145386496,2128609280,2143289344,2138308608,2481746025
2126512128,2160066560,2156920832,2138046464,2130706432,2148532224,2146435072,2128609280,2145386496,2138570752,2481762023
2131755008,2142240768,2142240768,2124414976,2130706432,2148532224,2146435072,2127560704,2135162880,2138308608,2481778022
2123366400,2159017984,2147483648,2142240768,2129657856,2147483648,2145386496,2126512128,2143027200,2137260032,2481794023
2122317824,2140143616,2147483648,2121269248,2128609280,2146435072,2144337920,2126512128,2132803584,2136473600,2481810046
2128609280,2154823680,2154823680,2128609280,2129657856,2146435072,2144337920,2125463552,2141716480,2136473600,2481826045
2127560704,2156920832,2157969408,2132803584,2129657856,2147483648,2146435072,2127560704,2143813632,2137784320,2481842045
2141192192,2146435072,2146435072,2122317824,2130706432,2148532224,2146435072,2127560704,2139095040,2138308608,2481858046
2143289344,2143289344,2140143616,2120220672,2130706432,2148532224,2145386496,2128609280,2136735744,2138308608,2481874066
2139095040,2141192192,2138046464,2119172096,2130706432,2147483648,2145386496,2126512128,2134376448,2137522176,2481890066
2136997888,2146435072,2149580800,2120220672,2129657856,2146435072,2144337920,2126512128,2138308608,2136735744,2481906066
2141192192,2141192192,2140143616,2118123520,2129657856,2146435072,2144337920,2126512128,2135162880,2136735744,2481922066
2123366400,2141192192,2139095040,2124414976,2129657856,2147483648,2145386496,2126512128,2132017152,2137260032,2481938087
2123366400,2143289344,2142240768,2128609280,2130706432,2147483648,2146435072,2128609280,2134376448,2138308608,2481954086
2130706432,2157969408,2159017984,2133852160,2130706432,2148532224,2146435072,2128609280,2145386496,2138570752,2481970088
2124414976,2148532224,2148532224,2129657856,2129657856,2148532224,2145386496,2127560704,2137784320,2137784320,2481986087
2134900736,2141192192,2138046464,2122317824,2129657856,2146435072,2144337920,2126512128,2134114304,2136735744,2482002110
2123366400,2144337920,2135949312,2129657856,2128609280,2147483648,2144337920,2126512128,2133327872,2136735744,2482018108
2132803584,2139095040,2139095040,2119172096,2129657856,2146435072,2145386496,2126512128,2132541440,2136997888,2482035001
2140143616,2153775104,2145386496,2130706432,2129657856,2148532224,2146435072,2128609280,2142502912,2138308608,2482051001
2130706432,2154823680,2157969408,2136997888,2130706432,2148532224,2146435072,2127560704,2145124352,2138308608,2482067001
2131755008,2155872256,2150629376,2131755008,2130706432,2147483648,2145386496,2127560704,2142502912,2137784320,2482083000
2131755008,2141192192,2139095040,2122317824,2129657856,2147483648,2144337920,2126512128,2133590016,2136997888,2482099023
2129657856,2141192192,2139095040,2122317824,2128609280,2147483648,2144337920,2126512128,2133065728,2136735744,2482115024
2140143616,2142240768,2139095040,2117074944,2129657856,2146435072,2144337920,2125463552,2134638592,2136473600,2482131025
2132803584,2141192192,2139095040,2124414976,2129657856,2147483648,2146435072,2127560704,2134376448,2137784320,2482147023
2123366400,2160066560,2149580800,2143289344,2130706432,2148532224,2146435072,2127560704,2144075776,2138308608,2482163045
2123366400,2147483648,2149580800,2130706432,2130706432,2147483648,2145386496,2127560704,2137784320,2137784320,2482179046
2139095040,2150629376,2142240768,2134900736,2129657856,2146435072,2145386496,2126512128,2141716480,2136997888,2482195046
2133852160,2141192192,2134900736,2121269248,2129657856,2146435072,2144337920,2125463552,2132803584,2136473600,2482211045
2127560704,2141192192,2141192192,2122317824,2129657856,2147483648,2144337920,2126512128,2133065728,2136997888,2482227068
2133852160,2141192192,2139095040,2122317824,2130706432,2147483648,2145386496,2127560704,2134114304,2137784320,2482243069
2124414976,2160066560,2151677952,2144337920,2129657856,2149580800,2146435072,2129657856,2145124352,2138832896,2482259066
2123366400,2147483648,2143289344,2134900736,2129657856,2148532224,2145386496,2128609280,2137260032,2138046464,2482275065
2136997888,2140143616,2136997888,2121269248,2129657856,2147483648,2145386496,2127560704,2133852160,2137522176,2482291089
2122317824,2155872256,2153775104,2138046464,2129657856,2146435072,2143289344,2125463552,2142502912,2136211456,2482307087
2123366400,2147483648,2151677952,2130706432,2128609280,2146435072,2144337920,2125463552,2138308608,2136211456,2482323088
2143289344,2136997888,2139095040,2117074944,2129657856,2147483648,2145386496,2127560704,2134114304,2137522176,2482339088
2142240768,2141192192,2146435072,2122317824,2130706432,2147483648,2145386496,2127560704,2138046464,2137784320,2482355112
2121269248,2161115136,2154823680,2138046464,2130706432,2148532224,2145386496,2128609280,2143813632,2138308608,2482372001
2121269248,2142240768,2147483648,2125463552,2130706432,2147483648,2145386496,2127560704,2134114304,2137784320,2482388001
2125463552,2151677952,2155872256,2132803584,2129657856,2147483648,2144337920,2126512128,2141454336,2136997888,2482404001
2121269248,2140143616,2142240768,2121269248,2128609280,2147483648,2144337920,2127560704,2131230720,2136997888,2482420001
2122317824,2142240768,2148532224,2126512128,2129657856,2147483648,2145386496,2127560704,2134900736,2137522176,2482436026
2134900736,2152726528,2151677952,2133852160,2130706432,2147483648,2146435072,2127560704,2143289344,2138046464,2482452024
2141192192,2141192192,2139095040,2119172096,2130706432,2148532224,2146435072,2128609280,2135162880,2138570752,2482468024
2127560704,2154823680,2156920832,2136997888,2129657856,2147483648,2146435072,2127560704,2144075776,2137784320,2482484023
2125463552,2156920832,2154823680,2136997888,2128609280,2147483648,2144337920,2126512128,2143551488,2136735744,2482500046
2138046464,2138046464,2135949312,2120220672,2129657856,2145386496,2143289344,2125463552,2133065728,2135949312,2482516046
2132803584,2138046464,2139095040,2117074944,2129657856,2147483648,2145386496,2127560704,2131755008,2137522176,2482532045
2129657856,2141192192,2139095040,2122317824,2130706432,2148532224,2145386496,2128609280,2133065728,2138308608,2482548045
2135949312,2139095040,2140143616,2119172096,2130706432,2148532224,2146435072,2128609280,2133590016,2138570752,2482564069
2123366400,2143289344,2147483648,2125463552,2130706432,2146435072,2145386496,2127560704,2134900736,2137522176,2482580068
2129657856,2157969408,2148532224,2131755008,2129657856,2146435072,2144337920,2126512128,2141978624,2136735744,2482596064
2122317824,2147483648,2140143616,2128609280,2129657856,2147483648,2144337920,2126512128,2134638592,2136997888,2482612066
2123366400,2156920832,2154823680,2136997888,2128609280,2146435072,2144337920,2126512128,2143027200,2136473600,2482628088
2140143616,2138046464,2138046464,2119172096,2129657856,2148532224,2144337920,2127560704,2133852160,2137522176,2482644086
2135949312,2138046464,2138046464,2123366400,2131755008,2147483648,2145386496,2128609280,2133852160,2138308608,2482660085
2141192192,2148532224,2139095040,2129657856,2130706432,2148532224,2145386496,2127560704,2139619328,2138046464,2482676089
2142240768,2140143616,2138046464,2121269248,2129657856,2147483648,2144337920,2127560704,2135425024,2137260032,2482692108
2138046464,2154823680,2146435072,2128609280,2128609280,2147483648,2144337920,2127560704,2141978624,2136997888,2482708109
2122317824,2157969408,2154823680,2134900736,2129657856,2147483648,2144337920,2127560704,2142502912,2137260032,2482725000
2122317824,2145386496,2143289344,2126512128,2129657856,2147483648,2145386496,2127560704,2134376448,2137522176,2482741001
2126512128,2142240768,2136997888,2125463552,2130706432,2148532224,2145386496,2128609280,2132803584,2138308608,2482757001
2132803584,2143289344,2140143616,2124414976,2129657856,2148532224,2146435072,2129657856,2135162880,2138570752,2482773023
2132803584,2155872256,2153775104,2135949312,2129657856,2147483648,2145386496,2127560704,2144600064,2137522176,2482789022
2132803584,2152726528,2150629376,2129657856,2129657856,2146435072,2144337920,2126512128,2141454336,2136735744,2482805023
2122317824,2151677952,2147483648,2132803584,2128609280,2147483648,2145386496,2127560704,2138570752,2137260032,2482821024
2120220672,2147483648,2145386496,2130706432,2129657856,2147483648,2145386496,2127560704,2135949312,2137522176,2482837046
2125463552,2143289344,2142240768,2124414976,2130706432,2147483648,2145386496,2127560704,2133852160,2137784320,2482853043
2141192192,2151677952,2144337920,2125463552,2130706432,2148532224,2146435072,2128609280,2140667904,2138570752,2482869045
2123366400,2147483648,2147483648,2130706432,2128609280,2148532224,2145386496,2128609280,2137260032,2137784320,2482885045
2125463552,2144337920,2139095040,2128609280,2128609280,2148532224,2145386496,2127560704,2134376448,2137522176,2482901066
2121269248,2141192192,2147483648,2123366400,2129657856,2146435072,2144337920,2125463552,2133327872,2136473600,2482917066
2122317824,2147483648,2143289344,2130706432,2129657856,2147483648,2145386496,2126512128,2135949312,2137260032,2482933067
2138046464,2141192192,2140143616,2121269248,2129657856,2147483648,2146435072,2127560704,2135162880,2137784320,2482949068
2125463552,2143289344,2139095040,2125463552,2130706432,2148532224,2146435072,2127560704,2133327872,2138308608,2482965089
2135949312,2153775104,2152726528,2128609280,2129657856,2147483648,2145386496,2127560704,2142765056,2137522176,2482981087
2129657856,2156920832,2154823680,2133852160,2128609280,2147483648,2144337920,2127560704,2143813632,2136997888,2482997088
2139095040,2141192192,2138046464,2118123520,2129657856,2146435072,2144337920,2125463552,2134114304,2136473600,2483013089
2133852160,2151677952,2151677952,2128609280,2129657856,2146435072,2145386496,2126512128,2141454336,2136997888,2483029108
2135949312,2139095040,2138046464,2119172096,2129657856,2147483648,2144337920,2127560704,2133065728,2137260032,2483045109
2123366400,2156920832,2160066560,2136997888,2129657856,2149580800,2146435072,2128609280,2144337920,2138570752,2483062001
2123366400,2142240768,2148532224,2126512128,2129657856,2147483648,2146435072,2127560704,2135162880,2137784320,2483078001
2125463552,2143289344,2145386496,2126512128,2129657856,2147483648,2145386496,2126512128,2135162880,2137260032,2483094001
2132803584,2144337920,2136997888,2120220672,2129657856,2145386496,2143289344,2125463552,2133590016,2135949312,2483110001
2136997888,2141192192,2136997888,2118123520,2129657856,2147483648,2144337920,2127560704,2133327872,2137260032,2483126023
2125463552,2157969408,2159017984,2141192192,2129657856,2147483648,2145386496,2127560704,2145910784,2137522176,2483142024
2124414976,2160066560,2157969408,2140143616,2130706432,2147483648,2145386496,2127560704,2145648640,2137784320,2483158022
2127560704,2157969408,2157969408,2141192192,2129657856,2147483648,2146435072,2127560704,2146172928,2137784320,2483174023
2140143616,2150629376,2140143616,2132803584,2130706432,2147483648,2143289344,2127560704,2140930048,2137260032,2483190046
2142240768,2152726528,2138046464,2127560704,2129657856,2147483648,2145386496,2126512128,2140143616,2137260032,2483206045
2126512128,2153775104,2154823680,2136997888,2129657856,2147483648,2144337920,2125463552,2143027200,2136735744,2483222044
2122317824,2148532224,2148532224,2131755008,2130706432,2146435072,2144337920,2125463552,2137784320,2136735744,2483238044
2142240768,2146435072,2138046464,2121269248,2130706432,2148532224,2145386496,2128609280,2136997888,2138308608,2483254067
2127560704,2159017984,2159017984,2135949312,2130706432,2148532224,2146435072,2128609280,2145386496,2138570752,2483270067
2140143616,2143289344,2138046464,2122317824,2129657856,2147483648,2144337920,2126512128,2135949312,2136997888,2483286068
2123366400,2142240768,2139095040,2125463552,2129657856,2146435072,2144337920,2126512128,2132541440,2136735744,2483302064
2122317824,2140143616,2138046464,2125463552,2129657856,2146435072,2144337920,2126512128,2131492864,2136735744,2483318088
2122317824,2145386496,2147483648,2126512128,2128609280,2147483648,2145386496,2126512128,2135425024,2136997888,2483334086
2136997888,2142240768,2144337920,2122317824,2130706432,2147483648,2145386496,2127560704,2136473600,2137784320,2483350088
2141192192,2151677952,2142240768,2125463552,2130706432,2148532224,2145386496,2128609280,2140143616,2138308608,2483366085
2123366400,2161115136,2155872256,2142240768,2129657856,2148532224,2146435072,2128609280,2145648640,2138308608,2483382109
2129657856,2142240768,2145386496,2121269248,2129657856,2147483648,2144337920,2126512128,2134638592,2136997888,2483399001
2119172096,2153775104,2139095040,2136997888,2129657856,2146435072,2144337920,2126512128,2137260032,2136735744,2483415001
2129657856,2155872256,2149580800,2131755008,2129657856,2147483648,2145386496,2126512128,2141716480,2137260032,2483431001
2124414976,2147483648,2151677952,2130706432,2130706432,2147483648,2145386496,2127560704,2138570752,2137784320,2483447001
2123366400,2147483648,2145386496,2129657856,2130706432,2148532224,2145386496,2128609280,2136473600,2138308608,2483463024
2141192192,2142240768,2139095040,2122317824,2129657856,2148532224,2145386496,2128609280,2136211456,2138046464,2483479023
2127560704,2154823680,2152726528,2125463552,2130706432,2146435072,2144337920,2126512128,2140143616,2136997888,2483495023
2139095040,2142240768,2146435072,2122317824,2128609280,2146435072,2144337920,2125463552,2137522176,2136211456,2483511024
2123366400,2154823680,2156920832,2138046464,2129657856,2147483648,2145386496,2126512128,2143289344,2137260032,2483527046
2124414976,2157969408,2153775104,2133852160,2130706432,2147483648,2145386496,2126512128,2142502912,2137522176,2483543045
2130706432,2157969408,2154823680,2131755008,2130706432,2148532224,2146435072,2128609280,2143813632,2138570752,2483559047
2141192192,2143289344,2144337920,2120220672,2130706432,2147483648,2145386496,2127560704,2137260032,2137784320,2483575048
2144337920,2141192192,2139095040,2119172096,2129657856,2147483648,2144337920,2126512128,2135949312,2136997888,2483591066
2127560704,2138046464,2139095040,2121269248,2128609280,2146435072,2144337920,2125463552,2131492864,2136211456,2483607068
2129657856,2152726528,2146435072,2128609280,2129657856,2146435072,2144337920,2125463552,2139357184,2136473600,2483623065
2133852160,2142240768,2136997888,2120220672,2129657856,2147483648,2144337920,2127560704,2133327872,2137260032,2483639067
2123366400,2141192192,2139095040,2124414976,2130706432,2147483648,2146435072,2127560704,2132017152,2138046464,2483655088
2135949312,2152726528,2146435072,2129657856,2130706432,2148532224,2146435072,2128609280,2141192192,2138570752,2483671087
2121269248,2147483648,2147483648,2130706432,2129657856,2147483648,2145386496,2126512128,2136735744,2137260032,2483687087
2121269248,2147483648,2140143616,2130706432,2129657856,2146435072,2144337920,2125463552,2134900736,2136473600,2483703091
2128609280,2154823680,2150629376,2135949312,2129657856,2146435072,2145386496,2125463552,2142502912,2136735744,2483719109
2139095040,2159017984,2146435072,2129657856,2130706432,2146435072,2144337920,2125463552,2143551488,2136735744,2483735108
2143289344,2144337920,2146435072,2120220672,2131755008,2147483648,2145386496,2127560704,2138570752,2138046464,2483752001
2125463552,2149580800,2141192192,2131755008,2130706432,2148532224,2145386496,2127560704,2136997888,2138046464,2483768001
2123366400,2147483648,2147483648,2130706432,2129657856,2148532224,2145386496,2128609280,2137260032,2138046464,2483784001
2123366400,2163212288,2151677952,2143289344,2129657856,2147483648,2144337920,2126512128,2145386496,2136997888,2483800024
2124414976,2156920832,2156920832,2135949312,2128609280,2146435072,2144337920,2126512128,2143551488,2136473600,2483816023
2124414976,2154823680,2159017984,2128609280,2128609280,2147483648,2145386496,2127560704,2141716480,2137260032,2483832024
2124414976,2151677952,2151677952,2135949312,2130706432,2148532224,2145386496,2127560704,2140930048,2138046464,2483848025
2123366400,2155872256,2152726528,2136997888,2130706432,2148532224,2145386496,2128609280,2142240768,2138308608,2483864045
2121269248,2147483648,2140143616,2131755008,2128609280,2148532224,2145386496,2128609280,2135162880,2137784320,2483880044
2138046464,2141192192,2139095040,2122317824,2129657856,2147483648,2145386496,2126512128,2135162880,2137260032,2483896044
2135949312,2138046464,2138046464,2119172096,2129657856,2146435072,2144337920,2126512128,2132803584,2136735744,2483912045
2124414976,2149580800,2153775104,2130706432,2129657856,2146435072,2145386496,2125463552,2139619328,2136735744,2483928067
2134900736,2139095040,2139095040,2119172096,2129657856,2147483648,2145386496,2127560704,2133065728,2137522176,2483944067
2123366400,2147483648,2148532224,2130706432,2130706432,2149580800,2145386496,2128609280,2137522176,2138570752,2483960067
2133852160,2153775104,2150629376,2123366400,2131755008,2148532224,2145386496,2128609280,2140405760,2138570752,2483976068
2139095040,2153775104,2146435072,2129657856,2129657856,2147483648,2145386496,2126512128,2142240768,2137260032,2483992086
2136997888,2141192192,2138046464,2120220672,2129657856,2145386496,2144337920,2125463552,2134114304,2136211456,2484008085
2124414976,2156920832,2154823680,2135949312,2128609280,2147483648,2145386496,2127560704,2143027200,2137260032,2484024088
2132803584,2140143616,2142240768,2120220672,2129657856,2147483648,2145386496,2126512128,2133852160,2137260032,2484040088
2126512128,2152726528,2157969408,2129657856,2130706432,2148532224,2146435072,2128609280,2141716480,2138570752,2484056110
2127560704,2154823680,2155872256,2133852160,2129657856,2148532224,2146435072,2128609280,2143027200,2138308608,2484072108
2122317824,2148532224,2144337920,2134900736,2130706432,2147483648,2145386496,2126512128,2137522176,2137522176,2484089001
2123366400,2145386496,2139095040,2128609280,2128609280,2147483648,2144337920,2127560704,2134114304,2136997888,2484105001
2131755008,2138046464,2141192192,2120220672,2128609280,2146435072,2144337920,2125463552,2132803584,2136211456,2484121001
2122317824,2153775104,2140143616,2132803584,2129657856,2146435072,2144337920,2126512128,2137260032,2136735744,2484137001
2141192192,2142240768,2146435072,2119172096,2131755008,2147483648,2145386496,2127560704,2137260032,2138046464,2484153023
2125463552,2159017984,2159017984,2139095040,2129657856,2148532224,2145386496,2129657856,2145648640,2138308608,2484169024
2138046464,2138046464,2140143616,2121269248,2129657856,2148532224,2146435072,2127560704,2134376448,2138046464,2484185023
2136997888,2139095040,2138046464,2118123520,2128609280,2148532224,2145386496,2127560704,2133065728,2137522176,2484201023
2134900736,2136997888,2136997888,2121269248,2128609280,2146435072,2143289344,2126512128,2132541440,2136211456,2484217047
2138046464,2140143616,2138046464,2119172096,2129657856,2147483648,2144337920,2126512128,2133852160,2136997888,2484233045
2126512128,2160066560,2150629376,2143289344,2129657856,2147483648,2146435072,2127560704,2145124352,2137784320,2484249045
2127560704,2160066560,2154823680,2139095040,2130706432,2147483648,2145386496,2127560704,2145386496,2137784320,2484265044
2134900736,2141192192,2139095040,2124414976,2129657856,2147483648,2145386496,2127560704,2134900736,2137522176,2484281066
2122317824,2147483648,2143289344,2130706432,2129657856,2147483648,2144337920,2127560704,2135949312,2137260032,2484297066
2127560704,2143289344,2139095040,2122317824,2129657856,2147483648,2144337920,2126512128,2133065728,2136997888,2484313068
2135949312,2138046464,2138046464,2118123520,2129657856,2147483648,2145386496,2126512128,2132541440,2137260032,2484329064
2138046464,2139095040,2136997888,2119172096,2129657856,2148532224,2146435072,2127560704,2133327872,2138046464,2484345090
2142240768,2140143616,2138046464,2121269248,2130706432,2148532224,2145386496,2128609280,2135425024,2138308608,2484361089
2125463552,2163212288,2156920832,2139095040,2130706432,2147483648,2145386496,2128609280,2146172928,2138046464,2484377089
2123366400,2147483648,2147483648,2128609280,2129657856,2148532224,2145386496,2127560704,2136735744,2137784320,2484393086
2119172096,2148532224,2147483648,2131755008,2129657856,2147483648,2144337920,2125463552,2136735744,2136735744,2484409111
2142240768,2138046464,2139095040,2120220672,2128609280,2149580800,2145386496,2128609280,2134900736,2138046464,2484426001
2136997888,2141192192,2138046464,2119172096,2129657856,2147483648,2145386496,2127560704,2133852160,2137522176,2484442001
2126512128,2159017984,2160066560,2138046464,2130706432,2148532224,2145386496,2128609280,2145910784,2138308608,2484458001
2141192192,2143289344,2146435072,2119172096,2130706432,2147483648,2146435072,2127560704,2137522176,2138046464,2484474001
2123366400,2160066560,2154823680,2135949312,2129657856,2147483648,2144337920,2127560704,2143551488,2137260032,2484490022
2122317824,2147483648,2143289344,2129657856,2129657856,2147483648,2144337920,2126512128,2135687168,2136997888,2484506024
2139095040,2140143616,2138046464,2118123520,2130706432,2146435072,2144337920,2126512128,2133852160,2136997888,2484522022
2128609280,2153775104,2152726528,2131755008,2130706432,2146435072,2145386496,2127560704,2141716480,2137522176,2484538025
2140143616,2151677952,2138046464,2121269248,2130706432,2148532224,2145386496,2127560704,2137784320,2138046464,2484554045
2139095040,2144337920,2143289344,2122317824,2130706432,2148532224,2145386496,2128609280,2137260032,2138308608,2484570047
2138046464,2154823680,2140143616,2123366400,2129657856,2147483648,2145386496,2127560704,2139095040,2137522176,2484586044
2140143616,2146435072,2136997888,2120220672,2129657856,2147483648,2145386496,2126512128,2135949312,2137260032,2484602047
2135949312,2138046464,2135949312,2119172096,2129657856,2146435072,2144337920,2125463552,2132279296,2136473600,2484618066
2134900736,2141192192,2138046464,2119172096,2129657856,2147483648,2145386496,2127560704,2133327872,2137522176,2484634069
2123366400,2144337920,2152726528,2127560704,2130706432,2148532224,2145386496,2127560704,2136997888,2138046464,2484650064
2121269248,2149580800,2147483648,2132803584,2130706432,2147483648,2145386496,2128609280,2137784320,2138046464,2484666066
2139095040,2153775104,2142240768,2131755008,2129657856,2148532224,2145386496,2128609280,2141716480,2138046464,2484682087
2122317824,2159017984,2147483648,2141192192,2129657856,2147483648,2143289344,2126512128,2142502912,2136735744,2484698088
2132803584,2139095040,2134900736,2117074944,2129657856,2146435072,2143289344,2125463552,2130968576,2136211456,2484714087
2121269248,2159017984,2154823680,2135949312,2127560704,2148532224,2145386496,2128609280,2142765056,2137522176,2484730088
2143289344,2145386496,2139095040,2122317824,2131755008,2147483648,2145386496,2126512128,2137522176,2137784320,2484746109
2138046464,2146435072,2138046464,2122317824,2131755008,2148532224,2145386496,2128609280,2136211456,2138570752,2484762111
2124414976,2147483648,2142240768,2127560704,2130706432,2148532224,2146435072,2127560704,2135425024,2138308608,2484779001
2131755008,2152726528,2149580800,2129657856,2129657856,2147483648,2145386496,2126512128,2140930048,2137260032,2484795001
2122317824,2148532224,2145386496,2131755008,2129657856,2147483648,2143289344,2126512128,2136997888,2136735744,2484811001
2123366400,2142240768,2143289344,2125463552,2129657856,2146435072,2144337920,2126512128,2133590016,2136735744,2484827024
2136997888,2141192192,2135949312,2118123520,2130706432,2148532224,2145386496,2127560704,2133065728,2138046464,2484843024
2143289344,2140143616,2136997888,2120220672,2130706432,2148532224,2146435072,2128609280,2135162880,2138570752,2484859023
2142240768,2140143616,2140143616,2117074944,2130706432,2147483648,2145386496,2128609280,2134900736,2138046464,2484875024
2138046464,2140143616,2141192192,2121269248,2130706432,2147483648,2146435072,2126512128,2135162880,2137784320,2484891046
2140143616,2146435072,2136997888,2121269248,2129657856,2146435072,2144337920,2125463552,2136211456,2136473600,2484907045
2124414976,2151677952,2157969408,2134900736,2129657856,2146435072,2144337920,2125463552,2142240768,2136473600,2484923045
2139095040,2153775104,2142240768,2129657856,2130706432,2146435072,2144337920,2126512128,2141192192,2136997888,2484939047
2128609280,2138046464,2140143616,2123366400,2130706432,2147483648,2147483648,2127560704,2132541440,2138308608,2484955067
2122317824,2156920832,2144337920,2142240768,2130706432,2148532224,2146435072,2128609280,2141454336,2138570752,2484971065
2121269248,2148532224,2147483648,2132803584,2129657856,2147483648,2145386496,2127560704,2137522176,2137522176,2484987068
2133852160,2156920832,2148532224,2131755008,2129657856,2147483648,2144337920,2126512128,2142765056,2136997888,2485003066
2121269248,2156920832,2160066560,2138046464,2128609280,2147483648,2145386496,2126512128,2144075776,2136997888,2485019089
2122317824,2143289344,2143289344,2123366400,2129657856,2147483648,2145386496,2126512128,2133065728,2137260032,2485035086
2131755008,2160066560,2149580800,2134900736,2130706432,2148532224,2145386496,2128609280,2144075776,2138308608,2485051089
2128609280,2143289344,2141192192,2122317824,2130706432,2147483648,2146435072,2128609280,2133852160,2138308608,2485067089
2133852160,2155872256,2153775104,2133852160,2130706432,2148532224,2145386496,2128609280,2144337920,2138308608,2485083109
2129657856,2141192192,2139095040,2124414976,2129657856,2148532224,2145386496,2127560704,2133590016,2137784320,2485099106
2132803584,2152726528,2149580800,2124414976,2129657856,2146435072,2144337920,2126512128,2139881472,2136735744,2485116001
2131755008,2139095040,2133852160,2119172096,2128609280,2147483648,2145386496,2127560704,2130968576,2137260032,2485132001
2140143616,2142240768,2140143616,2122317824,2129657856,2148532224,2145386496,2128609280,2136211456,2138046464,2485148001
2132803584,2141192192,2136997888,2120220672,2130706432,2149580800,2145386496,2129657856,2132803584,2138832896,2485164000
2136997888,2144337920,2140143616,2124414976,2130706432,2147483648,2146435072,2127560704,2136473600,2138046464,2485180023
2135949312,2144337920,2146435072,2119172096,2129657856,2147483648,2144337920,2126512128,2136473600,2136997888,2485196024
2139095040,2140143616,2146435072,2117074944,2129657856,2146435072,2144337920,2126512128,2135687168,2136735744,2485212022
2125463552,2159017984,2154823680,2136997888,2129657856,2146435072,2143289344,2125463552,2144075776,2136211456,2485228022
2125463552,2148532224,2155872256,2131755008,2130706432,2148532224,2145386496,2127560704,2140405760,2138046464,2485244045
2126512128,2160066560,2157969408,2133852160,2130706432,2148532224,2145386496,2128609280,2144600064,2138308608,2485260045
2122317824,2147483648,2139095040,2132803584,2129657856,2147483648,2145386496,2127560704,2135425024,2137522176,2485276045
2121269248,2142240768,2148532224,2127560704,2129657856,2146435072,2146435072,2126512128,2134900736,2137260032,2485292047
2122317824,2151677952,2153775104,2134900736,2128609280,2146435072,2144337920,2126512128,2140667904,2136473600,2485308067
2122317824,2146435072,2140143616,2128609280,2129657856,2147483648,2144337920,2126512128,2134376448,2136997888,2485324068
2142240768,2139095040,2136997888,2117074944,2130706432,2146435072,2144337920,2126512128,2133852160,2136997888,2485340067
2143289344,2146435072,2141192192,2121269248,2130706432,2148532224,2146435072,2128609280,2138046464,2138570752,2485356065
2142240768,2141192192,2140143616,2120220672,2130706432,2148532224,2146435072,2127560704,2135949312,2138308608,2485372086
2132803584,2144337920,2136997888,2122317824,2129657856,2147483648,2144337920,2126512128,2134114304,2136997888,2485388089
2131755008,2146435072,2146435072,2122317824,2129657856,2146435072,2144337920,2125463552,2136735744,2136473600,2485404088
2122317824,2150629376,2153775104,2133852160,2128609280,2147483648,2143289344,2126512128,2140143616,2136473600,2485420086
2136997888,2142240768,2146435072,2121269248,2130706432,2147483648,2145386496,2126512128,2136735744,2137522176,2485436109
2121269248,2157969408,2147483648,2141192192,2129657856,2148532224,2145386496,2128609280,2141978624,2138046464,2485453001
2125463552,2159017984,2159017984,2136997888,2130706432,2148532224,2145386496,2128609280,2145124352,2138308608,2485469001
2140143616,2139095040,2139095040,2119172096,2129657856,2147483648,2146435072,2127560704,2134376448,2137784320,2485485001
2125463552,2143289344,2135949312,2126512128,2129657856,2146435072,2145386496,2125463552,2132803584,2136735744,2485501001
2132803584,2155872256,2152726528,2129657856,2128609280,2147483648,2144337920,2126512128,2142765056,2136735744,2485517023
2124414976,2151677952,2138046464,2132803584,2129657856,2147483648,2145386496,2126512128,2136735744,2137260032,2485533022
2139095040,2146435072,2151677952,2122317824,2130706432,2147483648,2145386496,2127560704,2139881472,2137784320,2485549023
2138046464,2142240768,2140143616,2121269248,2130706432,2148532224,2146435072,2128609280,2135425024,2138570752,2485565023
2134900736,2138046464,2139095040,2120220672,2131755008,2147483648,2144337920,2127560704,2133065728,2137784320,2485581045
2123366400,2155872256,2143289344,2141192192,2129657856,2146435072,2144337920,2126512128,2140930048,2136735744,2485597046
2140143616,2140143616,2140143616,2121269248,2129657856,2146435072,2144337920,2126512128,2135425024,2136735744,2485613044
2135949312,2141192192,2136997888,2122317824,2129657856,2147483648,2144337920,2127560704,2134114304,2137260032,2485629047
2123366400,2145386496,2139095040,2127560704,2130706432,2147483648,2145386496,2127560704,2133852160,2137784320,2485645068
2123366400,2155872256,2147483648,2136997888,2130706432,2148532224,2146435072,2128609280,2140930048,2138570752,2485661066
2127560704,2154823680,2153775104,2131755008,2129657856,2148532224,2145386496,2128609280,2141978624,2138046464,2485677066
2123366400,2147483648,2147483648,2131755008,2130706432,2147483648,2144337920,2126512128,2137522176,2137260032,2485693069
2142240768,2138046464,2136997888,2120220672,2128609280,2147483648,2143289344,2126512128,2134376448,2136473600,2485709089
2122317824,2155872256,2154823680,2141192192,2129657856,2147483648,2144337920,2127560704,2143551488,2137260032,2485725087
2132803584,2154823680,2150629376,2131755008,2130706432,2147483648,2144337920,2127560704,2142502912,2137522176,2485741085
2122317824,2147483648,2140143616,2130706432,2129657856,2148532224,2145386496,2128609280,2135162880,2138046464,2485757090
2134900736,2155872256,2149580800,2132803584,2130706432,2148532224,2146435072,2128609280,2143289344,2138570752,2485773109
2136997888,2141192192,2139095040,2122317824,2129657856,2148532224,2145386496,2127560704,2134900736,2137784320,2485789111
2135949312,2150629376,2144337920,2133852160,2129657856,2146435072,2143289344,2126512128,2141192192,2136473600,2485806001
2128609280,2157969408,2148532224,2131755008,2128609280,2147483648,2144337920,2126512128,2141716480,2136735744,2485822001
2127560704,2155872256,2153775104,2134900736,2129657856,2148532224,2145386496,2128609280,2143027200,2138046464,2485838001
2123366400,2161115136,2156920832,2138046464,2130706432,2148532224,2146435072,2127560704,2144862208,2138308608,2485854024
2135949312,2140143616,2138046464,2121269248,2129657856,2147483648,2146435072,2128609280,2133852160,2138046464,2485870023
2129657856,2141192192,2136997888,2126512128,2130706432,2146435072,2144337920,2127560704,2133590016,2137260032,2485886024
2133852160,2139095040,2139095040,2119172096,2129657856,2146435072,2143289344,2125463552,2132803584,2136211456,2485902023
2129657856,2143289344,2135949312,2126512128,2128609280,2147483648,2144337920,2126512128,2133852160,2136735744,2485918044
2123366400,2156920832,2154823680,2139095040,2129657856,2147483648,2145386496,2127560704,2143551488,2137522176,2485934046
2126512128,2149580800,2153775104,2133852160,2129657856,2148532224,2145386496,2128609280,2140930048,2138046464,2485950046
2122317824,2154823680,2151677952,2138046464,2130706432,2148532224,2145386496,2128609280,2141716480,2138308608,2485966045
2122317824,2153775104,2147483648,2136997888,2129657856,2148532224,2145386496,2127560704,2140143616,2137784320,2485982066
2131755008,2152726528,2153775104,2134900736,2129657856,2147483648,2144337920,2127560704,2143289344,2137260032,2485998065
2123366400,2159017984,2160066560,2135949312,2128609280,2148532224,2145386496,2127560704,2144600064,2137522176,2486014067
2136997888,2157969408,2146435072,2127560704,2129657856,2147483648,2144337920,2126512128,2142240768,2136997888,2486030066
2126512128,2153775104,2154823680,2129657856,2130706432,2147483648,2145386496,2127560704,2141192192,2137784320,2486046087
2122317824,2147483648,2140143616,2130706432,2129657856,2148532224,2145386496,2128609280,2135162880,2138046464,2486062086
2142240768,2138046464,2139095040,2121269248,2130706432,2148532224,2146435072,2128609280,2135162880,2138570752,2486078089
2142240768,2139095040,2140143616,2117074944,2130706432,2146435072,2144337920,2125463552,2134638592,2136735744,2486094088
2132803584,2154823680,2149580800,2128609280,2128609280,2146435072,2144337920,2126512128,2141454336,2136473600,2486110109
2141192192,2140143616,2138046464,2120220672,2129657856,2146435072,2144337920,2126512128,2134900736,2136735744,2486126107
2144337920,2143289344,2139095040,2122317824,2130706432,2147483648,2145386496,2127560704,2137260032,2137784320,2486143001
2134900736,2143289344,2139095040,2122317824,2130706432,2147483648,2145386496,2127560704,2134900736,2137784320,2486159001
2126512128,2142240768,2139095040,2126512128,2130706432,2148532224,2146435072,2128609280,2133590016,2138570752,2486175001
2123366400,2159017984,2154823680,2138046464,2130706432,2147483648,2146435072,2127560704,2143813632,2138046464,2486191001
2136997888,2146435072,2150629376,2124414976,2129657856,2147483648,2144337920,2126512128,2139619328,2136997888,2486207024
2131755008,2138046464,2135949312,2121269248,2129657856,2147483648,2144337920,2126512128,2131755008,2136997888,2486223023
2129657856,2138046464,2144337920,2121269248,2129657856,2147483648,2145386496,2127560704,2133327872,2137522176,2486239023
2122317824,2147483648,2143289344,2130706432,2130706432,2147483648,2145386496,2127560704,2135949312,2137784320,2486255023
2139095040,2143289344,2139095040,2120220672,2130706432,2148532224,2145386496,2128609280,2135425024,2138308608,2486271045
2130706432,2153775104,2151677952,2129657856,2130706432,2147483648,2145386496,2126512128,2141454336,2137522176,2486287046
2138046464,2138046464,2138046464,2121269248,2129657856,2147483648,2144337920,2126512128,2133852160,2136997888,2486303045
2123366400,2147483648,2151677952,2130706432,2129657856,2147483648,2144337920,2126512128,2138308608,2136997888,2486319044
2134900736,2141192192,2139095040,2122317824,2129657856,2147483648,2145386496,2126512128,2134376448,2137260032,2486335066
2125463552,2143289344,2139095040,2126512128,2129657856,2148532224,2145386496,2128609280,2133590016,2138046464,2486351067
2125463552,2144337920,2143289344,2126512128,2130706432,2148532224,2145386496,2128609280,2134900736,2138308608,2486367068
2139095040,2151677952,2144337920,2123366400,2129657856,2148532224,2145386496,2128609280,2139619328,2138046464,2486383066
2122317824,2142240768,2147483648,2125463552,2128609280,2147483648,2144337920,2127560704,2134376448,2136997888,2486399089
2134900736,2140143616,2138046464,2118123520,2128609280,2146435072,2144337920,2125463552,2132803584,2136211456,2486415088
2140143616,2141192192,2135949312,2118123520,2128609280,2147483648,2145386496,2127560704,2133852160,2137260032,2486431088
2129657856,2142240768,2139095040,2122317824,2130706432,2147483648,2145386496,2127560704,2133327872,2137784320,2486447085
2123366400,2144337920,2144337920,2128609280,2130706432,2147483648,2145386496,2128609280,2135162880,2138046464,2486463111
2124414976,2156920832,2147483648,2141192192,2130706432,2148532224,2145386496,2127560704,2142502912,2138046464,2486480001
2122317824,2154823680,2152726528,2138046464,2130706432,2146435072,2144337920,2126512128,2141978624,2136997888,2486496001
2129657856,2138046464,2136997888,2122317824,2128609280,2147483648,2144337920,2126512128,2131755008,2136735744,2486512001
2132803584,2140143616,2139095040,2120220672,2129657856,2147483648,2145386496,2126512128,2133065728,2137260032,2486528001
2129657856,2154823680,2157969408,2131755008,2130706432,2148532224,2146435072,2127560704,2143551488,2138308608,2486544025
2134900736,2156920832,2146435072,2133852160,2130706432,2147483648,2145386496,2127560704,2143027200,2137784320,2486560024
2138046464,2142240768,2141192192,2121269248,2129657856,2148532224,2145386496,2127560704,2135687168,2137784320,2486576023
2123366400,2151677952,2144337920,2139095040,2129657856,2147483648,2145386496,2128609280,2139619328,2137784320,2486592024
2140143616,2153775104,2146435072,2126512128,2129657856,2146435072,2145386496,2126512128,2141716480,2136997888,2486608045
2143289344,2139095040,2143289344,2117074944,2129657856,2146435072,2144337920,2125463552,2135687168,2136473600,2486624045
2122317824,2147483648,2152726528,2126512128,2130706432,2147483648,2145386496,2126512128,2137260032,2137522176,2486640044
2124414976,2142240768,2147483648,2125463552,2130706432,2148532224,2145386496,2128609280,2134900736,2138308608,2486656045
2135949312,2140143616,2141192192,2121269248,2130706432,2146435072,2146435072,2127560704,2134638592,2137784320,2486672067
2128609280,2160066560,2152726528,2133852160,2129657856,2148532224,2145386496,2127560704,2143813632,2137784320,2486688066
2142240768,2141192192,2138046464,2120220672,2128609280,2147483648,2145386496,2127560704,2135425024,2137260032,2486704067
2123366400,2142240768,2147483648,2125463552,2129657856,2146435072,2144337920,2126512128,2134638592,2136735744,2486720067
2120220672,2166358016,2148532224,2135949312,2129657856,2147483648,2145386496,2126512128,2142765056,2137260032,2486736087
2142240768,2144337920,2146435072,2122317824,2130706432,2148532224,2146435072,2128609280,2138832896,2138570752,2486752088
2139095040,2146435072,2146435072,2124414976,2130706432,2148532224,2146435072,2127560704,2139095040,2138308608,2486768087
2139095040,2143289344,2146435072,2119172096,2129657856,2147483648,2145386496,2127560704,2136997888,2137522176,2486784088
2122317824,2147483648,2147483648,2131755008,2129657856,2147483648,2144337920,2126512128,2137260032,2136997888,2486800109
2134900736,2142240768,2148532224,2121269248,2128609280,2146435072,2144337920,2126512128,2136735744,2136473600,2486816109
2126512128,2159017984,2153775104,2131755008,2129657856,2147483648,2145386496,2127560704,2142765056,2137522176,2486833001
2144337920,2143289344,2144337920,2122317824,2130706432,2147483648,2145386496,2127560704,2138570752,2137784320,2486849001
2131755008,2155872256,2153775104,2131755008,2130706432,2148532224,2145386496,2128609280,2143289344,2138308608,2486865001
2138046464,2152726528,2142240768,2135949312,2129657856,2149580800,2146435072,2128609280,2142240768,2138570752,2486881024
2139095040,2139095040,2138046464,2120220672,2129657856,2147483648,2144337920,2127560704,2134114304,2137260032,2486897023
2131755008,2143289344,2136997888,2122317824,2128609280,2147483648,2145386496,2126512128,2133590016,2136997888,2486913025
2136997888,2154823680,2146435072,2130706432,2130706432,2147483648,2144337920,2126512128,2142240768,2137260032,2486929023
2134900736,2155872256,2150629376,2129657856,2129657856,2148532224,2146435072,2127560704,2142765056,2138046464,2486945045
2123366400,2159017984,2159017984,2141192192,2130706432,2148532224,2145386496,2128609280,2145648640,2138308608,2486961044
2134900736,2160066560,2149580800,2130706432,2129657856,2148532224,2145386496,2128609280,2143813632,2138046464,2486977045
2132803584,2143289344,2138046464,2122317824,2129657856,2146435072,2144337920,2126512128,2134114304,2136735744,2486993046
2122317824,2151677952,2141192192,2136997888,2128609280,2148532224,2144337920,2127560704,2138046464,2137260032,2487009069
2139095040,2142240768,2143289344,2118123520,2129657856,2147483648,2144337920,2126512128,2135687168,2136997888,2487025064
2138046464,2145386496,2138046464,2119172096,2130706432,2147483648,2145386496,2127560704,2135162880,2137784320,2487041067
2135949312,2141192192,2141192192,2121269248,2130706432,2148532224,2145386496,2128609280,2134900736,2138308608,2487057065
2128609280,2156920832,2154823680,2138046464,2130706432,2147483648,2145386496,2127560704,2144600064,2137784320,2487073088
2136997888,2145386496,2136997888,2122317824,2129657856,2147483648,2145386496,2127560704,2135425024,2137522176,2487089087
2124414976,2157969408,2151677952,2140143616,2128609280,2147483648,2144337920,2127560704,2143551488,2136997888,2487105088
2135949312,2150629376,2150629376,2121269248,2129657856,2146435072,2144337920,2125463552,2139619328,2136473600,2487121088
2141192192,2145386496,2138046464,2121269248,2130706432,2146435072,2145386496,2126512128,2136473600,2137260032,2487137112
2124414976,2147483648,2141192192,2132803584,2129657856,2148532224,2145386496,2128609280,2136473600,2138046464,2487153106
2141192192,2143289344,2142240768,2120220672,2130706432,2148532224,2145386496,2128609280,2136735744,2138308608,2487170001
2121269248,2151677952,2147483648,2139095040,2130706432,2147483648,2144337920,2127560704,2139881472,2137522176,2487186001
2131755008,2154823680,2154823680,2131755008,2129657856,2147483648,2144337920,2126512128,2143289344,2136997888,2487202001
2131755008,2151677952,2149580800,2129657856,2129657856,2146435072,2145386496,2126512128,2140667904,2136997888,2487218001
2129657856,2139095040,2138046464,2120220672,2129657856,2146435072,2145386496,2126512128,2131755008,2136997888,2487234024
2131755008,2143289344,2138046464,2123366400,2130706432,2147483648,2145386496,2128609280,2134114304,2138046464,2487250023
2138046464,2142240768,2143289344,2122317824,2130706432,2147483648,2145386496,2128609280,2136473600,2138046464,2487266022
2143289344,2140143616,2141192192,2119172096,2130706432,2148532224,2145386496,2128609280,2135949312,2138308608,2487282023
2140143616,2144337920,2138046464,2120220672,2129657856,2147483648,2144337920,2127560704,2135687168,2137260032,2487298045
2120220672,2151677952,2147483648,2134900736,2128609280,2147483648,2145386496,2127560704,2138570752,2137260032,2487314045
2128609280,2152726528,2153775104,2125463552,2130706432,2146435072,2144337920,2126512128,2140143616,2136997888,2487330046
2123366400,2138046464,2143289344,2121269248,2129657856,2148532224,2146435072,2127560704,2131492864,2138046464,2487346044
2121269248,2147483648,2151677952,2129657856,2130706432,2148532224,2146435072,2128609280,2137522176,2138570752,2487362068
2142240768,2150629376,2142240768,2132803584,2130706432,2147483648,2145386496,2127560704,2141978624,2137784320,2487378065
2140143616,2141192192,2144337920,2121269248,2129657856,2147483648,2144337920,2127560704,2136735744,2137260032,2487394068
2130706432,2153775104,2152726528,2125463552,2128609280,2147483648,2144337920,2126512128,2140667904,2136735744,2487410064
2140143616,2139095040,2136997888,2118123520,2129657856,2146435072,2144337920,2126512128,2133590016,2136735744,2487426088
2134900736,2140143616,2139095040,2121269248,2130706432,2147483648,2145386496,2127560704,2133852160,2137784320,2487442088
2134900736,2154823680,2146435072,2133852160,2130706432,2148532224,2146435072,2128609280,2142502912,2138570752,2487458088
2138046464,2154823680,2149580800,2129657856,2129657856,2149580800,2146435072,2128609280,2143027200,2138570752,2487474086
2126512128,2162163712,2160066560,2136997888,2130706432,2147483648,2145386496,2126512128,2146435072,2137522176,2487490111
2129657856,2155872256,2153775104,2129657856,2129657856,2147483648,2144337920,2125463552,2142240768,2136735744,2487507001
2138046464,2150629376,2142240768,2125463552,2129657856,2147483648,2144337920,2126512128,2139095040,2136997888,2487523001
2122317824,2147483648,2149580800,2132803584,2129657856,2148532224,2145386496,2128609280,2138046464,2138046464,2487539001
2122317824,2143289344,2147483648,2123366400,2130706432,2147483648,2144337920,2127560704,2134114304,2137522176,2487555001
2123366400,2147483648,2147483648,2132803584,2130706432,2148532224,2145386496,2128609280,2137784320,2138308608,2487571024
2120220672,2164260864,2149580800,2139095040,2129657856,2148532224,2145386496,2128609280,2143289344,2138046464,2487587024
2123366400,2148532224,2148532224,2126512128,2128609280,2147483648,2144337920,2127560704,2136735744,2136997888,2487603025
2138046464,2139095040,2138046464,2118123520,2128609280,2146435072,2144337920,2125463552,2133327872,2136211456,2487619023
2121269248,2147483648,2142240768,2130706432,2129657856,2147483648,2145386496,2127560704,2135425024,2137522176,2487635046
2142240768,2154823680,2140143616,2126512128,2131755008,2147483648,2145386496,2126512128,2140930048,2137784320,2487651045
2143289344,2144337920,2146435072,2122317824,2130706432,2149580800,2146435072,2128609280,2139095040,2138832896,2487667046
2123366400,2143289344,2139095040,2125463552,2129657856,2147483648,2145386496,2127560704,2132803584,2137522176,2487683047
2138046464,2139095040,2135949312,2119172096,2129657856,2147483648,2145386496,2126512128,2133065728,2137260032,2487699068
2121269248,2162163712,2147483648,2143289344,2129657856,2146435072,2144337920,2125463552,2143551488,2136473600,2487715068
2122317824,2144337920,2149580800,2129657856,2129657856,2147483648,2144337920,2126512128,2136473600,2136997888,2487731068
2124414976,2147483648,2135949312,2126512128,2130706432,2147483648,2144337920,2127560704,2133590016,2137522176,2487747067
2123366400,2142240768,2140143616,2125463552,2130706432,2148532224,2146435072,2128609280,2132803584,2138570752,2487763089
2123366400,2148532224,2147483648,2131755008,2129657856,2147483648,2145386496,2127560704,2137784320,2137522176,2487779087
2123366400,2159017984,2157969408,2135949312,2130706432,2147483648,2145386496,2126512128,2144075776,2137522176,2487795085
2122317824,2145386496,2143289344,2128609280,2128609280,2147483648,2145386496,2127560704,2134900736,2137260032,2487811088
2121269248,2155872256,2149580800,2140143616,2129657856,2146435072,2144337920,2125463552,2141716480,2136473600,2487827112
2123366400,2156920832,2155872256,2138046464,2129657856,2147483648,2145386496,2128609280,2143551488,2137784320,2487843109
2134900736,2141192192,2142240768,2122317824,2130706432,2148532224,2146435072,2128609280,2135162880,2138570752,2487860001
2125463552,2159017984,2159017984,2138046464,2130706432,2147483648,2145386496,2128609280,2145386496,2138046464,2487876001
2123366400,2156920832,2155872256,2138046464,2129657856,2147483648,2145386496,2127560704,2143551488,2137522176,2487892001
2140143616,2138046464,2138046464,2117074944,2129657856,2147483648,2144337920,2126512128,2133327872,2136997888,2487908024
2124414976,2141192192,2141192192,2121269248,2129657856,2146435072,2144337920,2126512128,2132017152,2136735744,2487924023
2138046464,2138046464,2138046464,2121269248,2130706432,2147483648,2144337920,2127560704,2133852160,2137522176,2487940024
2138046464,2141192192,2140143616,2120220672,2130706432,2148532224,2145386496,2128609280,2134900736,2138308608,2487956023
2124414976,2145386496,2143289344,2132803584,2131755008,2147483648,2145386496,2127560704,2136473600,2138046464,2487972045
2141192192,2141192192,2136997888,2122317824,2129657856,2147483648,2145386496,2127560704,2135425024,2137522176,2487988044
2131755008,2155872256,2154823680,2129657856,2129657856,2147483648,2144337920,2126512128,2143027200,2136997888,2488004047
2121269248,2162163712,2144337920,2141192192,2128609280,2146435072,2144337920,2126512128,2142240768,2136473600,2488020046
2121269248,2154823680,2147483648,2138046464,2129657856,2147483648,2145386496,2127560704,2140405760,2137522176,2488036066
2123366400,2147483648,2141192192,2130706432,2130706432,2147483648,2144337920,2127560704,2135687168,2137522176,2488052066
2140143616,2140143616,2138046464,2124414976,2130706432,2149580800,2146435072,2129657856,2135687168,2139095040,2488068066
2132803584,2142240768,2139095040,2126512128,2129657856,2148532224,2145386496,2127560704,2135162880,2137784320,2488084068
2127560704,2157969408,2155872256,2131755008,2129657856,2147483648,2145386496,2127560704,2143289344,2137522176,2488100089
2132803584,2146435072,2146435072,2123366400,2128609280,2147483648,2144337920,2126512128,2137260032,2136735744,2488116086
2124414976,2143289344,2136997888,2126512128,2129657856,2147483648,2145386496,2126512128,2132803584,2137260032,2488132086
2124414976,2155872256,2155872256,2135949312,2130706432,2148532224,2145386496,2128609280,2143027200,2138308608,2488148087
2124414976,2143289344,2141192192,2125463552,2130706432,2147483648,2145386496,2127560704,2133590016,2137784320,2488164110
2129657856,2141192192,2142240768,2124414976,2129657856,2147483648,2146435072,2127560704,2134376448,2137784320,2488180106
2126512128,2157969408,2162163712,2135949312,2128609280,2147483648,2145386496,2126512128,2145648640,2136997888,2488197001
2132803584,2140143616,2138046464,2122317824,2128609280,2146435072,2144337920,2126512128,2133327872,2136473600,2488213001
2123366400,2151677952,2153775104,2134900736,2128609280,2147483648,2145386496,2127560704,2140930048,2137260032,2488229001
2129657856,2152726528,2154823680,2129657856,2129657856,2148532224,2145386496,2128609280,2141716480,2138046464,2488245000
2141192192,2153775104,2141192192,2131755008,2130706432,2148532224,2146435072,2128609280,2141978624,2138570752,2488261023
2131755008,2142240768,2145386496,2124414976,2129657856,2147483648,2146435072,2127560704,2135949312,2137784320,2488277024
2122317824,2144337920,2147483648,2125463552,2129657856,2147483648,2144337920,2126512128,2134900736,2136997888,2488293024
2122317824,2150629376,2148532224,2133852160,2128609280,2147483648,2144337920,2126512128,2138832896,2136735744,2488309022
2139095040,2146435072,2144337920,2121269248,2128609280,2147483648,2144337920,2126512128,2137784320,2136735744,2488325046
2140143616,2152726528,2138046464,2128609280,2129657856,2148532224,2145386496,2127560704,2139881472,2137784320,2488341045
2138046464,2141192192,2136997888,2121269248,2130706432,2147483648,2146435072,2127560704,2134376448,2138046464,2488357048
2125463552,2154823680,2154823680,2136997888,2129657856,2148532224,2146435072,2128609280,2143027200,2138308608,2488373044
2132803584,2150629376,2153775104,2129657856,2129657856,2147483648,2144337920,2127560704,2141716480,2137260032,2488389067
2128609280,2155872256,2152726528,2134900736,2128609280,2147483648,2144337920,2127560704,2143027200,2136997888,2488405068
2130706432,2140143616,2136997888,2121269248,2128609280,2147483648,2144337920,2126512128,2132279296,2136735744,2488421068
2123366400,2143289344,2145386496,2124414976,2129657856,2147483648,2145386496,2126512128,2134114304,2137260032,2488437066
2133852160,2142240768,2142240768,2123366400,2130706432,2147483648,2145386496,2127560704,2135425024,2137784320,2488453088
2126512128,2142240768,2140143616,2125463552,2129657856,2147483648,2146435072,2127560704,2133590016,2137784320,2488469089
2123366400,2147483648,2144337920,2131755008,2129657856,2147483648,2145386496,2128609280,2136735744,2137784320,2488485089
2123366400,2160066560,2152726528,2139095040,2129657856,2147483648,2144337920,2126512128,2143813632,2136997888,2488501084
2130706432,2138046464,2138046464,2120220672,2128609280,2146435072,2145386496,2126512128,2131755008,2136735744,2488517109
2134900736,2146435072,2149580800,2124414976,2129657856,2146435072,2145386496,2127560704,2138832896,2137260032,2488534001
2142240768,2142240768,2138046464,2121269248,2129657856,2148532224,2145386496,2127560704,2135949312,2137784320,2488550001
2129657856,2141192192,2142240768,2122317824,2129657856,2148532224,2145386496,2129657856,2133852160,2138308608,2488566001
2127560704,2156920832,2152726528,2135949312,2130706432,2147483648,2145386496,2127560704,2143289344,2137784320,2488582001
2131755008,2157969408,2151677952,2135949312,2129657856,2147483648,2144337920,2126512128,2144337920,2136997888,2488598024
2135949312,2138046464,2136997888,2119172096,2129657856,2146435072,2144337920,2124414976,2132541440,2136211456,2488614023
2138046464,2140143616,2136997888,2117074944,2128609280,2148532224,2145386496,2127560704,2133065728,2137522176,2488630022
2123366400,2144337920,2139095040,2125463552,2129657856,2148532224,2145386496,2127560704,2133065728,2137784320,2488646024
2123366400,2144337920,2143289344,2127560704,2130706432,2147483648,2145386496,2127560704,2134638592,2137784320,2488662045
2134900736,2142240768,2139095040,2124414976,2129657856,2147483648,2145386496,2128609280,2135162880,2137784320,2488678045
2124414976,2153775104,2154823680,2139095040,2130706432,2146435072,2145386496,2126512128,2143027200,2137260032,2488694044
2131755008,2144337920,2146435072,2120220672,2129657856,2145386496,2144337920,2125463552,2135687168,2136211456,2488710045
2132803584,2136997888,2136997888,2120220672,2128609280,2146435072,2145386496,2125463552,2131755008,2136473600,2488726066
2139095040,2150629376,2139095040,2129657856,2129657856,2149580800,2145386496,2128609280,2139619328,2138308608,2488742067
2142240768,2143289344,2146435072,2120220672,2130706432,2148532224,2146435072,2128609280,2138046464,2138570752,2488758065
2141192192,2142240768,2139095040,2125463552,2129657856,2147483648,2145386496,2128609280,2136997888,2137784320,2488774067
2121269248,2151677952,2153775104,2136997888,2128609280,2147483648,2145386496,2127560704,2140930048,2137260032,2488790088
2124414976,2140143616,2139095040,2125463552,2130706432,2146435072,2144337920,2126512128,2132279296,2136997888,2488806087
2141192192,2146435072,2139095040,2119172096,2128609280,2146435072,2144337920,2126512128,2136473600,2136473600,2488822086
2129657856,2156920832,2152726528,2131755008,2129657856,2147483648,2145386496,2127560704,2142765056,2137522176,2488838087
2131755008,2156920832,2146435072,2132803584,2129657856,2148532224,2146435072,2128609280,2141978624,2138308608,2488854108
2129657856,2143289344,2138046464,2123366400,2129657856,2148532224,2146435072,2128609280,2133590016,2138308608,2488870110
2134900736,2150629376,2150629376,2128609280,2129657856,2148532224,2145386496,2127560704,2141192192,2137784320,2488887001
2127560704,2150629376,2160066560,2133852160,2130706432,2146435072,2144337920,2126512128,2143027200,2136997888,2488903001
2124414976,2139095040,2143289344,2121269248,2129657856,2146435072,2144337920,2126512128,2132017152,2136735744,2488919001
2129657856,2143289344,2136997888,2122317824,2129657856,2148532224,2145386496,2128609280,2133065728,2138046464,2488935023
2142240768,2140143616,2141192192,2120220672,2129657856,2148532224,2145386496,2128609280,2135949312,2138046464,2488951022
2141192192,2142240768,2144337920,2121269248,2129657856,2148532224,2146435072,2128609280,2137260032,2138308608,2488967024
2138046464,2140143616,2138046464,2119172096,2129657856,2147483648,2145386496,2127560704,2133852160,2137522176,2488983022
2135949312,2143289344,2138046464,2120220672,2129657856,2146435072,2144337920,2125463552,2134376448,2136473600,2488999044
2122317824,2151677952,2153775104,2136997888,2129657856,2146435072,2144337920,2125463552,2141192192,2136473600,2489015045
2128609280,2157969408,2157969408,2131755008,2129657856,2147483648,2145386496,2126512128,2144075776,2137260032,2489031045
2129657856,2140143616,2139095040,2121269248,2129657856,2148532224,2145386496,2128609280,2132541440,2138046464,2489047045
2123366400,2142240768,2141192192,2125463552,2130706432,2148532224,2145386496,2128609280,2133065728,2138308608,2489063066
2132803584,2152726528,2152726528,2126512128,2130706432,2147483648,2145386496,2127560704,2141192192,2137784320,2489079067
2124414976,2159017984,2159017984,2138046464,2128609280,2147483648,2145386496,2126512128,2145124352,2136997888,2489095067
2129657856,2141192192,2136997888,2120220672,2128609280,2146435072,2144337920,2125463552,2132017152,2136211456,2489111066
2128609280,2139095040,2141192192,2119172096,2128609280,2146435072,2145386496,2126512128,2132017152,2136735744,2489127090
2130706432,2156920832,2149580800,2134900736,2129657856,2147483648,2145386496,2127560704,2143027200,2137522176,2489143087
2144337920,2145386496,2138046464,2120220672,2130706432,2148532224,2146435072,2128609280,2136997888,2138570752,2489159089
2141192192,2142240768,2140143616,2121269248,2129657856,2148532224,2145386496,2128609280,2136211456,2138046464,2489175087
2138046464,2140143616,2136997888,2120220672,2130706432,2147483648,2145386496,2126512128,2133852160,2137522176,2489191109
2140143616,2136997888,2138046464,2117074944,2129657856,2146435072,2143289344,2126512128,2133065728,2136473600,2489207109
2122317824,2162163712,2155872256,2133852160,2129657856,2146435072,2144337920,2126512128,2143551488,2136735744,2489224001
2138046464,2138046464,2136997888,2119172096,2129657856,2147483648,2145386496,2127560704,2133065728,2137522176,2489240001
2142240768,2138046464,2138046464,2121269248,2129657856,2148532224,2145386496,2128609280,2134900736,2138046464,2489256001
2130706432,2156920832,2150629376,2138046464,2130706432,2148532224,2145386496,2128609280,2144075776,2138308608,2489272001
2141192192,2146435072,2138046464,2120220672,2130706432,2147483648,2144337920,2126512128,2136473600,2137260032,2489288022
2120220672,2156920832,2147483648,2138046464,2129657856,2147483648,2144337920,2126512128,2140667904,2136997888,2489304025
2122317824,2140143616,2141192192,2123366400,2128609280,2147483648,2145386496,2126512128,2131755008,2136997888,2489320023
2126512128,2157969408,2154823680,2135949312,2129657856,2147483648,2144337920,2126512128,2143813632,2136997888,2489336024
2141192192,2154823680,2146435072,2131755008,2130706432,2148532224,2145386496,2127560704,2143551488,2138046464,2489352044
2125463552,2142240768,2138046464,2125463552,2129657856,2148532224,2145386496,2128609280,2132803584,2138046464,2489368046
2124414976,2155872256,2155872256,2138046464,2130706432,2147483648,2145386496,2127560704,2143551488,2137784320,2489384045
2125463552,2157969408,2160066560,2136997888,2129657856,2146435072,2145386496,2126512128,2145124352,2136997888,2489400046
2121269248,2147483648,2141192192,2130706432,2129657856,2145386496,2143289344,2125463552,2135162880,2135949312,2489416067
2124414976,2147483648,2138046464,2127560704,2129657856,2146435072,2144337920,2126512128,2134376448,2136735744,2489432066
2124414976,2147483648,2153775104,2126512128,2129657856,2148532224,2145386496,2127560704,2138046464,2137784320,2489448067
2139095040,2140143616,2139095040,2119172096,2130706432,2148532224,2145386496,2128609280,2134376448,2138308608,2489464067
2140143616,2144337920,2144337920,2122317824,2130706432,2148532224,2146435072,2127560704,2137784320,2138308608,2489480088
2140143616,2142240768,2138046464,2120220672,2129657856,2147483648,2145386496,2126512128,2135162880,2137260032,2489496089
2138046464,2152726528,2139095040,2121269248,2128609280,2146435072,2144337920,2125463552,2137784320,2136211456,2489512087
2134900736,2140143616,2138046464,2120220672,2129657856,2146435072,2143289344,2126512128,2133327872,2136473600,2489528089
2142240768,2141192192,2142240768,2122317824,2130706432,2147483648,2145386496,2127560704,2136997888,2137784320,2489544111
2140143616,2143289344,2140143616,2119172096,2131755008,2148532224,2145386496,2127560704,2135687168,2138308608,2489561001
2125463552,2147483648,2138046464,2126512128,2130706432,2147483648,2145386496,2128609280,2134376448,2138046464,2489577001
2139095040,2142240768,2144337920,2123366400,2128609280,2148532224,2145386496,2127560704,2137260032,2137522176,2489593001
2136997888,2143289344,2141192192,2122317824,2129657856,2146435072,2144337920,2126512128,2135949312,2136735744,2489609001
2123366400,2141192192,2143289344,2122317824,2128609280,2147483648,2145386496,2126512128,2132541440,2136997888,2489625023
2140143616,2142240768,2150629376,2119172096,2130706432,2147483648,2144337920,2127560704,2138046464,2137522176,2489641023
2142240768,2141192192,2139095040,2119172096,2130706432,2149580800,2146435072,2129657856,2135425024,2139095040,2489657022
2136997888,2142240768,2139095040,2123366400,2131755008,2148532224,2145386496,2127560704,2135425024,2138308608,2489673023
2138046464,2144337920,2140143616,2122317824,2130706432,2147483648,2145386496,2128609280,2136211456,2138046464,2489689045
2121269248,2145386496,2139095040,2129657856,2129657856,2146435072,2143289344,2126512128,2133852160,2136473600,2489705048
2133852160,2139095040,2136997888,2119172096,2129657856,2147483648,2144337920,2126512128,2132279296,2136997888,2489721044
2135949312,2146435072,2139095040,2124414976,2130706432,2146435072,2144337920,2127560704,2136473600,2137260032,2489737045
2125463552,2141192192,2139095040,2124414976,2130706432,2147483648,2146435072,2127560704,2132541440,2138046464,2489753066
2122317824,2162163712,2150629376,2143289344,2130706432,2148532224,2146435072,2128609280,2144600064,2138570752,2489769068
2126512128,2140143616,2140143616,2121269248,2130706432,2147483648,2145386496,2127560704,2132017152,2137784320,2489785066
2134900736,2154823680,2151677952,2134900736,2130706432,2146435072,2145386496,2125463552,2144075776,2136997888,2489801066
2122317824,2142240768,2141192192,2125463552,2128609280,2147483648,2144337920,2127560704,2132803584,2136997888,2489817087
2126512128,2153775104,2154823680,2136997888,2128609280,2147483648,2145386496,2127560704,2143027200,2137260032,2489833088
2126512128,2156920832,2152726528,2138046464,2130706432,2147483648,2145386496,2127560704,2143551488,2137784320,2489849086
2138046464,2146435072,2138046464,2119172096,2130706432,2148532224,2146435072,2128609280,2135425024,2138570752,2489865088
2131755008,2156920832,2152726528,2131755008,2129657856,2148532224,2145386496,2128609280,2143289344,2138046464,2489881109
2135949312,2140143616,2138046464,2120220672,2129657856,2147483648,2144337920,2126512128,2133590016,2136997888,2489897109
2122317824,2155872256,2151677952,2139095040,2128609280,2147483648,2144337920,2126512128,2142240768,2136735744,2489914001
2124414976,2147483648,2149580800,2134900736,2129657856,2146435072,2144337920,2126512128,2139095040,2136735744,2489930001
2132803584,2141192192,2139095040,2122317824,2129657856,2147483648,2145386496,2127560704,2133852160,2137522176,2489946001
2125463552,2141192192,2142240768,2124414976,2129657856,2149580800,2146435072,2129657856,2133327872,2138832896,2489962023
2125463552,2156920832,2156920832,2136997888,2129657856,2148532224,2146435072,2128609280,2144075776,2138308608,2489978023
2141192192,2150629376,2140143616,2123366400,2129657856,2147483648,2145386496,2127560704,2138832896,2137522176,2489994023
2138046464,2152726528,2142240768,2123366400,2129657856,2147483648,2144337920,2126512128,2139095040,2136997888,2490010024
2120220672,2147483648,2143289344,2130706432,2129657856,2147483648,2144337920,2126512128,2135425024,2136997888,2490026047
2138046464,2139095040,2135949312,2117074944,2129657856,2147483648,2145386496,2127560704,2132541440,2137522176,2490042044
2144337920,2141192192,2138046464,2118123520,2130706432,2148532224,2146435072,2128609280,2135425024,2138570752,2490058045
2123366400,2147483648,2151677952,2130706432,2130706432,2148532224,2146435072,2128609280,2138308608,2138570752,2490074045
2124414976,2149580800,2144337920,2133852160,2130706432,2147483648,2144337920,2127560704,2138046464,2137522176,2490090067
2123366400,2148532224,2145386496,2132803584,2129657856,2146435072,2144337920,2125463552,2137522176,2136473600,2490106066
2129657856,2143289344,2135949312,2122317824,2129657856,2146435072,2144337920,2126512128,2132803584,2136735744,2490122066
2122317824,2151677952,2142240768,2133852160,2129657856,2147483648,2145386496,2127560704,2137522176,2137522176,2490138066
2138046464,2146435072,2136997888,2121269248,2130706432,2148532224,2146435072,2127560704,2135687168,2138308608,2490154089
2123366400,2142240768,2148532224,2125463552,2130706432,2148532224,2145386496,2128609280,2134900736,2138308608,2490170085
2123366400,2155872256,2148532224,2139095040,2129657856,2147483648,2146435072,2127560704,2141716480,2137784320,2490186087
2126512128,2153775104,2156920832,2136997888,2128609280,2147483648,2144337920,2127560704,2143551488,2136997888,2490202087
2135949312,2146435072,2146435072,2119172096,2128609280,2147483648,2145386496,2126512128,2136997888,2136997888,2490218111
2140143616,2151677952,2146435072,2125463552,2130706432,2147483648,2144337920,2126512128,2140930048,2137260032,2490234107
2127560704,2159017984,2153775104,2136997888,2130706432,2148532224,2145386496,2128609280,2144337920,2138308608,2490251001
2140143616,2150629376,2140143616,2125463552,2130706432,2148532224,2146435072,2128609280,2139095040,2138570752,2490267001
2136997888,2141192192,2140143616,2121269248,2130706432,2147483648,2145386496,2127560704,2134900736,2137784320,2490283001
2142240768,2141192192,2138046464,2122317824,2128609280,2147483648,2145386496,2127560704,2135949312,2137260032,2490299001
2126512128,2155872256,2152726528,2133852160,2129657856,2146435072,2144337920,2126512128,2142240768,2136735744,2490315024
2136997888,2140143616,2136997888,2122317824,2129657856,2146435072,2144337920,2126512128,2134114304,2136735744,2490331023
2127560704,2151677952,2155872256,2133852160,2130706432,2147483648,2146435072,2128609280,2142240768,2138308608,2490347024
2124414976,2159017984,2155872256,2138046464,2130706432,2148532224,2146435072,2128609280,2144337920,2138570752,2490363023
2132803584,2140143616,2138046464,2121269248,2129657856,2147483648,2145386496,2127560704,2133065728,2137522176,2490379045
2139095040,2142240768,2140143616,2121269248,2129657856,2147483648,2144337920,2126512128,2135687168,2136997888,2490395047
2138046464,2143289344,2135949312,2123366400,2129657856,2147483648,2144337920,2126512128,2135162880,2136997888,2490411045
2134900736,2138046464,2136997888,2119172096,2129657856,2146435072,2144337920,2126512128,2132279296,2136735744,2490427044
2125463552,2141192192,2138046464,2122317824,2129657856,2148532224,2145386496,2128609280,2131755008,2138046464,2490443067
2127560704,2153775104,2154823680,2129657856,2129657856,2148532224,2146435072,2128609280,2141454336,2138308608,2490459069
2123366400,2151677952,2147483648,2139095040,2129657856,2148532224,2146435072,2128609280,2140405760,2138308608,2490475066
2123366400,2149580800,2134900736,2134900736,2129657856,2147483648,2144337920,2127560704,2135687168,2137260032,2490491065
2126512128,2141192192,2139095040,2124414976,2129657856,2147483648,2144337920,2126512128,2132803584,2136997888,2490507090
2135949312,2139095040,2136997888,2117074944,2128609280,2147483648,2144337920,2127560704,2132279296,2136997888,2490523091
2129657856,2141192192,2140143616,2122317824,2130706432,2146435072,2144337920,2126512128,2133327872,2136997888,2490539088
2133852160,2146435072,2146435072,2123366400,2129657856,2147483648,2145386496,2127560704,2137522176,2137522176,2490555084
2131755008,2140143616,2141192192,2123366400,2130706432,2147483648,2145386496,2128609280,2134114304,2138046464,2490571109
2122317824,2159017984,2156920832,2138046464,2129657856,2147483648,2146435072,2127560704,2144075776,2137784320,2490588001
2120220672,2155872256,2152726528,2138046464,2128609280,2146435072,2144337920,2126512128,2141716480,2136473600,2490604001
2139095040,2146435072,2138046464,2120220672,2129657856,2147483648,2144337920,2125463552,2135949312,2136735744,2490620001
2142240768,2140143616,2138046464,2120220672,2130706432,2147483648,2145386496,2126512128,2135162880,2137522176,2490636001
2138046464,2141192192,2139095040,2119172096,2130706432,2148532224,2145386496,2128609280,2134376448,2138308608,2490652023
2129657856,2157969408,2154823680,2131755008,2130706432,2147483648,2145386496,2127560704,2143551488,2137784320,2490668024
2123366400,2154823680,2156920832,2138046464,2129657856,2147483648,2145386496,2127560704,2143289344,2137522176,2490684022
2127560704,2157969408,2144337920,2141192192,2129657856,2146435072,2144337920,2126512128,2142765056,2136735744,2490700023
2122317824,2162163712,2152726528,2139095040,2128609280,2146435072,2144337920,2126512128,2144075776,2136473600,2490716045
2123366400,2147483648,2148532224,2130706432,2129657856,2147483648,2145386496,2126512128,2137522176,2137260032,2490732045
2122317824,2151677952,2152726528,2134900736,2129657856,2147483648,2145386496,2128609280,2140405760,2137784320,2490748044
2122317824,2143289344,2149580800,2127560704,2130706432,2147483648,2146435072,2128609280,2135687168,2138308608,2490764046
2126512128,2155872256,2159017984,2135949312,2129657856,2147483648,2146435072,2127560704,2144337920,2137784320,2490780067
2123366400,2143289344,2140143616,2126512128,2128609280,2146435072,2144337920,2126512128,2133327872,2136473600,2490796066
2123366400,2157969408,2157969408,2141192192,2128609280,2147483648,2145386496,2127560704,2145124352,2137260032,2490812066
2133852160,2139095040,2136997888,2120220672,2129657856,2147483648,2145386496,2127560704,2132541440,2137522176,2490828068
2132803584,2155872256,2146435072,2129657856,2129657856,2147483648,2145386496,2127560704,2141192192,2137522176,2490844087
2141192192,2140143616,2139095040,2121269248,2131755008,2147483648,2145386496,2128609280,2135425024,2138308608,2490860087
2128609280,2140143616,2143289344,2121269248,2130706432,2147483648,2146435072,2127560704,2133327872,2138046464,2490876087
2134900736,2140143616,2141192192,2119172096,2129657856,2147483648,2145386496,2127560704,2133852160,2137522176,2490892088
2122317824,2149580800,2141192192,2129657856,2129657856,2146435072,2144337920,2125463552,2135687168,2136473600,2490908109
2124414976,2157969408,2142240768,2141192192,2128609280,2147483648,2144337920,2127560704,2141454336,2136997888,2490924108
2125463552,2159017984,2155872256,2140143616,2130706432,2146435072,2145386496,2126512128,2145124352,2137260032,2490941001
2124414976,2143289344,2141192192,2126512128,2130706432,2147483648,2145386496,2127560704,2133852160,2137784320,2490957001
2129657856,2142240768,2141192192,2124414976,2130706432,2148532224,2145386496,2128609280,2134376448,2138308608,2490973001
2126512128,2143289344,2136997888,2126512128,2129657856,2146435072,2145386496,2126512128,2133327872,2136997888,2490989024
2130706432,2154823680,2154823680,2129657856,2129657856,2147483648,2144337920,2127560704,2142502912,2137260032,2491005023
2127560704,2139095040,2138046464,2118123520,2128609280,2146435072,2144337920,2126512128,2130706432,2136473600,2491021023
2138046464,2143289344,2138046464,2120220672,2130706432,2148532224,2144337920,2127560704,2134900736,2137784320,2491037025
2140143616,2141192192,2136997888,2120220672,2130706432,2147483648,2145386496,2127560704,2134638592,2137784320,2491053044
2142240768,2145386496,2139095040,2123366400,2130706432,2148532224,2146435072,2128609280,2137522176,2138570752,2491069044
2132803584,2146435072,2143289344,2123366400,2129657856,2148532224,2145386496,2128609280,2136473600,2138046464,2491085046
2142240768,2141192192,2140143616,2121269248,2128609280,2147483648,2144337920,2127560704,2136211456,2136997888,2491101046
2123366400,2150629376,2153775104,2134900736,2128609280,2146435072,2144337920,2126512128,2140667904,2136473600,2491117067
2131755008,2154823680,2149580800,2126512128,2128609280,2147483648,2145386496,2127560704,2140667904,2137260032,2491133064
2121269248,2147483648,2152726528,2130706432,2130706432,2147483648,2145386496,2128609280,2138046464,2138046464,2491149066
2127560704,2156920832,2152726528,2136997888,2130706432,2148532224,2144337920,2128609280,2143551488,2138046464,2491165066
2143289344,2140143616,2142240768,2121269248,2130706432,2148532224,2146435072,2128609280,2136735744,2138570752,2491181087
2122317824,2147483648,2149580800,2134900736,2128609280,2147483648,2145386496,2127560704,2138570752,2137260032,2491197086
2142240768,2151677952,2136997888,2122317824,2128609280,2147483648,2143289344,2126512128,2138308608,2136473600,2491213087
2133852160,2139095040,2136997888,2119172096,2129657856,2147483648,2145386496,2126512128,2132279296,2137260032,2491229089
2136997888,2139095040,2136997888,2117074944,2130706432,2146435072,2145386496,2126512128,2132541440,2137260032,2491245109
2122317824,2150629376,2145386496,2133852160,2129657856,2149580800,2146435072,2129657856,2138046464,2138832896,2491261106
2144337920,2141192192,2139095040,2119172096,2129657856,2148532224,2145386496,2128609280,2135949312,2138046464,2491278001
2128609280,2160066560,2156920832,2135949312,2129657856,2146435072,2145386496,2126512128,2145386496,2136997888,2491294001
2126512128,2156920832,2153775104,2136997888,2128609280,2146435072,2144337920,2126512128,2143551488,2136473600,2491310001
2141192192,2139095040,2135949312,2118123520,2129657856,2146435072,2145386496,2126512128,2133590016,2136997888,2491326000
2127560704,2146435072,2155872256,2123366400,2130706432,2147483648,2144337920,2127560704,2138308608,2137522176,2491342022
2123366400,2146435072,2149580800,2130706432,2130706432,2148532224,2146435072,2128609280,2137522176,2138570752,2491358024
2143289344,2142240768,2139095040,2119172096,2130706432,2147483648,2146435072,2127560704,2135949312,2138046464,2491374025
2121269248,2148532224,2143289344,2134900736,2129657856,2147483648,2145386496,2127560704,2136997888,2137522176,2491390022
2129657856,2140143616,2138046464,2121269248,2129657856,2146435072,2143289344,2125463552,2132279296,2136211456,2491406046
2129657856,2153775104,2150629376,2131755008,2129657856,2147483648,2144337920,2126512128,2141454336,2136997888,2491422047
2122317824,2143289344,2139095040,2126512128,2130706432,2147483648,2145386496,2127560704,2132803584,2137784320,2491438045
2140143616,2153775104,2139095040,2124414976,2130706432,2148532224,2146435072,2127560704,2139357184,2138308608,2491454045
2133852160,2146435072,2149580800,2124414976,2130706432,2148532224,2145386496,2128609280,2138570752,2138308608,2491470067
2140143616,2138046464,2139095040,2120220672,2129657856,2147483648,2144337920,2126512128,2134376448,2136997888,2491486067
2128609280,2156920832,2154823680,2138046464,2128609280,2147483648,2145386496,2126512128,2144600064,2136997888,2491502068
2121269248,2156920832,2155872256,2139095040,2128609280,2147483648,2144337920,2126512128,2143289344,2136735744,2491518066
2124414976,2151677952,2149580800,2134900736,2129657856,2148532224,2145386496,2127560704,2140143616,2137784320,2491534090
2124414976,2154823680,2156920832,2135949312,2130706432,2147483648,2145386496,2127560704,2143027200,2137784320,2491550088
2124414976,2155872256,2155872256,2139095040,2130706432,2147483648,2145386496,2128609280,2143813632,2138046464,2491566088
2132803584,2140143616,2140143616,2121269248,2129657856,2147483648,2145386496,2127560704,2133590016,2137522176,2491582087
2140143616,2139095040,2135949312,2120220672,2128609280,2147483648,2144337920,2126512128,2133852160,2136735744,2491598111
2129657856,2157969408,2153775104,2131755008,2128609280,2147483648,2144337920,2126512128,2143289344,2136735744,2491615001
2143289344,2149580800,2140143616,2129657856,2129657856,2147483648,2144337920,2127560704,2140667904,2137260032,2491631001
2140143616,2153775104,2136997888,2122317824,2129657856,2148532224,2145386496,2128609280,2138308608,2138046464,2491647001
2131755008,2144337920,2138046464,2122317824,2130706432,2147483648,2146435072,2127560704,2134114304,2138046464,2491663001
2126512128,2154823680,2160066560,2135949312,2130706432,2148532224,2145386496,2128609280,2144337920,2138308608,2491679022
2123366400,2151677952,2156920832,2134900736,2129657856,2146435072,2145386496,2126512128,2141716480,2136997888,2491695024
2136997888,2138046464,2136997888,2120220672,2128609280,2146435072,2144337920,2125463552,2133065728,2136211456,2491711023
2140143616,2146435072,2144337920,2121269248,2129657856,2146435072,2145386496,2126512128,2138046464,2136997888,2491727024
2122317824,2155872256,2145386496,2140143616,2129657856,2147483648,2145386496,2127560704,2140930048,2137522176,2491743046
2129657856,2142240768,2140143616,2124414976,2130706432,2148532224,2145386496,2128609280,2134114304,2138308608,2491759045
2139095040,2152726528,2146435072,2133852160,2130706432,2148532224,2145386496,2127560704,2143027200,2138046464,2491775045
2141192192,2146435072,2138046464,2123366400,2129657856,2147483648,2144337920,2127560704,2137260032,2137260032,2491791045
2140143616,2140143616,2146435072,2121269248,2128609280,2147483648,2144337920,2127560704,2136997888,2136997888,2491807067
2123366400,2149580800,2150629376,2133852160,2129657856,2147483648,2144337920,2125463552,2139357184,2136735744,2491823067
2138046464,2142240768,2144337920,2122317824,2129657856,2147483648,2145386496,2127560704,2136735744,2137522176,2491839066
2127560704,2143289344,2138046464,2126512128,2130706432,2147483648,2145386496,2128609280,2133852160,2138046464,2491855067
2135949312,2155872256,2149580800,2131755008,2131755008,2148532224,2146435072,2127560704,2143289344,2138570752,2491871087
2143289344,2144337920,2139095040,2121269248,2129657856,2147483648,2145386496,2126512128,2136997888,2137260032,2491887088
2122317824,2146435072,2139095040,2128609280,2128609280,2147483648,2144337920,2126512128,2134114304,2136735744,2491903088
2130706432,2155872256,2148532224,2133852160,2128609280,2147483648,2144337920,2126512128,2142240768,2136735744,2491919089
2124414976,2156920832,2156920832,2139095040,2130706432,2147483648,2145386496,2127560704,2144337920,2137784320,2491935110
2122317824,2155872256,2155872256,2139095040,2130706432,2147483648,2145386496,2127560704,2143289344,2137784320,2491951110
2129657856,2154823680,2160066560,2129657856,2130706432,2148532224,2146435072,2128609280,2143551488,2138570752,2491968001
2135949312,2141192192,2136997888,2124414976,2129657856,2147483648,2145386496,2128609280,2134638592,2137784320,2491984001
2135949312,2149580800,2146435072,2124414976,2129657856,2147483648,2143289344,2126512128,2139095040,2136735744,2492000001
2121269248,2147483648,2149580800,2130706432,2128609280,2146435072,2144337920,2126512128,2137260032,2136473600,2492016023
2136997888,2141192192,2145386496,2121269248,2128609280,2147483648,2145386496,2127560704,2136211456,2137260032,2492032023
2126512128,2156920832,2160066560,2138046464,2130706432,2147483648,2145386496,2127560704,2145386496,2137784320,2492048024
2124414976,2161115136,2161115136,2135949312,2130706432,2147483648,2145386496,2127560704,2145648640,2137784320,2492064023
2126512128,2148532224,2156920832,2130706432,2130706432,2147483648,2145386496,2127560704,2140667904,2137784320,2492080045
2129657856,2141192192,2138046464,2126512128,2129657856,2146435072,2144337920,2126512128,2133852160,2136735744,2492096044
2126512128,2154823680,2155872256,2134900736,2129657856,2146435072,2144337920,2126512128,2143027200,2136735744,2492112046
2121269248,2148532224,2144337920,2132803584,2129657856,2146435072,2145386496,2125463552,2136735744,2136735744,2492128046
2136997888,2150629376,2146435072,2125463552,2129657856,2148532224,2145386496,2127560704,2139881472,2137784320,2492144067
2126512128,2150629376,2156920832,2135949312,2129657856,2148532224,2145386496,2129657856,2142502912,2138308608,2492160065
2123366400,2148532224,2144337920,2133852160,2130706432,2148532224,2145386496,2128609280,2137522176,2138308608,2492176067
2134900736,2140143616,2139095040,2121269248,2129657856,2147483648,2144337920,2126512128,2133852160,2136997888,2492192068
2123366400,2140143616,2143289344,2125463552,2129657856,2147483648,2144337920,2126512128,2133065728,2136997888,2492208088
2133852160,2138046464,2140143616,2117074944,2128609280,2147483648,2144337920,2126512128,2132279296,2136735744,2492224087
2139095040,2146435072,2146435072,2120220672,2129657856,2147483648,2144337920,2127560704,2138046464,2137260032,2492240087
2122317824,2161115136,2156920832,2140143616,2130706432,2148532224,2146435072,2128609280,2145124352,2138570752,2492256089
2133852160,2138046464,2138046464,2123366400,2130706432,2148532224,2146435072,2128609280,2133327872,2138570752,2492272112
2138046464,2139095040,2138046464,2119172096,2129657856,2147483648,2145386496,2127560704,2133590016,2137522176,2492288108
2126512128,2154823680,2159017984,2135949312,2129657856,2147483648,2144337920,2126512128,2144075776,2136997888,2492305001
2138046464,2140143616,2142240768,2119172096,2129657856,2146435072,2145386496,2126512128,2134900736,2136997888,2492321001
2131755008,2140143616,2138046464,2120220672,2129657856,2147483648,2145386496,2127560704,2132541440,2137522176,2492337001
2127560704,2143289344,2149580800,2126512128,2130706432,2148532224,2145386496,2128609280,2136735744,2138308608,2492353001
2123366400,2142240768,2147483648,2126512128,2130706432,2147483648,2145386496,2127560704,2134900736,2137784320,2492369024
2140143616,2144337920,2142240768,2122317824,2130706432,2148532224,2145386496,2127560704,2137260032,2138046464,2492385023
2140143616,2150629376,2136997888,2124414976,2129657856,2146435072,2144337920,2126512128,2138046464,2136735744,2492401025
2122317824,2142240768,2143289344,2125463552,2129657856,2146435072,2144337920,2125463552,2133327872,2136473600,2492417022
2134900736,2138046464,2135949312,2121269248,2129657856,2147483648,2144337920,2127560704,2132541440,2137260032,2492433046
2140143616,2140143616,2139095040,2120220672,2130706432,2147483648,2144337920,2127560704,2134900736,2137522176,2492449045
2123366400,2157969408,2153775104,2141192192,2130706432,2148532224,2145386496,2128609280,2144075776,2138308608,2492465047
2133852160,2141192192,2139095040,2122317824,2129657856,2148532224,2145386496,2128609280,2134114304,2138046464,2492481045
2134900736,2154823680,2152726528,2133852160,2129657856,2147483648,2144337920,2126512128,2144075776,2136997888,2492497066
2140143616,2146435072,2140143616,2120220672,2129657856,2147483648,2145386496,2127560704,2136735744,2137522176,2492513066
2122317824,2146435072,2156920832,2121269248,2129657856,2146435072,2144337920,2126512128,2136735744,2136735744,2492529068
2138046464,2138046464,2139095040,2117074944,2130706432,2147483648,2145386496,2128609280,2133065728,2138046464,2492545065
2132803584,2153775104,2154823680,2123366400,2130706432,2148532224,2145386496,2127560704,2141192192,2138046464,2492561087
2128609280,2160066560,2157969408,2139095040,2129657856,2147483648,2145386496,2128609280,2146435072,2137784320,2492577087
2138046464,2139095040,2140143616,2119172096,2129657856,2146435072,2144337920,2126512128,2134114304,2136735744,2492593089
2133852160,2149580800,2145386496,2127560704,2129657856,2146435072,2144337920,2126512128,2139095040,2136735744,2492609088
2121269248,2160066560,2149580800,2141192192,2129657856,2146435072,2144337920,2126512128,2143027200,2136735744,2492625109
2138046464,2140143616,2139095040,2122317824,2129657856,2147483648,2145386496,2128609280,2134900736,2137784320,2492642001
2124414976,2164260864,2160066560,2141192192,2130706432,2147483648,2145386496,2127560704,2147483648,2137784320,2492658001
2133852160,2143289344,2135949312,2124414976,2130706432,2147483648,2145386496,2127560704,2134376448,2137784320,2492674000
2124414976,2147483648,2147483648,2130706432,2129657856,2146435072,2145386496,2126512128,2137522176,2136997888,2492690001
2132803584,2160066560,2151677952,2132803584,2129657856,2147483648,2144337920,2127560704,2144337920,2137260032,2492706024
2121269248,2147483648,2151677952,2130706432,2129657856,2147483648,2144337920,2126512128,2137784320,2136997888,2492722025
2124414976,2160066560,2157969408,2138046464,2129657856,2147483648,2144337920,2127560704,2145124352,2137260032,2492738022
2125463552,2141192192,2139095040,2125463552,2130706432,2148532224,2145386496,2129657856,2132803584,2138570752,2492754023
2136997888,2141192192,2138046464,2122317824,2130706432,2148532224,2145386496,2128609280,2134638592,2138308608,2492770045
2134900736,2146435072,2146435072,2121269248,2129657856,2147483648,2146435072,2127560704,2137260032,2137784320,2492786047
2136997888,2139095040,2136997888,2117074944,2129657856,2147483648,2144337920,2126512128,2132541440,2136997888,2492802044
2138046464,2139095040,2145386496,2117074944,2129657856,2147483648,2143289344,2126512128,2134900736,2136735744,2492818044
2121269248,2147483648,2147483648,2131755008,2129657856,2148532224,2144337920,2128609280,2136997888,2137784320,2492834067
2126512128,2147483648,2154823680,2134900736,2130706432,2147483648,2145386496,2127560704,2140930048,2137784320,2492850067
2142240768,2144337920,2146435072,2121269248,2130706432,2148532224,2145386496,2128609280,2138570752,2138308608,2492866064
2126512128,2155872256,2155872256,2135949312,2129657856,2148532224,2145386496,2127560704,2143551488,2137784320,2492882067
2121269248,2149580800,2143289344,2134900736,2128609280,2147483648,2145386496,2126512128,2137260032,2136997888,2492898087
2123366400,2160066560,2157969408,2132803584,2128609280,2146435072,2144337920,2126512128,2143551488,2136473600,2492914090
2124414976,2156920832,2153775104,2136997888,2129657856,2147483648,2144337920,2127560704,2143027200,2137260032,2492930087
2122317824,2147483648,2143289344,2130706432,2130706432,2147483648,2145386496,2127560704,2135949312,2137784320,2492946088
2131755008,2140143616,2138046464,2121269248,2130706432,2147483648,2146435072,2128609280,2132803584,2138308608,2492962108
2124414976,2157969408,2152726528,2140143616,2130706432,2147483648,2145386496,2128609280,2143813632,2138046464,2492978109
2129657856,2140143616,2139095040,2121269248,2129657856,2146435072,2144337920,2125463552,2132541440,2136473600,2492995001
2144337920,2138046464,2142240768,2117074944,2128609280,2147483648,2144337920,2126512128,2135425024,2136735744,2493011001
2124414976,2140143616,2140143616,2121269248,2129657856,2147483648,2144337920,2126512128,2131492864,2136997888,2493027001
2129657856,2141192192,2138046464,2123366400,2130706432,2147483648,2145386496,2127560704,2133065728,2137784320,2493043024
2141192192,2142240768,2138046464,2122317824,2130706432,2147483648,2147483648,2128609280,2135949312,2138570752,2493059023
2134900736,2146435072,2151677952,2124414976,2130706432,2147483648,2146435072,2127560704,2139357184,2138046464,2493075024
2142240768,2140143616,2138046464,2120220672,2129657856,2147483648,2145386496,2127560704,2135162880,2137522176,2493091024
2142240768,2141192192,2136997888,2118123520,2129657856,2146435072,2144337920,2125463552,2134638592,2136473600,2493107046
2132803584,2154823680,2146435072,2130706432,2130706432,2146435072,2143289344,2126512128,2141192192,2136735744,2493123046
2121269248,2147483648,2147483648,2130706432,2129657856,2147483648,2145386496,2127560704,2136735744,2137522176,2493139045
2123366400,2147483648,2147483648,2131755008,2130706432,2149580800,2146435072,2128609280,2137522176,2138832896,2493155046
2122317824,2145386496,2147483648,2129657856,2130706432,2148532224,2145386496,2128609280,2136211456,2138308608,2493171066
2130706432,2154823680,2152726528,2132803584,2129657856,2147483648,2145386496,2127560704,2142765056,2137522176,2493187065
2129657856,2160066560,2149580800,2136997888,2128609280,2148532224,2145386496,2127560704,2144075776,2137522176,2493203068
2134900736,2138046464,2136997888,2122317824,2128609280,2147483648,2144337920,2126512128,2133065728,2136735744,2493219067
2122317824,2150629376,2152726528,2133852160,2129657856,2147483648,2144337920,2127560704,2139881472,2137260032,2493235087
2140143616,2141192192,2145386496,2121269248,2130706432,2148532224,2146435072,2127560704,2136997888,2138308608,2493251088
2132803584,2142240768,2141192192,2120220672,2131755008,2147483648,2145386496,2127560704,2134114304,2138046464,2493267087
2123366400,2153775104,2147483648,2139095040,2130706432,2147483648,2145386496,2127560704,2140930048,2137784320,2493283087
2138046464,2140143616,2138046464,2120220672,2129657856,2147483648,2145386496,2126512128,2134114304,2137260032,2493299111
2127560704,2156920832,2156920832,2133852160,2129657856,2146435072,2143289344,2126512128,2143813632,2136473600,2493315110
2123366400,2162163712,2149580800,2144337920,2129657856,2147483648,2145386496,2126512128,2144862208,2137260032,2493332001
2129657856,2142240768,2136997888,2124414976,2130706432,2147483648,2145386496,2127560704,2133327872,2137784320,2493348001
2140143616,2140143616,2139095040,2121269248,2131755008,2148532224,2145386496,2128609280,2135162880,2138570752,2493364001
2138046464,2142240768,2141192192,2121269248,2129657856,2148532224,2146435072,2127560704,2135687168,2138046464,2493380000
2122317824,2152726528,2142240768,2139095040,2129657856,2148532224,2144337920,2126512128,2139095040,2137260032,2493396023
2138046464,2148532224,2144337920,2121269248,2129657856,2147483648,2144337920,2126512128,2138046464,2136997888,2493412024
2127560704,2159017984,2152726528,2135949312,2128609280,2147483648,2144337920,2127560704,2143813632,2136997888,2493428023
2124414976,2145386496,2149580800,2128609280,2129657856,2148532224,2144337920,2128609280,2136997888,2137784320,2493444023
2131755008,2152726528,2153775104,2134900736,2130706432,2148532224,2146435072,2128609280,2143289344,2138570752,2493460046
2131755008,2143289344,2135949312,2124414976,2129657856,2147483648,2145386496,2128609280,2133852160,2137784320,2493476045
2139095040,2152726528,2146435072,2126512128,2129657856,2148532224,2145386496,2128609280,2141192192,2138046464,2493492045
2121269248,2151677952,2145386496,2134900736,2128609280,2146435072,2143289344,2125463552,2138308608,2135949312,2493508044
2126512128,2160066560,2152726528,2134900736,2129657856,2147483648,2144337920,2126512128,2143551488,2136997888,2493524068
2129657856,2143289344,2140143616,2122317824,2129657856,2147483648,2145386496,2127560704,2133852160,2137522176,2493540067
2125463552,2143289344,2139095040,2126512128,2130706432,2147483648,2145386496,2128609280,2133590016,2138046464,2493556067
2123366400,2154823680,2154823680,2140143616,2130706432,2148532224,2145386496,2127560704,2143289344,2138046464,2493572065
2138046464,2140143616,2139095040,2120220672,2130706432,2147483648,2145386496,2126512128,2134376448,2137522176,2493588088
2122317824,2151677952,2149580800,2134900736,2129657856,2146435072,2143289344,2126512128,2139619328,2136473600,2493604090
2119172096,2164260864,2147483648,2138046464,2128609280,2147483648,2145386496,2126512128,2142240768,2136997888,2493620088
2123366400,2147483648,2141192192,2131755008,2129657856,2146435072,2144337920,2127560704,2135949312,2136997888,2493636085
2142240768,2141192192,2138046464,2122317824,2130706432,2149580800,2145386496,2128609280,2135949312,2138570752,2493652108
2122317824,2156920832,2150629376,2140143616,2129657856,2148532224,2145386496,2128609280,2142502912,2138046464,2493669001
2139095040,2141192192,2136997888,2117074944,2130706432,2147483648,2145386496,2127560704,2133590016,2137784320,2493685001
2121269248,2143289344,2138046464,2125463552,2129657856,2147483648,2144337920,2126512128,2132017152,2136997888,2493701001
2122317824,2150629376,2143289344,2135949312,2129657856,2146435072,2143289344,2125463552,2138046464,2136211456,2493717001
2123366400,2140143616,2141192192,2121269248,2128609280,2148532224,2144337920,2127560704,2131492864,2137260032,2493733024
2134900736,2143289344,2138046464,2122317824,2130706432,2147483648,2145386496,2128609280,2134638592,2138046464,2493749023
2125463552,2147483648,2154823680,2130706432,2130706432,2148532224,2145386496,2128609280,2139619328,2138308608,2493765023
2126512128,2154823680,2154823680,2138046464,2130706432,2147483648,2145386496,2127560704,2143551488,2137784320,2493781024
2139095040,2150629376,2138046464,2132803584,2129657856,2147483648,2144337920,2126512128,2140143616,2136997888,2493797045
2138046464,2146435072,2138046464,2119172096,2127560704,2147483648,2144337920,2126512128,2135425024,2136473600,2493813046
2121269248,2151677952,2147483648,2134900736,2129657856,2146435072,2144337920,2126512128,2138832896,2136735744,2493829047
2144337920,2139095040,2138046464,2117074944,2130706432,2147483648,2144337920,2127560704,2134638592,2137522176,2493845045
2133852160,2140143616,2138046464,2121269248,2130706432,2148532224,2145386496,2128609280,2133327872,2138308608,2493861069
2127560704,2159017984,2154823680,2136997888,2129657856,2147483648,2145386496,2127560704,2144600064,2137522176,2493877067
2124414976,2146435072,2142240768,2129657856,2128609280,2147483648,2144337920,2127560704,2135687168,2136997888,2493893065
2121269248,2151677952,2149580800,2135949312,2128609280,2147483648,2144337920,2126512128,2139619328,2136735744,2493909069
2132803584,2154823680,2153775104,2128609280,2129657856,2147483648,2144337920,2127560704,2142502912,2137260032,2493925087
2123366400,2156920832,2152726528,2139095040,2128609280,2147483648,2145386496,2128609280,2143027200,2137522176,2493941090
2136997888,2141192192,2140143616,2120220672,2130706432,2148532224,2145386496,2128609280,2134638592,2138308608,2493957087
2141192192,2143289344,2152726528,2122317824,2130706432,2148532224,2145386496,2128609280,2139881472,2138308608,2493973088
2139095040,2142240768,2136997888,2124414976,2129657856,2147483648,2145386496,2127560704,2135687168,2137522176,2493989110
2131755008,2143289344,2135949312,2124414976,2129657856,2146435072,2143289344,2126512128,2133852160,2136473600,2494005111
2122317824,2157969408,2147483648,2141192192,2128609280,2147483648,2144337920,2126512128,2142240768,2136735744,2494022000
2122317824,2140143616,2139095040,2121269248,2129657856,2147483648,2143289344,2126512128,2130706432,2136735744,2494038001
2124414976,2147483648,2147483648,2127560704,2129657856,2148532224,2145386496,2128609280,2136735744,2138046464,2494054001
2124414976,2144337920,2144337920,2128609280,2130706432,2148532224,2145386496,2127560704,2135425024,2138046464,2494070024
2130706432,2154823680,2156920832,2138046464,2130706432,2146435072,2145386496,2127560704,2145124352,2137522176,2494086024
2142240768,2139095040,2136997888,2117074944,2130706432,2146435072,2144337920,2126512128,2133852160,2136997888,2494102023
2128609280,2146435072,2154823680,2122317824,2128609280,2147483648,2144337920,2127560704,2138046464,2136997888,2494118025
2141192192,2138046464,2135949312,2123366400,2129657856,2146435072,2144337920,2126512128,2134638592,2136735744,2494134044
2129657856,2140143616,2140143616,2121269248,2129657856,2148532224,2145386496,2128609280,2132803584,2138046464,2494150045
2141192192,2142240768,2140143616,2122317824,2130706432,2147483648,2145386496,2127560704,2136473600,2137784320,2494166045
2140143616,2146435072,2139095040,2123366400,2130706432,2147483648,2146435072,2127560704,2137260032,2138046464,2494182045
2139095040,2151677952,2143289344,2127560704,2129657856,2147483648,2145386496,2126512128,2140405760,2137260032,2494198068
2142240768,2138046464,2138046464,2120220672,2129657856,2147483648,2144337920,2126512128,2134638592,2136997888,2494214065
2119172096,2151677952,2143289344,2134900736,2129657856,2146435072,2144337920,2127560704,2137260032,2136997888,2494230067
2126512128,2154823680,2157969408,2130706432,2129657856,2148532224,2145386496,2128609280,2142502912,2138046464,2494246066
2132803584,2160066560,2146435072,2131755008,2130706432,2148532224,2146435072,2128609280,2142765056,2138570752,2494262086
2129657856,2141192192,2140143616,2122317824,2129657856,2148532224,2145386496,2127560704,2133327872,2137784320,2494278088
2127560704,2155872256,2156920832,2133852160,2128609280,2148532224,2145386496,2127560704,2143551488,2137522176,2494294087
2122317824,2143289344,2139095040,2124414976,2129657856,2147483648,2144337920,2125463552,2132279296,2136735744,2494310086
2125463552,2152726528,2157969408,2136997888,2129657856,2146435072,2144337920,2126512128,2143289344,2136735744,2494326109
2124414976,2164260864,2154823680,2135949312,2129657856,2148532224,2145386496,2127560704,2144862208,2137784320,2494342106
2124414976,2149580800,2143289344,2129657856,2130706432,2148532224,2145386496,2128609280,2136735744,2138308608,2494359001
2129657856,2160066560,2155872256,2138046464,2130706432,2148532224,2145386496,2128609280,2145910784,2138308608,2494375001
2126512128,2155872256,2160066560,2133852160,2129657856,2147483648,2145386496,2127560704,2144075776,2137522176,2494391001
2133852160,2154823680,2151677952,2121269248,2129657856,2146435072,2144337920,2126512128,2140405760,2136735744,2494407001
2133852160,2140143616,2138046464,2120220672,2128609280,2147483648,2144337920,2127560704,2133065728,2136997888,2494423025
2122317824,2160066560,2153775104,2133852160,2129657856,2148532224,2145386496,2128609280,2142502912,2138046464,2494439023
2123366400,2148532224,2151677952,2131755008,2130706432,2148532224,2145386496,2127560704,2138832896,2138046464,2494455024
2132803584,2156920832,2146435072,2132803584,2129657856,2148532224,2146435072,2128609280,2142240768,2138308608,2494471023
2124414976,2156920832,2156920832,2138046464,2129657856,2147483648,2143289344,2127560704,2144075776,2136997888,2494487045
2121269248,2147483648,2149580800,2131755008,2129657856,2146435072,2143289344,2126512128,2137522176,2136473600,2494503047
2126512128,2160066560,2153775104,2135949312,2128609280,2147483648,2144337920,2125463552,2144075776,2136473600,2494519047
2132803584,2140143616,2136997888,2120220672,2129657856,2147483648,2145386496,2125463552,2132541440,2136997888,2494535046
2122317824,2154823680,2154823680,2138046464,2129657856,2148532224,2145386496,2128609280,2142502912,2138046464,2494551067
2122317824,2152726528,2149580800,2136997888,2129657856,2148532224,2145386496,2128609280,2140405760,2138046464,2494567066
2136997888,2152726528,2146435072,2134900736,2129657856,2148532224,2146435072,2128609280,2142765056,2138308608,2494583069
2121269248,2159017984,2155872256,2141192192,2129657856,2147483648,2144337920,2126512128,2144337920,2136997888,2494599065
2141192192,2141192192,2142240768,2117074944,2129657856,2146435072,2144337920,2125463552,2135425024,2136473600,2494615089
2126512128,2161115136,2156920832,2134900736,2129657856,2146435072,2145386496,2126512128,2144862208,2136997888,2494631088
2128609280,2141192192,2138046464,2121269248,2130706432,2148532224,2145386496,2128609280,2132279296,2138308608,2494647087
2124414976,2160066560,2148532224,2143289344,2130706432,2148532224,2146435072,2128609280,2144075776,2138570752,2494663085
2142240768,2140143616,2141192192,2121269248,2130706432,2147483648,2146435072,2127560704,2136211456,2138046464,2494679109
2135949312,2141192192,2136997888,2122317824,2129657856,2147483648,2144337920,2127560704,2134114304,2137260032,2494696001
2134900736,2139095040,2138046464,2118123520,2128609280,2147483648,2145386496,2126512128,2132541440,2136997888,2494712001
2126512128,2154823680,2157969408,2125463552,2129657856,2147483648,2144337920,2126512128,2141192192,2136997888,2494728000
2138046464,2146435072,2135949312,2122317824,2130706432,2148532224,2145386496,2127560704,2135687168,2138046464,2494744001
2143289344,2141192192,2145386496,2119172096,2130706432,2148532224,2145386496,2128609280,2137260032,2138308608,2494760022
2140143616,2140143616,2138046464,2121269248,2130706432,2147483648,2146435072,2127560704,2134900736,2138046464,2494776023
2124414976,2159017984,2156920832,2138046464,2129657856,2147483648,2145386496,2126512128,2144600064,2137260032,2494792024
2134900736,2141192192,2136997888,2120220672,2128609280,2147483648,2144337920,2126512128,2133327872,2136735744,2494808023
2129657856,2160066560,2153775104,2134900736,2129657856,2146435072,2144337920,2126512128,2144600064,2136735744,2494824045
2124414976,2161115136,2156920832,2136997888,2129657856,2147483648,2146435072,2127560704,2144862208,2137784320,2494840045
2131755008,2155872256,2146435072,2127560704,2129657856,2148532224,2145386496,2127560704,2140405760,2137784320,2494856045
2131755008,2162163712,2154823680,2135949312,2130706432,2148532224,2146435072,2128609280,2146172928,2138570752,2494872046
2140143616,2143289344,2139095040,2122317824,2130706432,2148532224,2145386496,2127560704,2136211456,2138046464,2494888068
2122317824,2162163712,2153775104,2141192192,2129657856,2147483648,2144337920,2127560704,2144862208,2137260032,2494904067
2120220672,2160066560,2149580800,2139095040,2128609280,2147483648,2144337920,2126512128,2142240768,2136735744,2494920065
2125463552,2151677952,2157969408,2132803584,2130706432,2146435072,2144337920,2126512128,2141978624,2136997888,2494936067
2123366400,2152726528,2150629376,2135949312,2129657856,2148532224,2145386496,2128609280,2140667904,2138046464,2494952088
2125463552,2140143616,2141192192,2121269248,2130706432,2148532224,2146435072,2128609280,2132017152,2138570752,2494968088
2127560704,2142240768,2142240768,2124414976,2129657856,2148532224,2145386496,2127560704,2134114304,2137784320,2494984089
2133852160,2143289344,2139095040,2122317824,2128609280,2147483648,2144337920,2126512128,2134638592,2136735744,2495000088
2126512128,2156920832,2151677952,2131755008,2128609280,2146435072,2143289344,2126512128,2141716480,2136211456,2495016110
2120220672,2147483648,2147483648,2130706432,2129657856,2147483648,2144337920,2126512128,2136473600,2136997888,2495032110
2125463552,2160066560,2159017984,2132803584,2129657856,2148532224,2145386496,2128609280,2144337920,2138046464,2495049000
2122317824,2148532224,2145386496,2133852160,2130706432,2148532224,2145386496,2129657856,2137522176,2138570752,2495065001
2123366400,2153775104,2159017984,2136997888,2130706432,2147483648,2145386496,2128609280,2143289344,2138046464,2495081001
2127560704,2153775104,2156920832,2132803584,2129657856,2147483648,2145386496,2126512128,2142765056,2137260032,2495097024
2123366400,2147483648,2147483648,2127560704,2129657856,2146435072,2144337920,2126512128,2136473600,2136735744,2495113022
2133852160,2140143616,2136997888,2120220672,2129657856,2146435072,2144337920,2126512128,2132803584,2136735744,2495129025
2124414976,2155872256,2147483648,2140143616,2129657856,2148532224,2145386496,2128609280,2141978624,2138046464,2495145023
2134900736,2152726528,2151677952,2132803584,2130706432,2148532224,2145386496,2128609280,2143027200,2138308608,2495161047
2123366400,2149580800,2155872256,2132803584,2130706432,2147483648,2145386496,2127560704,2140405760,2137784320,2495177044
2131755008,2159017984,2159017984,2130706432,2129657856,2147483648,2145386496,2126512128,2145124352,2137260032,2495193046
2127560704,2141192192,2136997888,2122317824,2129657856,2146435072,2143289344,2125463552,2132017152,2136211456,2495209045
2122317824,2155872256,2152726528,2138046464,2128609280,2148532224,2145386496,2126512128,2142240768,2137260032,2495225066
2122317824,2145386496,2139095040,2128609280,2129657856,2147483648,2145386496,2127560704,2133852160,2137522176,2495241067
2123366400,2147483648,2143289344,2131755008,2130706432,2148532224,2145386496,2128609280,2136473600,2138308608,2495257068
2143289344,2138046464,2139095040,2119172096,2130706432,2147483648,2145386496,2128609280,2134900736,2138046464,2495273066
2138046464,2140143616,2138046464,2119172096,2129657856,2146435072,2145386496,2126512128,2133852160,2136997888,2495289091
2122317824,2151677952,2147483648,2134900736,2129657856,2146435072,2145386496,2126512128,2139095040,2136997888,2495305087
2122317824,2160066560,2155872256,2133852160,2129657856,2146435072,2145386496,2125463552,2143027200,2136735744,2495321088
2133852160,2152726528,2148532224,2131755008,2130706432,2147483648,2145386496,2127560704,2141716480,2137784320,2495337088
2132803584,2156920832,2156920832,2138046464,2129657856,2148532224,2146435072,2128609280,2146172928,2138308608,2495353109
2123366400,2145386496,2141192192,2126512128,2129657856,2148532224,2146435072,2128609280,2134114304,2138308608,2495369108
2130706432,2155872256,2153775104,2132803584,2129657856,2148532224,2145386496,2128609280,2143289344,2138046464,2495386001
2135949312,2151677952,2146435072,2129657856,2129657856,2146435072,2143289344,2126512128,2140930048,2136473600,2495402001
2122317824,2161115136,2157969408,2133852160,2128609280,2146435072,2144337920,2126512128,2143813632,2136473600,2495418001
2126512128,2154823680,2150629376,2130706432,2128609280,2147483648,2145386496,2126512128,2140667904,2136997888,2495434000
2132803584,2138046464,2138046464,2122317824,2129657856,2148532224,2145386496,2128609280,2132803584,2138046464,2495450023
2139095040,2160066560,2146435072,2131755008,2130706432,2147483648,2146435072,2128609280,2144337920,2138308608,2495466023
2136997888,2142240768,2139095040,2123366400,2130706432,2147483648,2145386496,2126512128,2135425024,2137522176,2495482023
2132803584,2154823680,2152726528,2133852160,2129657856,2147483648,2144337920,2126512128,2143551488,2136997888,2495498022
2124414976,2147483648,2144337920,2131755008,2128609280,2146435072,2144337920,2126512128,2136997888,2136473600,2495514046
2122317824,2151677952,2143289344,2139095040,2129657856,2147483648,2144337920,2127560704,2139095040,2137260032,2495530045
2136997888,2146435072,2144337920,2124414976,2129657856,2147483648,2145386496,2127560704,2138046464,2137522176,2495546045
2123366400,2148532224,2142240768,2133852160,2129657856,2148532224,2146435072,2128609280,2136997888,2138308608,2495562044
2140143616,2140143616,2140143616,2120220672,2130706432,2147483648,2145386496,2127560704,2135162880,2137784320,2495578067
2132803584,2141192192,2136997888,2122317824,2128609280,2147483648,2144337920,2127560704,2133327872,2136997888,2495594067
2140143616,2140143616,2136997888,2118123520,2130706432,2147483648,2144337920,2126512128,2133852160,2137260032,2495610067
2134900736,2140143616,2136997888,2122317824,2129657856,2147483648,2144337920,2127560704,2133590016,2137260032,2495626064
2143289344,2140143616,2139095040,2120220672,2130706432,2147483648,2145386496,2127560704,2135687168,2137784320,2495642088
2122317824,2148532224,2149580800,2134900736,2130706432,2148532224,2145386496,2128609280,2138832896,2138308608,2495658088
2129657856,2140143616,2140143616,2121269248,2130706432,2147483648,2145386496,2127560704,2132803584,2137784320,2495674088
2133852160,2143289344,2140143616,2122317824,2129657856,2147483648,2144337920,2127560704,2134900736,2137260032,2495690085
2123366400,2160066560,2156920832,2133852160,2128609280,2147483648,2144337920,2126512128,2143551488,2136735744,2495706109
2138046464,2146435072,2138046464,2119172096,2130706432,2146435072,2144337920,2126512128,2135425024,2136997888,2495723001
2121269248,2147483648,2142240768,2126512128,2130706432,2147483648,2144337920,2127560704,2134376448,2137522176,2495739001
2122317824,2147483648,2148532224,2129657856,2130706432,2148532224,2145386496,2128609280,2136997888,2138308608,2495755001
2125463552,2141192192,2139095040,2123366400,2129657856,2148532224,2146435072,2128609280,2132279296,2138308608,2495771001
2122317824,2156920832,2150629376,2139095040,2129657856,2147483648,2145386496,2127560704,2142240768,2137522176,2495787023
2122317824,2159017984,2153775104,2141192192,2128609280,2148532224,2144337920,2127560704,2144075776,2137260032,2495803023
2144337920,2141192192,2138046464,2118123520,2128609280,2146435072,2144337920,2126512128,2135425024,2136473600,2495819024
2127560704,2155872256,2147483648,2132803584,2129657856,2147483648,2145386496,2127560704,2140930048,2137522176,2495835023
2122317824,2143289344,2147483648,2123366400,2129657856,2148532224,2145386496,2128609280,2134114304,2138046464,2495851045
2123366400,2148532224,2142240768,2131755008,2129657856,2148532224,2146435072,2128609280,2136473600,2138308608,2495867047
2123366400,2142240768,2147483648,2125463552,2130706432,2148532224,2146435072,2127560704,2134638592,2138308608,2495883047
2123366400,2142240768,2140143616,2125463552,2129657856,2147483648,2144337920,2126512128,2132803584,2136997888,2495899045
2121269248,2159017984,2148532224,2142240768,2128609280,2146435072,2144337920,2126512128,2142765056,2136473600,2495915066
2129657856,2140143616,2138046464,2121269248,2128609280,2148532224,2145386496,2128609280,2132279296,2137784320,2495931068
2135949312,2139095040,2138046464,2121269248,2130706432,2148532224,2145386496,2128609280,2133590016,2138308608,2495947066
2129657856,2143289344,2141192192,2122317824,2130706432,2148532224,2146435072,2128609280,2134114304,2138570752,2495963066
2127560704,2159017984,2156920832,2133852160,2129657856,2148532224,2146435072,2128609280,2144337920,2138308608,2495979089
2124414976,2159017984,2147483648,2141192192,2129657856,2146435072,2144337920,2126512128,2143027200,2136735744,2495995090
2125463552,2168455168,2159017984,2139095040,2128609280,2147483648,2144337920,2127560704,2148007936,2136997888,2496011088
2126512128,2156920832,2154823680,2135949312,2128609280,2148532224,2145386496,2126512128,2143551488,2137260032,2496027086
2130706432,2152726528,2154823680,2129657856,2129657856,2147483648,2145386496,2127560704,2141978624,2137522176,2496043112
2138046464,2143289344,2138046464,2122317824,2130706432,2148532224,2146435072,2128609280,2135425024,2138570752,2496059109
2123366400,2148532224,2157969408,2131755008,2129657856,2148532224,2145386496,2128609280,2140405760,2138046464,2496076000
2128609280,2155872256,2155872256,2134900736,2129657856,2147483648,2145386496,2127560704,2143813632,2137522176,2496092001
2127560704,2155872256,2156920832,2133852160,2129657856,2147483648,2145386496,2126512128,2143551488,2137260032,2496108001
2133852160,2143289344,2136997888,2122317824,2129657856,2147483648,2144337920,2126512128,2134114304,2136997888,2496124025
2122317824,2159017984,2153775104,2140143616,2129657856,2147483648,2145386496,2126512128,2143813632,2137260032,2496140022
2126512128,2155872256,2156920832,2133852160,2130706432,2148532224,2145386496,2128609280,2143289344,2138308608,2496156022
2138046464,2143289344,2139095040,2121269248,2129657856,2148532224,2146435072,2127560704,2135425024,2138046464,2496172025
2126512128,2154823680,2156920832,2125463552,2129657856,2147483648,2145386496,2127560704,2140930048,2137522176,2496188045
2133852160,2138046464,2139095040,2122317824,2129657856,2147483648,2144337920,2126512128,2133327872,2136997888,2496204046
2140143616,2141192192,2142240768,2120220672,2128609280,2147483648,2144337920,2126512128,2135949312,2136735744,2496220047
2122317824,2147483648,2152726528,2129657856,2129657856,2148532224,2144337920,2127560704,2138046464,2137522176,2496236046
2124414976,2147483648,2138046464,2130706432,2130706432,2148532224,2144337920,2128609280,2135162880,2138046464,2496252067
2132803584,2139095040,2141192192,2119172096,2130706432,2148532224,2144337920,2128609280,2133065728,2138046464,2496268064
2142240768,2145386496,2144337920,2123366400,2129657856,2148532224,2145386496,2127560704,2138832896,2137784320,2496284067
2123366400,2142240768,2144337920,2125463552,2129657856,2147483648,2144337920,2126512128,2133852160,2136997888,2496300068
2139095040,2152726528,2142240768,2127560704,2129657856,2147483648,2144337920,2126512128,2140405760,2136997888,2496316088
2121269248,2149580800,2141192192,2133852160,2129657856,2146435072,2145386496,2126512128,2136473600,2136997888,2496332085
2133852160,2139095040,2138046464,2121269248,2130706432,2148532224,2145386496,2128609280,2133065728,2138308608,2496348089
2120220672,2165309440,2150629376,2138046464,2130706432,2148532224,2145386496,2129657856,2143551488,2138570752,2496364088
2142240768,2141192192,2140143616,2122317824,2129657856,2147483648,2146435072,2126512128,2136473600,2137522176,2496380109
2133852160,2139095040,2141192192,2117074944,2129657856,2146435072,2145386496,2126512128,2132803584,2136997888,2496396106
2121269248,2147483648,2151677952,2130706432,2128609280,2147483648,2144337920,2126512128,2137784320,2136735744,2496413001
2124414976,2142240768,2142240768,2123366400,2128609280,2148532224,2145386496,2128609280,2133065728,2137784320,2496429001
2123366400,2142240768,2147483648,2123366400,2129657856,2147483648,2145386496,2128609280,2134114304,2137784320,2496445001
2124414976,2143289344,2140143616,2126512128,2129657856,2148532224,2146435072,2128609280,2133590016,2138308608,2496461001
2143289344,2151677952,2142240768,2131755008,2129657856,2148532224,2146435072,2128609280,2142240768,2138308608,2496477023
2134900736,2139095040,2140143616,2117074944,2129657856,2148532224,2145386496,2127560704,2132803584,2137784320,2496493024
2122317824,2154823680,2152726528,2136997888,2128609280,2147483648,2144337920,2126512128,2141716480,2136735744,2496509024
2135949312,2141192192,2135949312,2122317824,2128609280,2147483648,2144337920,2127560704,2133852160,2136997888,2496525022
2122317824,2162163712,2155872256,2135949312,2129657856,2148532224,2145386496,2127560704,2144075776,2137784320,2496541045
2123366400,2151677952,2151677952,2139095040,2130706432,2147483648,2146435072,2127560704,2141454336,2138046464,2496557046
2134900736,2146435072,2153775104,2122317824,2130706432,2148532224,2146435072,2128609280,2139357184,2138570752,2496573044
2126512128,2162163712,2157969408,2136997888,2129657856,2148532224,2145386496,2127560704,2145910784,2137784320,2496589045
2133852160,2150629376,2146435072,2120220672,2128609280,2147483648,2144337920,2126512128,2137784320,2136735744,2496605068
2122317824,2148532224,2147483648,2131755008,2129657856,2147483648,2144337920,2126512128,2137522176,2136997888,2496621066
2133852160,2152726528,2150629376,2132803584,2128609280,2147483648,2144337920,2127560704,2142502912,2136997888,2496637066
2134900736,2146435072,2152726528,2124414976,2130706432,2148532224,2145386496,2128609280,2139619328,2138308608,2496653065
2141192192,2140143616,2146435072,2121269248,2130706432,2148532224,2144337920,2128609280,2137260032,2138046464,2496669088
2134900736,2154823680,2150629376,2128609280,2129657856,2147483648,2144337920,2127560704,2142240768,2137260032,2496685089
2132803584,2152726528,2150629376,2132803584,2129657856,2146435072,2144337920,2125463552,2142240768,2136473600,2496701089
2129657856,2140143616,2136997888,2121269248,2129657856,2146435072,2144337920,2126512128,2132017152,2136735744,2496717087
2139095040,2146435072,2145386496,2122317824,2129657856,2147483648,2145386496,2126512128,2138308608,2137260032,2496733110
2138046464,2138046464,2136997888,2121269248,2130706432,2147483648,2145386496,2128609280,2133590016,2138046464,2496750001
2124414976,2145386496,2151677952,2132803584,2130706432,2148532224,2146435072,2128609280,2138570752,2138570752,2496766001
2135949312,2139095040,2138046464,2121269248,2129657856,2147483648,2145386496,2127560704,2133590016,2137522176,2496782001
2124414976,2149580800,2148532224,2133852160,2129657856,2147483648,2144337920,2126512128,2139095040,2136997888,2496798001
2135949312,2142240768,2142240768,2119172096,2129657856,2146435072,2144337920,2125463552,2134900736,2136473600,2496814022
2120220672,2160066560,2150629376,2140143616,2128609280,2147483648,2144337920,2127560704,2142765056,2136997888,2496830024
2139095040,2155872256,2145386496,2130706432,2129657856,2148532224,2146435072,2128609280,2142765056,2138308608,2496846022
2138046464,2142240768,2139095040,2122317824,2130706432,2148532224,2146435072,2128609280,2135425024,2138570752,2496862024
2139095040,2155872256,2144337920,2130706432,2130706432,2147483648,2145386496,2127560704,2142502912,2137784320,2496878044
2122317824,2151677952,2147483648,2130706432,2129657856,2147483648,2144337920,2127560704,2138046464,2137260032,2496894044
2130706432,2146435072,2152726528,2123366400,2129657856,2147483648,2143289344,2126512128,2138308608,2136735744,2496910045
2124414976,2160066560,2153775104,2139095040,2129657856,2147483648,2144337920,2126512128,2144337920,2136997888,2496926045
2129657856,2143289344,2141192192,2123366400,2130706432,2147483648,2144337920,2127560704,2134376448,2137522176,2496942065
2136997888,2152726528,2145386496,2123366400,2129657856,2147483648,2145386496,2128609280,2139619328,2137784320,2496958067
2141192192,2149580800,2146435072,2126512128,2130706432,2147483648,2145386496,2127560704,2140930048,2137784320,2496974065
2141192192,2143289344,2136997888,2122317824,2130706432,2147483648,2145386496,2127560704,2135949312,2137784320,2496990068
2126512128,2145386496,2136997888,2124414976,2128609280,2148532224,2144337920,2127560704,2133327872,2137260032,2497006090
2135949312,2153775104,2140143616,2129657856,2129657856,2147483648,2144337920,2126512128,2139881472,2136997888,2497022089
2123366400,2142240768,2142240768,2125463552,2129657856,2147483648,2145386496,2127560704,2133327872,2137522176,2497038088
2128609280,2160066560,2153775104,2134900736,2129657856,2147483648,2145386496,2128609280,2144337920,2137784320,2497054089
2125463552,2150629376,2155872256,2135949312,2130706432,2147483648,2145386496,2128609280,2141978624,2138046464,2497070110
2127560704,2142240768,2139095040,2126512128,2129657856,2147483648,2145386496,2127560704,2133852160,2137522176,2497086109
2126512128,2145386496,2136997888,2128609280,2128609280,2146435072,2144337920,2126512128,2134376448,2136473600,2497103001
2123366400,2143289344,2141192192,2123366400,2129657856,2146435072,2144337920,2126512128,2132803584,2136735744,2497119001
2135949312,2138046464,2138046464,2119172096,2129657856,2146435072,2143289344,2126512128,2132803584,2136473600,2497135001
2122317824,2150629376,2151677952,2133852160,2130706432,2148532224,2145386496,2128609280,2139619328,2138308608,2497151024
2141192192,2146435072,2139095040,2122317824,2129657856,2148532224,2146435072,2128609280,2137260032,2138308608,2497167024
2122317824,2164260864,2147483648,2147483648,2129657856,2148532224,2145386496,2127560704,2145386496,2137784320,2497183024
2135949312,2153775104,2146435072,2131755008,2129657856,2147483648,2145386496,2126512128,2141978624,2137260032,2497199023
