2134900736,2146435072,2146435072,2122317824,2129657856,2147483648,2145386496,2127560704,2137522176,2137522176,2498290046
2122317824,2149580800,2143289344,2134900736,2129657856,2147483648,2145386496,2127560704,2137522176,2137522176,2498306067
2124414976,2155872256,2156920832,2139095040,2129657856,2147483648,2144337920,2127560704,2144075776,2137260032,2498322065
2126512128,2140143616,2144337920,2124414976,2130706432,2146435072,2145386496,2127560704,2133852160,2137522176,2498338066
2124414976,2156920832,2159017984,2138046464,2129657856,2147483648,2144337920,2127560704,2144600064,2137260032,2498354066
2123366400,2141192192,2144337920,2123366400,2129657856,2147483648,2145386496,2126512128,2133065728,2137260032,2498370087
2124414976,2150629376,2155872256,2133852160,2129657856,2147483648,2144337920,2127560704,2141192192,2137260032,2498386086
2129657856,2143289344,2141192192,2124414976,2129657856,2147483648,2145386496,2126512128,2134638592,2137260032,2498402088
2134900736,2146435072,2146435072,2121269248,2129657856,2147483648,2145386496,2127560704,2137260032,2137522176,2498418087
2136997888,2141192192,2139095040,2119172096,2129657856,2147483648,2145386496,2127560704,2134114304,2137522176,2498434110
2133852160,2151677952,2151677952,2133852160,2129657856,2147483648,2145386496,2126512128,2142765056,2137260032,2498450108
2139095040,2139095040,2139095040,2119172096,2131755008,2147483648,2145386496,2126512128,2134114304,2137784320,2498467001
2135949312,2146435072,2136997888,2122317824,2129657856,2147483648,2144337920,2126512128,2135425024,2136997888,2498483001
2123366400,2140143616,2139095040,2121269248,2129657856,2146435072,2144337920,2125463552,2130968576,2136473600,2498499001
2135949312,2139095040,2135949312,2117074944,2129657856,2147483648,2144337920,2126512128,2132017152,2136997888,2498515001
2121269248,2151677952,2140143616,2139095040,2129657856,2148532224,2145386496,2127560704,2138046464,2137784320,2498531024
2124414976,2147483648,2144337920,2130706432,2130706432,2149580800,2146435072,2128609280,2136735744,2138832896,2498547024
2135949312,2143289344,2146435072,2119172096,2129657856,2148532224,2146435072,2128609280,2136211456,2138308608,2498563024
2133852160,2138046464,2138046464,2121269248,2129657856,2146435072,2145386496,2125463552,2132803584,2136735744,2498579023
2138046464,2135949312,2139095040,2116026368,2128609280,2147483648,2144337920,2126512128,2132279296,2136735744,2498595046
2123366400,2144337920,2147483648,2125463552,2129657856,2146435072,2144337920,2126512128,2135162880,2136735744,2498611046
2134900736,2140143616,2138046464,2121269248,2130706432,2148532224,2144337920,2128609280,2133590016,2138046464,2498627047
2124414976,2149580800,2151677952,2132803584,2130706432,2148532224,2145386496,2129657856,2139619328,2138570752,2498643045
2128609280,2160066560,2151677952,2134900736,2130706432,2148532224,2146435072,2128609280,2143813632,2138570752,2498659066
2143289344,2146435072,2136997888,2123366400,2129657856,2147483648,2145386496,2126512128,2137522176,2137260032,2498675067
2135949312,2139095040,2135949312,2119172096,2129657856,2146435072,2144337920,2126512128,2132541440,2136735744,2498691068
2122317824,2147483648,2141192192,2128609280,2129657856,2147483648,2143289344,2126512128,2134900736,2136735744,2498707066
2135949312,2151677952,2145386496,2127560704,2129657856,2148532224,2145386496,2128609280,2140143616,2138046464,2498723088
2125463552,2162163712,2155872256,2145386496,2129657856,2148532224,2146435072,2128609280,2147221504,2138308608,2498739089
2134900736,2146435072,2146435072,2123366400,2129657856,2148532224,2146435072,2128609280,2137784320,2138308608,2498755089
2127560704,2157969408,2153775104,2129657856,2129657856,2147483648,2144337920,2127560704,2142240768,2137260032,2498771085
2132803584,2153775104,2149580800,2129657856,2129657856,2146435072,2144337920,2125463552,2141454336,2136473600,2498787109
2123366400,2147483648,2147483648,2130706432,2128609280,2147483648,2145386496,2126512128,2137260032,2136997888,2498804001
2122317824,2141192192,2147483648,2123366400,2129657856,2147483648,2144337920,2127560704,2133590016,2137260032,2498820001
2123366400,2163212288,2157969408,2139095040,2129657856,2148532224,2145386496,2128609280,2145910784,2138046464,2498836000
2125463552,2161115136,2159017984,2141192192,2130706432,2148532224,2146435072,2128609280,2146697216,2138570752,2498852001
2127560704,2143289344,2139095040,2126512128,2129657856,2147483648,2144337920,2126512128,2134114304,2136997888,2498868024
2131755008,2150629376,2151677952,2124414976,2129657856,2146435072,2145386496,2126512128,2139619328,2136997888,2498884024
2134900736,2154823680,2153775104,2128609280,2129657856,2146435072,2144337920,2125463552,2143027200,2136473600,2498900022
2141192192,2142240768,2141192192,2118123520,2129657856,2146435072,2145386496,2126512128,2135687168,2136997888,2498916025
2125463552,2159017984,2154823680,2138046464,2129657856,2148532224,2145386496,2127560704,2144337920,2137784320,2498932046
2127560704,2145386496,2142240768,2128609280,2130706432,2147483648,2145386496,2128609280,2135949312,2138046464,2498948045
2123366400,2163212288,2152726528,2142240768,2129657856,2148532224,2146435072,2128609280,2145386496,2138308608,2498964043
2121269248,2145386496,2142240768,2127560704,2129657856,2146435072,2143289344,2126512128,2134114304,2136473600,2498980046
2126512128,2160066560,2155872256,2131755008,2129657856,2147483648,2144337920,2126512128,2143551488,2136997888,2498996066
2122317824,2149580800,2150629376,2132803584,2129657856,2147483648,2144337920,2127560704,2138832896,2137260032,2499012067
2122317824,2147483648,2143289344,2130706432,2130706432,2148532224,2146435072,2128609280,2135949312,2138570752,2499028066
2122317824,2163212288,2157969408,2135949312,2130706432,2148532224,2146435072,2128609280,2144862208,2138570752,2499044065
2122317824,2147483648,2144337920,2131755008,2130706432,2148532224,2146435072,2127560704,2136473600,2138308608,2499060088
2123366400,2161115136,2153775104,2139095040,2129657856,2148532224,2145386496,2127560704,2144337920,2137784320,2499076087
2135949312,2149580800,2142240768,2121269248,2128609280,2147483648,2145386496,2125463552,2137260032,2136735744,2499092086
2133852160,2139095040,2141192192,2119172096,2129657856,2146435072,2144337920,2126512128,2133327872,2136735744,2499108090
2135949312,2151677952,2149580800,2129657856,2129657856,2147483648,2145386496,2127560704,2141716480,2137522176,2499124109
2123366400,2147483648,2139095040,2130706432,2130706432,2148532224,2145386496,2128609280,2135162880,2138308608,2499140108
2129657856,2142240768,2138046464,2124414976,2130706432,2147483648,2145386496,2127560704,2133590016,2137784320,2499157001
2138046464,2143289344,2143289344,2119172096,2129657856,2147483648,2144337920,2126512128,2135949312,2136997888,2499173001
2133852160,2139095040,2138046464,2121269248,2128609280,2146435072,2144337920,2125463552,2133065728,2136211456,2499189001
2122317824,2145386496,2139095040,2128609280,2129657856,2146435072,2144337920,2125463552,2133852160,2136473600,2499205025
2129657856,2140143616,2141192192,2124414976,2129657856,2147483648,2145386496,2127560704,2133852160,2137522176,2499221022
2136997888,2143289344,2134900736,2123366400,2130706432,2147483648,2145386496,2127560704,2134638592,2137784320,2499237023
2130706432,2157969408,2155872256,2133852160,2129657856,2148532224,2146435072,2129657856,2144600064,2138570752,2499253024
2135949312,2143289344,2141192192,2122317824,2129657856,2147483648,2145386496,2127560704,2135687168,2137522176,2499269045
2126512128,2151677952,2159017984,2128609280,2128609280,2146435072,2144337920,2126512128,2141454336,2136473600,2499285044
2142240768,2146435072,2146435072,2120220672,2129657856,2147483648,2144337920,2126512128,2138832896,2136997888,2499301045
2133852160,2138046464,2135949312,2117074944,2129657856,2147483648,2145386496,2126512128,2131230720,2137260032,2499317046
2141192192,2140143616,2138046464,2119172096,2130706432,2147483648,2145386496,2127560704,2134638592,2137784320,2499333066
2134900736,2155872256,2154823680,2136997888,2130706432,2147483648,2146435072,2128609280,2145648640,2138308608,2499349065
2136997888,2138046464,2139095040,2119172096,2130706432,2147483648,2145386496,2127560704,2133327872,2137784320,2499365068
2126512128,2159017984,2154823680,2136997888,2129657856,2147483648,2143289344,2126512128,2144337920,2136735744,2499381068
2123366400,2162163712,2152726528,2134900736,2128609280,2146435072,2144337920,2125463552,2143289344,2136211456,2499397089
2129657856,2140143616,2138046464,2121269248,2129657856,2147483648,2145386496,2127560704,2132279296,2137522176,2499413085
2123366400,2147483648,2140143616,2134900736,2129657856,2148532224,2146435072,2128609280,2136473600,2138308608,2499429090
2133852160,2153775104,2152726528,2135949312,2130706432,2147483648,2146435072,2128609280,2144075776,2138308608,2499445089
2132803584,2155872256,2148532224,2131755008,2130706432,2147483648,2146435072,2127560704,2142240768,2138046464,2499461111
2139095040,2140143616,2138046464,2117074944,2129657856,2146435072,2145386496,2126512128,2133590016,2136997888,2499477106
2129657856,2142240768,2135949312,2122317824,2128609280,2146435072,2144337920,2125463552,2132541440,2136211456,2499494001
2139095040,2139095040,2146435072,2117074944,2129657856,2146435072,2144337920,2126512128,2135425024,2136735744,2499510001
2131755008,2155872256,2154823680,2133852160,2129657856,2148532224,2145386496,2127560704,2144075776,2137784320,2499526001
2121269248,2161115136,2156920832,2141192192,2130706432,2149580800,2146435072,2129657856,2145124352,2139095040,2499542000
2140143616,2146435072,2140143616,2121269248,2130706432,2148532224,2145386496,2128609280,2136997888,2138308608,2499558024
2134900736,2145386496,2140143616,2122317824,2129657856,2147483648,2145386496,2126512128,2135687168,2137260032,2499574024
2128609280,2138046464,2138046464,2120220672,2128609280,2146435072,2144337920,2126512128,2131230720,2136473600,2499590022
2128609280,2159017984,2150629376,2131755008,2130706432,2146435072,2144337920,2126512128,2142502912,2136997888,2499606024
2139095040,2140143616,2140143616,2121269248,2129657856,2147483648,2145386496,2127560704,2135162880,2137522176,2499622045
2132803584,2154823680,2153775104,2131755008,2129657856,2148532224,2146435072,2128609280,2143289344,2138308608,2499638045
2142240768,2141192192,2138046464,2121269248,2130706432,2148532224,2146435072,2128609280,2135687168,2138570752,2499654045
2140143616,2157969408,2144337920,2131755008,2129657856,2147483648,2145386496,2127560704,2143551488,2137522176,2499670043
2140143616,2138046464,2139095040,2120220672,2128609280,2146435072,2144337920,2126512128,2134376448,2136473600,2499686069
2123366400,2162163712,2156920832,2135949312,2128609280,2146435072,2144337920,2126512128,2144600064,2136473600,2499702065
2125463552,2138046464,2142240768,2123366400,2129657856,2146435072,2144337920,2126512128,2132279296,2136735744,2499718067
2131755008,2140143616,2138046464,2123366400,2129657856,2147483648,2145386496,2128609280,2133327872,2137784320,2499734066
2124414976,2148532224,2148532224,2131755008,2130706432,2148532224,2146435072,2128609280,2138308608,2138570752,2499750090
2136997888,2146435072,2142240768,2124414976,2131755008,2147483648,2144337920,2127560704,2137522176,2137784320,2499766087
2123366400,2142240768,2140143616,2123366400,2129657856,2146435072,2144337920,2126512128,2132279296,2136735744,2499782088
2139095040,2141192192,2139095040,2118123520,2128609280,2146435072,2144337920,2125463552,2134376448,2136211456,2499798085
2121269248,2153775104,2147483648,2135949312,2129657856,2146435072,2144337920,2126512128,2139619328,2136735744,2499814113
2123366400,2150629376,2145386496,2133852160,2130706432,2148532224,2145386496,2128609280,2138308608,2138308608,2499831001
2129657856,2141192192,2139095040,2122317824,2130706432,2147483648,2145386496,2128609280,2133065728,2138046464,2499847001
2135949312,2159017984,2146435072,2130706432,2130706432,2147483648,2145386496,2128609280,2143027200,2138046464,2499863001
2124414976,2148532224,2157969408,2133852160,2129657856,2146435072,2144337920,2126512128,2141192192,2136735744,2499879001
2125463552,2155872256,2154823680,2135949312,2129657856,2146435072,2144337920,2126512128,2143027200,2136735744,2499895024
2120220672,2165309440,2155872256,2136997888,2129657856,2147483648,2145386496,2127560704,2144600064,2137522176,2499911023
2123366400,2141192192,2140143616,2123366400,2130706432,2147483648,2145386496,2127560704,2132017152,2137784320,2499927023
2126512128,2159017984,2162163712,2136997888,2130706432,2148532224,2145386496,2128609280,2146172928,2138308608,2499943024
2124414976,2160066560,2155872256,2143289344,2130706432,2148532224,2145386496,2128609280,2145910784,2138308608,2499959045
2124414976,2147483648,2141192192,2130706432,2129657856,2147483648,2144337920,2127560704,2135949312,2137260032,2499975044
2123366400,2155872256,2153775104,2139095040,2128609280,2146435072,2144337920,2126512128,2143027200,2136473600,2499991045
2120220672,2144337920,2143289344,2126512128,2128609280,2146435072,2144337920,2126512128,2133590016,2136473600,2500007046
2121269248,2154823680,2148532224,2139095040,2129657856,2147483648,2145386496,2127560704,2140930048,2137522176,2500023065
2140143616,2143289344,2139095040,2122317824,2130706432,2148532224,2146435072,2128609280,2136211456,2138570752,2500039068
2124414976,2150629376,2151677952,2135949312,2130706432,2148532224,2145386496,2128609280,2140667904,2138308608,2500055068
2125463552,2142240768,2140143616,2126512128,2129657856,2148532224,2145386496,2127560704,2133590016,2137784320,2500071066
2121269248,2155872256,2147483648,2139095040,2130706432,2146435072,2144337920,2126512128,2140930048,2136997888,2500087089
2133852160,2153775104,2149580800,2127560704,2128609280,2146435072,2144337920,2126512128,2141192192,2136473600,2500103088
2123366400,2143289344,2147483648,2125463552,2129657856,2147483648,2145386496,2127560704,2134900736,2137522176,2500119089
2132803584,2141192192,2136997888,2120220672,2130706432,2147483648,2145386496,2127560704,2132803584,2137784320,2500135089
2132803584,2143289344,2143289344,2122317824,2130706432,2148532224,2146435072,2127560704,2135425024,2138308608,2500151108
2130706432,2160066560,2153775104,2133852160,2130706432,2147483648,2146435072,2127560704,2144600064,2138046464,2500167108
2122317824,2156920832,2147483648,2140143616,2128609280,2147483648,2144337920,2127560704,2141716480,2136997888,2500184001
2122317824,2149580800,2149580800,2131755008,2129657856,2146435072,2144337920,2125463552,2138308608,2136473600,2500200001
2123366400,2142240768,2141192192,2125463552,2129657856,2147483648,2144337920,2127560704,2133065728,2137260032,2500216001
2132803584,2154823680,2150629376,2134900736,2130706432,2148532224,2145386496,2128609280,2143289344,2138308608,2500232023
2129657856,2156920832,2157969408,2133852160,2129657856,2148532224,2146435072,2128609280,2144600064,2138308608,2500248023
2141192192,2141192192,2146435072,2121269248,2129657856,2148532224,2145386496,2127560704,2137522176,2137784320,2500264023
2121269248,2150629376,2149580800,2132803584,2128609280,2147483648,2145386496,2126512128,2138570752,2136997888,2500280024
2120220672,2163212288,2151677952,2139095040,2129657856,2146435072,2144337920,2126512128,2143551488,2136735744,2500296045
2125463552,2140143616,2138046464,2121269248,2129657856,2146435072,2145386496,2126512128,2131230720,2136997888,2500312045
2140143616,2141192192,2136997888,2119172096,2129657856,2148532224,2146435072,2127560704,2134376448,2138046464,2500328045
2130706432,2152726528,2152726528,2128609280,2129657856,2148532224,2146435072,2128609280,2141192192,2138308608,2500344045
2142240768,2139095040,2141192192,2117074944,2130706432,2148532224,2146435072,2127560704,2134900736,2138308608,2500360067
2121269248,2150629376,2145386496,2133852160,2129657856,2147483648,2144337920,2126512128,2137784320,2136997888,2500376066
2122317824,2157969408,2153775104,2134900736,2128609280,2146435072,2145386496,2125463552,2142240768,2136473600,2500392067
2143289344,2138046464,2136997888,2114977792,2128609280,2147483648,2144337920,2127560704,2133327872,2136997888,2500408068
2123366400,2143289344,2142240768,2125463552,2130706432,2147483648,2146435072,2127560704,2133590016,2138046464,2500424087
2133852160,2143289344,2140143616,2124414976,2130706432,2148532224,2145386496,2128609280,2135425024,2138308608,2500440085
2136997888,2146435072,2152726528,2121269248,2130706432,2148532224,2146435072,2128609280,2139357184,2138570752,2500456086
2127560704,2160066560,2154823680,2135949312,2129657856,2147483648,2145386496,2127560704,2144600064,2137522176,2500472088
2139095040,2140143616,2136997888,2122317824,2129657856,2147483648,2143289344,2126512128,2134638592,2136735744,2500488107
2123366400,2142240768,2148532224,2125463552,2128609280,2146435072,2144337920,2125463552,2134900736,2136211456,2500504111
2134900736,2154823680,2154823680,2132803584,2129657856,2147483648,2146435072,2127560704,2144337920,2137784320,2500521001
2132803584,2160066560,2152726528,2134900736,2130706432,2147483648,2145386496,2128609280,2145124352,2138046464,2500537001
2125463552,2156920832,2159017984,2136997888,2130706432,2147483648,2146435072,2127560704,2144600064,2138046464,2500553001
2132803584,2155872256,2152726528,2133852160,2129657856,2147483648,2144337920,2127560704,2143813632,2137260032,2500569000
2130706432,2156920832,2155872256,2130706432,2129657856,2146435072,2145386496,2126512128,2143551488,2136997888,2500585023
2130706432,2139095040,2140143616,2121269248,2130706432,2146435072,2144337920,2125463552,2132803584,2136735744,2500601023
2122317824,2151677952,2151677952,2134900736,2129657856,2147483648,2145386496,2127560704,2140143616,2137522176,2500617024
2132803584,2146435072,2150629376,2121269248,2129657856,2148532224,2146435072,2128609280,2137784320,2138308608,2500633022
2130706432,2155872256,2153775104,2139095040,2130706432,2149580800,2146435072,2129657856,2144862208,2139095040,2500649046
2126512128,2148532224,2147483648,2131755008,2130706432,2147483648,2145386496,2127560704,2138570752,2137784320,2500665045
2128609280,2157969408,2156920832,2133852160,2129657856,2146435072,2144337920,2126512128,2144337920,2136735744,2500681045
2141192192,2139095040,2138046464,2117074944,2129657856,2146435072,2144337920,2125463552,2133852160,2136473600,2500697044
2121269248,2159017984,2150629376,2138046464,2128609280,2147483648,2145386496,2127560704,2142240768,2137260032,2500713067
2133852160,2139095040,2139095040,2121269248,2130706432,2147483648,2145386496,2128609280,2133327872,2138046464,2500729066
2135949312,2143289344,2141192192,2121269248,2130706432,2148532224,2146435072,2127560704,2135425024,2138308608,2500745066
2122317824,2152726528,2149580800,2135949312,2130706432,2147483648,2146435072,2127560704,2140143616,2138046464,2500761066
2122317824,2156920832,2155872256,2139095040,2128609280,2147483648,2144337920,2127560704,2143551488,2136997888,2500777088
2131755008,2141192192,2136997888,2122317824,2129657856,2147483648,2144337920,2125463552,2133065728,2136735744,2500793088
2130706432,2154823680,2150629376,2132803584,2129657856,2147483648,2144337920,2126512128,2142240768,2136997888,2500809087
2139095040,2150629376,2144337920,2125463552,2129657856,2148532224,2145386496,2127560704,2139881472,2137784320,2500825087
2130706432,2159017984,2156920832,2135949312,2130706432,2148532224,2146435072,2129657856,2145648640,2138832896,2500841110
2130706432,2157969408,2156920832,2133852160,2130706432,2148532224,2146435072,2128609280,2144862208,2138570752,2500858001
2131755008,2140143616,2139095040,2121269248,2129657856,2146435072,2144337920,2125463552,2133065728,2136473600,2500874001
2136997888,2139095040,2136997888,2119172096,2129657856,2146435072,2144337920,2125463552,2133065728,2136473600,2500890001
2139095040,2146435072,2146435072,2119172096,2128609280,2147483648,2145386496,2126512128,2137784320,2136997888,2500906001
2124414976,2142240768,2152726528,2126512128,2128609280,2148532224,2145386496,2128609280,2136473600,2137784320,2500922023
2129657856,2142240768,2140143616,2121269248,2130706432,2148532224,2145386496,2127560704,2133327872,2138046464,2500938023
2141192192,2138046464,2140143616,2122317824,2131755008,2147483648,2145386496,2127560704,2135425024,2138046464,2500954023
2143289344,2140143616,2139095040,2120220672,2129657856,2147483648,2145386496,2126512128,2135687168,2137260032,2500970024
2129657856,2140143616,2140143616,2121269248,2128609280,2147483648,2145386496,2126512128,2132803584,2136997888,2500986045
2140143616,2138046464,2135949312,2120220672,2129657856,2146435072,2143289344,2126512128,2133590016,2136473600,2501002045
2122317824,2147483648,2143289344,2126512128,2130706432,2147483648,2145386496,2126512128,2134900736,2137522176,2501018044
2122317824,2141192192,2141192192,2124414976,2129657856,2148532224,2146435072,2128609280,2132279296,2138308608,2501034045
2139095040,2142240768,2146435072,2124414976,2130706432,2148532224,2145386496,2128609280,2138046464,2138308608,2501050066
2123366400,2144337920,2141192192,2126512128,2129657856,2147483648,2145386496,2127560704,2133852160,2137522176,2501066066
2120220672,2162163712,2154823680,2135949312,2130706432,2147483648,2144337920,2125463552,2143289344,2136997888,2501082064
2126512128,2160066560,2153775104,2135949312,2129657856,2146435072,2144337920,2126512128,2144075776,2136735744,2501098066
2122317824,2147483648,2147483648,2131755008,2129657856,2146435072,2145386496,2126512128,2137260032,2136997888,2501114087
2133852160,2138046464,2140143616,2120220672,2129657856,2148532224,2145386496,2128609280,2133065728,2138046464,2501130089
2134900736,2146435072,2152726528,2122317824,2131755008,2148532224,2146435072,2128609280,2139095040,2138832896,2501146087
2134900736,2144337920,2150629376,2121269248,2130706432,2147483648,2145386496,2127560704,2137784320,2137784320,2501162087
2133852160,2140143616,2138046464,2121269248,2130706432,2146435072,2143289344,2126512128,2133327872,2136735744,2501178107
2134900736,2153775104,2152726528,2125463552,2129657856,2147483648,2144337920,2126512128,2141716480,2136997888,2501194108
2124414976,2162163712,2156920832,2133852160,2128609280,2147483648,2144337920,2126512128,2144337920,2136735744,2501211001
2132803584,2138046464,2138046464,2121269248,2129657856,2147483648,2145386496,2128609280,2132541440,2137784320,2501227001
2138046464,2154823680,2146435072,2134900736,2129657856,2148532224,2146435072,2128609280,2143551488,2138308608,2501243001
2127560704,2163212288,2160066560,2139095040,2129657856,2148532224,2145386496,2128609280,2147483648,2138046464,2501259023
2138046464,2140143616,2138046464,2121269248,2130706432,2147483648,2145386496,2126512128,2134376448,2137522176,2501275022
2127560704,2159017984,2153775104,2136997888,2128609280,2147483648,2144337920,2127560704,2144337920,2136997888,2501291023
2127560704,2153775104,2152726528,2133852160,2129657856,2147483648,2144337920,2126512128,2141978624,2136997888,2501307023
2135949312,2146435072,2145386496,2125463552,2130706432,2147483648,2145386496,2127560704,2138308608,2137784320,2501323045
2130706432,2154823680,2156920832,2136997888,2130706432,2148532224,2146435072,2128609280,2144862208,2138570752,2501339044
2126512128,2150629376,2155872256,2133852160,2129657856,2148532224,2146435072,2128609280,2141716480,2138308608,2501355046
2123366400,2160066560,2148532224,2143289344,2129657856,2147483648,2145386496,2127560704,2143813632,2137522176,2501371047
2126512128,2154823680,2151677952,2134900736,2129657856,2147483648,2144337920,2126512128,2141978624,2136997888,2501387066
2130706432,2140143616,2138046464,2122317824,2128609280,2146435072,2144337920,2126512128,2132803584,2136473600,2501403064
2123366400,2156920832,2154823680,2138046464,2129657856,2146435072,2145386496,2126512128,2143289344,2136997888,2501419065
2138046464,2142240768,2140143616,2121269248,2130706432,2148532224,2146435072,2128609280,2135425024,2138570752,2501435069
2136997888,2154823680,2146435072,2133852160,2130706432,2148532224,2146435072,2127560704,2143027200,2138308608,2501451088
2123366400,2159017984,2155872256,2141192192,2129657856,2148532224,2145386496,2127560704,2144862208,2137784320,2501467086
2141192192,2141192192,2139095040,2118123520,2129657856,2147483648,2144337920,2126512128,2134900736,2136997888,2501483088
2125463552,2141192192,2143289344,2122317824,2129657856,2147483648,2144337920,2126512128,2133065728,2136997888,2501499090
2122317824,2155872256,2151677952,2139095040,2130706432,2147483648,2144337920,2127560704,2142240768,2137522176,2501515110
2129657856,2143289344,2140143616,2122317824,2130706432,2147483648,2146435072,2126512128,2133852160,2137784320,2501531106
2138046464,2152726528,2142240768,2132803584,2129657856,2148532224,2146435072,2129657856,2141454336,2138570752,2501548001
2134900736,2152726528,2153775104,2125463552,2130706432,2147483648,2146435072,2127560704,2141716480,2138046464,2501564001
2123366400,2156920832,2155872256,2139095040,2128609280,2146435072,2145386496,2126512128,2143813632,2136735744,2501580001
2136997888,2139095040,2138046464,2119172096,2129657856,2147483648,2143289344,2126512128,2133327872,2136735744,2501596001
2128609280,2157969408,2155872256,2134900736,2129657856,2147483648,2145386496,2126512128,2144337920,2137260032,2501612023
2139095040,2139095040,2138046464,2119172096,2130706432,2148532224,2146435072,2128609280,2133852160,2138570752,2501628024
2144337920,2141192192,2143289344,2122317824,2131755008,2148532224,2146435072,2128609280,2137784320,2138832896,2501644023
2123366400,2159017984,2156920832,2138046464,2130706432,2148532224,2145386496,2128609280,2144337920,2138308608,2501660023
2134900736,2155872256,2146435072,2128609280,2129657856,2148532224,2145386496,2127560704,2141454336,2137784320,2501676047
2139095040,2146435072,2140143616,2120220672,2129657856,2146435072,2144337920,2125463552,2136473600,2136473600,2501692047
2120220672,2147483648,2140143616,2130706432,2129657856,2147483648,2144337920,2126512128,2134638592,2136997888,2501708045
2126512128,2155872256,2152726528,2133852160,2129657856,2147483648,2145386496,2128609280,2142240768,2137784320,2501724046
2124414976,2162163712,2160066560,2135949312,2130706432,2147483648,2146435072,2127560704,2145648640,2138046464,2501740067
2127560704,2142240768,2141192192,2124414976,2130706432,2148532224,2146435072,2129657856,2133852160,2138832896,2501756067
2139095040,2140143616,2142240768,2120220672,2129657856,2147483648,2146435072,2127560704,2135425024,2137784320,2501772067
2126512128,2146435072,2151677952,2122317824,2129657856,2146435072,2144337920,2125463552,2136735744,2136473600,2501788065
2123366400,2160066560,2156920832,2140143616,2128609280,2146435072,2144337920,2126512128,2145124352,2136473600,2501804088
2129657856,2157969408,2149580800,2132803584,2129657856,2147483648,2146435072,2127560704,2142502912,2137784320,2501820090
2129657856,2153775104,2153775104,2128609280,2130706432,2147483648,2146435072,2127560704,2141454336,2138046464,2501836089
2123366400,2147483648,2143289344,2130706432,2130706432,2147483648,2146435072,2127560704,2136211456,2138046464,2501852087
2140143616,2140143616,2140143616,2121269248,2130706432,2147483648,2145386496,2127560704,2135425024,2137784320,2501868109
2134900736,2155872256,2146435072,2127560704,2129657856,2146435072,2144337920,2126512128,2141192192,2136735744,2501885001
2139095040,2154823680,2139095040,2129657856,2129657856,2147483648,2144337920,2126512128,2140667904,2136997888,2501901001
2140143616,2150629376,2138046464,2125463552,2129657856,2147483648,2145386496,2127560704,2138570752,2137522176,2501917001
2135949312,2154823680,2151677952,2132803584,2130706432,2147483648,2146435072,2127560704,2143813632,2138046464,2501933001
2126512128,2162163712,2159017984,2135949312,2130706432,2148532224,2146435072,2127560704,2145910784,2138308608,2501949023
2123366400,2147483648,2150629376,2130706432,2129657856,2147483648,2146435072,2127560704,2138046464,2137784320,2501965023
2124414976,2140143616,2139095040,2122317824,2129657856,2146435072,2145386496,2125463552,2131492864,2136735744,2501981023
2140143616,2138046464,2136997888,2120220672,2129657856,2146435072,2144337920,2126512128,2133852160,2136735744,2501997024
2123366400,2148532224,2151677952,2131755008,2129657856,2147483648,2144337920,2127560704,2138832896,2137260032,2502013047
2125463552,2141192192,2139095040,2122317824,2130706432,2147483648,2146435072,2127560704,2132017152,2138046464,2502029046
2133852160,2143289344,2140143616,2122317824,2130706432,2148532224,2146435072,2128609280,2134900736,2138570752,2502045046
2139095040,2142240768,2138046464,2120220672,2129657856,2148532224,2145386496,2128609280,2134900736,2138046464,2502061046
2127560704,2159017984,2154823680,2140143616,2129657856,2148532224,2145386496,2127560704,2145386496,2137784320,2502077068
2129657856,2155872256,2150629376,2131755008,2129657856,2146435072,2144337920,2125463552,2141978624,2136473600,2502093067
2129657856,2138046464,2139095040,2121269248,2128609280,2147483648,2144337920,2127560704,2132017152,2136997888,2502109064
2121269248,2157969408,2155872256,2141192192,2130706432,2147483648,2145386496,2127560704,2144075776,2137784320,2502125068
2130706432,2157969408,2154823680,2135949312,2130706432,2148532224,2145386496,2127560704,2144862208,2138046464,2502141089
2128609280,2162163712,2161115136,2132803584,2130706432,2148532224,2145386496,2128609280,2146172928,2138308608,2502157089
2141192192,2144337920,2138046464,2119172096,2130706432,2147483648,2144337920,2127560704,2135687168,2137522176,2502173087
2139095040,2139095040,2141192192,2117074944,2129657856,2146435072,2144337920,2126512128,2134114304,2136735744,2502189089
2122317824,2144337920,2147483648,2127560704,2128609280,2147483648,2144337920,2127560704,2135425024,2136997888,2502205109
2139095040,2150629376,2140143616,2128609280,2129657856,2148532224,2145386496,2127560704,2139619328,2137784320,2502221109
2126512128,2140143616,2143289344,2121269248,2130706432,2147483648,2146435072,2127560704,2132803584,2138046464,2502238001
2124414976,2148532224,2147483648,2130706432,2129657856,2149580800,2146435072,2129657856,2137784320,2138832896,2502254001
2123366400,2142240768,2138046464,2127560704,2129657856,2147483648,2146435072,2127560704,2132803584,2137784320,2502270001
2134900736,2143289344,2146435072,2121269248,2129657856,2146435072,2144337920,2125463552,2136473600,2136473600,2502286025
2135949312,2139095040,2136997888,2117074944,2129657856,2146435072,2143289344,2125463552,2132279296,2136211456,2502302022
2126512128,2160066560,2152726528,2131755008,2129657856,2148532224,2145386496,2127560704,2142765056,2137784320,2502318024
2133852160,2141192192,2140143616,2122317824,2130706432,2147483648,2145386496,2127560704,2134376448,2137784320,2502334022
2124414976,2144337920,2148532224,2128609280,2130706432,2148532224,2145386496,2128609280,2136473600,2138308608,2502350045
2138046464,2140143616,2139095040,2119172096,2129657856,2147483648,2145386496,2127560704,2134114304,2137522176,2502366045
2128609280,2154823680,2154823680,2136997888,2129657856,2147483648,2144337920,2126512128,2143813632,2136997888,2502382045
2123366400,2149580800,2157969408,2129657856,2129657856,2147483648,2144337920,2126512128,2140143616,2136997888,2502398045
2134900736,2150629376,2146435072,2125463552,2129657856,2147483648,2144337920,2126512128,2139357184,2136997888,2502414067
2143289344,2146435072,2140143616,2119172096,2130706432,2148532224,2146435072,2128609280,2137260032,2138570752,2502430065
2140143616,2141192192,2140143616,2122317824,2129657856,2148532224,2146435072,2128609280,2135949312,2138308608,2502446066
2123366400,2147483648,2148532224,2130706432,2130706432,2147483648,2146435072,2126512128,2137522176,2137784320,2502462067
2134900736,2155872256,2147483648,2129657856,2129657856,2147483648,2145386496,2126512128,2141978624,2137260032,2502478088
2127560704,2156920832,2153775104,2133852160,2128609280,2146435072,2144337920,2126512128,2143027200,2136473600,2502494085
2122317824,2155872256,2145386496,2139095040,2129657856,2146435072,2145386496,2126512128,2140667904,2136997888,2502510091
2134900736,2144337920,2150629376,2121269248,2130706432,2147483648,2145386496,2126512128,2137784320,2137522176,2502526086
2123366400,2155872256,2147483648,2139095040,2130706432,2147483648,2146435072,2128609280,2141454336,2138308608,2502542110
2135949312,2152726528,2152726528,2125463552,2130706432,2148532224,2146435072,2128609280,2141716480,2138570752,2502558105
2138046464,2141192192,2138046464,2122317824,2128609280,2147483648,2145386496,2127560704,2134900736,2137260032,2502575001
2135949312,2138046464,2138046464,2117074944,2129657856,2146435072,2144337920,2126512128,2132279296,2136735744,2502591001
2131755008,2152726528,2146435072,2133852160,2128609280,2146435072,2144337920,2126512128,2141192192,2136473600,2502607001
2122317824,2145386496,2149580800,2129657856,2129657856,2147483648,2145386496,2127560704,2136735744,2137522176,2502623001
2125463552,2143289344,2144337920,2126512128,2130706432,2148532224,2146435072,2128609280,2134900736,2138570752,2502639024
2142240768,2141192192,2141192192,2121269248,2130706432,2148532224,2146435072,2128609280,2136473600,2138570752,2502655023
2145386496,2141192192,2141192192,2119172096,2129657856,2147483648,2145386496,2127560704,2136735744,2137522176,2502671023
2135949312,2138046464,2138046464,2120220672,2128609280,2147483648,2144337920,2127560704,2133065728,2136997888,2502687022
2138046464,2140143616,2135949312,2117074944,2128609280,2146435072,2143289344,2126512128,2132803584,2136211456,2502703046
2134900736,2146435072,2153775104,2124414976,2128609280,2147483648,2145386496,2127560704,2139881472,2137260032,2502719045
2127560704,2157969408,2156920832,2132803584,2130706432,2148532224,2146435072,2128609280,2143813632,2138570752,2502735045
2139095040,2154823680,2140143616,2129657856,2130706432,2147483648,2145386496,2128609280,2140930048,2138046464,2502751045
2124414976,2160066560,2155872256,2143289344,2129657856,2147483648,2146435072,2126512128,2145910784,2137522176,2502767067
2124414976,2142240768,2140143616,2124414976,2129657856,2146435072,2144337920,2126512128,2132803584,2136735744,2502783066
2125463552,2157969408,2155872256,2130706432,2128609280,2147483648,2143289344,2126512128,2142502912,2136473600,2502799066
2122317824,2148532224,2142240768,2131755008,2129657856,2147483648,2145386496,2126512128,2136211456,2137260032,2502815065
2122317824,2147483648,2144337920,2129657856,2129657856,2147483648,2146435072,2128609280,2135949312,2138046464,2502831089
2139095040,2146435072,2146435072,2121269248,2130706432,2149580800,2146435072,2128609280,2138308608,2138832896,2502847088
2135949312,2142240768,2139095040,2124414976,2129657856,2147483648,2146435072,2127560704,2135425024,2137784320,2502863086
2123366400,2163212288,2155872256,2139095040,2128609280,2147483648,2145386496,2127560704,2145386496,2137260032,2502879087
2123366400,2141192192,2138046464,2124414976,2129657856,2145386496,2143289344,2125463552,2131755008,2135949312,2502895111
2122317824,2155872256,2155872256,2133852160,2128609280,2148532224,2145386496,2127560704,2141978624,2137522176,2502912001
2130706432,2152726528,2154823680,2136997888,2129657856,2147483648,2145386496,2128609280,2143813632,2137784320,2502928001
2123366400,2143289344,2140143616,2126512128,2131755008,2147483648,2146435072,2128609280,2133327872,2138570752,2502944001
2131755008,2143289344,2140143616,2124414976,2130706432,2147483648,2146435072,2128609280,2134900736,2138308608,2502960001
2121269248,2153775104,2147483648,2138046464,2129657856,2147483648,2145386496,2126512128,2140143616,2137260032,2502976024
2122317824,2147483648,2149580800,2130706432,2128609280,2146435072,2145386496,2126512128,2137522176,2136735744,2502992022
2135949312,2143289344,2144337920,2122317824,2128609280,2146435072,2145386496,2126512128,2136473600,2136735744,2503008023
2134900736,2155872256,2146435072,2129657856,2129657856,2147483648,2145386496,2127560704,2141716480,2137522176,2503024023
2130706432,2159017984,2152726528,2135949312,2130706432,2148532224,2146435072,2128609280,2144600064,2138570752,2503040046
2126512128,2160066560,2157969408,2134900736,2130706432,2148532224,2146435072,2127560704,2144862208,2138308608,2503056045
2127560704,2142240768,2139095040,2123366400,2130706432,2147483648,2145386496,2126512128,2133065728,2137522176,2503072045
2136997888,2138046464,2135949312,2120220672,2128609280,2146435072,2143289344,2126512128,2132803584,2136211456,2503088045
2122317824,2140143616,2149580800,2121269248,2128609280,2146435072,2144337920,2125463552,2133327872,2136211456,2503104065
2136997888,2140143616,2139095040,2120220672,2129657856,2147483648,2145386496,2126512128,2134114304,2137260032,2503120066
2132803584,2153775104,2152726528,2122317824,2130706432,2148532224,2146435072,2127560704,2140405760,2138308608,2503136065
2124414976,2160066560,2155872256,2141192192,2130706432,2148532224,2145386496,2129657856,2145386496,2138570752,2503152067
2125463552,2148532224,2145386496,2133852160,2129657856,2147483648,2145386496,2127560704,2138308608,2137522176,2503168088
2130706432,2154823680,2149580800,2134900736,2129657856,2147483648,2144337920,2125463552,2142502912,2136735744,2503184088
2140143616,2149580800,2141192192,2124414976,2129657856,2146435072,2144337920,2125463552,2138832896,2136473600,2503200087
2128609280,2141192192,2139095040,2122317824,2129657856,2147483648,2145386496,2127560704,2132803584,2137522176,2503216088
2143289344,2145386496,2138046464,2122317824,2130706432,2148532224,2146435072,2128609280,2137260032,2138570752,2503232111
2126512128,2148532224,2154823680,2133852160,2130706432,2147483648,2147483648,2128609280,2140930048,2138570752,2503248109
2134900736,2146435072,2149580800,2125463552,2130706432,2146435072,2145386496,2127560704,2139095040,2137522176,2503265000
2128609280,2154823680,2154823680,2135949312,2128609280,2147483648,2144337920,2126512128,2143551488,2136735744,2503281001
2122317824,2154823680,2150629376,2135949312,2129657856,2146435072,2144337920,2125463552,2140930048,2136473600,2503297001
2134900736,2140143616,2135949312,2120220672,2130706432,2147483648,2144337920,2126512128,2132803584,2137260032,2503313026
2130706432,2154823680,2153775104,2133852160,2130706432,2148532224,2146435072,2127560704,2143289344,2138308608,2503329023
2125463552,2143289344,2144337920,2123366400,2129657856,2149580800,2146435072,2129657856,2134114304,2138832896,2503345024
2122317824,2152726528,2149580800,2136997888,2130706432,2147483648,2145386496,2127560704,2140405760,2137784320,2503361023
2120220672,2164260864,2147483648,2142240768,2129657856,2147483648,2146435072,2127560704,2143551488,2137784320,2503377046
2138046464,2139095040,2138046464,2119172096,2128609280,2146435072,2144337920,2125463552,2133590016,2136211456,2503393045
2121269248,2156920832,2154823680,2136997888,2129657856,2146435072,2144337920,2126512128,2142502912,2136735744,2503409045
2123366400,2143289344,2141192192,2126512128,2130706432,2148532224,2145386496,2128609280,2133590016,2138308608,2503425045
2141192192,2140143616,2146435072,2119172096,2130706432,2148532224,2145386496,2127560704,2136735744,2138046464,2503441070
2123366400,2149580800,2147483648,2134900736,2130706432,2148532224,2145386496,2128609280,2138832896,2138308608,2503457066
2135949312,2153775104,2144337920,2129657856,2129657856,2147483648,2145386496,2127560704,2140930048,2137522176,2503473067
2121269248,2143289344,2147483648,2122317824,2129657856,2146435072,2145386496,2125463552,2133590016,2136735744,2503489065
2121269248,2157969408,2153775104,2139095040,2128609280,2147483648,2144337920,2126512128,2143027200,2136735744,2503505090
2134900736,2151677952,2152726528,2126512128,2128609280,2148532224,2145386496,2127560704,2141454336,2137522176,2503521088
2128609280,2152726528,2153775104,2135949312,2130706432,2148532224,2145386496,2128609280,2142765056,2138308608,2503537090
2132803584,2154823680,2146435072,2132803584,2130706432,2149580800,2146435072,2129657856,2141716480,2139095040,2503553088
2125463552,2144337920,2139095040,2124414976,2129657856,2148532224,2145386496,2127560704,2133327872,2137784320,2503569112
2133852160,2139095040,2135949312,2120220672,2129657856,2146435072,2144337920,2126512128,2132279296,2136735744,2503585109
2121269248,2159017984,2153775104,2141192192,2128609280,2146435072,2145386496,2126512128,2143813632,2136735744,2503602001
2127560704,2138046464,2141192192,2123366400,2129657856,2148532224,2146435072,2128609280,2132541440,2138308608,2503618001
2126512128,2160066560,2162163712,2134900736,2130706432,2148532224,2145386496,2128609280,2145910784,2138308608,2503634001
2128609280,2154823680,2157969408,2131755008,2130706432,2148532224,2146435072,2129657856,2143289344,2138832896,2503650000
2135949312,2154823680,2152726528,2127560704,2130706432,2148532224,2145386496,2128609280,2142765056,2138308608,2503666023
2142240768,2138046464,2139095040,2122317824,2129657856,2147483648,2144337920,2126512128,2135425024,2136997888,2503682022
2126512128,2160066560,2154823680,2131755008,2129657856,2146435072,2143289344,2126512128,2143289344,2136473600,2503698024
2135949312,2138046464,2138046464,2119172096,2129657856,2146435072,2145386496,2126512128,2132803584,2136997888,2503714024
2125463552,2152726528,2154823680,2135949312,2129657856,2148532224,2144337920,2128609280,2142240768,2137784320,2503730045
2125463552,2156920832,2159017984,2138046464,2130706432,2148532224,2146435072,2128609280,2144862208,2138570752,2503746046
2123366400,2148532224,2140143616,2130706432,2130706432,2148532224,2145386496,2127560704,2135687168,2138046464,2503762045
2123366400,2150629376,2153775104,2133852160,2129657856,2148532224,2146435072,2126512128,2140405760,2137784320,2503778045
2132803584,2154823680,2150629376,2131755008,2129657856,2147483648,2143289344,2126512128,2142502912,2136735744,2503794068
2135949312,2146435072,2135949312,2122317824,2129657856,2146435072,2145386496,2126512128,2135162880,2136997888,2503810066
2133852160,2138046464,2136997888,2117074944,2130706432,2147483648,2144337920,2127560704,2131492864,2137522176,2503826067
2132803584,2155872256,2151677952,2129657856,2130706432,2148532224,2146435072,2128609280,2142502912,2138570752,2503842066
2141192192,2152726528,2144337920,2122317824,2130706432,2147483648,2145386496,2127560704,2140143616,2137784320,2503858087
2135949312,2143289344,2139095040,2123366400,2129657856,2147483648,2144337920,2127560704,2135425024,2137260032,2503874088
2123366400,2159017984,2155872256,2138046464,2129657856,2146435072,2144337920,2126512128,2144075776,2136735744,2503890092
2121269248,2149580800,2140143616,2134900736,2128609280,2148532224,2144337920,2127560704,2136473600,2137260032,2503906087
2141192192,2153775104,2139095040,2127560704,2129657856,2147483648,2145386496,2126512128,2140405760,2137260032,2503922108
2141192192,2151677952,2146435072,2127560704,2130706432,2147483648,2146435072,2128609280,2141716480,2138308608,2503939001
2124414976,2145386496,2152726528,2128609280,2130706432,2148532224,2146435072,2128609280,2137784320,2138570752,2503955001
2139095040,2146435072,2146435072,2122317824,2129657856,2147483648,2144337920,2127560704,2138570752,2137260032,2503971001
2129657856,2138046464,2140143616,2120220672,2129657856,2146435072,2143289344,2125463552,2132017152,2136211456,2503987001
2133852160,2143289344,2139095040,2119172096,2129657856,2147483648,2144337920,2126512128,2133852160,2136997888,2504003025
2134900736,2139095040,2138046464,2118123520,2129657856,2147483648,2144337920,2127560704,2132541440,2137260032,2504019023
2139095040,2151677952,2151677952,2127560704,2131755008,2147483648,2145386496,2128609280,2142502912,2138308608,2504035024
2123366400,2159017984,2156920832,2138046464,2131755008,2148532224,2146435072,2128609280,2144337920,2138832896,2504051024
2136997888,2140143616,2138046464,2121269248,2130706432,2147483648,2145386496,2127560704,2134114304,2137784320,2504067047
2121269248,2142240768,2147483648,2126512128,2128609280,2147483648,2144337920,2126512128,2134376448,2136735744,2504083045
2135949312,2140143616,2135949312,2117074944,2129657856,2146435072,2143289344,2125463552,2132279296,2136211456,2504099044
2122317824,2163212288,2153775104,2140143616,2128609280,2147483648,2145386496,2127560704,2144862208,2137260032,2504115045
2121269248,2153775104,2152726528,2139095040,2129657856,2148532224,2145386496,2128609280,2141716480,2138046464,2504131067
2128609280,2162163712,2159017984,2135949312,2131755008,2148532224,2146435072,2128609280,2146435072,2138832896,2504147066
2134900736,2159017984,2154823680,2128609280,2130706432,2147483648,2145386496,2128609280,2144337920,2138046464,2504163065
2135949312,2141192192,2136997888,2122317824,2128609280,2147483648,2144337920,2127560704,2134114304,2136997888,2504179067
2138046464,2151677952,2146435072,2123366400,2129657856,2146435072,2144337920,2125463552,2139881472,2136473600,2504195089
2123366400,2144337920,2148532224,2126512128,2129657856,2146435072,2144337920,2126512128,2135687168,2136735744,2504211089
2131755008,2146435072,2146435072,2123366400,2130706432,2148532224,2145386496,2128609280,2136997888,2138308608,2504227087
2136997888,2142240768,2141192192,2122317824,2129657856,2148532224,2146435072,2128609280,2135687168,2138308608,2504243087
2122317824,2150629376,2147483648,2138046464,2130706432,2147483648,2145386496,2128609280,2139619328,2138046464,2504259110
2124414976,2146435072,2139095040,2126512128,2129657856,2147483648,2144337920,2127560704,2134114304,2137260032,2504275109
2122317824,2144337920,2139095040,2126512128,2128609280,2146435072,2144337920,2126512128,2133065728,2136473600,2504292001
2120220672,2159017984,2147483648,2142240768,2128609280,2147483648,2144337920,2127560704,2142240768,2136997888,2504308001
2133852160,2143289344,2139095040,2122317824,2129657856,2148532224,2145386496,2127560704,2134638592,2137784320,2504324001
2126512128,2164260864,2160066560,2139095040,2130706432,2149580800,2146435072,2129657856,2147483648,2139095040,2504340025
2124414976,2147483648,2147483648,2129657856,2130706432,2147483648,2146435072,2128609280,2137260032,2138308608,2504356022
2135949312,2138046464,2140143616,2121269248,2129657856,2147483648,2145386496,2126512128,2133852160,2137260032,2504372024
2124414976,2142240768,2136997888,2125463552,2128609280,2146435072,2144337920,2126512128,2132279296,2136473600,2504388023
2138046464,2140143616,2138046464,2119172096,2130706432,2146435072,2144337920,2125463552,2133852160,2136735744,2504404046
2122317824,2154823680,2154823680,2138046464,2129657856,2147483648,2144337920,2127560704,2142502912,2137260032,2504420044
2125463552,2154823680,2154823680,2129657856,2129657856,2148532224,2147483648,2129657856,2141192192,2138832896,2504436045
2140143616,2152726528,2146435072,2127560704,2131755008,2148532224,2145386496,2128609280,2141716480,2138570752,2504452045
2138046464,2140143616,2138046464,2121269248,2129657856,2147483648,2145386496,2127560704,2134376448,2137522176,2504468065
2134900736,2138046464,2138046464,2121269248,2129657856,2147483648,2144337920,2126512128,2133065728,2136997888,2504484066
2122317824,2147483648,2149580800,2128609280,2129657856,2147483648,2145386496,2126512128,2136997888,2137260032,2504500067
2144337920,2141192192,2139095040,2120220672,2129657856,2147483648,2145386496,2127560704,2136211456,2137522176,2504516066
2123366400,2154823680,2153775104,2138046464,2131755008,2147483648,2145386496,2127560704,2142502912,2138046464,2504532088
2126512128,2145386496,2151677952,2128609280,2130706432,2148532224,2145386496,2128609280,2138046464,2138308608,2504548087
2126512128,2143289344,2139095040,2126512128,2130706432,2148532224,2145386496,2127560704,2133852160,2138046464,2504564088
2136997888,2149580800,2150629376,2124414976,2129657856,2147483648,2145386496,2126512128,2140405760,2137260032,2504580090
2121269248,2153775104,2147483648,2138046464,2129657856,2146435072,2142240768,2126512128,2140143616,2136211456,2504596108
2141192192,2151677952,2138046464,2121269248,2129657856,2147483648,2144337920,2127560704,2138046464,2137260032,2504612108
2120220672,2164260864,2150629376,2142240768,2129657856,2148532224,2146435072,2128609280,2144337920,2138308608,2504629001
2138046464,2141192192,2138046464,2122317824,2131755008,2147483648,2145386496,2127560704,2134900736,2138046464,2504645001
2133852160,2140143616,2142240768,2121269248,2130706432,2147483648,2145386496,2127560704,2134376448,2137784320,2504661001
2123366400,2151677952,2153775104,2139095040,2129657856,2147483648,2145386496,2126512128,2141978624,2137260032,2504677001
2135949312,2138046464,2135949312,2119172096,2129657856,2146435072,2145386496,2125463552,2132279296,2136735744,2504693023
2129657856,2141192192,2140143616,2122317824,2129657856,2147483648,2144337920,2126512128,2133327872,2136997888,2504709023
2124414976,2142240768,2139095040,2124414976,2130706432,2147483648,2144337920,2127560704,2132541440,2137522176,2504725024
2126512128,2157969408,2148532224,2143289344,2130706432,2149580800,2146435072,2129657856,2144075776,2139095040,2504741022
2136997888,2142240768,2138046464,2124414976,2130706432,2147483648,2146435072,2127560704,2135425024,2138046464,2504757045
2138046464,2150629376,2151677952,2125463552,2129657856,2147483648,2144337920,2127560704,2141454336,2137260032,2504773046
2124414976,2149580800,2154823680,2134900736,2128609280,2147483648,2144337920,2126512128,2140930048,2136735744,2504789045
2122317824,2147483648,2143289344,2130706432,2128609280,2146435072,2143289344,2125463552,2135949312,2135949312,2504805044
2134900736,2153775104,2146435072,2130706432,2130706432,2147483648,2145386496,2128609280,2141454336,2138046464,2504821067
2141192192,2151677952,2140143616,2131755008,2130706432,2148532224,2146435072,2128609280,2141192192,2138570752,2504837067
2130706432,2159017984,2157969408,2136997888,2130706432,2148532224,2146435072,2128609280,2146172928,2138570752,2504853068
2135949312,2141192192,2139095040,2122317824,2129657856,2147483648,2145386496,2127560704,2134638592,2137522176,2504869064
2135949312,2141192192,2138046464,2122317824,2128609280,2147483648,2144337920,2126512128,2134376448,2136735744,2504885088
2138046464,2151677952,2143289344,2123366400,2129657856,2146435072,2144337920,2125463552,2139095040,2136473600,2504901088
2139095040,2146435072,2136997888,2122317824,2129657856,2146435072,2144337920,2126512128,2136211456,2136735744,2504917087
2126512128,2157969408,2156920832,2141192192,2130706432,2147483648,2145386496,2128609280,2145648640,2138046464,2504933086
2134900736,2159017984,2152726528,2132803584,2130706432,2147483648,2146435072,2127560704,2144862208,2138046464,2504949109
2140143616,2143289344,2140143616,2123366400,2129657856,2148532224,2146435072,2127560704,2136735744,2138046464,2504966001
2123366400,2155872256,2147483648,2139095040,2129657856,2146435072,2144337920,2126512128,2141454336,2136735744,2504982001
2121269248,2150629376,2154823680,2133852160,2128609280,2146435072,2144337920,2125463552,2140143616,2136211456,2504998001
2123366400,2147483648,2147483648,2127560704,2128609280,2146435072,2145386496,2126512128,2136473600,2136735744,2505014001
2122317824,2160066560,2147483648,2143289344,2130706432,2147483648,2145386496,2128609280,2143289344,2138046464,2505030023
2125463552,2157969408,2161115136,2133852160,2130706432,2148532224,2145386496,2127560704,2144600064,2138046464,2505046023
2124414976,2151677952,2149580800,2139095040,2129657856,2148532224,2145386496,2128609280,2141192192,2138046464,2505062022
2126512128,2154823680,2159017984,2134900736,2130706432,2146435072,2145386496,2125463552,2143813632,2136997888,2505078023
2120220672,2145386496,2148532224,2126512128,2129657856,2146435072,2144337920,2125463552,2135162880,2136473600,2505094045
2127560704,2155872256,2159017984,2129657856,2129657856,2147483648,2144337920,2126512128,2143027200,2136997888,2505110045
2144337920,2146435072,2140143616,2122317824,2130706432,2147483648,2145386496,2127560704,2138308608,2137784320,2505126044
2139095040,2146435072,2146435072,2121269248,2131755008,2148532224,2146435072,2128609280,2138308608,2138832896,2505142046
2123366400,2149580800,2149580800,2132803584,2130706432,2147483648,2145386496,2128609280,2138832896,2138046464,2505158065
2127560704,2155872256,2154823680,2133852160,2129657856,2146435072,2144337920,2126512128,2143027200,2136735744,2505174066
2128609280,2156920832,2153775104,2131755008,2129657856,2147483648,2143289344,2126512128,2142765056,2136735744,2505190065
2126512128,2145386496,2134900736,2124414976,2128609280,2146435072,2144337920,2125463552,2132803584,2136211456,2505206067
2142240768,2138046464,2138046464,2120220672,2130706432,2147483648,2145386496,2126512128,2134638592,2137522176,2505222087
2142240768,2146435072,2140143616,2121269248,2131755008,2148532224,2145386496,2127560704,2137522176,2138308608,2505238088
2141192192,2144337920,2146435072,2121269248,2130706432,2148532224,2146435072,2127560704,2138308608,2138308608,2505254086
2124414976,2149580800,2151677952,2134900736,2129657856,2147483648,2145386496,2127560704,2140143616,2137522176,2505270089
2122317824,2142240768,2141192192,2124414976,2128609280,2147483648,2145386496,2126512128,2132541440,2136997888,2505286108
2134900736,2150629376,2146435072,2132803584,2129657856,2146435072,2144337920,2125463552,2141192192,2136473600,2505302109
2122317824,2150629376,2147483648,2133852160,2129657856,2147483648,2144337920,2126512128,2138570752,2136997888,2505319001
2138046464,2139095040,2139095040,2119172096,2130706432,2147483648,2146435072,2127560704,2133852160,2138046464,2505335001
2140143616,2142240768,2140143616,2122317824,2129657856,2148532224,2146435072,2129657856,2136211456,2138570752,2505351001
2141192192,2156920832,2143289344,2132803584,2129657856,2147483648,2145386496,2127560704,2143551488,2137522176,2505367023
2123366400,2160066560,2149580800,2141192192,2129657856,2147483648,2145386496,2127560704,2143551488,2137522176,2505383023
2138046464,2151677952,2142240768,2129657856,2129657856,2146435072,2144337920,2126512128,2140405760,2136735744,2505399023
2125463552,2140143616,2136997888,2122317824,2129657856,2146435072,2144337920,2125463552,2131230720,2136473600,2505415024
2142240768,2138046464,2139095040,2119172096,2130706432,2148532224,2146435072,2128609280,2134638592,2138570752,2505431045
2145386496,2141192192,2140143616,2119172096,2131755008,2148532224,2146435072,2129657856,2136473600,2139095040,2505447046
2132803584,2154823680,2150629376,2135949312,2129657856,2148532224,2145386496,2128609280,2143551488,2138046464,2505463046
2133852160,2155872256,2151677952,2131755008,2129657856,2147483648,2145386496,2127560704,2143289344,2137522176,2505479047
2129657856,2157969408,2153775104,2129657856,2128609280,2147483648,2144337920,2126512128,2142765056,2136735744,2505495068
2138046464,2138046464,2135949312,2120220672,2129657856,2146435072,2144337920,2125463552,2133065728,2136473600,2505511066
2135949312,2154823680,2146435072,2132803584,2130706432,2147483648,2146435072,2127560704,2142502912,2138046464,2505527068
2133852160,2138046464,2139095040,2121269248,2131755008,2147483648,2145386496,2128609280,2133065728,2138308608,2505543067
2133852160,2138046464,2141192192,2120220672,2130706432,2147483648,2146435072,2127560704,2133327872,2138046464,2505559088
2133852160,2145386496,2136997888,2122317824,2129657856,2148532224,2145386496,2127560704,2134638592,2137784320,2505575088
2124414976,2155872256,2154823680,2135949312,2129657856,2146435072,2144337920,2125463552,2142765056,2136473600,2505591087
2135949312,2146435072,2146435072,2120220672,2129657856,2147483648,2145386496,2126512128,2137260032,2137260032,2505607089
2121269248,2147483648,2151677952,2127560704,2130706432,2147483648,2144337920,2127560704,2136997888,2137522176,2505623109
2133852160,2151677952,2149580800,2129657856,2130706432,2148532224,2146435072,2128609280,2141192192,2138570752,2505639109
2126512128,2151677952,2152726528,2136997888,2129657856,2148532224,2145386496,2128609280,2141978624,2138046464,2505656001
2141192192,2144337920,2142240768,2121269248,2129657856,2147483648,2145386496,2127560704,2137260032,2137522176,2505672001
2141192192,2138046464,2138046464,2120220672,2129657856,2147483648,2144337920,2126512128,2134376448,2136997888,2505688001
2122317824,2142240768,2147483648,2127560704,2129657856,2146435072,2144337920,2126512128,2134900736,2136735744,2505704001
2122317824,2159017984,2156920832,2135949312,2130706432,2147483648,2145386496,2127560704,2143551488,2137784320,2505720023
2143289344,2138046464,2140143616,2119172096,2130706432,2148532224,2146435072,2128609280,2135162880,2138570752,2505736024
2143289344,2143289344,2140143616,2122317824,2131755008,2148532224,2145386496,2129657856,2137260032,2138832896,2505752025
2124414976,2161115136,2159017984,2138046464,2129657856,2148532224,2145386496,2128609280,2145648640,2138046464,2505768022
2127560704,2155872256,2154823680,2134900736,2129657856,2147483648,2144337920,2126512128,2143289344,2136997888,2505784045
2138046464,2138046464,2136997888,2121269248,2128609280,2146435072,2143289344,2126512128,2133590016,2136211456,2505800047
2141192192,2141192192,2138046464,2122317824,2129657856,2147483648,2144337920,2127560704,2135687168,2137260032,2505816045
2123366400,2147483648,2148532224,2128609280,2129657856,2148532224,2146435072,2128609280,2136997888,2138308608,2505832045
2127560704,2160066560,2156920832,2135949312,2130706432,2148532224,2146435072,2128609280,2145124352,2138570752,2505848067
2142240768,2146435072,2138046464,2121269248,2129657856,2148532224,2145386496,2127560704,2136997888,2137784320,2505864066
2134900736,2152726528,2142240768,2123366400,2129657856,2147483648,2145386496,2126512128,2138308608,2137260032,2505880067
2122317824,2156920832,2157969408,2133852160,2128609280,2146435072,2144337920,2126512128,2142765056,2136473600,2505896067
2139095040,2140143616,2136997888,2119172096,2129657856,2147483648,2144337920,2126512128,2133852160,2136997888,2505912086
2124414976,2154823680,2162163712,2133852160,2130706432,2147483648,2145386496,2127560704,2143813632,2137784320,2505928088
2138046464,2143289344,2139095040,2122317824,2131755008,2148532224,2145386496,2128609280,2135687168,2138570752,2505944087
2142240768,2153775104,2138046464,2123366400,2130706432,2148532224,2145386496,2127560704,2139357184,2138046464,2505960087
2128609280,2153775104,2153775104,2135949312,2129657856,2147483648,2144337920,2126512128,2143027200,2136997888,2505976109
2134900736,2139095040,2135949312,2119172096,2129657856,2147483648,2144337920,2125463552,2132279296,2136735744,2505993001
2129657856,2139095040,2139095040,2117074944,2130706432,2146435072,2144337920,2125463552,2131230720,2136735744,2506009001
2138046464,2140143616,2140143616,2122317824,2130706432,2147483648,2146435072,2127560704,2135162880,2138046464,2506025001
2139095040,2144337920,2149580800,2120220672,2130706432,2148532224,2146435072,2128609280,2138308608,2138570752,2506041001
2136997888,2151677952,2154823680,2125463552,2130706432,2148532224,2145386496,2128609280,2142240768,2138308608,2506057023
2130706432,2154823680,2154823680,2131755008,2129657856,2147483648,2145386496,2127560704,2143027200,2137522176,2506073023
2123366400,2147483648,2153775104,2129657856,2129657856,2146435072,2144337920,2126512128,2138570752,2136735744,2506089022
2135949312,2142240768,2145386496,2119172096,2128609280,2147483648,2144337920,2126512128,2135687168,2136735744,2506105023
2126512128,2155872256,2154823680,2133852160,2130706432,2147483648,2144337920,2126512128,2142765056,2137260032,2506121045
2121269248,2151677952,2141192192,2134900736,2130706432,2148532224,2146435072,2129657856,2137260032,2138832896,2506137045
2136997888,2154823680,2152726528,2136997888,2130706432,2147483648,2146435072,2128609280,2145386496,2138308608,2506153044
2143289344,2141192192,2140143616,2122317824,2129657856,2148532224,2146435072,2127560704,2136735744,2138046464,2506169045
2122317824,2140143616,2145386496,2122317824,2129657856,2145386496,2143289344,2125463552,2132541440,2135949312,2506185068
2121269248,2141192192,2147483648,2123366400,2128609280,2146435072,2144337920,2125463552,2133327872,2136211456,2506201067
2142240768,2146435072,2140143616,2119172096,2129657856,2147483648,2144337920,2127560704,2136997888,2137260032,2506217064
2128609280,2157969408,2152726528,2129657856,2130706432,2147483648,2146435072,2128609280,2142240768,2138308608,2506233067
2140143616,2141192192,2139095040,2123366400,2129657856,2148532224,2145386496,2128609280,2135949312,2138046464,2506249088
2125463552,2156920832,2161115136,2135949312,2130706432,2147483648,2145386496,2127560704,2144862208,2137784320,2506265088
2140143616,2146435072,2146435072,2124414976,2130706432,2147483648,2144337920,2126512128,2139357184,2137260032,2506281087
2123366400,2155872256,2152726528,2135949312,2129657856,2146435072,2144337920,2125463552,2141978624,2136473600,2506297089
2122317824,2156920832,2147483648,2140143616,2128609280,2147483648,2144337920,2127560704,2141716480,2136997888,2506313107
2123366400,2151677952,2142240768,2135949312,2129657856,2148532224,2145386496,2128609280,2138308608,2138046464,2506329110
2124414976,2152726528,2150629376,2135949312,2130706432,2148532224,2146435072,2129657856,2140930048,2138832896,2506346000
2131755008,2141192192,2140143616,2121269248,2130706432,2147483648,2145386496,2127560704,2133590016,2137784320,2506362001
2143289344,2144337920,2146435072,2119172096,2129657856,2147483648,2144337920,2126512128,2138308608,2136997888,2506378001
2122317824,2148532224,2145386496,2133852160,2128609280,2147483648,2144337920,2126512128,2137522176,2136735744,2506394023
2131755008,2151677952,2152726528,2132803584,2129657856,2147483648,2144337920,2126512128,2142240768,2136997888,2506410022
2124414976,2141192192,2143289344,2122317824,2129657856,2148532224,2145386496,2128609280,2132803584,2138046464,2506426024
2133852160,2142240768,2136997888,2124414976,2130706432,2147483648,2146435072,2128609280,2134376448,2138308608,2506442023
2123366400,2147483648,2142240768,2129657856,2130706432,2147483648,2145386496,2128609280,2135687168,2138046464,2506458045
2128609280,2143289344,2136997888,2126512128,2129657856,2147483648,2144337920,2127560704,2133852160,2137260032,2506474044
2129657856,2142240768,2135949312,2120220672,2128609280,2147483648,2144337920,2126512128,2132017152,2136735744,2506490046
2126512128,2160066560,2155872256,2139095040,2129657856,2147483648,2144337920,2126512128,2145386496,2136997888,2506506045
2143289344,2145386496,2141192192,2122317824,2129657856,2148532224,2144337920,2127560704,2138046464,2137522176,2506522066
2123366400,2149580800,2136997888,2132803584,2130706432,2148532224,2145386496,2128609280,2135687168,2138308608,2506538064
2136997888,2141192192,2140143616,2122317824,2130706432,2148532224,2146435072,2128609280,2135162880,2138570752,2506554069
2138046464,2141192192,2139095040,2122317824,2129657856,2147483648,2145386496,2126512128,2135162880,2137260032,2506570066
2135949312,2140143616,2138046464,2120220672,2129657856,2146435072,2143289344,2126512128,2133590016,2136473600,2506586090
2122317824,2151677952,2144337920,2134900736,2129657856,2147483648,2145386496,2126512128,2138308608,2137260032,2506602088
2121269248,2153775104,2147483648,2136997888,2129657856,2147483648,2145386496,2126512128,2139881472,2137260032,2506618090
2128609280,2156920832,2156920832,2136997888,2129657856,2148532224,2146435072,2128609280,2144862208,2138308608,2506634087
2144337920,2150629376,2141192192,2125463552,2131755008,2147483648,2145386496,2128609280,2140405760,2138308608,2506650111
2135949312,2138046464,2138046464,2121269248,2130706432,2147483648,2145386496,2127560704,2133327872,2137784320,2506666106
2134900736,2150629376,2146435072,2124414976,2129657856,2146435072,2145386496,2126512128,2139095040,2136997888,2506683001
2131755008,2155872256,2146435072,2129657856,2128609280,2146435072,2144337920,2125463552,2140930048,2136211456,2506699001
2120220672,2153775104,2143289344,2136997888,2129657856,2147483648,2145386496,2127560704,2138570752,2137522176,2506715001
2131755008,2143289344,2139095040,2123366400,2130706432,2147483648,2144337920,2128609280,2134376448,2137784320,2506731001
2124414976,2144337920,2138046464,2129657856,2130706432,2149580800,2146435072,2129657856,2134114304,2139095040,2506747024
2123366400,2163212288,2157969408,2142240768,2130706432,2147483648,2145386496,2127560704,2146697216,2137784320,2506763023
2135949312,2144337920,2146435072,2119172096,2128609280,2146435072,2144337920,2126512128,2136473600,2136473600,2506779023
2123366400,2148532224,2140143616,2131755008,2128609280,2146435072,2143289344,2126512128,2135949312,2136211456,2506795023
2136997888,2150629376,2152726528,2126512128,2129657856,2146435072,2144337920,2125463552,2141716480,2136473600,2506811045
2126512128,2157969408,2157969408,2133852160,2130706432,2147483648,2145386496,2127560704,2144075776,2137784320,2506827047
2122317824,2147483648,2141192192,2129657856,2130706432,2148532224,2146435072,2128609280,2135162880,2138570752,2506843045
2125463552,2144337920,2160066560,2129657856,2129657856,2147483648,2146435072,2128609280,2139881472,2138046464,2506859045
2124414976,2150629376,2147483648,2133852160,2129657856,2147483648,2145386496,2127560704,2139095040,2137522176,2506875068
2121269248,2143289344,2139095040,2126512128,2129657856,2146435072,2144337920,2125463552,2132541440,2136473600,2506891068
2123366400,2145386496,2139095040,2126512128,2129657856,2146435072,2145386496,2125463552,2133590016,2136735744,2506907066
2122317824,2147483648,2147483648,2128609280,2130706432,2147483648,2144337920,2127560704,2136473600,2137522176,2506923065
2122317824,2160066560,2148532224,2143289344,2131755008,2147483648,2146435072,2128609280,2143551488,2138570752,2506939088
2141192192,2146435072,2146435072,2123366400,2131755008,2147483648,2145386496,2127560704,2139357184,2138046464,2506955088
2125463552,2151677952,2155872256,2139095040,2128609280,2148532224,2145386496,2128609280,2143027200,2137784320,2506971088
2135949312,2143289344,2136997888,2123366400,2128609280,2146435072,2144337920,2125463552,2134900736,2136211456,2506987087
2139095040,2142240768,2139095040,2122317824,2129657856,2147483648,2144337920,2127560704,2135687168,2137260032,2507003109
2142240768,2146435072,2138046464,2122317824,2129657856,2147483648,2145386496,2127560704,2137260032,2137522176,2507020001
2122317824,2147483648,2141192192,2127560704,2130706432,2147483648,2145386496,2127560704,2134638592,2137784320,2507036001
2131755008,2162163712,2153775104,2134900736,2131755008,2148532224,2146435072,2128609280,2145648640,2138832896,2507052001
2123366400,2155872256,2147483648,2141192192,2130706432,2147483648,2145386496,2126512128,2141978624,2137522176,2507068001
2123366400,2149580800,2152726528,2134900736,2130706432,2145386496,2144337920,2125463552,2140143616,2136473600,2507084024
2122317824,2160066560,2153775104,2133852160,2129657856,2146435072,2143289344,2125463552,2142502912,2136211456,2507100025
2129657856,2138046464,2139095040,2120220672,2129657856,2146435072,2144337920,2126512128,2131755008,2136735744,2507116022
2121269248,2157969408,2151677952,2141192192,2130706432,2148532224,2146435072,2128609280,2143027200,2138570752,2507132023
2132803584,2161115136,2151677952,2135949312,2130706432,2149580800,2146435072,2129657856,2145386496,2139095040,2507148046
2121269248,2145386496,2141192192,2129657856,2129657856,2148532224,2146435072,2128609280,2134376448,2138308608,2507164046
2126512128,2154823680,2160066560,2125463552,2129657856,2147483648,2144337920,2127560704,2141716480,2137260032,2507180044
2120220672,2149580800,2147483648,2133852160,2129657856,2146435072,2144337920,2126512128,2137784320,2136735744,2507196044
2132803584,2150629376,2149580800,2129657856,2129657856,2147483648,2145386496,2126512128,2140667904,2137260032,2507212066
2134900736,2156920832,2146435072,2131755008,2130706432,2147483648,2144337920,2127560704,2142502912,2137522176,2507228067
2130706432,2152726528,2156920832,2129657856,2130706432,2148532224,2145386496,2128609280,2142502912,2138308608,2507244066
2138046464,2145386496,2146435072,2121269248,2129657856,2148532224,2146435072,2128609280,2137784320,2138308608,2507260066
2123366400,2144337920,2140143616,2127560704,2129657856,2147483648,2144337920,2127560704,2133852160,2137260032,2507276089
2141192192,2139095040,2138046464,2117074944,2128609280,2146435072,2144337920,2125463552,2133852160,2136211456,2507292087
2131755008,2150629376,2149580800,2129657856,2129657856,2146435072,2144337920,2125463552,2140405760,2136473600,2507308085
2123366400,2153775104,2147483648,2136997888,2130706432,2147483648,2144337920,2127560704,2140405760,2137522176,2507324088
2126512128,2154823680,2159017984,2129657856,2130706432,2148532224,2146435072,2128609280,2142502912,2138570752,2507340109
2124414976,2156920832,2155872256,2139095040,2131755008,2147483648,2145386496,2127560704,2144075776,2138046464,2507356109
2127560704,2159017984,2154823680,2138046464,2130706432,2146435072,2144337920,2127560704,2144862208,2137260032,2507373000
2123366400,2162163712,2159017984,2140143616,2129657856,2146435072,2144337920,2126512128,2146172928,2136735744,2507389001
2128609280,2153775104,2153775104,2122317824,2128609280,2146435072,2145386496,2126512128,2139619328,2136735744,2507405001
2122317824,2150629376,2143289344,2135949312,2130706432,2146435072,2145386496,2126512128,2138046464,2137260032,2507421023
2139095040,2145386496,2146435072,2124414976,2130706432,2148532224,2146435072,2128609280,2138832896,2138570752,2507437024
2124414976,2150629376,2147483648,2135949312,2130706432,2147483648,2146435072,2128609280,2139619328,2138308608,2507453026
2126512128,2156920832,2159017984,2133852160,2129657856,2148532224,2145386496,2128609280,2144075776,2138046464,2507469024
2123366400,2142240768,2147483648,2125463552,2129657856,2145386496,2144337920,2126512128,2134638592,2136473600,2507485045
2142240768,2139095040,2136997888,2117074944,2128609280,2147483648,2143289344,2126512128,2133852160,2136473600,2507501045
2124414976,2145386496,2147483648,2128609280,2130706432,2146435072,2144337920,2126512128,2136473600,2136997888,2507517046
2126512128,2156920832,2159017984,2132803584,2130706432,2148532224,2145386496,2128609280,2143813632,2138308608,2507533045
2139095040,2151677952,2144337920,2131755008,2131755008,2148532224,2147483648,2128609280,2141716480,2139095040,2507549067
2123366400,2147483648,2147483648,2129657856,2131755008,2147483648,2145386496,2126512128,2136997888,2137784320,2507565065
2138046464,2142240768,2136997888,2120220672,2128609280,2147483648,2145386496,2126512128,2134376448,2136997888,2507581066
2134900736,2152726528,2146435072,2129657856,2128609280,2146435072,2143289344,2125463552,2140930048,2135949312,2507597068
2132803584,2154823680,2148532224,2129657856,2129657856,2147483648,2143289344,2126512128,2141454336,2136735744,2507613087
2124414976,2160066560,2157969408,2138046464,2130706432,2147483648,2146435072,2128609280,2145124352,2138308608,2507629086
2141192192,2142240768,2141192192,2121269248,2129657856,2148532224,2145386496,2129657856,2136473600,2138308608,2507645087
2139095040,2141192192,2139095040,2121269248,2130706432,2147483648,2145386496,2127560704,2135162880,2137784320,2507661089
2139095040,2146435072,2150629376,2122317824,2129657856,2147483648,2145386496,2127560704,2139619328,2137522176,2507677110
2127560704,2154823680,2155872256,2133852160,2129657856,2146435072,2144337920,2125463552,2143027200,2136473600,2507693106
2128609280,2157969408,2155872256,2131755008,2129657856,2146435072,2144337920,2126512128,2143551488,2136735744,2507710001
2122317824,2152726528,2151677952,2135949312,2129657856,2147483648,2145386496,2127560704,2140667904,2137522176,2507726001
2138046464,2142240768,2149580800,2123366400,2129657856,2148532224,2146435072,2128609280,2138308608,2138308608,2507742001
2126512128,2156920832,2156920832,2138046464,2129657856,2148532224,2145386496,2128609280,2144600064,2138046464,2507758001
2125463552,2162163712,2159017984,2138046464,2129657856,2147483648,2144337920,2126512128,2146172928,2136997888,2507774023
2128609280,2152726528,2154823680,2133852160,2129657856,2146435072,2144337920,2125463552,2142502912,2136473600,2507790024
2123366400,2143289344,2139095040,2123366400,2129657856,2146435072,2144337920,2125463552,2132279296,2136473600,2507806023
2129657856,2141192192,2140143616,2122317824,2130706432,2148532224,2146435072,2127560704,2133327872,2138308608,2507822022
2141192192,2142240768,2139095040,2124414976,2131755008,2148532224,2145386496,2128609280,2136735744,2138570752,2507838046
2120220672,2162163712,2155872256,2138046464,2129657856,2147483648,2145386496,2128609280,2144075776,2137784320,2507854045
2127560704,2160066560,2154823680,2131755008,2129657856,2148532224,2145386496,2127560704,2143551488,2137784320,2507870045
2122317824,2143289344,2140143616,2126512128,2128609280,2146435072,2144337920,2126512128,2133065728,2136473600,2507886045
2123366400,2145386496,2147483648,2126512128,2128609280,2147483648,2145386496,2126512128,2135687168,2136997888,2507902068
2127560704,2156920832,2151677952,2131755008,2130706432,2147483648,2144337920,2126512128,2141978624,2137260032,2507918067
2139095040,2143289344,2152726528,2122317824,2130706432,2148532224,2146435072,2128609280,2139357184,2138570752,2507934069
2131755008,2140143616,2140143616,2123366400,2131755008,2148532224,2146435072,2128609280,2133852160,2138832896,2507950066
2129657856,2143289344,2144337920,2122317824,2129657856,2147483648,2145386496,2128609280,2134900736,2137784320,2507966087
2124414976,2160066560,2155872256,2138046464,2129657856,2146435072,2144337920,2126512128,2144600064,2136735744,2507982088
2121269248,2153775104,2147483648,2138046464,2129657856,2146435072,2144337920,2125463552,2140143616,2136473600,2507998086
2133852160,2143289344,2136997888,2122317824,2129657856,2148532224,2145386496,2127560704,2134114304,2137784320,2508014088
2145386496,2139095040,2140143616,2117074944,2130706432,2148532224,2145386496,2127560704,2135425024,2138046464,2508030111
2124414976,2160066560,2155872256,2141192192,2130706432,2147483648,2146435072,2128609280,2145386496,2138308608,2508047001
2140143616,2154823680,2142240768,2125463552,2129657856,2148532224,2146435072,2128609280,2140667904,2138308608,2508063001
2140143616,2141192192,2143289344,2118123520,2129657856,2147483648,2144337920,2126512128,2135687168,2136997888,2508079001
2122317824,2147483648,2147483648,2130706432,2129657856,2146435072,2144337920,2126512128,2136997888,2136735744,2508095001
2135949312,2138046464,2135949312,2117074944,2129657856,2147483648,2144337920,2126512128,2131755008,2136997888,2508111024
2125463552,2154823680,2155872256,2136997888,2130706432,2148532224,2145386496,2128609280,2143289344,2138308608,2508127023
2125463552,2159017984,2155872256,2140143616,2130706432,2148532224,2146435072,2128609280,2145124352,2138570752,2508143024
2125463552,2143289344,2140143616,2127560704,2129657856,2147483648,2145386496,2128609280,2134114304,2137784320,2508159023
2141192192,2146435072,2144337920,2124414976,2129657856,2147483648,2144337920,2127560704,2139095040,2137260032,2508175045
2128609280,2146435072,2152726528,2122317824,2128609280,2146435072,2144337920,2126512128,2137522176,2136473600,2508191046
2127560704,2141192192,2138046464,2122317824,2128609280,2147483648,2144337920,2126512128,2132279296,2136735744,2508207045
2123366400,2140143616,2140143616,2121269248,2129657856,2147483648,2144337920,2127560704,2131230720,2137260032,2508223047
2126512128,2160066560,2153775104,2143289344,2130706432,2147483648,2145386496,2128609280,2145910784,2138046464,2508239066
2126512128,2159017984,2155872256,2138046464,2130706432,2148532224,2146435072,2128609280,2144862208,2138570752,2508255066
2136997888,2146435072,2140143616,2122317824,2129657856,2148532224,2145386496,2127560704,2136473600,2137784320,2508271066
2139095040,2141192192,2144337920,2119172096,2129657856,2146435072,2144337920,2126512128,2135949312,2136735744,2508287067
2130706432,2138046464,2138046464,2120220672,2128609280,2147483648,2145386496,2126512128,2131755008,2136997888,2508303088
2121269248,2151677952,2143289344,2134900736,2129657856,2148532224,2144337920,2127560704,2137784320,2137522176,2508319090
2122317824,2157969408,2152726528,2140143616,2130706432,2148532224,2145386496,2128609280,2143289344,2138308608,2508335087
2123366400,2159017984,2147483648,2142240768,2131755008,2148532224,2146435072,2127560704,2143027200,2138570752,2508351088
2125463552,2160066560,2152726528,2139095040,2128609280,2148532224,2145386496,2128609280,2144337920,2137784320,2508367109
2130706432,2146435072,2150629376,2121269248,2129657856,2146435072,2144337920,2126512128,2137260032,2136735744,2508383110
2123366400,2146435072,2152726528,2128609280,2128609280,2146435072,2144337920,2126512128,2137784320,2136473600,2508400001
2123366400,2159017984,2160066560,2133852160,2129657856,2147483648,2145386496,2126512128,2144075776,2137260032,2508416001
2128609280,2155872256,2155872256,2133852160,2130706432,2147483648,2145386496,2128609280,2143551488,2138046464,2508432001
2127560704,2160066560,2155872256,2141192192,2131755008,2148532224,2145386496,2128609280,2146172928,2138570752,2508448022
2136997888,2152726528,2146435072,2134900736,2129657856,2147483648,2145386496,2127560704,2142765056,2137522176,2508464023
2123366400,2148532224,2143289344,2134900736,2129657856,2147483648,2144337920,2126512128,2137522176,2136997888,2508480023
2124414976,2155872256,2155872256,2135949312,2129657856,2147483648,2143289344,2126512128,2143027200,2136735744,2508496024
2141192192,2149580800,2139095040,2121269248,2129657856,2146435072,2144337920,2126512128,2137784320,2136735744,2508512045
2126512128,2161115136,2157969408,2139095040,2130706432,2148532224,2145386496,2128609280,2146172928,2138308608,2508528046
2132803584,2142240768,2139095040,2126512128,2130706432,2148532224,2145386496,2128609280,2135162880,2138308608,2508544045
2143289344,2146435072,2142240768,2123366400,2130706432,2148532224,2146435072,2128609280,2138832896,2138570752,2508560046
2133852160,2141192192,2136997888,2122317824,2130706432,2146435072,2144337920,2126512128,2133590016,2136997888,2508576066
2123366400,2143289344,2140143616,2123366400,2128609280,2147483648,2144337920,2125463552,2132541440,2136473600,2508592064
2122317824,2154823680,2155872256,2136997888,2129657856,2146435072,2144337920,2127560704,2142502912,2136997888,2508608066
2123366400,2148532224,2147483648,2131755008,2129657856,2147483648,2145386496,2128609280,2137784320,2137784320,2508624066
2139095040,2143289344,2144337920,2124414976,2130706432,2147483648,2145386496,2128609280,2137784320,2138046464,2508640088
2124414976,2144337920,2145386496,2128609280,2130706432,2148532224,2146435072,2128609280,2135687168,2138570752,2508656089
2135949312,2146435072,2152726528,2119172096,2129657856,2147483648,2145386496,2126512128,2138570752,2137260032,2508672088
2140143616,2144337920,2142240768,2122317824,2129657856,2146435072,2143289344,2125463552,2137260032,2136211456,2508688088
2133852160,2138046464,2136997888,2120220672,2128609280,2147483648,2144337920,2126512128,2132279296,2136735744,2508704110
2134900736,2146435072,2146435072,2123366400,2130706432,2147483648,2144337920,2127560704,2137784320,2137522176,2508720108
2140143616,2146435072,2138046464,2120220672,2130706432,2148532224,2145386496,2128609280,2136211456,2138308608,2508737001
2134900736,2154823680,2152726528,2134900736,2131755008,2148532224,2145386496,2128609280,2144337920,2138570752,2508753001
2126512128,2149580800,2147483648,2133852160,2129657856,2148532224,2145386496,2128609280,2139357184,2138046464,2508769001
2123366400,2160066560,2153775104,2138046464,2128609280,2147483648,2144337920,2127560704,2143813632,2136997888,2508785001
2135949312,2140143616,2136997888,2118123520,2129657856,2146435072,2144337920,2127560704,2132803584,2136997888,2508801026
2122317824,2147483648,2147483648,2129657856,2130706432,2146435072,2145386496,2125463552,2136735744,2136997888,2508817023
2127560704,2160066560,2152726528,2139095040,2129657856,2148532224,2146435072,2129657856,2144862208,2138570752,2508833024
2138046464,2146435072,2146435072,2122317824,2131755008,2148532224,2146435072,2128609280,2138308608,2138832896,2508849023
2125463552,2161115136,2159017984,2142240768,2130706432,2147483648,2145386496,2127560704,2146959360,2137784320,2508865047
2126512128,2155872256,2156920832,2135949312,2129657856,2148532224,2145386496,2127560704,2143813632,2137784320,2508881045
2138046464,2151677952,2144337920,2121269248,2129657856,2146435072,2144337920,2125463552,2138832896,2136473600,2508897045
2129657856,2161115136,2155872256,2134900736,2130706432,2147483648,2144337920,2126512128,2145386496,2137260032,2508913044
2140143616,2139095040,2138046464,2119172096,2130706432,2148532224,2145386496,2128609280,2134114304,2138308608,2508929069
2139095040,2159017984,2146435072,2135949312,2129657856,2148532224,2146435072,2128609280,2145124352,2138308608,2508945066
2124414976,2153775104,2148532224,2131755008,2130706432,2148532224,2145386496,2127560704,2139619328,2138046464,2508961067
2124414976,2145386496,2141192192,2126512128,2129657856,2146435072,2144337920,2126512128,2134376448,2136735744,2508977068
2138046464,2138046464,2138046464,2119172096,2129657856,2147483648,2144337920,2125463552,2133327872,2136735744,2508993087
2125463552,2141192192,2142240768,2119172096,2130706432,2146435072,2144337920,2125463552,2132017152,2136735744,2509009089
2125463552,2160066560,2155872256,2139095040,2129657856,2148532224,2145386496,2127560704,2145124352,2137784320,2509025087
2129657856,2140143616,2139095040,2122317824,2130706432,2147483648,2145386496,2127560704,2132803584,2137784320,2509041086
2124414976,2155872256,2155872256,2139095040,2130706432,2148532224,2145386496,2128609280,2143813632,2138308608,2509057109
2144337920,2140143616,2138046464,2121269248,2130706432,2146435072,2144337920,2127560704,2135949312,2137260032,2509074001
2134900736,2152726528,2151677952,2131755008,2128609280,2146435072,2144337920,2126512128,2142765056,2136473600,2509090001
2135949312,2140143616,2145386496,2120220672,2129657856,2146435072,2144337920,2125463552,2135425024,2136473600,2509106000
2122317824,2154823680,2152726528,2136997888,2129657856,2148532224,2146435072,2128609280,2141716480,2138308608,2509122001
2132803584,2152726528,2151677952,2135949312,2130706432,2148532224,2146435072,2128609280,2143289344,2138570752,2509138024
2122317824,2164260864,2155872256,2139095040,2129657856,2148532224,2146435072,2128609280,2145386496,2138308608,2509154023
2128609280,2155872256,2156920832,2134900736,2129657856,2146435072,2145386496,2127560704,2144075776,2137260032,2509170022
2126512128,2151677952,2154823680,2139095040,2129657856,2146435072,2144337920,2126512128,2143027200,2136735744,2509186024
2130706432,2139095040,2138046464,2119172096,2129657856,2146435072,2144337920,2125463552,2131755008,2136473600,2509202046
2124414976,2151677952,2153775104,2134900736,2129657856,2147483648,2145386496,2127560704,2141192192,2137522176,2509218045
2141192192,2143289344,2142240768,2122317824,2130706432,2148532224,2146435072,2127560704,2137260032,2138308608,2509234044
2136997888,2140143616,2139095040,2121269248,2130706432,2147483648,2145386496,2128609280,2134376448,2138046464,2509250045
2138046464,2142240768,2138046464,2122317824,2129657856,2148532224,2145386496,2127560704,2135162880,2137784320,2509266068
2126512128,2156920832,2155872256,2138046464,2129657856,2146435072,2144337920,2125463552,2144337920,2136473600,2509282068
2135949312,2138046464,2138046464,2117074944,2128609280,2146435072,2143289344,2125463552,2132279296,2135949312,2509298065
2136997888,2142240768,2145386496,2121269248,2129657856,2147483648,2144337920,2126512128,2136473600,2136997888,2509314067
2126512128,2155872256,2157969408,2135949312,2130706432,2147483648,2146435072,2127560704,2144075776,2138046464,2509330088
2124414976,2144337920,2148532224,2126512128,2130706432,2148532224,2146435072,2128609280,2135949312,2138570752,2509346089
2131755008,2143289344,2135949312,2124414976,2130706432,2147483648,2146435072,2127560704,2133852160,2138046464,2509362087
2123366400,2148532224,2147483648,2129657856,2129657856,2147483648,2144337920,2127560704,2137260032,2137260032,2509378090
2134900736,2140143616,2146435072,2120220672,2129657856,2146435072,2144337920,2126512128,2135425024,2136735744,2509394109
2138046464,2140143616,2140143616,2119172096,2128609280,2147483648,2144337920,2126512128,2134376448,2136735744,2509410111
2140143616,2141192192,2138046464,2120220672,2130706432,2148532224,2145386496,2128609280,2134900736,2138308608,2509427001
2138046464,2141192192,2140143616,2122317824,2130706432,2148532224,2146435072,2128609280,2135425024,2138570752,2509443001
2123366400,2147483648,2147483648,2130706432,2130706432,2148532224,2145386496,2128609280,2137260032,2138308608,2509459001
2140143616,2140143616,2138046464,2120220672,2129657856,2148532224,2145386496,2127560704,2134638592,2137784320,2509475025
2135949312,2140143616,2135949312,2120220672,2128609280,2147483648,2143289344,2126512128,2133065728,2136473600,2509491025
2126512128,2154823680,2154823680,2136997888,2129657856,2146435072,2144337920,2126512128,2143289344,2136735744,2509507024
2128609280,2140143616,2139095040,2121269248,2129657856,2147483648,2145386496,2127560704,2132279296,2137522176,2509523023
2123366400,2146435072,2139095040,2128609280,2130706432,2148532224,2146435072,2128609280,2134376448,2138570752,2509539046
2126512128,2162163712,2157969408,2134900736,2130706432,2148532224,2145386496,2129657856,2145386496,2138570752,2509555046
2123366400,2150629376,2149580800,2135949312,2129657856,2148532224,2145386496,2127560704,2139881472,2137784320,2509571045
2138046464,2145386496,2138046464,2121269248,2128609280,2147483648,2144337920,2127560704,2135687168,2136997888,2509587045
2122317824,2160066560,2153775104,2134900736,2129657856,2147483648,2144337920,2126512128,2142765056,2136997888,2509603067
2133852160,2151677952,2150629376,2131755008,2130706432,2146435072,2145386496,2126512128,2141978624,2137260032,2509619067
2139095040,2154823680,2138046464,2132803584,2131755008,2147483648,2145386496,2127560704,2141192192,2138046464,2509635066
2122317824,2154823680,2147483648,2138046464,2130706432,2148532224,2145386496,2128609280,2140667904,2138308608,2509651068
2124414976,2149580800,2144337920,2135949312,2130706432,2147483648,2144337920,2127560704,2138570752,2137522176,2509667088
2124414976,2160066560,2157969408,2139095040,2129657856,2147483648,2144337920,2126512128,2145386496,2136997888,2509683088
2135949312,2150629376,2146435072,2121269248,2129657856,2146435072,2144337920,2125463552,2138570752,2136473600,2509699089
2139095040,2146435072,2135949312,2122317824,2129657856,2147483648,2145386496,2126512128,2135949312,2137260032,2509715090
2121269248,2161115136,2155872256,2143289344,2129657856,2147483648,2146435072,2127560704,2145386496,2137784320,2509731108
2123366400,2155872256,2153775104,2139095040,2129657856,2149580800,2146435072,2129657856,2143027200,2138832896,2509747105
2133852160,2138046464,2139095040,2121269248,2129657856,2147483648,2145386496,2127560704,2133065728,2137522176,2509764001
2122317824,2154823680,2152726528,2139095040,2128609280,2148532224,2145386496,2128609280,2142240768,2137784320,2509780001
2124414976,2162163712,2153775104,2134900736,2128609280,2147483648,2144337920,2126512128,2143813632,2136735744,2509796001
2122317824,2164260864,2153775104,2139095040,2129657856,2147483648,2145386496,2126512128,2144862208,2137260032,2509812001
2123366400,2151677952,2151677952,2135949312,2129657856,2147483648,2145386496,2128609280,2140667904,2137784320,2509828025
2126512128,2151677952,2147483648,2139095040,2129657856,2148532224,2145386496,2128609280,2141192192,2138046464,2509844023
2142240768,2141192192,2140143616,2122317824,2129657856,2148532224,2145386496,2128609280,2136473600,2138046464,2509860024
2123366400,2147483648,2155872256,2129657856,2129657856,2147483648,2145386496,2126512128,2139095040,2137260032,2509876024
2133852160,2144337920,2146435072,2122317824,2129657856,2147483648,2144337920,2126512128,2136735744,2136997888,2509892046
2128609280,2155872256,2150629376,2131755008,2129657856,2146435072,2144337920,2125463552,2141716480,2136473600,2509908045
2132803584,2146435072,2152726528,2121269248,2130706432,2147483648,2145386496,2127560704,2138308608,2137784320,2509924045
2131755008,2156920832,2153775104,2134900736,2129657856,2149580800,2145386496,2128609280,2144337920,2138308608,2509940044
2125463552,2145386496,2140143616,2124414976,2130706432,2148532224,2145386496,2128609280,2133852160,2138308608,2509956066
2124414976,2162163712,2159017984,2140143616,2130706432,2148532224,2144337920,2127560704,2146435072,2137784320,2509972066
2141192192,2153775104,2139095040,2127560704,2129657856,2147483648,2144337920,2126512128,2140405760,2136997888,2509988067
2129657856,2156920832,2149580800,2130706432,2129657856,2147483648,2144337920,2126512128,2141716480,2136997888,2510004066
2123366400,2157969408,2155872256,2139095040,2129657856,2148532224,2145386496,2128609280,2144075776,2138046464,2510020088
2129657856,2141192192,2140143616,2123366400,2130706432,2148532224,2146435072,2128609280,2133590016,2138570752,2510036088
2139095040,2142240768,2139095040,2124414976,2131755008,2148532224,2146435072,2127560704,2136211456,2138570752,2510052088
2126512128,2150629376,2154823680,2133852160,2129657856,2147483648,2145386496,2127560704,2141454336,2137522176,2510068086
2125463552,2143289344,2141192192,2122317824,2129657856,2146435072,2144337920,2125463552,2133065728,2136473600,2510084110
2120220672,2151677952,2143289344,2132803584,2128609280,2146435072,2144337920,2126512128,2136997888,2136473600,2510101001
2136997888,2154823680,2146435072,2127560704,2128609280,2147483648,2145386496,2126512128,2141454336,2136997888,2510117001
2128609280,2154823680,2154823680,2139095040,2130706432,2148532224,2145386496,2128609280,2144337920,2138308608,2510133001
2135949312,2155872256,2154823680,2133852160,2130706432,2148532224,2146435072,2128609280,2145124352,2138570752,2510149001
2126512128,2144337920,2147483648,2128609280,2129657856,2148532224,2145386496,2128609280,2136735744,2138046464,2510165024
2123366400,2152726528,2152726528,2138046464,2128609280,2147483648,2144337920,2126512128,2141716480,2136735744,2510181024
2134900736,2141192192,2140143616,2122317824,2129657856,2146435072,2143289344,2125463552,2134638592,2136211456,2510197022
2140143616,2138046464,2142240768,2117074944,2129657856,2147483648,2145386496,2126512128,2134376448,2137260032,2510213024
2124414976,2157969408,2149580800,2141192192,2128609280,2148532224,2146435072,2127560704,2143289344,2137784320,2510229045
2136997888,2146435072,2150629376,2121269248,2130706432,2148532224,2146435072,2128609280,2138832896,2138570752,2510245046
2136997888,2155872256,2146435072,2131755008,2130706432,2147483648,2145386496,2127560704,2142765056,2137784320,2510261044
2129657856,2141192192,2140143616,2122317824,2128609280,2147483648,2144337920,2127560704,2133327872,2136997888,2510277045
2140143616,2140143616,2142240768,2125463552,2128609280,2146435072,2144337920,2126512128,2136997888,2136473600,2510293068
2121269248,2142240768,2147483648,2125463552,2128609280,2147483648,2145386496,2126512128,2134114304,2136997888,2510309066
2124414976,2141192192,2142240768,2124414976,2129657856,2147483648,2145386496,2127560704,2133065728,2137522176,2510325065
2136997888,2152726528,2146435072,2129657856,2130706432,2148532224,2146435072,2127560704,2141454336,2138308608,2510341067
2124414976,2144337920,2144337920,2128609280,2130706432,2147483648,2145386496,2128609280,2135425024,2138046464,2510357090
2122317824,2147483648,2143289344,2130706432,2129657856,2147483648,2144337920,2127560704,2135949312,2137260032,2510373087
2140143616,2144337920,2136997888,2119172096,2129657856,2146435072,2145386496,2126512128,2135162880,2136997888,2510389085
2134900736,2146435072,2150629376,2121269248,2129657856,2146435072,2144337920,2125463552,2138308608,2136473600,2510405087
2139095040,2144337920,2146435072,2117074944,2129657856,2147483648,2145386496,2126512128,2136735744,2137260032,2510421111
2141192192,2143289344,2145386496,2122317824,2131755008,2148532224,2145386496,2128609280,2138046464,2138570752,2510437107
2126512128,2154823680,2159017984,2143289344,2130706432,2148532224,2146435072,2128609280,2145910784,2138570752,2510454001
2122317824,2155872256,2156920832,2140143616,2129657856,2147483648,2144337920,2127560704,2143813632,2137260032,2510470001
2124414976,2149580800,2157969408,2132803584,2128609280,2147483648,2145386496,2126512128,2141192192,2136997888,2510486001
2122317824,2145386496,2140143616,2127560704,2129657856,2147483648,2143289344,2126512128,2133852160,2136735744,2510502023
2138046464,2143289344,2150629376,2120220672,2129657856,2146435072,2144337920,2127560704,2138046464,2136997888,2510518022
2132803584,2140143616,2138046464,2121269248,2130706432,2148532224,2145386496,2128609280,2133065728,2138308608,2510534023
2125463552,2154823680,2154823680,2139095040,2130706432,2148532224,2146435072,2129657856,2143551488,2138832896,2510550025
2123366400,2159017984,2153775104,2140143616,2129657856,2148532224,2146435072,2128609280,2144075776,2138308608,2510566045
2131755008,2157969408,2149580800,2131755008,2129657856,2147483648,2143289344,2126512128,2142765056,2136735744,2510582045
2129657856,2143289344,2134900736,2122317824,2127560704,2147483648,2144337920,2126512128,2132541440,2136473600,2510598047
2135949312,2150629376,2146435072,2132803584,2129657856,2147483648,2145386496,2127560704,2141454336,2137522176,2510614046
2139095040,2143289344,2136997888,2122317824,2131755008,2146435072,2145386496,2126512128,2135425024,2137522176,2510630066
2131755008,2157969408,2153775104,2139095040,2130706432,2148532224,2146435072,2129657856,2145648640,2138832896,2510646065
2129657856,2141192192,2140143616,2122317824,2129657856,2148532224,2145386496,2128609280,2133327872,2138046464,2510662069
2140143616,2146435072,2146435072,2122317824,2129657856,2147483648,2144337920,2126512128,2138832896,2136997888,2510678068
2130706432,2154823680,2152726528,2134900736,2128609280,2146435072,2144337920,2126512128,2143289344,2136473600,2510694087
2121269248,2147483648,2147483648,2130706432,2128609280,2146435072,2143289344,2126512128,2136735744,2136211456,2510710086
2122317824,2149580800,2149580800,2134900736,2129657856,2147483648,2145386496,2127560704,2139095040,2137522176,2510726088
2140143616,2141192192,2139095040,2121269248,2131755008,2148532224,2145386496,2128609280,2135425024,2138570752,2510742086
2124414976,2142240768,2149580800,2127560704,2130706432,2148532224,2145386496,2127560704,2135949312,2138046464,2510758108
2123366400,2147483648,2140143616,2130706432,2129657856,2147483648,2144337920,2127560704,2135425024,2137260032,2510774105
2127560704,2141192192,2135949312,2122317824,2128609280,2147483648,2143289344,2126512128,2131755008,2136473600,2510791001
2125463552,2162163712,2157969408,2135949312,2129657856,2147483648,2144337920,2127560704,2145386496,2137260032,2510807001
2125463552,2161115136,2156920832,2139095040,2129657856,2147483648,2145386496,2127560704,2145648640,2137522176,2510823001
2123366400,2147483648,2143289344,2130706432,2130706432,2148532224,2145386496,2128609280,2136211456,2138308608,2510839001
2133852160,2143289344,2140143616,2123366400,2130706432,2148532224,2145386496,2127560704,2135162880,2138046464,2510855024
2122317824,2142240768,2140143616,2127560704,2129657856,2147483648,2145386496,2126512128,2133065728,2137260032,2510871024
2125463552,2141192192,2135949312,2123366400,2128609280,2147483648,2144337920,2126512128,2131492864,2136735744,2510887023
2133852160,2141192192,2136997888,2122317824,2129657856,2147483648,2144337920,2126512128,2133590016,2136997888,2510903023
2127560704,2141192192,2140143616,2122317824,2129657856,2148532224,2145386496,2127560704,2132803584,2137784320,2510919045
2122317824,2147483648,2144337920,2130706432,2130706432,2148532224,2145386496,2129657856,2136211456,2138570752,2510935045
2142240768,2143289344,2141192192,2123366400,2130706432,2148532224,2146435072,2128609280,2137522176,2138570752,2510951045
2130706432,2156920832,2150629376,2138046464,2130706432,2147483648,2145386496,2127560704,2144075776,2137784320,2510967044
2142240768,2144337920,2138046464,2119172096,2128609280,2146435072,2144337920,2125463552,2135949312,2136211456,2510983068
2136997888,2138046464,2138046464,2120220672,2128609280,2146435072,2144337920,2126512128,2133327872,2136473600,2510999067
2122317824,2147483648,2142240768,2130706432,2128609280,2147483648,2145386496,2126512128,2135687168,2136997888,2511015066
2130706432,2141192192,2140143616,2120220672,2130706432,2146435072,2145386496,2125463552,2133065728,2136997888,2511031065
2129657856,2143289344,2138046464,2126512128,2129657856,2148532224,2146435072,2128609280,2134376448,2138308608,2511047091
2128609280,2156920832,2160066560,2138046464,2129657856,2148532224,2146435072,2127560704,2145910784,2138046464,2511063086
2126512128,2155872256,2154823680,2133852160,2129657856,2146435072,2144337920,2126512128,2142765056,2136735744,2511079086
2126512128,2154823680,2157969408,2134900736,2129657856,2146435072,2144337920,2126512128,2143551488,2136735744,2511095087
2121269248,2148532224,2154823680,2132803584,2129657856,2146435072,2144337920,2126512128,2139357184,2136735744,2511111109
2138046464,2150629376,2146435072,2132803584,2130706432,2147483648,2145386496,2128609280,2141978624,2138046464,2511128001
2145386496,2150629376,2140143616,2129657856,2131755008,2148532224,2145386496,2128609280,2141454336,2138570752,2511144001
2140143616,2153775104,2140143616,2126512128,2130706432,2147483648,2146435072,2128609280,2140143616,2138308608,2511160000
2127560704,2153775104,2151677952,2131755008,2129657856,2147483648,2145386496,2128609280,2141192192,2137784320,2511176001
2126512128,2140143616,2136997888,2123366400,2128609280,2146435072,2144337920,2125463552,2131755008,2136211456,2511192023
2139095040,2152726528,2146435072,2119172096,2129657856,2146435072,2144337920,2126512128,2139357184,2136735744,2511208022
2124414976,2142240768,2136997888,2126512128,2129657856,2148532224,2145386496,2128609280,2132541440,2138046464,2511224023
2125463552,2163212288,2157969408,2142240768,2130706432,2148532224,2146435072,2128609280,2147221504,2138570752,2511240022
2127560704,2142240768,2144337920,2124414976,2129657856,2148532224,2146435072,2128609280,2134638592,2138308608,2511256046
2127560704,2159017984,2159017984,2135949312,2129657856,2146435072,2145386496,2126512128,2145386496,2136997888,2511272044
2121269248,2147483648,2141192192,2130706432,2128609280,2147483648,2144337920,2126512128,2135162880,2136735744,2511288045
2122317824,2155872256,2155872256,2139095040,2129657856,2146435072,2144337920,2125463552,2143289344,2136473600,2511304045
2130706432,2156920832,2154823680,2131755008,2130706432,2147483648,2145386496,2126512128,2143551488,2137522176,2511320066
2140143616,2143289344,2146435072,2122317824,2130706432,2147483648,2145386496,2128609280,2138046464,2138046464,2511336068
2135949312,2144337920,2139095040,2124414976,2130706432,2148532224,2146435072,2128609280,2135949312,2138570752,2511352066
2135949312,2140143616,2139095040,2119172096,2130706432,2147483648,2144337920,2126512128,2133590016,2137260032,2511368067
2133852160,2151677952,2149580800,2129657856,2129657856,2146435072,2145386496,2126512128,2141192192,2136997888,2511384088
2140143616,2138046464,2136997888,2118123520,2129657856,2147483648,2144337920,2126512128,2133327872,2136997888,2511400086
2134900736,2138046464,2139095040,2119172096,2128609280,2147483648,2145386496,2127560704,2132803584,2137260032,2511416086
2129657856,2143289344,2138046464,2124414976,2129657856,2148532224,2146435072,2128609280,2133852160,2138308608,2511432088
2135949312,2141192192,2140143616,2122317824,2130706432,2148532224,2146435072,2128609280,2134900736,2138570752,2511448109
2134900736,2157969408,2152726528,2134900736,2129657856,2148532224,2146435072,2128609280,2145124352,2138308608,2511464108
2123366400,2142240768,2142240768,2124414976,2128609280,2147483648,2144337920,2126512128,2133065728,2136735744,2511481001
2123366400,2142240768,2142240768,2125463552,2129657856,2145386496,2143289344,2125463552,2133327872,2135949312,2511497001
2136997888,2140143616,2138046464,2120220672,2129657856,2147483648,2144337920,2126512128,2133852160,2136997888,2511513001
2142240768,2140143616,2140143616,2120220672,2129657856,2148532224,2145386496,2128609280,2135687168,2138046464,2511529023
2122317824,2150629376,2140143616,2135949312,2130706432,2149580800,2146435072,2129657856,2137260032,2139095040,2511545024
2136997888,2152726528,2154823680,2136997888,2130706432,2147483648,2145386496,2127560704,2145386496,2137784320,2511561023
2139095040,2150629376,2139095040,2123366400,2129657856,2147483648,2145386496,2127560704,2138046464,2137522176,2511577023
2129657856,2157969408,2155872256,2136997888,2129657856,2146435072,2144337920,2126512128,2145124352,2136735744,2511593046
2124414976,2155872256,2156920832,2133852160,2129657856,2147483648,2145386496,2126512128,2142765056,2137260032,2511609047
2125463552,2142240768,2139095040,2121269248,2129657856,2147483648,2145386496,2127560704,2132017152,2137522176,2511625046
2123366400,2160066560,2157969408,2143289344,2129657856,2148532224,2146435072,2129657856,2146172928,2138570752,2511641047
2139095040,2143289344,2141192192,2122317824,2129657856,2149580800,2146435072,2129657856,2136473600,2138832896,2511657068
2123366400,2162163712,2152726528,2143289344,2129657856,2148532224,2145386496,2127560704,2145386496,2137784320,2511673066
2144337920,2139095040,2138046464,2117074944,2129657856,2147483648,2144337920,2125463552,2134638592,2136735744,2511689067
2128609280,2143289344,2142240768,2122317824,2128609280,2146435072,2144337920,2125463552,2134114304,2136211456,2511705066
2130706432,2153775104,2154823680,2134900736,2129657856,2148532224,2145386496,2128609280,2143551488,2138046464,2511721090
2139095040,2143289344,2139095040,2122317824,2130706432,2148532224,2145386496,2128609280,2135949312,2138308608,2511737087
2140143616,2141192192,2140143616,2117074944,2129657856,2148532224,2146435072,2128609280,2134638592,2138308608,2511753088
2138046464,2140143616,2140143616,2121269248,2130706432,2148532224,2144337920,2127560704,2134900736,2137784320,2511769086
2138046464,2138046464,2138046464,2120220672,2128609280,2147483648,2144337920,2126512128,2133590016,2136735744,2511785110
2123366400,2157969408,2157969408,2140143616,2129657856,2146435072,2144337920,2125463552,2144862208,2136473600,2511801108
2123366400,2149580800,2155872256,2130706432,2130706432,2146435072,2144337920,2126512128,2139881472,2136997888,2511818001
2123366400,2145386496,2140143616,2130706432,2130706432,2147483648,2145386496,2127560704,2134900736,2137784320,2511834001
2138046464,2140143616,2139095040,2121269248,2130706432,2148532224,2145386496,2128609280,2134638592,2138308608,2511850001
2135949312,2143289344,2141192192,2122317824,2129657856,2148532224,2146435072,2127560704,2135687168,2138046464,2511866001
2133852160,2139095040,2139095040,2119172096,2129657856,2147483648,2144337920,2126512128,2132803584,2136997888,2511882024
2123366400,2140143616,2143289344,2121269248,2129657856,2146435072,2143289344,2125463552,2132017152,2136211456,2511898024
2129657856,2139095040,2135949312,2119172096,2129657856,2147483648,2144337920,2127560704,2130968576,2137260032,2511914022
2119172096,2154823680,2149580800,2140143616,2129657856,2148532224,2146435072,2128609280,2140930048,2138308608,2511930022
2139095040,2141192192,2136997888,2119172096,2130706432,2148532224,2147483648,2128609280,2134114304,2138832896,2511946045
2123366400,2149580800,2147483648,2133852160,2130706432,2146435072,2145386496,2127560704,2138570752,2137522176,2511962044
2127560704,2157969408,2154823680,2132803584,2129657856,2146435072,2144337920,2125463552,2143289344,2136473600,2511978047
2128609280,2155872256,2153775104,2130706432,2129657856,2146435072,2143289344,2125463552,2142240768,2136211456,2511994046
2138046464,2146435072,2146435072,2119172096,2128609280,2147483648,2145386496,2127560704,2137522176,2137260032,2512010066
2124414976,2144337920,2140143616,2128609280,2130706432,2147483648,2145386496,2127560704,2134376448,2137784320,2512026067
2139095040,2143289344,2139095040,2122317824,2130706432,2148532224,2146435072,2128609280,2135949312,2138570752,2512042069
2138046464,2140143616,2139095040,2121269248,2129657856,2148532224,2146435072,2129657856,2134638592,2138570752,2512058066
2122317824,2147483648,2143289344,2133852160,2130706432,2147483648,2144337920,2127560704,2136735744,2137522176,2512074089
2124414976,2147483648,2147483648,2125463552,2128609280,2147483648,2144337920,2126512128,2136211456,2136735744,2512090088
2126512128,2160066560,2151677952,2134900736,2129657856,2147483648,2144337920,2126512128,2143289344,2136997888,2512106088
2132803584,2154823680,2151677952,2128609280,2128609280,2148532224,2145386496,2128609280,2141978624,2137784320,2512122087
2128609280,2156920832,2159017984,2134900736,2130706432,2148532224,2145386496,2128609280,2144862208,2138308608,2512138109
2123366400,2149580800,2150629376,2133852160,2130706432,2148532224,2145386496,2129657856,2139357184,2138570752,2512155001
2123366400,2148532224,2153775104,2130706432,2129657856,2147483648,2146435072,2127560704,2139095040,2137784320,2512171001
2139095040,2144337920,2138046464,2122317824,2129657856,2147483648,2144337920,2126512128,2135949312,2136997888,2512187001
2122317824,2147483648,2148532224,2129657856,2128609280,2147483648,2145386496,2126512128,2136997888,2136997888,2512203001
2122317824,2142240768,2142240768,2125463552,2130706432,2146435072,2145386496,2127560704,2133065728,2137522176,2512219026
2126512128,2156920832,2154823680,2135949312,2129657856,2148532224,2146435072,2128609280,2143551488,2138308608,2512235023
2124414976,2142240768,2141192192,2128609280,2130706432,2148532224,2145386496,2128609280,2134114304,2138308608,2512251023
2125463552,2154823680,2159017984,2141192192,2129657856,2148532224,2145386496,2128609280,2145124352,2138046464,2512267023
2123366400,2150629376,2154823680,2132803584,2129657856,2146435072,2144337920,2126512128,2140405760,2136735744,2512283046
2133852160,2150629376,2152726528,2121269248,2129657856,2146435072,2144337920,2126512128,2139619328,2136735744,2512299046
2132803584,2138046464,2136997888,2119172096,2129657856,2147483648,2144337920,2126512128,2131755008,2136997888,2512315045
2141192192,2142240768,2142240768,2121269248,2130706432,2147483648,2146435072,2127560704,2136735744,2138046464,2512331045
2124414976,2147483648,2150629376,2129657856,2130706432,2148532224,2145386496,2128609280,2138046464,2138308608,2512347067
2125463552,2140143616,2144337920,2123366400,2129657856,2147483648,2145386496,2127560704,2133327872,2137522176,2512363066
2134900736,2154823680,2146435072,2121269248,2129657856,2148532224,2145386496,2126512128,2139357184,2137522176,2512379067
2126512128,2157969408,2157969408,2132803584,2129657856,2146435072,2144337920,2126512128,2143813632,2136735744,2512395066
2130706432,2155872256,2150629376,2133852160,2129657856,2147483648,2144337920,2126512128,2142765056,2136997888,2512411088
2126512128,2153775104,2157969408,2128609280,2129657856,2148532224,2145386496,2128609280,2141716480,2138046464,2512427087
2132803584,2154823680,2151677952,2128609280,2131755008,2148532224,2146435072,2128609280,2141978624,2138832896,2512443089
2126512128,2162163712,2155872256,2136997888,2129657856,2148532224,2146435072,2129657856,2145386496,2138570752,2512459090
2122317824,2154823680,2155872256,2138046464,2129657856,2146435072,2145386496,2126512128,2142765056,2136997888,2512475109
2130706432,2154823680,2146435072,2131755008,2128609280,2146435072,2144337920,2126512128,2140930048,2136473600,2512491109
2143289344,2144337920,2140143616,2118123520,2128609280,2147483648,2144337920,2126512128,2136473600,2136735744,2512508001
2131755008,2139095040,2140143616,2117074944,2129657856,2147483648,2145386496,2127560704,2132017152,2137522176,2512524001
2127560704,2154823680,2154823680,2129657856,2130706432,2147483648,2146435072,2127560704,2141716480,2138046464,2512540001
2131755008,2161115136,2156920832,2134900736,2130706432,2147483648,2145386496,2128609280,2146172928,2138046464,2512556023
2125463552,2156920832,2156920832,2136997888,2130706432,2147483648,2146435072,2127560704,2144075776,2138046464,2512572023
2130706432,2155872256,2150629376,2133852160,2128609280,2147483648,2144337920,2127560704,2142765056,2136997888,2512588023
2135949312,2140143616,2146435072,2120220672,2128609280,2146435072,2144337920,2126512128,2135687168,2136473600,2512604024
2122317824,2150629376,2150629376,2133852160,2129657856,2147483648,2144337920,2127560704,2139357184,2137260032,2512620044
2123366400,2166358016,2155872256,2135949312,2130706432,2148532224,2145386496,2128609280,2145386496,2138308608,2512636044
2123366400,2147483648,2153775104,2130706432,2130706432,2148532224,2146435072,2128609280,2138832896,2138570752,2512652045
2122317824,2147483648,2147483648,2130706432,2129657856,2147483648,2144337920,2127560704,2136997888,2137260032,2512668045
2133852160,2139095040,2139095040,2120220672,2129657856,2146435072,2143289344,2125463552,2133065728,2136211456,2512684068
2121269248,2155872256,2147483648,2139095040,2128609280,2147483648,2144337920,2126512128,2140930048,2136735744,2512700064
2121269248,2147483648,2140143616,2131755008,2128609280,2147483648,2145386496,2127560704,2135162880,2137260032,2512716067
2133852160,2156920832,2155872256,2130706432,2130706432,2148532224,2145386496,2128609280,2144337920,2138308608,2512732066
2127560704,2160066560,2157969408,2143289344,2130706432,2148532224,2145386496,2128609280,2147221504,2138308608,2512748088
2141192192,2138046464,2139095040,2120220672,2130706432,2148532224,2145386496,2128609280,2134638592,2138308608,2512764086
2122317824,2160066560,2153775104,2138046464,2129657856,2147483648,2144337920,2126512128,2143551488,2136997888,2512780088
2122317824,2145386496,2143289344,2129657856,2128609280,2146435072,2144337920,2125463552,2135162880,2136211456,2512796088
2123366400,2154823680,2159017984,2134900736,2129657856,2146435072,2144337920,2126512128,2143027200,2136735744,2512812107
2146435072,2141192192,2141192192,2118123520,2130706432,2147483648,2145386496,2127560704,2136735744,2137784320,2512828107
2125463552,2159017984,2161115136,2136997888,2130706432,2148532224,2146435072,2129657856,2145648640,2138832896,2512845001
2145386496,2140143616,2141192192,2121269248,2130706432,2148532224,2145386496,2128609280,2136997888,2138308608,2512861001
2143289344,2139095040,2139095040,2119172096,2128609280,2147483648,2145386496,2127560704,2135162880,2137260032,2512877001
2123366400,2150629376,2155872256,2133852160,2128609280,2147483648,2144337920,2126512128,2140930048,2136735744,2512893001
2139095040,2139095040,2138046464,2117074944,2129657856,2147483648,2144337920,2126512128,2133327872,2136997888,2512909025
2122317824,2149580800,2139095040,2134900736,2130706432,2147483648,2145386496,2127560704,2136473600,2137784320,2512925024
2143289344,2139095040,2141192192,2119172096,2130706432,2148532224,2146435072,2129657856,2135687168,2138832896,2512941024
2141192192,2146435072,2142240768,2121269248,2130706432,2148532224,2145386496,2128609280,2137784320,2138308608,2512957022
2125463552,2143289344,2138046464,2126512128,2129657856,2146435072,2145386496,2126512128,2133327872,2136997888,2512973047
2134900736,2140143616,2138046464,2120220672,2129657856,2146435072,2144337920,2126512128,2133327872,2136735744,2512989047
2129657856,2157969408,2151677952,2131755008,2129657856,2146435072,2144337920,2126512128,2142765056,2136735744,2513005046
2135949312,2139095040,2139095040,2120220672,2129657856,2148532224,2145386496,2127560704,2133590016,2137784320,2513021046
2122317824,2151677952,2149580800,2136997888,2129657856,2148532224,2146435072,2128609280,2140143616,2138308608,2513037066
2135949312,2145386496,2140143616,2124414976,2129657856,2148532224,2145386496,2128609280,2136473600,2138046464,2513053068
2123366400,2142240768,2141192192,2125463552,2130706432,2147483648,2143289344,2126512128,2133065728,2136997888,2513069069
2139095040,2146435072,2146435072,2122317824,2129657856,2146435072,2145386496,2126512128,2138570752,2136997888,2513085064
2135949312,2140143616,2135949312,2121269248,2128609280,2146435072,2144337920,2125463552,2133327872,2136211456,2513101091
2123366400,2147483648,2140143616,2127560704,2129657856,2147483648,2144337920,2127560704,2134638592,2137260032,2513117090
2133852160,2140143616,2136997888,2121269248,2130706432,2148532224,2146435072,2127560704,2133065728,2138308608,2513133089
2125463552,2150629376,2155872256,2133852160,2130706432,2148532224,2146435072,2128609280,2141454336,2138570752,2513149086
2141192192,2145386496,2146435072,2120220672,2129657856,2148532224,2146435072,2128609280,2138308608,2138308608,2513165111
2125463552,2142240768,2135949312,2125463552,2129657856,2146435072,2144337920,2126512128,2132279296,2136735744,2513182001
2125463552,2162163712,2153775104,2131755008,2129657856,2147483648,2144337920,2125463552,2143289344,2136735744,2513198001
2134900736,2146435072,2153775104,2122317824,2129657856,2147483648,2145386496,2127560704,2139357184,2137522176,2513214001
2123366400,2145386496,2143289344,2126512128,2130706432,2148532224,2145386496,2128609280,2134638592,2138308608,2513230001
2122317824,2150629376,2144337920,2133852160,2130706432,2148532224,2146435072,2128609280,2137784320,2138570752,2513246023
2134900736,2154823680,2142240768,2127560704,2129657856,2148532224,2145386496,2128609280,2139881472,2138046464,2513262023
2122317824,2147483648,2143289344,2130706432,2129657856,2147483648,2145386496,2127560704,2135949312,2137522176,2513278024
2122317824,2154823680,2155872256,2138046464,2128609280,2147483648,2145386496,2126512128,2142765056,2136997888,2513294024
2132803584,2152726528,2146435072,2119172096,2129657856,2147483648,2145386496,2126512128,2137784320,2137260032,2513310044
2123366400,2147483648,2139095040,2130706432,2129657856,2148532224,2145386496,2128609280,2135162880,2138046464,2513326044
2138046464,2151677952,2146435072,2133852160,2130706432,2148532224,2145386496,2128609280,2142502912,2138308608,2513342044
2125463552,2160066560,2160066560,2141192192,2130706432,2149580800,2146435072,2129657856,2146697216,2139095040,2513358045
2125463552,2154823680,2154823680,2134900736,2129657856,2147483648,2145386496,2127560704,2142502912,2137522176,2513374068
2134900736,2152726528,2148532224,2133852160,2129657856,2147483648,2144337920,2126512128,2142502912,2136997888,2513390067
2124414976,2156920832,2154823680,2138046464,2129657856,2146435072,2144337920,2125463552,2143551488,2136473600,2513406065
2133852160,2141192192,2141192192,2123366400,2130706432,2147483648,2145386496,2127560704,2134900736,2137784320,2513422066
2142240768,2141192192,2138046464,2121269248,2130706432,2148532224,2146435072,2128609280,2135687168,2138570752,2513438088
2142240768,2141192192,2140143616,2122317824,2130706432,2149580800,2145386496,2128609280,2136473600,2138570752,2513454087
2128609280,2155872256,2155872256,2133852160,2129657856,2148532224,2144337920,2128609280,2143551488,2137784320,2513470085
2122317824,2145386496,2142240768,2128609280,2129657856,2146435072,2144337920,2126512128,2134638592,2136735744,2513486088
2122317824,2143289344,2142240768,2124414976,2129657856,2147483648,2144337920,2126512128,2133065728,2136997888,2513502108
2121269248,2156920832,2153775104,2142240768,2129657856,2146435072,2144337920,2127560704,2143551488,2136997888,2513518108
2124414976,2162163712,2160066560,2136997888,2131755008,2147483648,2146435072,2127560704,2145910784,2138308608,2513535001
2132803584,2154823680,2153775104,2138046464,2130706432,2148532224,2145386496,2128609280,2144862208,2138308608,2513551001
2132803584,2143289344,2142240768,2123366400,2129657856,2147483648,2145386496,2127560704,2135425024,2137522176,2513567001
2128609280,2160066560,2155872256,2138046464,2128609280,2147483648,2145386496,2126512128,2145648640,2136997888,2513583024
2139095040,2146435072,2136997888,2118123520,2128609280,2147483648,2144337920,2126512128,2135162880,2136735744,2513599022
2121269248,2154823680,2152726528,2138046464,2129657856,2146435072,2145386496,2126512128,2141716480,2136997888,2513615023
2125463552,2142240768,2138046464,2124414976,2130706432,2147483648,2146435072,2127560704,2132541440,2138046464,2513631023
2133852160,2140143616,2141192192,2122317824,2130706432,2148532224,2145386496,2128609280,2134376448,2138308608,2513647044
2140143616,2141192192,2140143616,2122317824,2130706432,2147483648,2145386496,2127560704,2135949312,2137784320,2513663045
2123366400,2143289344,2136997888,2126512128,2129657856,2147483648,2143289344,2126512128,2132541440,2136735744,2513679045
2135949312,2146435072,2146435072,2118123520,2129657856,2147483648,2144337920,2125463552,2136735744,2136735744,2513695045
2123366400,2148532224,2153775104,2133852160,2129657856,2147483648,2145386496,2126512128,2139881472,2137260032,2513711067
2141192192,2143289344,2142240768,2120220672,2129657856,2148532224,2145386496,2127560704,2136735744,2137784320,2513727066
2127560704,2155872256,2159017984,2139095040,2131755008,2148532224,2146435072,2127560704,2145386496,2138570752,2513743067
2130706432,2142240768,2150629376,2125463552,2129657856,2148532224,2146435072,2128609280,2137260032,2138308608,2513759066
2129657856,2143289344,2138046464,2124414976,2130706432,2147483648,2144337920,2127560704,2133852160,2137522176,2513775086
2124414976,2151677952,2155872256,2134900736,2129657856,2147483648,2145386496,2126512128,2141716480,2137260032,2513791088
2138046464,2152726528,2138046464,2120220672,2128609280,2147483648,2144337920,2127560704,2137260032,2136997888,2513807087
2127560704,2146435072,2152726528,2124414976,2130706432,2147483648,2145386496,2126512128,2137784320,2137522176,2513823089
2142240768,2140143616,2142240768,2120220672,2130706432,2148532224,2146435072,2128609280,2136211456,2138570752,2513839109
2127560704,2159017984,2160066560,2141192192,2130706432,2148532224,2146435072,2128609280,2146959360,2138570752,2513855107
2127560704,2156920832,2155872256,2133852160,2130706432,2147483648,2144337920,2127560704,2143551488,2137522176,2513872001
2121269248,2147483648,2149580800,2130706432,2128609280,2146435072,2145386496,2126512128,2137260032,2136735744,2513888001
2132803584,2141192192,2135949312,2122317824,2129657856,2146435072,2144337920,2126512128,2133065728,2136735744,2513904001
2121269248,2149580800,2140143616,2134900736,2129657856,2148532224,2145386496,2128609280,2136473600,2138046464,2513920001
2134900736,2152726528,2146435072,2132803584,2130706432,2148532224,2146435072,2128609280,2141716480,2138570752,2513936025
2143289344,2142240768,2138046464,2120220672,2129657856,2148532224,2146435072,2128609280,2135949312,2138308608,2513952024
2143289344,2140143616,2146435072,2121269248,2130706432,2147483648,2145386496,2127560704,2137784320,2137784320,2513968022
2130706432,2154823680,2154823680,2131755008,2128609280,2147483648,2145386496,2127560704,2143027200,2137260032,2513984022
2125463552,2142240768,2143289344,2122317824,2128609280,2146435072,2144337920,2126512128,2133327872,2136473600,2514000045
2134900736,2146435072,2146435072,2119172096,2129657856,2147483648,2144337920,2127560704,2136735744,2137260032,2514016047
2142240768,2150629376,2138046464,2123366400,2130706432,2148532224,2145386496,2128609280,2138570752,2138308608,2514032045
2129657856,2156920832,2154823680,2133852160,2130706432,2148532224,2146435072,2128609280,2143813632,2138570752,2514048046
2139095040,2141192192,2138046464,2121269248,2130706432,2148532224,2145386496,2128609280,2134900736,2138308608,2514064065
2129657856,2138046464,2135949312,2121269248,2129657856,2146435072,2144337920,2126512128,2131230720,2136735744,2514080066
2124414976,2141192192,2147483648,2123366400,2128609280,2146435072,2144337920,2125463552,2134114304,2136211456,2514096068
2121269248,2144337920,2147483648,2124414976,2129657856,2147483648,2145386496,2126512128,2134376448,2137260032,2514112068
2122317824,2147483648,2147483648,2130706432,2129657856,2148532224,2145386496,2128609280,2136997888,2138046464,2514128089
2131755008,2152726528,2151677952,2123366400,2130706432,2148532224,2146435072,2128609280,2139881472,2138570752,2514144087
2142240768,2152726528,2140143616,2125463552,2130706432,2148532224,2145386496,2127560704,2140143616,2138046464,2514160087
2123366400,2151677952,2145386496,2132803584,2129657856,2147483648,2144337920,2127560704,2138308608,2137260032,2514176085
2135949312,2142240768,2135949312,2122317824,2128609280,2146435072,2145386496,2126512128,2134114304,2136735744,2514192110
2132803584,2154823680,2151677952,2134900736,2129657856,2146435072,2144337920,2126512128,2143551488,2136735744,2514209001
2122317824,2145386496,2141192192,2126512128,2130706432,2148532224,2145386496,2127560704,2133852160,2138046464,2514225001
2124414976,2142240768,2143289344,2127560704,2131755008,2147483648,2145386496,2128609280,2134376448,2138308608,2514241001
2140143616,2140143616,2140143616,2120220672,2130706432,2148532224,2146435072,2128609280,2135162880,2138570752,2514257001
2125463552,2143289344,2138046464,2124414976,2130706432,2146435072,2144337920,2126512128,2132803584,2136997888,2514273022
2139095040,2142240768,2135949312,2118123520,2129657856,2146435072,2144337920,2125463552,2133852160,2136473600,2514289025
2129657856,2138046464,2139095040,2120220672,2129657856,2146435072,2144337920,2126512128,2131755008,2136735744,2514305023
2126512128,2154823680,2159017984,2131755008,2130706432,2146435072,2145386496,2127560704,2143027200,2137522176,2514321024
2123366400,2143289344,2140143616,2126512128,2130706432,2148532224,2145386496,2128609280,2133327872,2138308608,2514337046
2124414976,2144337920,2144337920,2128609280,2131755008,2148532224,2145386496,2127560704,2135425024,2138308608,2514353047
2129657856,2143289344,2139095040,2124414976,2130706432,2147483648,2144337920,2127560704,2134114304,2137522176,2514369044
2126512128,2154823680,2154823680,2138046464,2128609280,2147483648,2144337920,2126512128,2143551488,2136735744,2514385045
2132803584,2138046464,2136997888,2121269248,2129657856,2146435072,2143289344,2125463552,2132279296,2136211456,2514401067
2122317824,2145386496,2143289344,2128609280,2129657856,2147483648,2144337920,2127560704,2134900736,2137260032,2514417067
2123366400,2147483648,2138046464,2126512128,2129657856,2148532224,2146435072,2128609280,2133852160,2138308608,2514433066
2125463552,2161115136,2159017984,2136997888,2130706432,2148532224,2146435072,2128609280,2145648640,2138570752,2514449068
2124414976,2160066560,2156920832,2138046464,2130706432,2148532224,2145386496,2127560704,2144862208,2138046464,2514465088
2131755008,2143289344,2136997888,2123366400,2129657856,2146435072,2145386496,2125463552,2133852160,2136735744,2514481088
2135949312,2150629376,2138046464,2125463552,2128609280,2147483648,2144337920,2126512128,2137522176,2136735744,2514497089
2145386496,2146435072,2136997888,2125463552,2129657856,2147483648,2145386496,2126512128,2138570752,2137260032,2514513088
2127560704,2141192192,2138046464,2123366400,2129657856,2148532224,2145386496,2129657856,2132541440,2138308608,2514529109
2139095040,2153775104,2146435072,2131755008,2129657856,2148532224,2146435072,2128609280,2142765056,2138308608,2514545110
2123366400,2155872256,2143289344,2141192192,2130706432,2148532224,2146435072,2127560704,2140930048,2138308608,2514562001
2122317824,2156920832,2153775104,2138046464,2129657856,2147483648,2145386496,2127560704,2142765056,2137522176,2514578001
2122317824,2151677952,2147483648,2134900736,2129657856,2146435072,2144337920,2125463552,2139095040,2136473600,2514594001
2132803584,2138046464,2140143616,2119172096,2129657856,2146435072,2144337920,2126512128,2132541440,2136735744,2514610022
2126512128,2154823680,2157969408,2135949312,2130706432,2147483648,2145386496,2127560704,2143813632,2137784320,2514626022
2134900736,2152726528,2152726528,2133852160,2131755008,2147483648,2145386496,2128609280,2143551488,2138308608,2514642022
2123366400,2160066560,2159017984,2138046464,2129657856,2148532224,2145386496,2128609280,2145124352,2138046464,2514658023
2136997888,2142240768,2138046464,2123366400,2128609280,2148532224,2146435072,2127560704,2135162880,2137784320,2514674046
2136997888,2145386496,2136997888,2119172096,2129657856,2146435072,2144337920,2125463552,2134638592,2136473600,2514690044
2123366400,2154823680,2156920832,2138046464,2129657856,2147483648,2145386496,2126512128,2143289344,2137260032,2514706044
2140143616,2140143616,2146435072,2120220672,2130706432,2147483648,2145386496,2127560704,2136735744,2137784320,2514722045
2123366400,2151677952,2153775104,2136997888,2130706432,2148532224,2145386496,2128609280,2141454336,2138308608,2514738068
2121269248,2154823680,2147483648,2138046464,2131755008,2148532224,2145386496,2127560704,2140405760,2138308608,2514754065
2132803584,2156920832,2153775104,2133852160,2129657856,2148532224,2145386496,2127560704,2144337920,2137784320,2514770067
2123366400,2156920832,2156920832,2138046464,2130706432,2146435072,2144337920,2125463552,2143813632,2136735744,2514786068
2132803584,2146435072,2146435072,2121269248,2128609280,2148532224,2144337920,2127560704,2136735744,2137260032,2514802088
2125463552,2141192192,2138046464,2124414976,2130706432,2147483648,2145386496,2127560704,2132279296,2137784320,2514818086
2123366400,2157969408,2152726528,2140143616,2130706432,2148532224,2145386496,2128609280,2143551488,2138308608,2514834089
2138046464,2152726528,2140143616,2131755008,2131755008,2147483648,2145386496,2127560704,2140667904,2138046464,2514850087
2126512128,2162163712,2155872256,2141192192,2129657856,2148532224,2146435072,2128609280,2146435072,2138308608,2514866111
2129657856,2140143616,2140143616,2121269248,2128609280,2147483648,2145386496,2126512128,2132803584,2136997888,2514882106
2142240768,2142240768,2141192192,2120220672,2129657856,2147483648,2144337920,2126512128,2136473600,2136997888,2514899001
2142240768,2138046464,2140143616,2120220672,2130706432,2147483648,2144337920,2126512128,2135162880,2137260032,2514915001
2128609280,2143289344,2136997888,2124414976,2130706432,2148532224,2145386496,2128609280,2133327872,2138308608,2514931001
2126512128,2153775104,2159017984,2136997888,2130706432,2148532224,2145386496,2128609280,2144075776,2138308608,2514947001
2136997888,2141192192,2140143616,2123366400,2129657856,2148532224,2146435072,2127560704,2135425024,2138046464,2514963023
2142240768,2140143616,2139095040,2119172096,2129657856,2146435072,2144337920,2126512128,2135162880,2136735744,2514979025
2130706432,2154823680,2148532224,2128609280,2128609280,2146435072,2144337920,2125463552,2140667904,2136211456,2514995023
2121269248,2144337920,2140143616,2129657856,2130706432,2146435072,2143289344,2126512128,2133852160,2136735744,2515011024
2121269248,2151677952,2138046464,2134900736,2129657856,2148532224,2145386496,2128609280,2136473600,2138046464,2515027045
2135949312,2141192192,2142240768,2124414976,2130706432,2148532224,2146435072,2128609280,2135949312,2138570752,2515043045
2123366400,2149580800,2142240768,2133852160,2130706432,2147483648,2146435072,2127560704,2137260032,2138046464,2515059044
2123366400,2156920832,2154823680,2138046464,2129657856,2147483648,2145386496,2127560704,2143289344,2137522176,2515075045
2122317824,2147483648,2148532224,2129657856,2128609280,2147483648,2144337920,2126512128,2136997888,2136735744,2515091068
2130706432,2157969408,2156920832,2136997888,2129657856,2146435072,2144337920,2126512128,2145648640,2136735744,2515107070
2122317824,2159017984,2153775104,2140143616,2129657856,2147483648,2145386496,2127560704,2143813632,2137522176,2515123066
2123366400,2147483648,2142240768,2130706432,2130706432,2148532224,2146435072,2128609280,2135949312,2138570752,2515139065
2130706432,2157969408,2157969408,2138046464,2130706432,2148532224,2146435072,2128609280,2146172928,2138570752,2515155087
2135949312,2141192192,2139095040,2123366400,2130706432,2146435072,2144337920,2126512128,2134900736,2136997888,2515171088
2128609280,2160066560,2152726528,2136997888,2129657856,2147483648,2144337920,2126512128,2144600064,2136997888,2515187089
2132803584,2146435072,2150629376,2122317824,2129657856,2146435072,2144337920,2126512128,2138046464,2136735744,2515203086
2125463552,2140143616,2139095040,2121269248,2129657856,2147483648,2145386496,2127560704,2131492864,2137522176,2515219108
2132803584,2154823680,2156920832,2135949312,2130706432,2147483648,2145386496,2127560704,2145124352,2137784320,2515236001
2123366400,2149580800,2148532224,2133852160,2130706432,2148532224,2146435072,2128609280,2138832896,2138570752,2515252001
2129657856,2141192192,2136997888,2123366400,2129657856,2147483648,2144337920,2127560704,2132803584,2137260032,2515268000
2132803584,2141192192,2135949312,2122317824,2129657856,2146435072,2144337920,2125463552,2133065728,2136473600,2515284001
2142240768,2142240768,2136997888,2119172096,2129657856,2147483648,2143289344,2126512128,2135162880,2136735744,2515300024
2121269248,2162163712,2151677952,2140143616,2129657856,2147483648,2144337920,2127560704,2143813632,2137260032,2515316023
2129657856,2156920832,2155872256,2135949312,2130706432,2148532224,2146435072,2128609280,2144600064,2138570752,2515332022
2138046464,2153775104,2150629376,2125463552,2129657856,2148532224,2146435072,2128609280,2141978624,2138308608,2515348025
2125463552,2157969408,2156920832,2141192192,2129657856,2148532224,2145386496,2128609280,2145386496,2138046464,2515364045
2123366400,2147483648,2138046464,2126512128,2129657856,2147483648,2144337920,2126512128,2133852160,2136997888,2515380045
2133852160,2151677952,2146435072,2127560704,2128609280,2146435072,2144337920,2126512128,2139881472,2136473600,2515396043
2125463552,2140143616,2147483648,2121269248,2129657856,2146435072,2144337920,2126512128,2133590016,2136735744,2515412046
2134900736,2141192192,2136997888,2120220672,2130706432,2148532224,2145386496,2128609280,2133327872,2138308608,2515428066
2132803584,2150629376,2156920832,2125463552,2130706432,2149580800,2146435072,2128609280,2141454336,2138832896,2515444068
2129657856,2157969408,2154823680,2132803584,2130706432,2147483648,2145386496,2127560704,2143813632,2137784320,2515460066
2125463552,2162163712,2155872256,2133852160,2129657856,2147483648,2145386496,2126512128,2144337920,2137260032,2515476068
2121269248,2160066560,2153775104,2141192192,2129657856,2147483648,2144337920,2126512128,2144075776,2136997888,2515492091
2131755008,2155872256,2148532224,2130706432,2129657856,2146435072,2144337920,2126512128,2141716480,2136735744,2515508088
2122317824,2149580800,2147483648,2134900736,2129657856,2147483648,2146435072,2127560704,2138570752,2137784320,2515524087
2126512128,2154823680,2156920832,2138046464,2129657856,2149580800,2146435072,2129657856,2144075776,2138832896,2515540088
2144337920,2140143616,2142240768,2121269248,2130706432,2148532224,2145386496,2128609280,2136997888,2138308608,2515556109
2132803584,2146435072,2150629376,2124414976,2129657856,2147483648,2145386496,2127560704,2138570752,2137522176,2515572110
2141192192,2142240768,2138046464,2120220672,2129657856,2147483648,2144337920,2126512128,2135425024,2136997888,2515589001
2130706432,2155872256,2146435072,2130706432,2128609280,2147483648,2144337920,2126512128,2140930048,2136735744,2515605001
2138046464,2143289344,2138046464,2121269248,2129657856,2148532224,2145386496,2128609280,2135162880,2138046464,2515621001
2123366400,2157969408,2147483648,2143289344,2130706432,2148532224,2145386496,2128609280,2143027200,2138308608,2515637023
2133852160,2141192192,2139095040,2123366400,2130706432,2147483648,2146435072,2128609280,2134376448,2138308608,2515653023
2123366400,2153775104,2145386496,2136997888,2130706432,2147483648,2145386496,2127560704,2139881472,2137784320,2515669024
2125463552,2141192192,2141192192,2122317824,2129657856,2145386496,2143289344,2125463552,2132541440,2135949312,2515685024
2130706432,2154823680,2148532224,2133852160,2129657856,2146435072,2144337920,2125463552,2141978624,2136473600,2515701045
2120220672,2143289344,2143289344,2124414976,2128609280,2147483648,2145386496,2126512128,2132803584,2136997888,2515717045
2126512128,2160066560,2157969408,2134900736,2129657856,2148532224,2146435072,2127560704,2144862208,2138046464,2515733045
2126512128,2163212288,2160066560,2139095040,2130706432,2148532224,2146435072,2128609280,2147221504,2138570752,2515749046
2140143616,2141192192,2141192192,2121269248,2130706432,2147483648,2145386496,2127560704,2135949312,2137784320,2515765068
2130706432,2138046464,2140143616,2120220672,2129657856,2146435072,2145386496,2125463552,2132279296,2136735744,2515781065
2123366400,2147483648,2142240768,2130706432,2128609280,2147483648,2144337920,2126512128,2135949312,2136735744,2515797067
2136997888,2138046464,2135949312,2117074944,2130706432,2146435072,2144337920,2126512128,2132017152,2136997888,2515813066
2127560704,2140143616,2138046464,2121269248,2130706432,2148532224,2145386496,2127560704,2131755008,2138046464,2515829088
2124414976,2144337920,2147483648,2132803584,2129657856,2148532224,2146435072,2128609280,2137260032,2138308608,2515845085
2129657856,2141192192,2139095040,2123366400,2131755008,2147483648,2146435072,2127560704,2133327872,2138308608,2515861088
2127560704,2155872256,2160066560,2133852160,2129657856,2147483648,2146435072,2127560704,2144337920,2137784320,2515877090
2129657856,2141192192,2138046464,2122317824,2128609280,2147483648,2143289344,2126512128,2132803584,2136473600,2515893110
2142240768,2146435072,2138046464,2119172096,2130706432,2146435072,2144337920,2126512128,2136473600,2136997888,2515909105
2133852160,2141192192,2136997888,2121269248,2130706432,2148532224,2145386496,2127560704,2133327872,2138046464,2515926001
2144337920,2140143616,2140143616,2120220672,2129657856,2149580800,2146435072,2129657856,2136211456,2138832896,2515942001
2143289344,2146435072,2140143616,2121269248,2130706432,2147483648,2145386496,2127560704,2137784320,2137784320,2515958001
2142240768,2143289344,2138046464,2120220672,2129657856,2147483648,2144337920,2127560704,2135949312,2137260032,2515974001
2125463552,2153775104,2151677952,2125463552,2129657856,2147483648,2145386496,2126512128,2139095040,2137260032,2515990024
2135949312,2140143616,2146435072,2117074944,2129657856,2147483648,2145386496,2126512128,2134900736,2137260032,2516006024
2138046464,2141192192,2138046464,2118123520,2130706432,2147483648,2145386496,2127560704,2133852160,2137784320,2516022025
2134900736,2143289344,2136997888,2122317824,2131755008,2147483648,2146435072,2128609280,2134376448,2138570752,2516038022
2123366400,2151677952,2153775104,2141192192,2130706432,2148532224,2146435072,2128609280,2142502912,2138570752,2516054045
2126512128,2164260864,2155872256,2141192192,2129657856,2147483648,2145386496,2127560704,2146959360,2137522176,2516070045
2123366400,2148532224,2147483648,2132803584,2129657856,2146435072,2143289344,2127560704,2138046464,2136735744,2516086045
2121269248,2151677952,2142240768,2134900736,2129657856,2146435072,2145386496,2126512128,2137522176,2136997888,2516102044
2124414976,2159017984,2157969408,2138046464,2129657856,2147483648,2145386496,2127560704,2144862208,2137522176,2516118067
2128609280,2154823680,2161115136,2133852160,2130706432,2148532224,2146435072,2128609280,2144600064,2138570752,2516134065
2128609280,2154823680,2157969408,2134900736,2130706432,2149580800,2147483648,2129657856,2144075776,2139357184,2516150066
2122317824,2152726528,2154823680,2136997888,2129657856,2147483648,2145386496,2127560704,2141716480,2137522176,2516166065
2139095040,2150629376,2138046464,2127560704,2129657856,2146435072,2144337920,2125463552,2138832896,2136473600,2516182089
2134900736,2136997888,2135949312,2120220672,2129657856,2146435072,2144337920,2125463552,2132017152,2136473600,2516198089
2122317824,2147483648,2141192192,2127560704,2129657856,2146435072,2143289344,2126512128,2134638592,2136473600,2516214088
2141192192,2146435072,2144337920,2122317824,2130706432,2148532224,2145386496,2128609280,2138570752,2138308608,2516230086
2132803584,2140143616,2140143616,2122317824,2130706432,2148532224,2146435072,2128609280,2133852160,2138570752,2516246109
2128609280,2155872256,2154823680,2132803584,2130706432,2147483648,2145386496,2127560704,2143027200,2137784320,2516263001
2122317824,2147483648,2151677952,2130706432,2129657856,2147483648,2145386496,2126512128,2138046464,2137260032,2516279001
2123366400,2139095040,2143289344,2121269248,2128609280,2146435072,2144337920,2126512128,2131755008,2136473600,2516295001
2134900736,2138046464,2136997888,2118123520,2129657856,2146435072,2143289344,2125463552,2132017152,2136211456,2516311001
2141192192,2142240768,2142240768,2122317824,2130706432,2147483648,2145386496,2127560704,2136997888,2137784320,2516327024
2140143616,2140143616,2146435072,2121269248,2130706432,2148532224,2146435072,2128609280,2136997888,2138570752,2516343024
2142240768,2140143616,2140143616,2120220672,2129657856,2148532224,2146435072,2128609280,2135687168,2138308608,2516359023
2124414976,2163212288,2160066560,2140143616,2129657856,2148532224,2145386496,2127560704,2146959360,2137784320,2516375023
2122317824,2155872256,2157969408,2135949312,2129657856,2147483648,2144337920,2126512128,2143027200,2136997888,2516391045
2123366400,2159017984,2156920832,2138046464,2128609280,2147483648,2145386496,2126512128,2144337920,2136997888,2516407045
2124414976,2162163712,2155872256,2139095040,2129657856,2146435072,2144337920,2126512128,2145386496,2136735744,2516423045
2126512128,2154823680,2157969408,2136997888,2129657856,2149580800,2145386496,2129657856,2144075776,2138570752,2516439045
2124414976,2147483648,2139095040,2129657856,2130706432,2148532224,2145386496,2128609280,2135162880,2138308608,2516455067
2130706432,2157969408,2154823680,2131755008,2129657856,2147483648,2145386496,2127560704,2143813632,2137522176,2516471066
2136997888,2143289344,2144337920,2119172096,2129657856,2146435072,2144337920,2126512128,2135949312,2136735744,2516487065
2123366400,2140143616,2140143616,2121269248,2128609280,2146435072,2144337920,2125463552,2131230720,2136211456,2516503066
2134900736,2140143616,2138046464,2121269248,2129657856,2148532224,2145386496,2127560704,2133590016,2137784320,2516519088
2140143616,2152726528,2142240768,2131755008,2130706432,2147483648,2145386496,2128609280,2141716480,2138046464,2516535087
2123366400,2147483648,2151677952,2129657856,2130706432,2148532224,2147483648,2128609280,2138046464,2138832896,2516551087
2127560704,2142240768,2139095040,2126512128,2129657856,2147483648,2146435072,2127560704,2133852160,2137784320,2516567087
2138046464,2138046464,2138046464,2120220672,2129657856,2147483648,2144337920,2126512128,2133590016,2136997888,2516583109
2130706432,2156920832,2154823680,2135949312,2129657856,2147483648,2144337920,2126512128,2144600064,2136997888,2516599108
2126512128,2142240768,2147483648,2124414976,2128609280,2148532224,2145386496,2127560704,2135162880,2137522176,2516616001
2136997888,2138046464,2138046464,2122317824,2129657856,2148532224,2145386496,2128609280,2133852160,2138046464,2516632001
2124414976,2147483648,2138046464,2130706432,2130706432,2148532224,2146435072,2128609280,2135162880,2138570752,2516648001
2138046464,2152726528,2141192192,2124414976,2130706432,2148532224,2146435072,2128609280,2139095040,2138570752,2516664023
2138046464,2138046464,2138046464,2120220672,2129657856,2146435072,2144337920,2126512128,2133590016,2136735744,2516680023
2140143616,2138046464,2139095040,2120220672,2128609280,2146435072,2144337920,2126512128,2134376448,2136473600,2516696023
2123366400,2145386496,2147483648,2128609280,2129657856,2146435072,2144337920,2126512128,2136211456,2136735744,2516712023
2129657856,2138046464,2138046464,2123366400,2130706432,2147483648,2145386496,2127560704,2132279296,2137784320,2516728045
2122317824,2147483648,2142240768,2129657856,2129657856,2148532224,2146435072,2128609280,2135425024,2138308608,2516744045
2134900736,2140143616,2140143616,2125463552,2129657856,2148532224,2145386496,2128609280,2135162880,2138046464,2516760045
2133852160,2142240768,2136997888,2124414976,2129657856,2147483648,2145386496,2126512128,2134376448,2137260032,2516776046
2125463552,2141192192,2138046464,2123366400,2129657856,2145386496,2143289344,2124414976,2132017152,2135687168,2516792066
2121269248,2148532224,2152726528,2130706432,2129657856,2146435072,2144337920,2126512128,2138308608,2136735744,2516808066
2142240768,2146435072,2138046464,2119172096,2129657856,2148532224,2145386496,2128609280,2136473600,2138046464,2516824068
2122317824,2149580800,2150629376,2134900736,2130706432,2148532224,2146435072,2128609280,2139357184,2138570752,2516840066
2135949312,2152726528,2149580800,2128609280,2130706432,2148532224,2145386496,2128609280,2141716480,2138308608,2516856090
2129657856,2161115136,2157969408,2131755008,2130706432,2148532224,2145386496,2127560704,2145124352,2138046464,2516872089
2126512128,2154823680,2157969408,2132803584,2129657856,2146435072,2144337920,2125463552,2143027200,2136473600,2516888090
2126512128,2155872256,2157969408,2131755008,2129657856,2147483648,2144337920,2126512128,2143027200,2136997888,2516904087
2119172096,2147483648,2147483648,2129657856,2129657856,2146435072,2144337920,2126512128,2135949312,2136735744,2516920109
2125463552,2160066560,2160066560,2141192192,2129657856,2149580800,2146435072,2128609280,2146697216,2138570752,2516936108
2122317824,2152726528,2152726528,2135949312,2131755008,2148532224,2146435072,2128609280,2140930048,2138832896,2516953001
2122317824,2164260864,2150629376,2143289344,2128609280,2147483648,2146435072,2127560704,2145124352,2137522176,2516969001
2132803584,2154823680,2150629376,2134900736,2129657856,2146435072,2144337920,2125463552,2143289344,2136473600,2516985001
2141192192,2149580800,2136997888,2121269248,2129657856,2146435072,2144337920,2125463552,2137260032,2136473600,2517001001
2139095040,2151677952,2142240768,2129657856,2129657856,2147483648,2145386496,2127560704,2140667904,2137522176,2517017023
2139095040,2150629376,2142240768,2131755008,2130706432,2147483648,2145386496,2128609280,2140930048,2138046464,2517033023
2124414976,2157969408,2160066560,2138046464,2130706432,2149580800,2146435072,2129657856,2145124352,2139095040,2517049024
2139095040,2152726528,2139095040,2127560704,2130706432,2148532224,2145386496,2127560704,2139619328,2138046464,2517065022
2124414976,2159017984,2155872256,2138046464,2128609280,2148532224,2145386496,2127560704,2144337920,2137522176,2517081045
2128609280,2153775104,2155872256,2133852160,2129657856,2147483648,2145386496,2126512128,2143027200,2137260032,2517097045
2131755008,2142240768,2141192192,2122317824,2129657856,2147483648,2144337920,2126512128,2134376448,2136997888,2517113047
2121269248,2149580800,2147483648,2132803584,2130706432,2147483648,2145386496,2127560704,2137784320,2137784320,2517129046
2138046464,2140143616,2140143616,2120220672,2130706432,2148532224,2146435072,2128609280,2134638592,2138570752,2517145068
2133852160,2161115136,2152726528,2135949312,2130706432,2148532224,2145386496,2128609280,2145910784,2138308608,2517161067
2138046464,2141192192,2136997888,2118123520,2129657856,2146435072,2144337920,2125463552,2133590016,2136473600,2517177068
2123366400,2147483648,2139095040,2127560704,2128609280,2146435072,2144337920,2125463552,2134376448,2136211456,2517193067
2138046464,2138046464,2136997888,2117074944,2129657856,2147483648,2145386496,2126512128,2132541440,2137260032,2517209087
2127560704,2161115136,2159017984,2138046464,2130706432,2147483648,2145386496,2126512128,2146435072,2137522176,2517225088
2140143616,2151677952,2142240768,2123366400,2131755008,2148532224,2146435072,2127560704,2139357184,2138570752,2517241088
2133852160,2138046464,2139095040,2120220672,2130706432,2147483648,2145386496,2127560704,2132803584,2137784320,2517257088
2142240768,2138046464,2138046464,2122317824,2129657856,2147483648,2145386496,2127560704,2135162880,2137522176,2517273110
2130706432,2154823680,2146435072,2122317824,2128609280,2147483648,2144337920,2126512128,2138570752,2136735744,2517290001
2124414976,2160066560,2155872256,2132803584,2129657856,2146435072,2144337920,2125463552,2143289344,2136473600,2517306001
2130706432,2154823680,2154823680,2131755008,2130706432,2148532224,2146435072,2127560704,2143027200,2138308608,2517322000
2122317824,2155872256,2153775104,2139095040,2130706432,2148532224,2146435072,2128609280,2142765056,2138570752,2517338001
2124414976,2148532224,2148532224,2134900736,2130706432,2148532224,2145386496,2128609280,2139095040,2138308608,2517354025
2134900736,2141192192,2139095040,2119172096,2129657856,2148532224,2145386496,2127560704,2133590016,2137784320,2517370023
2122317824,2152726528,2153775104,2134900736,2129657856,2146435072,2144337920,2126512128,2140930048,2136735744,2517386022
2126512128,2157969408,2154823680,2136997888,2129657856,2146435072,2144337920,2125463552,2144075776,2136473600,2517402023
2133852160,2150629376,2146435072,2133852160,2129657856,2147483648,2144337920,2127560704,2141192192,2137260032,2517418045
2128609280,2157969408,2162163712,2136997888,2131755008,2147483648,2146435072,2127560704,2146435072,2138308608,2517434045
2123366400,2147483648,2141192192,2129657856,2130706432,2149580800,2146435072,2128609280,2135425024,2138832896,2517450044
2128609280,2162163712,2156920832,2136997888,2129657856,2148532224,2145386496,2128609280,2146172928,2138046464,2517466045
2134900736,2141192192,2138046464,2121269248,2128609280,2146435072,2145386496,2126512128,2133852160,2136735744,2517482066
2130706432,2156920832,2148532224,2130706432,2129657856,2146435072,2143289344,2125463552,2141716480,2136211456,2517498067
2125463552,2141192192,2138046464,2123366400,2129657856,2147483648,2144337920,2126512128,2132017152,2136997888,2517514064
2123366400,2159017984,2157969408,2138046464,2130706432,2148532224,2145386496,2128609280,2144600064,2138308608,2517530065
2138046464,2143289344,2139095040,2122317824,2129657856,2149580800,2146435072,2128609280,2135687168,2138570752,2517546089
2138046464,2146435072,2146435072,2124414976,2129657856,2148532224,2145386496,2128609280,2138832896,2138046464,2517562089
2132803584,2141192192,2143289344,2126512128,2129657856,2146435072,2144337920,2126512128,2135949312,2136735744,2517578085
2129657856,2157969408,2150629376,2129657856,2129657856,2146435072,2144337920,2125463552,2141978624,2136473600,2517594089
2125463552,2141192192,2136997888,2124414976,2129657856,2146435072,2144337920,2125463552,2132017152,2136473600,2517610109
2121269248,2157969408,2147483648,2139095040,2129657856,2148532224,2145386496,2128609280,2141454336,2138046464,2517626109
2125463552,2162163712,2161115136,2141192192,2130706432,2149580800,2146435072,2128609280,2147483648,2138832896,2517643001
2128609280,2154823680,2154823680,2132803584,2130706432,2148532224,2146435072,2128609280,2142765056,2138570752,2517659001
2132803584,2140143616,2138046464,2120220672,2129657856,2147483648,2145386496,2127560704,2132803584,2137522176,2517675001
2134900736,2143289344,2146435072,2120220672,2127560704,2147483648,2145386496,2126512128,2136211456,2136735744,2517691023
2140143616,2142240768,2138046464,2118123520,2129657856,2147483648,2144337920,2126512128,2134638592,2136997888,2517707024
2126512128,2157969408,2155872256,2131755008,2130706432,2148532224,2145386496,2127560704,2143027200,2138046464,2517723023
2124414976,2148532224,2147483648,2134900736,2130706432,2147483648,2146435072,2127560704,2138832896,2138046464,2517739023
2134900736,2150629376,2146435072,2127560704,2130706432,2148532224,2146435072,2129657856,2139881472,2138832896,2517755046
2126512128,2154823680,2153775104,2129657856,2129657856,2148532224,2145386496,2127560704,2141192192,2137784320,2517771044
2125463552,2138046464,2143289344,2120220672,2129657856,2146435072,2144337920,2126512128,2131755008,2136735744,2517787044
2130706432,2154823680,2152726528,2127560704,2128609280,2148532224,2144337920,2127560704,2141454336,2137260032,2517803047
2132803584,2150629376,2148532224,2119172096,2129657856,2147483648,2145386496,2127560704,2137784320,2137522176,2517819067
2123366400,2155872256,2144337920,2139095040,2130706432,2148532224,2145386496,2128609280,2140667904,2138308608,2517835068
2142240768,2140143616,2139095040,2121269248,2130706432,2148532224,2146435072,2128609280,2135687168,2138570752,2517851066
2143289344,2149580800,2140143616,2129657856,2129657856,2148532224,2146435072,2127560704,2140667904,2138046464,2517867069
2121269248,2153775104,2143289344,2138046464,2129657856,2147483648,2144337920,2127560704,2139095040,2137260032,2517883089
2122317824,2147483648,2147483648,2129657856,2128609280,2147483648,2144337920,2127560704,2136735744,2136997888,2517899085
2140143616,2141192192,2138046464,2120220672,2129657856,2147483648,2143289344,2127560704,2134900736,2136997888,2517915088
2124414976,2144337920,2144337920,2128609280,2129657856,2148532224,2145386496,2128609280,2135425024,2138046464,2517931088
2123366400,2147483648,2141192192,2131755008,2130706432,2148532224,2146435072,2128609280,2135949312,2138570752,2517947109
2136997888,2152726528,2146435072,2125463552,2129657856,2148532224,2145386496,2128609280,2140405760,2138046464,2517963111
2119172096,2156920832,2148532224,2135949312,2129657856,2146435072,2144337920,2126512128,2140143616,2136735744,2517980001
2136997888,2139095040,2138046464,2120220672,2128609280,2147483648,2144337920,2126512128,2133590016,2136735744,2517996001
2124414976,2143289344,2136997888,2126512128,2128609280,2148532224,2144337920,2127560704,2132803584,2137260032,2518012001
2124414976,2145386496,2144337920,2128609280,2129657856,2148532224,2145386496,2128609280,2135687168,2138046464,2518028001
2143289344,2139095040,2141192192,2119172096,2129657856,2148532224,2146435072,2128609280,2135687168,2138308608,2518044024
2143289344,2142240768,2139095040,2122317824,2130706432,2148532224,2146435072,2128609280,2136735744,2138570752,2518060023
2141192192,2146435072,2142240768,2122317824,2129657856,2147483648,2146435072,2126512128,2138046464,2137522176,2518076025
2125463552,2154823680,2153775104,2131755008,2129657856,2146435072,2144337920,2126512128,2141454336,2136735744,2518092023
2138046464,2143289344,2138046464,2118123520,2129657856,2146435072,2144337920,2126512128,2134376448,2136735744,2518108046
2128609280,2155872256,2155872256,2133852160,2130706432,2148532224,2145386496,2128609280,2143551488,2138308608,2518124046
2125463552,2159017984,2156920832,2140143616,2130706432,2147483648,2144337920,2128609280,2145386496,2137784320,2518140045
2125463552,2141192192,2147483648,2123366400,2130706432,2148532224,2146435072,2128609280,2134376448,2138570752,2518156043
2138046464,2150629376,2138046464,2124414976,2129657856,2148532224,2145386496,2127560704,2137784320,2137784320,2518172067
2129657856,2141192192,2139095040,2123366400,2128609280,2146435072,2144337920,2125463552,2133327872,2136211456,2518188069
2122317824,2147483648,2147483648,2129657856,2129657856,2147483648,2145386496,2126512128,2136735744,2137260032,2518204066
2121269248,2147483648,2140143616,2130706432,2129657856,2147483648,2145386496,2126512128,2134900736,2137260032,2518220066
2125463552,2160066560,2157969408,2135949312,2129657856,2148532224,2146435072,2128609280,2144862208,2138308608,2518236088
2124414976,2143289344,2148532224,2125463552,2129657856,2148532224,2146435072,2128609280,2135425024,2138308608,2518252090
2126512128,2160066560,2155872256,2139095040,2129657856,2147483648,2146435072,2127560704,2145386496,2137784320,2518268086
2140143616,2139095040,2138046464,2119172096,2128609280,2147483648,2144337920,2126512128,2134114304,2136735744,2518284086
