2121269248,2155872256,2155872256,2141192192,2129657856,2147483648,2145386496,2127560704,2143551488,2137522176,2519376001
2139095040,2142240768,2142240768,2122317824,2129657856,2148532224,2144337920,2127560704,2136473600,2137522176,2519392001
2131755008,2140143616,2135949312,2121269248,2129657856,2148532224,2145386496,2127560704,2132279296,2137784320,2519408023
2139095040,2153775104,2146435072,2127560704,2130706432,2146435072,2144337920,2126512128,2141716480,2136997888,2519424023
2122317824,2157969408,2142240768,2141192192,2130706432,2147483648,2145386496,2127560704,2140930048,2137784320,2519440023
2136997888,2140143616,2138046464,2121269248,2130706432,2146435072,2145386496,2126512128,2134114304,2137260032,2519456023
2134900736,2151677952,2152726528,2125463552,2130706432,2147483648,2145386496,2126512128,2141192192,2137522176,2519472046
2133852160,2151677952,2152726528,2133852160,2129657856,2148532224,2144337920,2128609280,2143027200,2137784320,2519488045
2132803584,2154823680,2149580800,2133852160,2129657856,2148532224,2145386496,2127560704,2142765056,2137784320,2519504044
2123366400,2144337920,2143289344,2127560704,2129657856,2147483648,2144337920,2126512128,2134638592,2136997888,2519520045
2144337920,2140143616,2139095040,2119172096,2130706432,2146435072,2145386496,2126512128,2135687168,2137260032,2519536067
2122317824,2147483648,2143289344,2130706432,2129657856,2147483648,2145386496,2127560704,2135949312,2137522176,2519552067
2125463552,2162163712,2156920832,2139095040,2128609280,2147483648,2145386496,2126512128,2145910784,2136997888,2519568066
2126512128,2160066560,2155872256,2132803584,2129657856,2146435072,2144337920,2125463552,2143813632,2136473600,2519584065
2142240768,2142240768,2139095040,2122317824,2129657856,2147483648,2144337920,2127560704,2136473600,2137260032,2519600087
2139095040,2142240768,2139095040,2122317824,2130706432,2148532224,2145386496,2128609280,2135687168,2138308608,2519616087
2128609280,2164260864,2161115136,2136997888,2130706432,2148532224,2147483648,2129657856,2147745792,2139095040,2519632087
2135949312,2143289344,2140143616,2122317824,2130706432,2148532224,2146435072,2127560704,2135425024,2138308608,2519648089
2134900736,2138046464,2138046464,2121269248,2131755008,2146435072,2144337920,2125463552,2133065728,2136997888,2519664108
2128609280,2143289344,2135949312,2124414976,2128609280,2146435072,2144337920,2125463552,2133065728,2136211456,2519680111
2135949312,2138046464,2135949312,2118123520,2129657856,2146435072,2144337920,2126512128,2132017152,2136735744,2519697000
2132803584,2138046464,2141192192,2121269248,2130706432,2147483648,2145386496,2127560704,2133327872,2137784320,2519713001
2134900736,2143289344,2141192192,2123366400,2130706432,2149580800,2146435072,2129657856,2135687168,2139095040,2519729001
2139095040,2152726528,2146435072,2126512128,2131755008,2147483648,2145386496,2127560704,2141192192,2138046464,2519745025
2143289344,2139095040,2141192192,2117074944,2129657856,2147483648,2144337920,2127560704,2135162880,2137260032,2519761022
2126512128,2155872256,2155872256,2133852160,2129657856,2146435072,2144337920,2125463552,2143027200,2136473600,2519777022
2122317824,2157969408,2157969408,2133852160,2129657856,2146435072,2144337920,2125463552,2143027200,2136473600,2519793024
2129657856,2154823680,2153775104,2129657856,2130706432,2147483648,2145386496,2126512128,2141978624,2137522176,2519809045
2123366400,2142240768,2144337920,2125463552,2130706432,2147483648,2145386496,2128609280,2133852160,2138046464,2519825046
2122317824,2151677952,2147483648,2134900736,2130706432,2147483648,2145386496,2128609280,2139095040,2138046464,2519841044
2140143616,2140143616,2138046464,2119172096,2130706432,2147483648,2144337920,2126512128,2134376448,2137260032,2519857045
2122317824,2154823680,2152726528,2135949312,2128609280,2147483648,2144337920,2126512128,2141454336,2136735744,2519873067
2139095040,2143289344,2142240768,2118123520,2129657856,2146435072,2145386496,2125463552,2135687168,2136735744,2519889066
2121269248,2147483648,2147483648,2127560704,2129657856,2146435072,2145386496,2126512128,2135949312,2136997888,2519905067
2123366400,2142240768,2143289344,2123366400,2129657856,2149580800,2146435072,2129657856,2133065728,2138832896,2519921066
2124414976,2144337920,2143289344,2124414976,2129657856,2148532224,2146435072,2128609280,2134114304,2138308608,2519937090
2135949312,2144337920,2150629376,2122317824,2129657856,2148532224,2145386496,2128609280,2138308608,2138046464,2519953088
2122317824,2151677952,2149580800,2134900736,2129657856,2147483648,2144337920,2126512128,2139619328,2136997888,2519969089
2121269248,2144337920,2140143616,2124414976,2128609280,2146435072,2143289344,2126512128,2132541440,2136211456,2519985086
2132803584,2138046464,2139095040,2120220672,2128609280,2148532224,2145386496,2127560704,2132541440,2137522176,2520001110
2126512128,2152726528,2156920832,2135949312,2130706432,2147483648,2146435072,2127560704,2143027200,2138046464,2520017107
2122317824,2154823680,2152726528,2140143616,2130706432,2148532224,2145386496,2128609280,2142502912,2138308608,2520034001
2139095040,2144337920,2146435072,2123366400,2130706432,2148532224,2145386496,2127560704,2138308608,2138046464,2520050001
2123366400,2159017984,2156920832,2138046464,2129657856,2147483648,2144337920,2126512128,2144337920,2136997888,2520066001
2139095040,2148532224,2138046464,2126512128,2127560704,2147483648,2144337920,2126512128,2138046464,2136473600,2520082001
2132803584,2152726528,2146435072,2130706432,2128609280,2147483648,2145386496,2126512128,2140667904,2136997888,2520098023
2141192192,2152726528,2139095040,2122317824,2130706432,2148532224,2145386496,2127560704,2138832896,2138046464,2520114024
2126512128,2140143616,2143289344,2123366400,2130706432,2148532224,2145386496,2128609280,2133327872,2138308608,2520130023
2131755008,2151677952,2153775104,2129657856,2130706432,2148532224,2146435072,2127560704,2141716480,2138308608,2520146022
2132803584,2141192192,2140143616,2120220672,2129657856,2147483648,2144337920,2126512128,2133590016,2136997888,2520162047
2126512128,2157969408,2157969408,2140143616,2129657856,2146435072,2144337920,2126512128,2145648640,2136735744,2520178045
2132803584,2140143616,2136997888,2120220672,2128609280,2146435072,2144337920,2126512128,2132541440,2136473600,2520194047
2122317824,2153775104,2153775104,2136997888,2129657856,2147483648,2145386496,2127560704,2141716480,2137522176,2520210045
2138046464,2146435072,2140143616,2122317824,2130706432,2148532224,2145386496,2128609280,2136735744,2138308608,2520226068
2124414976,2150629376,2152726528,2135949312,2129657856,2149580800,2146435072,2129657856,2140930048,2138832896,2520242065
2129657856,2143289344,2138046464,2122317824,2129657856,2147483648,2146435072,2127560704,2133327872,2137784320,2520258068
2139095040,2146435072,2139095040,2123366400,2128609280,2146435072,2144337920,2125463552,2136997888,2136211456,2520274065
2123366400,2157969408,2147483648,2141192192,2128609280,2147483648,2145386496,2126512128,2142502912,2136997888,2520290086
2123366400,2157969408,2156920832,2139095040,2129657856,2148532224,2145386496,2128609280,2144337920,2138046464,2520306088
2124414976,2147483648,2151677952,2132803584,2130706432,2148532224,2145386496,2129657856,2139095040,2138570752,2520322089
2136997888,2149580800,2152726528,2121269248,2129657856,2149580800,2146435072,2129657856,2140143616,2138832896,2520338085
2123366400,2143289344,2147483648,2123366400,2130706432,2148532224,2146435072,2127560704,2134376448,2138308608,2520354111
2139095040,2146435072,2136997888,2122317824,2128609280,2146435072,2144337920,2125463552,2136211456,2136211456,2520371001
2128609280,2155872256,2151677952,2135949312,2128609280,2146435072,2143289344,2125463552,2143027200,2135949312,2520387001
2121269248,2159017984,2147483648,2142240768,2130706432,2146435072,2144337920,2126512128,2142502912,2136997888,2520403001
2140143616,2142240768,2139095040,2120220672,2130706432,2148532224,2147483648,2128609280,2135425024,2138832896,2520419001
2135949312,2140143616,2139095040,2122317824,2130706432,2147483648,2146435072,2128609280,2134376448,2138308608,2520435024
2125463552,2154823680,2154823680,2138046464,2130706432,2147483648,2146435072,2128609280,2143289344,2138308608,2520451023
2124414976,2153775104,2154823680,2135949312,2129657856,2147483648,2145386496,2126512128,2142240768,2137260032,2520467022
2132803584,2154823680,2149580800,2133852160,2129657856,2146435072,2144337920,2125463552,2142765056,2136473600,2520483023
2121269248,2141192192,2147483648,2123366400,2128609280,2146435072,2145386496,2126512128,2133327872,2136735744,2520499045
2126512128,2162163712,2155872256,2139095040,2130706432,2147483648,2146435072,2128609280,2145910784,2138308608,2520515044
2138046464,2140143616,2138046464,2121269248,2131755008,2147483648,2145386496,2128609280,2134376448,2138308608,2520531044
2124414976,2147483648,2144337920,2126512128,2130706432,2148532224,2145386496,2128609280,2135687168,2138308608,2520547045
2122317824,2152726528,2148532224,2139095040,2129657856,2146435072,2144337920,2126512128,2140667904,2136735744,2520563068
2141192192,2150629376,2143289344,2125463552,2128609280,2147483648,2144337920,2126512128,2140143616,2136735744,2520579066
2129657856,2154823680,2151677952,2129657856,2129657856,2146435072,2144337920,2125463552,2141454336,2136473600,2520595065
2122317824,2147483648,2147483648,2130706432,2130706432,2147483648,2145386496,2127560704,2136997888,2137784320,2520611069
2124414976,2147483648,2145386496,2130706432,2130706432,2148532224,2146435072,2128609280,2136997888,2138570752,2520627088
2139095040,2146435072,2152726528,2125463552,2129657856,2148532224,2146435072,2128609280,2140930048,2138308608,2520643087
2126512128,2154823680,2154823680,2138046464,2130706432,2146435072,2145386496,2126512128,2143551488,2137260032,2520659087
2125463552,2142240768,2144337920,2124414976,2129657856,2145386496,2143289344,2125463552,2134114304,2135949312,2520675089
2141192192,2138046464,2138046464,2120220672,2129657856,2146435072,2143289344,2125463552,2134376448,2136211456,2520691111
2128609280,2160066560,2153775104,2135949312,2130706432,2146435072,2145386496,2127560704,2144600064,2137522176,2520707109
2122317824,2159017984,2149580800,2140143616,2130706432,2148532224,2147483648,2128609280,2142765056,2138832896,2520724001
2124414976,2163212288,2152726528,2143289344,2129657856,2148532224,2146435072,2129657856,2145910784,2138570752,2520740001
2138046464,2146435072,2139095040,2124414976,2129657856,2148532224,2145386496,2127560704,2136997888,2137784320,2520756001
2136997888,2153775104,2150629376,2125463552,2128609280,2146435072,2144337920,2126512128,2141716480,2136473600,2520772025
2139095040,2141192192,2142240768,2121269248,2128609280,2146435072,2144337920,2126512128,2135949312,2136473600,2520788023
2127560704,2156920832,2157969408,2133852160,2130706432,2147483648,2144337920,2127560704,2144075776,2137522176,2520804025
2131755008,2141192192,2139095040,2122317824,2131755008,2148532224,2146435072,2128609280,2133590016,2138832896,2520820022
2127560704,2140143616,2138046464,2124414976,2130706432,2148532224,2145386496,2129657856,2132541440,2138570752,2520836044
2139095040,2140143616,2140143616,2121269248,2129657856,2148532224,2145386496,2127560704,2135162880,2137784320,2520852044
2123366400,2156920832,2160066560,2136997888,2128609280,2147483648,2144337920,2127560704,2144337920,2136997888,2520868046
2134900736,2141192192,2139095040,2118123520,2128609280,2147483648,2144337920,2126512128,2133327872,2136735744,2520884045
2130706432,2150629376,2148532224,2126512128,2128609280,2147483648,2144337920,2127560704,2139095040,2136997888,2520900067
2124414976,2160066560,2155872256,2133852160,2130706432,2149580800,2146435072,2128609280,2143551488,2138832896,2520916065
2131755008,2141192192,2142240768,2124414976,2130706432,2148532224,2147483648,2128609280,2134900736,2138832896,2520932066
2124414976,2149580800,2154823680,2134900736,2130706432,2148532224,2146435072,2128609280,2140930048,2138570752,2520948067
2131755008,2152726528,2150629376,2129657856,2129657856,2148532224,2145386496,2127560704,2141192192,2137784320,2520964087
2135949312,2138046464,2138046464,2124414976,2128609280,2146435072,2143289344,2125463552,2134114304,2135949312,2520980086
2128609280,2156920832,2152726528,2133852160,2129657856,2147483648,2144337920,2127560704,2143027200,2137260032,2520996088
2124414976,2145386496,2139095040,2128609280,2130706432,2147483648,2146435072,2127560704,2134376448,2138046464,2521012087
2124414976,2162163712,2155872256,2140143616,2131755008,2148532224,2146435072,2128609280,2145648640,2138832896,2521028108
2135949312,2140143616,2139095040,2121269248,2130706432,2147483648,2145386496,2128609280,2134114304,2138046464,2521044111
2142240768,2150629376,2140143616,2130706432,2129657856,2147483648,2145386496,2127560704,2140930048,2137522176,2521061001
2123366400,2160066560,2151677952,2139095040,2129657856,2146435072,2144337920,2125463552,2143551488,2136473600,2521077001
2121269248,2151677952,2148532224,2134900736,2129657856,2147483648,2145386496,2125463552,2139095040,2136997888,2521093001
2132803584,2153775104,2154823680,2120220672,2129657856,2147483648,2146435072,2126512128,2140405760,2137522176,2521109001
2123366400,2151677952,2142240768,2139095040,2130706432,2147483648,2145386496,2128609280,2139095040,2138046464,2521125023
2125463552,2157969408,2159017984,2141192192,2130706432,2148532224,2146435072,2129657856,2145910784,2138832896,2521141023
2134900736,2140143616,2139095040,2124414976,2130706432,2147483648,2144337920,2126512128,2134638592,2137260032,2521157024
2121269248,2151677952,2147483648,2134900736,2128609280,2147483648,2144337920,2127560704,2138832896,2136997888,2521173022
2134900736,2139095040,2135949312,2119172096,2128609280,2147483648,2145386496,2126512128,2132279296,2136997888,2521189046
2130706432,2154823680,2154823680,2134900736,2129657856,2148532224,2145386496,2128609280,2143813632,2138046464,2521205045
2124414976,2162163712,2155872256,2140143616,2130706432,2148532224,2145386496,2128609280,2145648640,2138308608,2521221047
2131755008,2142240768,2142240768,2124414976,2130706432,2148532224,2146435072,2128609280,2135162880,2138570752,2521237044
2122317824,2147483648,2145386496,2130706432,2130706432,2147483648,2145386496,2126512128,2136473600,2137522176,2521253067
2124414976,2155872256,2156920832,2136997888,2129657856,2147483648,2145386496,2126512128,2143551488,2137260032,2521269068
2131755008,2148532224,2152726528,2127560704,2128609280,2146435072,2143289344,2125463552,2140143616,2135949312,2521285066
2129657856,2156920832,2152726528,2129657856,2129657856,2147483648,2145386496,2126512128,2142240768,2137260032,2521301065
2135949312,2156920832,2153775104,2128609280,2130706432,2146435072,2146435072,2127560704,2143813632,2137784320,2521317088
2123366400,2155872256,2155872256,2141192192,2130706432,2149580800,2146435072,2129657856,2144075776,2139095040,2521333088
2133852160,2146435072,2146435072,2122317824,2129657856,2147483648,2145386496,2127560704,2137260032,2137522176,2521349089
2123366400,2145386496,2139095040,2126512128,2129657856,2147483648,2144337920,2126512128,2133590016,2136997888,2521365086
2139095040,2139095040,2138046464,2117074944,2129657856,2147483648,2144337920,2126512128,2133327872,2136997888,2521381112
2140143616,2140143616,2136997888,2116026368,2129657856,2146435072,2145386496,2126512128,2133327872,2136997888,2521398001
2123366400,2142240768,2142240768,2123366400,2131755008,2147483648,2145386496,2127560704,2132803584,2138046464,2521414001
2144337920,2142240768,2141192192,2122317824,2130706432,2149580800,2146435072,2129657856,2137522176,2139095040,2521430001
2135949312,2143289344,2139095040,2124414976,2130706432,2147483648,2145386496,2127560704,2135687168,2137784320,2521446001
2142240768,2138046464,2140143616,2120220672,2129657856,2146435072,2145386496,2127560704,2135162880,2137260032,2521462024
2123366400,2147483648,2157969408,2130706432,2128609280,2146435072,2144337920,2125463552,2139881472,2136211456,2521478024
2122317824,2156920832,2152726528,2138046464,2129657856,2146435072,2144337920,2126512128,2142502912,2136735744,2521494024
2129657856,2141192192,2140143616,2119172096,2130706432,2148532224,2146435072,2127560704,2132541440,2138308608,2521510024
2142240768,2140143616,2139095040,2121269248,2130706432,2148532224,2146435072,2128609280,2135687168,2138570752,2521526046
2142240768,2141192192,2140143616,2119172096,2130706432,2148532224,2146435072,2128609280,2135687168,2138570752,2521542046
2130706432,2154823680,2152726528,2128609280,2130706432,2146435072,2145386496,2126512128,2141716480,2137260032,2521558044
2131755008,2141192192,2139095040,2122317824,2128609280,2147483648,2144337920,2126512128,2133590016,2136735744,2521574044
2121269248,2143289344,2147483648,2125463552,2128609280,2146435072,2144337920,2125463552,2134376448,2136211456,2521590067
2143289344,2151677952,2150629376,2129657856,2129657856,2148532224,2145386496,2127560704,2143813632,2137784320,2521606068
2135949312,2141192192,2136997888,2124414976,2131755008,2148532224,2145386496,2128609280,2134638592,2138570752,2521622065
2144337920,2144337920,2142240768,2120220672,2130706432,2148532224,2146435072,2128609280,2137784320,2138570752,2521638066
2131755008,2141192192,2141192192,2122317824,2129657856,2148532224,2145386496,2128609280,2134114304,2138046464,2521654086
2130706432,2155872256,2149580800,2132803584,2128609280,2146435072,2143289344,2125463552,2142240768,2135949312,2521670087
2132803584,2139095040,2139095040,2117074944,2128609280,2147483648,2144337920,2125463552,2132017152,2136473600,2521686085
2125463552,2155872256,2152726528,2134900736,2129657856,2146435072,2145386496,2126512128,2142240768,2136997888,2521702089
2122317824,2152726528,2144337920,2134900736,2129657856,2147483648,2146435072,2128609280,2138570752,2138046464,2521718108
2126512128,2154823680,2154823680,2140143616,2130706432,2148532224,2146435072,2128609280,2144075776,2138570752,2521734107
2132803584,2152726528,2150629376,2133852160,2129657856,2148532224,2146435072,2128609280,2142502912,2138308608,2521751001
2123366400,2147483648,2145386496,2129657856,2129657856,2146435072,2143289344,2125463552,2136473600,2136211456,2521767001
2140143616,2150629376,2136997888,2120220672,2129657856,2147483648,2145386496,2125463552,2136997888,2136997888,2521783001
2127560704,2156920832,2153775104,2133852160,2129657856,2147483648,2144337920,2126512128,2143027200,2136997888,2521799022
2141192192,2140143616,2140143616,2120220672,2130706432,2148532224,2146435072,2127560704,2135425024,2138308608,2521815024
2134900736,2140143616,2141192192,2121269248,2130706432,2148532224,2146435072,2128609280,2134376448,2138570752,2521831024
2134900736,2140143616,2139095040,2121269248,2130706432,2148532224,2145386496,2128609280,2133852160,2138308608,2521847024
2124414976,2148532224,2155872256,2131755008,2129657856,2147483648,2144337920,2127560704,2140143616,2137260032,2521863044
2122317824,2147483648,2144337920,2126512128,2128609280,2147483648,2144337920,2126512128,2135162880,2136735744,2521879046
2124414976,2154823680,2154823680,2136997888,2128609280,2147483648,2146435072,2126512128,2142765056,2137260032,2521895046
2120220672,2152726528,2144337920,2138046464,2130706432,2147483648,2145386496,2127560704,2138832896,2137784320,2521911047
2140143616,2140143616,2138046464,2121269248,2130706432,2148532224,2146435072,2128609280,2134900736,2138570752,2521927066
2129657856,2160066560,2155872256,2141192192,2130706432,2148532224,2146435072,2128609280,2146697216,2138570752,2521943065
2126512128,2147483648,2140143616,2129657856,2130706432,2147483648,2145386496,2126512128,2135949312,2137522176,2521959066
2138046464,2138046464,2138046464,2124414976,2129657856,2146435072,2144337920,2126512128,2134638592,2136735744,2521975068
2129657856,2152726528,2146435072,2136997888,2129657856,2147483648,2144337920,2126512128,2141454336,2136997888,2521991089
2139095040,2149580800,2146435072,2129657856,2130706432,2147483648,2145386496,2126512128,2141192192,2137522176,2522007087
2124414976,2160066560,2155872256,2134900736,2130706432,2148532224,2147483648,2128609280,2143813632,2138832896,2522023087
2133852160,2140143616,2138046464,2121269248,2131755008,2148532224,2146435072,2128609280,2133327872,2138832896,2522039088
2123366400,2147483648,2154823680,2131755008,2129657856,2147483648,2144337920,2126512128,2139357184,2136997888,2522055109
2135949312,2135949312,2134900736,2117074944,2129657856,2146435072,2143289344,2125463552,2130968576,2136211456,2522071108
2125463552,2153775104,2155872256,2134900736,2129657856,2147483648,2144337920,2125463552,2142502912,2136735744,2522088001
2122317824,2152726528,2149580800,2135949312,2129657856,2148532224,2145386496,2128609280,2140143616,2138046464,2522104001
2125463552,2157969408,2159017984,2143289344,2130706432,2148532224,2146435072,2128609280,2146435072,2138570752,2522120001
2127560704,2140143616,2147483648,2123366400,2130706432,2149580800,2145386496,2129657856,2134638592,2138832896,2522136001
2124414976,2160066560,2157969408,2139095040,2130706432,2148532224,2145386496,2127560704,2145386496,2138046464,2522152023
2124414976,2147483648,2157969408,2130706432,2129657856,2146435072,2145386496,2126512128,2140143616,2136997888,2522168023
2122317824,2143289344,2144337920,2126512128,2128609280,2147483648,2145386496,2126512128,2134114304,2136997888,2522184024
2134900736,2139095040,2135949312,2119172096,2129657856,2147483648,2144337920,2127560704,2132279296,2137260032,2522200024
2122317824,2145386496,2143289344,2127560704,2130706432,2148532224,2145386496,2128609280,2134638592,2138308608,2522216046
2135949312,2152726528,2152726528,2136997888,2130706432,2148532224,2146435072,2128609280,2144600064,2138570752,2522232045
2122317824,2152726528,2149580800,2135949312,2129657856,2148532224,2145386496,2128609280,2140143616,2138046464,2522248045
2139095040,2143289344,2136997888,2122317824,2128609280,2147483648,2145386496,2126512128,2135425024,2136997888,2522264044
2122317824,2156920832,2149580800,2139095040,2128609280,2147483648,2144337920,2126512128,2141978624,2136735744,2522280067
2140143616,2138046464,2138046464,2120220672,2129657856,2146435072,2145386496,2126512128,2134114304,2136997888,2522296066
2123366400,2151677952,2147483648,2134900736,2129657856,2148532224,2146435072,2127560704,2139357184,2138046464,2522312067
2136997888,2142240768,2141192192,2121269248,2130706432,2148532224,2146435072,2128609280,2135425024,2138570752,2522328065
2126512128,2156920832,2156920832,2131755008,2130706432,2148532224,2146435072,2128609280,2143027200,2138570752,2522344087
2123366400,2147483648,2141192192,2126512128,2130706432,2147483648,2144337920,2126512128,2134638592,2137260032,2522360090
2129657856,2160066560,2151677952,2132803584,2128609280,2146435072,2144337920,2126512128,2143551488,2136473600,2522376088
2139095040,2138046464,2145386496,2120220672,2128609280,2148532224,2144337920,2127560704,2135687168,2137260032,2522392087
2122317824,2162163712,2156920832,2139095040,2130706432,2147483648,2145386496,2127560704,2145124352,2137784320,2522408107
2142240768,2142240768,2142240768,2121269248,2130706432,2148532224,2145386496,2128609280,2136997888,2138308608,2522425001
2136997888,2142240768,2150629376,2123366400,2130706432,2148532224,2147483648,2128609280,2138308608,2138832896,2522441001
2129657856,2143289344,2143289344,2122317824,2129657856,2147483648,2145386496,2127560704,2134638592,2137522176,2522457000
2129657856,2140143616,2142240768,2121269248,2128609280,2146435072,2145386496,2125463552,2133327872,2136473600,2522473001
2127560704,2152726528,2152726528,2128609280,2129657856,2146435072,2144337920,2126512128,2140405760,2136735744,2522489023
2122317824,2144337920,2143289344,2125463552,2129657856,2148532224,2144337920,2127560704,2133852160,2137522176,2522505026
2122317824,2156920832,2152726528,2140143616,2130706432,2147483648,2146435072,2128609280,2143027200,2138308608,2522521024
2125463552,2157969408,2157969408,2141192192,2130706432,2148532224,2146435072,2128609280,2145648640,2138570752,2522537022
2129657856,2153775104,2157969408,2135949312,2130706432,2147483648,2146435072,2127560704,2144337920,2138046464,2522553044
2122317824,2153775104,2153775104,2136997888,2129657856,2146435072,2144337920,2126512128,2141716480,2136735744,2522569046
2132803584,2150629376,2150629376,2126512128,2128609280,2147483648,2144337920,2127560704,2140143616,2136997888,2522585044
2123366400,2161115136,2155872256,2134900736,2129657856,2147483648,2145386496,2127560704,2143813632,2137522176,2522601045
2135949312,2154823680,2152726528,2121269248,2130706432,2148532224,2146435072,2128609280,2141192192,2138570752,2522617066
2125463552,2144337920,2142240768,2129657856,2130706432,2148532224,2146435072,2129657856,2135425024,2138832896,2522633069
2126512128,2157969408,2157969408,2135949312,2129657856,2149580800,2146435072,2129657856,2144600064,2138832896,2522649066
2121269248,2144337920,2147483648,2127560704,2129657856,2147483648,2144337920,2126512128,2135162880,2136997888,2522665067
2141192192,2138046464,2140143616,2120220672,2128609280,2146435072,2144337920,2126512128,2134900736,2136473600,2522681089
2127560704,2141192192,2143289344,2122317824,2129657856,2147483648,2145386496,2127560704,2133590016,2137522176,2522697088
2121269248,2147483648,2147483648,2128609280,2130706432,2147483648,2146435072,2128609280,2136211456,2138308608,2522713086
2139095040,2142240768,2141192192,2124414976,2130706432,2148532224,2146435072,2129657856,2136735744,2138832896,2522729089
2134900736,2141192192,2141192192,2121269248,2130706432,2147483648,2146435072,2128609280,2134638592,2138308608,2522745108
2127560704,2157969408,2157969408,2133852160,2129657856,2146435072,2144337920,2126512128,2144337920,2136735744,2522761111
2138046464,2138046464,2134900736,2117074944,2128609280,2146435072,2143289344,2125463552,2132017152,2135949312,2522778001
2122317824,2144337920,2155872256,2129657856,2128609280,2146435072,2145386496,2126512128,2138046464,2136735744,2522794001
2124414976,2162163712,2161115136,2139095040,2129657856,2147483648,2145386496,2127560704,2146697216,2137522176,2522810001
2122317824,2148532224,2147483648,2131755008,2130706432,2148532224,2145386496,2128609280,2137522176,2138308608,2522826023
2124414976,2145386496,2144337920,2128609280,2130706432,2148532224,2146435072,2128609280,2135687168,2138570752,2522842022
2125463552,2155872256,2153775104,2135949312,2129657856,2147483648,2145386496,2127560704,2142765056,2137522176,2522858022
2127560704,2143289344,2135949312,2122317824,2128609280,2147483648,2144337920,2126512128,2132279296,2136735744,2522874023
2128609280,2150629376,2155872256,2125463552,2128609280,2146435072,2144337920,2126512128,2140143616,2136473600,2522890045
2139095040,2141192192,2139095040,2122317824,2129657856,2148532224,2145386496,2128609280,2135425024,2138046464,2522906044
2125463552,2148532224,2154823680,2130706432,2130706432,2148532224,2146435072,2128609280,2139881472,2138570752,2522922045
2124414976,2149580800,2148532224,2132803584,2130706432,2148532224,2146435072,2128609280,2138832896,2138570752,2522938045
2123366400,2147483648,2142240768,2130706432,2129657856,2147483648,2145386496,2127560704,2135949312,2137522176,2522954068
2130706432,2141192192,2140143616,2122317824,2128609280,2146435072,2143289344,2126512128,2133590016,2136211456,2522970066
2138046464,2143289344,2135949312,2118123520,2129657856,2146435072,2143289344,2125463552,2133852160,2136211456,2522986065
2126512128,2157969408,2157969408,2138046464,2129657856,2146435072,2144337920,2126512128,2145124352,2136735744,2523002066
2131755008,2140143616,2138046464,2121269248,2130706432,2148532224,2146435072,2128609280,2132803584,2138570752,2523018089
2124414976,2151677952,2155872256,2133852160,2130706432,2148532224,2146435072,2128609280,2141454336,2138570752,2523034085
2135949312,2143289344,2139095040,2124414976,2129657856,2147483648,2145386496,2126512128,2135687168,2137260032,2523050087
2134900736,2144337920,2146435072,2121269248,2129657856,2146435072,2144337920,2127560704,2136735744,2136997888,2523066086
2136997888,2142240768,2139095040,2120220672,2128609280,2147483648,2144337920,2126512128,2134638592,2136735744,2523082111
2128609280,2155872256,2155872256,2131755008,2129657856,2147483648,2144337920,2126512128,2143027200,2136997888,2523098106
2124414976,2161115136,2154823680,2145386496,2129657856,2148532224,2146435072,2128609280,2146435072,2138308608,2523115001
2134900736,2138046464,2139095040,2121269248,2130706432,2149580800,2145386496,2129657856,2133327872,2138832896,2523131001
2125463552,2146435072,2156920832,2126512128,2130706432,2148532224,2146435072,2128609280,2138832896,2138570752,2523147001
2132803584,2159017984,2153775104,2130706432,2128609280,2147483648,2146435072,2126512128,2144075776,2137260032,2523163001
2140143616,2151677952,2138046464,2125463552,2128609280,2146435072,2143289344,2125463552,2138832896,2135949312,2523179023
2140143616,2138046464,2136997888,2119172096,2128609280,2146435072,2145386496,2126512128,2133590016,2136735744,2523195025
2125463552,2140143616,2141192192,2121269248,2129657856,2147483648,2145386496,2127560704,2132017152,2137522176,2523211025
2140143616,2138046464,2138046464,2120220672,2130706432,2148532224,2146435072,2128609280,2134114304,2138570752,2523227024
2125463552,2144337920,2155872256,2127560704,2129657856,2148532224,2145386496,2129657856,2138308608,2138308608,2523243045
2123366400,2143289344,2139095040,2126512128,2129657856,2148532224,2145386496,2127560704,2133065728,2137784320,2523259048
2122317824,2142240768,2142240768,2125463552,2129657856,2146435072,2144337920,2125463552,2133065728,2136473600,2523275044
2122317824,2157969408,2152726528,2133852160,2128609280,2147483648,2145386496,2126512128,2141716480,2136997888,2523291044
2136997888,2153775104,2144337920,2129657856,2129657856,2148532224,2145386496,2127560704,2141192192,2137784320,2523307068
2121269248,2149580800,2147483648,2132803584,2130706432,2149580800,2145386496,2129657856,2137784320,2138832896,2523323068
2139095040,2140143616,2146435072,2121269248,2130706432,2148532224,2146435072,2129657856,2136735744,2138832896,2523339067
2141192192,2142240768,2144337920,2123366400,2129657856,2147483648,2145386496,2127560704,2137784320,2137522176,2523355065
2123366400,2156920832,2154823680,2138046464,2129657856,2146435072,2144337920,2125463552,2143289344,2136473600,2523371087
2121269248,2140143616,2139095040,2123366400,2128609280,2147483648,2144337920,2126512128,2130968576,2136735744,2523387088
2143289344,2141192192,2138046464,2120220672,2129657856,2147483648,2145386496,2127560704,2135687168,2137522176,2523403088
2132803584,2152726528,2150629376,2132803584,2130706432,2148532224,2146435072,2128609280,2142240768,2138570752,2523419088
2133852160,2152726528,2151677952,2123366400,2130706432,2147483648,2145386496,2127560704,2140405760,2137784320,2523435109
2123366400,2155872256,2155872256,2140143616,2130706432,2147483648,2145386496,2127560704,2143813632,2137784320,2523452001
2133852160,2155872256,2146435072,2129657856,2129657856,2147483648,2145386496,2126512128,2141454336,2137260032,2523468001
2122317824,2156920832,2153775104,2133852160,2128609280,2146435072,2143289344,2125463552,2141716480,2135949312,2523484001
2139095040,2140143616,2144337920,2119172096,2129657856,2146435072,2144337920,2126512128,2135687168,2136735744,2523500001
2129657856,2140143616,2140143616,2121269248,2130706432,2148532224,2146435072,2127560704,2132803584,2138308608,2523516024
2133852160,2138046464,2139095040,2121269248,2130706432,2148532224,2146435072,2128609280,2133065728,2138570752,2523532023
2128609280,2163212288,2159017984,2136997888,2128609280,2149580800,2146435072,2128609280,2146959360,2138308608,2523548023
2136997888,2143289344,2139095040,2122317824,2129657856,2147483648,2144337920,2126512128,2135425024,2136997888,2523564023
2132803584,2153775104,2149580800,2125463552,2129657856,2146435072,2143289344,2126512128,2140405760,2136473600,2523580046
2121269248,2145386496,2144337920,2126512128,2128609280,2147483648,2144337920,2126512128,2134376448,2136735744,2523596045
2134900736,2154823680,2151677952,2134900736,2130706432,2147483648,2144337920,2127560704,2144075776,2137522176,2523612043
2123366400,2147483648,2141192192,2130706432,2129657856,2149580800,2146435072,2129657856,2135687168,2138832896,2523628044
2123366400,2154823680,2139095040,2141192192,2129657856,2148532224,2145386496,2129657856,2139619328,2138308608,2523644067
2132803584,2152726528,2149580800,2129657856,2130706432,2146435072,2144337920,2126512128,2141192192,2136997888,2523660066
2130706432,2143289344,2146435072,2120220672,2128609280,2146435072,2144337920,2125463552,2135162880,2136211456,2523676065
2131755008,2141192192,2138046464,2120220672,2129657856,2146435072,2144337920,2125463552,2132803584,2136473600,2523692067
2135949312,2142240768,2139095040,2119172096,2129657856,2147483648,2145386496,2127560704,2134114304,2137522176,2523708088
2133852160,2157969408,2150629376,2134900736,2130706432,2149580800,2145386496,2129657856,2144337920,2138832896,2523724087
2124414976,2151677952,2154823680,2134900736,2130706432,2148532224,2146435072,2128609280,2141454336,2138570752,2523740085
2121269248,2154823680,2142240768,2136997888,2129657856,2147483648,2145386496,2128609280,2138832896,2137784320,2523756087
2128609280,2143289344,2135949312,2122317824,2129657856,2146435072,2145386496,2125463552,2132541440,2136735744,2523772108
2122317824,2145386496,2147483648,2126512128,2128609280,2147483648,2144337920,2126512128,2135425024,2136735744,2523788109
2122317824,2142240768,2144337920,2124414976,2129657856,2147483648,2145386496,2127560704,2133327872,2137522176,2523805001
2130706432,2155872256,2156920832,2136997888,2130706432,2148532224,2145386496,2128609280,2145124352,2138308608,2523821001
2133852160,2160066560,2152726528,2133852160,2130706432,2148532224,2146435072,2128609280,2145124352,2138570752,2523837001
2143289344,2143289344,2141192192,2119172096,2130706432,2148532224,2145386496,2127560704,2136735744,2138046464,2523853023
2125463552,2155872256,2156920832,2139095040,2129657856,2146435072,2145386496,2126512128,2144337920,2136997888,2523869023
2131755008,2140143616,2136997888,2119172096,2129657856,2147483648,2143289344,2126512128,2132017152,2136735744,2523885023
2126512128,2153775104,2161115136,2133852160,2129657856,2147483648,2145386496,2127560704,2143813632,2137522176,2523901024
2127560704,2157969408,2157969408,2133852160,2129657856,2148532224,2145386496,2128609280,2144337920,2138046464,2523917047
2136997888,2140143616,2140143616,2121269248,2131755008,2148532224,2146435072,2128609280,2134638592,2138832896,2523933044
2123366400,2143289344,2142240768,2126512128,2129657856,2148532224,2145386496,2128609280,2133852160,2138046464,2523949048
2126512128,2147483648,2155872256,2129657856,2129657856,2147483648,2144337920,2126512128,2139881472,2136997888,2523965047
2122317824,2139095040,2141192192,2121269248,2128609280,2146435072,2145386496,2126512128,2130968576,2136735744,2523981066
2142240768,2138046464,2138046464,2119172096,2129657856,2146435072,2144337920,2126512128,2134376448,2136735744,2523997065
2139095040,2142240768,2146435072,2121269248,2131755008,2147483648,2144337920,2127560704,2137260032,2137784320,2524013067
2139095040,2144337920,2140143616,2123366400,2131755008,2148532224,2146435072,2128609280,2136735744,2138832896,2524029068
2139095040,2151677952,2140143616,2129657856,2131755008,2147483648,2145386496,2127560704,2140143616,2138046464,2524045087
2122317824,2147483648,2147483648,2126512128,2128609280,2147483648,2145386496,2127560704,2135949312,2137260032,2524061088
2138046464,2139095040,2139095040,2119172096,2129657856,2146435072,2143289344,2125463552,2133852160,2136211456,2524077089
2138046464,2136997888,2135949312,2117074944,2129657856,2146435072,2144337920,2126512128,2132017152,2136735744,2524093090
2122317824,2151677952,2151677952,2134900736,2129657856,2147483648,2145386496,2126512128,2140143616,2137260032,2524109108
2128609280,2144337920,2139095040,2122317824,2130706432,2148532224,2146435072,2128609280,2133590016,2138570752,2524125106
2141192192,2146435072,2146435072,2121269248,2130706432,2148532224,2146435072,2128609280,2138832896,2138570752,2524142001
2123366400,2152726528,2150629376,2138046464,2129657856,2147483648,2145386496,2126512128,2141192192,2137260032,2524158001
2133852160,2139095040,2135949312,2119172096,2130706432,2145386496,2143289344,2124414976,2132017152,2135949312,2524174001
2143289344,2145386496,2145386496,2118123520,2129657856,2147483648,2144337920,2126512128,2138046464,2136997888,2524190001
2122317824,2159017984,2155872256,2139095040,2129657856,2147483648,2144337920,2127560704,2144075776,2137260032,2524206023
2135949312,2138046464,2139095040,2121269248,2130706432,2148532224,2146435072,2128609280,2133590016,2138570752,2524222023
2126512128,2159017984,2161115136,2141192192,2130706432,2149580800,2145386496,2129657856,2146959360,2138832896,2524238023
2136997888,2139095040,2140143616,2121269248,2130706432,2147483648,2145386496,2126512128,2134376448,2137522176,2524254023
2124414976,2151677952,2156920832,2136997888,2128609280,2147483648,2144337920,2126512128,2142502912,2136735744,2524270046
2130706432,2151677952,2154823680,2128609280,2129657856,2147483648,2144337920,2125463552,2141454336,2136735744,2524286044
2130706432,2152726528,2149580800,2129657856,2129657856,2147483648,2145386496,2127560704,2140667904,2137522176,2524302045
2121269248,2153775104,2149580800,2136997888,2130706432,2148532224,2146435072,2128609280,2140405760,2138570752,2524318045
2140143616,2138046464,2139095040,2121269248,2130706432,2149580800,2145386496,2128609280,2134638592,2138570752,2524334067
2131755008,2160066560,2152726528,2135949312,2130706432,2147483648,2145386496,2127560704,2145124352,2137784320,2524350066
2121269248,2159017984,2156920832,2136997888,2128609280,2147483648,2144337920,2125463552,2143551488,2136473600,2524366068
2136997888,2142240768,2151677952,2117074944,2128609280,2146435072,2143289344,2125463552,2136997888,2135949312,2524382066
2123366400,2142240768,2147483648,2125463552,2129657856,2147483648,2144337920,2126512128,2134638592,2136997888,2524398088
2134900736,2146435072,2146435072,2123366400,2130706432,2147483648,2146435072,2127560704,2137784320,2138046464,2524414087
2142240768,2142240768,2139095040,2120220672,2130706432,2148532224,2146435072,2128609280,2135949312,2138570752,2524430089
2144337920,2140143616,2140143616,2119172096,2131755008,2147483648,2145386496,2127560704,2135949312,2138046464,2524446084
2135949312,2138046464,2138046464,2120220672,2129657856,2146435072,2144337920,2126512128,2133065728,2136735744,2524462110
2128609280,2157969408,2159017984,2135949312,2128609280,2147483648,2144337920,2126512128,2145386496,2136735744,2524479001
2122317824,2143289344,2147483648,2123366400,2129657856,2147483648,2145386496,2126512128,2134114304,2137260032,2524495001
2142240768,2141192192,2139095040,2122317824,2129657856,2148532224,2146435072,2127560704,2136211456,2138046464,2524511001
2141192192,2142240768,2140143616,2122317824,2130706432,2148532224,2146435072,2129657856,2136473600,2138832896,2524527001
2124414976,2162163712,2155872256,2141192192,2130706432,2148532224,2145386496,2128609280,2145910784,2138308608,2524543023
2122317824,2147483648,2139095040,2131755008,2129657856,2146435072,2144337920,2126512128,2135162880,2136735744,2524559023
2124414976,2148532224,2144337920,2133852160,2128609280,2147483648,2143289344,2126512128,2137784320,2136473600,2524575023
2139095040,2140143616,2139095040,2118123520,2128609280,2147483648,2144337920,2126512128,2134114304,2136735744,2524591023
2133852160,2141192192,2136997888,2122317824,2130706432,2147483648,2144337920,2127560704,2133590016,2137522176,2524607047
2134900736,2141192192,2138046464,2122317824,2130706432,2148532224,2145386496,2128609280,2134114304,2138308608,2524623047
2136997888,2143289344,2146435072,2119172096,2131755008,2146435072,2146435072,2126512128,2136473600,2137784320,2524639047
2140143616,2140143616,2142240768,2119172096,2129657856,2148532224,2144337920,2127560704,2135425024,2137522176,2524655045
2125463552,2156920832,2155872256,2132803584,2129657856,2147483648,2145386496,2126512128,2142765056,2137260032,2524671066
2121269248,2140143616,2138046464,2124414976,2129657856,2146435072,2144337920,2125463552,2130968576,2136473600,2524687067
2121269248,2147483648,2147483648,2127560704,2129657856,2148532224,2145386496,2127560704,2135949312,2137784320,2524703065
2138046464,2140143616,2141192192,2120220672,2129657856,2148532224,2147483648,2128609280,2134900736,2138570752,2524719067
2125463552,2149580800,2148532224,2132803584,2130706432,2148532224,2146435072,2128609280,2139095040,2138570752,2524735089
2122317824,2144337920,2145386496,2128609280,2130706432,2147483648,2145386496,2127560704,2135162880,2137784320,2524751088
2133852160,2156920832,2146435072,2130706432,2129657856,2146435072,2144337920,2126512128,2141978624,2136735744,2524767087
2136997888,2139095040,2138046464,2117074944,2130706432,2146435072,2144337920,2125463552,2132803584,2136735744,2524783089
2128609280,2154823680,2153775104,2121269248,2130706432,2145386496,2145386496,2125463552,2139619328,2136735744,2524799110
2128609280,2156920832,2157969408,2138046464,2129657856,2148532224,2146435072,2127560704,2145386496,2138046464,2524815111
2124414976,2162163712,2160066560,2136997888,2131755008,2148532224,2147483648,2128609280,2145910784,2139095040,2524832001
2125463552,2147483648,2138046464,2130706432,2130706432,2147483648,2146435072,2127560704,2135425024,2138046464,2524848001
2140143616,2141192192,2138046464,2122317824,2129657856,2147483648,2144337920,2126512128,2135425024,2136997888,2524864001
2134900736,2146435072,2149580800,2122317824,2129657856,2146435072,2144337920,2125463552,2138308608,2136473600,2524880023
2124414976,2142240768,2134900736,2125463552,2128609280,2147483648,2144337920,2126512128,2131755008,2136735744,2524896023
2123366400,2163212288,2153775104,2143289344,2130706432,2148532224,2146435072,2127560704,2145910784,2138308608,2524912022
2141192192,2146435072,2146435072,2123366400,2130706432,2148532224,2146435072,2128609280,2139357184,2138570752,2524928023
2143289344,2142240768,2141192192,2121269248,2130706432,2148532224,2145386496,2128609280,2136997888,2138308608,2524944047
2135949312,2139095040,2139095040,2119172096,2130706432,2146435072,2144337920,2125463552,2133327872,2136735744,2524960044
2134900736,2153775104,2144337920,2125463552,2128609280,2146435072,2144337920,2125463552,2139619328,2136211456,2524976045
2136997888,2150629376,2136997888,2126512128,2129657856,2145386496,2144337920,2124414976,2137784320,2135949312,2524992044
2121269248,2147483648,2147483648,2130706432,2128609280,2148532224,2146435072,2128609280,2136735744,2138046464,2525008066
2125463552,2141192192,2138046464,2125463552,2130706432,2148532224,2146435072,2128609280,2132541440,2138570752,2525024066
2138046464,2138046464,2140143616,2121269248,2129657856,2149580800,2146435072,2128609280,2134376448,2138570752,2525040067
2138046464,2140143616,2138046464,2121269248,2129657856,2147483648,2145386496,2127560704,2134376448,2137522176,2525056067
2129657856,2153775104,2148532224,2128609280,2129657856,2146435072,2143289344,2125463552,2140143616,2136211456,2525072090
2124414976,2162163712,2156920832,2133852160,2129657856,2146435072,2144337920,2125463552,2144337920,2136473600,2525088087
2124414976,2147483648,2138046464,2131755008,2129657856,2147483648,2144337920,2126512128,2135425024,2136997888,2525104087
2125463552,2141192192,2139095040,2128609280,2130706432,2148532224,2146435072,2128609280,2133590016,2138570752,2525120087
2123366400,2159017984,2159017984,2133852160,2130706432,2148532224,2146435072,2127560704,2143813632,2138308608,2525136110
2134900736,2139095040,2138046464,2121269248,2130706432,2146435072,2145386496,2127560704,2133327872,2137522176,2525152109
2123366400,2156920832,2155872256,2138046464,2128609280,2147483648,2144337920,2126512128,2143551488,2136735744,2525169001
2135949312,2143289344,2138046464,2119172096,2129657856,2145386496,2144337920,2125463552,2134114304,2136211456,2525185001
2122317824,2157969408,2138046464,2141192192,2129657856,2147483648,2145386496,2127560704,2139881472,2137522176,2525201001
2141192192,2140143616,2139095040,2120220672,2130706432,2148532224,2145386496,2128609280,2135162880,2138308608,2525217001
2126512128,2156920832,2156920832,2138046464,2130706432,2148532224,2146435072,2128609280,2144600064,2138570752,2525233024
2121269248,2160066560,2149580800,2140143616,2130706432,2148532224,2145386496,2128609280,2142765056,2138308608,2525249023
2130706432,2155872256,2150629376,2127560704,2128609280,2147483648,2145386496,2126512128,2141192192,2136997888,2525265024
2141192192,2138046464,2140143616,2117074944,2129657856,2145386496,2143289344,2125463552,2134114304,2135949312,2525281023
2126512128,2153775104,2148532224,2121269248,2129657856,2147483648,2144337920,2126512128,2137522176,2136997888,2525297046
2127560704,2160066560,2157969408,2141192192,2129657856,2149580800,2145386496,2129657856,2146697216,2138570752,2525313045
2125463552,2160066560,2160066560,2143289344,2130706432,2149580800,2146435072,2129657856,2147221504,2139095040,2525329047
2138046464,2140143616,2138046464,2121269248,2130706432,2149580800,2146435072,2128609280,2134376448,2138832896,2525345047
2132803584,2160066560,2153775104,2136997888,2129657856,2147483648,2144337920,2127560704,2145910784,2137260032,2525361067
2134900736,2140143616,2138046464,2117074944,2129657856,2146435072,2143289344,2125463552,2132541440,2136211456,2525377066
2128609280,2155872256,2153775104,2131755008,2129657856,2146435072,2144337920,2126512128,2142502912,2136735744,2525393068
2139095040,2144337920,2144337920,2120220672,2129657856,2147483648,2145386496,2127560704,2136997888,2137522176,2525409066
2125463552,2147483648,2147483648,2127560704,2130706432,2149580800,2147483648,2129657856,2136997888,2139357184,2525425088
2123366400,2159017984,2154823680,2141192192,2129657856,2149580800,2146435072,2129657856,2144600064,2138832896,2525441089
2135949312,2152726528,2150629376,2128609280,2130706432,2147483648,2145386496,2126512128,2141978624,2137522176,2525457089
2122317824,2159017984,2148532224,2142240768,2129657856,2146435072,2144337920,2125463552,2143027200,2136473600,2525473086
2122317824,2151677952,2149580800,2135949312,2128609280,2147483648,2144337920,2126512128,2139881472,2136735744,2525489111
2125463552,2157969408,2153775104,2139095040,2129657856,2147483648,2146435072,2127560704,2144075776,2137784320,2525506001
2128609280,2156920832,2156920832,2138046464,2130706432,2148532224,2146435072,2128609280,2145124352,2138570752,2525522001
2125463552,2148532224,2151677952,2133852160,2130706432,2148532224,2146435072,2128609280,2139881472,2138570752,2525538001
2144337920,2140143616,2138046464,2120220672,2129657856,2147483648,2145386496,2127560704,2135687168,2137522176,2525554001
2140143616,2146435072,2139095040,2118123520,2129657856,2146435072,2144337920,2126512128,2135949312,2136735744,2525570023
2124414976,2143289344,2138046464,2124414976,2128609280,2146435072,2145386496,2125463552,2132541440,2136473600,2525586024
2127560704,2141192192,2136997888,2122317824,2130706432,2147483648,2144337920,2127560704,2132017152,2137522176,2525602022
2136997888,2139095040,2139095040,2118123520,2130706432,2148532224,2146435072,2128609280,2133327872,2138570752,2525618023
2124414976,2152726528,2154823680,2135949312,2130706432,2148532224,2146435072,2128609280,2141978624,2138570752,2525634045
2125463552,2144337920,2139095040,2128609280,2130706432,2147483648,2145386496,2127560704,2134376448,2137784320,2525650045
2123366400,2142240768,2149580800,2125463552,2129657856,2146435072,2143289344,2127560704,2135162880,2136735744,2525666046
2135949312,2141192192,2135949312,2118123520,2128609280,2146435072,2143289344,2126512128,2132803584,2136211456,2525682044
2129657856,2139095040,2139095040,2120220672,2129657856,2146435072,2144337920,2126512128,2132017152,2136735744,2525698068
2138046464,2140143616,2139095040,2121269248,2130706432,2148532224,2146435072,2128609280,2134638592,2138570752,2525714066
2138046464,2146435072,2138046464,2122317824,2130706432,2148532224,2146435072,2128609280,2136211456,2138570752,2525730065
2133852160,2157969408,2150629376,2131755008,2129657856,2148532224,2146435072,2128609280,2143551488,2138308608,2525746066
2140143616,2141192192,2138046464,2122317824,2129657856,2146435072,2144337920,2127560704,2135425024,2136997888,2525762087
2121269248,2155872256,2147483648,2141192192,2128609280,2147483648,2144337920,2126512128,2141454336,2136735744,2525778088
2136997888,2150629376,2142240768,2129657856,2129657856,2147483648,2145386496,2126512128,2139881472,2137260032,2525794086
2130706432,2154823680,2154823680,2127560704,2130706432,2148532224,2145386496,2127560704,2141978624,2138046464,2525810089
2143289344,2153775104,2141192192,2129657856,2131755008,2148532224,2146435072,2128609280,2141978624,2138832896,2525826109
2124414976,2165309440,2153775104,2142240768,2130706432,2148532224,2145386496,2129657856,2146435072,2138570752,2525842109
2123366400,2153775104,2151677952,2135949312,2129657856,2147483648,2144337920,2127560704,2141192192,2137260032,2525859001
2134900736,2138046464,2139095040,2120220672,2129657856,2146435072,2143289344,2125463552,2133065728,2136211456,2525875001
2131755008,2139095040,2140143616,2118123520,2129657856,2146435072,2144337920,2126512128,2132279296,2136735744,2525891001
2133852160,2139095040,2135949312,2117074944,2130706432,2147483648,2145386496,2126512128,2131492864,2137522176,2525907024
2135949312,2141192192,2139095040,2119172096,2130706432,2148532224,2146435072,2128609280,2133852160,2138570752,2525923023
2128609280,2156920832,2161115136,2138046464,2131755008,2147483648,2146435072,2128609280,2146172928,2138570752,2525939023
2140143616,2153775104,2138046464,2127560704,2130706432,2147483648,2145386496,2127560704,2139881472,2137784320,2525955023
2123366400,2142240768,2142240768,2125463552,2128609280,2148532224,2145386496,2127560704,2133327872,2137522176,2525971047
2135949312,2139095040,2135949312,2117074944,2129657856,2147483648,2144337920,2126512128,2132017152,2136997888,2525987045
2124414976,2156920832,2151677952,2133852160,2128609280,2148532224,2145386496,2128609280,2141716480,2137784320,2526003046
2129657856,2140143616,2141192192,2124414976,2129657856,2149580800,2146435072,2129657856,2133852160,2138832896,2526019045
2124414976,2161115136,2160066560,2142240768,2130706432,2148532224,2146435072,2129657856,2146959360,2138832896,2526035066
2141192192,2140143616,2139095040,2119172096,2129657856,2148532224,2146435072,2128609280,2134900736,2138308608,2526051065
2122317824,2151677952,2147483648,2135949312,2128609280,2147483648,2144337920,2126512128,2139357184,2136735744,2526067065
2135949312,2145386496,2134900736,2122317824,2129657856,2146435072,2143289344,2125463552,2134638592,2136211456,2526083066
2122317824,2147483648,2149580800,2129657856,2130706432,2146435072,2144337920,2125463552,2137260032,2136735744,2526099088
2140143616,2139095040,2139095040,2119172096,2130706432,2147483648,2145386496,2128609280,2134376448,2138046464,2526115085
2133852160,2141192192,2141192192,2124414976,2131755008,2148532224,2145386496,2128609280,2135162880,2138570752,2526131090
2123366400,2154823680,2156920832,2138046464,2130706432,2148532224,2145386496,2127560704,2143289344,2138046464,2526147089
2133852160,2141192192,2139095040,2122317824,2128609280,2147483648,2144337920,2126512128,2134114304,2136735744,2526163108
2122317824,2152726528,2147483648,2139095040,2128609280,2147483648,2144337920,2126512128,2140405760,2136735744,2526179107
2122317824,2141192192,2147483648,2122317824,2129657856,2146435072,2144337920,2126512128,2133327872,2136735744,2526196001
2139095040,2146435072,2144337920,2120220672,2130706432,2147483648,2146435072,2127560704,2137522176,2138046464,2526212001
2138046464,2140143616,2138046464,2124414976,2130706432,2148532224,2146435072,2129657856,2135162880,2138832896,2526228001
2138046464,2140143616,2139095040,2120220672,2130706432,2148532224,2145386496,2127560704,2134376448,2138046464,2526244001
2123366400,2142240768,2140143616,2125463552,2130706432,2147483648,2144337920,2127560704,2132803584,2137522176,2526260024
2121269248,2143289344,2142240768,2125463552,2129657856,2146435072,2144337920,2125463552,2133065728,2136473600,2526276024
2120220672,2152726528,2150629376,2133852160,2129657856,2146435072,2143289344,2126512128,2139357184,2136473600,2526292023
2122317824,2150629376,2143289344,2135949312,2130706432,2147483648,2145386496,2126512128,2138046464,2137522176,2526308022
2144337920,2142240768,2138046464,2122317824,2130706432,2148532224,2145386496,2128609280,2136735744,2138308608,2526324045
2123366400,2162163712,2151677952,2143289344,2130706432,2148532224,2146435072,2129657856,2145124352,2138832896,2526340046
2139095040,2141192192,2139095040,2122317824,2129657856,2148532224,2145386496,2126512128,2135425024,2137522176,2526356046
2135949312,2138046464,2139095040,2120220672,2129657856,2146435072,2144337920,2125463552,2133327872,2136473600,2526372045
2125463552,2143289344,2136997888,2122317824,2128609280,2145386496,2144337920,2125463552,2132017152,2135949312,2526388067
2140143616,2141192192,2135949312,2117074944,2129657856,2147483648,2145386496,2126512128,2133590016,2137260032,2526404069
2123366400,2142240768,2147483648,2123366400,2130706432,2147483648,2146435072,2128609280,2134114304,2138308608,2526420067
2124414976,2147483648,2151677952,2132803584,2130706432,2148532224,2146435072,2129657856,2139095040,2138832896,2526436065
2142240768,2139095040,2140143616,2120220672,2129657856,2148532224,2145386496,2128609280,2135425024,2138046464,2526452089
2141192192,2141192192,2142240768,2118123520,2129657856,2146435072,2144337920,2126512128,2135687168,2136735744,2526468090
2121269248,2155872256,2151677952,2139095040,2129657856,2146435072,2143289344,2125463552,2141978624,2136211456,2526484088
2127560704,2140143616,2140143616,2119172096,2129657856,2146435072,2144337920,2126512128,2131755008,2136735744,2526500086
2123366400,2151677952,2139095040,2139095040,2130706432,2147483648,2146435072,2127560704,2138308608,2138046464,2526516108
2124414976,2143289344,2144337920,2127560704,2130706432,2147483648,2146435072,2128609280,2134900736,2138308608,2526533001
2136997888,2151677952,2153775104,2127560704,2130706432,2148532224,2145386496,2128609280,2142502912,2138308608,2526549001
2121269248,2149580800,2143289344,2134900736,2128609280,2147483648,2144337920,2127560704,2137260032,2136997888,2526565001
2129657856,2141192192,2136997888,2122317824,2128609280,2146435072,2145386496,2125463552,2132541440,2136473600,2526581001
2121269248,2145386496,2139095040,2126512128,2129657856,2146435072,2144337920,2125463552,2133065728,2136473600,2526597024
2144337920,2141192192,2142240768,2118123520,2130706432,2147483648,2145386496,2127560704,2136473600,2137784320,2526613023
2136997888,2146435072,2153775104,2121269248,2130706432,2148532224,2146435072,2128609280,2139619328,2138570752,2526629022
2128609280,2163212288,2155872256,2145386496,2130706432,2147483648,2145386496,2127560704,2148270080,2137784320,2526645023
2126512128,2159017984,2156920832,2136997888,2129657856,2147483648,2144337920,2127560704,2144862208,2137260032,2526661045
2140143616,2141192192,2142240768,2118123520,2128609280,2146435072,2143289344,2125463552,2135425024,2135949312,2526677045
2122317824,2150629376,2147483648,2133852160,2128609280,2146435072,2144337920,2125463552,2138570752,2136211456,2526693044
2124414976,2148532224,2149580800,2131755008,2129657856,2148532224,2145386496,2128609280,2138570752,2138046464,2526709046
2129657856,2140143616,2139095040,2123366400,2130706432,2148532224,2146435072,2128609280,2133065728,2138570752,2526725066
2125463552,2159017984,2157969408,2141192192,2130706432,2148532224,2146435072,2128609280,2145910784,2138570752,2526741066
2142240768,2146435072,2139095040,2122317824,2129657856,2148532224,2146435072,2127560704,2137522176,2138046464,2526757065
2131755008,2142240768,2139095040,2122317824,2129657856,2146435072,2144337920,2126512128,2133852160,2136735744,2526773068
2134900736,2141192192,2136997888,2120220672,2129657856,2145386496,2144337920,2124414976,2133327872,2135949312,2526789087
2122317824,2145386496,2147483648,2126512128,2129657856,2147483648,2145386496,2127560704,2135425024,2137522176,2526805088
2124414976,2162163712,2148532224,2143289344,2130706432,2148532224,2146435072,2128609280,2144600064,2138570752,2526821086
2134900736,2142240768,2141192192,2121269248,2130706432,2149580800,2146435072,2129657856,2134900736,2139095040,2526837087
2130706432,2154823680,2153775104,2134900736,2129657856,2148532224,2146435072,2127560704,2143551488,2138046464,2526853110
2122317824,2152726528,2143289344,2139095040,2128609280,2146435072,2145386496,2126512128,2139357184,2136735744,2526869108
2121269248,2151677952,2147483648,2134900736,2129657856,2146435072,2144337920,2125463552,2138832896,2136473600,2526886001
2122317824,2147483648,2138046464,2129657856,2129657856,2146435072,2144337920,2127560704,2134376448,2136997888,2526902001
2123366400,2147483648,2141192192,2128609280,2130706432,2148532224,2146435072,2128609280,2135162880,2138570752,2526918001
2130706432,2163212288,2156920832,2140143616,2129657856,2149580800,2146435072,2129657856,2147745792,2138832896,2526934024
2122317824,2154823680,2151677952,2138046464,2130706432,2147483648,2145386496,2127560704,2141716480,2137784320,2526950022
2126512128,2155872256,2142240768,2139095040,2129657856,2146435072,2144337920,2125463552,2140930048,2136473600,2526966024
2139095040,2140143616,2135949312,2117074944,2128609280,2145386496,2144337920,2125463552,2133065728,2135949312,2526982023
2138046464,2150629376,2144337920,2125463552,2129657856,2146435072,2145386496,2126512128,2139619328,2136997888,2526998046
2133852160,2146435072,2152726528,2122317824,2130706432,2147483648,2146435072,2127560704,2138832896,2138046464,2527014044
2133852160,2140143616,2138046464,2124414976,2130706432,2148532224,2146435072,2128609280,2134114304,2138570752,2527030045
2124414976,2159017984,2157969408,2143289344,2130706432,2148532224,2145386496,2128609280,2146172928,2138308608,2527046045
2123366400,2142240768,2147483648,2125463552,2128609280,2147483648,2145386496,2127560704,2134638592,2137260032,2527062067
2131755008,2138046464,2139095040,2124414976,2129657856,2146435072,2143289344,2126512128,2133327872,2136473600,2527078066
2141192192,2146435072,2141192192,2123366400,2129657856,2147483648,2144337920,2126512128,2138046464,2136997888,2527094066
2126512128,2160066560,2155872256,2133852160,2129657856,2148532224,2146435072,2127560704,2144075776,2138046464,2527110065
2123366400,2155872256,2147483648,2143289344,2130706432,2148532224,2146435072,2128609280,2142502912,2138570752,2527126086
2127560704,2157969408,2162163712,2133852160,2130706432,2148532224,2146435072,2128609280,2145386496,2138570752,2527142084
2135949312,2146435072,2152726528,2123366400,2129657856,2147483648,2144337920,2127560704,2139619328,2137260032,2527158087
2132803584,2143289344,2138046464,2122317824,2129657856,2146435072,2143289344,2125463552,2134114304,2136211456,2527174087
2140143616,2140143616,2138046464,2120220672,2129657856,2146435072,2144337920,2125463552,2134638592,2136473600,2527190109
2120220672,2155872256,2140143616,2139095040,2129657856,2148532224,2145386496,2127560704,2138832896,2137784320,2527206108
2132803584,2154823680,2156920832,2128609280,2130706432,2148532224,2146435072,2128609280,2143289344,2138570752,2527223001
2128609280,2155872256,2156920832,2135949312,2130706432,2148532224,2146435072,2128609280,2144337920,2138570752,2527239001
2122317824,2152726528,2149580800,2138046464,2129657856,2147483648,2145386496,2127560704,2140667904,2137522176,2527255001
2143289344,2144337920,2143289344,2118123520,2128609280,2147483648,2145386496,2126512128,2137260032,2136997888,2527271000
2120220672,2146435072,2147483648,2129657856,2128609280,2146435072,2144337920,2126512128,2135949312,2136473600,2527287023
2130706432,2153775104,2154823680,2131755008,2130706432,2147483648,2144337920,2126512128,2142765056,2137260032,2527303023
2122317824,2156920832,2149580800,2139095040,2130706432,2148532224,2145386496,2128609280,2141978624,2138308608,2527319023
2128609280,2157969408,2156920832,2138046464,2130706432,2148532224,2146435072,2128609280,2145386496,2138570752,2527335023
2129657856,2143289344,2138046464,2122317824,2129657856,2148532224,2145386496,2128609280,2133327872,2138046464,2527351047
2126512128,2155872256,2159017984,2132803584,2129657856,2146435072,2145386496,2125463552,2143551488,2136735744,2527367045
2125463552,2139095040,2141192192,2120220672,2128609280,2146435072,2144337920,2126512128,2131492864,2136473600,2527383045
2135949312,2139095040,2139095040,2117074944,2129657856,2146435072,2145386496,2126512128,2132803584,2136997888,2527399044
2134900736,2145386496,2140143616,2122317824,2129657856,2149580800,2146435072,2128609280,2135687168,2138570752,2527415068
2132803584,2145386496,2150629376,2123366400,2130706432,2148532224,2145386496,2128609280,2138046464,2138308608,2527431068
2133852160,2141192192,2140143616,2124414976,2130706432,2147483648,2145386496,2127560704,2134900736,2137784320,2527447068
2128609280,2140143616,2139095040,2121269248,2129657856,2147483648,2144337920,2126512128,2132279296,2136997888,2527463066
2141192192,2146435072,2140143616,2120220672,2128609280,2147483648,2143289344,2124414976,2136997888,2135949312,2527479090
2135949312,2150629376,2149580800,2121269248,2129657856,2146435072,2145386496,2126512128,2139357184,2136997888,2527495087
2123366400,2163212288,2156920832,2140143616,2130706432,2147483648,2145386496,2127560704,2145910784,2137784320,2527511088
2135949312,2141192192,2139095040,2119172096,2130706432,2149580800,2146435072,2129657856,2133852160,2139095040,2527527086
2134900736,2152726528,2150629376,2129657856,2130706432,2148532224,2146435072,2127560704,2141978624,2138308608,2527543110
2139095040,2142240768,2143289344,2123366400,2129657856,2146435072,2144337920,2126512128,2136997888,2136735744,2527560001
2122317824,2148532224,2139095040,2132803584,2129657856,2146435072,2143289344,2125463552,2135687168,2136211456,2527576001
2142240768,2140143616,2138046464,2116026368,2128609280,2146435072,2145386496,2126512128,2134114304,2136735744,2527592000
2125463552,2140143616,2138046464,2122317824,2129657856,2147483648,2145386496,2127560704,2131492864,2137522176,2527608001
2132803584,2154823680,2152726528,2127560704,2130706432,2148532224,2146435072,2128609280,2141978624,2138570752,2527624023
2127560704,2159017984,2159017984,2141192192,2130706432,2148532224,2145386496,2128609280,2146697216,2138308608,2527640023
2123366400,2151677952,2151677952,2139095040,2128609280,2148532224,2146435072,2127560704,2141454336,2137784320,2527656025
2132803584,2135949312,2136997888,2117074944,2129657856,2146435072,2143289344,2126512128,2130706432,2136473600,2527672023
2132803584,2155872256,2146435072,2130706432,2128609280,2147483648,2144337920,2126512128,2141454336,2136735744,2527688045
2138046464,2139095040,2136997888,2119172096,2130706432,2148532224,2146435072,2127560704,2133327872,2138308608,2527704044
2139095040,2146435072,2152726528,2121269248,2129657856,2149580800,2146435072,2129657856,2139881472,2138832896,2527720045
2126512128,2157969408,2161115136,2138046464,2130706432,2148532224,2147483648,2128609280,2145910784,2138832896,2527736045
2132803584,2141192192,2139095040,2126512128,2129657856,2147483648,2144337920,2127560704,2134900736,2137260032,2527752066
2132803584,2146435072,2148532224,2120220672,2129657856,2147483648,2143289344,2126512128,2136997888,2136735744,2527768068
2131755008,2146435072,2149580800,2120220672,2129657856,2146435072,2143289344,2126512128,2136997888,2136473600,2527784066
2123366400,2160066560,2157969408,2139095040,2129657856,2147483648,2144337920,2127560704,2145124352,2137260032,2527800066
2127560704,2155872256,2156920832,2133852160,2130706432,2148532224,2146435072,2128609280,2143551488,2138570752,2527816090
2132803584,2153775104,2152726528,2123366400,2130706432,2148532224,2146435072,2128609280,2140667904,2138570752,2527832090
2129657856,2162163712,2152726528,2139095040,2130706432,2148532224,2146435072,2128609280,2145910784,2138570752,2527848085
2122317824,2157969408,2155872256,2141192192,2128609280,2147483648,2144337920,2126512128,2144337920,2136735744,2527864087
2125463552,2157969408,2157969408,2135949312,2128609280,2146435072,2145386496,2126512128,2144337920,2136735744,2527880109
2139095040,2152726528,2144337920,2125463552,2129657856,2147483648,2144337920,2126512128,2140405760,2136997888,2527896107
2133852160,2139095040,2143289344,2119172096,2130706432,2148532224,2145386496,2128609280,2133852160,2138308608,2527913001
2124414976,2143289344,2147483648,2126512128,2129657856,2148532224,2146435072,2129657856,2135425024,2138570752,2527929001
2139095040,2143289344,2139095040,2122317824,2130706432,2148532224,2146435072,2128609280,2135949312,2138570752,2527945001
2143289344,2143289344,2142240768,2120220672,2129657856,2146435072,2144337920,2126512128,2137260032,2136735744,2527961025
2123366400,2153775104,2156920832,2138046464,2128609280,2146435072,2144337920,2126512128,2143027200,2136473600,2527977022
2133852160,2138046464,2138046464,2120220672,2129657856,2147483648,2144337920,2127560704,2132541440,2137260032,2527993023
2122317824,2142240768,2139095040,2125463552,2129657856,2147483648,2145386496,2127560704,2132279296,2137522176,2528009025
2124414976,2142240768,2149580800,2124414976,2131755008,2147483648,2145386496,2127560704,2135162880,2138046464,2528025045
2141192192,2141192192,2139095040,2119172096,2130706432,2148532224,2146435072,2128609280,2135162880,2138570752,2528041044
2143289344,2140143616,2141192192,2120220672,2129657856,2147483648,2145386496,2127560704,2136211456,2137522176,2528057044
2138046464,2152726528,2140143616,2128609280,2128609280,2147483648,2144337920,2126512128,2139881472,2136735744,2528073045
2126512128,2154823680,2162163712,2136997888,2128609280,2147483648,2144337920,2127560704,2145124352,2136997888,2528089067
2127560704,2154823680,2154823680,2130706432,2129657856,2147483648,2145386496,2127560704,2141978624,2137522176,2528105066
2138046464,2139095040,2138046464,2121269248,2131755008,2147483648,2145386496,2128609280,2134114304,2138308608,2528121066
2127560704,2143289344,2140143616,2123366400,2129657856,2148532224,2145386496,2128609280,2133590016,2138046464,2528137066
2130706432,2159017984,2154823680,2138046464,2128609280,2148532224,2146435072,2128609280,2145648640,2138046464,2528153088
2120220672,2163212288,2152726528,2135949312,2128609280,2147483648,2144337920,2127560704,2143027200,2136997888,2528169087
2139095040,2146435072,2139095040,2120220672,2128609280,2147483648,2144337920,2126512128,2136211456,2136735744,2528185088
2126512128,2157969408,2153775104,2131755008,2129657856,2147483648,2145386496,2126512128,2142502912,2137260032,2528201089
2124414976,2142240768,2143289344,2125463552,2130706432,2148532224,2146435072,2128609280,2133852160,2138570752,2528217110
2123366400,2151677952,2147483648,2134900736,2130706432,2148532224,2146435072,2129657856,2139357184,2138832896,2528233107
2133852160,2141192192,2138046464,2123366400,2129657856,2148532224,2145386496,2127560704,2134114304,2137784320,2528250001
2136997888,2138046464,2138046464,2120220672,2129657856,2146435072,2143289344,2126512128,2133327872,2136473600,2528266001
2126512128,2156920832,2150629376,2135949312,2128609280,2147483648,2144337920,2126512128,2142502912,2136735744,2528282001
2129657856,2141192192,2136997888,2120220672,2129657856,2146435072,2143289344,2126512128,2132017152,2136473600,2528298001
2133852160,2146435072,2150629376,2121269248,2130706432,2148532224,2145386496,2127560704,2138046464,2138046464,2528314023
2122317824,2162163712,2155872256,2144337920,2130706432,2147483648,2146435072,2128609280,2146172928,2138308608,2528330025
2139095040,2157969408,2151677952,2132803584,2129657856,2148532224,2147483648,2128609280,2145386496,2138570752,2528346023
2126512128,2155872256,2155872256,2139095040,2128609280,2146435072,2145386496,2126512128,2144337920,2136735744,2528362022
2124414976,2143289344,2145386496,2124414976,2129657856,2146435072,2144337920,2125463552,2134376448,2136473600,2528378046
2135949312,2141192192,2136997888,2120220672,2129657856,2147483648,2144337920,2126512128,2133590016,2136997888,2528394045
2122317824,2147483648,2147483648,2130706432,2130706432,2147483648,2145386496,2127560704,2136997888,2137784320,2528410046
2123366400,2149580800,2141192192,2132803584,2130706432,2148532224,2147483648,2128609280,2136735744,2138832896,2528426045
2130706432,2159017984,2156920832,2138046464,2130706432,2148532224,2145386496,2128609280,2146172928,2138308608,2528442065
2121269248,2154823680,2139095040,2134900736,2129657856,2147483648,2144337920,2127560704,2137522176,2137260032,2528458068
2138046464,2140143616,2138046464,2118123520,2129657856,2146435072,2144337920,2126512128,2133590016,2136735744,2528474068
2139095040,2142240768,2138046464,2120220672,2129657856,2147483648,2144337920,2126512128,2134900736,2136997888,2528490066
2122317824,2151677952,2148532224,2136997888,2130706432,2147483648,2145386496,2127560704,2139881472,2137784320,2528506087
2140143616,2138046464,2146435072,2122317824,2130706432,2149580800,2146435072,2129657856,2136735744,2139095040,2528522087
2123366400,2142240768,2141192192,2125463552,2130706432,2148532224,2146435072,2128609280,2133065728,2138570752,2528538089
2123366400,2142240768,2147483648,2125463552,2129657856,2147483648,2145386496,2127560704,2134638592,2137522176,2528554087
2144337920,2144337920,2142240768,2119172096,2129657856,2146435072,2144337920,2125463552,2137522176,2136473600,2528570107
2129657856,2141192192,2136997888,2122317824,2129657856,2146435072,2143289344,2126512128,2132541440,2136473600,2528587001
2124414976,2160066560,2157969408,2133852160,2129657856,2147483648,2145386496,2127560704,2144075776,2137522176,2528603001
2130706432,2159017984,2154823680,2133852160,2130706432,2148532224,2146435072,2128609280,2144600064,2138570752,2528619001
2128609280,2157969408,2157969408,2133852160,2130706432,2148532224,2145386496,2128609280,2144600064,2138308608,2528635001
2127560704,2145386496,2148532224,2124414976,2131755008,2146435072,2144337920,2126512128,2136473600,2137260032,2528651024
2133852160,2138046464,2135949312,2122317824,2128609280,2147483648,2144337920,2126512128,2132541440,2136735744,2528667022
2125463552,2157969408,2157969408,2132803584,2129657856,2146435072,2144337920,2125463552,2143551488,2136473600,2528683022
2130706432,2154823680,2150629376,2126512128,2129657856,2147483648,2145386496,2127560704,2140667904,2137522176,2528699023
2143289344,2146435072,2140143616,2122317824,2130706432,2147483648,2145386496,2128609280,2138046464,2138046464,2528715046
2134900736,2141192192,2147483648,2122317824,2130706432,2149580800,2147483648,2129657856,2136473600,2139357184,2528731047
2133852160,2141192192,2139095040,2124414976,2130706432,2149580800,2146435072,2129657856,2134638592,2139095040,2528747044
2123366400,2142240768,2138046464,2125463552,2129657856,2147483648,2145386496,2126512128,2132279296,2137260032,2528763045
2130706432,2154823680,2152726528,2132803584,2129657856,2146435072,2143289344,2125463552,2142765056,2136211456,2528779068
2141192192,2140143616,2136997888,2120220672,2129657856,2146435072,2145386496,2125463552,2134638592,2136735744,2528795069
2140143616,2139095040,2139095040,2117074944,2130706432,2147483648,2145386496,2127560704,2133852160,2137784320,2528811065
2125463552,2143289344,2141192192,2126512128,2130706432,2149580800,2146435072,2128609280,2134114304,2138832896,2528827068
2126512128,2152726528,2154823680,2136997888,2130706432,2148532224,2145386496,2128609280,2142765056,2138308608,2528843087
2121269248,2148532224,2147483648,2131755008,2129657856,2147483648,2144337920,2126512128,2137260032,2136997888,2528859089
2124414976,2149580800,2151677952,2129657856,2128609280,2147483648,2144337920,2126512128,2138832896,2136735744,2528875089
2132803584,2138046464,2135949312,2121269248,2128609280,2146435072,2144337920,2125463552,2132017152,2136211456,2528891089
2125463552,2151677952,2155872256,2134900736,2130706432,2147483648,2145386496,2126512128,2141978624,2137522176,2528907111
2126512128,2156920832,2160066560,2141192192,2130706432,2148532224,2146435072,2128609280,2146172928,2138570752,2528923111
2146435072,2143289344,2140143616,2120220672,2130706432,2148532224,2146435072,2128609280,2137522176,2138570752,2528940002
2125463552,2154823680,2159017984,2135949312,2129657856,2148532224,2145386496,2127560704,2143813632,2137784320,2528956003
2142240768,2141192192,2135949312,2118123520,2129657856,2146435072,2143289344,2125463552,2134376448,2136211456,2528972003
2136997888,2141192192,2134900736,2122317824,2129657856,2147483648,2145386496,2126512128,2133852160,2137260032,2528988026
2121269248,2159017984,2153775104,2138046464,2129657856,2148532224,2145386496,2127560704,2143027200,2137784320,2529004025
2140143616,2143289344,2138046464,2122317824,2130706432,2148532224,2145386496,2128609280,2135949312,2138308608,2529020025
2127560704,2156920832,2156920832,2136997888,2130706432,2148532224,2146435072,2128609280,2144600064,2138570752,2529036025
2129657856,2161115136,2156920832,2136997888,2130706432,2147483648,2145386496,2127560704,2146172928,2137784320,2529052048
2136997888,2153775104,2146435072,2125463552,2129657856,2146435072,2144337920,2126512128,2140667904,2136735744,2529068047
2121269248,2147483648,2139095040,2130706432,2129657856,2145386496,2144337920,2124414976,2134638592,2135949312,2529084050
2127560704,2151677952,2156920832,2128609280,2129657856,2147483648,2144337920,2127560704,2141192192,2137260032,2529100049
2123366400,2147483648,2143289344,2130706432,2129657856,2148532224,2146435072,2128609280,2136211456,2138308608,2529116068
2141192192,2140143616,2140143616,2121269248,2130706432,2147483648,2145386496,2127560704,2135687168,2137784320,2529132069
2142240768,2146435072,2138046464,2124414976,2130706432,2148532224,2145386496,2128609280,2137784320,2138308608,2529148069
2129657856,2160066560,2150629376,2131755008,2128609280,2147483648,2145386496,2126512128,2143027200,2136997888,2529164070
2120220672,2154823680,2149580800,2135949312,2128609280,2146435072,2144337920,2125463552,2140143616,2136211456,2529180091
2127560704,2152726528,2153775104,2129657856,2129657856,2147483648,2144337920,2126512128,2140930048,2136997888,2529196088
2136997888,2154823680,2139095040,2129657856,2130706432,2147483648,2144337920,2128609280,2140143616,2137784320,2529212092
2138046464,2138046464,2140143616,2121269248,2130706432,2148532224,2146435072,2128609280,2134376448,2138570752,2529228090
2124414976,2160066560,2150629376,2141192192,2130706432,2148532224,2145386496,2128609280,2144075776,2138308608,2529244112
2127560704,2150629376,2156920832,2134900736,2129657856,2147483648,2145386496,2127560704,2142502912,2137522176,2529260110
2126512128,2155872256,2155872256,2131755008,2128609280,2146435072,2144337920,2126512128,2142502912,2136473600,2529277004
2122317824,2160066560,2147483648,2139095040,2129657856,2147483648,2143289344,2126512128,2142240768,2136735744,2529293003
2142240768,2152726528,2138046464,2123366400,2130706432,2148532224,2145386496,2127560704,2139095040,2138046464,2529309004
2134900736,2143289344,2142240768,2122317824,2130706432,2148532224,2146435072,2128609280,2135687168,2138570752,2529325003
2128609280,2157969408,2156920832,2135949312,2130706432,2148532224,2146435072,2128609280,2144862208,2138570752,2529341028
2123366400,2142240768,2135949312,2125463552,2129657856,2147483648,2145386496,2127560704,2131755008,2137522176,2529357026
2132803584,2141192192,2150629376,2119172096,2128609280,2147483648,2144337920,2126512128,2135949312,2136735744,2529373026
2122317824,2151677952,2147483648,2139095040,2128609280,2146435072,2144337920,2126512128,2140143616,2136473600,2529389025
2138046464,2139095040,2138046464,2117074944,2129657856,2147483648,2145386496,2127560704,2133065728,2137522176,2529405048
2136997888,2146435072,2154823680,2123366400,2130706432,2148532224,2146435072,2128609280,2140405760,2138570752,2529421049
2125463552,2159017984,2156920832,2136997888,2130706432,2148532224,2146435072,2129657856,2144600064,2138832896,2529437048
2123366400,2159017984,2153775104,2144337920,2129657856,2148532224,2145386496,2127560704,2145124352,2137784320,2529453049
2123366400,2147483648,2155872256,2129657856,2128609280,2146435072,2144337920,2126512128,2139095040,2136473600,2529469069
2140143616,2138046464,2135949312,2119172096,2128609280,2146435072,2144337920,2126512128,2133327872,2136473600,2529485069
2130706432,2154823680,2150629376,2133852160,2129657856,2147483648,2144337920,2126512128,2142502912,2136997888,2529501070
2135949312,2140143616,2136997888,2122317824,2131755008,2147483648,2145386496,2127560704,2133852160,2138046464,2529517067
2122317824,2144337920,2147483648,2125463552,2131755008,2148532224,2146435072,2128609280,2134900736,2138832896,2529533091
2124414976,2147483648,2148532224,2129657856,2130706432,2147483648,2146435072,2128609280,2137522176,2138308608,2529549091
2133852160,2138046464,2141192192,2117074944,2129657856,2147483648,2145386496,2126512128,2132541440,2137260032,2529565092
2141192192,2142240768,2135949312,2120220672,2129657856,2146435072,2143289344,2125463552,2134900736,2136211456,2529581088
2129657856,2140143616,2141192192,2121269248,2129657856,2147483648,2144337920,2127560704,2133065728,2137260032,2529597112
2127560704,2151677952,2155872256,2132803584,2129657856,2148532224,2145386496,2127560704,2141978624,2137784320,2529614004
2141192192,2142240768,2140143616,2121269248,2130706432,2148532224,2145386496,2128609280,2136211456,2138308608,2529630004
2140143616,2151677952,2144337920,2131755008,2129657856,2147483648,2145386496,2128609280,2141978624,2137784320,2529646003
2132803584,2152726528,2153775104,2136997888,2129657856,2147483648,2145386496,2127560704,2144075776,2137522176,2529662004
2125463552,2143289344,2142240768,2122317824,2129657856,2146435072,2143289344,2125463552,2133327872,2136211456,2529678025
2138046464,2138046464,2136997888,2120220672,2129657856,2146435072,2143289344,2126512128,2133327872,2136473600,2529694026
2122317824,2150629376,2147483648,2133852160,2130706432,2148532224,2145386496,2127560704,2138570752,2138046464,2529710024
2124414976,2151677952,2151677952,2134900736,2131755008,2148532224,2146435072,2129657856,2140667904,2139095040,2529726026
2122317824,2155872256,2152726528,2138046464,2129657856,2147483648,2145386496,2127560704,2142240768,2137522176,2529742047
2121269248,2154823680,2147483648,2141192192,2130706432,2147483648,2144337920,2126512128,2141192192,2137260032,2529758049
2126512128,2153775104,2152726528,2134900736,2128609280,2146435072,2143289344,2126512128,2141978624,2136211456,2529774048
2132803584,2140143616,2135949312,2119172096,2128609280,2146435072,2144337920,2125463552,2132017152,2136211456,2529790048
2131755008,2140143616,2136997888,2121269248,2129657856,2147483648,2144337920,2127560704,2132541440,2137260032,2529806070
2142240768,2143289344,2141192192,2122317824,2130706432,2147483648,2145386496,2128609280,2137260032,2138046464,2529822069
2125463552,2145386496,2144337920,2128609280,2130706432,2148532224,2146435072,2128609280,2135949312,2138570752,2529838067
2124414976,2143289344,2148532224,2126512128,2129657856,2147483648,2145386496,2128609280,2135687168,2137784320,2529854070
2135949312,2150629376,2146435072,2128609280,2128609280,2147483648,2144337920,2126512128,2140405760,2136735744,2529870090
2129657856,2141192192,2138046464,2121269248,2129657856,2146435072,2144337920,2126512128,2132541440,2136735744,2529886089
2125463552,2140143616,2136997888,2121269248,2129657856,2147483648,2145386496,2126512128,2130968576,2137260032,2529902089
2127560704,2140143616,2140143616,2121269248,2130706432,2147483648,2145386496,2127560704,2132279296,2137784320,2529918091
2123366400,2151677952,2147483648,2136997888,2130706432,2149580800,2146435072,2129657856,2139881472,2139095040,2529934112
2139095040,2146435072,2146435072,2120220672,2130706432,2147483648,2144337920,2127560704,2138046464,2137522176,2529950111
2125463552,2157969408,2155872256,2129657856,2129657856,2147483648,2144337920,2126512128,2142240768,2136997888,2529967004
2139095040,2139095040,2136997888,2117074944,2129657856,2146435072,2144337920,2125463552,2133065728,2136473600,2529983004
2131755008,2138046464,2140143616,2120220672,2129657856,2146435072,2144337920,2126512128,2132541440,2136735744,2529999004
2138046464,2142240768,2136997888,2122317824,2130706432,2148532224,2145386496,2128609280,2134900736,2138308608,2530015026
2133852160,2143289344,2139095040,2122317824,2130706432,2148532224,2146435072,2128609280,2134638592,2138570752,2530031027
2125463552,2149580800,2148532224,2128609280,2130706432,2148532224,2146435072,2128609280,2138046464,2138570752,2530047026
2134900736,2155872256,2145386496,2129657856,2128609280,2147483648,2144337920,2126512128,2141454336,2136735744,2530063026
2133852160,2140143616,2138046464,2121269248,2128609280,2146435072,2143289344,2125463552,2133327872,2135949312,2530079049
2121269248,2161115136,2151677952,2140143616,2128609280,2147483648,2144337920,2127560704,2143551488,2136997888,2530095047
2132803584,2154823680,2151677952,2125463552,2129657856,2147483648,2145386496,2127560704,2141192192,2137522176,2530111050
2123366400,2149580800,2141192192,2132803584,2131755008,2148532224,2145386496,2128609280,2136735744,2138570752,2530127048
2142240768,2140143616,2141192192,2121269248,2130706432,2148532224,2145386496,2127560704,2136211456,2138046464,2530143069
2123366400,2149580800,2153775104,2130706432,2129657856,2147483648,2144337920,2126512128,2139357184,2136997888,2530159069
2121269248,2147483648,2143289344,2132803584,2129657856,2146435072,2144337920,2125463552,2136211456,2136473600,2530175070
2121269248,2147483648,2143289344,2130706432,2129657856,2145386496,2143289344,2125463552,2135687168,2135949312,2530191068
2124414976,2152726528,2153775104,2135949312,2130706432,2147483648,2145386496,2127560704,2141716480,2137784320,2530207092
2133852160,2157969408,2152726528,2133852160,2130706432,2148532224,2146435072,2128609280,2144600064,2138570752,2530223090
2132803584,2154823680,2152726528,2131755008,2131755008,2148532224,2145386496,2128609280,2143027200,2138570752,2530239093
2124414976,2145386496,2147483648,2128609280,2129657856,2147483648,2146435072,2126512128,2136473600,2137522176,2530255093
2122317824,2143289344,2141192192,2124414976,2129657856,2146435072,2144337920,2126512128,2132803584,2136735744,2530271112
2121269248,2154823680,2149580800,2138046464,2128609280,2146435072,2144337920,2126512128,2140930048,2136473600,2530287110
2122317824,2149580800,2141192192,2132803584,2129657856,2147483648,2144337920,2126512128,2136473600,2136997888,2530304001
2144337920,2141192192,2138046464,2122317824,2129657856,2148532224,2146435072,2129657856,2136473600,2138570752,2530320001
2130706432,2152726528,2155872256,2136997888,2129657856,2148532224,2146435072,2129657856,2144075776,2138570752,2530336001
2138046464,2138046464,2139095040,2122317824,2129657856,2147483648,2145386496,2127560704,2134376448,2137522176,2530352000
2123366400,2159017984,2155872256,2138046464,2129657856,2147483648,2144337920,2125463552,2144075776,2136735744,2530368025
2135949312,2140143616,2138046464,2118123520,2128609280,2147483648,2144337920,2126512128,2133065728,2136735744,2530384025
2128609280,2154823680,2154823680,2133852160,2129657856,2147483648,2144337920,2126512128,2143027200,2136997888,2530400025
2123366400,2142240768,2140143616,2125463552,2130706432,2148532224,2144337920,2127560704,2132803584,2137784320,2530416026
2131755008,2160066560,2155872256,2133852160,2130706432,2148532224,2147483648,2128609280,2145386496,2138832896,2530432048
2128609280,2155872256,2155872256,2135949312,2130706432,2148532224,2145386496,2127560704,2144075776,2138046464,2530448049
2140143616,2141192192,2139095040,2122317824,2129657856,2147483648,2144337920,2126512128,2135687168,2136997888,2530464047
2121269248,2145386496,2143289344,2128609280,2128609280,2146435072,2144337920,2126512128,2134638592,2136473600,2530480048
2136997888,2141192192,2136997888,2120220672,2129657856,2147483648,2143289344,2126512128,2133852160,2136735744,2530496068
2134900736,2138046464,2136997888,2120220672,2129657856,2147483648,2145386496,2127560704,2132541440,2137522176,2530512068
2125463552,2142240768,2140143616,2123366400,2130706432,2149580800,2146435072,2128609280,2132803584,2138832896,2530528069
2133852160,2141192192,2138046464,2124414976,2130706432,2149580800,2145386496,2129657856,2134376448,2138832896,2530544068
2122317824,2149580800,2147483648,2130706432,2129657856,2147483648,2144337920,2126512128,2137522176,2136997888,2530560091
2133852160,2141192192,2140143616,2118123520,2128609280,2147483648,2144337920,2126512128,2133327872,2136735744,2530576091
2136997888,2146435072,2150629376,2121269248,2129657856,2146435072,2144337920,2126512128,2138832896,2136735744,2530592090
2124414976,2142240768,2142240768,2126512128,2130706432,2146435072,2145386496,2126512128,2133852160,2137260032,2530608091
2125463552,2156920832,2156920832,2138046464,2130706432,2148532224,2146435072,2127560704,2144337920,2138308608,2530624110
2139095040,2143289344,2141192192,2121269248,2130706432,2148532224,2145386496,2128609280,2136211456,2138308608,2530641001
2140143616,2139095040,2139095040,2120220672,2129657856,2147483648,2145386496,2127560704,2134638592,2137522176,2530657001
2135949312,2141192192,2135949312,2119172096,2129657856,2146435072,2144337920,2125463552,2133065728,2136473600,2530673001
2127560704,2152726528,2154823680,2133852160,2128609280,2147483648,2144337920,2126512128,2142240768,2136735744,2530689001
2141192192,2142240768,2141192192,2122317824,2129657856,2147483648,2145386496,2127560704,2136735744,2137522176,2530705026
2124414976,2163212288,2160066560,2140143616,2130706432,2147483648,2146435072,2127560704,2146959360,2138046464,2530721026
2123366400,2162163712,2149580800,2143289344,2130706432,2148532224,2146435072,2128609280,2144600064,2138570752,2530737025
2144337920,2141192192,2139095040,2120220672,2130706432,2146435072,2145386496,2126512128,2136211456,2137260032,2530753027
2140143616,2140143616,2138046464,2119172096,2129657856,2145386496,2144337920,2124414976,2134376448,2135949312,2530769049
2122317824,2147483648,2145386496,2129657856,2129657856,2147483648,2144337920,2125463552,2136211456,2136735744,2530785049
2121269248,2154823680,2151677952,2135949312,2130706432,2147483648,2144337920,2126512128,2140930048,2137260032,2530801047
2123366400,2147483648,2140143616,2130706432,2130706432,2148532224,2146435072,2128609280,2135425024,2138570752,2530817048
2129657856,2142240768,2143289344,2124414976,2129657856,2148532224,2145386496,2128609280,2134900736,2138046464,2530833072
2144337920,2141192192,2140143616,2119172096,2129657856,2148532224,2145386496,2128609280,2136211456,2138046464,2530849069
2132803584,2152726528,2148532224,2133852160,2130706432,2146435072,2144337920,2125463552,2141978624,2136735744,2530865069
2135949312,2141192192,2142240768,2117074944,2128609280,2146435072,2144337920,2125463552,2134114304,2136211456,2530881070
2127560704,2140143616,2136997888,2121269248,2128609280,2146435072,2144337920,2126512128,2131492864,2136473600,2530897093
2127560704,2156920832,2157969408,2135949312,2130706432,2148532224,2145386496,2128609280,2144600064,2138308608,2530913093
2124414976,2163212288,2155872256,2138046464,2130706432,2149580800,2145386496,2130706432,2145386496,2139095040,2530929092
2139095040,2143289344,2144337920,2124414976,2129657856,2148532224,2145386496,2128609280,2137784320,2138046464,2530945090
2129657856,2156920832,2152726528,2131755008,2129657856,2148532224,2145386496,2127560704,2142765056,2137784320,2530961110
2135949312,2138046464,2138046464,2118123520,2129657856,2146435072,2143289344,2125463552,2132541440,2136211456,2530977113
2138046464,2140143616,2140143616,2119172096,2129657856,2147483648,2144337920,2126512128,2134376448,2136997888,2530994001
2129657856,2157969408,2154823680,2134900736,2129657856,2148532224,2145386496,2127560704,2144337920,2137784320,2531010001
2125463552,2159017984,2160066560,2139095040,2130706432,2148532224,2146435072,2128609280,2145910784,2138570752,2531026001
2130706432,2152726528,2154823680,2128609280,2130706432,2147483648,2146435072,2128609280,2141716480,2138308608,2531042027
2127560704,2154823680,2157969408,2136997888,2129657856,2147483648,2145386496,2126512128,2144337920,2137260032,2531058026
2122317824,2157969408,2153775104,2135949312,2128609280,2147483648,2143289344,2126512128,2142502912,2136473600,2531074028
2121269248,2147483648,2147483648,2130706432,2128609280,2147483648,2144337920,2126512128,2136735744,2136735744,2531090028
2122317824,2147483648,2141192192,2130706432,2129657856,2147483648,2144337920,2127560704,2135425024,2137260032,2531106049
2124414976,2145386496,2149580800,2127560704,2130706432,2148532224,2146435072,2128609280,2136735744,2138570752,2531122047
2134900736,2138046464,2139095040,2123366400,2129657856,2148532224,2146435072,2128609280,2133852160,2138308608,2531138048
2136997888,2153775104,2140143616,2123366400,2129657856,2147483648,2145386496,2127560704,2138570752,2137522176,2531154049
2130706432,2155872256,2150629376,2130706432,2129657856,2147483648,2144337920,2126512128,2141978624,2136997888,2531170071
2131755008,2140143616,2138046464,2122317824,2128609280,2147483648,2144337920,2125463552,2133065728,2136473600,2531186069
2123366400,2145386496,2140143616,2128609280,2129657856,2146435072,2145386496,2126512128,2134376448,2136997888,2531202070
2122317824,2149580800,2147483648,2134900736,2130706432,2148532224,2145386496,2128609280,2138570752,2138308608,2531218071
2135949312,2157969408,2146435072,2130706432,2130706432,2148532224,2146435072,2128609280,2142765056,2138570752,2531234091
2134900736,2144337920,2139095040,2124414976,2130706432,2148532224,2145386496,2127560704,2135687168,2138046464,2531250089
2124414976,2142240768,2135949312,2126512128,2129657856,2146435072,2144337920,2126512128,2132279296,2136735744,2531266093
2122317824,2159017984,2153775104,2138046464,2128609280,2146435072,2144337920,2125463552,2143289344,2136211456,2531282090
2120220672,2164260864,2147483648,2143289344,2128609280,2147483648,2145386496,2126512128,2143813632,2136997888,2531298111
2134900736,2159017984,2148532224,2134900736,2129657856,2148532224,2145386496,2128609280,2144337920,2138046464,2531314109
2143289344,2140143616,2139095040,2121269248,2129657856,2149580800,2146435072,2129657856,2135949312,2138832896,2531331001
2139095040,2146435072,2150629376,2124414976,2130706432,2148532224,2145386496,2127560704,2140143616,2138046464,2531347001
2123366400,2148532224,2147483648,2128609280,2129657856,2148532224,2144337920,2127560704,2136997888,2137522176,2531363001
2134900736,2150629376,2146435072,2132803584,2129657856,2146435072,2143289344,2125463552,2141192192,2136211456,2531379001
2130706432,2154823680,2154823680,2125463552,2129657856,2147483648,2144337920,2125463552,2141454336,2136735744,2531395027
2130706432,2160066560,2151677952,2134900736,2129657856,2148532224,2146435072,2128609280,2144337920,2138308608,2531411026
2135949312,2143289344,2141192192,2119172096,2130706432,2148532224,2146435072,2128609280,2134900736,2138570752,2531427026
2124414976,2155872256,2142240768,2139095040,2130706432,2148532224,2146435072,2128609280,2140405760,2138570752,2531443025
2134900736,2138046464,2135949312,2120220672,2129657856,2147483648,2144337920,2127560704,2132279296,2137260032,2531459049
2129657856,2142240768,2138046464,2122317824,2128609280,2146435072,2145386496,2125463552,2133065728,2136473600,2531475047
2122317824,2155872256,2153775104,2134900736,2128609280,2147483648,2144337920,2126512128,2141716480,2136735744,2531491050
2140143616,2142240768,2142240768,2121269248,2130706432,2147483648,2144337920,2127560704,2136473600,2137522176,2531507046
2122317824,2149580800,2147483648,2134900736,2130706432,2148532224,2146435072,2127560704,2138570752,2138308608,2531523069
2139095040,2153775104,2154823680,2131755008,2130706432,2147483648,2146435072,2127560704,2144862208,2138046464,2531539070
2122317824,2164260864,2153775104,2139095040,2130706432,2147483648,2145386496,2127560704,2144862208,2137784320,2531555071
2132803584,2142240768,2139095040,2120220672,2128609280,2146435072,2144337920,2125463552,2133590016,2136211456,2531571068
2123366400,2159017984,2154823680,2138046464,2128609280,2147483648,2143289344,2126512128,2143813632,2136473600,2531587091
2136997888,2139095040,2136997888,2117074944,2129657856,2147483648,2145386496,2127560704,2132541440,2137522176,2531603092
2136997888,2152726528,2148532224,2125463552,2129657856,2148532224,2146435072,2128609280,2140930048,2138308608,2531619091
2123366400,2155872256,2150629376,2139095040,2130706432,2149580800,2146435072,2128609280,2142240768,2138832896,2531635088
2125463552,2155872256,2157969408,2139095040,2130706432,2147483648,2145386496,2128609280,2144600064,2138046464,2531651113
2121269248,2154823680,2152726528,2138046464,2128609280,2146435072,2144337920,2126512128,2141716480,2136473600,2531668001
2130706432,2155872256,2153775104,2130706432,2128609280,2145386496,2143289344,2124414976,2142765056,2135425024,2531684001
2131755008,2141192192,2141192192,2119172096,2129657856,2147483648,2144337920,2126512128,2133327872,2136997888,2531700000
2141192192,2141192192,2144337920,2119172096,2129657856,2147483648,2146435072,2128609280,2136473600,2138046464,2531716001
2123366400,2148532224,2149580800,2134900736,2130706432,2148532224,2146435072,2128609280,2139095040,2138570752,2531732027
2138046464,2143289344,2141192192,2122317824,2129657856,2147483648,2145386496,2127560704,2136211456,2137522176,2531748023
2133852160,2141192192,2139095040,2121269248,2129657856,2147483648,2145386496,2126512128,2133852160,2137260032,2531764022
2138046464,2138046464,2138046464,2120220672,2128609280,2147483648,2144337920,2126512128,2133590016,2136735744,2531780023
2129657856,2141192192,2136997888,2119172096,2129657856,2147483648,2144337920,2126512128,2131755008,2136997888,2531796048
2124414976,2142240768,2147483648,2126512128,2129657856,2147483648,2145386496,2128609280,2135162880,2137784320,2531812048
2141192192,2150629376,2153775104,2128609280,2131755008,2147483648,2145386496,2127560704,2143551488,2138046464,2531828048
2135949312,2143289344,2141192192,2122317824,2130706432,2147483648,2146435072,2127560704,2135687168,2138046464,2531844047
2140143616,2143289344,2144337920,2122317824,2129657856,2148532224,2144337920,2127560704,2137522176,2137522176,2531860071
2121269248,2155872256,2148532224,2139095040,2129657856,2146435072,2144337920,2125463552,2141192192,2136473600,2531876069
2133852160,2142240768,2139095040,2120220672,2128609280,2147483648,2144337920,2126512128,2133852160,2136735744,2531892069
2128609280,2153775104,2155872256,2129657856,2130706432,2148532224,2145386496,2127560704,2141978624,2138046464,2531908068
2124414976,2157969408,2153775104,2141192192,2130706432,2148532224,2146435072,2129657856,2144337920,2138832896,2531924090
2124414976,2160066560,2156920832,2143289344,2131755008,2147483648,2145386496,2128609280,2146172928,2138308608,2531940089
2140143616,2142240768,2138046464,2123366400,2130706432,2147483648,2145386496,2126512128,2135949312,2137522176,2531956087
2127560704,2140143616,2140143616,2121269248,2128609280,2146435072,2144337920,2126512128,2132279296,2136473600,2531972090
2131755008,2138046464,2140143616,2120220672,2129657856,2147483648,2144337920,2127560704,2132541440,2137260032,2531988112
2131755008,2151677952,2151677952,2133852160,2128609280,2147483648,2144337920,2127560704,2142240768,2136997888,2532004110
2122317824,2160066560,2154823680,2140143616,2130706432,2148532224,2146435072,2129657856,2144337920,2138832896,2532021001
2140143616,2142240768,2142240768,2122317824,2130706432,2148532224,2145386496,2128609280,2136735744,2138308608,2532037001
2126512128,2142240768,2141192192,2126512128,2130706432,2146435072,2145386496,2126512128,2134114304,2137260032,2532053001
2141192192,2154823680,2146435072,2127560704,2129657856,2146435072,2144337920,2125463552,2142502912,2136473600,2532069024
2143289344,2139095040,2139095040,2117074944,2129657856,2146435072,2144337920,2126512128,2134638592,2136735744,2532085023
2133852160,2140143616,2138046464,2122317824,2129657856,2147483648,2144337920,2127560704,2133590016,2137260032,2532101023
2128609280,2160066560,2160066560,2135949312,2130706432,2148532224,2146435072,2128609280,2146172928,2138570752,2532117024
2133852160,2144337920,2136997888,2126512128,2130706432,2148532224,2145386496,2129657856,2135425024,2138570752,2532133047
2132803584,2154823680,2150629376,2134900736,2130706432,2148532224,2145386496,2128609280,2143289344,2138308608,2532149046
2122317824,2149580800,2142240768,2133852160,2129657856,2146435072,2144337920,2126512128,2136997888,2136735744,2532165047
2121269248,2143289344,2147483648,2123366400,2129657856,2146435072,2143289344,2125463552,2133852160,2136211456,2532181048
2130706432,2160066560,2154823680,2135949312,2129657856,2147483648,2144337920,2126512128,2145386496,2136997888,2532197070
2140143616,2142240768,2136997888,2121269248,2130706432,2148532224,2145386496,2127560704,2135162880,2138046464,2532213068
2122317824,2147483648,2145386496,2130706432,2131755008,2148532224,2146435072,2128609280,2136473600,2138832896,2532229070
2138046464,2143289344,2139095040,2123366400,2130706432,2148532224,2146435072,2128609280,2135949312,2138570752,2532245069
2123366400,2143289344,2143289344,2123366400,2129657856,2147483648,2145386496,2126512128,2133327872,2137260032,2532261090
2138046464,2138046464,2135949312,2117074944,2129657856,2146435072,2143289344,2125463552,2132279296,2136211456,2532277088
2136997888,2138046464,2135949312,2121269248,2129657856,2146435072,2143289344,2126512128,2133065728,2136473600,2532293091
2123366400,2151677952,2145386496,2139095040,2129657856,2148532224,2145386496,2128609280,2139881472,2138046464,2532309091
2134900736,2153775104,2142240768,2123366400,2130706432,2148532224,2146435072,2127560704,2138570752,2138308608,2532325112
2140143616,2143289344,2140143616,2122317824,2130706432,2148532224,2146435072,2127560704,2136473600,2138308608,2532341109
2141192192,2143289344,2146435072,2119172096,2129657856,2147483648,2144337920,2127560704,2137522176,2137260032,2532358001
2141192192,2156920832,2141192192,2128609280,2129657856,2146435072,2144337920,2125463552,2141978624,2136473600,2532374001
2138046464,2138046464,2138046464,2118123520,2129657856,2147483648,2144337920,2125463552,2133065728,2136735744,2532390001
2121269248,2154823680,2148532224,2138046464,2129657856,2147483648,2146435072,2127560704,2140667904,2137784320,2532406000
2121269248,2160066560,2147483648,2145386496,2130706432,2148532224,2145386496,2128609280,2143551488,2138308608,2532422023
2132803584,2141192192,2138046464,2123366400,2130706432,2148532224,2146435072,2128609280,2133852160,2138570752,2532438023
2124414976,2150629376,2155872256,2133852160,2129657856,2146435072,2145386496,2126512128,2141192192,2136997888,2532454023
2125463552,2157969408,2155872256,2139095040,2129657856,2146435072,2144337920,2126512128,2144600064,2136735744,2532470022
2133852160,2152726528,2146435072,2124414976,2129657856,2145386496,2144337920,2124414976,2139357184,2135949312,2532486047
2138046464,2141192192,2138046464,2120220672,2129657856,2147483648,2145386496,2126512128,2134376448,2137260032,2532502049
2127560704,2140143616,2140143616,2123366400,2129657856,2148532224,2145386496,2128609280,2132803584,2138046464,2532518047
2132803584,2141192192,2139095040,2126512128,2130706432,2149580800,2146435072,2129657856,2134900736,2139095040,2532534047
2129657856,2141192192,2140143616,2122317824,2130706432,2147483648,2146435072,2127560704,2133327872,2138046464,2532550069
2133852160,2139095040,2134900736,2119172096,2129657856,2146435072,2144337920,2126512128,2131755008,2136735744,2532566069
2123366400,2143289344,2139095040,2124414976,2129657856,2146435072,2144337920,2125463552,2132541440,2136473600,2532582070
2130706432,2154823680,2152726528,2131755008,2129657856,2148532224,2145386496,2127560704,2142502912,2137784320,2532598069
2126512128,2156920832,2154823680,2138046464,2130706432,2149580800,2145386496,2128609280,2144075776,2138570752,2532614092
2132803584,2140143616,2138046464,2121269248,2130706432,2148532224,2146435072,2128609280,2133065728,2138570752,2532630090
2141192192,2146435072,2139095040,2126512128,2130706432,2148532224,2145386496,2127560704,2138308608,2138046464,2532646091
2128609280,2153775104,2152726528,2134900736,2129657856,2148532224,2145386496,2126512128,2142502912,2137522176,2532662088
2122317824,2147483648,2152726528,2126512128,2129657856,2147483648,2144337920,2126512128,2137260032,2136997888,2532678115
2136997888,2139095040,2135949312,2120220672,2129657856,2147483648,2144337920,2126512128,2133065728,2136997888,2532695001
2138046464,2151677952,2151677952,2123366400,2130706432,2147483648,2145386496,2127560704,2141192192,2137784320,2532711001
2136997888,2143289344,2142240768,2121269248,2130706432,2149580800,2146435072,2128609280,2135949312,2138832896,2532727001
2123366400,2145386496,2148532224,2129657856,2130706432,2148532224,2145386496,2128609280,2136735744,2138308608,2532743001
2135949312,2146435072,2150629376,2123366400,2129657856,2146435072,2145386496,2126512128,2139095040,2136997888,2532759023
2127560704,2143289344,2144337920,2122317824,2129657856,2146435072,2144337920,2125463552,2134376448,2136473600,2532775024
2130706432,2141192192,2143289344,2118123520,2129657856,2146435072,2144337920,2125463552,2133327872,2136473600,2532791023
2142240768,2138046464,2138046464,2119172096,2129657856,2147483648,2145386496,2128609280,2134376448,2137784320,2532807024
2130706432,2157969408,2153775104,2131755008,2130706432,2149580800,2146435072,2128609280,2143551488,2138832896,2532823049
2133852160,2146435072,2149580800,2125463552,2131755008,2147483648,2145386496,2127560704,2138832896,2138046464,2532839047
2144337920,2142240768,2140143616,2121269248,2130706432,2147483648,2145386496,2126512128,2136997888,2137522176,2532855046
2139095040,2151677952,2140143616,2121269248,2129657856,2147483648,2144337920,2126512128,2138046464,2136997888,2532871049
2122317824,2147483648,2147483648,2130706432,2129657856,2146435072,2144337920,2125463552,2136997888,2136473600,2532887070
2126512128,2160066560,2151677952,2141192192,2128609280,2147483648,2145386496,2127560704,2144862208,2137260032,2532903069
2126512128,2157969408,2155872256,2139095040,2131755008,2148532224,2145386496,2128609280,2144862208,2138570752,2532919069
2140143616,2153775104,2138046464,2127560704,2130706432,2148532224,2146435072,2128609280,2139881472,2138570752,2532935070
2132803584,2141192192,2139095040,2127560704,2130706432,2147483648,2144337920,2127560704,2135162880,2137522176,2532951091
2130706432,2141192192,2140143616,2122317824,2129657856,2146435072,2144337920,2125463552,2133590016,2136473600,2532967089
2138046464,2140143616,2136997888,2117074944,2129657856,2145386496,2143289344,2125463552,2133065728,2135949312,2532983089
2136997888,2143289344,2136997888,2120220672,2129657856,2146435072,2144337920,2126512128,2134376448,2136735744,2532999091
2122317824,2141192192,2141192192,2123366400,2130706432,2147483648,2145386496,2127560704,2132017152,2137784320,2533015111
2123366400,2143289344,2140143616,2125463552,2130706432,2149580800,2146435072,2129657856,2133065728,2139095040,2533031112
2125463552,2145386496,2141192192,2126512128,2129657856,2148532224,2145386496,2128609280,2134638592,2138046464,2533048001
2134900736,2138046464,2136997888,2121269248,2128609280,2146435072,2144337920,2125463552,2132803584,2136211456,2533064001
2138046464,2144337920,2135949312,2119172096,2129657856,2146435072,2144337920,2125463552,2134376448,2136473600,2533080001
2135949312,2141192192,2142240768,2122317824,2129657856,2146435072,2145386496,2126512128,2135425024,2136997888,2533096023
2122317824,2147483648,2141192192,2131755008,2129657856,2148532224,2145386496,2127560704,2135687168,2137784320,2533112023
2133852160,2144337920,2138046464,2123366400,2131755008,2148532224,2146435072,2129657856,2134900736,2139095040,2533128022
2126512128,2160066560,2155872256,2140143616,2130706432,2147483648,2145386496,2127560704,2145648640,2137784320,2533144023
2124414976,2147483648,2147483648,2130706432,2130706432,2147483648,2144337920,2127560704,2137522176,2137522176,2533160048
2123366400,2154823680,2154823680,2136997888,2129657856,2146435072,2143289344,2125463552,2142502912,2136211456,2533176047
2121269248,2140143616,2142240768,2121269248,2128609280,2147483648,2144337920,2126512128,2131230720,2136735744,2533192049
2135949312,2138046464,2135949312,2120220672,2130706432,2147483648,2144337920,2127560704,2132541440,2137522176,2533208048
2124414976,2145386496,2145386496,2128609280,2130706432,2148532224,2146435072,2128609280,2135949312,2138570752,2533224069
2123366400,2151677952,2147483648,2136997888,2131755008,2148532224,2145386496,2128609280,2139881472,2138570752,2533240069
2138046464,2142240768,2139095040,2120220672,2129657856,2147483648,2145386496,2127560704,2134900736,2137522176,2533256070
2129657856,2139095040,2138046464,2119172096,2129657856,2146435072,2144337920,2126512128,2131492864,2136735744,2533272069
2129657856,2140143616,2135949312,2121269248,2128609280,2147483648,2145386496,2126512128,2131755008,2136997888,2533288092
2134900736,2150629376,2154823680,2127560704,2129657856,2148532224,2145386496,2127560704,2141978624,2137784320,2533304090
2138046464,2142240768,2146435072,2123366400,2130706432,2148532224,2146435072,2129657856,2137522176,2138832896,2533320090
2144337920,2153775104,2139095040,2130706432,2130706432,2148532224,2145386496,2129657856,2141978624,2138570752,2533336089
2134900736,2139095040,2141192192,2119172096,2129657856,2148532224,2146435072,2127560704,2133590016,2138046464,2533352114
2124414976,2152726528,2147483648,2138046464,2128609280,2146435072,2144337920,2126512128,2140667904,2136473600,2533368111
2121269248,2143289344,2147483648,2126512128,2128609280,2146435072,2144337920,2126512128,2134638592,2136473600,2533385001
2121269248,2147483648,2151677952,2130706432,2130706432,2147483648,2144337920,2126512128,2137784320,2137260032,2533401001
2123366400,2149580800,2147483648,2134900736,2129657856,2148532224,2146435072,2128609280,2138832896,2138308608,2533417001
2138046464,2141192192,2138046464,2122317824,2130706432,2148532224,2146435072,2128609280,2134900736,2138570752,2533433000
2140143616,2140143616,2139095040,2121269248,2129657856,2147483648,2146435072,2128609280,2135162880,2138046464,2533449024
2124414976,2142240768,2139095040,2124414976,2129657856,2147483648,2144337920,2126512128,2132541440,2136997888,2533465023
2134900736,2141192192,2133852160,2122317824,2129657856,2147483648,2143289344,2125463552,2133065728,2136473600,2533481023
2125463552,2143289344,2139095040,2124414976,2129657856,2147483648,2143289344,2126512128,2133065728,2136735744,2533497023
2123366400,2155872256,2143289344,2139095040,2130706432,2148532224,2145386496,2128609280,2140405760,2138308608,2533513046
2136997888,2143289344,2146435072,2121269248,2130706432,2148532224,2146435072,2128609280,2136997888,2138570752,2533529046
2130706432,2154823680,2154823680,2134900736,2130706432,2148532224,2146435072,2128609280,2143813632,2138570752,2533545046
2135949312,2141192192,2139095040,2120220672,2130706432,2147483648,2145386496,2126512128,2134114304,2137522176,2533561045
2126512128,2150629376,2157969408,2132803584,2129657856,2146435072,2144337920,2125463552,2141978624,2136473600,2533577070
2119172096,2162163712,2148532224,2134900736,2128609280,2146435072,2144337920,2126512128,2141192192,2136473600,2533593069
2124414976,2141192192,2140143616,2124414976,2130706432,2148532224,2144337920,2127560704,2132541440,2137784320,2533609069
2124414976,2151677952,2153775104,2134900736,2131755008,2147483648,2146435072,2128609280,2141192192,2138570752,2533625069
2123366400,2162163712,2155872256,2141192192,2130706432,2148532224,2145386496,2128609280,2145648640,2138308608,2533641092
2126512128,2152726528,2154823680,2136997888,2129657856,2147483648,2145386496,2127560704,2142765056,2137522176,2533657093
2136997888,2138046464,2136997888,2117074944,2129657856,2147483648,2145386496,2126512128,2132279296,2137260032,2533673091
2134900736,2142240768,2146435072,2121269248,2129657856,2146435072,2144337920,2126512128,2136211456,2136735744,2533689089
2124414976,2165309440,2155872256,2140143616,2128609280,2148532224,2145386496,2128609280,2146435072,2137784320,2533705112
2128609280,2154823680,2157969408,2136997888,2129657856,2149580800,2147483648,2129657856,2144600064,2139095040,2533722001
2125463552,2143289344,2147483648,2123366400,2130706432,2148532224,2145386496,2128609280,2134900736,2138308608,2533738001
2145386496,2140143616,2139095040,2124414976,2129657856,2147483648,2145386496,2127560704,2137260032,2137522176,2533754001
2136997888,2153775104,2145386496,2127560704,2129657856,2146435072,2144337920,2125463552,2140930048,2136473600,2533770001
2121269248,2151677952,2147483648,2135949312,2129657856,2146435072,2144337920,2125463552,2139095040,2136473600,2533786024
2132803584,2154823680,2150629376,2126512128,2129657856,2146435072,2144337920,2126512128,2141192192,2136735744,2533802022
2129657856,2140143616,2145386496,2121269248,2130706432,2147483648,2145386496,2128609280,2134114304,2138046464,2533818022
2130706432,2146435072,2156920832,2128609280,2130706432,2149580800,2146435072,2129657856,2140667904,2139095040,2533834022
2126512128,2151677952,2155872256,2132803584,2130706432,2147483648,2145386496,2127560704,2141716480,2137784320,2533850046
2129657856,2141192192,2139095040,2122317824,2129657856,2146435072,2144337920,2125463552,2133065728,2136473600,2533866048
2136997888,2140143616,2145386496,2121269248,2129657856,2146435072,2144337920,2125463552,2135949312,2136473600,2533882043
2133852160,2149580800,2146435072,2129657856,2129657856,2148532224,2145386496,2127560704,2139881472,2137784320,2533898044
2135949312,2141192192,2139095040,2122317824,2130706432,2148532224,2145386496,2128609280,2134638592,2138308608,2533914070
2125463552,2157969408,2159017984,2138046464,2130706432,2149580800,2146435072,2128609280,2145124352,2138832896,2533930070
2123366400,2151677952,2141192192,2136997888,2130706432,2148532224,2145386496,2128609280,2138308608,2138308608,2533946068
2132803584,2153775104,2152726528,2133852160,2129657856,2147483648,2145386496,2127560704,2143289344,2137522176,2533962068
2122317824,2160066560,2152726528,2139095040,2128609280,2146435072,2143289344,2125463552,2143551488,2135949312,2533978090
2129657856,2140143616,2138046464,2119172096,2129657856,2146435072,2144337920,2126512128,2131755008,2136735744,2533994089
2121269248,2155872256,2144337920,2143289344,2130706432,2148532224,2145386496,2127560704,2141192192,2138046464,2534010089
2143289344,2143289344,2142240768,2122317824,2129657856,2148532224,2146435072,2128609280,2137784320,2138308608,2534026092
2142240768,2143289344,2140143616,2119172096,2130706432,2148532224,2145386496,2127560704,2136211456,2138046464,2534042112
2135949312,2143289344,2138046464,2123366400,2129657856,2147483648,2145386496,2127560704,2135162880,2137522176,2534058113
2139095040,2140143616,2145386496,2120220672,2128609280,2146435072,2144337920,2125463552,2136211456,2136211456,2534075001
2141192192,2139095040,2138046464,2117074944,2128609280,2147483648,2143289344,2126512128,2133852160,2136473600,2534091001
2130706432,2139095040,2139095040,2119172096,2129657856,2147483648,2145386496,2127560704,2132017152,2137522176,2534107001
2138046464,2143289344,2139095040,2122317824,2131755008,2148532224,2146435072,2128609280,2135687168,2138832896,2534123024
2135949312,2139095040,2140143616,2119172096,2130706432,2148532224,2145386496,2129657856,2133590016,2138570752,2534139024
2132803584,2146435072,2152726528,2122317824,2130706432,2147483648,2144337920,2127560704,2138570752,2137522176,2534155023
2123366400,2156920832,2154823680,2139095040,2128609280,2147483648,2144337920,2126512128,2143551488,2136735744,2534171026
2131755008,2146435072,2149580800,2119172096,2129657856,2145386496,2143289344,2125463552,2136735744,2135949312,2534187045
2124414976,2148532224,2140143616,2126512128,2129657856,2147483648,2145386496,2127560704,2134900736,2137522176,2534203044
2130706432,2156920832,2153775104,2133852160,2130706432,2148532224,2146435072,2128609280,2143813632,2138570752,2534219045
2125463552,2162163712,2161115136,2136997888,2130706432,2148532224,2146435072,2129657856,2146435072,2138832896,2534235045
2135949312,2143289344,2139095040,2126512128,2130706432,2148532224,2145386496,2128609280,2136211456,2138308608,2534251071
2132803584,2142240768,2136997888,2122317824,2129657856,2146435072,2144337920,2126512128,2133590016,2136735744,2534267069
2122317824,2153775104,2155872256,2135949312,2129657856,2146435072,2144337920,2126512128,2141978624,2136735744,2534283068
2143289344,2140143616,2139095040,2118123520,2128609280,2147483648,2144337920,2127560704,2135162880,2136997888,2534299069
2124414976,2147483648,2141192192,2133852160,2129657856,2149580800,2146435072,2128609280,2136735744,2138570752,2534315091
2138046464,2142240768,2139095040,2124414976,2129657856,2148532224,2146435072,2129657856,2135949312,2138570752,2534331089
2124414976,2145386496,2143289344,2134900736,2130706432,2148532224,2145386496,2128609280,2136997888,2138308608,2534347090
2142240768,2149580800,2142240768,2121269248,2129657856,2147483648,2144337920,2126512128,2138832896,2136997888,2534363092
2122317824,2149580800,2141192192,2128609280,2129657856,2146435072,2144337920,2125463552,2135425024,2136473600,2534379111
2125463552,2163212288,2154823680,2134900736,2128609280,2147483648,2143289344,2127560704,2144600064,2136735744,2534395110
2127560704,2157969408,2160066560,2133852160,2130706432,2148532224,2145386496,2128609280,2144862208,2138308608,2534412001
2130706432,2154823680,2149580800,2138046464,2130706432,2148532224,2146435072,2128609280,2143289344,2138570752,2534428001
2140143616,2152726528,2140143616,2126512128,2130706432,2149580800,2146435072,2129657856,2139881472,2139095040,2534444001
2142240768,2140143616,2140143616,2117074944,2129657856,2146435072,2144337920,2126512128,2134900736,2136735744,2534460000
2135949312,2135949312,2138046464,2117074944,2129657856,2145386496,2144337920,2125463552,2131755008,2136211456,2534476025
2132803584,2138046464,2139095040,2120220672,2128609280,2146435072,2145386496,2126512128,2132541440,2136735744,2534492023
2123366400,2143289344,2141192192,2124414976,2130706432,2146435072,2144337920,2127560704,2133065728,2137260032,2534508023
2141192192,2153775104,2138046464,2127560704,2131755008,2148532224,2146435072,2128609280,2140143616,2138832896,2534524024
2125463552,2153775104,2140143616,2132803584,2131755008,2147483648,2145386496,2127560704,2138046464,2138046464,2534540044
2129657856,2140143616,2136997888,2123366400,2129657856,2147483648,2144337920,2127560704,2132541440,2137260032,2534556047
2123366400,2156920832,2156920832,2138046464,2128609280,2146435072,2143289344,2125463552,2143813632,2135949312,2534572045
2126512128,2152726528,2151677952,2134900736,2129657856,2146435072,2144337920,2126512128,2141454336,2136735744,2534588044
2135949312,2141192192,2138046464,2119172096,2129657856,2147483648,2145386496,2127560704,2133590016,2137522176,2534604070
2143289344,2141192192,2140143616,2117074944,2130706432,2147483648,2146435072,2128609280,2135425024,2138308608,2534620069
2130706432,2154823680,2149580800,2136997888,2129657856,2148532224,2146435072,2130706432,2143027200,2138832896,2534636069
2138046464,2141192192,2140143616,2120220672,2130706432,2147483648,2145386496,2127560704,2134900736,2137784320,2534652068
2130706432,2152726528,2151677952,2129657856,2128609280,2147483648,2144337920,2126512128,2141192192,2136735744,2534668092
2123366400,2147483648,2145386496,2129657856,2128609280,2146435072,2144337920,2125463552,2136473600,2136211456,2534684090
2130706432,2155872256,2152726528,2135949312,2129657856,2147483648,2144337920,2127560704,2143813632,2137260032,2534700090
2138046464,2140143616,2138046464,2121269248,2130706432,2148532224,2145386496,2128609280,2134376448,2138308608,2534716090
2140143616,2144337920,2142240768,2123366400,2130706432,2147483648,2146435072,2127560704,2137522176,2138046464,2534732113
2123366400,2143289344,2140143616,2125463552,2130706432,2148532224,2145386496,2128609280,2133065728,2138308608,2534749001
2124414976,2162163712,2155872256,2138046464,2129657856,2146435072,2144337920,2126512128,2145124352,2136735744,2534765001
2136997888,2138046464,2135949312,2119172096,2128609280,2147483648,2145386496,2126512128,2132541440,2136997888,2534781000
2139095040,2142240768,2136997888,2117074944,2129657856,2147483648,2145386496,2126512128,2133852160,2137260032,2534797001
2140143616,2142240768,2141192192,2119172096,2130706432,2148532224,2145386496,2128609280,2135687168,2138308608,2534813024
2134900736,2157969408,2152726528,2139095040,2130706432,2148532224,2147483648,2129657856,2146172928,2139095040,2534829022
2133852160,2140143616,2138046464,2122317824,2129657856,2148532224,2146435072,2128609280,2133590016,2138308608,2534845022
2126512128,2150629376,2156920832,2133852160,2130706432,2147483648,2144337920,2126512128,2141978624,2137260032,2534861023
2127560704,2154823680,2154823680,2125463552,2127560704,2147483648,2144337920,2126512128,2140667904,2136473600,2534877045
2143289344,2150629376,2145386496,2121269248,2129657856,2147483648,2144337920,2126512128,2140143616,2136997888,2534893046
2124414976,2160066560,2157969408,2143289344,2129657856,2148532224,2145386496,2128609280,2146435072,2138046464,2534909044
2143289344,2143289344,2140143616,2121269248,2131755008,2147483648,2146435072,2128609280,2136997888,2138570752,2534925046
2138046464,2154823680,2152726528,2129657856,2130706432,2148532224,2146435072,2128609280,2143813632,2138570752,2534941070
2122317824,2164260864,2150629376,2145386496,2129657856,2147483648,2144337920,2128609280,2145648640,2137522176,2534957071
2143289344,2139095040,2139095040,2118123520,2129657856,2146435072,2144337920,2125463552,2134900736,2136473600,2534973066
2141192192,2146435072,2142240768,2121269248,2129657856,2146435072,2144337920,2125463552,2137784320,2136473600,2534989071
2123366400,2142240768,2147483648,2124414976,2129657856,2147483648,2144337920,2127560704,2134376448,2137260032,2535005093
2125463552,2145386496,2141192192,2128609280,2129657856,2149580800,2146435072,2128609280,2135162880,2138570752,2535021090
2132803584,2153775104,2149580800,2129657856,2130706432,2148532224,2145386496,2128609280,2141454336,2138308608,2535037088
2142240768,2142240768,2145386496,2121269248,2130706432,2147483648,2145386496,2126512128,2137784320,2137522176,2535053092
2123366400,2142240768,2145386496,2125463552,2129657856,2146435072,2144337920,2126512128,2134114304,2136735744,2535069114
2139095040,2150629376,2140143616,2127560704,2129657856,2146435072,2144337920,2126512128,2139357184,2136735744,2535085112
2133852160,2138046464,2140143616,2117074944,2130706432,2147483648,2144337920,2126512128,2132279296,2137260032,2535102001
2133852160,2152726528,2146435072,2127560704,2130706432,2147483648,2146435072,2127560704,2140143616,2138046464,2535118001
2133852160,2140143616,2139095040,2123366400,2130706432,2148532224,2146435072,2128609280,2134114304,2138570752,2535134001
2141192192,2143289344,2146435072,2123366400,2129657856,2148532224,2145386496,2128609280,2138570752,2138046464,2535150023
2138046464,2142240768,2136997888,2117074944,2129657856,2146435072,2144337920,2125463552,2133590016,2136473600,2535166022
2125463552,2153775104,2160066560,2136997888,2128609280,2147483648,2144337920,2126512128,2144075776,2136735744,2535182024
2133852160,2138046464,2138046464,2121269248,2130706432,2146435072,2144337920,2126512128,2132803584,2136997888,2535198024
2124414976,2148532224,2147483648,2133852160,2129657856,2148532224,2145386496,2128609280,2138570752,2138046464,2535214045
2136997888,2159017984,2146435072,2136997888,2131755008,2149580800,2146435072,2128609280,2144862208,2139095040,2535230044
2127560704,2141192192,2139095040,2123366400,2130706432,2147483648,2145386496,2128609280,2132803584,2138046464,2535246046
2133852160,2141192192,2139095040,2124414976,2129657856,2146435072,2145386496,2126512128,2134638592,2136997888,2535262046
2134900736,2155872256,2149580800,2127560704,2128609280,2146435072,2144337920,2126512128,2141978624,2136473600,2535278066
2126512128,2148532224,2153775104,2131755008,2129657856,2146435072,2144337920,2126512128,2140143616,2136735744,2535294066
2125463552,2156920832,2154823680,2135949312,2129657856,2147483648,2146435072,2128609280,2143289344,2138046464,2535310067
2122317824,2149580800,2147483648,2132803584,2130706432,2148532224,2147483648,2128609280,2138046464,2138832896,2535326065
2143289344,2141192192,2146435072,2121269248,2130706432,2148532224,2146435072,2127560704,2138046464,2138308608,2535342090
2121269248,2153775104,2149580800,2138046464,2128609280,2147483648,2145386496,2127560704,2140667904,2137260032,2535358091
2142240768,2140143616,2140143616,2120220672,2129657856,2145386496,2144337920,2126512128,2135687168,2136473600,2535374091
2122317824,2147483648,2147483648,2126512128,2129657856,2146435072,2143289344,2125463552,2135949312,2136211456,2535390091
2121269248,2142240768,2147483648,2127560704,2129657856,2148532224,2144337920,2127560704,2134638592,2137522176,2535406111
2124414976,2141192192,2142240768,2125463552,2130706432,2147483648,2145386496,2128609280,2133327872,2138046464,2535422112
2139095040,2152726528,2146435072,2129657856,2130706432,2148532224,2145386496,2128609280,2141978624,2138308608,2535439001
2140143616,2139095040,2139095040,2119172096,2128609280,2148532224,2145386496,2128609280,2134376448,2137784320,2535455001
2141192192,2142240768,2139095040,2118123520,2128609280,2146435072,2144337920,2126512128,2135162880,2136473600,2535471001
2140143616,2141192192,2140143616,2117074944,2129657856,2146435072,2144337920,2125463552,2134638592,2136473600,2535487001
2144337920,2140143616,2138046464,2117074944,2129657856,2147483648,2145386496,2127560704,2134900736,2137522176,2535503023
2138046464,2138046464,2138046464,2120220672,2129657856,2149580800,2147483648,2128609280,2133590016,2138832896,2535519022
2134900736,2146435072,2146435072,2127560704,2129657856,2148532224,2146435072,2128609280,2138832896,2138308608,2535535023
2124414976,2150629376,2147483648,2135949312,2130706432,2147483648,2144337920,2127560704,2139619328,2137522176,2535551023
2133852160,2150629376,2150629376,2129657856,2128609280,2147483648,2144337920,2126512128,2141192192,2136735744,2535567045
2135949312,2138046464,2135949312,2120220672,2129657856,2146435072,2143289344,2125463552,2132541440,2136211456,2535583045
2121269248,2147483648,2148532224,2131755008,2128609280,2148532224,2145386496,2127560704,2137260032,2137522176,2535599045
2135949312,2139095040,2139095040,2121269248,2130706432,2147483648,2146435072,2127560704,2133852160,2138046464,2535615044
2135949312,2142240768,2139095040,2125463552,2131755008,2148532224,2145386496,2128609280,2135687168,2138570752,2535631067
2144337920,2140143616,2140143616,2121269248,2129657856,2148532224,2146435072,2127560704,2136473600,2138046464,2535647067
2125463552,2145386496,2141192192,2126512128,2129657856,2147483648,2145386496,2126512128,2134638592,2137260032,2535663067
2136997888,2145386496,2142240768,2122317824,2129657856,2146435072,2144337920,2125463552,2136735744,2136473600,2535679064
2141192192,2140143616,2139095040,2117074944,2129657856,2146435072,2145386496,2126512128,2134376448,2136997888,2535695091
2141192192,2142240768,2138046464,2122317824,2129657856,2148532224,2146435072,2127560704,2135949312,2138046464,2535711092
2123366400,2159017984,2156920832,2138046464,2130706432,2148532224,2146435072,2128609280,2144337920,2138570752,2535727090
2131755008,2156920832,2156920832,2129657856,2131755008,2146435072,2145386496,2127560704,2143813632,2137784320,2535743093
2122317824,2145386496,2150629376,2130706432,2129657856,2147483648,2145386496,2127560704,2137260032,2137522176,2535759112
2122317824,2142240768,2141192192,2124414976,2127560704,2147483648,2144337920,2126512128,2132541440,2136473600,2535776001
2123366400,2141192192,2138046464,2123366400,2129657856,2146435072,2144337920,2125463552,2131492864,2136473600,2535792001
2129657856,2140143616,2138046464,2121269248,2129657856,2147483648,2144337920,2127560704,2132279296,2137260032,2535808001
2142240768,2143289344,2144337920,2123366400,2130706432,2148532224,2146435072,2128609280,2138308608,2138570752,2535824001
2128609280,2160066560,2155872256,2135949312,2131755008,2147483648,2145386496,2127560704,2145124352,2138046464,2535840023
2135949312,2146435072,2135949312,2120220672,2130706432,2147483648,2144337920,2126512128,2134638592,2137260032,2535856023
2125463552,2140143616,2142240768,2123366400,2129657856,2146435072,2144337920,2124414976,2132803584,2136211456,2535872022
2134900736,2150629376,2144337920,2127560704,2128609280,2147483648,2144337920,2126512128,2139357184,2136735744,2535888023
2123366400,2140143616,2140143616,2125463552,2129657856,2148532224,2145386496,2127560704,2132279296,2137784320,2535904044
2134900736,2139095040,2141192192,2117074944,2129657856,2148532224,2146435072,2128609280,2133065728,2138308608,2535920045
2132803584,2157969408,2152726528,2135949312,2130706432,2149580800,2145386496,2129657856,2144862208,2138832896,2535936046
2136997888,2142240768,2140143616,2122317824,2130706432,2146435072,2145386496,2127560704,2135425024,2137522176,2535952045
2124414976,2155872256,2159017984,2135949312,2129657856,2146435072,2144337920,2126512128,2143813632,2136735744,2535968067
2125463552,2148532224,2155872256,2133852160,2128609280,2146435072,2144337920,2125463552,2140930048,2136211456,2535984067
2134900736,2143289344,2144337920,2119172096,2129657856,2146435072,2144337920,2126512128,2135425024,2136735744,2536000066
2124414976,2145386496,2151677952,2126512128,2130706432,2148532224,2145386496,2128609280,2136997888,2138308608,2536016068
2130706432,2142240768,2142240768,2122317824,2130706432,2147483648,2146435072,2128609280,2134376448,2138308608,2536032089
2143289344,2141192192,2140143616,2119172096,2130706432,2148532224,2145386496,2128609280,2135949312,2138308608,2536048090
2124414976,2153775104,2155872256,2133852160,2128609280,2147483648,2144337920,2126512128,2141978624,2136735744,2536064089
2131755008,2151677952,2149580800,2129657856,2128609280,2147483648,2144337920,2126512128,2140667904,2136735744,2536080091
2120220672,2162163712,2147483648,2142240768,2128609280,2147483648,2144337920,2127560704,2143027200,2136997888,2536096112
2146435072,2145386496,2144337920,2122317824,2130706432,2148532224,2146435072,2128609280,2139619328,2138570752,2536112111
2132803584,2146435072,2157969408,2126512128,2130706432,2148532224,2146435072,2128609280,2140930048,2138570752,2536129001
2140143616,2150629376,2142240768,2129657856,2130706432,2147483648,2145386496,2128609280,2140667904,2138046464,2536145001
2122317824,2160066560,2153775104,2135949312,2128609280,2147483648,2143289344,2127560704,2143027200,2136735744,2536161001
2135949312,2141192192,2135949312,2120220672,2128609280,2146435072,2144337920,2126512128,2133327872,2136473600,2536177023
2124414976,2143289344,2134900736,2126512128,2128609280,2147483648,2144337920,2126512128,2132279296,2136735744,2536193024
2139095040,2150629376,2146435072,2129657856,2129657856,2148532224,2145386496,2128609280,2141454336,2138046464,2536209024
2124414976,2147483648,2154823680,2131755008,2131755008,2148532224,2145386496,2129657856,2139619328,2138832896,2536225022
2131755008,2160066560,2154823680,2134900736,2130706432,2148532224,2146435072,2128609280,2145386496,2138570752,2536241047
2124414976,2145386496,2141192192,2130706432,2129657856,2147483648,2144337920,2127560704,2135425024,2137260032,2536257045
2138046464,2146435072,2135949312,2120220672,2128609280,2146435072,2143289344,2126512128,2135162880,2136211456,2536273046
2138046464,2139095040,2134900736,2118123520,2129657856,2145386496,2143289344,2125463552,2132541440,2135949312,2536289045
2122317824,2147483648,2153775104,2130706432,2129657856,2147483648,2145386496,2127560704,2138570752,2137522176,2536305069
2136997888,2153775104,2149580800,2131755008,2130706432,2148532224,2145386496,2129657856,2143027200,2138570752,2536321066
2123366400,2161115136,2156920832,2144337920,2130706432,2147483648,2145386496,2128609280,2146435072,2138046464,2536337066
2134900736,2154823680,2152726528,2129657856,2129657856,2148532224,2145386496,2127560704,2143027200,2137784320,2536353067
2142240768,2141192192,2140143616,2120220672,2128609280,2146435072,2143289344,2126512128,2135949312,2136211456,2536369091
2124414976,2156920832,2150629376,2133852160,2128609280,2147483648,2144337920,2126512128,2141454336,2136735744,2536385086
2136997888,2146435072,2150629376,2123366400,2130706432,2147483648,2144337920,2126512128,2139357184,2137260032,2536401091
2134900736,2146435072,2149580800,2124414976,2130706432,2148532224,2146435072,2128609280,2138832896,2138570752,2536417091
2122317824,2150629376,2145386496,2133852160,2130706432,2148532224,2146435072,2129657856,2138046464,2138832896,2536433113
2131755008,2154823680,2152726528,2129657856,2130706432,2147483648,2145386496,2127560704,2142240768,2137784320,2536449110
2122317824,2148532224,2141192192,2134900736,2129657856,2147483648,2144337920,2126512128,2136735744,2136997888,2536466001
2134900736,2139095040,2136997888,2118123520,2128609280,2147483648,2144337920,2126512128,2132279296,2136735744,2536482001
2133852160,2143289344,2136997888,2120220672,2129657856,2147483648,2144337920,2127560704,2133590016,2137260032,2536498001
2129657856,2140143616,2138046464,2119172096,2130706432,2147483648,2145386496,2127560704,2131755008,2137784320,2536514001
2139095040,2152726528,2146435072,2132803584,2130706432,2148532224,2146435072,2128609280,2142765056,2138570752,2536530025
2125463552,2163212288,2159017984,2142240768,2130706432,2148532224,2146435072,2128609280,2147483648,2138570752,2536546025
2123366400,2159017984,2156920832,2138046464,2130706432,2147483648,2145386496,2126512128,2144337920,2137522176,2536562023
2133852160,2141192192,2134900736,2122317824,2129657856,2147483648,2143289344,2125463552,2133065728,2136473600,2536578022
2140143616,2139095040,2136997888,2116026368,2129657856,2146435072,2144337920,2125463552,2133065728,2136473600,2536594047
2122317824,2145386496,2147483648,2130706432,2129657856,2147483648,2144337920,2127560704,2136473600,2137260032,2536610045
2126512128,2157969408,2154823680,2141192192,2130706432,2148532224,2146435072,2127560704,2145124352,2138308608,2536626045
2123366400,2147483648,2147483648,2130706432,2130706432,2148532224,2146435072,2128609280,2137260032,2138570752,2536642045
2133852160,2141192192,2135949312,2119172096,2129657856,2147483648,2145386496,2126512128,2132541440,2137260032,2536658066
2139095040,2141192192,2142240768,2117074944,2128609280,2147483648,2144337920,2126512128,2134900736,2136735744,2536674068
2141192192,2146435072,2136997888,2121269248,2128609280,2147483648,2143289344,2126512128,2136473600,2136473600,2536690067
2124414976,2143289344,2140143616,2124414976,2129657856,2148532224,2145386496,2128609280,2133065728,2138046464,2536706067
2122317824,2165309440,2151677952,2139095040,2130706432,2148532224,2146435072,2128609280,2144600064,2138570752,2536722087
2122317824,2156920832,2151677952,2143289344,2130706432,2148532224,2146435072,2128609280,2143551488,2138570752,2536738086
2141192192,2143289344,2138046464,2122317824,2129657856,2147483648,2145386496,2127560704,2136211456,2137522176,2536754088
2141192192,2144337920,2146435072,2122317824,2128609280,2147483648,2143289344,2127560704,2138570752,2136735744,2536770085
2124414976,2162163712,2155872256,2139095040,2129657856,2146435072,2144337920,2124414976,2145386496,2136211456,2536786114
2141192192,2141192192,2140143616,2120220672,2129657856,2147483648,2144337920,2127560704,2135687168,2137260032,2536803001
2139095040,2155872256,2146435072,2133852160,2130706432,2148532224,2145386496,2128609280,2143813632,2138308608,2536819001
2131755008,2141192192,2140143616,2124414976,2130706432,2148532224,2146435072,2128609280,2134376448,2138570752,2536835001
2141192192,2143289344,2142240768,2119172096,2129657856,2147483648,2145386496,2127560704,2136473600,2137522176,2536851001
2126512128,2159017984,2156920832,2138046464,2129657856,2147483648,2144337920,2127560704,2145124352,2137260032,2536867024
2126512128,2154823680,2153775104,2136997888,2128609280,2147483648,2144337920,2126512128,2143027200,2136735744,2536883023
2122317824,2160066560,2150629376,2136997888,2128609280,2148532224,2145386496,2127560704,2142502912,2137522176,2536899024
2132803584,2151677952,2156920832,2129657856,2130706432,2148532224,2146435072,2127560704,2142765056,2138308608,2536915022
2125463552,2144337920,2139095040,2128609280,2130706432,2148532224,2146435072,2128609280,2134376448,2138570752,2536931046
2140143616,2152726528,2141192192,2127560704,2130706432,2147483648,2145386496,2126512128,2140405760,2137522176,2536947045
2124414976,2162163712,2157969408,2140143616,2128609280,2147483648,2145386496,2126512128,2146172928,2136997888,2536963044
2130706432,2154823680,2153775104,2121269248,2127560704,2147483648,2144337920,2126512128,2140143616,2136473600,2536979046
2132803584,2152726528,2146435072,2123366400,2129657856,2147483648,2144337920,2126512128,2138832896,2136997888,2536995067
2133852160,2141192192,2138046464,2122317824,2130706432,2148532224,2146435072,2127560704,2133852160,2138308608,2537011068
2134900736,2140143616,2140143616,2121269248,2130706432,2148532224,2146435072,2128609280,2134114304,2138570752,2537027066
2140143616,2140143616,2139095040,2121269248,2129657856,2149580800,2146435072,2129657856,2135162880,2138832896,2537043067
2129657856,2152726528,2150629376,2125463552,2130706432,2148532224,2145386496,2127560704,2139619328,2138046464,2537059089
2121269248,2154823680,2147483648,2138046464,2128609280,2146435072,2144337920,2125463552,2140405760,2136211456,2537075088
2129657856,2138046464,2135949312,2122317824,2129657856,2146435072,2144337920,2126512128,2131492864,2136735744,2537091088
2140143616,2138046464,2138046464,2117074944,2129657856,2147483648,2145386496,2126512128,2133327872,2137260032,2537107088
2142240768,2141192192,2139095040,2122317824,2130706432,2148532224,2146435072,2128609280,2136211456,2138570752,2537123114
2126512128,2155872256,2161115136,2138046464,2129657856,2149580800,2146435072,2129657856,2145386496,2138832896,2537139113
2139095040,2146435072,2144337920,2126512128,2129657856,2147483648,2144337920,2127560704,2139095040,2137260032,2537156001
2141192192,2139095040,2136997888,2117074944,2129657856,2146435072,2143289344,2125463552,2133590016,2136211456,2537172001
2140143616,2138046464,2135949312,2119172096,2128609280,2147483648,2144337920,2126512128,2133327872,2136735744,2537188001
2132803584,2157969408,2146435072,2131755008,2130706432,2146435072,2145386496,2126512128,2142240768,2137260032,2537204023
2134900736,2143289344,2139095040,2122317824,2130706432,2148532224,2145386496,2128609280,2134900736,2138308608,2537220022
2124414976,2150629376,2148532224,2135949312,2130706432,2147483648,2146435072,2127560704,2139881472,2138046464,2537236024
2139095040,2146435072,2146435072,2121269248,2129657856,2147483648,2145386496,2128609280,2138308608,2137784320,2537252022
2122317824,2148532224,2143289344,2132803584,2129657856,2147483648,2145386496,2125463552,2136735744,2136997888,2537268047
2134900736,2152726528,2146435072,2121269248,2130706432,2146435072,2143289344,2124414976,2138832896,2136211456,2537284045
2125463552,2149580800,2157969408,2132803584,2128609280,2147483648,2145386496,2127560704,2141454336,2137260032,2537300045
2133852160,2139095040,2139095040,2119172096,2130706432,2147483648,2145386496,2128609280,2132803584,2138046464,2537316046
2128609280,2157969408,2156920832,2134900736,2130706432,2149580800,2146435072,2129657856,2144600064,2139095040,2537332067
2125463552,2152726528,2155872256,2135949312,2130706432,2147483648,2145386496,2127560704,2142502912,2137784320,2537348064
2122317824,2149580800,2142240768,2132803584,2128609280,2147483648,2144337920,2127560704,2136735744,2136997888,2537364067
2127560704,2154823680,2148532224,2136997888,2129657856,2145386496,2144337920,2125463552,2141978624,2136211456,2537380068
2121269248,2143289344,2147483648,2126512128,2129657856,2147483648,2143289344,2125463552,2134638592,2136473600,2537396088
2124414976,2160066560,2157969408,2138046464,2129657856,2148532224,2145386496,2128609280,2145124352,2138046464,2537412088
2136997888,2142240768,2141192192,2121269248,2130706432,2149580800,2146435072,2129657856,2135425024,2139095040,2537428088
2125463552,2145386496,2141192192,2124414976,2130706432,2147483648,2145386496,2127560704,2134114304,2137784320,2537444087
2121269248,2147483648,2147483648,2131755008,2128609280,2147483648,2144337920,2127560704,2136997888,2136997888,2537460112
2123366400,2155872256,2155872256,2139095040,2128609280,2147483648,2144337920,2126512128,2143551488,2136735744,2537476111
2128609280,2139095040,2135949312,2119172096,2128609280,2147483648,2145386496,2126512128,2130706432,2136997888,2537493001
2124414976,2160066560,2148532224,2143289344,2129657856,2148532224,2146435072,2127560704,2144075776,2138046464,2537509001
2136997888,2152726528,2151677952,2132803584,2130706432,2148532224,2146435072,2128609280,2143551488,2138570752,2537525001
2127560704,2157969408,2157969408,2134900736,2129657856,2148532224,2145386496,2128609280,2144600064,2138046464,2537541001
2135949312,2145386496,2150629376,2121269248,2129657856,2147483648,2145386496,2127560704,2138308608,2137522176,2537557023
2128609280,2160066560,2153775104,2134900736,2129657856,2146435072,2144337920,2126512128,2144337920,2136735744,2537573023
2123366400,2147483648,2157969408,2130706432,2128609280,2147483648,2144337920,2127560704,2139881472,2136997888,2537589023
2142240768,2139095040,2138046464,2117074944,2129657856,2148532224,2144337920,2127560704,2134114304,2137522176,2537605024
2141192192,2145386496,2140143616,2122317824,2130706432,2149580800,2145386496,2129657856,2137260032,2138832896,2537621045
2142240768,2140143616,2139095040,2121269248,2130706432,2148532224,2146435072,2128609280,2135687168,2138570752,2537637046
2138046464,2152726528,2140143616,2122317824,2131755008,2147483648,2145386496,2126512128,2138308608,2137784320,2537653046
2123366400,2147483648,2155872256,2131755008,2129657856,2146435072,2143289344,2126512128,2139619328,2136473600,2537669044
2135949312,2146435072,2145386496,2121269248,2128609280,2145386496,2144337920,2125463552,2137260032,2135949312,2537685067
2123366400,2150629376,2151677952,2134900736,2128609280,2147483648,2144337920,2126512128,2140143616,2136735744,2537701068
2124414976,2150629376,2145386496,2134900736,2130706432,2148532224,2146435072,2128609280,2138832896,2138570752,2537717067
2131755008,2141192192,2140143616,2122317824,2130706432,2148532224,2146435072,2128609280,2133852160,2138570752,2537733066
2140143616,2140143616,2139095040,2121269248,2130706432,2148532224,2145386496,2126512128,2135162880,2137784320,2537749088
2124414976,2160066560,2154823680,2140143616,2128609280,2148532224,2145386496,2127560704,2144862208,2137522176,2537765087
2124414976,2147483648,2143289344,2130706432,2128609280,2147483648,2144337920,2126512128,2136473600,2136735744,2537781088
2138046464,2138046464,2139095040,2117074944,2128609280,2148532224,2144337920,2127560704,2133065728,2137260032,2537797086
2126512128,2155872256,2155872256,2139095040,2129657856,2148532224,2145386496,2127560704,2144337920,2137784320,2537813112
2123366400,2147483648,2141192192,2130706432,2130706432,2148532224,2145386496,2128609280,2135687168,2138308608,2537830001
2131755008,2142240768,2138046464,2124414976,2130706432,2148532224,2146435072,2127560704,2134114304,2138308608,2537846001
2143289344,2139095040,2139095040,2117074944,2128609280,2147483648,2144337920,2127560704,2134638592,2136997888,2537862000
2136997888,2141192192,2135949312,2118123520,2129657856,2146435072,2143289344,2126512128,2133065728,2136473600,2537878001
2122317824,2163212288,2154823680,2134900736,2128609280,2147483648,2144337920,2126512128,2143813632,2136735744,2537894023
2121269248,2161115136,2154823680,2134900736,2130706432,2147483648,2145386496,2127560704,2143027200,2137784320,2537910022
2133852160,2143289344,2139095040,2122317824,2130706432,2148532224,2147483648,2128609280,2134638592,2138832896,2537926022
2124414976,2155872256,2153775104,2139095040,2130706432,2148532224,2145386496,2128609280,2143289344,2138308608,2537942024
2142240768,2151677952,2139095040,2121269248,2130706432,2148532224,2145386496,2127560704,2138570752,2138046464,2537958045
2143289344,2140143616,2139095040,2119172096,2129657856,2146435072,2143289344,2125463552,2135425024,2136211456,2537974045
2125463552,2159017984,2155872256,2135949312,2129657856,2146435072,2144337920,2125463552,2144075776,2136473600,2537990044
2131755008,2152726528,2151677952,2128609280,2129657856,2148532224,2145386496,2128609280,2141192192,2138046464,2538006046
2126512128,2153775104,2157969408,2138046464,2130706432,2149580800,2146435072,2129657856,2144075776,2139095040,2538022065
2125463552,2162163712,2159017984,2135949312,2129657856,2148532224,2145386496,2128609280,2145648640,2138046464,2538038067
2142240768,2144337920,2140143616,2120220672,2129657856,2147483648,2145386496,2127560704,2136735744,2137522176,2538054068
2128609280,2157969408,2157969408,2132803584,2128609280,2147483648,2144337920,2126512128,2144337920,2136735744,2538070066
2126512128,2154823680,2151677952,2133852160,2129657856,2147483648,2144337920,2126512128,2141716480,2136997888,2538086088
2123366400,2148532224,2142240768,2131755008,2129657856,2147483648,2145386496,2127560704,2136473600,2137522176,2538102088
2140143616,2144337920,2136997888,2122317824,2130706432,2148532224,2146435072,2128609280,2135949312,2138570752,2538118086
2124414976,2148532224,2152726528,2130706432,2129657856,2149580800,2146435072,2129657856,2139095040,2138832896,2538134087
2124414976,2160066560,2149580800,2141192192,2130706432,2149580800,2145386496,2128609280,2143813632,2138570752,2538150109
2140143616,2140143616,2135949312,2120220672,2128609280,2147483648,2143289344,2126512128,2134114304,2136473600,2538166110
2123366400,2141192192,2135949312,2122317824,2128609280,2146435072,2144337920,2125463552,2130706432,2136211456,2538183001
2136997888,2142240768,2146435072,2122317824,2129657856,2147483648,2144337920,2127560704,2136997888,2137260032,2538199001
2134900736,2142240768,2141192192,2121269248,2130706432,2147483648,2145386496,2127560704,2134900736,2137784320,2538215001
2125463552,2142240768,2139095040,2123366400,2130706432,2148532224,2146435072,2129657856,2132541440,2138832896,2538231023
2140143616,2142240768,2144337920,2121269248,2130706432,2148532224,2145386496,2128609280,2136997888,2138308608,2538247024
2125463552,2141192192,2138046464,2121269248,2129657856,2147483648,2145386496,2126512128,2131492864,2137260032,2538263025
2121269248,2147483648,2151677952,2130706432,2128609280,2147483648,2144337920,2126512128,2137784320,2136735744,2538279024
2136997888,2144337920,2138046464,2122317824,2128609280,2147483648,2144337920,2126512128,2135425024,2136735744,2538295044
2139095040,2141192192,2136997888,2120220672,2130706432,2147483648,2145386496,2126512128,2134376448,2137522176,2538311044
2128609280,2159017984,2155872256,2138046464,2130706432,2148532224,2147483648,2128609280,2145386496,2138832896,2538327046
2127560704,2143289344,2140143616,2123366400,2130706432,2148532224,2146435072,2128609280,2133590016,2138570752,2538343045
2130706432,2154823680,2152726528,2129657856,2130706432,2146435072,2144337920,2125463552,2141978624,2136735744,2538359068
2136997888,2143289344,2146435072,2119172096,2129657856,2145386496,2144337920,2125463552,2136473600,2136211456,2538375067
2120220672,2152726528,2151677952,2135949312,2129657856,2147483648,2144337920,2125463552,2140143616,2136735744,2538391067
2122317824,2154823680,2149580800,2138046464,2129657856,2147483648,2145386496,2127560704,2141192192,2137522176,2538407066
2141192192,2144337920,2146435072,2124414976,2130706432,2148532224,2146435072,2128609280,2139095040,2138570752,2538423087
2128609280,2154823680,2156920832,2138046464,2131755008,2148532224,2146435072,2128609280,2144600064,2138832896,2538439087
2140143616,2152726528,2146435072,2129657856,2129657856,2147483648,2145386496,2126512128,2142240768,2137260032,2538455090
2122317824,2147483648,2148532224,2130706432,2128609280,2147483648,2144337920,2126512128,2137260032,2136735744,2538471088
2126512128,2155872256,2152726528,2133852160,2128609280,2147483648,2144337920,2126512128,2142240768,2136735744,2538487107
2131755008,2155872256,2146435072,2131755008,2129657856,2147483648,2144337920,2126512128,2141454336,2136997888,2538503108
2140143616,2142240768,2145386496,2121269248,2130706432,2148532224,2145386496,2127560704,2137260032,2138046464,2538520001
2122317824,2154823680,2147483648,2138046464,2129657856,2148532224,2145386496,2128609280,2140667904,2138046464,2538536001
2144337920,2142240768,2142240768,2122317824,2130706432,2147483648,2145386496,2126512128,2137784320,2137522176,2538552001
2134900736,2141192192,2136997888,2122317824,2128609280,2147483648,2144337920,2126512128,2133852160,2136735744,2538568000
2122317824,2143289344,2147483648,2127560704,2128609280,2147483648,2144337920,2126512128,2135162880,2136735744,2538584023
2121269248,2154823680,2151677952,2138046464,2129657856,2147483648,2145386496,2127560704,2141454336,2137522176,2538600023
2133852160,2154823680,2152726528,2123366400,2129657856,2149580800,2146435072,2128609280,2141192192,2138570752,2538616023
2138046464,2142240768,2138046464,2121269248,2130706432,2149580800,2146435072,2129657856,2134900736,2139095040,2538632023
2124414976,2145386496,2148532224,2130706432,2130706432,2146435072,2145386496,2126512128,2137260032,2137260032,2538648046
2122317824,2149580800,2147483648,2132803584,2129657856,2147483648,2144337920,2126512128,2138046464,2136997888,2538664045
2126512128,2154823680,2152726528,2136997888,2129657856,2147483648,2144337920,2126512128,2142765056,2136997888,2538680045
2124414976,2152726528,2155872256,2133852160,2129657856,2146435072,2143289344,2125463552,2141716480,2136211456,2538696044
2139095040,2149580800,2146435072,2126512128,2129657856,2148532224,2145386496,2128609280,2140405760,2138046464,2538712066
2138046464,2142240768,2136997888,2120220672,2130706432,2149580800,2146435072,2129657856,2134376448,2139095040,2538728066
2124414976,2151677952,2149580800,2134900736,2130706432,2147483648,2145386496,2127560704,2140143616,2137784320,2538744067
2142240768,2142240768,2138046464,2121269248,2128609280,2147483648,2144337920,2127560704,2135949312,2136997888,2538760066
2139095040,2145386496,2146435072,2120220672,2129657856,2146435072,2143289344,2125463552,2137784320,2136211456,2538776087
2132803584,2146435072,2146435072,2119172096,2129657856,2146435072,2143289344,2126512128,2136211456,2136473600,2538792087
2132803584,2151677952,2142240768,2131755008,2129657856,2147483648,2144337920,2127560704,2139619328,2137260032,2538808087
2127560704,2144337920,2143289344,2125463552,2129657856,2148532224,2146435072,2128609280,2135162880,2138308608,2538824087
2136997888,2154823680,2144337920,2128609280,2130706432,2148532224,2145386496,2128609280,2141192192,2138308608,2538840108
2124414976,2163212288,2156920832,2140143616,2129657856,2147483648,2145386496,2126512128,2146172928,2137260032,2538857001
2140143616,2140143616,2139095040,2118123520,2129657856,2146435072,2144337920,2125463552,2134376448,2136473600,2538873001
2120220672,2155872256,2139095040,2139095040,2128609280,2146435072,2145386496,2126512128,2138570752,2136735744,2538889001
2140143616,2146435072,2146435072,2124414976,2129657856,2148532224,2145386496,2128609280,2139357184,2138046464,2538905001
2142240768,2141192192,2139095040,2122317824,2130706432,2148532224,2146435072,2128609280,2136211456,2138570752,2538921025
2136997888,2141192192,2138046464,2122317824,2130706432,2148532224,2146435072,2129657856,2134638592,2138832896,2538937024
2124414976,2157969408,2160066560,2136997888,2128609280,2148532224,2145386496,2127560704,2144862208,2137522176,2538953022
2123366400,2154823680,2157969408,2138046464,2129657856,2146435072,2144337920,2126512128,2143551488,2136735744,2538969022
2142240768,2142240768,2138046464,2121269248,2129657856,2146435072,2143289344,2125463552,2135949312,2136211456,2538985045
2135949312,2150629376,2138046464,2129657856,2130706432,2147483648,2144337920,2126512128,2138570752,2137260032,2539001045
2126512128,2159017984,2156920832,2141192192,2129657856,2148532224,2146435072,2128609280,2145910784,2138308608,2539017044
2130706432,2157969408,2153775104,2141192192,2130706432,2148532224,2146435072,2128609280,2145910784,2138570752,2539033045
2138046464,2141192192,2138046464,2122317824,2129657856,2147483648,2146435072,2127560704,2134900736,2137784320,2539049065
2129657856,2161115136,2154823680,2133852160,2128609280,2147483648,2144337920,2126512128,2144862208,2136735744,2539065067
2129657856,2135949312,2141192192,2117074944,2129657856,2146435072,2143289344,2125463552,2130968576,2136211456,2539081065
2141192192,2146435072,2136997888,2125463552,2128609280,2146435072,2144337920,2126512128,2137522176,2136473600,2539097067
2132803584,2141192192,2138046464,2119172096,2130706432,2147483648,2146435072,2127560704,2132803584,2138046464,2539113087
2128609280,2141192192,2141192192,2124414976,2130706432,2148532224,2146435072,2129657856,2133852160,2138832896,2539129087
2140143616,2151677952,2139095040,2129657856,2130706432,2147483648,2145386496,2128609280,2140143616,2138046464,2539145087
2128609280,2156920832,2150629376,2131755008,2129657856,2147483648,2145386496,2126512128,2141978624,2137260032,2539161089
2127560704,2159017984,2159017984,2130706432,2128609280,2146435072,2144337920,2125463552,2144075776,2136211456,2539177109
2140143616,2138046464,2138046464,2119172096,2129657856,2147483648,2144337920,2126512128,2133852160,2136997888,2539193109
2133852160,2140143616,2139095040,2121269248,2130706432,2148532224,2144337920,2127560704,2133590016,2137784320,2539210001
2122317824,2153775104,2150629376,2138046464,2131755008,2149580800,2145386496,2128609280,2141192192,2138832896,2539226001
2138046464,2152726528,2146435072,2123366400,2130706432,2149580800,2146435072,2128609280,2140143616,2138832896,2539242001
2133852160,2146435072,2150629376,2120220672,2130706432,2147483648,2145386496,2127560704,2137784320,2137784320,2539258024
2130706432,2157969408,2149580800,2134900736,2128609280,2146435072,2144337920,2126512128,2143289344,2136473600,2539274022
2131755008,2146435072,2153775104,2121269248,2128609280,2146435072,2144337920,2126512128,2138308608,2136473600,2539290022
2121269248,2155872256,2157969408,2139095040,2129657856,2148532224,2146435072,2127560704,2143551488,2138046464,2539306025
2131755008,2160066560,2153775104,2132803584,2130706432,2148532224,2145386496,2128609280,2144600064,2138308608,2539322046
2130706432,2159017984,2155872256,2133852160,2131755008,2148532224,2147483648,2128609280,2144862208,2139095040,2539338044
2129657856,2140143616,2135949312,2123366400,2130706432,2147483648,2144337920,2126512128,2132279296,2137260032,2539354045
2124414976,2155872256,2160066560,2134900736,2128609280,2147483648,2145386496,2126512128,2143813632,2136997888,2539370045
