2123366400,2147483648,2143289344,2129657856,2130706432,2147483648,2145386496,2127560704,2135949312,2137784320,2540461068
2136997888,2151677952,2144337920,2132803584,2130706432,2147483648,2145386496,2126512128,2141454336,2137522176,2540477089
2138046464,2141192192,2138046464,2119172096,2129657856,2148532224,2145386496,2127560704,2134114304,2137784320,2540493088
2124414976,2162163712,2152726528,2143289344,2128609280,2148532224,2145386496,2128609280,2145648640,2137784320,2540509089
2125463552,2139095040,2136997888,2122317824,2129657856,2147483648,2145386496,2127560704,2130968576,2137522176,2540525088
2124414976,2138046464,2142240768,2121269248,2129657856,2147483648,2144337920,2127560704,2131492864,2137260032,2540541112
2139095040,2151677952,2136997888,2123366400,2129657856,2147483648,2145386496,2127560704,2137784320,2137522176,2540557107
2122317824,2147483648,2143289344,2129657856,2129657856,2147483648,2145386496,2128609280,2135687168,2137784320,2540574001
2124414976,2157969408,2157969408,2139095040,2130706432,2146435072,2145386496,2126512128,2144862208,2137260032,2540590001
2129657856,2141192192,2143289344,2119172096,2129657856,2147483648,2144337920,2127560704,2133327872,2137260032,2540606001
2141192192,2140143616,2145386496,2123366400,2130706432,2147483648,2144337920,2127560704,2137522176,2137522176,2540622001
2124414976,2159017984,2153775104,2138046464,2129657856,2147483648,2144337920,2127560704,2143813632,2137260032,2540638024
2122317824,2159017984,2142240768,2142240768,2129657856,2146435072,2143289344,2126512128,2141454336,2136473600,2540654023
2119172096,2153775104,2140143616,2134900736,2128609280,2146435072,2143289344,2125463552,2136997888,2135949312,2540670023
2129657856,2138046464,2136997888,2120220672,2129657856,2147483648,2145386496,2127560704,2131230720,2137522176,2540686022
2141192192,2146435072,2139095040,2122317824,2131755008,2148532224,2146435072,2127560704,2137260032,2138570752,2540702045
2129657856,2140143616,2139095040,2123366400,2131755008,2148532224,2146435072,2128609280,2133065728,2138832896,2540718045
2132803584,2160066560,2153775104,2131755008,2130706432,2148532224,2145386496,2128609280,2144600064,2138308608,2540734044
2122317824,2147483648,2149580800,2130706432,2129657856,2146435072,2144337920,2126512128,2137522176,2136735744,2540750046
2128609280,2146435072,2151677952,2123366400,2128609280,2146435072,2143289344,2125463552,2137522176,2135949312,2540766067
2139095040,2142240768,2140143616,2122317824,2129657856,2146435072,2144337920,2126512128,2135949312,2136735744,2540782068
2134900736,2139095040,2139095040,2119172096,2130706432,2148532224,2146435072,2127560704,2133065728,2138308608,2540798068
2131755008,2161115136,2157969408,2134900736,2131755008,2149580800,2147483648,2129657856,2146435072,2139619328,2540814067
2128609280,2152726528,2156920832,2138046464,2130706432,2148532224,2146435072,2128609280,2144075776,2138570752,2540830089
2136997888,2141192192,2135949312,2122317824,2129657856,2146435072,2143289344,2126512128,2134114304,2136473600,2540846088
2129657856,2155872256,2150629376,2134900736,2128609280,2146435072,2143289344,2126512128,2142765056,2136211456,2540862088
2139095040,2142240768,2144337920,2118123520,2128609280,2147483648,2145386496,2125463552,2135949312,2136735744,2540878085
2124414976,2155872256,2154823680,2139095040,2130706432,2148532224,2145386496,2127560704,2143551488,2138046464,2540894110
2127560704,2140143616,2140143616,2123366400,2131755008,2148532224,2146435072,2128609280,2132803584,2138832896,2540911001
2123366400,2151677952,2154823680,2134900736,2129657856,2148532224,2145386496,2128609280,2141192192,2138046464,2540927001
2129657856,2141192192,2139095040,2120220672,2129657856,2147483648,2144337920,2127560704,2132541440,2137260032,2540943001
2138046464,2140143616,2138046464,2120220672,2128609280,2146435072,2143289344,2125463552,2134114304,2135949312,2540959001
2125463552,2139095040,2133852160,2122317824,2129657856,2146435072,2144337920,2126512128,2130182144,2136735744,2540975022
2131755008,2155872256,2150629376,2131755008,2129657856,2147483648,2145386496,2127560704,2142502912,2137522176,2540991025
2125463552,2159017984,2155872256,2138046464,2130706432,2148532224,2146435072,2129657856,2144600064,2138832896,2541007024
2138046464,2140143616,2140143616,2121269248,2130706432,2148532224,2146435072,2129657856,2134900736,2138832896,2541023025
2129657856,2160066560,2152726528,2136997888,2130706432,2147483648,2144337920,2126512128,2144862208,2137260032,2541039045
2135949312,2139095040,2136997888,2119172096,2128609280,2146435072,2145386496,2125463552,2132803584,2136473600,2541055045
2122317824,2145386496,2147483648,2126512128,2128609280,2146435072,2143289344,2125463552,2135425024,2135949312,2541071045
2122317824,2159017984,2156920832,2138046464,2130706432,2147483648,2144337920,2127560704,2144075776,2137522176,2541087046
2140143616,2140143616,2143289344,2121269248,2130706432,2147483648,2146435072,2128609280,2136211456,2138308608,2541103067
2138046464,2142240768,2142240768,2127560704,2131755008,2149580800,2147483648,2129657856,2137522176,2139619328,2541119068
2141192192,2151677952,2138046464,2127560704,2130706432,2147483648,2146435072,2127560704,2139619328,2138046464,2541135065
2127560704,2161115136,2153775104,2134900736,2128609280,2147483648,2144337920,2126512128,2144337920,2136735744,2541151068
2121269248,2162163712,2152726528,2141192192,2128609280,2146435072,2143289344,2124414976,2144337920,2135687168,2541167088
2121269248,2159017984,2153775104,2138046464,2129657856,2147483648,2144337920,2126512128,2143027200,2136997888,2541183088
2125463552,2159017984,2154823680,2136997888,2130706432,2148532224,2145386496,2128609280,2144075776,2138308608,2541199089
2139095040,2142240768,2138046464,2124414976,2130706432,2148532224,2146435072,2129657856,2135949312,2138832896,2541215089
2123366400,2151677952,2157969408,2134900736,2130706432,2148532224,2146435072,2127560704,2141978624,2138308608,2541231109
2123366400,2140143616,2144337920,2121269248,2128609280,2147483648,2144337920,2126512128,2132279296,2136735744,2541247109
2121269248,2147483648,2134900736,2130706432,2128609280,2146435072,2143289344,2125463552,2133590016,2135949312,2541264001
2122317824,2156920832,2157969408,2131755008,2129657856,2147483648,2144337920,2126512128,2142240768,2136997888,2541280001
2122317824,2151677952,2152726528,2134900736,2130706432,2147483648,2146435072,2127560704,2140405760,2138046464,2541296001
2126512128,2147483648,2155872256,2129657856,2130706432,2148532224,2146435072,2129657856,2139881472,2138832896,2541312023
2129657856,2143289344,2143289344,2124414976,2131755008,2148532224,2146435072,2127560704,2135162880,2138570752,2541328023
2133852160,2139095040,2139095040,2119172096,2128609280,2147483648,2145386496,2127560704,2132803584,2137260032,2541344025
2140143616,2140143616,2139095040,2118123520,2128609280,2146435072,2144337920,2125463552,2134376448,2136211456,2541360023
2120220672,2140143616,2141192192,2122317824,2128609280,2146435072,2144337920,2126512128,2130968576,2136473600,2541376046
2121269248,2157969408,2147483648,2141192192,2129657856,2148532224,2145386496,2128609280,2141978624,2138046464,2541392045
2127560704,2159017984,2160066560,2135949312,2130706432,2148532224,2147483648,2128609280,2145648640,2138832896,2541408045
2124414976,2153775104,2148532224,2139095040,2130706432,2147483648,2146435072,2128609280,2141454336,2138308608,2541424044
2141192192,2141192192,2145386496,2121269248,2129657856,2147483648,2144337920,2127560704,2137260032,2137260032,2541440067
2138046464,2141192192,2136997888,2120220672,2128609280,2146435072,2143289344,2125463552,2134114304,2135949312,2541456065
2140143616,2138046464,2138046464,2119172096,2129657856,2145386496,2144337920,2125463552,2133852160,2136211456,2541472067
2130706432,2151677952,2151677952,2125463552,2129657856,2147483648,2144337920,2127560704,2139881472,2137260032,2541488066
2136997888,2140143616,2138046464,2121269248,2131755008,2147483648,2145386496,2128609280,2134114304,2138308608,2541504087
2132803584,2155872256,2152726528,2133852160,2130706432,2148532224,2146435072,2129657856,2143813632,2138832896,2541520088
2122317824,2149580800,2147483648,2132803584,2129657856,2147483648,2145386496,2127560704,2138046464,2137522176,2541536087
2139095040,2146435072,2140143616,2121269248,2129657856,2146435072,2145386496,2126512128,2136735744,2136997888,2541552086
2122317824,2145386496,2139095040,2126512128,2129657856,2146435072,2143289344,2126512128,2133327872,2136473600,2541568107
2134900736,2146435072,2146435072,2121269248,2128609280,2147483648,2145386496,2126512128,2137260032,2136997888,2541584109
2123366400,2161115136,2162163712,2132803584,2130706432,2148532224,2146435072,2128609280,2144862208,2138570752,2541601001
2130706432,2159017984,2157969408,2139095040,2130706432,2148532224,2146435072,2128609280,2146697216,2138570752,2541617001
2145386496,2139095040,2139095040,2121269248,2130706432,2148532224,2145386496,2127560704,2136211456,2138046464,2541633001
2139095040,2146435072,2150629376,2119172096,2129657856,2147483648,2144337920,2126512128,2138832896,2136997888,2541649001
2122317824,2142240768,2141192192,2124414976,2128609280,2146435072,2143289344,2125463552,2132541440,2135949312,2541665023
2138046464,2135949312,2135949312,2117074944,2129657856,2145386496,2144337920,2125463552,2131755008,2136211456,2541681023
2131755008,2154823680,2153775104,2136997888,2129657856,2147483648,2146435072,2128609280,2144337920,2138046464,2541697024
2140143616,2141192192,2141192192,2120220672,2131755008,2148532224,2146435072,2128609280,2135687168,2138832896,2541713022
2129657856,2139095040,2141192192,2121269248,2130706432,2147483648,2145386496,2127560704,2132803584,2137784320,2541729045
2135949312,2142240768,2139095040,2122317824,2129657856,2148532224,2144337920,2127560704,2134900736,2137522176,2541745045
2125463552,2159017984,2155872256,2136997888,2128609280,2146435072,2144337920,2125463552,2144337920,2136211456,2541761047
2122317824,2140143616,2143289344,2121269248,2129657856,2146435072,2145386496,2125463552,2131755008,2136735744,2541777045
2133852160,2139095040,2138046464,2122317824,2130706432,2147483648,2145386496,2127560704,2133327872,2137784320,2541793068
2135949312,2138046464,2141192192,2120220672,2130706432,2147483648,2146435072,2128609280,2133852160,2138308608,2541809066
2121269248,2153775104,2147483648,2141192192,2130706432,2148532224,2145386496,2128609280,2140930048,2138308608,2541825068
2134900736,2146435072,2150629376,2123366400,2130706432,2147483648,2144337920,2126512128,2138832896,2137260032,2541841066
2120220672,2161115136,2153775104,2135949312,2128609280,2146435072,2143289344,2126512128,2142765056,2136211456,2541857089
2140143616,2141192192,2138046464,2118123520,2128609280,2147483648,2144337920,2125463552,2134376448,2136473600,2541873088
2132803584,2161115136,2153775104,2133852160,2129657856,2147483648,2145386496,2127560704,2145386496,2137522176,2541889088
2123366400,2147483648,2141192192,2129657856,2130706432,2148532224,2146435072,2130706432,2135425024,2139095040,2541905087
2133852160,2155872256,2150629376,2133852160,2131755008,2148532224,2146435072,2128609280,2143551488,2138832896,2541921110
2138046464,2139095040,2136997888,2119172096,2130706432,2147483648,2145386496,2127560704,2133327872,2137784320,2541938001
2128609280,2160066560,2161115136,2132803584,2128609280,2146435072,2144337920,2125463552,2145648640,2136211456,2541954001
2140143616,2144337920,2135949312,2117074944,2129657856,2146435072,2144337920,2125463552,2134376448,2136473600,2541970001
2128609280,2157969408,2156920832,2132803584,2129657856,2147483648,2144337920,2126512128,2144075776,2136997888,2541986001
2124414976,2145386496,2150629376,2128609280,2131755008,2147483648,2145386496,2127560704,2137260032,2138046464,2542002023
2125463552,2159017984,2159017984,2138046464,2130706432,2147483648,2145386496,2128609280,2145386496,2138046464,2542018023
2126512128,2159017984,2159017984,2139095040,2129657856,2147483648,2145386496,2127560704,2145910784,2137522176,2542034022
2124414976,2156920832,2151677952,2139095040,2129657856,2146435072,2144337920,2126512128,2143027200,2136735744,2542050023
2135949312,2152726528,2145386496,2121269248,2127560704,2147483648,2144337920,2126512128,2138832896,2136473600,2542066045
2122317824,2150629376,2152726528,2133852160,2128609280,2146435072,2145386496,2126512128,2139881472,2136735744,2542082047
2123366400,2151677952,2147483648,2135949312,2130706432,2147483648,2145386496,2128609280,2139619328,2138046464,2542098045
2134900736,2154823680,2148532224,2131755008,2131755008,2148532224,2146435072,2129657856,2142502912,2139095040,2542114044
2124414976,2142240768,2140143616,2127560704,2130706432,2148532224,2145386496,2128609280,2133590016,2138308608,2542130066
2140143616,2150629376,2144337920,2125463552,2129657856,2147483648,2144337920,2127560704,2140143616,2137260032,2542146068
2144337920,2135949312,2138046464,2114977792,2129657856,2146435072,2144337920,2125463552,2133327872,2136473600,2542162065
2131755008,2156920832,2150629376,2129657856,2128609280,2147483648,2144337920,2127560704,2142240768,2136997888,2542178067
2138046464,2142240768,2138046464,2120220672,2131755008,2146435072,2144337920,2126512128,2134638592,2137260032,2542194086
2125463552,2162163712,2155872256,2145386496,2131755008,2148532224,2146435072,2128609280,2147221504,2138832896,2542210087
2138046464,2146435072,2145386496,2125463552,2130706432,2148532224,2146435072,2128609280,2138832896,2138570752,2542226087
2122317824,2163212288,2152726528,2138046464,2129657856,2147483648,2144337920,2127560704,2144075776,2137260032,2542242088
2135949312,2138046464,2133852160,2121269248,2128609280,2146435072,2143289344,2125463552,2132279296,2135949312,2542258109
2141192192,2138046464,2136997888,2121269248,2128609280,2146435072,2144337920,2125463552,2134376448,2136211456,2542274109
2135949312,2141192192,2135949312,2122317824,2129657856,2148532224,2145386496,2127560704,2133852160,2137784320,2542291001
2136997888,2153775104,2142240768,2122317824,2130706432,2148532224,2146435072,2129657856,2138832896,2138832896,2542307001
2133852160,2141192192,2140143616,2124414976,2130706432,2148532224,2146435072,2128609280,2134900736,2138570752,2542323001
2133852160,2154823680,2151677952,2127560704,2128609280,2148532224,2146435072,2127560704,2141978624,2137784320,2542339023
2123366400,2145386496,2140143616,2126512128,2128609280,2146435072,2144337920,2125463552,2133852160,2136211456,2542355024
2123366400,2141192192,2141192192,2119172096,2129657856,2145386496,2143289344,2125463552,2131230720,2135949312,2542371024
2124414976,2142240768,2141192192,2126512128,2129657856,2147483648,2145386496,2127560704,2133590016,2137522176,2542387025
2132803584,2140143616,2139095040,2121269248,2131755008,2148532224,2146435072,2128609280,2133327872,2138832896,2542403045
2136997888,2138046464,2142240768,2123366400,2130706432,2148532224,2147483648,2128609280,2135162880,2138832896,2542419046
2124414976,2155872256,2150629376,2136997888,2129657856,2149580800,2146435072,2128609280,2141978624,2138570752,2542435045
2123366400,2147483648,2141192192,2130706432,2129657856,2146435072,2143289344,2126512128,2135687168,2136473600,2542451047
2121269248,2160066560,2147483648,2139095040,2128609280,2146435072,2143289344,2125463552,2141978624,2135949312,2542467068
2122317824,2152726528,2151677952,2134900736,2129657856,2146435072,2145386496,2126512128,2140405760,2136997888,2542483065
2136997888,2146435072,2150629376,2119172096,2131755008,2147483648,2144337920,2127560704,2138308608,2137784320,2542499066
2142240768,2141192192,2141192192,2121269248,2130706432,2148532224,2146435072,2129657856,2136473600,2138832896,2542515066
2142240768,2140143616,2139095040,2123366400,2130706432,2148532224,2145386496,2128609280,2136211456,2138308608,2542531087
2132803584,2156920832,2149580800,2133852160,2129657856,2146435072,2144337920,2126512128,2143289344,2136735744,2542547085
2124414976,2152726528,2156920832,2129657856,2128609280,2147483648,2144337920,2125463552,2140930048,2136473600,2542563088
2132803584,2154823680,2146435072,2133852160,2128609280,2147483648,2144337920,2127560704,2141978624,2136997888,2542579087
2135949312,2140143616,2136997888,2122317824,2130706432,2148532224,2145386496,2128609280,2133852160,2138308608,2542595109
2125463552,2147483648,2140143616,2129657856,2131755008,2147483648,2145386496,2128609280,2135687168,2138308608,2542611106
2141192192,2142240768,2142240768,2121269248,2130706432,2149580800,2147483648,2128609280,2136735744,2139095040,2542628001
2124414976,2142240768,2147483648,2125463552,2129657856,2146435072,2145386496,2126512128,2134900736,2136997888,2542644001
2122317824,2152726528,2148532224,2135949312,2128609280,2146435072,2144337920,2126512128,2139881472,2136473600,2542660001
2132803584,2139095040,2135949312,2118123520,2128609280,2147483648,2143289344,2126512128,2131492864,2136473600,2542676001
2121269248,2161115136,2151677952,2138046464,2129657856,2148532224,2146435072,2128609280,2143027200,2138308608,2542692023
2136997888,2141192192,2139095040,2121269248,2130706432,2148532224,2146435072,2129657856,2134638592,2138832896,2542708023
2124414976,2147483648,2139095040,2129657856,2130706432,2148532224,2146435072,2128609280,2135162880,2138570752,2542724024
2122317824,2149580800,2147483648,2134900736,2130706432,2147483648,2144337920,2126512128,2138570752,2137260032,2542740022
2125463552,2153775104,2153775104,2131755008,2127560704,2147483648,2144337920,2126512128,2141192192,2136473600,2542756047
2138046464,2146435072,2135949312,2118123520,2128609280,2146435072,2144337920,2125463552,2134638592,2136211456,2542772047
2122317824,2155872256,2147483648,2140143616,2129657856,2147483648,2144337920,2127560704,2141454336,2137260032,2542788046
2138046464,2153775104,2144337920,2134900736,2131755008,2148532224,2145386496,2127560704,2142765056,2138308608,2542804044
2127560704,2160066560,2160066560,2136997888,2130706432,2148532224,2146435072,2129657856,2146172928,2138832896,2542820065
2122317824,2162163712,2150629376,2143289344,2129657856,2147483648,2145386496,2127560704,2144600064,2137522176,2542836068
2138046464,2145386496,2138046464,2119172096,2128609280,2146435072,2144337920,2125463552,2135162880,2136211456,2542852066
2123366400,2140143616,2138046464,2121269248,2128609280,2147483648,2144337920,2127560704,2130706432,2136997888,2542868065
2121269248,2140143616,2147483648,2123366400,2129657856,2146435072,2144337920,2126512128,2133065728,2136735744,2542884086
2123366400,2147483648,2153775104,2131755008,2129657856,2148532224,2145386496,2128609280,2139095040,2138046464,2542900089
2125463552,2148532224,2136997888,2134900736,2130706432,2148532224,2146435072,2129657856,2136473600,2138832896,2542916088
2125463552,2142240768,2147483648,2124414976,2129657856,2147483648,2145386496,2128609280,2134900736,2137784320,2542932086
2140143616,2138046464,2138046464,2119172096,2129657856,2147483648,2145386496,2126512128,2133852160,2137260032,2542948107
2124414976,2154823680,2157969408,2136997888,2128609280,2146435072,2143289344,2126512128,2143551488,2136211456,2542965001
2122317824,2145386496,2136997888,2128609280,2128609280,2147483648,2145386496,2126512128,2133327872,2136997888,2542981001
2133852160,2146435072,2146435072,2122317824,2130706432,2147483648,2145386496,2127560704,2137260032,2137784320,2542997000
2129657856,2161115136,2159017984,2136997888,2130706432,2148532224,2145386496,2128609280,2146697216,2138308608,2543013001
2132803584,2160066560,2160066560,2134900736,2130706432,2148532224,2146435072,2127560704,2146959360,2138308608,2543029023
2140143616,2143289344,2141192192,2119172096,2129657856,2147483648,2145386496,2126512128,2135949312,2137260032,2543045023
2129657856,2152726528,2150629376,2133852160,2128609280,2145386496,2143289344,2125463552,2141716480,2135687168,2543061022
2122317824,2159017984,2151677952,2138046464,2129657856,2145386496,2143289344,2125463552,2142765056,2135949312,2543077023
2139095040,2139095040,2146435072,2119172096,2129657856,2147483648,2145386496,2127560704,2135949312,2137522176,2543093045
2126512128,2145386496,2145386496,2126512128,2130706432,2149580800,2146435072,2128609280,2135949312,2138832896,2543109045
2145386496,2139095040,2142240768,2121269248,2130706432,2148532224,2145386496,2128609280,2136997888,2138308608,2543125044
2138046464,2143289344,2150629376,2122317824,2130706432,2146435072,2144337920,2126512128,2138570752,2136997888,2543141045
2123366400,2147483648,2153775104,2130706432,2128609280,2146435072,2144337920,2125463552,2138832896,2136211456,2543157066
2124414976,2157969408,2157969408,2139095040,2129657856,2145386496,2144337920,2125463552,2144862208,2136211456,2543173066
2124414976,2145386496,2136997888,2126512128,2129657856,2147483648,2145386496,2127560704,2133327872,2137522176,2543189066
2124414976,2162163712,2154823680,2138046464,2130706432,2148532224,2146435072,2128609280,2144862208,2138570752,2543205066
2135949312,2141192192,2138046464,2123366400,2131755008,2148532224,2145386496,2128609280,2134638592,2138570752,2543221087
2143289344,2146435072,2144337920,2121269248,2129657856,2147483648,2145386496,2127560704,2138832896,2137522176,2543237087
2136997888,2143289344,2146435072,2120220672,2128609280,2146435072,2144337920,2125463552,2136735744,2136211456,2543253087
2139095040,2140143616,2138046464,2122317824,2128609280,2147483648,2144337920,2126512128,2134900736,2136735744,2543269088
2129657856,2140143616,2140143616,2122317824,2129657856,2147483648,2144337920,2126512128,2133065728,2136997888,2543285111
2128609280,2161115136,2150629376,2136997888,2130706432,2148532224,2146435072,2129657856,2144337920,2138832896,2543301110
2126512128,2153775104,2156920832,2136997888,2131755008,2148532224,2145386496,2128609280,2143551488,2138570752,2543318001
2143289344,2142240768,2141192192,2123366400,2129657856,2148532224,2145386496,2128609280,2137522176,2138046464,2543334001
2135949312,2138046464,2136997888,2120220672,2129657856,2147483648,2145386496,2126512128,2132803584,2137260032,2543350001
2120220672,2160066560,2147483648,2143289344,2128609280,2147483648,2144337920,2126512128,2142765056,2136735744,2543366023
2140143616,2141192192,2136997888,2120220672,2129657856,2147483648,2144337920,2126512128,2134638592,2136997888,2543382022
2125463552,2160066560,2157969408,2141192192,2130706432,2148532224,2146435072,2128609280,2146172928,2138570752,2543398024
2130706432,2160066560,2156920832,2138046464,2131755008,2148532224,2146435072,2129657856,2146435072,2139095040,2543414023
2124414976,2147483648,2148532224,2129657856,2130706432,2148532224,2145386496,2128609280,2137522176,2138308608,2543430044
2131755008,2155872256,2146435072,2132803584,2129657856,2146435072,2145386496,2125463552,2141716480,2136735744,2543446044
2136997888,2146435072,2144337920,2120220672,2128609280,2145386496,2143289344,2125463552,2136997888,2135687168,2543462045
2123366400,2143289344,2141192192,2126512128,2128609280,2147483648,2143289344,2126512128,2133590016,2136473600,2543478045
2126512128,2161115136,2156920832,2132803584,2130706432,2148532224,2144337920,2127560704,2144337920,2137784320,2543494066
2143289344,2141192192,2141192192,2119172096,2131755008,2150629376,2146435072,2129657856,2136211456,2139619328,2543510065
2121269248,2153775104,2151677952,2138046464,2129657856,2147483648,2146435072,2128609280,2141192192,2138046464,2543526066
2122317824,2147483648,2141192192,2132803584,2129657856,2147483648,2144337920,2127560704,2135949312,2137260032,2543542067
2132803584,2151677952,2152726528,2131755008,2128609280,2146435072,2144337920,2125463552,2142240768,2136211456,2543558089
2121269248,2147483648,2143289344,2126512128,2128609280,2146435072,2144337920,2126512128,2134638592,2136473600,2543574088
2132803584,2146435072,2146435072,2123366400,2129657856,2147483648,2144337920,2126512128,2137260032,2136997888,2543590089
2142240768,2152726528,2142240768,2125463552,2130706432,2148532224,2146435072,2128609280,2140667904,2138570752,2543606087
2141192192,2154823680,2145386496,2128609280,2130706432,2148532224,2146435072,2128609280,2142502912,2138570752,2543622109
2126512128,2156920832,2157969408,2138046464,2129657856,2148532224,2144337920,2128609280,2144862208,2137784320,2543638108
2123366400,2147483648,2143289344,2130706432,2128609280,2146435072,2143289344,2125463552,2136211456,2135949312,2543655001
2133852160,2139095040,2135949312,2118123520,2129657856,2146435072,2143289344,2125463552,2131755008,2136211456,2543671001
2122317824,2165309440,2155872256,2139095040,2128609280,2147483648,2144337920,2127560704,2145648640,2136997888,2543687001
2134900736,2146435072,2146435072,2124414976,2129657856,2149580800,2146435072,2129657856,2138046464,2138832896,2543703001
2138046464,2153775104,2146435072,2125463552,2130706432,2148532224,2146435072,2128609280,2140930048,2138570752,2543719023
2125463552,2149580800,2151677952,2134900736,2129657856,2148532224,2145386496,2127560704,2140405760,2137784320,2543735024
2139095040,2141192192,2139095040,2122317824,2129657856,2146435072,2143289344,2125463552,2135425024,2136211456,2543751024
2121269248,2147483648,2141192192,2131755008,2129657856,2146435072,2144337920,2125463552,2135425024,2136473600,2543767023
2141192192,2150629376,2136997888,2128609280,2129657856,2147483648,2144337920,2126512128,2139357184,2136997888,2543783045
2143289344,2141192192,2140143616,2120220672,2130706432,2148532224,2145386496,2128609280,2136211456,2138308608,2543799045
2130706432,2160066560,2159017984,2131755008,2130706432,2148532224,2147483648,2129657856,2145386496,2139095040,2543815045
2141192192,2139095040,2139095040,2120220672,2130706432,2149580800,2145386496,2128609280,2134900736,2138570752,2543831047
2135949312,2139095040,2136997888,2120220672,2129657856,2146435072,2144337920,2126512128,2133065728,2136735744,2543847067
2121269248,2147483648,2151677952,2125463552,2129657856,2145386496,2143289344,2125463552,2136473600,2135949312,2543863068
2140143616,2151677952,2142240768,2129657856,2129657856,2146435072,2144337920,2126512128,2140930048,2136735744,2543879066
2129657856,2143289344,2140143616,2123366400,2129657856,2148532224,2146435072,2127560704,2134114304,2138046464,2543895068
2124414976,2154823680,2160066560,2138046464,2130706432,2149580800,2146435072,2129657856,2144337920,2139095040,2543911088
2135949312,2140143616,2144337920,2121269248,2129657856,2148532224,2145386496,2128609280,2135425024,2138046464,2543927087
2141192192,2150629376,2142240768,2125463552,2130706432,2147483648,2144337920,2126512128,2139881472,2137260032,2543943088
2140143616,2146435072,2138046464,2119172096,2128609280,2146435072,2143289344,2124414976,2135949312,2135687168,2543959087
2129657856,2140143616,2139095040,2120220672,2128609280,2146435072,2144337920,2125463552,2132279296,2136211456,2543975109
2122317824,2160066560,2155872256,2135949312,2129657856,2148532224,2145386496,2127560704,2143551488,2137784320,2543992001
2125463552,2148532224,2143289344,2131755008,2130706432,2148532224,2146435072,2129657856,2137260032,2138832896,2544008001
2123366400,2164260864,2155872256,2139095040,2130706432,2148532224,2146435072,2128609280,2145648640,2138570752,2544024000
2121269248,2149580800,2149580800,2134900736,2129657856,2147483648,2145386496,2127560704,2138832896,2137522176,2544040001
2123366400,2145386496,2141192192,2126512128,2129657856,2146435072,2144337920,2125463552,2134114304,2136473600,2544056023
2121269248,2147483648,2139095040,2128609280,2127560704,2147483648,2145386496,2126512128,2134114304,2136735744,2544072023
2122317824,2147483648,2139095040,2130706432,2129657856,2147483648,2145386496,2127560704,2134900736,2137522176,2544088022
2131755008,2160066560,2150629376,2133852160,2130706432,2147483648,2146435072,2128609280,2144075776,2138308608,2544104024
2123366400,2147483648,2155872256,2131755008,2130706432,2148532224,2146435072,2128609280,2139619328,2138570752,2544120047
2138046464,2141192192,2140143616,2122317824,2130706432,2147483648,2145386496,2126512128,2135425024,2137522176,2544136046
2126512128,2157969408,2156920832,2132803584,2129657856,2146435072,2145386496,2125463552,2143551488,2136735744,2544152044
2129657856,2140143616,2138046464,2121269248,2128609280,2145386496,2143289344,2125463552,2132279296,2135687168,2544168045
2132803584,2143289344,2136997888,2122317824,2129657856,2147483648,2144337920,2127560704,2133852160,2137260032,2544184066
2130706432,2159017984,2154823680,2131755008,2130706432,2149580800,2146435072,2128609280,2144075776,2138832896,2544200068
2143289344,2141192192,2145386496,2119172096,2130706432,2147483648,2146435072,2128609280,2137260032,2138308608,2544216065
2125463552,2162163712,2159017984,2142240768,2130706432,2148532224,2145386496,2128609280,2147221504,2138308608,2544232065
2123366400,2159017984,2155872256,2139095040,2128609280,2147483648,2144337920,2126512128,2144337920,2136735744,2544248087
2123366400,2154823680,2151677952,2140143616,2128609280,2147483648,2144337920,2126512128,2142502912,2136735744,2544264088
2125463552,2157969408,2154823680,2130706432,2128609280,2147483648,2144337920,2127560704,2142240768,2136997888,2544280087
2124414976,2160066560,2154823680,2138046464,2129657856,2148532224,2145386496,2128609280,2144337920,2138046464,2544296088
2124414976,2147483648,2147483648,2129657856,2130706432,2148532224,2146435072,2129657856,2137260032,2138832896,2544312107
2123366400,2142240768,2145386496,2125463552,2130706432,2147483648,2145386496,2128609280,2134114304,2138046464,2544328109
2141192192,2142240768,2141192192,2122317824,2130706432,2146435072,2144337920,2126512128,2136735744,2136997888,2544345001
2121269248,2147483648,2142240768,2131755008,2128609280,2146435072,2144337920,2125463552,2135687168,2136211456,2544361001
2139095040,2141192192,2138046464,2117074944,2128609280,2147483648,2144337920,2126512128,2133852160,2136735744,2544377001
2141192192,2149580800,2142240768,2127560704,2130706432,2147483648,2145386496,2127560704,2140143616,2137784320,2544393025
2135949312,2141192192,2139095040,2124414976,2129657856,2148532224,2146435072,2128609280,2135162880,2138308608,2544409022
2132803584,2154823680,2150629376,2132803584,2130706432,2148532224,2146435072,2129657856,2142765056,2138832896,2544425022
2142240768,2140143616,2138046464,2121269248,2130706432,2147483648,2145386496,2127560704,2135425024,2137784320,2544441024
2135949312,2138046464,2138046464,2122317824,2128609280,2146435072,2143289344,2125463552,2133590016,2135949312,2544457046
2127560704,2154823680,2156920832,2136997888,2129657856,2145386496,2144337920,2124414976,2144075776,2135949312,2544473044
2138046464,2153775104,2140143616,2130706432,2129657856,2147483648,2145386496,2127560704,2140667904,2137522176,2544489045
2125463552,2142240768,2141192192,2127560704,2130706432,2148532224,2146435072,2128609280,2134114304,2138570752,2544505045
2138046464,2141192192,2139095040,2122317824,2130706432,2149580800,2146435072,2128609280,2135162880,2138832896,2544521067
2135949312,2142240768,2138046464,2123366400,2129657856,2148532224,2145386496,2128609280,2134900736,2138046464,2544537067
2124414976,2159017984,2160066560,2131755008,2128609280,2146435072,2145386496,2126512128,2143813632,2136735744,2544553068
2123366400,2154823680,2156920832,2135949312,2128609280,2146435072,2143289344,2126512128,2142765056,2136211456,2544569067
2127560704,2153775104,2153775104,2129657856,2129657856,2147483648,2145386496,2126512128,2141192192,2137260032,2544585088
2125463552,2144337920,2147483648,2126512128,2129657856,2149580800,2145386496,2129657856,2135949312,2138570752,2544601088
2123366400,2155872256,2154823680,2145386496,2130706432,2148532224,2147483648,2128609280,2144862208,2138832896,2544617088
2124414976,2147483648,2147483648,2129657856,2129657856,2148532224,2145386496,2128609280,2137260032,2138046464,2544633087
2122317824,2155872256,2150629376,2138046464,2129657856,2147483648,2144337920,2126512128,2141716480,2136997888,2544649111
2122317824,2148532224,2139095040,2131755008,2128609280,2146435072,2144337920,2125463552,2135425024,2136211456,2544665108
2121269248,2149580800,2142240768,2132803584,2129657856,2148532224,2144337920,2127560704,2136473600,2137522176,2544682001
2123366400,2147483648,2142240768,2131755008,2130706432,2148532224,2145386496,2128609280,2136211456,2138308608,2544698001
2124414976,2143289344,2149580800,2125463552,2131755008,2147483648,2146435072,2128609280,2135687168,2138570752,2544714001
2140143616,2140143616,2146435072,2121269248,2130706432,2148532224,2145386496,2128609280,2136997888,2138308608,2544730001
2140143616,2139095040,2138046464,2117074944,2129657856,2146435072,2144337920,2125463552,2133590016,2136473600,2544746023
2133852160,2140143616,2139095040,2120220672,2128609280,2146435072,2143289344,2125463552,2133327872,2135949312,2544762024
2121269248,2155872256,2154823680,2139095040,2129657856,2147483648,2144337920,2126512128,2142765056,2136997888,2544778024
2126512128,2160066560,2160066560,2133852160,2129657856,2149580800,2145386496,2128609280,2145124352,2138308608,2544794022
2129657856,2157969408,2151677952,2131755008,2130706432,2148532224,2146435072,2128609280,2142765056,2138570752,2544810045
2132803584,2153775104,2153775104,2133852160,2131755008,2147483648,2146435072,2128609280,2143551488,2138570752,2544826045
2132803584,2140143616,2140143616,2121269248,2130706432,2146435072,2144337920,2125463552,2133590016,2136735744,2544842045
2122317824,2147483648,2143289344,2128609280,2128609280,2145386496,2143289344,2125463552,2135425024,2135687168,2544858046
2122317824,2156920832,2151677952,2139095040,2129657856,2147483648,2143289344,2125463552,2142502912,2136473600,2544874067
2123366400,2155872256,2155872256,2139095040,2129657856,2147483648,2144337920,2127560704,2143551488,2137260032,2544890066
2125463552,2161115136,2159017984,2132803584,2130706432,2149580800,2147483648,2129657856,2144600064,2139357184,2544906067
2124414976,2143289344,2144337920,2128609280,2131755008,2149580800,2146435072,2129657856,2135162880,2139357184,2544922064
2129657856,2143289344,2143289344,2125463552,2129657856,2147483648,2145386496,2127560704,2135425024,2137522176,2544938089
2143289344,2142240768,2136997888,2116026368,2129657856,2146435072,2144337920,2126512128,2134638592,2136735744,2544954088
2122317824,2160066560,2155872256,2136997888,2128609280,2147483648,2144337920,2125463552,2143813632,2136473600,2544970088
2121269248,2149580800,2142240768,2132803584,2129657856,2147483648,2144337920,2126512128,2136473600,2136997888,2544986086
2142240768,2146435072,2141192192,2121269248,2130706432,2148532224,2145386496,2128609280,2137784320,2138308608,2545002109
2129657856,2144337920,2138046464,2126512128,2131755008,2148532224,2146435072,2128609280,2134638592,2138832896,2545019001
2126512128,2163212288,2160066560,2138046464,2130706432,2147483648,2145386496,2127560704,2146959360,2137784320,2545035001
2121269248,2143289344,2139095040,2123366400,2128609280,2147483648,2143289344,2127560704,2131755008,2136735744,2545051001
2135949312,2146435072,2144337920,2119172096,2128609280,2147483648,2144337920,2126512128,2136473600,2136735744,2545067001
2127560704,2154823680,2155872256,2133852160,2129657856,2146435072,2144337920,2126512128,2143027200,2136735744,2545083023
2126512128,2162163712,2156920832,2132803584,2129657856,2148532224,2146435072,2128609280,2144600064,2138308608,2545099024
2123366400,2151677952,2147483648,2134900736,2130706432,2149580800,2146435072,2130706432,2139357184,2139357184,2545115023
2141192192,2143289344,2141192192,2122317824,2129657856,2148532224,2146435072,2128609280,2136997888,2138308608,2545131024
2133852160,2152726528,2149580800,2133852160,2129657856,2147483648,2144337920,2126512128,2142502912,2136997888,2545147045
2123366400,2156920832,2160066560,2130706432,2128609280,2146435072,2144337920,2126512128,2142765056,2136473600,2545163045
2138046464,2139095040,2135949312,2118123520,2128609280,2147483648,2144337920,2126512128,2132803584,2136735744,2545179046
2122317824,2155872256,2147483648,2139095040,2129657856,2148532224,2145386496,2128609280,2141192192,2138046464,2545195045
2125463552,2147483648,2140143616,2127560704,2130706432,2148532224,2146435072,2129657856,2135162880,2138832896,2545211067
2125463552,2159017984,2162163712,2136997888,2130706432,2148532224,2146435072,2128609280,2145910784,2138570752,2545227066
2138046464,2143289344,2138046464,2122317824,2129657856,2147483648,2144337920,2126512128,2135425024,2136997888,2545243065
2122317824,2151677952,2142240768,2134900736,2128609280,2146435072,2143289344,2126512128,2137784320,2136211456,2545259068
2139095040,2145386496,2140143616,2120220672,2128609280,2146435072,2144337920,2126512128,2136211456,2136473600,2545275089
2126512128,2159017984,2154823680,2138046464,2130706432,2147483648,2146435072,2127560704,2144600064,2138046464,2545291091
2124414976,2142240768,2141192192,2123366400,2131755008,2148532224,2146435072,2128609280,2132803584,2138832896,2545307087
2133852160,2142240768,2140143616,2124414976,2130706432,2148532224,2146435072,2128609280,2135162880,2138570752,2545323088
2125463552,2143289344,2143289344,2124414976,2129657856,2147483648,2146435072,2127560704,2134114304,2137784320,2545339110
2123366400,2162163712,2157969408,2138046464,2128609280,2146435072,2144337920,2126512128,2145386496,2136473600,2545355109
2139095040,2140143616,2138046464,2121269248,2129657856,2146435072,2144337920,2125463552,2134638592,2136473600,2545372001
2125463552,2162163712,2157969408,2135949312,2129657856,2147483648,2145386496,2126512128,2145386496,2137260032,2545388001
2140143616,2146435072,2145386496,2121269248,2130706432,2148532224,2145386496,2129657856,2138308608,2138570752,2545404001
2139095040,2146435072,2146435072,2122317824,2130706432,2149580800,2147483648,2129657856,2138570752,2139357184,2545420023
2124414976,2144337920,2142240768,2128609280,2129657856,2147483648,2145386496,2127560704,2134900736,2137522176,2545436023
2121269248,2147483648,2139095040,2130706432,2129657856,2146435072,2143289344,2126512128,2134638592,2136473600,2545452024
2120220672,2159017984,2152726528,2138046464,2128609280,2147483648,2143289344,2126512128,2142502912,2136473600,2545468023
2123366400,2156920832,2156920832,2134900736,2129657856,2147483648,2145386496,2127560704,2143027200,2137522176,2545484045
2130706432,2155872256,2149580800,2133852160,2130706432,2148532224,2146435072,2128609280,2142502912,2138570752,2545500045
2130706432,2152726528,2153775104,2129657856,2131755008,2148532224,2145386496,2128609280,2141716480,2138570752,2545516046
2141192192,2153775104,2138046464,2123366400,2129657856,2149580800,2145386496,2128609280,2139095040,2138308608,2545532047
2140143616,2149580800,2138046464,2129657856,2129657856,2146435072,2144337920,2126512128,2139357184,2136735744,2545548067
2123366400,2157969408,2155872256,2138046464,2128609280,2146435072,2144337920,2125463552,2143813632,2136211456,2545564065
2127560704,2154823680,2151677952,2134900736,2130706432,2146435072,2144337920,2126512128,2142240768,2136997888,2545580066
2146435072,2152726528,2140143616,2128609280,2130706432,2148532224,2146435072,2128609280,2141978624,2138570752,2545596068
2135949312,2143289344,2138046464,2122317824,2130706432,2148532224,2147483648,2128609280,2134900736,2138832896,2545612088
2123366400,2150629376,2141192192,2134900736,2130706432,2148532224,2146435072,2129657856,2137522176,2138832896,2545628086
2141192192,2146435072,2139095040,2119172096,2129657856,2147483648,2144337920,2127560704,2136473600,2137260032,2545644087
2135949312,2141192192,2138046464,2120220672,2129657856,2146435072,2143289344,2125463552,2133852160,2136211456,2545660088
2138046464,2140143616,2138046464,2116026368,2129657856,2146435072,2144337920,2125463552,2133065728,2136473600,2545676109
2138046464,2150629376,2135949312,2125463552,2130706432,2147483648,2144337920,2127560704,2137522176,2137522176,2545692106
2125463552,2142240768,2141192192,2124414976,2131755008,2149580800,2146435072,2128609280,2133327872,2139095040,2545709001
2132803584,2160066560,2155872256,2139095040,2131755008,2149580800,2146435072,2129657856,2146959360,2139357184,2545725001
2133852160,2152726528,2151677952,2127560704,2129657856,2146435072,2145386496,2126512128,2141454336,2136997888,2545741001
2139095040,2141192192,2138046464,2118123520,2128609280,2146435072,2144337920,2125463552,2134114304,2136211456,2545757001
2121269248,2151677952,2144337920,2134900736,2129657856,2146435072,2143289344,2125463552,2138046464,2136211456,2545773024
2126512128,2155872256,2154823680,2131755008,2129657856,2148532224,2145386496,2127560704,2142240768,2137784320,2545789024
2132803584,2153775104,2153775104,2127560704,2130706432,2149580800,2145386496,2128609280,2141978624,2138570752,2545805024
2123366400,2147483648,2149580800,2127560704,2130706432,2148532224,2147483648,2129657856,2136997888,2139095040,2545821024
2122317824,2154823680,2147483648,2138046464,2129657856,2147483648,2145386496,2127560704,2140667904,2137522176,2545837046
2135949312,2139095040,2134900736,2119172096,2129657856,2146435072,2144337920,2125463552,2132279296,2136473600,2545853047
2127560704,2160066560,2154823680,2130706432,2128609280,2146435072,2143289344,2125463552,2143289344,2135949312,2545869045
2134900736,2142240768,2135949312,2122317824,2129657856,2146435072,2145386496,2126512128,2133852160,2136997888,2545885044
2129657856,2151677952,2153775104,2129657856,2130706432,2148532224,2146435072,2128609280,2141192192,2138570752,2545901066
2124414976,2162163712,2147483648,2145386496,2130706432,2148532224,2146435072,2129657856,2144862208,2138832896,2545917067
2127560704,2160066560,2155872256,2141192192,2129657856,2148532224,2146435072,2128609280,2146172928,2138308608,2545933066
2140143616,2142240768,2138046464,2118123520,2129657856,2146435072,2144337920,2125463552,2134638592,2136473600,2545949065
2141192192,2135949312,2138046464,2114977792,2128609280,2147483648,2144337920,2126512128,2132541440,2136735744,2545965090
2131755008,2140143616,2138046464,2122317824,2129657856,2147483648,2145386496,2126512128,2133065728,2137260032,2545981090
2123366400,2148532224,2144337920,2134900736,2130706432,2147483648,2145386496,2128609280,2137784320,2138046464,2545997089
2140143616,2140143616,2138046464,2121269248,2130706432,2148532224,2146435072,2129657856,2134900736,2138832896,2546013085
2123366400,2151677952,2147483648,2139095040,2129657856,2149580800,2146435072,2129657856,2140405760,2138832896,2546029109
2121269248,2147483648,2143289344,2126512128,2129657856,2147483648,2144337920,2127560704,2134638592,2137260032,2546046001
2131755008,2141192192,2135949312,2122317824,2129657856,2145386496,2143289344,2125463552,2132803584,2135949312,2546062001
2126512128,2160066560,2153775104,2135949312,2129657856,2147483648,2144337920,2127560704,2144075776,2137260032,2546078001
2122317824,2160066560,2151677952,2139095040,2130706432,2148532224,2145386496,2128609280,2143289344,2138308608,2546094001
2126512128,2159017984,2153775104,2134900736,2129657856,2149580800,2146435072,2129657856,2143551488,2138832896,2546110024
2129657856,2144337920,2141192192,2126512128,2130706432,2148532224,2145386496,2128609280,2135425024,2138308608,2546126025
2142240768,2146435072,2138046464,2119172096,2130706432,2146435072,2144337920,2126512128,2136473600,2136997888,2546142024
2144337920,2139095040,2139095040,2117074944,2129657856,2146435072,2143289344,2125463552,2134900736,2136211456,2546158024
2133852160,2138046464,2139095040,2121269248,2129657856,2146435072,2144337920,2125463552,2133065728,2136473600,2546174045
2122317824,2143289344,2139095040,2122317824,2129657856,2147483648,2146435072,2127560704,2131755008,2137784320,2546190046
2125463552,2147483648,2143289344,2126512128,2131755008,2148532224,2145386496,2128609280,2135687168,2138570752,2546206043
2130706432,2156920832,2157969408,2136997888,2130706432,2148532224,2146435072,2128609280,2145648640,2138570752,2546222045
2129657856,2140143616,2136997888,2121269248,2129657856,2148532224,2145386496,2128609280,2132017152,2138046464,2546238068
2136997888,2150629376,2146435072,2121269248,2129657856,2146435072,2143289344,2126512128,2138832896,2136473600,2546254066
2136997888,2142240768,2135949312,2117074944,2128609280,2147483648,2144337920,2126512128,2133065728,2136735744,2546270065
2142240768,2141192192,2140143616,2120220672,2129657856,2147483648,2145386496,2126512128,2135949312,2137260032,2546286068
2132803584,2153775104,2151677952,2127560704,2130706432,2149580800,2146435072,2129657856,2141454336,2139095040,2546302088
2141192192,2151677952,2146435072,2121269248,2130706432,2148532224,2147483648,2128609280,2140143616,2138832896,2546318089
2134900736,2142240768,2138046464,2123366400,2130706432,2147483648,2146435072,2127560704,2134638592,2138046464,2546334085
2135949312,2141192192,2138046464,2118123520,2129657856,2146435072,2144337920,2126512128,2133327872,2136735744,2546350089
2122317824,2147483648,2141192192,2130706432,2128609280,2146435072,2143289344,2125463552,2135425024,2135949312,2546366108
2123366400,2159017984,2153775104,2130706432,2129657856,2147483648,2144337920,2126512128,2141716480,2136997888,2546382109
2134900736,2146435072,2146435072,2121269248,2130706432,2148532224,2146435072,2128609280,2137260032,2138570752,2546399001
2132803584,2140143616,2138046464,2121269248,2130706432,2148532224,2146435072,2128609280,2133065728,2138570752,2546415001
2141192192,2143289344,2144337920,2123366400,2130706432,2147483648,2145386496,2127560704,2138046464,2137784320,2546431001
2139095040,2143289344,2146435072,2119172096,2129657856,2146435072,2145386496,2126512128,2136997888,2136997888,2546447025
2124414976,2156920832,2154823680,2131755008,2128609280,2146435072,2144337920,2125463552,2141978624,2136211456,2546463023
2138046464,2142240768,2134900736,2120220672,2129657856,2146435072,2144337920,2126512128,2133852160,2136735744,2546479023
2124414976,2153775104,2157969408,2135949312,2129657856,2148532224,2145386496,2128609280,2143027200,2138046464,2546495026
2130706432,2154823680,2159017984,2135949312,2131755008,2148532224,2146435072,2128609280,2145124352,2138832896,2546511045
2131755008,2156920832,2154823680,2131755008,2130706432,2148532224,2146435072,2128609280,2143813632,2138570752,2546527044
2126512128,2156920832,2159017984,2131755008,2129657856,2147483648,2144337920,2126512128,2143551488,2136997888,2546543045
2131755008,2141192192,2140143616,2120220672,2129657856,2145386496,2144337920,2124414976,2133327872,2135949312,2546559045
2122317824,2147483648,2149580800,2128609280,2128609280,2146435072,2144337920,2125463552,2136997888,2136211456,2546575066
2123366400,2148532224,2147483648,2131755008,2130706432,2147483648,2144337920,2127560704,2137784320,2137522176,2546591065
2143289344,2138046464,2139095040,2121269248,2131755008,2148532224,2146435072,2129657856,2135425024,2139095040,2546607068
2141192192,2139095040,2139095040,2121269248,2130706432,2148532224,2146435072,2129657856,2135162880,2138832896,2546623067
2131755008,2140143616,2136997888,2121269248,2129657856,2147483648,2145386496,2127560704,2132541440,2137522176,2546639087
2127560704,2160066560,2152726528,2134900736,2129657856,2146435072,2143289344,2125463552,2143813632,2136211456,2546655086
2133852160,2138046464,2136997888,2119172096,2129657856,2146435072,2144337920,2125463552,2132017152,2136473600,2546671087
2132803584,2153775104,2152726528,2132803584,2129657856,2147483648,2145386496,2127560704,2143027200,2137522176,2546687087
2124414976,2145386496,2147483648,2126512128,2130706432,2148532224,2146435072,2129657856,2135949312,2138832896,2546703109
2124414976,2157969408,2155872256,2140143616,2130706432,2148532224,2146435072,2129657856,2144600064,2138832896,2546719107
2135949312,2139095040,2136997888,2121269248,2130706432,2147483648,2144337920,2127560704,2133327872,2137522176,2546736001
2125463552,2155872256,2159017984,2129657856,2129657856,2146435072,2144337920,2125463552,2142502912,2136473600,2546752001
2135949312,2141192192,2135949312,2118123520,2128609280,2147483648,2144337920,2126512128,2132803584,2136735744,2546768001
2122317824,2160066560,2152726528,2140143616,2128609280,2147483648,2144337920,2127560704,2143813632,2136997888,2546784001
2125463552,2160066560,2160066560,2133852160,2130706432,2148532224,2145386496,2128609280,2144862208,2138308608,2546800023
2133852160,2140143616,2141192192,2123366400,2131755008,2148532224,2147483648,2128609280,2134638592,2139095040,2546816024
2124414976,2160066560,2154823680,2140143616,2130706432,2147483648,2145386496,2128609280,2144862208,2138046464,2546832023
2132803584,2140143616,2141192192,2121269248,2129657856,2146435072,2143289344,2127560704,2133852160,2136735744,2546848022
2120220672,2154823680,2151677952,2138046464,2129657856,2145386496,2143289344,2124414976,2141192192,2135687168,2546864045
2136997888,2138046464,2135949312,2117074944,2129657856,2146435072,2145386496,2125463552,2132017152,2136735744,2546880044
2138046464,2146435072,2138046464,2122317824,2131755008,2147483648,2145386496,2127560704,2136211456,2138046464,2546896047
2134900736,2138046464,2141192192,2126512128,2130706432,2148532224,2146435072,2129657856,2135162880,2138832896,2546912044
2142240768,2140143616,2139095040,2126512128,2130706432,2148532224,2146435072,2128609280,2136997888,2138570752,2546928066
2123366400,2147483648,2139095040,2130706432,2129657856,2147483648,2144337920,2127560704,2135162880,2137260032,2546944066
2136997888,2141192192,2136997888,2119172096,2128609280,2146435072,2144337920,2125463552,2133590016,2136211456,2546960066
2123366400,2156920832,2157969408,2138046464,2128609280,2146435072,2144337920,2126512128,2144075776,2136473600,2546976066
2132803584,2141192192,2139095040,2122317824,2130706432,2148532224,2145386496,2127560704,2133852160,2138046464,2546992087
2142240768,2141192192,2138046464,2122317824,2130706432,2147483648,2146435072,2128609280,2135949312,2138308608,2547008087
2123366400,2164260864,2147483648,2143289344,2129657856,2149580800,2146435072,2129657856,2144600064,2138832896,2547024088
2129657856,2145386496,2139095040,2126512128,2130706432,2147483648,2145386496,2127560704,2135162880,2137784320,2547040085
2123366400,2141192192,2138046464,2124414976,2128609280,2146435072,2143289344,2126512128,2131755008,2136211456,2547056109
2122317824,2151677952,2152726528,2136997888,2128609280,2146435072,2144337920,2126512128,2140930048,2136473600,2547073001
2141192192,2146435072,2146435072,2123366400,2130706432,2148532224,2145386496,2127560704,2139357184,2138046464,2547089001
2144337920,2141192192,2140143616,2119172096,2130706432,2148532224,2146435072,2129657856,2136211456,2138832896,2547105001
2123366400,2162163712,2152726528,2138046464,2130706432,2148532224,2146435072,2128609280,2144075776,2138570752,2547121001
2125463552,2149580800,2155872256,2132803584,2130706432,2147483648,2144337920,2127560704,2140930048,2137522176,2547137023
2122317824,2145386496,2153775104,2129657856,2129657856,2145386496,2144337920,2125463552,2137784320,2136211456,2547153023
2128609280,2141192192,2141192192,2122317824,2129657856,2146435072,2144337920,2125463552,2133327872,2136473600,2547169023
2124414976,2163212288,2157969408,2134900736,2129657856,2146435072,2145386496,2126512128,2145124352,2136997888,2547185023
2140143616,2140143616,2138046464,2121269248,2129657856,2148532224,2146435072,2128609280,2134900736,2138308608,2547201044
2140143616,2143289344,2139095040,2123366400,2130706432,2149580800,2146435072,2129657856,2136473600,2139095040,2547217046
2129657856,2142240768,2140143616,2124414976,2129657856,2148532224,2145386496,2128609280,2134114304,2138046464,2547233044
2135949312,2146435072,2146435072,2120220672,2129657856,2147483648,2145386496,2127560704,2137260032,2137522176,2547249047
2138046464,2142240768,2146435072,2121269248,2129657856,2146435072,2143289344,2125463552,2136997888,2136211456,2547265069
2141192192,2139095040,2138046464,2116026368,2129657856,2147483648,2144337920,2126512128,2133590016,2136997888,2547281069
2141192192,2146435072,2136997888,2124414976,2131755008,2148532224,2145386496,2128609280,2137260032,2138570752,2547297067
2139095040,2142240768,2139095040,2123366400,2130706432,2148532224,2146435072,2128609280,2135949312,2138570752,2547313069
2134900736,2152726528,2151677952,2126512128,2130706432,2148532224,2146435072,2128609280,2141454336,2138570752,2547329087
2132803584,2155872256,2150629376,2133852160,2129657856,2147483648,2144337920,2126512128,2143289344,2136997888,2547345088
2124414976,2138046464,2139095040,2121269248,2127560704,2147483648,2144337920,2126512128,2130706432,2136473600,2547361086
2121269248,2151677952,2147483648,2134900736,2129657856,2146435072,2144337920,2126512128,2138832896,2136735744,2547377089
2134900736,2146435072,2144337920,2122317824,2130706432,2148532224,2145386496,2127560704,2136997888,2138046464,2547393108
2140143616,2143289344,2146435072,2121269248,2130706432,2148532224,2146435072,2128609280,2137784320,2138570752,2547409111
2129657856,2143289344,2147483648,2126512128,2131755008,2147483648,2145386496,2128609280,2136735744,2138308608,2547426000
2127560704,2162163712,2154823680,2134900736,2130706432,2146435072,2144337920,2125463552,2144862208,2136735744,2547442001
2135949312,2139095040,2140143616,2117074944,2129657856,2146435072,2143289344,2125463552,2133065728,2136211456,2547458001
2122317824,2157969408,2147483648,2139095040,2129657856,2147483648,2144337920,2126512128,2141716480,2136997888,2547474024
2122317824,2162163712,2147483648,2139095040,2129657856,2148532224,2145386496,2127560704,2142765056,2137784320,2547490023
2122317824,2160066560,2151677952,2139095040,2130706432,2149580800,2146435072,2128609280,2143289344,2138832896,2547506022
2125463552,2143289344,2142240768,2121269248,2131755008,2147483648,2145386496,2128609280,2133065728,2138308608,2547522023
2125463552,2147483648,2138046464,2127560704,2129657856,2147483648,2144337920,2127560704,2134638592,2137260032,2547538046
2134900736,2153775104,2145386496,2128609280,2129657856,2147483648,2144337920,2126512128,2140667904,2136997888,2547554044
2123366400,2141192192,2138046464,2122317824,2129657856,2145386496,2143289344,2125463552,2131230720,2135949312,2547570047
2140143616,2141192192,2146435072,2116026368,2129657856,2147483648,2145386496,2126512128,2135949312,2137260032,2547586044
2123366400,2151677952,2155872256,2136997888,2130706432,2148532224,2146435072,2128609280,2141978624,2138570752,2547602067
2124414976,2160066560,2152726528,2143289344,2130706432,2148532224,2146435072,2129657856,2145124352,2138832896,2547618064
2122317824,2153775104,2150629376,2138046464,2130706432,2147483648,2145386496,2128609280,2141192192,2138046464,2547634066
2132803584,2152726528,2151677952,2129657856,2129657856,2146435072,2143289344,2126512128,2141716480,2136473600,2547650067
2124414976,2157969408,2152726528,2132803584,2128609280,2146435072,2144337920,2125463552,2141978624,2136211456,2547666089
2123366400,2140143616,2136997888,2124414976,2128609280,2147483648,2144337920,2127560704,2131230720,2136997888,2547682085
2122317824,2147483648,2143289344,2131755008,2129657856,2148532224,2146435072,2128609280,2136211456,2138308608,2547698086
2129657856,2162163712,2154823680,2136997888,2130706432,2148532224,2146435072,2128609280,2145910784,2138570752,2547714088
2141192192,2155872256,2142240768,2130706432,2130706432,2148532224,2145386496,2128609280,2142502912,2138308608,2547730111
2138046464,2142240768,2140143616,2118123520,2129657856,2146435072,2145386496,2125463552,2134638592,2136735744,2547746107
2121269248,2140143616,2143289344,2119172096,2129657856,2146435072,2143289344,2125463552,2130968576,2136211456,2547763001
2122317824,2151677952,2153775104,2135949312,2129657856,2147483648,2144337920,2126512128,2140930048,2136997888,2547779001
2122317824,2161115136,2157969408,2133852160,2130706432,2147483648,2145386496,2127560704,2143813632,2137784320,2547795001
2132803584,2143289344,2143289344,2124414976,2130706432,2148532224,2146435072,2129657856,2135949312,2138832896,2547811000
2144337920,2142240768,2139095040,2122317824,2130706432,2147483648,2145386496,2128609280,2136997888,2138046464,2547827024
2136997888,2142240768,2146435072,2123366400,2130706432,2146435072,2144337920,2126512128,2137260032,2136997888,2547843025
2136997888,2140143616,2140143616,2117074944,2128609280,2145386496,2143289344,2125463552,2133590016,2135687168,2547859024
2134900736,2150629376,2146435072,2121269248,2129657856,2146435072,2144337920,2125463552,2138308608,2136473600,2547875023
2124414976,2147483648,2136997888,2127560704,2129657856,2147483648,2145386496,2127560704,2134114304,2137522176,2547891044
2140143616,2140143616,2138046464,2121269248,2130706432,2148532224,2146435072,2128609280,2134900736,2138570752,2547907047
2123366400,2147483648,2141192192,2131755008,2130706432,2148532224,2146435072,2128609280,2135949312,2138570752,2547923047
2133852160,2143289344,2141192192,2122317824,2130706432,2146435072,2144337920,2126512128,2135162880,2136997888,2547939044
2122317824,2156920832,2160066560,2133852160,2129657856,2146435072,2144337920,2125463552,2143289344,2136473600,2547955068
2121269248,2157969408,2151677952,2138046464,2128609280,2146435072,2144337920,2125463552,2142240768,2136211456,2547971067
2133852160,2135949312,2136997888,2119172096,2130706432,2147483648,2144337920,2126512128,2131492864,2137260032,2547987069
2136997888,2151677952,2144337920,2125463552,2130706432,2149580800,2146435072,2129657856,2139619328,2139095040,2548003065
2123366400,2144337920,2139095040,2128609280,2129657856,2148532224,2146435072,2128609280,2133852160,2138308608,2548019087
2123366400,2147483648,2141192192,2130706432,2129657856,2148532224,2145386496,2128609280,2135687168,2138046464,2548035088
2128609280,2155872256,2152726528,2133852160,2128609280,2146435072,2144337920,2125463552,2142765056,2136211456,2548051088
2136997888,2149580800,2146435072,2126512128,2128609280,2146435072,2143289344,2125463552,2139881472,2135949312,2548067086
2132803584,2143289344,2147483648,2119172096,2129657856,2147483648,2145386496,2126512128,2135687168,2137260032,2548083109
2127560704,2157969408,2159017984,2133852160,2130706432,2148532224,2145386496,2128609280,2144600064,2138308608,2548100001
2128609280,2147483648,2140143616,2126512128,2130706432,2148532224,2146435072,2129657856,2135687168,2138832896,2548116001
2141192192,2156920832,2146435072,2134900736,2130706432,2147483648,2145386496,2128609280,2144862208,2138046464,2548132001
2141192192,2142240768,2138046464,2121269248,2129657856,2146435072,2144337920,2125463552,2135687168,2136473600,2548148001
2131755008,2139095040,2138046464,2119172096,2127560704,2146435072,2143289344,2125463552,2132017152,2135687168,2548164023
2125463552,2155872256,2156920832,2129657856,2129657856,2147483648,2144337920,2126512128,2141978624,2136997888,2548180023
2123366400,2143289344,2140143616,2124414976,2129657856,2146435072,2145386496,2127560704,2132803584,2137260032,2548196023
2138046464,2143289344,2139095040,2122317824,2130706432,2148532224,2146435072,2128609280,2135687168,2138570752,2548212023
2132803584,2143289344,2142240768,2123366400,2130706432,2148532224,2146435072,2128609280,2135425024,2138570752,2548228047
2138046464,2141192192,2138046464,2117074944,2129657856,2148532224,2145386496,2127560704,2133590016,2137784320,2548244045
2142240768,2146435072,2138046464,2121269248,2128609280,2146435072,2144337920,2125463552,2136997888,2136211456,2548260045
2134900736,2150629376,2146435072,2128609280,2128609280,2146435072,2144337920,2125463552,2140143616,2136211456,2548276045
2123366400,2154823680,2156920832,2133852160,2130706432,2147483648,2145386496,2127560704,2142240768,2137784320,2548292067
2142240768,2143289344,2140143616,2123366400,2130706432,2148532224,2146435072,2128609280,2137260032,2138570752,2548308068
2129657856,2143289344,2142240768,2122317824,2131755008,2148532224,2146435072,2128609280,2134376448,2138832896,2548324066
2129657856,2143289344,2139095040,2124414976,2129657856,2147483648,2144337920,2127560704,2134114304,2137260032,2548340066
2124414976,2157969408,2159017984,2134900736,2128609280,2147483648,2144337920,2126512128,2144075776,2136735744,2548356089
2121269248,2144337920,2138046464,2126512128,2128609280,2146435072,2144337920,2125463552,2132541440,2136211456,2548372090
2135949312,2150629376,2142240768,2128609280,2129657856,2147483648,2144337920,2127560704,2139357184,2137260032,2548388085
2122317824,2149580800,2147483648,2134900736,2131755008,2148532224,2146435072,2128609280,2138570752,2138832896,2548404088
2134900736,2154823680,2146435072,2127560704,2130706432,2148532224,2146435072,2128609280,2140930048,2138570752,2548420108
2125463552,2143289344,2142240768,2126512128,2130706432,2147483648,2145386496,2126512128,2134376448,2137522176,2548436108
2131755008,2156920832,2152726528,2130706432,2128609280,2147483648,2145386496,2126512128,2143027200,2136997888,2548453001
2123366400,2141192192,2139095040,2122317824,2128609280,2146435072,2144337920,2126512128,2131492864,2136473600,2548469001
2135949312,2139095040,2135949312,2118123520,2129657856,2148532224,2144337920,2127560704,2132279296,2137522176,2548485001
2139095040,2146435072,2146435072,2123366400,2131755008,2147483648,2145386496,2127560704,2138832896,2138046464,2548501022
2140143616,2141192192,2140143616,2123366400,2129657856,2149580800,2146435072,2129657856,2136211456,2138832896,2548517022
2145386496,2140143616,2141192192,2120220672,2130706432,2147483648,2146435072,2128609280,2136735744,2138308608,2548533024
2141192192,2138046464,2136997888,2120220672,2129657856,2147483648,2143289344,2126512128,2134114304,2136735744,2548549024
2141192192,2148532224,2139095040,2126512128,2129657856,2146435072,2143289344,2125463552,2138832896,2136211456,2548565045
2120220672,2149580800,2147483648,2132803584,2128609280,2147483648,2144337920,2126512128,2137522176,2136735744,2548581043
2124414976,2142240768,2140143616,2125463552,2130706432,2148532224,2145386496,2127560704,2133065728,2138046464,2548597047
2131755008,2160066560,2153775104,2135949312,2130706432,2148532224,2146435072,2128609280,2145386496,2138570752,2548613046
2127560704,2154823680,2161115136,2138046464,2131755008,2147483648,2145386496,2127560704,2145386496,2138046464,2548629068
2124414976,2154823680,2157969408,2136997888,2128609280,2147483648,2145386496,2127560704,2143551488,2137260032,2548645064
2140143616,2138046464,2138046464,2120220672,2128609280,2146435072,2144337920,2125463552,2134114304,2136211456,2548661069
2123366400,2156920832,2157969408,2140143616,2129657856,2147483648,2143289344,2126512128,2144600064,2136735744,2548677068
2122317824,2145386496,2147483648,2126512128,2130706432,2147483648,2145386496,2127560704,2135425024,2137784320,2548693089
2135949312,2146435072,2146435072,2122317824,2130706432,2148532224,2146435072,2128609280,2137784320,2138570752,2548709088
2134900736,2142240768,2140143616,2122317824,2131755008,2148532224,2146435072,2128609280,2134900736,2138832896,2548725090
2134900736,2154823680,2150629376,2123366400,2129657856,2147483648,2145386496,2127560704,2140930048,2137522176,2548741087
2126512128,2155872256,2156920832,2131755008,2129657856,2145386496,2144337920,2125463552,2142765056,2136211456,2548757110
2123366400,2152726528,2159017984,2134900736,2128609280,2146435072,2144337920,2125463552,2142502912,2136211456,2548773107
2134900736,2143289344,2150629376,2125463552,2129657856,2148532224,2146435072,2128609280,2138570752,2138308608,2548790001
2141192192,2141192192,2139095040,2119172096,2131755008,2148532224,2146435072,2128609280,2135162880,2138832896,2548806001
2124414976,2147483648,2151677952,2128609280,2131755008,2148532224,2146435072,2128609280,2138046464,2138832896,2548822001
2123366400,2147483648,2148532224,2131755008,2130706432,2147483648,2145386496,2127560704,2137784320,2137784320,2548838001
2136997888,2141192192,2140143616,2120220672,2129657856,2146435072,2144337920,2125463552,2134638592,2136473600,2548854022
2135949312,2142240768,2138046464,2120220672,2129657856,2146435072,2144337920,2125463552,2134114304,2136473600,2548870025
2135949312,2138046464,2138046464,2121269248,2129657856,2147483648,2144337920,2127560704,2133327872,2137260032,2548886023
2141192192,2140143616,2138046464,2120220672,2130706432,2148532224,2146435072,2128609280,2134900736,2138570752,2548902022
2138046464,2145386496,2140143616,2124414976,2130706432,2148532224,2145386496,2128609280,2136997888,2138308608,2548918045
2124414976,2151677952,2151677952,2135949312,2130706432,2147483648,2145386496,2127560704,2140930048,2137784320,2548934047
2123366400,2147483648,2141192192,2131755008,2128609280,2147483648,2144337920,2127560704,2135949312,2136997888,2548950046
2133852160,2138046464,2135949312,2118123520,2128609280,2146435072,2144337920,2124414976,2131492864,2135949312,2548966043
2122317824,2144337920,2139095040,2126512128,2129657856,2147483648,2144337920,2126512128,2133065728,2136997888,2548982066
2140143616,2146435072,2138046464,2123366400,2130706432,2148532224,2145386496,2128609280,2136997888,2138308608,2548998068
2133852160,2143289344,2140143616,2124414976,2131755008,2149580800,2147483648,2129657856,2135425024,2139619328,2549014066
2125463552,2161115136,2159017984,2141192192,2129657856,2149580800,2146435072,2128609280,2146697216,2138570752,2549030064
2122317824,2153775104,2152726528,2135949312,2128609280,2147483648,2144337920,2126512128,2141192192,2136735744,2549046090
2132803584,2143289344,2148532224,2118123520,2128609280,2146435072,2144337920,2126512128,2135687168,2136473600,2549062088
2130706432,2154823680,2151677952,2136997888,2129657856,2146435072,2144337920,2125463552,2143551488,2136473600,2549078089
2124414976,2156920832,2153775104,2136997888,2130706432,2147483648,2145386496,2128609280,2143027200,2138046464,2549094087
2140143616,2145386496,2138046464,2123366400,2129657856,2149580800,2146435072,2129657856,2136735744,2138832896,2549110112
2135949312,2139095040,2139095040,2121269248,2130706432,2148532224,2145386496,2128609280,2133852160,2138308608,2549127001
2124414976,2142240768,2151677952,2126512128,2129657856,2146435072,2144337920,2126512128,2136211456,2136735744,2549143001
2138046464,2141192192,2140143616,2120220672,2128609280,2145386496,2144337920,2125463552,2134900736,2135949312,2549159001
2126512128,2154823680,2151677952,2121269248,2129657856,2146435072,2144337920,2125463552,2138570752,2136473600,2549175001
2135949312,2144337920,2136997888,2122317824,2129657856,2147483648,2146435072,2127560704,2134900736,2137784320,2549191024
2123366400,2151677952,2154823680,2134900736,2130706432,2148532224,2146435072,2128609280,2141192192,2138570752,2549207023
2138046464,2142240768,2146435072,2122317824,2130706432,2148532224,2146435072,2129657856,2137260032,2138832896,2549223023
2140143616,2145386496,2139095040,2123366400,2129657856,2147483648,2145386496,2126512128,2136997888,2137260032,2549239023
2136997888,2150629376,2150629376,2126512128,2129657856,2146435072,2143289344,2125463552,2141192192,2136211456,2549255044
2120220672,2145386496,2136997888,2129657856,2128609280,2146435072,2143289344,2126512128,2133065728,2136211456,2549271045
2125463552,2156920832,2154823680,2132803584,2129657856,2147483648,2145386496,2127560704,2142502912,2137522176,2549287045
2141192192,2153775104,2138046464,2129657856,2131755008,2147483648,2145386496,2127560704,2140667904,2138046464,2549303045
2126512128,2151677952,2159017984,2134900736,2130706432,2148532224,2147483648,2129657856,2143027200,2139095040,2549319067
2129657856,2142240768,2143289344,2126512128,2129657856,2147483648,2145386496,2128609280,2135425024,2137784320,2549335066
2122317824,2160066560,2152726528,2139095040,2129657856,2146435072,2144337920,2126512128,2143551488,2136735744,2549351065
2124414976,2154823680,2153775104,2133852160,2128609280,2146435072,2143289344,2125463552,2141716480,2135949312,2549367068
2123366400,2161115136,2156920832,2134900736,2129657856,2147483648,2145386496,2126512128,2144075776,2137260032,2549383089
2142240768,2140143616,2138046464,2121269248,2129657856,2148532224,2145386496,2128609280,2135425024,2138046464,2549399087
2131755008,2141192192,2141192192,2123366400,2131755008,2148532224,2146435072,2128609280,2134376448,2138832896,2549415088
2141192192,2146435072,2140143616,2124414976,2129657856,2148532224,2145386496,2128609280,2138046464,2138046464,2549431090
2141192192,2142240768,2139095040,2122317824,2129657856,2147483648,2145386496,2126512128,2136211456,2137260032,2549447109
2132803584,2150629376,2151677952,2127560704,2129657856,2146435072,2143289344,2125463552,2140667904,2136211456,2549463111
2128609280,2138046464,2133852160,2121269248,2128609280,2147483648,2144337920,2127560704,2130444288,2136997888,2549480001
2121269248,2151677952,2149580800,2136997888,2129657856,2148532224,2146435072,2128609280,2139881472,2138308608,2549496001
2138046464,2140143616,2141192192,2121269248,2130706432,2148532224,2146435072,2129657856,2135162880,2138832896,2549512001
2140143616,2139095040,2140143616,2119172096,2130706432,2148532224,2146435072,2128609280,2134638592,2138570752,2549528023
2138046464,2142240768,2140143616,2119172096,2130706432,2146435072,2145386496,2126512128,2134900736,2137260032,2549544023
2133852160,2135949312,2139095040,2117074944,2128609280,2147483648,2143289344,2125463552,2131492864,2136211456,2549560023
2138046464,2145386496,2140143616,2120220672,2129657856,2146435072,2143289344,2125463552,2135949312,2136211456,2549576022
2122317824,2142240768,2143289344,2126512128,2129657856,2147483648,2145386496,2127560704,2133590016,2137522176,2549592045
2139095040,2141192192,2138046464,2122317824,2130706432,2148532224,2145386496,2129657856,2135162880,2138570752,2549608046
2130706432,2154823680,2154823680,2134900736,2130706432,2148532224,2146435072,2128609280,2143813632,2138570752,2549624047
2143289344,2142240768,2140143616,2118123520,2130706432,2146435072,2144337920,2126512128,2135949312,2136997888,2549640045
2125463552,2152726528,2157969408,2134900736,2128609280,2147483648,2144337920,2125463552,2142765056,2136473600,2549656068
2138046464,2142240768,2146435072,2120220672,2128609280,2147483648,2144337920,2126512128,2136735744,2136735744,2549672067
2132803584,2152726528,2150629376,2129657856,2130706432,2147483648,2144337920,2127560704,2141454336,2137522176,2549688066
2128609280,2143289344,2140143616,2124414976,2131755008,2148532224,2146435072,2128609280,2134114304,2138832896,2549704066
2132803584,2154823680,2152726528,2133852160,2130706432,2148532224,2146435072,2129657856,2143551488,2138832896,2549720089
2128609280,2157969408,2156920832,2135949312,2129657856,2148532224,2145386496,2128609280,2144862208,2138046464,2549736086
2122317824,2147483648,2151677952,2131755008,2128609280,2147483648,2144337920,2127560704,2138308608,2136997888,2549752090
2135949312,2141192192,2135949312,2117074944,2128609280,2146435072,2143289344,2125463552,2132541440,2135949312,2549768088
2126512128,2159017984,2162163712,2131755008,2129657856,2147483648,2145386496,2126512128,2144862208,2137260032,2549784108
2123366400,2143289344,2139095040,2124414976,2129657856,2148532224,2146435072,2129657856,2132541440,2138570752,2549800107
2131755008,2143289344,2141192192,2126512128,2131755008,2148532224,2146435072,2128609280,2135687168,2138832896,2549817001
2125463552,2142240768,2138046464,2124414976,2129657856,2149580800,2147483648,2128609280,2132541440,2138832896,2549833001
2124414976,2141192192,2148532224,2123366400,2129657856,2146435072,2143289344,2125463552,2134376448,2136211456,2549849001
2121269248,2154823680,2153775104,2136997888,2128609280,2147483648,2144337920,2125463552,2141716480,2136473600,2549865001
2121269248,2147483648,2142240768,2130706432,2129657856,2147483648,2144337920,2126512128,2135425024,2136997888,2549881023
2140143616,2140143616,2146435072,2121269248,2130706432,2148532224,2146435072,2128609280,2136997888,2138570752,2549897022
2122317824,2147483648,2141192192,2132803584,2130706432,2149580800,2147483648,2130706432,2135949312,2139619328,2549913024
2125463552,2147483648,2138046464,2126512128,2130706432,2148532224,2145386496,2128609280,2134376448,2138308608,2549929024
2135949312,2144337920,2136997888,2122317824,2129657856,2147483648,2144337920,2126512128,2134900736,2136997888,2549945045
2136997888,2140143616,2136997888,2119172096,2127560704,2146435072,2144337920,2125463552,2133327872,2135949312,2549961045
2122317824,2159017984,2154823680,2138046464,2129657856,2146435072,2143289344,2126512128,2143551488,2136473600,2549977046
2123366400,2151677952,2143289344,2135949312,2129657856,2147483648,2145386496,2127560704,2138570752,2137522176,2549993044
2130706432,2156920832,2156920832,2135949312,2130706432,2148532224,2146435072,2128609280,2145124352,2138570752,2550009067
2126512128,2147483648,2143289344,2130706432,2130706432,2148532224,2146435072,2128609280,2136997888,2138570752,2550025068
2124414976,2147483648,2148532224,2132803584,2130706432,2147483648,2145386496,2126512128,2138308608,2137522176,2550041068
2123366400,2157969408,2154823680,2138046464,2128609280,2146435072,2144337920,2125463552,2143551488,2136211456,2550057066
2131755008,2150629376,2146435072,2126512128,2129657856,2146435072,2144337920,2125463552,2138832896,2136473600,2550073088
2124414976,2142240768,2141192192,2121269248,2129657856,2147483648,2145386496,2127560704,2132279296,2137522176,2550089090
2143289344,2146435072,2140143616,2119172096,2130706432,2148532224,2146435072,2129657856,2137260032,2138832896,2550105088
2128609280,2152726528,2157969408,2136997888,2130706432,2148532224,2146435072,2129657856,2144075776,2138832896,2550121087
2124414976,2148532224,2147483648,2131755008,2129657856,2148532224,2145386496,2128609280,2138046464,2138046464,2550137112
2142240768,2142240768,2141192192,2120220672,2127560704,2147483648,2145386496,2126512128,2136473600,2136735744,2550154001
2134900736,2138046464,2135949312,2118123520,2129657856,2145386496,2143289344,2125463552,2131755008,2135949312,2550170001
2123366400,2141192192,2143289344,2121269248,2130706432,2146435072,2143289344,2126512128,2132279296,2136735744,2550186001
2122317824,2149580800,2149580800,2133852160,2130706432,2148532224,2145386496,2128609280,2138832896,2138308608,2550202001
2135949312,2140143616,2136997888,2121269248,2130706432,2148532224,2146435072,2128609280,2133590016,2138570752,2550218023
2124414976,2160066560,2156920832,2138046464,2129657856,2147483648,2145386496,2128609280,2144862208,2137784320,2550234023
2123366400,2163212288,2155872256,2136997888,2129657856,2146435072,2144337920,2126512128,2144862208,2136735744,2550250023
2140143616,2140143616,2135949312,2116026368,2129657856,2146435072,2143289344,2125463552,2133065728,2136211456,2550266023
2128609280,2140143616,2139095040,2120220672,2129657856,2147483648,2144337920,2125463552,2132017152,2136735744,2550282045
2128609280,2153775104,2159017984,2135949312,2130706432,2148532224,2145386496,2128609280,2144337920,2138308608,2550298045
2123366400,2160066560,2156920832,2138046464,2131755008,2148532224,2146435072,2128609280,2144600064,2138832896,2550314043
2128609280,2157969408,2157969408,2133852160,2130706432,2149580800,2145386496,2128609280,2144600064,2138570752,2550330045
2121269248,2159017984,2149580800,2138046464,2129657856,2146435072,2143289344,2126512128,2141978624,2136473600,2550346067
2126512128,2154823680,2154823680,2136997888,2129657856,2146435072,2144337920,2125463552,2143289344,2136473600,2550362067
2121269248,2160066560,2151677952,2143289344,2129657856,2146435072,2144337920,2126512128,2144075776,2136735744,2550378064
2122317824,2146435072,2149580800,2129657856,2129657856,2148532224,2146435072,2128609280,2136997888,2138308608,2550394068
2131755008,2141192192,2143289344,2122317824,2130706432,2148532224,2146435072,2128609280,2134638592,2138570752,2550410086
2134900736,2144337920,2148532224,2124414976,2129657856,2149580800,2146435072,2129657856,2138046464,2138832896,2550426088
2125463552,2143289344,2139095040,2125463552,2129657856,2147483648,2145386496,2126512128,2133327872,2137260032,2550442087
2133852160,2139095040,2139095040,2117074944,2128609280,2146435072,2144337920,2125463552,2132279296,2136211456,2550458088
2127560704,2157969408,2153775104,2130706432,2128609280,2146435072,2144337920,2125463552,2142502912,2136211456,2550474109
2138046464,2146435072,2151677952,2121269248,2129657856,2147483648,2145386496,2127560704,2139357184,2137522176,2550490108
2134900736,2140143616,2140143616,2121269248,2130706432,2148532224,2145386496,2128609280,2134114304,2138308608,2550507001
2139095040,2143289344,2139095040,2122317824,2130706432,2148532224,2146435072,2128609280,2135949312,2138570752,2550523001
2127560704,2143289344,2142240768,2122317824,2130706432,2147483648,2145386496,2127560704,2133852160,2137784320,2550539001
2122317824,2141192192,2143289344,2122317824,2128609280,2146435072,2144337920,2125463552,2132279296,2136211456,2550555023
2135949312,2138046464,2135949312,2117074944,2129657856,2146435072,2143289344,2125463552,2131755008,2136211456,2550571025
2135949312,2141192192,2135949312,2122317824,2130706432,2146435072,2144337920,2126512128,2133852160,2136997888,2550587024
2132803584,2141192192,2141192192,2122317824,2130706432,2148532224,2146435072,2127560704,2134376448,2138308608,2550603024
2142240768,2143289344,2146435072,2123366400,2131755008,2147483648,2146435072,2128609280,2138832896,2138570752,2550619045
2124414976,2148532224,2151677952,2133852160,2129657856,2148532224,2145386496,2127560704,2139619328,2137784320,2550635045
2133852160,2141192192,2136997888,2122317824,2129657856,2146435072,2143289344,2126512128,2133590016,2136473600,2550651044
2128609280,2141192192,2136997888,2122317824,2128609280,2146435072,2144337920,2125463552,2132279296,2136211456,2550667046
2142240768,2136997888,2136997888,2119172096,2129657856,2147483648,2144337920,2126512128,2133852160,2136997888,2550683066
2122317824,2151677952,2144337920,2134900736,2130706432,2148532224,2146435072,2128609280,2138308608,2138570752,2550699065
2127560704,2156920832,2159017984,2133852160,2131755008,2148532224,2146435072,2129657856,2144337920,2139095040,2550715069
2127560704,2159017984,2154823680,2132803584,2130706432,2148532224,2146435072,2128609280,2143551488,2138570752,2550731067
2126512128,2156920832,2156920832,2133852160,2129657856,2147483648,2145386496,2126512128,2143551488,2137260032,2550747087
2139095040,2138046464,2136997888,2117074944,2128609280,2146435072,2143289344,2126512128,2132803584,2136211456,2550763087
2121269248,2148532224,2142240768,2134900736,2129657856,2146435072,2144337920,2126512128,2136735744,2136735744,2550779088
2122317824,2152726528,2142240768,2139095040,2130706432,2147483648,2145386496,2127560704,2139095040,2137784320,2550795089
2124414976,2151677952,2147483648,2134900736,2130706432,2148532224,2146435072,2129657856,2139619328,2138832896,2550811109
2139095040,2151677952,2153775104,2121269248,2129657856,2149580800,2146435072,2128609280,2141454336,2138570752,2550827107
2129657856,2141192192,2141192192,2123366400,2129657856,2147483648,2144337920,2127560704,2133852160,2137260032,2550844001
2121269248,2151677952,2141192192,2134900736,2128609280,2146435072,2144337920,2125463552,2137260032,2136211456,2550860001
2121269248,2151677952,2149580800,2139095040,2128609280,2147483648,2144337920,2126512128,2140405760,2136735744,2550876001
2142240768,2146435072,2139095040,2122317824,2129657856,2147483648,2145386496,2127560704,2137522176,2137522176,2550892001
2124414976,2149580800,2145386496,2134900736,2130706432,2148532224,2147483648,2128609280,2138570752,2138832896,2550908023
2141192192,2141192192,2140143616,2123366400,2130706432,2148532224,2146435072,2129657856,2136473600,2138832896,2550924022
2123366400,2145386496,2138046464,2128609280,2129657856,2147483648,2144337920,2126512128,2133852160,2136997888,2550940023
2125463552,2140143616,2136997888,2121269248,2128609280,2147483648,2144337920,2126512128,2130968576,2136735744,2550956023
2139095040,2143289344,2139095040,2120220672,2128609280,2147483648,2144337920,2126512128,2135425024,2136735744,2550972045
2130706432,2154823680,2150629376,2129657856,2129657856,2147483648,2145386496,2126512128,2141454336,2137260032,2550988045
2129657856,2156920832,2154823680,2138046464,2131755008,2148532224,2146435072,2129657856,2144862208,2139095040,2551004044
2138046464,2152726528,2146435072,2125463552,2130706432,2149580800,2146435072,2129657856,2140667904,2139095040,2551020045
2124414976,2148532224,2150629376,2131755008,2129657856,2148532224,2146435072,2128609280,2138832896,2138308608,2551036066
2134900736,2151677952,2153775104,2128609280,2129657856,2147483648,2144337920,2126512128,2142240768,2136997888,2551052068
2124414976,2160066560,2150629376,2135949312,2129657856,2145386496,2144337920,2125463552,2142765056,2136211456,2551068069
2120220672,2154823680,2149580800,2141192192,2128609280,2147483648,2145386496,2127560704,2141454336,2137260032,2551084064
2141192192,2140143616,2145386496,2119172096,2130706432,2148532224,2145386496,2128609280,2136473600,2138308608,2551100086
2130706432,2155872256,2154823680,2133852160,2130706432,2149580800,2146435072,2129657856,2143813632,2139095040,2551116088
2123366400,2160066560,2155872256,2139095040,2129657856,2148532224,2146435072,2128609280,2144600064,2138308608,2551132089
2123366400,2147483648,2141192192,2127560704,2129657856,2147483648,2144337920,2126512128,2134900736,2136997888,2551148085
2135949312,2138046464,2138046464,2119172096,2128609280,2145386496,2144337920,2124414976,2132803584,2135687168,2551164108
2122317824,2142240768,2142240768,2125463552,2129657856,2146435072,2144337920,2126512128,2133065728,2136735744,2551181001
2133852160,2141192192,2139095040,2119172096,2130706432,2148532224,2145386496,2128609280,2133327872,2138308608,2551197001
2124414976,2142240768,2142240768,2126512128,2130706432,2148532224,2146435072,2129657856,2133852160,2138832896,2551213001
2124414976,2143289344,2139095040,2128609280,2130706432,2147483648,2145386496,2127560704,2133852160,2137784320,2551229001
2121269248,2151677952,2139095040,2132803584,2128609280,2147483648,2143289344,2127560704,2136211456,2136735744,2551245024
2122317824,2156920832,2153775104,2135949312,2129657856,2146435072,2144337920,2125463552,2142240768,2136473600,2551261023
2122317824,2149580800,2147483648,2131755008,2128609280,2146435072,2144337920,2125463552,2137784320,2136211456,2551277022
2140143616,2141192192,2139095040,2121269248,2129657856,2148532224,2145386496,2128609280,2135425024,2138046464,2551293026
2125463552,2143289344,2139095040,2127560704,2130706432,2148532224,2146435072,2128609280,2133852160,2138570752,2551309045
2139095040,2145386496,2149580800,2124414976,2130706432,2147483648,2146435072,2127560704,2139619328,2138046464,2551325045
2123366400,2142240768,2144337920,2125463552,2130706432,2147483648,2144337920,2127560704,2133852160,2137522176,2551341045
2131755008,2141192192,2139095040,2120220672,2128609280,2146435072,2144337920,2125463552,2133065728,2136211456,2551357045
2122317824,2144337920,2141192192,2124414976,2129657856,2146435072,2144337920,2125463552,2133065728,2136473600,2551373066
2123366400,2145386496,2147483648,2130706432,2129657856,2147483648,2145386496,2127560704,2136735744,2137522176,2551389068
2134900736,2141192192,2138046464,2120220672,2130706432,2147483648,2146435072,2128609280,2133590016,2138308608,2551405065
2122317824,2160066560,2147483648,2138046464,2130706432,2148532224,2146435072,2128609280,2141978624,2138570752,2551421068
2134900736,2152726528,2152726528,2127560704,2130706432,2147483648,2145386496,2127560704,2141978624,2137784320,2551437091
2122317824,2144337920,2147483648,2126512128,2128609280,2146435072,2144337920,2125463552,2135162880,2136211456,2551453088
2123366400,2147483648,2138046464,2130706432,2127560704,2147483648,2144337920,2126512128,2134900736,2136473600,2551469086
2125463552,2160066560,2157969408,2141192192,2129657856,2148532224,2145386496,2127560704,2146172928,2137784320,2551485089
2121269248,2155872256,2147483648,2139095040,2131755008,2148532224,2146435072,2128609280,2140930048,2138832896,2551501111
2141192192,2141192192,2138046464,2123366400,2131755008,2148532224,2145386496,2129657856,2135949312,2138832896,2551517108
2123366400,2143289344,2147483648,2125463552,2129657856,2148532224,2146435072,2128609280,2134900736,2138308608,2551534001
2132803584,2146435072,2152726528,2122317824,2128609280,2146435072,2144337920,2126512128,2138570752,2136473600,2551550001
2122317824,2151677952,2147483648,2134900736,2128609280,2147483648,2144337920,2126512128,2139095040,2136735744,2551566001
2121269248,2149580800,2141192192,2134900736,2129657856,2146435072,2144337920,2126512128,2136735744,2136735744,2551582023
2123366400,2153775104,2155872256,2136997888,2130706432,2148532224,2145386496,2128609280,2142502912,2138308608,2551598023
2126512128,2152726528,2147483648,2139095040,2130706432,2147483648,2145386496,2128609280,2141454336,2138046464,2551614024
2124414976,2151677952,2152726528,2139095040,2130706432,2148532224,2145386496,2128609280,2141978624,2138308608,2551630023
2131755008,2138046464,2138046464,2121269248,2128609280,2147483648,2144337920,2126512128,2132279296,2136735744,2551646045
2123366400,2155872256,2154823680,2133852160,2129657856,2145386496,2143289344,2125463552,2141978624,2135949312,2551662044
2141192192,2138046464,2138046464,2120220672,2129657856,2146435072,2144337920,2126512128,2134376448,2136735744,2551678045
2124414976,2145386496,2147483648,2128609280,2130706432,2147483648,2145386496,2127560704,2136473600,2137784320,2551694046
2133852160,2141192192,2141192192,2122317824,2131755008,2148532224,2146435072,2129657856,2134638592,2139095040,2551710066
2140143616,2152726528,2142240768,2129657856,2130706432,2147483648,2145386496,2128609280,2141192192,2138046464,2551726066
2129657856,2140143616,2138046464,2124414976,2129657856,2147483648,2144337920,2126512128,2133065728,2136997888,2551742067
2139095040,2146435072,2144337920,2119172096,2128609280,2146435072,2143289344,2126512128,2137260032,2136211456,2551758065
2125463552,2159017984,2155872256,2138046464,2129657856,2146435072,2144337920,2125463552,2144600064,2136473600,2551774090
2126512128,2159017984,2155872256,2132803584,2129657856,2147483648,2145386496,2127560704,2143551488,2137522176,2551790085
2126512128,2162163712,2152726528,2141192192,2130706432,2148532224,2146435072,2129657856,2145648640,2138832896,2551806088
2129657856,2141192192,2138046464,2123366400,2130706432,2148532224,2146435072,2129657856,2133065728,2138832896,2551822088
2123366400,2149580800,2147483648,2134900736,2130706432,2147483648,2144337920,2127560704,2138832896,2137522176,2551838108
2120220672,2157969408,2149580800,2143289344,2129657856,2146435072,2144337920,2125463552,2142765056,2136473600,2551854108
2129657856,2138046464,2138046464,2120220672,2129657856,2146435072,2144337920,2126512128,2131492864,2136735744,2551871001
2123366400,2163212288,2154823680,2140143616,2129657856,2147483648,2145386496,2127560704,2145386496,2137522176,2551887001
2136997888,2140143616,2146435072,2121269248,2130706432,2148532224,2146435072,2128609280,2136211456,2138570752,2551903001
2146435072,2140143616,2142240768,2119172096,2130706432,2148532224,2146435072,2129657856,2136997888,2138832896,2551919001
2131755008,2151677952,2152726528,2128609280,2129657856,2148532224,2144337920,2128609280,2141192192,2137784320,2551935024
2143289344,2142240768,2145386496,2118123520,2128609280,2146435072,2144337920,2125463552,2137260032,2136211456,2551951024
2123366400,2154823680,2154823680,2138046464,2128609280,2146435072,2144337920,2126512128,2142765056,2136473600,2551967023
2123366400,2144337920,2135949312,2126512128,2129657856,2147483648,2143289344,2127560704,2132541440,2136997888,2551983025
2127560704,2155872256,2154823680,2138046464,2130706432,2148532224,2146435072,2128609280,2144075776,2138570752,2551999046
2131755008,2146435072,2154823680,2126512128,2130706432,2147483648,2146435072,2128609280,2139881472,2138308608,2552015047
2121269248,2164260864,2152726528,2140143616,2129657856,2148532224,2145386496,2129657856,2144600064,2138308608,2552031044
2123366400,2150629376,2149580800,2132803584,2129657856,2146435072,2145386496,2126512128,2139095040,2136997888,2552047046
2133852160,2141192192,2139095040,2122317824,2128609280,2146435072,2144337920,2126512128,2134114304,2136473600,2552063068
2136997888,2139095040,2136997888,2117074944,2129657856,2146435072,2144337920,2126512128,2132541440,2136735744,2552079066
2136997888,2141192192,2139095040,2118123520,2130706432,2148532224,2145386496,2128609280,2133852160,2138308608,2552095066
2140143616,2154823680,2144337920,2127560704,2131755008,2147483648,2146435072,2128609280,2141716480,2138570752,2552111067
2135949312,2155872256,2150629376,2133852160,2130706432,2148532224,2146435072,2128609280,2144075776,2138570752,2552127089
2122317824,2155872256,2143289344,2138046464,2128609280,2147483648,2145386496,2127560704,2139881472,2137260032,2552143087
2125463552,2139095040,2142240768,2122317824,2129657856,2146435072,2143289344,2125463552,2132279296,2136211456,2552159088
2130706432,2157969408,2151677952,2128609280,2128609280,2147483648,2144337920,2126512128,2142240768,2136735744,2552175087
2122317824,2156920832,2154823680,2139095040,2129657856,2147483648,2145386496,2127560704,2143289344,2137522176,2552191110
2139095040,2144337920,2141192192,2124414976,2130706432,2148532224,2145386496,2128609280,2137260032,2138308608,2552208001
2135949312,2142240768,2140143616,2124414976,2130706432,2148532224,2146435072,2128609280,2135687168,2138570752,2552224001
2123366400,2155872256,2147483648,2139095040,2129657856,2146435072,2145386496,2126512128,2141454336,2136997888,2552240001
2124414976,2156920832,2155872256,2133852160,2129657856,2145386496,2143289344,2125463552,2142765056,2135949312,2552256001
2123366400,2159017984,2157969408,2138046464,2129657856,2146435072,2143289344,2125463552,2144600064,2136211456,2552272025
2124414976,2145386496,2139095040,2128609280,2129657856,2147483648,2145386496,2126512128,2134376448,2137260032,2552288023
2139095040,2143289344,2150629376,2120220672,2131755008,2148532224,2145386496,2128609280,2138308608,2138570752,2552304023
2124414976,2156920832,2156920832,2140143616,2130706432,2148532224,2146435072,2129657856,2144600064,2138832896,2552320022
2143289344,2153775104,2142240768,2129657856,2130706432,2147483648,2145386496,2127560704,2142240768,2137784320,2552336046
2141192192,2139095040,2139095040,2117074944,2129657856,2145386496,2143289344,2125463552,2134114304,2135949312,2552352044
2132803584,2141192192,2134900736,2119172096,2128609280,2147483648,2144337920,2125463552,2132017152,2136473600,2552368045
2134900736,2143289344,2145386496,2120220672,2128609280,2147483648,2145386496,2127560704,2135949312,2137260032,2552384046
2124414976,2150629376,2156920832,2135949312,2130706432,2148532224,2146435072,2128609280,2141978624,2138570752,2552400067
2139095040,2139095040,2138046464,2121269248,2130706432,2148532224,2146435072,2129657856,2134376448,2138832896,2552416069
2138046464,2142240768,2138046464,2123366400,2130706432,2147483648,2145386496,2127560704,2135425024,2137784320,2552432065
2141192192,2146435072,2142240768,2121269248,2128609280,2147483648,2144337920,2126512128,2137784320,2136735744,2552448068
2128609280,2151677952,2150629376,2128609280,2128609280,2146435072,2143289344,2125463552,2139881472,2135949312,2552464086
2141192192,2142240768,2146435072,2119172096,2129657856,2147483648,2144337920,2126512128,2137260032,2136997888,2552480087
2132803584,2143289344,2141192192,2122317824,2129657856,2148532224,2146435072,2128609280,2134900736,2138308608,2552496087
2123366400,2148532224,2144337920,2132803584,2129657856,2149580800,2146435072,2129657856,2137260032,2138832896,2552512087
2126512128,2157969408,2156920832,2138046464,2130706432,2148532224,2146435072,2129657856,2144862208,2138832896,2552528110
2122317824,2148532224,2136997888,2131755008,2129657856,2146435072,2145386496,2126512128,2134900736,2136997888,2552544108
2138046464,2139095040,2136997888,2118123520,2129657856,2145386496,2143289344,2125463552,2133065728,2135949312,2552561001
2121269248,2156920832,2153775104,2138046464,2129657856,2146435072,2145386496,2125463552,2142502912,2136735744,2552577001
2124414976,2149580800,2155872256,2132803584,2130706432,2148532224,2146435072,2127560704,2140667904,2138308608,2552593001
2128609280,2155872256,2155872256,2135949312,2130706432,2148532224,2146435072,2129657856,2144075776,2138832896,2552609024
2128609280,2156920832,2154823680,2136997888,2130706432,2148532224,2145386496,2128609280,2144337920,2138308608,2552625023
2122317824,2157969408,2153775104,2141192192,2129657856,2147483648,2145386496,2126512128,2143813632,2137260032,2552641024
2124414976,2159017984,2157969408,2129657856,2128609280,2147483648,2144337920,2125463552,2142765056,2136473600,2552657022
2136997888,2141192192,2142240768,2119172096,2129657856,2147483648,2144337920,2125463552,2134900736,2136735744,2552673046
2131755008,2142240768,2139095040,2124414976,2129657856,2148532224,2145386496,2127560704,2134376448,2137784320,2552689044
2134900736,2141192192,2140143616,2121269248,2130706432,2148532224,2147483648,2128609280,2134376448,2138832896,2552705046
2124414976,2162163712,2156920832,2138046464,2130706432,2148532224,2146435072,2128609280,2145386496,2138570752,2552721046
2122317824,2144337920,2147483648,2128609280,2129657856,2147483648,2145386496,2127560704,2135687168,2137522176,2552737069
2134900736,2152726528,2150629376,2128609280,2129657856,2146435072,2144337920,2125463552,2141716480,2136473600,2552753066
2135949312,2138046464,2135949312,2117074944,2128609280,2146435072,2144337920,2125463552,2131755008,2136211456,2552769067
2124414976,2140143616,2141192192,2121269248,2129657856,2147483648,2145386496,2127560704,2131755008,2137522176,2552785066
2133852160,2152726528,2150629376,2127560704,2130706432,2148532224,2145386496,2128609280,2141192192,2138308608,2552801088
2123366400,2151677952,2144337920,2133852160,2130706432,2148532224,2146435072,2128609280,2138308608,2138570752,2552817088
2140143616,2138046464,2139095040,2119172096,2130706432,2147483648,2145386496,2127560704,2134114304,2137784320,2552833086
2138046464,2154823680,2146435072,2126512128,2129657856,2147483648,2144337920,2125463552,2141454336,2136735744,2552849088
2134900736,2151677952,2146435072,2127560704,2128609280,2145386496,2144337920,2125463552,2140143616,2135949312,2552865112
2130706432,2157969408,2151677952,2130706432,2129657856,2147483648,2144337920,2126512128,2142765056,2136997888,2552881109
2120220672,2149580800,2143289344,2133852160,2129657856,2148532224,2146435072,2128609280,2136735744,2138308608,2552898001
2124414976,2159017984,2155872256,2141192192,2130706432,2148532224,2145386496,2129657856,2145124352,2138570752,2552914001
2123366400,2144337920,2139095040,2128609280,2129657856,2148532224,2145386496,2128609280,2133852160,2138046464,2552930001
2130706432,2159017984,2155872256,2135949312,2128609280,2148532224,2144337920,2127560704,2145386496,2137260032,2552946001
2120220672,2153775104,2147483648,2139095040,2129657856,2145386496,2143289344,2125463552,2140143616,2135949312,2552962023
2140143616,2139095040,2138046464,2118123520,2129657856,2146435072,2144337920,2125463552,2133852160,2136473600,2552978024
2141192192,2142240768,2146435072,2121269248,2130706432,2148532224,2145386496,2127560704,2137784320,2138046464,2552994023
2143289344,2144337920,2139095040,2122317824,2131755008,2148532224,2146435072,2127560704,2137260032,2138570752,2553010022
2138046464,2141192192,2139095040,2123366400,2131755008,2147483648,2145386496,2128609280,2135425024,2138308608,2553026045
2135949312,2154823680,2146435072,2125463552,2129657856,2147483648,2145386496,2127560704,2140667904,2137522176,2553042045
2122317824,2151677952,2151677952,2134900736,2128609280,2146435072,2143289344,2125463552,2140143616,2135949312,2553058045
2123366400,2153775104,2154823680,2135949312,2129657856,2146435072,2144337920,2124414976,2141978624,2136211456,2553074045
2123366400,2160066560,2157969408,2138046464,2129657856,2148532224,2145386496,2127560704,2144862208,2137784320,2553090068
2123366400,2159017984,2156920832,2138046464,2130706432,2148532224,2146435072,2128609280,2144337920,2138570752,2553106068
2139095040,2141192192,2139095040,2121269248,2130706432,2149580800,2146435072,2128609280,2135162880,2138832896,2553122067
2135949312,2141192192,2139095040,2123366400,2130706432,2148532224,2144337920,2127560704,2134900736,2137784320,2553138064
2136997888,2151677952,2146435072,2129657856,2129657856,2147483648,2143289344,2126512128,2141192192,2136735744,2553154088
2133852160,2143289344,2146435072,2117074944,2128609280,2146435072,2143289344,2124414976,2135162880,2135687168,2553170088
2144337920,2141192192,2142240768,2117074944,2130706432,2146435072,2145386496,2126512128,2136211456,2137260032,2553186089
2133852160,2143289344,2139095040,2124414976,2131755008,2148532224,2146435072,2128609280,2135162880,2138832896,2553202088
2143289344,2140143616,2141192192,2121269248,2130706432,2149580800,2146435072,2128609280,2136473600,2138832896,2553218110
2132803584,2156920832,2153775104,2138046464,2129657856,2148532224,2145386496,2128609280,2145386496,2138046464,2553235001
2124414976,2151677952,2153775104,2132803584,2128609280,2146435072,2144337920,2125463552,2140667904,2136211456,2553251001
2120220672,2154823680,2143289344,2139095040,2128609280,2147483648,2144337920,2125463552,2139357184,2136473600,2553267001
2124414976,2147483648,2147483648,2127560704,2129657856,2146435072,2144337920,2126512128,2136735744,2136735744,2553283001
2142240768,2138046464,2138046464,2121269248,2130706432,2147483648,2145386496,2128609280,2134900736,2138046464,2553299025
2123366400,2150629376,2147483648,2135949312,2130706432,2148532224,2146435072,2128609280,2139357184,2138570752,2553315024
2129657856,2143289344,2138046464,2123366400,2130706432,2147483648,2145386496,2127560704,2133590016,2137784320,2553331024
2127560704,2140143616,2138046464,2124414976,2129657856,2147483648,2143289344,2126512128,2132541440,2136735744,2553347023
2124414976,2143289344,2138046464,2124414976,2128609280,2146435072,2143289344,2125463552,2132541440,2135949312,2553363047
2125463552,2157969408,2155872256,2134900736,2128609280,2147483648,2145386496,2126512128,2143551488,2136997888,2553379045
2121269248,2155872256,2153775104,2139095040,2129657856,2148532224,2145386496,2128609280,2142502912,2138046464,2553395044
2123366400,2146435072,2143289344,2128609280,2130706432,2148532224,2145386496,2128609280,2135425024,2138308608,2553411045
2131755008,2160066560,2151677952,2139095040,2130706432,2148532224,2145386496,2128609280,2145648640,2138308608,2553427066
2142240768,2142240768,2144337920,2121269248,2129657856,2148532224,2145386496,2127560704,2137522176,2137784320,2553443066
2139095040,2146435072,2146435072,2120220672,2128609280,2147483648,2144337920,2126512128,2138046464,2136735744,2553459067
2125463552,2141192192,2140143616,2119172096,2128609280,2146435072,2144337920,2125463552,2131492864,2136211456,2553475065
2124414976,2155872256,2157969408,2139095040,2130706432,2147483648,2145386496,2127560704,2144337920,2137784320,2553491087
2131755008,2142240768,2139095040,2124414976,2130706432,2149580800,2146435072,2129657856,2134376448,2139095040,2553507087
2123366400,2147483648,2142240768,2130706432,2130706432,2147483648,2145386496,2127560704,2135949312,2137784320,2553523087
2133852160,2140143616,2139095040,2121269248,2129657856,2146435072,2144337920,2126512128,2133590016,2136735744,2553539086
2123366400,2156920832,2156920832,2138046464,2128609280,2146435072,2144337920,2125463552,2143813632,2136211456,2553555111
2139095040,2139095040,2146435072,2117074944,2128609280,2147483648,2144337920,2126512128,2135425024,2136735744,2553571110
2122317824,2143289344,2139095040,2126512128,2129657856,2147483648,2145386496,2127560704,2132803584,2137522176,2553588001
2121269248,2157969408,2156920832,2140143616,2130706432,2148532224,2146435072,2128609280,2144075776,2138570752,2553604001
2145386496,2141192192,2138046464,2124414976,2131755008,2148532224,2145386496,2129657856,2137260032,2138832896,2553620001
2124414976,2163212288,2160066560,2135949312,2129657856,2148532224,2145386496,2128609280,2145910784,2138046464,2553636023
2122317824,2147483648,2140143616,2130706432,2129657856,2147483648,2144337920,2126512128,2135162880,2136997888,2553652023
2122317824,2144337920,2140143616,2128609280,2128609280,2145386496,2143289344,2124414976,2133852160,2135425024,2553668023
2139095040,2146435072,2136997888,2120220672,2129657856,2146435072,2144337920,2126512128,2135687168,2136735744,2553684024
2139095040,2146435072,2138046464,2121269248,2130706432,2148532224,2146435072,2128609280,2136211456,2138570752,2553700046
2124414976,2161115136,2157969408,2135949312,2129657856,2149580800,2147483648,2129657856,2144862208,2139095040,2553716045
2143289344,2141192192,2140143616,2119172096,2130706432,2147483648,2145386496,2127560704,2135949312,2137784320,2553732045
2123366400,2148532224,2138046464,2134900736,2128609280,2147483648,2144337920,2126512128,2136211456,2136735744,2553748045
2126512128,2159017984,2157969408,2128609280,2128609280,2147483648,2144337920,2125463552,2143027200,2136473600,2553764066
2120220672,2151677952,2143289344,2132803584,2129657856,2146435072,2144337920,2125463552,2136997888,2136473600,2553780065
2130706432,2161115136,2151677952,2138046464,2130706432,2148532224,2145386496,2128609280,2145386496,2138308608,2553796068
2142240768,2154823680,2141192192,2129657856,2131755008,2149580800,2146435072,2129657856,2141978624,2139357184,2553812067
2127560704,2142240768,2138046464,2124414976,2130706432,2147483648,2145386496,2127560704,2133065728,2137784320,2553828086
2138046464,2139095040,2139095040,2120220672,2129657856,2147483648,2144337920,2126512128,2134114304,2136997888,2553844086
2121269248,2155872256,2151677952,2139095040,2128609280,2147483648,2144337920,2126512128,2141978624,2136735744,2553860090
2138046464,2139095040,2135949312,2118123520,2128609280,2147483648,2143289344,2126512128,2132803584,2136473600,2553876088
2130706432,2152726528,2150629376,2128609280,2130706432,2147483648,2144337920,2126512128,2140667904,2137260032,2553892107
2125463552,2140143616,2147483648,2123366400,2130706432,2148532224,2145386496,2128609280,2134114304,2138308608,2553908106
2136997888,2138046464,2139095040,2121269248,2130706432,2149580800,2146435072,2128609280,2133852160,2138832896,2553925001
2132803584,2140143616,2140143616,2121269248,2129657856,2147483648,2145386496,2127560704,2133590016,2137522176,2553941001
2132803584,2155872256,2150629376,2133852160,2128609280,2147483648,2144337920,2125463552,2143289344,2136473600,2553957001
2126512128,2155872256,2153775104,2131755008,2128609280,2147483648,2144337920,2125463552,2141978624,2136473600,2553973001
2122317824,2142240768,2149580800,2124414976,2129657856,2147483648,2145386496,2127560704,2134638592,2137522176,2553989025
2133852160,2151677952,2153775104,2126512128,2130706432,2148532224,2145386496,2128609280,2141454336,2138308608,2554005023
2125463552,2153775104,2154823680,2138046464,2131755008,2148532224,2146435072,2129657856,2143027200,2139095040,2554021023
2135949312,2140143616,2140143616,2124414976,2129657856,2147483648,2144337920,2127560704,2135162880,2137260032,2554037022
2135949312,2138046464,2138046464,2121269248,2128609280,2146435072,2144337920,2126512128,2133327872,2136473600,2554053046
2125463552,2141192192,2138046464,2120220672,2129657856,2146435072,2144337920,2125463552,2131230720,2136473600,2554069044
2123366400,2161115136,2157969408,2139095040,2129657856,2148532224,2145386496,2126512128,2145386496,2137522176,2554085045
2124414976,2157969408,2155872256,2138046464,2130706432,2148532224,2146435072,2128609280,2144075776,2138570752,2554101044
2141192192,2143289344,2138046464,2122317824,2130706432,2149580800,2146435072,2128609280,2136211456,2138832896,2554117067
2122317824,2164260864,2149580800,2140143616,2129657856,2148532224,2145386496,2128609280,2144075776,2138046464,2554133067
2141192192,2139095040,2139095040,2119172096,2129657856,2147483648,2144337920,2126512128,2134638592,2136997888,2554149065
2121269248,2147483648,2139095040,2130706432,2128609280,2146435072,2143289344,2125463552,2134638592,2135949312,2554165065
2132803584,2151677952,2146435072,2129657856,2129657856,2147483648,2144337920,2126512128,2140143616,2136997888,2554181087
2125463552,2140143616,2139095040,2122317824,2131755008,2147483648,2145386496,2128609280,2131755008,2138308608,2554197088
2122317824,2147483648,2149580800,2130706432,2130706432,2148532224,2146435072,2129657856,2137522176,2138832896,2554213088
2143289344,2150629376,2139095040,2125463552,2130706432,2148532224,2146435072,2128609280,2139619328,2138570752,2554229088
2129657856,2140143616,2139095040,2119172096,2129657856,2147483648,2144337920,2126512128,2132017152,2136997888,2554245109
2123366400,2156920832,2155872256,2138046464,2128609280,2146435072,2143289344,2125463552,2143551488,2135949312,2554262001
2138046464,2139095040,2138046464,2119172096,2128609280,2146435072,2144337920,2125463552,2133590016,2136211456,2554278001
2124414976,2155872256,2153775104,2136997888,2128609280,2148532224,2146435072,2128609280,2142765056,2138046464,2554294000
2136997888,2141192192,2140143616,2122317824,2131755008,2148532224,2146435072,2128609280,2135162880,2138832896,2554310001
2125463552,2162163712,2157969408,2143289344,2130706432,2147483648,2146435072,2128609280,2147221504,2138308608,2554326023
2143289344,2142240768,2140143616,2120220672,2130706432,2147483648,2144337920,2126512128,2136473600,2137260032,2554342023
2134900736,2141192192,2140143616,2120220672,2128609280,2147483648,2144337920,2125463552,2134114304,2136473600,2554358023
2121269248,2140143616,2140143616,2121269248,2129657856,2146435072,2143289344,2125463552,2130706432,2136211456,2554374024
2138046464,2143289344,2136997888,2122317824,2129657856,2147483648,2145386496,2127560704,2135162880,2137522176,2554390045
2123366400,2159017984,2153775104,2140143616,2131755008,2147483648,2146435072,2128609280,2144075776,2138570752,2554406045
2140143616,2140143616,2139095040,2119172096,2130706432,2148532224,2146435072,2129657856,2134638592,2138832896,2554422045
2129657856,2160066560,2159017984,2135949312,2129657856,2148532224,2145386496,2127560704,2146172928,2137784320,2554438045
2139095040,2146435072,2138046464,2120220672,2128609280,2146435072,2143289344,2125463552,2135949312,2135949312,2554454067
2124414976,2155872256,2155872256,2135949312,2128609280,2147483648,2144337920,2126512128,2143027200,2136735744,2554470067
2138046464,2142240768,2135949312,2121269248,2128609280,2147483648,2145386496,2126512128,2134376448,2136997888,2554486066
2123366400,2151677952,2151677952,2136997888,2131755008,2148532224,2145386496,2128609280,2140930048,2138570752,2554502066
2141192192,2142240768,2144337920,2125463552,2131755008,2148532224,2146435072,2128609280,2138308608,2138832896,2554518087
2142240768,2146435072,2139095040,2124414976,2129657856,2148532224,2145386496,2128609280,2138046464,2138046464,2554534087
2121269248,2154823680,2141192192,2138046464,2128609280,2147483648,2144337920,2126512128,2138832896,2136735744,2554550087
2134900736,2153775104,2152726528,2127560704,2128609280,2147483648,2144337920,2125463552,2142240768,2136473600,2554566088
2129657856,2143289344,2135949312,2122317824,2129657856,2147483648,2145386496,2126512128,2132803584,2137260032,2554582108
2123366400,2156920832,2153775104,2138046464,2130706432,2148532224,2145386496,2128609280,2143027200,2138308608,2554598110
2127560704,2156920832,2156920832,2136997888,2130706432,2148532224,2146435072,2129657856,2144600064,2138832896,2554615001
2125463552,2168455168,2157969408,2143289344,2130706432,2148532224,2145386496,2128609280,2148794368,2138308608,2554631001
2135949312,2143289344,2146435072,2119172096,2128609280,2147483648,2144337920,2126512128,2136211456,2136735744,2554647001
2122317824,2154823680,2148532224,2138046464,2128609280,2146435072,2143289344,2126512128,2140930048,2136211456,2554663023
2135949312,2139095040,2134900736,2121269248,2129657856,2147483648,2145386496,2126512128,2132803584,2137260032,2554679022
2124414976,2155872256,2156920832,2138046464,2130706432,2148532224,2144337920,2128609280,2143813632,2138046464,2554695022
2139095040,2146435072,2146435072,2124414976,2131755008,2149580800,2146435072,2129657856,2139095040,2139357184,2554711022
2140143616,2153775104,2142240768,2134900736,2130706432,2148532224,2145386496,2128609280,2142765056,2138308608,2554727045
2141192192,2144337920,2145386496,2122317824,2129657856,2148532224,2146435072,2128609280,2138308608,2138308608,2554743044
2142240768,2139095040,2140143616,2117074944,2128609280,2146435072,2143289344,2125463552,2134638592,2135949312,2554759047
2130706432,2156920832,2149580800,2132803584,2129657856,2147483648,2144337920,2126512128,2142502912,2136997888,2554775045
2126512128,2159017984,2156920832,2141192192,2129657856,2148532224,2145386496,2128609280,2145910784,2138046464,2554791065
2141192192,2152726528,2141192192,2129657856,2130706432,2148532224,2147483648,2128609280,2141192192,2138832896,2554807065
2125463552,2159017984,2157969408,2138046464,2131755008,2147483648,2146435072,2128609280,2145124352,2138570752,2554823066
2138046464,2138046464,2138046464,2121269248,2129657856,2147483648,2145386496,2126512128,2133852160,2137260032,2554839069
2129657856,2151677952,2151677952,2132803584,2128609280,2146435072,2144337920,2125463552,2141454336,2136211456,2554855087
2123366400,2147483648,2147483648,2130706432,2128609280,2146435072,2144337920,2125463552,2137260032,2136211456,2554871086
2139095040,2146435072,2146435072,2122317824,2129657856,2148532224,2145386496,2127560704,2138570752,2137784320,2554887090
2134900736,2139095040,2138046464,2120220672,2131755008,2148532224,2146435072,2127560704,2133065728,2138570752,2554903089
2124414976,2151677952,2151677952,2136997888,2130706432,2148532224,2146435072,2129657856,2141192192,2138832896,2554919110
2129657856,2141192192,2141192192,2122317824,2130706432,2148532224,2146435072,2127560704,2133590016,2138308608,2554935108
2136997888,2139095040,2138046464,2119172096,2128609280,2146435072,2144337920,2125463552,2133327872,2136211456,2554952001
2139095040,2139095040,2135949312,2117074944,2129657856,2146435072,2143289344,2125463552,2132803584,2136211456,2554968001
2133852160,2152726528,2151677952,2129657856,2128609280,2147483648,2145386496,2126512128,2141978624,2136997888,2554984001
2121269248,2147483648,2147483648,2130706432,2130706432,2148532224,2145386496,2128609280,2136735744,2138308608,2555000001
2142240768,2153775104,2143289344,2125463552,2130706432,2148532224,2147483648,2128609280,2141192192,2138832896,2555016023
2121269248,2153775104,2147483648,2138046464,2130706432,2147483648,2145386496,2127560704,2140143616,2137784320,2555032023
2138046464,2140143616,2146435072,2121269248,2128609280,2147483648,2144337920,2127560704,2136473600,2136997888,2555048024
2139095040,2146435072,2146435072,2125463552,2128609280,2147483648,2144337920,2126512128,2139357184,2136735744,2555064023
2121269248,2142240768,2147483648,2125463552,2129657856,2146435072,2144337920,2126512128,2134114304,2136735744,2555080045
2128609280,2156920832,2156920832,2133852160,2130706432,2148532224,2145386496,2128609280,2144075776,2138308608,2555096047
2139095040,2153775104,2142240768,2130706432,2131755008,2148532224,2146435072,2129657856,2141454336,2139095040,2555112045
2129657856,2160066560,2154823680,2140143616,2130706432,2149580800,2146435072,2129657856,2146172928,2139095040,2555128046
2135949312,2146435072,2146435072,2121269248,2129657856,2147483648,2144337920,2126512128,2137522176,2136997888,2555144067
2132803584,2140143616,2139095040,2120220672,2128609280,2146435072,2144337920,2125463552,2133065728,2136211456,2555160066
2120220672,2152726528,2147483648,2133852160,2129657856,2147483648,2144337920,2126512128,2138570752,2136997888,2555176067
2123366400,2141192192,2140143616,2122317824,2129657856,2147483648,2145386496,2127560704,2131755008,2137522176,2555192064
2130706432,2159017984,2156920832,2139095040,2131755008,2148532224,2146435072,2128609280,2146435072,2138832896,2555208088
2133852160,2143289344,2142240768,2124414976,2131755008,2147483648,2146435072,2127560704,2135949312,2138308608,2555224087
2136997888,2141192192,2140143616,2119172096,2129657856,2147483648,2144337920,2127560704,2134376448,2137260032,2555240088
2123366400,2152726528,2151677952,2135949312,2128609280,2147483648,2144337920,2126512128,2140930048,2136735744,2555256090
2138046464,2140143616,2144337920,2119172096,2129657856,2146435072,2143289344,2125463552,2135425024,2136211456,2555272107
2139095040,2146435072,2142240768,2119172096,2129657856,2147483648,2145386496,2127560704,2136735744,2137522176,2555289001
2141192192,2141192192,2140143616,2119172096,2130706432,2148532224,2146435072,2128609280,2135425024,2138570752,2555305001
2138046464,2142240768,2139095040,2124414976,2131755008,2148532224,2146435072,2128609280,2135949312,2138832896,2555321001
2127560704,2160066560,2155872256,2136997888,2130706432,2147483648,2145386496,2127560704,2145124352,2137784320,2555337001
2129657856,2140143616,2143289344,2120220672,2129657856,2146435072,2144337920,2126512128,2133327872,2136735744,2555353023
2123366400,2154823680,2154823680,2136997888,2129657856,2146435072,2143289344,2125463552,2142502912,2136211456,2555369023
2121269248,2151677952,2143289344,2132803584,2129657856,2147483648,2144337920,2127560704,2137260032,2137260032,2555385023
2142240768,2140143616,2140143616,2121269248,2130706432,2148532224,2145386496,2128609280,2135949312,2138308608,2555401024
2138046464,2142240768,2139095040,2123366400,2130706432,2148532224,2146435072,2129657856,2135687168,2138832896,2555417045
2126512128,2160066560,2155872256,2143289344,2129657856,2149580800,2145386496,2128609280,2146435072,2138308608,2555433045
2122317824,2147483648,2145386496,2130706432,2129657856,2147483648,2143289344,2126512128,2136473600,2136735744,2555449044
2138046464,2139095040,2135949312,2117074944,2128609280,2146435072,2144337920,2125463552,2132541440,2136211456,2555465046
2134900736,2146435072,2145386496,2121269248,2128609280,2147483648,2144337920,2127560704,2136997888,2136997888,2555481068
2123366400,2162163712,2151677952,2144337920,2130706432,2147483648,2145386496,2128609280,2145386496,2138046464,2555497066
2125463552,2157969408,2159017984,2145386496,2130706432,2147483648,2146435072,2128609280,2146959360,2138308608,2555513065
2134900736,2154823680,2152726528,2132803584,2130706432,2147483648,2145386496,2128609280,2143813632,2138046464,2555529067
2136997888,2146435072,2146435072,2125463552,2129657856,2146435072,2144337920,2125463552,2138832896,2136473600,2555545088
2130706432,2138046464,2140143616,2121269248,2129657856,2146435072,2144337920,2124414976,2132541440,2136211456,2555561088
2135949312,2141192192,2139095040,2118123520,2129657856,2146435072,2143289344,2126512128,2133590016,2136473600,2555577089
2125463552,2160066560,2160066560,2143289344,2129657856,2149580800,2146435072,2129657856,2147221504,2138832896,2555593088
2132803584,2152726528,2152726528,2134900736,2131755008,2148532224,2146435072,2128609280,2143289344,2138832896,2555609108
2138046464,2145386496,2138046464,2124414976,2130706432,2148532224,2146435072,2128609280,2136473600,2138570752,2555625109
2134900736,2146435072,2151677952,2124414976,2130706432,2147483648,2144337920,2126512128,2139357184,2137260032,2555642001
2127560704,2156920832,2154823680,2129657856,2128609280,2146435072,2144337920,2125463552,2142240768,2136211456,2555658001
2140143616,2138046464,2138046464,2119172096,2129657856,2146435072,2144337920,2125463552,2133852160,2136473600,2555674001
2121269248,2159017984,2154823680,2144337920,2129657856,2148532224,2145386496,2128609280,2144862208,2138046464,2555690023
2122317824,2151677952,2147483648,2131755008,2130706432,2148532224,2146435072,2128609280,2138308608,2138570752,2555706024
2124414976,2150629376,2145386496,2135949312,2130706432,2149580800,2146435072,2128609280,2139095040,2138832896,2555722022
2126512128,2153775104,2155872256,2138046464,2130706432,2147483648,2145386496,2127560704,2143551488,2137784320,2555738023
2121269248,2161115136,2151677952,2138046464,2129657856,2146435072,2144337920,2125463552,2143027200,2136473600,2555754045
2124414976,2141192192,2141192192,2122317824,2128609280,2146435072,2143289344,2126512128,2132279296,2136211456,2555770044
2140143616,2152726528,2140143616,2125463552,2130706432,2146435072,2144337920,2126512128,2139619328,2136997888,2555786045
2125463552,2143289344,2144337920,2126512128,2130706432,2148532224,2146435072,2127560704,2134900736,2138308608,2555802045
2130706432,2162163712,2157969408,2132803584,2130706432,2149580800,2147483648,2129657856,2145910784,2139357184,2555818068
2145386496,2138046464,2140143616,2123366400,2130706432,2146435072,2145386496,2126512128,2136735744,2137260032,2555834066
2123366400,2142240768,2138046464,2127560704,2129657856,2147483648,2143289344,2125463552,2132803584,2136473600,2555850066
2125463552,2138046464,2135949312,2121269248,2128609280,2146435072,2144337920,2124414976,2130182144,2135949312,2555866066
2125463552,2143289344,2138046464,2126512128,2129657856,2147483648,2145386496,2127560704,2133327872,2137522176,2555882087
2139095040,2146435072,2136997888,2122317824,2130706432,2148532224,2146435072,2128609280,2136211456,2138570752,2555898086
2128609280,2143289344,2139095040,2125463552,2131755008,2147483648,2146435072,2129657856,2134114304,2138832896,2555914087
2130706432,2162163712,2150629376,2134900736,2130706432,2148532224,2145386496,2128609280,2144600064,2138308608,2555930087
2126512128,2143289344,2136997888,2124414976,2128609280,2147483648,2145386496,2127560704,2132803584,2137260032,2555946110
2131755008,2151677952,2151677952,2129657856,2128609280,2146435072,2143289344,2126512128,2141192192,2136211456,2555962105
2133852160,2143289344,2141192192,2120220672,2129657856,2146435072,2144337920,2126512128,2134638592,2136735744,2555979001
2122317824,2151677952,2141192192,2134900736,2130706432,2148532224,2146435072,2127560704,2137522176,2138308608,2555995001
2146435072,2138046464,2140143616,2120220672,2131755008,2148532224,2146435072,2128609280,2136211456,2138832896,2556011001
2124414976,2147483648,2141192192,2127560704,2130706432,2148532224,2144337920,2128609280,2135162880,2138046464,2556027001
2128609280,2156920832,2154823680,2138046464,2130706432,2147483648,2145386496,2126512128,2144600064,2137522176,2556043023
2129657856,2139095040,2139095040,2119172096,2129657856,2145386496,2143289344,2124414976,2131755008,2135687168,2556059023
2134900736,2138046464,2134900736,2117074944,2128609280,2147483648,2144337920,2125463552,2131230720,2136473600,2556075025
2140143616,2138046464,2142240768,2119172096,2131755008,2147483648,2145386496,2127560704,2134900736,2138046464,2556091023
2138046464,2138046464,2139095040,2120220672,2130706432,2148532224,2146435072,2128609280,2133852160,2138570752,2556107044
2130706432,2154823680,2157969408,2138046464,2131755008,2148532224,2147483648,2128609280,2145386496,2139095040,2556123046
2125463552,2157969408,2159017984,2141192192,2129657856,2146435072,2145386496,2127560704,2145910784,2137260032,2556139045
2135949312,2146435072,2138046464,2125463552,2128609280,2146435072,2144337920,2125463552,2136473600,2136211456,2556155045
2136997888,2138046464,2135949312,2117074944,2128609280,2146435072,2144337920,2125463552,2132017152,2136211456,2556171066
2133852160,2141192192,2136997888,2119172096,2129657856,2147483648,2144337920,2127560704,2132803584,2137260032,2556187067
2124414976,2153775104,2152726528,2136997888,2130706432,2147483648,2146435072,2127560704,2141978624,2138046464,2556203068
2138046464,2143289344,2140143616,2122317824,2131755008,2148532224,2147483648,2129657856,2135949312,2139357184,2556219064
2123366400,2142240768,2147483648,2125463552,2130706432,2147483648,2145386496,2127560704,2134638592,2137784320,2556235088
2139095040,2141192192,2136997888,2118123520,2129657856,2146435072,2143289344,2126512128,2133852160,2136473600,2556251089
2121269248,2161115136,2149580800,2142240768,2128609280,2146435072,2144337920,2125463552,2143551488,2136211456,2556267088
2126512128,2159017984,2159017984,2138046464,2129657856,2146435072,2144337920,2126512128,2145648640,2136735744,2556283088
2126512128,2157969408,2159017984,2135949312,2131755008,2148532224,2146435072,2127560704,2144862208,2138570752,2556299112
2141192192,2142240768,2144337920,2121269248,2130706432,2148532224,2146435072,2128609280,2137260032,2138570752,2556316001
2123366400,2151677952,2149580800,2134900736,2130706432,2147483648,2145386496,2128609280,2139881472,2138046464,2556332001
2126512128,2143289344,2144337920,2122317824,2129657856,2146435072,2144337920,2125463552,2134114304,2136473600,2556348001
2140143616,2142240768,2142240768,2119172096,2128609280,2146435072,2144337920,2126512128,2135949312,2136473600,2556364001
2127560704,2154823680,2152726528,2131755008,2129657856,2147483648,2144337920,2126512128,2141716480,2136997888,2556380024
2129657856,2153775104,2154823680,2127560704,2129657856,2147483648,2146435072,2127560704,2141454336,2137784320,2556396024
2136997888,2153775104,2152726528,2131755008,2130706432,2148532224,2146435072,2129657856,2143813632,2138832896,2556412023
2123366400,2142240768,2143289344,2124414976,2131755008,2147483648,2145386496,2127560704,2133327872,2138046464,2556428023
2129657856,2141192192,2139095040,2124414976,2129657856,2146435072,2144337920,2125463552,2133590016,2136473600,2556444047
2122317824,2151677952,2144337920,2134900736,2128609280,2147483648,2143289344,2126512128,2138308608,2136473600,2556460045
2132803584,2151677952,2153775104,2125463552,2129657856,2146435072,2144337920,2125463552,2140930048,2136473600,2556476046
2122317824,2151677952,2155872256,2135949312,2129657856,2148532224,2146435072,2128609280,2141454336,2138308608,2556492045
2125463552,2142240768,2143289344,2124414976,2130706432,2148532224,2146435072,2128609280,2133852160,2138570752,2556508068
2138046464,2152726528,2146435072,2134900736,2130706432,2148532224,2146435072,2128609280,2143027200,2138570752,2556524067
2126512128,2162163712,2155872256,2135949312,2129657856,2148532224,2145386496,2127560704,2145124352,2137784320,2556540064
2121269248,2159017984,2153775104,2138046464,2129657856,2146435072,2144337920,2125463552,2143027200,2136473600,2556556066
2122317824,2151677952,2143289344,2134900736,2128609280,2147483648,2143289344,2126512128,2138046464,2136473600,2556572087
2132803584,2154823680,2153775104,2132803584,2129657856,2147483648,2145386496,2127560704,2143551488,2137522176,2556588086
2136997888,2154823680,2146435072,2129657856,2130706432,2148532224,2145386496,2129657856,2141978624,2138570752,2556604085
2125463552,2157969408,2157969408,2141192192,2130706432,2148532224,2146435072,2129657856,2145648640,2138832896,2556620086
2138046464,2142240768,2138046464,2121269248,2130706432,2147483648,2145386496,2127560704,2134900736,2137784320,2556636110
2123366400,2140143616,2135949312,2123366400,2129657856,2145386496,2143289344,2125463552,2130706432,2135949312,2556652108
2139095040,2146435072,2139095040,2123366400,2129657856,2147483648,2143289344,2125463552,2136997888,2136473600,2556669001
2143289344,2140143616,2136997888,2117074944,2128609280,2148532224,2145386496,2127560704,2134376448,2137522176,2556685001
2135949312,2146435072,2150629376,2122317824,2130706432,2148532224,2145386496,2128609280,2138832896,2138308608,2556701001
2141192192,2154823680,2146435072,2128609280,2130706432,2149580800,2146435072,2129657856,2142765056,2139095040,2556717025
2123366400,2148532224,2147483648,2134900736,2130706432,2148532224,2145386496,2128609280,2138570752,2138308608,2556733022
2122317824,2157969408,2149580800,2141192192,2129657856,2146435072,2144337920,2126512128,2142765056,2136735744,2556749023
2130706432,2153775104,2155872256,2121269248,2129657856,2147483648,2143289344,2125463552,2140405760,2136473600,2556765024
2129657856,2142240768,2136997888,2123366400,2128609280,2147483648,2144337920,2126512128,2133065728,2136735744,2556781045
2131755008,2145386496,2149580800,2122317824,2129657856,2148532224,2145386496,2127560704,2137260032,2137784320,2556797043
2126512128,2155872256,2157969408,2140143616,2130706432,2148532224,2145386496,2128609280,2145124352,2138308608,2556813046
2138046464,2140143616,2140143616,2121269248,2129657856,2148532224,2146435072,2128609280,2134900736,2138308608,2556829046
2136997888,2141192192,2139095040,2119172096,2128609280,2147483648,2144337920,2126512128,2134114304,2136735744,2556845067
2127560704,2141192192,2136997888,2122317824,2129657856,2146435072,2143289344,2125463552,2132017152,2136211456,2556861065
2122317824,2143289344,2143289344,2126512128,2129657856,2147483648,2145386496,2126512128,2133852160,2137260032,2556877066
2132803584,2155872256,2148532224,2130706432,2129657856,2147483648,2145386496,2127560704,2141978624,2137522176,2556893068
2123366400,2153775104,2147483648,2136997888,2130706432,2148532224,2146435072,2129657856,2140405760,2138832896,2556909087
2131755008,2142240768,2139095040,2125463552,2130706432,2149580800,2146435072,2129657856,2134638592,2139095040,2556925086
2140143616,2140143616,2142240768,2121269248,2129657856,2148532224,2145386496,2127560704,2135949312,2137784320,2556941089
2121269248,2141192192,2140143616,2121269248,2128609280,2146435072,2144337920,2125463552,2130968576,2136211456,2556957088
2130706432,2152726528,2153775104,2133852160,2129657856,2146435072,2143289344,2125463552,2142765056,2136211456,2556973110
2133852160,2142240768,2134900736,2121269248,2129657856,2147483648,2144337920,2127560704,2133065728,2137260032,2556989108
2136997888,2141192192,2136997888,2123366400,2130706432,2148532224,2146435072,2128609280,2134638592,2138570752,2557006001
2132803584,2153775104,2152726528,2133852160,2130706432,2148532224,2146435072,2128609280,2143289344,2138570752,2557022001
2141192192,2152726528,2138046464,2124414976,2129657856,2148532224,2144337920,2127560704,2139095040,2137522176,2557038001
2123366400,2147483648,2148532224,2128609280,2129657856,2146435072,2143289344,2125463552,2136997888,2136211456,2557054001
2133852160,2151677952,2150629376,2127560704,2128609280,2146435072,2143289344,2125463552,2140930048,2135949312,2557070024
2140143616,2138046464,2136997888,2119172096,2129657856,2147483648,2145386496,2127560704,2133590016,2137522176,2557086023
2128609280,2140143616,2138046464,2121269248,2130706432,2148532224,2145386496,2127560704,2132017152,2138046464,2557102023
2123366400,2156920832,2147483648,2140143616,2130706432,2149580800,2145386496,2129657856,2141978624,2138832896,2557118023
2125463552,2156920832,2160066560,2139095040,2129657856,2148532224,2145386496,2127560704,2145386496,2137784320,2557134046
2123366400,2143289344,2144337920,2126512128,2129657856,2146435072,2144337920,2126512128,2134376448,2136735744,2557150045
2139095040,2144337920,2143289344,2119172096,2128609280,2146435072,2144337920,2125463552,2136473600,2136211456,2557166046
2126512128,2155872256,2160066560,2133852160,2128609280,2147483648,2145386496,2126512128,2144075776,2136997888,2557182043
2130706432,2154823680,2150629376,2129657856,2129657856,2148532224,2145386496,2128609280,2141454336,2138046464,2557198066
2138046464,2138046464,2140143616,2122317824,2131755008,2148532224,2146435072,2129657856,2134638592,2139095040,2557214067
2123366400,2147483648,2141192192,2132803584,2130706432,2148532224,2145386496,2127560704,2136211456,2138046464,2557230066
2142240768,2138046464,2141192192,2117074944,2129657856,2147483648,2144337920,2127560704,2134638592,2137260032,2557246065
2127560704,2160066560,2152726528,2139095040,2128609280,2146435072,2143289344,2125463552,2144862208,2135949312,2557262089
2136997888,2146435072,2136997888,2121269248,2129657856,2147483648,2143289344,2127560704,2135425024,2136997888,2557278086
2128609280,2160066560,2155872256,2132803584,2130706432,2147483648,2145386496,2127560704,2144337920,2137784320,2557294090
2123366400,2147483648,2144337920,2131755008,2130706432,2149580800,2146435072,2129657856,2136735744,2139095040,2557310087
2126512128,2141192192,2143289344,2122317824,2130706432,2147483648,2145386496,2127560704,2133327872,2137784320,2557326110
2130706432,2155872256,2155872256,2132803584,2129657856,2146435072,2144337920,2126512128,2143813632,2136735744,2557343001
2125463552,2141192192,2136997888,2124414976,2128609280,2146435072,2144337920,2126512128,2132017152,2136473600,2557359001
2121269248,2144337920,2139095040,2124414976,2128609280,2147483648,2144337920,2126512128,2132279296,2136735744,2557375001
2140143616,2146435072,2144337920,2122317824,2130706432,2148532224,2145386496,2127560704,2138308608,2138046464,2557391001
2134900736,2159017984,2155872256,2138046464,2131755008,2148532224,2146435072,2128609280,2146959360,2138832896,2557407023
2124414976,2147483648,2152726528,2132803584,2131755008,2148532224,2145386496,2128609280,2139357184,2138570752,2557423023
2140143616,2143289344,2139095040,2119172096,2129657856,2148532224,2145386496,2127560704,2135425024,2137784320,2557439024
2122317824,2155872256,2155872256,2135949312,2128609280,2147483648,2143289344,2126512128,2142502912,2136473600,2557455024
2120220672,2138046464,2147483648,2124414976,2128609280,2146435072,2143289344,2125463552,2132541440,2135949312,2557471047
2130706432,2154823680,2152726528,2133852160,2129657856,2147483648,2145386496,2127560704,2143027200,2137522176,2557487045
2123366400,2160066560,2154823680,2143289344,2130706432,2148532224,2146435072,2128609280,2145386496,2138570752,2557503044
2129657856,2141192192,2144337920,2124414976,2131755008,2148532224,2146435072,2128609280,2134900736,2138832896,2557519046
2141192192,2140143616,2140143616,2121269248,2130706432,2147483648,2145386496,2127560704,2135687168,2137784320,2557535067
2122317824,2164260864,2155872256,2139095040,2128609280,2147483648,2144337920,2126512128,2145386496,2136735744,2557551066
2122317824,2151677952,2153775104,2134900736,2128609280,2148532224,2143289344,2126512128,2140667904,2136735744,2557567065
2139095040,2142240768,2138046464,2118123520,2128609280,2147483648,2145386496,2127560704,2134376448,2137260032,2557583067
2136997888,2138046464,2139095040,2119172096,2129657856,2147483648,2146435072,2127560704,2133327872,2137784320,2557599089
2143289344,2154823680,2146435072,2129657856,2130706432,2150629376,2146435072,2129657856,2143551488,2139357184,2557615087
2135949312,2145386496,2144337920,2124414976,2129657856,2148532224,2145386496,2128609280,2137522176,2138046464,2557631087
2132803584,2146435072,2150629376,2124414976,2129657856,2146435072,2145386496,2126512128,2138570752,2136997888,2557647089
2121269248,2143289344,2147483648,2128609280,2127560704,2146435072,2144337920,2125463552,2135162880,2135949312,2557663110
2130706432,2152726528,2152726528,2127560704,2129657856,2146435072,2144337920,2126512128,2140930048,2136735744,2557679109
2131755008,2155872256,2152726528,2133852160,2129657856,2147483648,2144337920,2127560704,2143551488,2137260032,2557696000
2130706432,2152726528,2154823680,2129657856,2130706432,2149580800,2147483648,2129657856,2141978624,2139357184,2557712001
2123366400,2147483648,2143289344,2130706432,2130706432,2148532224,2144337920,2128609280,2136211456,2138046464,2557728001
2142240768,2141192192,2138046464,2122317824,2130706432,2146435072,2144337920,2125463552,2135949312,2136735744,2557744024
2123366400,2141192192,2136997888,2126512128,2128609280,2146435072,2143289344,2125463552,2132017152,2135949312,2557760024
2135949312,2138046464,2135949312,2117074944,2129657856,2147483648,2144337920,2126512128,2131755008,2136997888,2557776023
2134900736,2150629376,2150629376,2126512128,2130706432,2147483648,2144337920,2126512128,2140667904,2137260032,2557792024
2127560704,2141192192,2143289344,2124414976,2130706432,2148532224,2146435072,2128609280,2134114304,2138570752,2557808045
2133852160,2153775104,2146435072,2133852160,2130706432,2148532224,2146435072,2129657856,2141978624,2138832896,2557824045
2133852160,2139095040,2139095040,2121269248,2130706432,2146435072,2144337920,2126512128,2133327872,2136997888,2557840045
2125463552,2140143616,2141192192,2121269248,2128609280,2147483648,2144337920,2125463552,2132017152,2136473600,2557856047
2123366400,2144337920,2141192192,2122317824,2129657856,2147483648,2144337920,2126512128,2132803584,2136997888,2557872065
2135949312,2138046464,2138046464,2120220672,2130706432,2147483648,2145386496,2126512128,2133065728,2137522176,2557888065
2134900736,2156920832,2153775104,2134900736,2130706432,2149580800,2146435072,2128609280,2145124352,2138832896,2557904067
2124414976,2156920832,2153775104,2140143616,2130706432,2149580800,2147483648,2129657856,2143813632,2139357184,2557920067
2133852160,2139095040,2141192192,2120220672,2130706432,2147483648,2145386496,2127560704,2133590016,2137784320,2557936089
2123366400,2157969408,2159017984,2138046464,2129657856,2146435072,2144337920,2125463552,2144600064,2136473600,2557952088
2120220672,2157969408,2149580800,2139095040,2128609280,2146435072,2144337920,2125463552,2141716480,2136211456,2557968090
2126512128,2154823680,2152726528,2133852160,2129657856,2147483648,2144337920,2126512128,2141978624,2136997888,2557984087
2125463552,2155872256,2155872256,2139095040,2130706432,2148532224,2146435072,2129657856,2144075776,2138832896,2558000109
2124414976,2151677952,2151677952,2135949312,2131755008,2148532224,2146435072,2128609280,2140930048,2138832896,2558016108
2134900736,2140143616,2138046464,2124414976,2130706432,2147483648,2144337920,2127560704,2134376448,2137522176,2558033001
2135949312,2142240768,2139095040,2121269248,2129657856,2146435072,2144337920,2125463552,2134638592,2136473600,2558049001
2140143616,2150629376,2138046464,2129657856,2129657856,2146435072,2144337920,2125463552,2139619328,2136473600,2558065001
2129657856,2139095040,2140143616,2119172096,2128609280,2147483648,2144337920,2127560704,2132017152,2136997888,2558081001
2126512128,2163212288,2157969408,2139095040,2130706432,2148532224,2145386496,2128609280,2146697216,2138308608,2558097024
2123366400,2149580800,2144337920,2135949312,2130706432,2147483648,2146435072,2128609280,2138308608,2138308608,2558113023
2122317824,2152726528,2143289344,2135949312,2129657856,2148532224,2146435072,2128609280,2138570752,2138308608,2558129023
2136997888,2141192192,2140143616,2119172096,2129657856,2147483648,2144337920,2126512128,2134376448,2136997888,2558145022
2129657856,2145386496,2138046464,2122317824,2129657856,2146435072,2143289344,2125463552,2133852160,2136211456,2558161046
2120220672,2149580800,2149580800,2132803584,2129657856,2146435072,2143289344,2125463552,2138046464,2136211456,2558177045
2132803584,2153775104,2152726528,2132803584,2130706432,2147483648,2145386496,2127560704,2143027200,2137784320,2558193047
2123366400,2147483648,2147483648,2131755008,2131755008,2148532224,2146435072,2129657856,2137522176,2139095040,2558209044
2124414976,2148532224,2142240768,2131755008,2130706432,2147483648,2145386496,2128609280,2136735744,2138046464,2558225065
2129657856,2162163712,2154823680,2135949312,2130706432,2148532224,2144337920,2127560704,2145648640,2137784320,2558241066
2139095040,2139095040,2135949312,2118123520,2128609280,2146435072,2144337920,2125463552,2133065728,2136211456,2558257068
2122317824,2148532224,2147483648,2131755008,2128609280,2146435072,2144337920,2125463552,2137522176,2136211456,2558273065
2134900736,2138046464,2138046464,2124414976,2130706432,2147483648,2145386496,2127560704,2133852160,2137784320,2558289087
2141192192,2143289344,2146435072,2120220672,2130706432,2148532224,2146435072,2129657856,2137784320,2138832896,2558305087
2135949312,2142240768,2141192192,2124414976,2130706432,2148532224,2146435072,2129657856,2135949312,2138832896,2558321090
2142240768,2142240768,2142240768,2123366400,2130706432,2147483648,2145386496,2128609280,2137522176,2138046464,2558337090
2140143616,2146435072,2135949312,2122317824,2129657856,2146435072,2144337920,2125463552,2136211456,2136473600,2558353110
2134900736,2146435072,2146435072,2120220672,2129657856,2146435072,2143289344,2125463552,2136997888,2136211456,2558370001
2129657856,2146435072,2152726528,2123366400,2129657856,2146435072,2144337920,2126512128,2138046464,2136735744,2558386001
2142240768,2140143616,2138046464,2121269248,2130706432,2147483648,2147483648,2127560704,2135425024,2138308608,2558402001
2121269248,2164260864,2151677952,2140143616,2130706432,2149580800,2146435072,2129657856,2144337920,2139095040,2558418001
2138046464,2138046464,2140143616,2120220672,2129657856,2147483648,2145386496,2128609280,2134114304,2137784320,2558434023
2130706432,2155872256,2150629376,2129657856,2128609280,2147483648,2144337920,2126512128,2141716480,2136735744,2558450024
2121269248,2147483648,2143289344,2130706432,2128609280,2146435072,2144337920,2125463552,2135687168,2136211456,2558466024
2143289344,2139095040,2138046464,2117074944,2129657856,2147483648,2144337920,2127560704,2134376448,2137260032,2558482023
2122317824,2160066560,2157969408,2135949312,2130706432,2147483648,2145386496,2127560704,2144075776,2137784320,2558498045
2135949312,2139095040,2141192192,2121269248,2130706432,2149580800,2147483648,2129657856,2134376448,2139357184,2558514045
2127560704,2164260864,2156920832,2134900736,2130706432,2148532224,2146435072,2128609280,2145910784,2138570752,2558530044
2124414976,2148532224,2155872256,2133852160,2129657856,2147483648,2144337920,2126512128,2140667904,2136997888,2558546045
2119172096,2157969408,2147483648,2139095040,2128609280,2146435072,2144337920,2126512128,2140930048,2136473600,2558562067
2141192192,2138046464,2138046464,2118123520,2129657856,2147483648,2145386496,2126512128,2133852160,2137260032,2558578066
2123366400,2142240768,2147483648,2125463552,2129657856,2148532224,2145386496,2127560704,2134638592,2137784320,2558594067
2141192192,2143289344,2140143616,2122317824,2129657856,2149580800,2147483648,2129657856,2136735744,2139095040,2558610068
2125463552,2159017984,2159017984,2140143616,2131755008,2148532224,2145386496,2129657856,2145910784,2138832896,2558626087
2134900736,2141192192,2138046464,2122317824,2129657856,2147483648,2145386496,2126512128,2134114304,2137260032,2558642087
2123366400,2151677952,2151677952,2135949312,2129657856,2146435072,2144337920,2125463552,2140667904,2136473600,2558658085
2133852160,2138046464,2135949312,2120220672,2129657856,2145386496,2144337920,2125463552,2132017152,2136211456,2558674088
2121269248,2155872256,2143289344,2139095040,2129657856,2147483648,2145386496,2126512128,2139881472,2137260032,2558690110
2134900736,2143289344,2140143616,2122317824,2130706432,2148532224,2146435072,2129657856,2135162880,2138832896,2558706110
2121269248,2162163712,2155872256,2145386496,2131755008,2148532224,2145386496,2128609280,2146172928,2138570752,2558723001
2129657856,2157969408,2156920832,2135949312,2129657856,2147483648,2145386496,2127560704,2145124352,2137522176,2558739001
2142240768,2141192192,2140143616,2119172096,2128609280,2146435072,2144337920,2126512128,2135687168,2136473600,2558755001
2123366400,2141192192,2144337920,2124414976,2128609280,2146435072,2144337920,2126512128,2133327872,2136473600,2558771025
2127560704,2159017984,2154823680,2132803584,2130706432,2147483648,2144337920,2126512128,2143551488,2137260032,2558787023
2135949312,2146435072,2155872256,2122317824,2130706432,2148532224,2146435072,2128609280,2140143616,2138570752,2558803023
2141192192,2143289344,2141192192,2121269248,2131755008,2148532224,2146435072,2128609280,2136735744,2138832896,2558819023
2123366400,2147483648,2149580800,2130706432,2130706432,2148532224,2145386496,2128609280,2137784320,2138308608,2558835046
2128609280,2160066560,2159017984,2131755008,2129657856,2147483648,2144337920,2126512128,2144862208,2136997888,2558851046
2125463552,2141192192,2145386496,2122317824,2128609280,2147483648,2143289344,2126512128,2133590016,2136473600,2558867045
2133852160,2139095040,2136997888,2117074944,2128609280,2147483648,2145386496,2126512128,2131755008,2136997888,2558883047
2123366400,2164260864,2157969408,2141192192,2130706432,2149580800,2146435072,2128609280,2146697216,2138832896,2558899066
2138046464,2140143616,2139095040,2121269248,2130706432,2149580800,2147483648,2129657856,2134638592,2139357184,2558915064
2124414976,2157969408,2156920832,2138046464,2131755008,2149580800,2146435072,2128609280,2144337920,2139095040,2558931066
2125463552,2159017984,2156920832,2138046464,2130706432,2147483648,2144337920,2126512128,2144862208,2137260032,2558947067
2138046464,2146435072,2136997888,2119172096,2128609280,2146435072,2143289344,2125463552,2135162880,2135949312,2558963089
2138046464,2140143616,2142240768,2120220672,2129657856,2146435072,2144337920,2126512128,2135162880,2136735744,2558979086
2121269248,2153775104,2154823680,2138046464,2130706432,2148532224,2145386496,2128609280,2141978624,2138308608,2558995088
2133852160,2143289344,2143289344,2122317824,2131755008,2149580800,2146435072,2129657856,2135687168,2139357184,2559011091
2134900736,2141192192,2142240768,2123366400,2131755008,2148532224,2146435072,2128609280,2135425024,2138832896,2559027110
2123366400,2160066560,2157969408,2142240768,2129657856,2147483648,2144337920,2127560704,2145910784,2137260032,2559043107
2121269248,2155872256,2151677952,2138046464,2128609280,2146435072,2144337920,2125463552,2141716480,2136211456,2559060001
2122317824,2156920832,2153775104,2138046464,2129657856,2147483648,2144337920,2126512128,2142765056,2136997888,2559076001
2122317824,2147483648,2147483648,2130706432,2129657856,2147483648,2145386496,2128609280,2136997888,2137784320,2559092001
2123366400,2142240768,2141192192,2127560704,2130706432,2148532224,2145386496,2128609280,2133590016,2138308608,2559108001
2126512128,2147483648,2154823680,2134900736,2130706432,2148532224,2146435072,2129657856,2140930048,2138832896,2559124023
2123366400,2149580800,2149580800,2135949312,2130706432,2147483648,2145386496,2127560704,2139619328,2137784320,2559140024
2124414976,2143289344,2136997888,2126512128,2129657856,2146435072,2144337920,2126512128,2132803584,2136735744,2559156022
2128609280,2154823680,2151677952,2132803584,2128609280,2146435072,2143289344,2125463552,2141978624,2135949312,2559172022
2121269248,2147483648,2151677952,2134900736,2128609280,2148532224,2146435072,2127560704,2138832896,2137784320,2559188045
2126512128,2163212288,2157969408,2135949312,2131755008,2148532224,2146435072,2128609280,2145910784,2138832896,2559204045
2146435072,2141192192,2139095040,2122317824,2130706432,2148532224,2147483648,2128609280,2137260032,2138832896,2559220045
2140143616,2150629376,2140143616,2132803584,2130706432,2148532224,2145386496,2128609280,2140930048,2138308608,2559236044
2143289344,2142240768,2139095040,2118123520,2128609280,2147483648,2144337920,2127560704,2135687168,2136997888,2559252067
2123366400,2156920832,2154823680,2136997888,2128609280,2146435072,2144337920,2125463552,2143027200,2136211456,2559268069
2124414976,2154823680,2152726528,2136997888,2130706432,2147483648,2144337920,2126512128,2142240768,2137260032,2559284065
2132803584,2146435072,2148532224,2124414976,2130706432,2148532224,2146435072,2128609280,2138046464,2138570752,2559300066
2127560704,2159017984,2159017984,2140143616,2130706432,2148532224,2146435072,2129657856,2146435072,2138832896,2559316089
2128609280,2143289344,2138046464,2123366400,2130706432,2147483648,2145386496,2128609280,2133327872,2138046464,2559332090
2130706432,2155872256,2150629376,2132803584,2129657856,2146435072,2144337920,2126512128,2142502912,2136735744,2559348087
2122317824,2147483648,2143289344,2130706432,2128609280,2147483648,2143289344,2126512128,2135949312,2136473600,2559364085
2122317824,2156920832,2156920832,2135949312,2129657856,2147483648,2144337920,2126512128,2143027200,2136997888,2559380109
2140143616,2152726528,2142240768,2121269248,2130706432,2147483648,2145386496,2128609280,2139095040,2138046464,2559397001
2134900736,2154823680,2151677952,2133852160,2130706432,2148532224,2146435072,2129657856,2143813632,2138832896,2559413001
2139095040,2146435072,2151677952,2123366400,2129657856,2148532224,2145386496,2128609280,2140143616,2138046464,2559429000
2126512128,2154823680,2157969408,2138046464,2129657856,2146435072,2144337920,2126512128,2144337920,2136735744,2559445001
2127560704,2140143616,2138046464,2119172096,2128609280,2146435072,2143289344,2125463552,2131230720,2135949312,2559461023
2136997888,2142240768,2141192192,2117074944,2128609280,2147483648,2143289344,2126512128,2134376448,2136473600,2559477023
2126512128,2156920832,2160066560,2134900736,2129657856,2148532224,2146435072,2128609280,2144600064,2138308608,2559493024
2141192192,2143289344,2140143616,2120220672,2130706432,2148532224,2147483648,2128609280,2136211456,2138832896,2559509024
2133852160,2140143616,2136997888,2121269248,2131755008,2148532224,2146435072,2128609280,2133065728,2138832896,2559525048
2123366400,2142240768,2143289344,2123366400,2129657856,2147483648,2144337920,2126512128,2133065728,2136997888,2559541044
2121269248,2149580800,2152726528,2131755008,2128609280,2147483648,2144337920,2126512128,2138832896,2136735744,2559557045
2130706432,2155872256,2151677952,2135949312,2128609280,2147483648,2144337920,2126512128,2143551488,2136735744,2559573045
2142240768,2139095040,2135949312,2117074944,2129657856,2148532224,2145386496,2127560704,2133590016,2137784320,2559589067
2128609280,2143289344,2143289344,2122317824,2129657856,2149580800,2146435072,2128609280,2134376448,2138570752,2559605067
2131755008,2155872256,2149580800,2133852160,2130706432,2148532224,2146435072,2128609280,2142765056,2138570752,2559621065
2125463552,2142240768,2141192192,2126512128,2129657856,2147483648,2144337920,2128609280,2133852160,2137522176,2559637067
2124414976,2143289344,2147483648,2126512128,2128609280,2147483648,2144337920,2126512128,2135425024,2136735744,2559653089
2120220672,2142240768,2145386496,2122317824,2128609280,2146435072,2143289344,2126512128,2132541440,2136211456,2559669088
2127560704,2155872256,2153775104,2130706432,2129657856,2147483648,2144337920,2127560704,2141978624,2137260032,2559685086
2141192192,2141192192,2138046464,2119172096,2130706432,2147483648,2146435072,2127560704,2134900736,2138046464,2559701088
2130706432,2157969408,2156920832,2135949312,2131755008,2148532224,2147483648,2127560704,2145386496,2138832896,2559717108
2128609280,2157969408,2157969408,2135949312,2130706432,2148532224,2145386496,2128609280,2145124352,2138308608,2559733109
2120220672,2145386496,2147483648,2129657856,2129657856,2146435072,2144337920,2126512128,2135687168,2136735744,2559750001
2132803584,2152726528,2150629376,2131755008,2128609280,2146435072,2143289344,2125463552,2141978624,2135949312,2559766001
2141192192,2144337920,2135949312,2120220672,2129657856,2147483648,2144337920,2126512128,2135425024,2136997888,2559782001
2132803584,2152726528,2152726528,2132803584,2129657856,2147483648,2145386496,2127560704,2142765056,2137522176,2559798023
2125463552,2157969408,2155872256,2139095040,2131755008,2147483648,2146435072,2128609280,2144600064,2138570752,2559814023
2134900736,2154823680,2146435072,2133852160,2129657856,2148532224,2146435072,2128609280,2142502912,2138308608,2559830023
2138046464,2150629376,2146435072,2126512128,2129657856,2147483648,2144337920,2126512128,2140405760,2136997888,2559846023
2126512128,2157969408,2148532224,2131755008,2128609280,2146435072,2144337920,2125463552,2141192192,2136211456,2559862044
2124414976,2157969408,2157969408,2139095040,2129657856,2146435072,2143289344,2125463552,2144862208,2136211456,2559878044
2127560704,2152726528,2154823680,2129657856,2130706432,2147483648,2145386496,2127560704,2141192192,2137784320,2559894045
2123366400,2150629376,2143289344,2135949312,2131755008,2147483648,2145386496,2128609280,2138308608,2138308608,2559910045
2133852160,2141192192,2138046464,2124414976,2129657856,2148532224,2145386496,2128609280,2134376448,2138046464,2559926068
2140143616,2138046464,2136997888,2119172096,2129657856,2146435072,2144337920,2126512128,2133590016,2136735744,2559942065
2122317824,2151677952,2151677952,2132803584,2129657856,2146435072,2144337920,2125463552,2139619328,2136473600,2559958066
2132803584,2154823680,2146435072,2131755008,2128609280,2146435072,2143289344,2125463552,2141454336,2135949312,2559974067
2124414976,2160066560,2154823680,2135949312,2129657856,2147483648,2145386496,2127560704,2143813632,2137522176,2559990088
2140143616,2144337920,2144337920,2120220672,2130706432,2148532224,2146435072,2127560704,2137260032,2138308608,2560006087
2126512128,2156920832,2157969408,2140143616,2131755008,2148532224,2146435072,2129657856,2145386496,2139095040,2560022088
2142240768,2142240768,2142240768,2121269248,2130706432,2147483648,2146435072,2127560704,2136997888,2138046464,2560038089
2122317824,2152726528,2143289344,2134900736,2129657856,2146435072,2143289344,2125463552,2138308608,2136211456,2560054111
2122317824,2155872256,2151677952,2136997888,2128609280,2146435072,2144337920,2126512128,2141716480,2136473600,2560070107
2139095040,2142240768,2136997888,2120220672,2130706432,2147483648,2144337920,2127560704,2134638592,2137522176,2560087001
2131755008,2154823680,2152726528,2133852160,2131755008,2148532224,2145386496,2128609280,2143289344,2138570752,2560103001
2136997888,2145386496,2146435072,2122317824,2129657856,2149580800,2145386496,2129657856,2137784320,2138570752,2560119001
2122317824,2147483648,2143289344,2126512128,2129657856,2148532224,2145386496,2128609280,2134900736,2138046464,2560135001
2122317824,2149580800,2147483648,2132803584,2129657856,2147483648,2143289344,2126512128,2138046464,2136735744,2560151024
2129657856,2141192192,2136997888,2122317824,2128609280,2146435072,2143289344,2125463552,2132541440,2135949312,2560167024
2121269248,2149580800,2142240768,2133852160,2129657856,2147483648,2144337920,2126512128,2136735744,2136997888,2560183022
2132803584,2142240768,2136997888,2124414976,2130706432,2147483648,2145386496,2128609280,2134114304,2138046464,2560199022
2140143616,2142240768,2138046464,2123366400,2130706432,2148532224,2146435072,2129657856,2135949312,2138832896,2560215045
2123366400,2152726528,2151677952,2136997888,2130706432,2148532224,2145386496,2128609280,2141192192,2138308608,2560231045
2121269248,2144337920,2143289344,2124414976,2128609280,2146435072,2144337920,2126512128,2133327872,2136473600,2560247045
2121269248,2156920832,2154823680,2139095040,2128609280,2146435072,2143289344,2125463552,2143027200,2135949312,2560263044
2120220672,2151677952,2147483648,2132803584,2129657856,2147483648,2143289344,2126512128,2138046464,2136735744,2560279067
2133852160,2139095040,2139095040,2117074944,2130706432,2147483648,2145386496,2127560704,2132279296,2137784320,2560295065
2125463552,2145386496,2141192192,2128609280,2131755008,2148532224,2145386496,2129657856,2135162880,2138832896,2560311066
2140143616,2152726528,2141192192,2121269248,2130706432,2148532224,2146435072,2128609280,2138832896,2138570752,2560327065
2144337920,2141192192,2138046464,2118123520,2129657856,2147483648,2144337920,2126512128,2135425024,2136997888,2560343088
2142240768,2141192192,2138046464,2120220672,2129657856,2146435072,2144337920,2125463552,2135425024,2136473600,2560359089
2141192192,2138046464,2136997888,2117074944,2129657856,2146435072,2144337920,2125463552,2133327872,2136473600,2560375088
2136997888,2146435072,2138046464,2124414976,2131755008,2146435072,2145386496,2126512128,2136473600,2137522176,2560391087
2124414976,2143289344,2141192192,2126512128,2130706432,2147483648,2146435072,2128609280,2133852160,2138308608,2560407111
2121269248,2164260864,2153775104,2142240768,2130706432,2149580800,2146435072,2129657856,2145386496,2139095040,2560424001
2121269248,2148532224,2151677952,2131755008,2129657856,2147483648,2145386496,2126512128,2138308608,2137260032,2560440001
