2123366400,2149580800,2136997888,2134900736,2129657856,2147483648,2145386496,2127560704,2136211456,2137522176,2561531023
2127560704,2138046464,2141192192,2123366400,2129657856,2147483648,2145386496,2127560704,2132541440,2137522176,2561547024
2138046464,2146435072,2138046464,2120220672,2130706432,2147483648,2145386496,2126512128,2135687168,2137522176,2561563023
2121269248,2149580800,2153775104,2134900736,2129657856,2147483648,2144337920,2127560704,2139881472,2137260032,2561579046
2144337920,2139095040,2139095040,2117074944,2130706432,2147483648,2144337920,2127560704,2134900736,2137522176,2561595044
2126512128,2155872256,2157969408,2138046464,2129657856,2147483648,2145386496,2127560704,2144600064,2137522176,2561611044
2135949312,2142240768,2136997888,2120220672,2129657856,2147483648,2146435072,2126512128,2133852160,2137522176,2561627045
2124414976,2159017984,2154823680,2138046464,2129657856,2147483648,2145386496,2127560704,2144075776,2137522176,2561643067
2121269248,2157969408,2149580800,2141192192,2129657856,2147483648,2145386496,2126512128,2142502912,2137260032,2561659066
2139095040,2146435072,2139095040,2124414976,2129657856,2148532224,2145386496,2127560704,2137260032,2137784320,2561675065
2128609280,2143289344,2139095040,2122317824,2129657856,2147483648,2145386496,2126512128,2133327872,2137260032,2561691066
2122317824,2160066560,2150629376,2139095040,2130706432,2147483648,2145386496,2127560704,2143027200,2137784320,2561707089
2129657856,2139095040,2140143616,2121269248,2128609280,2147483648,2145386496,2126512128,2132541440,2136997888,2561723088
2124414976,2160066560,2157969408,2140143616,2128609280,2146435072,2143289344,2125463552,2145648640,2135949312,2561739086
2141192192,2140143616,2138046464,2118123520,2129657856,2146435072,2144337920,2125463552,2134376448,2136473600,2561755088
2123366400,2162163712,2153775104,2139095040,2129657856,2147483648,2145386496,2127560704,2144600064,2137522176,2561771112
2126512128,2147483648,2139095040,2130706432,2130706432,2148532224,2146435072,2129657856,2135949312,2138832896,2561787110
2138046464,2141192192,2140143616,2123366400,2130706432,2148532224,2145386496,2129657856,2135687168,2138570752,2561804000
2141192192,2140143616,2146435072,2119172096,2129657856,2147483648,2145386496,2127560704,2136735744,2137522176,2561820001
2123366400,2156920832,2157969408,2141192192,2128609280,2146435072,2143289344,2125463552,2144862208,2135949312,2561836001
2138046464,2138046464,2138046464,2118123520,2129657856,2146435072,2143289344,2126512128,2133065728,2136473600,2561852023
2135949312,2140143616,2150629376,2120220672,2129657856,2147483648,2145386496,2126512128,2136735744,2137260032,2561868023
2122317824,2164260864,2150629376,2141192192,2131755008,2149580800,2145386496,2129657856,2144600064,2139095040,2561884024
2132803584,2154823680,2155872256,2131755008,2130706432,2148532224,2147483648,2129657856,2143813632,2139095040,2561900023
2124414976,2155872256,2142240768,2141192192,2130706432,2147483648,2145386496,2127560704,2140930048,2137784320,2561916045
2134900736,2144337920,2146435072,2120220672,2128609280,2146435072,2144337920,2125463552,2136473600,2136211456,2561932045
2121269248,2142240768,2139095040,2123366400,2128609280,2145386496,2143289344,2124414976,2131492864,2135425024,2561948045
2122317824,2143289344,2145386496,2123366400,2128609280,2147483648,2145386496,2127560704,2133590016,2137260032,2561964045
2124414976,2144337920,2143289344,2126512128,2130706432,2148532224,2145386496,2129657856,2134638592,2138570752,2561980067
2124414976,2147483648,2140143616,2130706432,2132803584,2148532224,2145386496,2128609280,2135687168,2138832896,2561996066
2130706432,2154823680,2159017984,2136997888,2130706432,2147483648,2145386496,2127560704,2145386496,2137784320,2562012067
2128609280,2138046464,2141192192,2121269248,2128609280,2147483648,2144337920,2125463552,2132279296,2136473600,2562028069
2141192192,2142240768,2138046464,2119172096,2128609280,2147483648,2143289344,2126512128,2135162880,2136473600,2562044086
2122317824,2151677952,2151677952,2136997888,2129657856,2146435072,2144337920,2126512128,2140667904,2136735744,2562060086
2123366400,2151677952,2147483648,2134900736,2130706432,2148532224,2146435072,2127560704,2139357184,2138308608,2562076087
2124414976,2147483648,2142240768,2134900736,2130706432,2149580800,2147483648,2129657856,2137260032,2139357184,2562092089
2144337920,2143289344,2140143616,2123366400,2129657856,2148532224,2146435072,2129657856,2137784320,2138570752,2562108108
2141192192,2146435072,2138046464,2121269248,2129657856,2146435072,2144337920,2125463552,2136735744,2136473600,2562124109
2131755008,2136997888,2135949312,2117074944,2129657856,2145386496,2143289344,2124414976,2130444288,2135687168,2562141001
2122317824,2144337920,2142240768,2128609280,2128609280,2147483648,2144337920,2126512128,2134376448,2136735744,2562157001
2120220672,2163212288,2147483648,2141192192,2130706432,2147483648,2146435072,2127560704,2143027200,2138046464,2562173001
2140143616,2142240768,2146435072,2123366400,2131755008,2148532224,2146435072,2129657856,2138046464,2139095040,2562189001
2142240768,2151677952,2142240768,2125463552,2130706432,2148532224,2146435072,2128609280,2140405760,2138570752,2562205024
2123366400,2159017984,2156920832,2138046464,2129657856,2147483648,2144337920,2127560704,2144337920,2137260032,2562221024
2141192192,2146435072,2142240768,2120220672,2129657856,2145386496,2143289344,2124414976,2137522176,2135687168,2562237022
2122317824,2150629376,2155872256,2133852160,2128609280,2147483648,2144337920,2126512128,2140667904,2136735744,2562253022
2131755008,2140143616,2136997888,2122317824,2129657856,2147483648,2146435072,2127560704,2132803584,2137784320,2562269047
2124414976,2160066560,2151677952,2144337920,2130706432,2148532224,2146435072,2128609280,2145124352,2138570752,2562285046
2124414976,2147483648,2145386496,2130706432,2130706432,2149580800,2146435072,2129657856,2136997888,2139095040,2562301048
2135949312,2141192192,2141192192,2122317824,2129657856,2147483648,2144337920,2127560704,2135162880,2137260032,2562317045
2121269248,2143289344,2142240768,2123366400,2129657856,2146435072,2144337920,2125463552,2132541440,2136473600,2562333067
2140143616,2139095040,2138046464,2118123520,2129657856,2146435072,2144337920,2125463552,2133852160,2136473600,2562349066
2136997888,2143289344,2139095040,2118123520,2129657856,2147483648,2144337920,2127560704,2134376448,2137260032,2562365066
2128609280,2163212288,2155872256,2135949312,2131755008,2148532224,2146435072,2128609280,2145910784,2138832896,2562381066
2124414976,2160066560,2155872256,2141192192,2130706432,2148532224,2147483648,2129657856,2145386496,2139095040,2562397090
2140143616,2141192192,2139095040,2121269248,2129657856,2148532224,2145386496,2127560704,2135425024,2137784320,2562413089
2120220672,2150629376,2141192192,2134900736,2128609280,2146435072,2144337920,2125463552,2136735744,2136211456,2562429090
2125463552,2159017984,2156920832,2134900736,2127560704,2147483648,2143289344,2126512128,2144075776,2136211456,2562445085
2132803584,2143289344,2135949312,2120220672,2128609280,2146435072,2144337920,2126512128,2133065728,2136473600,2562461112
2123366400,2151677952,2151677952,2134900736,2130706432,2148532224,2146435072,2128609280,2140405760,2138570752,2562478001
2128609280,2157969408,2157969408,2135949312,2130706432,2148532224,2147483648,2129657856,2145124352,2139095040,2562494001
2125463552,2160066560,2159017984,2138046464,2131755008,2147483648,2145386496,2127560704,2145648640,2138046464,2562510001
2127560704,2162163712,2157969408,2134900736,2129657856,2147483648,2143289344,2126512128,2145648640,2136735744,2562526001
2125463552,2143289344,2143289344,2122317824,2129657856,2145386496,2143289344,2125463552,2133590016,2135949312,2562542024
2135949312,2138046464,2138046464,2120220672,2128609280,2146435072,2144337920,2126512128,2133065728,2136473600,2562558024
2125463552,2145386496,2136997888,2126512128,2130706432,2146435072,2146435072,2128609280,2133590016,2138046464,2562574022
2136997888,2143289344,2141192192,2122317824,2130706432,2148532224,2146435072,2129657856,2135949312,2138832896,2562590024
2141192192,2141192192,2140143616,2121269248,2130706432,2148532224,2146435072,2128609280,2135949312,2138570752,2562606046
2123366400,2145386496,2149580800,2128609280,2129657856,2147483648,2144337920,2126512128,2136735744,2136997888,2562622046
2121269248,2151677952,2143289344,2134900736,2128609280,2146435072,2144337920,2125463552,2137784320,2136211456,2562638045
2121269248,2144337920,2139095040,2129657856,2129657856,2147483648,2144337920,2126512128,2133590016,2136997888,2562654044
2139095040,2141192192,2139095040,2119172096,2129657856,2148532224,2145386496,2128609280,2134638592,2138046464,2562670065
2131755008,2162163712,2154823680,2139095040,2130706432,2149580800,2146435072,2128609280,2146959360,2138832896,2562686066
2141192192,2144337920,2140143616,2128609280,2130706432,2148532224,2147483648,2129657856,2138570752,2139095040,2562702066
2124414976,2162163712,2155872256,2135949312,2129657856,2147483648,2145386496,2127560704,2144600064,2137522176,2562718068
2134900736,2146435072,2145386496,2119172096,2128609280,2146435072,2144337920,2126512128,2136473600,2136473600,2562734090
2121269248,2160066560,2152726528,2141192192,2128609280,2146435072,2143289344,2126512128,2143813632,2136211456,2562750088
2122317824,2159017984,2153775104,2138046464,2130706432,2147483648,2145386496,2126512128,2143289344,2137522176,2562766085
2124414976,2142240768,2144337920,2127560704,2131755008,2148532224,2146435072,2128609280,2134638592,2138832896,2562782089
2131755008,2162163712,2159017984,2134900736,2130706432,2148532224,2147483648,2129657856,2146959360,2139095040,2562798108
2123366400,2142240768,2142240768,2121269248,2130706432,2147483648,2145386496,2126512128,2132279296,2137522176,2562814109
2131755008,2152726528,2156920832,2121269248,2128609280,2147483648,2144337920,2126512128,2140667904,2136735744,2562831001
2121269248,2143289344,2139095040,2126512128,2128609280,2146435072,2143289344,2125463552,2132541440,2135949312,2562847001
2136997888,2146435072,2146435072,2119172096,2130706432,2147483648,2144337920,2127560704,2137260032,2137522176,2562863001
2129657856,2138046464,2141192192,2122317824,2130706432,2148532224,2146435072,2129657856,2132803584,2138832896,2562879024
2128609280,2156920832,2157969408,2136997888,2130706432,2149580800,2147483648,2129657856,2145124352,2139357184,2562895023
2136997888,2153775104,2151677952,2128609280,2130706432,2147483648,2145386496,2127560704,2142765056,2137784320,2562911023
2139095040,2150629376,2143289344,2125463552,2129657856,2147483648,2144337920,2126512128,2139619328,2136997888,2562927023
2136997888,2138046464,2134900736,2118123520,2128609280,2146435072,2143289344,2125463552,2132017152,2135949312,2562943045
2136997888,2146435072,2146435072,2119172096,2129657856,2146435072,2144337920,2126512128,2137260032,2136735744,2562959044
2130706432,2153775104,2152726528,2135949312,2130706432,2148532224,2146435072,2128609280,2143289344,2138570752,2562975045
2125463552,2164260864,2160066560,2141192192,2130706432,2148532224,2146435072,2129657856,2147745792,2138832896,2562991044
2125463552,2142240768,2141192192,2124414976,2130706432,2148532224,2146435072,2129657856,2133327872,2138832896,2563007066
2127560704,2160066560,2161115136,2133852160,2129657856,2146435072,2144337920,2126512128,2145648640,2136735744,2563023065
2133852160,2138046464,2134900736,2117074944,2128609280,2146435072,2143289344,2125463552,2130968576,2135949312,2563039066
2122317824,2147483648,2150629376,2129657856,2129657856,2146435072,2143289344,2126512128,2137522176,2136473600,2563055067
2133852160,2138046464,2136997888,2120220672,2129657856,2147483648,2145386496,2127560704,2132279296,2137522176,2563071089
2143289344,2140143616,2142240768,2120220672,2131755008,2147483648,2146435072,2128609280,2136473600,2138570752,2563087086
2139095040,2142240768,2146435072,2124414976,2130706432,2148532224,2146435072,2128609280,2138046464,2138570752,2563103090
2140143616,2141192192,2139095040,2121269248,2129657856,2147483648,2145386496,2127560704,2135425024,2137522176,2563119087
2122317824,2147483648,2142240768,2130706432,2128609280,2146435072,2144337920,2126512128,2135687168,2136473600,2563135109
2134900736,2156920832,2145386496,2128609280,2128609280,2147483648,2144337920,2125463552,2141454336,2136473600,2563151107
2133852160,2156920832,2150629376,2133852160,2130706432,2147483648,2145386496,2127560704,2143813632,2137784320,2563168001
2132803584,2154823680,2153775104,2127560704,2131755008,2149580800,2146435072,2129657856,2142240768,2139357184,2563184001
2132803584,2156920832,2149580800,2132803584,2130706432,2149580800,2147483648,2129657856,2143027200,2139357184,2563200001
2125463552,2159017984,2157969408,2141192192,2130706432,2147483648,2144337920,2127560704,2145910784,2137522176,2563216001
2133852160,2138046464,2136997888,2120220672,2128609280,2147483648,2145386496,2125463552,2132279296,2136735744,2563232022
2123366400,2154823680,2156920832,2138046464,2128609280,2147483648,2143289344,2125463552,2143289344,2136211456,2563248024
2132803584,2146435072,2149580800,2119172096,2128609280,2148532224,2145386496,2128609280,2136997888,2137784320,2563264024
2125463552,2142240768,2141192192,2125463552,2131755008,2148532224,2145386496,2128609280,2133590016,2138570752,2563280024
2138046464,2141192192,2138046464,2121269248,2131755008,2148532224,2146435072,2129657856,2134638592,2139095040,2563296046
2130706432,2162163712,2154823680,2134900736,2130706432,2148532224,2145386496,2128609280,2145648640,2138308608,2563312047
2122317824,2151677952,2153775104,2134900736,2129657856,2146435072,2144337920,2126512128,2140667904,2136735744,2563328045
2130706432,2152726528,2150629376,2128609280,2128609280,2146435072,2144337920,2125463552,2140667904,2136211456,2563344047
2136997888,2146435072,2141192192,2124414976,2128609280,2147483648,2145386496,2126512128,2137260032,2136997888,2563360067
2125463552,2140143616,2142240768,2124414976,2129657856,2148532224,2146435072,2128609280,2133065728,2138308608,2563376068
2123366400,2152726528,2144337920,2139095040,2130706432,2149580800,2146435072,2129657856,2139881472,2139095040,2563392068
2139095040,2151677952,2141192192,2126512128,2130706432,2148532224,2145386496,2127560704,2139619328,2138046464,2563408066
2123366400,2145386496,2149580800,2128609280,2129657856,2147483648,2144337920,2126512128,2136735744,2136997888,2563424088
2122317824,2147483648,2147483648,2129657856,2127560704,2146435072,2144337920,2125463552,2136735744,2135949312,2563440086
2126512128,2155872256,2156920832,2134900736,2129657856,2146435072,2144337920,2125463552,2143551488,2136473600,2563456089
2141192192,2142240768,2140143616,2118123520,2130706432,2148532224,2145386496,2127560704,2135425024,2138046464,2563472085
2124414976,2147483648,2140143616,2127560704,2131755008,2148532224,2146435072,2129657856,2134900736,2139095040,2563488110
2121269248,2155872256,2148532224,2141192192,2130706432,2148532224,2146435072,2128609280,2141716480,2138570752,2563505001
2124414976,2162163712,2155872256,2138046464,2129657856,2147483648,2145386496,2126512128,2145124352,2137260032,2563521001
2132803584,2140143616,2136997888,2120220672,2129657856,2146435072,2143289344,2125463552,2132541440,2136211456,2563537001
2122317824,2150629376,2155872256,2133852160,2128609280,2146435072,2144337920,2125463552,2140667904,2136211456,2563553001
2121269248,2156920832,2141192192,2140143616,2129657856,2148532224,2146435072,2127560704,2139881472,2138046464,2563569023
2130706432,2143289344,2142240768,2123366400,2130706432,2148532224,2147483648,2129657856,2134900736,2139095040,2563585025
2123366400,2148532224,2149580800,2132803584,2130706432,2149580800,2146435072,2129657856,2138570752,2139095040,2563601022
2132803584,2156920832,2150629376,2129657856,2130706432,2147483648,2145386496,2127560704,2142502912,2137784320,2563617023
2122317824,2145386496,2143289344,2126512128,2129657856,2146435072,2144337920,2125463552,2134376448,2136473600,2563633045
2121269248,2147483648,2147483648,2126512128,2129657856,2146435072,2143289344,2124414976,2135687168,2135949312,2563649045
2138046464,2141192192,2138046464,2120220672,2129657856,2147483648,2144337920,2126512128,2134376448,2136997888,2563665044
2144337920,2143289344,2146435072,2119172096,2131755008,2148532224,2146435072,2128609280,2138308608,2138832896,2563681045
2124414976,2148532224,2151677952,2131755008,2131755008,2148532224,2146435072,2128609280,2139095040,2138832896,2563697068
2123366400,2143289344,2143289344,2126512128,2129657856,2147483648,2146435072,2127560704,2134114304,2137784320,2563713068
2132803584,2138046464,2136997888,2121269248,2128609280,2146435072,2144337920,2125463552,2132279296,2136211456,2563729066
2135949312,2138046464,2136997888,2117074944,2129657856,2146435072,2143289344,2124414976,2132017152,2135949312,2563745067
2124414976,2147483648,2150629376,2130706432,2128609280,2147483648,2144337920,2126512128,2138308608,2136735744,2563761087
2138046464,2142240768,2139095040,2122317824,2129657856,2149580800,2146435072,2129657856,2135425024,2138832896,2563777089
2124414976,2155872256,2155872256,2140143616,2130706432,2149580800,2146435072,2129657856,2144075776,2139095040,2563793087
2126512128,2151677952,2154823680,2134900736,2130706432,2148532224,2145386496,2128609280,2141978624,2138308608,2563809089
2124414976,2141192192,2143289344,2124414976,2129657856,2146435072,2144337920,2125463552,2133327872,2136473600,2563825110
2122317824,2151677952,2140143616,2134900736,2128609280,2146435072,2143289344,2125463552,2137260032,2135949312,2563841111
2131755008,2155872256,2150629376,2131755008,2128609280,2147483648,2145386496,2126512128,2142502912,2136997888,2563858001
2123366400,2147483648,2140143616,2130706432,2131755008,2148532224,2145386496,2127560704,2135425024,2138308608,2563874001
2129657856,2157969408,2157969408,2135949312,2131755008,2149580800,2146435072,2129657856,2145386496,2139357184,2563890001
2129657856,2142240768,2143289344,2126512128,2131755008,2147483648,2145386496,2128609280,2135425024,2138308608,2563906022
2126512128,2159017984,2162163712,2129657856,2128609280,2147483648,2145386496,2126512128,2144337920,2136997888,2563922023
2129657856,2136997888,2143289344,2119172096,2128609280,2146435072,2144337920,2125463552,2132279296,2136211456,2563938023
2133852160,2138046464,2134900736,2117074944,2129657856,2146435072,2143289344,2125463552,2130968576,2136211456,2563954024
2128609280,2157969408,2151677952,2132803584,2129657856,2148532224,2145386496,2128609280,2142765056,2138046464,2563970045
2141192192,2150629376,2138046464,2134900736,2130706432,2148532224,2146435072,2129657856,2141192192,2138832896,2563986044
2123366400,2147483648,2143289344,2130706432,2130706432,2148532224,2145386496,2129657856,2136211456,2138570752,2564002045
2134900736,2152726528,2154823680,2133852160,2130706432,2148532224,2144337920,2127560704,2144075776,2137784320,2564018045
2140143616,2138046464,2136997888,2117074944,2128609280,2147483648,2144337920,2126512128,2133065728,2136735744,2564034066
2120220672,2151677952,2148532224,2136997888,2128609280,2146435072,2143289344,2125463552,2139357184,2135949312,2564050068
2123366400,2160066560,2153775104,2143289344,2129657856,2147483648,2144337920,2127560704,2145124352,2137260032,2564066067
2131755008,2146435072,2153775104,2124414976,2130706432,2149580800,2146435072,2129657856,2139095040,2139095040,2564082068
2125463552,2143289344,2147483648,2125463552,2131755008,2149580800,2146435072,2128609280,2135425024,2139095040,2564098087
2123366400,2147483648,2151677952,2131755008,2130706432,2147483648,2145386496,2127560704,2138570752,2137784320,2564114085
2143289344,2140143616,2144337920,2117074944,2129657856,2146435072,2144337920,2125463552,2136211456,2136473600,2564130088
2133852160,2138046464,2135949312,2119172096,2128609280,2146435072,2143289344,2126512128,2131755008,2136211456,2564146088
2140143616,2148532224,2136997888,2128609280,2129657856,2147483648,2145386496,2126512128,2138570752,2137260032,2564162109
2135949312,2154823680,2149580800,2127560704,2131755008,2149580800,2145386496,2128609280,2141978624,2138832896,2564178106
2122317824,2149580800,2145386496,2129657856,2131755008,2148532224,2146435072,2129657856,2136735744,2139095040,2564195001
2136997888,2146435072,2152726528,2122317824,2129657856,2148532224,2146435072,2128609280,2139619328,2138308608,2564211001
2130706432,2160066560,2150629376,2135949312,2129657856,2147483648,2145386496,2126512128,2144337920,2137260032,2564227001
2133852160,2141192192,2134900736,2120220672,2129657856,2145386496,2143289344,2125463552,2132541440,2135949312,2564243001
2139095040,2156920832,2145386496,2127560704,2129657856,2147483648,2144337920,2126512128,2142240768,2136997888,2564259023
2139095040,2141192192,2138046464,2122317824,2130706432,2148532224,2146435072,2128609280,2135162880,2138570752,2564275024
2135949312,2152726528,2150629376,2129657856,2131755008,2149580800,2146435072,2129657856,2142240768,2139357184,2564291024
2132803584,2141192192,2143289344,2122317824,2130706432,2148532224,2145386496,2128609280,2134900736,2138308608,2564307022
2124414976,2157969408,2160066560,2136997888,2128609280,2147483648,2145386496,2127560704,2144862208,2137260032,2564323047
2128609280,2157969408,2155872256,2131755008,2128609280,2146435072,2143289344,2125463552,2143551488,2135949312,2564339047
2122317824,2160066560,2150629376,2136997888,2129657856,2146435072,2144337920,2125463552,2142502912,2136473600,2564355047
2135949312,2138046464,2136997888,2123366400,2130706432,2147483648,2144337920,2128609280,2133590016,2137784320,2564371045
2123366400,2157969408,2153775104,2141192192,2130706432,2148532224,2147483648,2129657856,2144075776,2139095040,2564387066
2124414976,2153775104,2156920832,2136997888,2131755008,2148532224,2146435072,2128609280,2143027200,2138832896,2564403067
2135949312,2138046464,2139095040,2120220672,2130706432,2147483648,2145386496,2126512128,2133327872,2137522176,2564419069
2135949312,2141192192,2135949312,2119172096,2128609280,2146435072,2143289344,2126512128,2133065728,2136211456,2564435066
2134900736,2146435072,2150629376,2118123520,2128609280,2147483648,2144337920,2125463552,2137522176,2136473600,2564451088
2124414976,2147483648,2148532224,2130706432,2130706432,2147483648,2144337920,2127560704,2137784320,2137522176,2564467088
2127560704,2154823680,2154823680,2131755008,2130706432,2148532224,2146435072,2128609280,2142240768,2138570752,2564483090
2130706432,2159017984,2155872256,2134900736,2131755008,2148532224,2146435072,2128609280,2145124352,2138832896,2564499085
2126512128,2163212288,2153775104,2138046464,2129657856,2148532224,2145386496,2128609280,2145386496,2138046464,2564515109
2140143616,2140143616,2138046464,2119172096,2128609280,2147483648,2143289344,2126512128,2134376448,2136473600,2564532001
2143289344,2142240768,2138046464,2118123520,2129657856,2146435072,2143289344,2125463552,2135425024,2136211456,2564548001
2135949312,2138046464,2138046464,2120220672,2129657856,2147483648,2145386496,2126512128,2133065728,2137260032,2564564001
2123366400,2142240768,2151677952,2125463552,2130706432,2147483648,2146435072,2127560704,2135687168,2138046464,2564580001
2126512128,2157969408,2156920832,2133852160,2131755008,2149580800,2147483648,2129657856,2143813632,2139619328,2564596023
2123366400,2156920832,2150629376,2140143616,2129657856,2148532224,2145386496,2128609280,2142765056,2138046464,2564612023
2139095040,2143289344,2142240768,2120220672,2129657856,2147483648,2144337920,2126512128,2136211456,2136997888,2564628023
2139095040,2138046464,2135949312,2118123520,2128609280,2146435072,2143289344,2125463552,2132803584,2135949312,2564644024
2122317824,2143289344,2139095040,2126512128,2129657856,2146435072,2144337920,2125463552,2132803584,2136473600,2564660045
2124414976,2143289344,2136997888,2123366400,2130706432,2148532224,2146435072,2128609280,2132017152,2138570752,2564676045
2123366400,2151677952,2147483648,2134900736,2130706432,2148532224,2146435072,2129657856,2139357184,2138832896,2564692043
2127560704,2142240768,2142240768,2123366400,2131755008,2148532224,2146435072,2128609280,2133852160,2138832896,2564708045
2125463552,2157969408,2156920832,2139095040,2129657856,2146435072,2144337920,2126512128,2144862208,2136735744,2564724068
2122317824,2153775104,2154823680,2136997888,2128609280,2146435072,2142240768,2125463552,2141978624,2135687168,2564740066
2133852160,2142240768,2135949312,2119172096,2129657856,2146435072,2143289344,2125463552,2132803584,2136211456,2564756065
2144337920,2140143616,2138046464,2117074944,2131755008,2146435072,2145386496,2126512128,2134900736,2137522176,2564772067
2143289344,2143289344,2139095040,2122317824,2130706432,2148532224,2146435072,2129657856,2136997888,2138832896,2564788088
2124414976,2151677952,2153775104,2134900736,2131755008,2147483648,2146435072,2128609280,2141192192,2138570752,2564804089
2121269248,2151677952,2155872256,2139095040,2129657856,2147483648,2144337920,2127560704,2141978624,2137260032,2564820086
2119172096,2151677952,2148532224,2134900736,2128609280,2146435072,2143289344,2125463552,2138570752,2135949312,2564836087
2128609280,2154823680,2150629376,2131755008,2128609280,2146435072,2144337920,2125463552,2141454336,2136211456,2564852109
2135949312,2155872256,2144337920,2129657856,2130706432,2147483648,2145386496,2126512128,2141454336,2137522176,2564868110
2126512128,2156920832,2151677952,2125463552,2130706432,2148532224,2146435072,2129657856,2140143616,2138832896,2564885000
2135949312,2141192192,2141192192,2122317824,2130706432,2149580800,2146435072,2129657856,2135162880,2139095040,2564901001
2131755008,2140143616,2138046464,2123366400,2129657856,2147483648,2145386496,2127560704,2133327872,2137522176,2564917001
2124414976,2151677952,2155872256,2132803584,2128609280,2146435072,2143289344,2124414976,2141192192,2135687168,2564933023
2121269248,2143289344,2139095040,2123366400,2129657856,2146435072,2144337920,2125463552,2131755008,2136473600,2564949023
2124414976,2160066560,2155872256,2136997888,2129657856,2148532224,2144337920,2127560704,2144337920,2137522176,2564965026
2123366400,2147483648,2147483648,2130706432,2130706432,2149580800,2146435072,2128609280,2137260032,2138832896,2564981023
2124414976,2160066560,2157969408,2140143616,2130706432,2148532224,2146435072,2129657856,2145648640,2138832896,2564997045
2127560704,2160066560,2161115136,2134900736,2129657856,2148532224,2146435072,2128609280,2145910784,2138308608,2565013044
2123366400,2160066560,2153775104,2133852160,2128609280,2147483648,2144337920,2126512128,2142765056,2136735744,2565029045
2121269248,2143289344,2143289344,2126512128,2129657856,2146435072,2143289344,2124414976,2133590016,2135949312,2565045046
2123366400,2159017984,2157969408,2131755008,2129657856,2146435072,2144337920,2126512128,2143027200,2136735744,2565061068
2122317824,2147483648,2143289344,2132803584,2130706432,2148532224,2145386496,2128609280,2136473600,2138308608,2565077065
2143289344,2151677952,2139095040,2127560704,2131755008,2149580800,2146435072,2129657856,2140405760,2139357184,2565093067
2123366400,2151677952,2147483648,2139095040,2130706432,2148532224,2146435072,2128609280,2140405760,2138570752,2565109067
2123366400,2147483648,2149580800,2130706432,2128609280,2146435072,2144337920,2125463552,2137784320,2136211456,2565125089
2123366400,2159017984,2153775104,2135949312,2128609280,2146435072,2143289344,2125463552,2143027200,2135949312,2565141088
2128609280,2156920832,2151677952,2130706432,2128609280,2147483648,2144337920,2126512128,2141978624,2136735744,2565157090
2133852160,2150629376,2146435072,2123366400,2129657856,2148532224,2145386496,2127560704,2138570752,2137784320,2565173087
2135949312,2138046464,2139095040,2121269248,2130706432,2149580800,2147483648,2130706432,2133590016,2139619328,2565189112
2123366400,2148532224,2144337920,2132803584,2130706432,2148532224,2146435072,2128609280,2137260032,2138570752,2565205106
2127560704,2154823680,2154823680,2134900736,2129657856,2147483648,2145386496,2126512128,2143027200,2137260032,2565222001
2136997888,2138046464,2135949312,2117074944,2128609280,2146435072,2144337920,2126512128,2132017152,2136473600,2565238001
2131755008,2151677952,2152726528,2125463552,2129657856,2146435072,2144337920,2125463552,2140405760,2136473600,2565254001
2123366400,2142240768,2141192192,2125463552,2130706432,2147483648,2145386496,2127560704,2133065728,2137784320,2565270001
2126512128,2163212288,2160066560,2139095040,2130706432,2148532224,2147483648,2129657856,2147221504,2139095040,2565286023
2129657856,2142240768,2141192192,2123366400,2130706432,2148532224,2147483648,2128609280,2134114304,2138832896,2565302022
2142240768,2152726528,2140143616,2127560704,2130706432,2147483648,2145386496,2127560704,2140667904,2137784320,2565318025
2122317824,2154823680,2152726528,2138046464,2127560704,2147483648,2144337920,2126512128,2141978624,2136473600,2565334022
2122317824,2162163712,2155872256,2132803584,2127560704,2146435072,2144337920,2125463552,2143289344,2135949312,2565350046
2140143616,2138046464,2135949312,2121269248,2129657856,2147483648,2145386496,2127560704,2133852160,2137522176,2565366045
2145386496,2141192192,2140143616,2122317824,2130706432,2149580800,2146435072,2129657856,2137260032,2139095040,2565382046
2125463552,2162163712,2156920832,2139095040,2130706432,2149580800,2146435072,2129657856,2145910784,2139095040,2565398043
2132803584,2154823680,2152726528,2127560704,2129657856,2148532224,2145386496,2128609280,2141978624,2138046464,2565414067
2130706432,2154823680,2146435072,2134900736,2129657856,2146435072,2144337920,2125463552,2141716480,2136473600,2565430067
2121269248,2163212288,2151677952,2135949312,2128609280,2146435072,2143289344,2124414976,2143027200,2135687168,2565446066
2128609280,2152726528,2154823680,2132803584,2130706432,2147483648,2144337920,2126512128,2142240768,2137260032,2565462065
2138046464,2138046464,2139095040,2120220672,2130706432,2148532224,2146435072,2129657856,2133852160,2138832896,2565478090
2126512128,2159017984,2159017984,2140143616,2131755008,2148532224,2146435072,2128609280,2146172928,2138832896,2565494087
2125463552,2149580800,2154823680,2130706432,2130706432,2147483648,2146435072,2127560704,2140143616,2138046464,2565510086
2122317824,2141192192,2139095040,2123366400,2128609280,2147483648,2144337920,2126512128,2131492864,2136735744,2565526086
2122317824,2156920832,2152726528,2132803584,2128609280,2146435072,2144337920,2125463552,2141192192,2136211456,2565542109
2139095040,2142240768,2142240768,2118123520,2128609280,2147483648,2143289344,2127560704,2135425024,2136735744,2565559001
2121269248,2147483648,2151677952,2126512128,2130706432,2147483648,2145386496,2127560704,2136735744,2137784320,2565575001
2145386496,2141192192,2144337920,2122317824,2130706432,2149580800,2146435072,2130706432,2138308608,2139357184,2565591001
2144337920,2140143616,2139095040,2120220672,2130706432,2148532224,2145386496,2128609280,2135949312,2138308608,2565607001
2138046464,2141192192,2138046464,2119172096,2129657856,2146435072,2144337920,2125463552,2134114304,2136473600,2565623025
2120220672,2151677952,2143289344,2133852160,2129657856,2145386496,2144337920,2124414976,2137260032,2135949312,2565639023
2135949312,2141192192,2135949312,2120220672,2128609280,2146435072,2144337920,2125463552,2133327872,2136211456,2565655024
2143289344,2140143616,2135949312,2119172096,2130706432,2147483648,2145386496,2127560704,2134638592,2137784320,2565671024
2141192192,2144337920,2142240768,2123366400,2130706432,2148532224,2147483648,2128609280,2137784320,2138832896,2565687045
2132803584,2152726528,2148532224,2126512128,2130706432,2149580800,2146435072,2128609280,2140143616,2138832896,2565703046
2129657856,2141192192,2139095040,2124414976,2128609280,2147483648,2145386496,2127560704,2133590016,2137260032,2565719045
2127560704,2142240768,2141192192,2122317824,2129657856,2145386496,2143289344,2124414976,2133327872,2135687168,2565735045
2138046464,2138046464,2136997888,2120220672,2128609280,2145386496,2144337920,2125463552,2133327872,2135949312,2565751067
2129657856,2153775104,2149580800,2131755008,2129657856,2148532224,2145386496,2128609280,2141192192,2138046464,2565767067
2125463552,2142240768,2141192192,2126512128,2130706432,2149580800,2146435072,2129657856,2133852160,2139095040,2565783066
2141192192,2146435072,2138046464,2124414976,2131755008,2148532224,2146435072,2129657856,2137522176,2139095040,2565799067
2141192192,2146435072,2139095040,2124414976,2129657856,2148532224,2145386496,2127560704,2137784320,2137784320,2565815089
2124414976,2151677952,2152726528,2134900736,2129657856,2145386496,2144337920,2125463552,2140930048,2136211456,2565831089
2122317824,2143289344,2140143616,2128609280,2128609280,2147483648,2144337920,2125463552,2133590016,2136473600,2565847090
2122317824,2142240768,2144337920,2124414976,2129657856,2146435072,2144337920,2126512128,2133327872,2136735744,2565863088
2124414976,2148532224,2152726528,2133852160,2129657856,2148532224,2146435072,2128609280,2139881472,2138308608,2565879109
2124414976,2153775104,2157969408,2138046464,2130706432,2149580800,2146435072,2129657856,2143551488,2139095040,2565895108
2124414976,2160066560,2157969408,2141192192,2130706432,2147483648,2145386496,2127560704,2145910784,2137784320,2565912001
2140143616,2154823680,2141192192,2128609280,2129657856,2146435072,2144337920,2125463552,2141192192,2136473600,2565928001
2133852160,2143289344,2134900736,2122317824,2129657856,2146435072,2144337920,2125463552,2133590016,2136473600,2565944001
2134900736,2154823680,2144337920,2132803584,2128609280,2148532224,2144337920,2127560704,2141716480,2137260032,2565960023
2141192192,2143289344,2139095040,2123366400,2130706432,2148532224,2145386496,2129657856,2136735744,2138570752,2565976022
2140143616,2143289344,2139095040,2124414976,2130706432,2149580800,2147483648,2129657856,2136735744,2139357184,2565992022
2138046464,2143289344,2146435072,2121269248,2130706432,2148532224,2146435072,2128609280,2137260032,2138570752,2566008023
2139095040,2143289344,2139095040,2120220672,2129657856,2147483648,2144337920,2125463552,2135425024,2136735744,2566024047
2121269248,2149580800,2149580800,2132803584,2128609280,2146435072,2143289344,2125463552,2138308608,2135949312,2566040045
2120220672,2149580800,2147483648,2133852160,2128609280,2147483648,2144337920,2126512128,2137784320,2136735744,2566056044
2124414976,2155872256,2157969408,2135949312,2129657856,2148532224,2146435072,2127560704,2143551488,2138046464,2566072045
2143289344,2143289344,2140143616,2120220672,2130706432,2149580800,2147483648,2129657856,2136735744,2139357184,2566088068
2128609280,2155872256,2161115136,2135949312,2130706432,2149580800,2146435072,2129657856,2145386496,2139095040,2566104065
2127560704,2155872256,2156920832,2133852160,2129657856,2147483648,2144337920,2126512128,2143551488,2136997888,2566120068
2135949312,2150629376,2146435072,2125463552,2128609280,2146435072,2143289344,2125463552,2139619328,2135949312,2566136066
2141192192,2142240768,2136997888,2118123520,2128609280,2147483648,2144337920,2126512128,2134638592,2136735744,2566152089
2138046464,2145386496,2135949312,2122317824,2129657856,2148532224,2144337920,2127560704,2135425024,2137522176,2566168087
2124414976,2155872256,2144337920,2139095040,2131755008,2148532224,2146435072,2128609280,2140930048,2138832896,2566184086
2122317824,2150629376,2145386496,2136997888,2131755008,2149580800,2146435072,2129657856,2138832896,2139357184,2566200086
2124414976,2149580800,2142240768,2132803584,2129657856,2147483648,2145386496,2127560704,2137260032,2137522176,2566216109
2141192192,2142240768,2138046464,2120220672,2128609280,2147483648,2143289344,2126512128,2135425024,2136473600,2566232108
2139095040,2139095040,2138046464,2117074944,2129657856,2146435072,2143289344,2124414976,2133327872,2135949312,2566249001
2139095040,2139095040,2135949312,2116026368,2130706432,2148532224,2145386496,2127560704,2132541440,2138046464,2566265001
2140143616,2143289344,2139095040,2119172096,2131755008,2148532224,2145386496,2127560704,2135425024,2138308608,2566281001
2123366400,2153775104,2147483648,2138046464,2131755008,2148532224,2146435072,2128609280,2140667904,2138832896,2566297001
2134900736,2154823680,2149580800,2129657856,2129657856,2148532224,2145386496,2127560704,2142240768,2137784320,2566313023
2125463552,2162163712,2154823680,2130706432,2128609280,2147483648,2144337920,2126512128,2143289344,2136735744,2566329023
2138046464,2138046464,2138046464,2118123520,2129657856,2146435072,2143289344,2124414976,2133065728,2135949312,2566345024
2136997888,2146435072,2139095040,2122317824,2129657856,2146435072,2144337920,2125463552,2136211456,2136473600,2566361023
2132803584,2144337920,2152726528,2124414976,2130706432,2148532224,2146435072,2128609280,2138570752,2138570752,2566377046
2144337920,2141192192,2142240768,2121269248,2131755008,2148532224,2147483648,2128609280,2137260032,2139095040,2566393044
2125463552,2140143616,2140143616,2125463552,2130706432,2148532224,2145386496,2127560704,2132803584,2138046464,2566409046
2122317824,2163212288,2152726528,2136997888,2129657856,2147483648,2144337920,2126512128,2143813632,2136997888,2566425046
2140143616,2141192192,2135949312,2120220672,2128609280,2146435072,2143289344,2126512128,2134376448,2136211456,2566441068
2136997888,2136997888,2135949312,2118123520,2130706432,2145386496,2144337920,2125463552,2132017152,2136473600,2566457066
2131755008,2153775104,2149580800,2131755008,2130706432,2147483648,2145386496,2127560704,2141716480,2137784320,2566473066
2126512128,2164260864,2156920832,2142240768,2130706432,2148532224,2146435072,2129657856,2147483648,2138832896,2566489066
2145386496,2139095040,2139095040,2119172096,2130706432,2149580800,2145386496,2129657856,2135687168,2138832896,2566505087
2123366400,2143289344,2140143616,2125463552,2129657856,2147483648,2145386496,2126512128,2133065728,2137260032,2566521089
2139095040,2142240768,2136997888,2120220672,2128609280,2146435072,2144337920,2125463552,2134638592,2136211456,2566537089
2123366400,2145386496,2148532224,2127560704,2128609280,2146435072,2143289344,2125463552,2136211456,2135949312,2566553087
2142240768,2146435072,2145386496,2122317824,2130706432,2147483648,2145386496,2127560704,2139095040,2137784320,2566569112
2138046464,2152726528,2146435072,2135949312,2131755008,2148532224,2146435072,2129657856,2143289344,2139095040,2566586001
2126512128,2162163712,2160066560,2141192192,2130706432,2149580800,2146435072,2129657856,2147483648,2139095040,2566602001
2140143616,2140143616,2144337920,2121269248,2130706432,2147483648,2145386496,2127560704,2136473600,2137784320,2566618001
2130706432,2155872256,2149580800,2130706432,2129657856,2146435072,2143289344,2125463552,2141716480,2136211456,2566634001
2122317824,2141192192,2139095040,2123366400,2128609280,2146435072,2143289344,2126512128,2131492864,2136211456,2566650023
2139095040,2140143616,2145386496,2117074944,2129657856,2148532224,2144337920,2128609280,2135425024,2137784320,2566666024
2123366400,2157969408,2153775104,2146435072,2130706432,2148532224,2145386496,2129657856,2145386496,2138570752,2566682023
2139095040,2141192192,2140143616,2124414976,2130706432,2148532224,2145386496,2129657856,2136211456,2138570752,2566698023
2143289344,2140143616,2138046464,2121269248,2130706432,2147483648,2144337920,2127560704,2135687168,2137522176,2566714045
2124414976,2156920832,2152726528,2139095040,2129657856,2146435072,2143289344,2125463552,2143289344,2136211456,2566730045
2134900736,2153775104,2149580800,2123366400,2128609280,2145386496,2143289344,2124414976,2140405760,2135425024,2566746047
2120220672,2151677952,2148532224,2133852160,2129657856,2147483648,2144337920,2126512128,2138570752,2136997888,2566762045
2138046464,2141192192,2152726528,2122317824,2130706432,2148532224,2146435072,2128609280,2138570752,2138570752,2566778067
2134900736,2146435072,2151677952,2126512128,2131755008,2148532224,2147483648,2128609280,2139881472,2139095040,2566794067
2124414976,2150629376,2143289344,2135949312,2130706432,2148532224,2146435072,2128609280,2138570752,2138570752,2566810064
2136997888,2139095040,2139095040,2119172096,2128609280,2146435072,2144337920,2126512128,2133590016,2136473600,2566826066
2127560704,2154823680,2147483648,2136997888,2128609280,2146435072,2144337920,2125463552,2141716480,2136211456,2566842089
2132803584,2139095040,2139095040,2117074944,2129657856,2146435072,2144337920,2126512128,2132017152,2136735744,2566858089
2130706432,2146435072,2156920832,2122317824,2130706432,2147483648,2146435072,2127560704,2139095040,2138046464,2566874085
2131755008,2156920832,2150629376,2133852160,2130706432,2148532224,2147483648,2129657856,2143289344,2139095040,2566890087
2132803584,2154823680,2152726528,2129657856,2130706432,2149580800,2146435072,2129657856,2142502912,2139095040,2566906108
2134900736,2151677952,2153775104,2123366400,2129657856,2147483648,2145386496,2126512128,2140930048,2137260032,2566922111
2129657856,2139095040,2135949312,2119172096,2128609280,2146435072,2143289344,2126512128,2130968576,2136211456,2566939001
2136997888,2154823680,2146435072,2129657856,2128609280,2147483648,2144337920,2126512128,2141978624,2136735744,2566955001
2136997888,2142240768,2146435072,2121269248,2129657856,2147483648,2145386496,2127560704,2136735744,2137522176,2566971001
2129657856,2160066560,2155872256,2133852160,2131755008,2148532224,2146435072,2129657856,2144862208,2139095040,2566987023
2135949312,2140143616,2136997888,2121269248,2130706432,2148532224,2145386496,2129657856,2133590016,2138570752,2567003023
2121269248,2157969408,2147483648,2142240768,2129657856,2147483648,2145386496,2127560704,2142240768,2137522176,2567019023
2138046464,2152726528,2142240768,2119172096,2128609280,2146435072,2143289344,2125463552,2138046464,2135949312,2567035025
2132803584,2141192192,2136997888,2122317824,2128609280,2146435072,2144337920,2125463552,2133327872,2136211456,2567051045
2126512128,2155872256,2155872256,2135949312,2129657856,2147483648,2145386496,2126512128,2143551488,2137260032,2567067047
2124414976,2161115136,2157969408,2134900736,2131755008,2148532224,2146435072,2128609280,2144600064,2138832896,2567083046
2121269248,2157969408,2148532224,2141192192,2131755008,2148532224,2145386496,2128609280,2142240768,2138570752,2567099048
2123366400,2142240768,2141192192,2123366400,2130706432,2146435072,2145386496,2126512128,2132541440,2137260032,2567115067
2121269248,2151677952,2147483648,2134900736,2128609280,2146435072,2143289344,2125463552,2138832896,2135949312,2567131065
2132803584,2139095040,2135949312,2118123520,2128609280,2146435072,2143289344,2125463552,2131492864,2135949312,2567147068
2121269248,2156920832,2149580800,2141192192,2129657856,2146435072,2145386496,2126512128,2142240768,2136997888,2567163066
2134900736,2141192192,2138046464,2119172096,2130706432,2148532224,2146435072,2128609280,2133327872,2138570752,2567179089
2123366400,2157969408,2147483648,2141192192,2131755008,2148532224,2146435072,2129657856,2142502912,2139095040,2567195085
2125463552,2147483648,2140143616,2130706432,2130706432,2147483648,2145386496,2127560704,2135949312,2137784320,2567211088
2141192192,2150629376,2136997888,2121269248,2129657856,2147483648,2144337920,2125463552,2137522176,2136735744,2567227091
2140143616,2138046464,2138046464,2120220672,2128609280,2146435072,2144337920,2125463552,2134114304,2136211456,2567243111
2136997888,2152726528,2146435072,2127560704,2130706432,2146435072,2144337920,2126512128,2140930048,2136997888,2567259108
2127560704,2140143616,2135949312,2121269248,2129657856,2148532224,2145386496,2128609280,2131230720,2138046464,2567276001
2130706432,2156920832,2154823680,2129657856,2131755008,2149580800,2146435072,2129657856,2143027200,2139357184,2567292001
2124414976,2148532224,2152726528,2133852160,2129657856,2148532224,2146435072,2128609280,2139881472,2138308608,2567308001
2129657856,2142240768,2143289344,2124414976,2128609280,2146435072,2144337920,2126512128,2134900736,2136473600,2567324001
2126512128,2155872256,2156920832,2129657856,2128609280,2146435072,2143289344,2125463552,2142240768,2135949312,2567340023
2133852160,2141192192,2135949312,2119172096,2129657856,2146435072,2144337920,2126512128,2132541440,2136735744,2567356024
2132803584,2152726528,2146435072,2132803584,2129657856,2148532224,2146435072,2128609280,2141192192,2138308608,2567372023
2125463552,2147483648,2141192192,2130706432,2130706432,2148532224,2146435072,2128609280,2136211456,2138570752,2567388023
2135949312,2143289344,2139095040,2124414976,2130706432,2147483648,2146435072,2128609280,2135687168,2138308608,2567404046
2139095040,2139095040,2139095040,2119172096,2130706432,2146435072,2145386496,2126512128,2134114304,2137260032,2567420045
2121269248,2151677952,2147483648,2136997888,2128609280,2146435072,2143289344,2124414976,2139357184,2135687168,2567436045
2125463552,2148532224,2155872256,2131755008,2129657856,2146435072,2144337920,2126512128,2140405760,2136735744,2567452044
2141192192,2140143616,2140143616,2121269248,2129657856,2146435072,2145386496,2126512128,2135687168,2136997888,2567468066
2124414976,2150629376,2156920832,2134900736,2130706432,2149580800,2147483648,2129657856,2141716480,2139357184,2567484066
2125463552,2160066560,2152726528,2143289344,2131755008,2148532224,2146435072,2129657856,2145386496,2139095040,2567500066
2135949312,2141192192,2139095040,2124414976,2129657856,2147483648,2145386496,2127560704,2135162880,2137522176,2567516064
2130706432,2154823680,2152726528,2131755008,2128609280,2145386496,2144337920,2125463552,2142502912,2135949312,2567532086
2132803584,2135949312,2135949312,2117074944,2129657856,2146435072,2144337920,2125463552,2130444288,2136473600,2567548090
2131755008,2140143616,2138046464,2122317824,2129657856,2147483648,2145386496,2127560704,2133065728,2137522176,2567564089
2130706432,2154823680,2154823680,2124414976,2129657856,2149580800,2147483648,2129657856,2141192192,2139095040,2567580086
2140143616,2141192192,2139095040,2121269248,2130706432,2148532224,2146435072,2129657856,2135425024,2138832896,2567596111
2138046464,2140143616,2138046464,2122317824,2130706432,2147483648,2145386496,2127560704,2134638592,2137784320,2567613001
2138046464,2140143616,2138046464,2118123520,2128609280,2146435072,2144337920,2125463552,2133590016,2136211456,2567629001
2133852160,2138046464,2135949312,2120220672,2129657856,2146435072,2143289344,2125463552,2132017152,2136211456,2567645001
2129657856,2141192192,2140143616,2118123520,2129657856,2147483648,2145386496,2127560704,2132279296,2137522176,2567661001
2123366400,2143289344,2142240768,2123366400,2130706432,2148532224,2145386496,2128609280,2133065728,2138308608,2567677022
2129657856,2142240768,2139095040,2125463552,2131755008,2147483648,2146435072,2128609280,2134114304,2138570752,2567693024
2141192192,2139095040,2140143616,2119172096,2130706432,2148532224,2145386496,2127560704,2134900736,2138046464,2567709022
2126512128,2143289344,2139095040,2126512128,2128609280,2146435072,2144337920,2126512128,2133852160,2136473600,2567725024
2123366400,2148532224,2157969408,2131755008,2129657856,2146435072,2144337920,2124414976,2140405760,2136211456,2567741045
2138046464,2151677952,2138046464,2119172096,2129657856,2146435072,2144337920,2125463552,2136735744,2136473600,2567757045
2125463552,2162163712,2159017984,2140143616,2129657856,2148532224,2146435072,2128609280,2146697216,2138308608,2567773045
2133852160,2142240768,2141192192,2126512128,2130706432,2148532224,2146435072,2129657856,2135949312,2138832896,2567789046
2128609280,2140143616,2143289344,2123366400,2131755008,2147483648,2146435072,2128609280,2133852160,2138570752,2567805066
2135949312,2138046464,2138046464,2121269248,2128609280,2147483648,2145386496,2127560704,2133327872,2137260032,2567821068
2134900736,2152726528,2142240768,2128609280,2129657856,2146435072,2144337920,2125463552,2139619328,2136473600,2567837066
2143289344,2139095040,2135949312,2114977792,2128609280,2147483648,2144337920,2126512128,2133327872,2136735744,2567853067
2124414976,2147483648,2153775104,2130706432,2130706432,2147483648,2145386496,2127560704,2139095040,2137784320,2567869087
2123366400,2153775104,2151677952,2134900736,2130706432,2149580800,2147483648,2130706432,2140930048,2139619328,2567885088
2133852160,2142240768,2136997888,2126512128,2130706432,2148532224,2147483648,2130706432,2134900736,2139357184,2567901085
2124414976,2151677952,2145386496,2132803584,2129657856,2148532224,2145386496,2127560704,2138570752,2137784320,2567917089
2136997888,2150629376,2146435072,2129657856,2128609280,2145386496,2144337920,2125463552,2140930048,2135949312,2567933108
2134900736,2146435072,2150629376,2118123520,2128609280,2147483648,2144337920,2126512128,2137522176,2136735744,2567949110
2121269248,2147483648,2147483648,2129657856,2129657856,2148532224,2144337920,2126512128,2136473600,2137260032,2567966001
2126512128,2141192192,2142240768,2124414976,2130706432,2149580800,2146435072,2129657856,2133590016,2139095040,2567982001
2142240768,2142240768,2145386496,2123366400,2131755008,2148532224,2146435072,2128609280,2138308608,2138832896,2567998001
2124414976,2147483648,2145386496,2129657856,2129657856,2148532224,2145386496,2127560704,2136735744,2137784320,2568014023
2133852160,2143289344,2139095040,2122317824,2129657856,2146435072,2143289344,2124414976,2134638592,2135949312,2568030022
2122317824,2140143616,2141192192,2122317824,2129657856,2145386496,2143289344,2124414976,2131492864,2135687168,2568046023
2124414976,2160066560,2155872256,2135949312,2129657856,2146435072,2145386496,2126512128,2144075776,2136997888,2568062025
2143289344,2142240768,2142240768,2120220672,2130706432,2149580800,2146435072,2129657856,2136997888,2139095040,2568078044
2123366400,2164260864,2156920832,2142240768,2130706432,2148532224,2146435072,2129657856,2146697216,2138832896,2568094045
2129657856,2141192192,2142240768,2124414976,2130706432,2147483648,2146435072,2127560704,2134376448,2138046464,2568110045
2123366400,2143289344,2140143616,2123366400,2128609280,2146435072,2144337920,2126512128,2132541440,2136473600,2568126044
2122317824,2162163712,2149580800,2141192192,2128609280,2145386496,2142240768,2125463552,2143813632,2135425024,2568142067
2125463552,2157969408,2156920832,2129657856,2129657856,2147483648,2144337920,2126512128,2142502912,2136997888,2568158064
2121269248,2159017984,2147483648,2142240768,2129657856,2148532224,2146435072,2128609280,2142502912,2138308608,2568174068
2124414976,2151677952,2147483648,2134900736,2131755008,2149580800,2147483648,2129657856,2139619328,2139619328,2568190065
2126512128,2159017984,2159017984,2135949312,2129657856,2148532224,2146435072,2128609280,2145124352,2138308608,2568206088
2121269248,2154823680,2147483648,2141192192,2129657856,2147483648,2144337920,2127560704,2141192192,2137260032,2568222086
2121269248,2151677952,2147483648,2134900736,2128609280,2146435072,2142240768,2125463552,2138832896,2135687168,2568238088
2139095040,2141192192,2136997888,2118123520,2128609280,2146435072,2144337920,2125463552,2133852160,2136211456,2568254088
2135949312,2146435072,2146435072,2120220672,2129657856,2147483648,2145386496,2128609280,2137260032,2137784320,2568270110
2139095040,2144337920,2140143616,2122317824,2130706432,2149580800,2146435072,2129657856,2136473600,2139095040,2568286106
2126512128,2159017984,2159017984,2133852160,2130706432,2149580800,2146435072,2129657856,2144600064,2139095040,2568303001
2131755008,2141192192,2140143616,2122317824,2129657856,2147483648,2145386496,2127560704,2133852160,2137522176,2568319001
2140143616,2145386496,2136997888,2117074944,2129657856,2146435072,2143289344,2125463552,2134900736,2136211456,2568335001
2120220672,2152726528,2141192192,2135949312,2129657856,2146435072,2143289344,2125463552,2137522176,2136211456,2568351001
2135949312,2135949312,2136997888,2117074944,2129657856,2147483648,2144337920,2127560704,2131492864,2137260032,2568367023
2124414976,2147483648,2141192192,2132803584,2130706432,2148532224,2145386496,2128609280,2136473600,2138308608,2568383024
2129657856,2142240768,2138046464,2125463552,2131755008,2148532224,2146435072,2128609280,2133852160,2138832896,2568399024
2132803584,2142240768,2141192192,2126512128,2129657856,2147483648,2145386496,2127560704,2135687168,2137522176,2568415024
2127560704,2141192192,2139095040,2124414976,2129657856,2146435072,2143289344,2125463552,2133065728,2136211456,2568431045
2122317824,2160066560,2155872256,2133852160,2128609280,2146435072,2143289344,2125463552,2143027200,2135949312,2568447044
2132803584,2155872256,2144337920,2132803584,2129657856,2147483648,2145386496,2127560704,2141454336,2137522176,2568463046
2130706432,2154823680,2159017984,2134900736,2130706432,2148532224,2146435072,2128609280,2144862208,2138570752,2568479046
2126512128,2156920832,2156920832,2138046464,2130706432,2149580800,2146435072,2129657856,2144600064,2139095040,2568495068
2139095040,2143289344,2139095040,2122317824,2129657856,2148532224,2145386496,2128609280,2135949312,2138046464,2568511067
2127560704,2155872256,2154823680,2138046464,2129657856,2146435072,2143289344,2125463552,2144075776,2136211456,2568527066
2129657856,2140143616,2138046464,2119172096,2128609280,2146435072,2144337920,2125463552,2131755008,2136211456,2568543065
2143289344,2139095040,2136997888,2117074944,2128609280,2147483648,2143289344,2126512128,2134114304,2136473600,2568559090
2135949312,2144337920,2145386496,2121269248,2130706432,2147483648,2145386496,2127560704,2136735744,2137784320,2568575088
2125463552,2163212288,2161115136,2142240768,2131755008,2149580800,2147483648,2129657856,2148007936,2139619328,2568591089
2142240768,2141192192,2139095040,2122317824,2130706432,2148532224,2146435072,2129657856,2136211456,2138832896,2568607087
2122317824,2151677952,2147483648,2136997888,2129657856,2147483648,2144337920,2126512128,2139619328,2136997888,2568623108
2125463552,2143289344,2136997888,2123366400,2127560704,2146435072,2143289344,2125463552,2132279296,2135687168,2568640001
2133852160,2139095040,2135949312,2117074944,2128609280,2147483648,2144337920,2125463552,2131492864,2136473600,2568656001
2136997888,2141192192,2145386496,2119172096,2130706432,2147483648,2145386496,2127560704,2135687168,2137784320,2568672000
2139095040,2153775104,2152726528,2122317824,2130706432,2148532224,2146435072,2128609280,2141978624,2138570752,2568688001
2133852160,2146435072,2151677952,2126512128,2130706432,2148532224,2146435072,2129657856,2139619328,2138832896,2568704023
2136997888,2156920832,2154823680,2133852160,2129657856,2147483648,2144337920,2127560704,2145648640,2137260032,2568720023
2121269248,2160066560,2151677952,2133852160,2128609280,2146435072,2143289344,2125463552,2141716480,2135949312,2568736024
2125463552,2155872256,2154823680,2139095040,2128609280,2146435072,2143289344,2126512128,2143813632,2136211456,2568752024
2132803584,2153775104,2153775104,2133852160,2129657856,2147483648,2145386496,2127560704,2143551488,2137522176,2568768044
2123366400,2160066560,2152726528,2141192192,2130706432,2148532224,2147483648,2128609280,2144337920,2138832896,2568784044
2143289344,2154823680,2142240768,2128609280,2130706432,2149580800,2146435072,2129657856,2142240768,2139095040,2568800044
2129657856,2143289344,2142240768,2122317824,2129657856,2147483648,2145386496,2126512128,2134376448,2137260032,2568816045
2132803584,2146435072,2153775104,2121269248,2128609280,2146435072,2143289344,2125463552,2138570752,2135949312,2568832066
2131755008,2141192192,2136997888,2122317824,2129657856,2146435072,2143289344,2125463552,2133065728,2136211456,2568848068
2138046464,2138046464,2136997888,2117074944,2129657856,2147483648,2145386496,2126512128,2132541440,2137260032,2568864066
2123366400,2151677952,2151677952,2132803584,2131755008,2148532224,2146435072,2128609280,2139881472,2138832896,2568880066
2124414976,2149580800,2140143616,2134900736,2131755008,2148532224,2145386496,2129657856,2137260032,2138832896,2568896086
2123366400,2147483648,2143289344,2130706432,2130706432,2147483648,2144337920,2127560704,2136211456,2137522176,2568912086
2123366400,2147483648,2147483648,2129657856,2128609280,2146435072,2144337920,2126512128,2136997888,2136473600,2568928088
2138046464,2146435072,2135949312,2119172096,2127560704,2146435072,2142240768,2125463552,2134900736,2135425024,2568944087
2138046464,2145386496,2142240768,2124414976,2128609280,2146435072,2144337920,2126512128,2137522176,2136473600,2568960109
2129657856,2154823680,2160066560,2138046464,2129657856,2148532224,2146435072,2129657856,2145648640,2138570752,2568976109
2124414976,2147483648,2144337920,2130706432,2131755008,2149580800,2147483648,2130706432,2136735744,2139881472,2568993001
2124414976,2146435072,2147483648,2132803584,2130706432,2148532224,2144337920,2128609280,2137784320,2138046464,2569009001
2133852160,2138046464,2139095040,2120220672,2129657856,2147483648,2144337920,2127560704,2132803584,2137260032,2569025001
2122317824,2155872256,2149580800,2139095040,2128609280,2146435072,2143289344,2125463552,2141716480,2135949312,2569041024
2138046464,2139095040,2135949312,2117074944,2129657856,2147483648,2143289344,2125463552,2132541440,2136473600,2569057022
2126512128,2162163712,2161115136,2134900736,2130706432,2148532224,2145386496,2127560704,2146172928,2138046464,2569073025
2130706432,2157969408,2159017984,2138046464,2130706432,2148532224,2147483648,2128609280,2146435072,2138832896,2569089024
2125463552,2142240768,2140143616,2125463552,2130706432,2148532224,2146435072,2129657856,2133327872,2138832896,2569105046
2136997888,2142240768,2146435072,2121269248,2129657856,2148532224,2144337920,2126512128,2136735744,2137260032,2569121045
2123366400,2141192192,2143289344,2122317824,2128609280,2145386496,2143289344,2124414976,2132541440,2135425024,2569137045
2134900736,2141192192,2134900736,2120220672,2129657856,2146435072,2143289344,2125463552,2132803584,2136211456,2569153045
2130706432,2150629376,2151677952,2126512128,2129657856,2147483648,2144337920,2127560704,2139881472,2137260032,2569169066
2131755008,2154823680,2153775104,2133852160,2130706432,2149580800,2146435072,2129657856,2143551488,2139095040,2569185065
2146435072,2140143616,2139095040,2122317824,2131755008,2148532224,2146435072,2128609280,2136997888,2138832896,2569201067
2123366400,2164260864,2154823680,2138046464,2130706432,2147483648,2145386496,2126512128,2145124352,2137522176,2569217066
2120220672,2151677952,2143289344,2135949312,2128609280,2147483648,2144337920,2125463552,2137784320,2136473600,2569233089
2125463552,2156920832,2151677952,2134900736,2129657856,2146435072,2143289344,2125463552,2142240768,2136211456,2569249085
2136997888,2149580800,2150629376,2121269248,2130706432,2147483648,2144337920,2126512128,2139619328,2137260032,2569265088
2136997888,2139095040,2139095040,2119172096,2131755008,2147483648,2145386496,2128609280,2133590016,2138308608,2569281088
2145386496,2144337920,2141192192,2124414976,2131755008,2148532224,2146435072,2128609280,2138832896,2138832896,2569297109
2124414976,2159017984,2160066560,2134900736,2129657856,2148532224,2145386496,2127560704,2144600064,2137784320,2569313106
2121269248,2147483648,2140143616,2130706432,2128609280,2147483648,2143289344,2126512128,2134900736,2136473600,2569330001
2121269248,2140143616,2142240768,2121269248,2127560704,2147483648,2144337920,2125463552,2131230720,2136211456,2569346001
2143289344,2141192192,2139095040,2118123520,2129657856,2146435072,2145386496,2126512128,2135425024,2136997888,2569362001
2124414976,2147483648,2150629376,2131755008,2130706432,2147483648,2145386496,2127560704,2138570752,2137784320,2569378000
2122317824,2148532224,2148532224,2133852160,2131755008,2148532224,2146435072,2129657856,2138308608,2139095040,2569394024
2122317824,2153775104,2153775104,2139095040,2130706432,2148532224,2145386496,2128609280,2142240768,2138308608,2569410023
2140143616,2143289344,2146435072,2122317824,2130706432,2146435072,2144337920,2126512128,2138046464,2136997888,2569426024
2122317824,2162163712,2153775104,2136997888,2128609280,2146435072,2143289344,2125463552,2143813632,2135949312,2569442023
2123366400,2143289344,2143289344,2125463552,2128609280,2146435072,2144337920,2126512128,2133852160,2136473600,2569458045
2138046464,2139095040,2135949312,2121269248,2129657856,2147483648,2146435072,2128609280,2133590016,2138046464,2569474045
2124414976,2147483648,2147483648,2132803584,2130706432,2149580800,2146435072,2129657856,2138046464,2139095040,2569490045
2125463552,2142240768,2140143616,2125463552,2130706432,2148532224,2146435072,2128609280,2133327872,2138570752,2569506045
2135949312,2146435072,2150629376,2123366400,2130706432,2146435072,2144337920,2125463552,2139095040,2136735744,2569522068
2140143616,2144337920,2138046464,2121269248,2128609280,2145386496,2143289344,2124414976,2135949312,2135425024,2569538066
2121269248,2151677952,2147483648,2132803584,2128609280,2147483648,2144337920,2126512128,2138308608,2136735744,2569554066
2131755008,2154823680,2151677952,2133852160,2130706432,2147483648,2145386496,2127560704,2143027200,2137784320,2569570064
2129657856,2143289344,2145386496,2124414976,2131755008,2148532224,2146435072,2128609280,2135687168,2138832896,2569586088
2131755008,2142240768,2138046464,2124414976,2130706432,2149580800,2146435072,2129657856,2134114304,2139095040,2569602086
2140143616,2146435072,2138046464,2120220672,2130706432,2147483648,2144337920,2127560704,2136211456,2137522176,2569618088
2121269248,2152726528,2147483648,2135949312,2128609280,2146435072,2143289344,2126512128,2139357184,2136211456,2569634087
2129657856,2140143616,2136997888,2118123520,2128609280,2147483648,2142240768,2126512128,2131230720,2136211456,2569650109
2120220672,2147483648,2141192192,2130706432,2129657856,2148532224,2144337920,2128609280,2134900736,2137784320,2569667001
2140143616,2151677952,2139095040,2123366400,2131755008,2148532224,2146435072,2129657856,2138570752,2139095040,2569683001
2143289344,2144337920,2141192192,2121269248,2130706432,2149580800,2147483648,2129657856,2137522176,2139357184,2569699001
2124414976,2155872256,2157969408,2139095040,2130706432,2147483648,2144337920,2127560704,2144337920,2137522176,2569715001
2122317824,2155872256,2149580800,2139095040,2129657856,2147483648,2144337920,2125463552,2141716480,2136735744,2569731023
2128609280,2156920832,2148532224,2130706432,2128609280,2146435072,2143289344,2125463552,2141192192,2135949312,2569747023
2122317824,2149580800,2148532224,2132803584,2128609280,2146435072,2144337920,2126512128,2138308608,2136473600,2569763023
2124414976,2161115136,2157969408,2135949312,2130706432,2148532224,2144337920,2129657856,2144862208,2138308608,2569779023
2134900736,2157969408,2149580800,2132803584,2130706432,2149580800,2146435072,2129657856,2143813632,2139095040,2569795045
2138046464,2144337920,2138046464,2122317824,2130706432,2147483648,2146435072,2127560704,2135687168,2138046464,2569811047
2143289344,2138046464,2138046464,2119172096,2129657856,2146435072,2144337920,2125463552,2134638592,2136473600,2569827046
2133852160,2143289344,2145386496,2120220672,2128609280,2146435072,2144337920,2125463552,2135687168,2136211456,2569843047
2130706432,2151677952,2149580800,2129657856,2129657856,2146435072,2144337920,2126512128,2140405760,2136735744,2569859069
2135949312,2142240768,2139095040,2119172096,2129657856,2149580800,2146435072,2129657856,2134114304,2138832896,2569875068
2123366400,2153775104,2147483648,2138046464,2131755008,2148532224,2146435072,2129657856,2140667904,2139095040,2569891066
2125463552,2150629376,2143289344,2135949312,2130706432,2147483648,2145386496,2128609280,2138832896,2138046464,2569907068
2122317824,2149580800,2154823680,2132803584,2128609280,2148532224,2145386496,2127560704,2139881472,2137522176,2569923087
2123366400,2143289344,2138046464,2123366400,2128609280,2146435072,2143289344,2124414976,2132017152,2135687168,2569939089
2130706432,2154823680,2149580800,2134900736,2129657856,2146435072,2144337920,2125463552,2142502912,2136473600,2569955085
2129657856,2143289344,2139095040,2122317824,2129657856,2148532224,2145386496,2128609280,2133590016,2138046464,2569971087
2124414976,2155872256,2149580800,2139095040,2130706432,2149580800,2146435072,2129657856,2142240768,2139095040,2569987112
2140143616,2141192192,2141192192,2121269248,2131755008,2147483648,2145386496,2127560704,2135949312,2138046464,2570003109
2125463552,2144337920,2136997888,2126512128,2129657856,2147483648,2145386496,2127560704,2133327872,2137522176,2570020000
2126512128,2159017984,2153775104,2131755008,2127560704,2146435072,2143289344,2126512128,2142765056,2135949312,2570036001
2128609280,2155872256,2152726528,2134900736,2129657856,2146435072,2143289344,2125463552,2143027200,2136211456,2570052001
2132803584,2139095040,2141192192,2119172096,2130706432,2147483648,2145386496,2126512128,2133065728,2137522176,2570068025
2123366400,2147483648,2147483648,2130706432,2130706432,2148532224,2146435072,2128609280,2137260032,2138570752,2570084022
2135949312,2142240768,2142240768,2126512128,2132803584,2148532224,2146435072,2128609280,2136735744,2139095040,2570100024
2138046464,2140143616,2139095040,2121269248,2129657856,2148532224,2145386496,2127560704,2134638592,2137784320,2570116024
2123366400,2160066560,2151677952,2143289344,2128609280,2146435072,2144337920,2126512128,2144600064,2136473600,2570132045
2122317824,2141192192,2135949312,2123366400,2128609280,2146435072,2143289344,2125463552,2130706432,2135949312,2570148045
2119172096,2150629376,2139095040,2135949312,2128609280,2147483648,2144337920,2126512128,2136211456,2136735744,2570164045
2142240768,2141192192,2138046464,2122317824,2130706432,2148532224,2146435072,2129657856,2135949312,2138832896,2570180045
2138046464,2140143616,2139095040,2121269248,2130706432,2149580800,2146435072,2129657856,2134638592,2139095040,2570196065
2135949312,2141192192,2139095040,2124414976,2130706432,2147483648,2145386496,2127560704,2135162880,2137784320,2570212066
2138046464,2146435072,2136997888,2119172096,2128609280,2147483648,2143289344,2126512128,2135162880,2136473600,2570228068
2141192192,2141192192,2136997888,2118123520,2128609280,2146435072,2143289344,2125463552,2134376448,2135949312,2570244068
2122317824,2144337920,2147483648,2126512128,2129657856,2147483648,2145386496,2126512128,2135162880,2137260032,2570260087
2123366400,2159017984,2154823680,2138046464,2130706432,2148532224,2146435072,2128609280,2143813632,2138570752,2570276086
2122317824,2152726528,2149580800,2138046464,2130706432,2148532224,2145386496,2129657856,2140667904,2138570752,2570292088
2141192192,2141192192,2141192192,2119172096,2129657856,2148532224,2146435072,2128609280,2135687168,2138308608,2570308088
2123366400,2151677952,2154823680,2136997888,2129657856,2146435072,2144337920,2126512128,2141716480,2136735744,2570324108
2141192192,2140143616,2136997888,2120220672,2128609280,2146435072,2144337920,2125463552,2134638592,2136211456,2570340107
2121269248,2147483648,2141192192,2126512128,2129657856,2146435072,2144337920,2126512128,2134114304,2136735744,2570357001
2129657856,2145386496,2143289344,2123366400,2130706432,2148532224,2146435072,2128609280,2135425024,2138570752,2570373001
2124414976,2150629376,2145386496,2134900736,2130706432,2148532224,2146435072,2129657856,2138832896,2138832896,2570389001
2122317824,2160066560,2147483648,2143289344,2129657856,2149580800,2146435072,2129657856,2143289344,2138832896,2570405000
2131755008,2153775104,2154823680,2131755008,2129657856,2147483648,2145386496,2126512128,2143027200,2137260032,2570421023
2129657856,2139095040,2135949312,2117074944,2127560704,2146435072,2144337920,2125463552,2130444288,2135949312,2570437024
2133852160,2154823680,2146435072,2133852160,2128609280,2146435072,2143289344,2126512128,2142240768,2136211456,2570453024
2123366400,2159017984,2156920832,2138046464,2129657856,2148532224,2144337920,2128609280,2144337920,2137784320,2570469022
2136997888,2146435072,2150629376,2123366400,2130706432,2148532224,2147483648,2129657856,2139357184,2139095040,2570485045
2135949312,2140143616,2139095040,2123366400,2130706432,2148532224,2146435072,2128609280,2134638592,2138570752,2570501045
2126512128,2142240768,2138046464,2125463552,2129657856,2147483648,2145386496,2127560704,2133065728,2137522176,2570517045
2139095040,2139095040,2136997888,2118123520,2127560704,2146435072,2144337920,2126512128,2133327872,2136211456,2570533043
2123366400,2143289344,2138046464,2122317824,2127560704,2146435072,2144337920,2125463552,2131755008,2135949312,2570549067
2130706432,2154823680,2149580800,2131755008,2129657856,2147483648,2145386496,2126512128,2141716480,2137260032,2570565067
2135949312,2146435072,2141192192,2125463552,2130706432,2149580800,2145386496,2129657856,2137260032,2138832896,2570581066
2132803584,2157969408,2156920832,2135949312,2131755008,2149580800,2146435072,2129657856,2145910784,2139357184,2570597066
2122317824,2151677952,2148532224,2134900736,2130706432,2148532224,2144337920,2128609280,2139357184,2138046464,2570613088
2141192192,2141192192,2146435072,2120220672,2128609280,2147483648,2144337920,2126512128,2137260032,2136735744,2570629087
2135949312,2139095040,2138046464,2120220672,2128609280,2146435072,2143289344,2125463552,2133327872,2135949312,2570645087
2122317824,2161115136,2152726528,2135949312,2129657856,2146435072,2144337920,2126512128,2143027200,2136735744,2570661085
2123366400,2160066560,2148532224,2143289344,2130706432,2148532224,2146435072,2128609280,2143813632,2138570752,2570677111
2126512128,2159017984,2157969408,2142240768,2131755008,2149580800,2147483648,2130706432,2146435072,2139881472,2570694001
2127560704,2159017984,2156920832,2138046464,2130706432,2147483648,2145386496,2127560704,2145386496,2137784320,2570710001
2125463552,2155872256,2159017984,2139095040,2129657856,2146435072,2144337920,2126512128,2144862208,2136735744,2570726001
2124414976,2160066560,2155872256,2135949312,2128609280,2146435072,2144337920,2125463552,2144075776,2136211456,2570742001
2126512128,2156920832,2150629376,2132803584,2130706432,2146435072,2144337920,2126512128,2141716480,2136997888,2570758023
2123366400,2149580800,2147483648,2131755008,2129657856,2148532224,2146435072,2128609280,2138046464,2138308608,2570774024
2123366400,2147483648,2140143616,2130706432,2130706432,2149580800,2146435072,2129657856,2135425024,2139095040,2570790023
2124414976,2162163712,2151677952,2145386496,2131755008,2147483648,2145386496,2128609280,2145910784,2138308608,2570806023
2125463552,2160066560,2157969408,2134900736,2129657856,2147483648,2145386496,2126512128,2144600064,2137260032,2570822045
2121269248,2151677952,2147483648,2134900736,2129657856,2146435072,2143289344,2124414976,2138832896,2135949312,2570838045
2120220672,2151677952,2145386496,2135949312,2128609280,2147483648,2144337920,2126512128,2138308608,2136735744,2570854046
2139095040,2141192192,2139095040,2119172096,2129657856,2148532224,2145386496,2128609280,2134638592,2138046464,2570870045
2125463552,2147483648,2148532224,2125463552,2131755008,2148532224,2146435072,2129657856,2136735744,2139095040,2570886067
2124414976,2148532224,2147483648,2132803584,2130706432,2147483648,2145386496,2129657856,2138308608,2138308608,2570902066
2140143616,2155872256,2144337920,2129657856,2129657856,2147483648,2145386496,2128609280,2142502912,2137784320,2570918065
2141192192,2140143616,2136997888,2120220672,2128609280,2146435072,2142240768,2125463552,2134638592,2135687168,2570934068
2123366400,2151677952,2153775104,2134900736,2129657856,2147483648,2144337920,2125463552,2140930048,2136735744,2570950087
2121269248,2151677952,2149580800,2134900736,2129657856,2147483648,2144337920,2127560704,2139357184,2137260032,2570966087
2123366400,2160066560,2153775104,2143289344,2130706432,2148532224,2146435072,2129657856,2145124352,2138832896,2570982088
2142240768,2140143616,2140143616,2121269248,2130706432,2148532224,2147483648,2128609280,2135949312,2138832896,2570998088
2124414976,2145386496,2149580800,2128609280,2129657856,2147483648,2146435072,2127560704,2136997888,2137784320,2571014109
2124414976,2147483648,2154823680,2127560704,2129657856,2147483648,2143289344,2126512128,2138570752,2136735744,2571030110
2138046464,2139095040,2135949312,2118123520,2129657856,2146435072,2143289344,2124414976,2132803584,2135949312,2571047001
2134900736,2141192192,2139095040,2122317824,2128609280,2147483648,2144337920,2127560704,2134376448,2136997888,2571063001
2121269248,2145386496,2141192192,2129657856,2129657856,2149580800,2146435072,2128609280,2134376448,2138570752,2571079001
2124414976,2159017984,2155872256,2141192192,2130706432,2148532224,2146435072,2129657856,2145124352,2138832896,2571095023
2135949312,2140143616,2139095040,2122317824,2130706432,2147483648,2145386496,2127560704,2134376448,2137784320,2571111024
2124414976,2147483648,2141192192,2129657856,2128609280,2147483648,2144337920,2126512128,2135687168,2136735744,2571127024
2130706432,2149580800,2154823680,2124414976,2128609280,2145386496,2143289344,2124414976,2139881472,2135425024,2571143022
2121269248,2155872256,2149580800,2141192192,2129657856,2147483648,2144337920,2127560704,2141978624,2137260032,2571159046
2135949312,2139095040,2135949312,2119172096,2130706432,2148532224,2145386496,2128609280,2132541440,2138308608,2571175044
2123366400,2152726528,2151677952,2139095040,2131755008,2148532224,2146435072,2129657856,2141716480,2139095040,2571191045
2138046464,2140143616,2140143616,2121269248,2130706432,2147483648,2146435072,2127560704,2134900736,2138046464,2571207044
2123366400,2145386496,2143289344,2128609280,2129657856,2147483648,2145386496,2126512128,2135162880,2137260032,2571223066
2124414976,2154823680,2154823680,2131755008,2128609280,2147483648,2143289344,2125463552,2141454336,2136211456,2571239068
2122317824,2147483648,2151677952,2129657856,2128609280,2147483648,2144337920,2125463552,2137784320,2136473600,2571255066
2123366400,2147483648,2151677952,2129657856,2130706432,2147483648,2145386496,2127560704,2138046464,2137784320,2571271069
2125463552,2147483648,2146435072,2130706432,2130706432,2149580800,2146435072,2130706432,2137522176,2139357184,2571287087
2141192192,2141192192,2140143616,2124414976,2130706432,2148532224,2145386496,2128609280,2136735744,2138308608,2571303088
2130706432,2153775104,2154823680,2128609280,2129657856,2147483648,2144337920,2127560704,2141978624,2137260032,2571319087
2133852160,2150629376,2148532224,2126512128,2128609280,2146435072,2144337920,2125463552,2139881472,2136211456,2571335089
2122317824,2157969408,2159017984,2133852160,2128609280,2146435072,2144337920,2125463552,2143289344,2136211456,2571351109
2131755008,2139095040,2136997888,2121269248,2129657856,2148532224,2145386496,2128609280,2132279296,2138046464,2571367108
2124414976,2160066560,2156920832,2139095040,2130706432,2148532224,2147483648,2128609280,2145124352,2138832896,2571384001
2129657856,2143289344,2142240768,2122317824,2131755008,2148532224,2146435072,2128609280,2134376448,2138832896,2571400001
2133852160,2141192192,2143289344,2121269248,2129657856,2147483648,2145386496,2127560704,2134900736,2137522176,2571416001
2126512128,2160066560,2155872256,2132803584,2129657856,2146435072,2143289344,2125463552,2143813632,2136211456,2571432001
2124414976,2160066560,2155872256,2131755008,2128609280,2146435072,2143289344,2124414976,2143027200,2135687168,2571448023
2134900736,2143289344,2146435072,2120220672,2130706432,2146435072,2145386496,2126512128,2136211456,2137260032,2571464023
2123366400,2157969408,2155872256,2141192192,2130706432,2149580800,2146435072,2129657856,2144600064,2139095040,2571480023
2124414976,2142240768,2146435072,2126512128,2130706432,2148532224,2146435072,2128609280,2134900736,2138570752,2571496023
2132803584,2144337920,2139095040,2123366400,2129657856,2148532224,2145386496,2127560704,2134900736,2137784320,2571512046
2122317824,2162163712,2156920832,2139095040,2128609280,2147483648,2144337920,2126512128,2145124352,2136735744,2571528045
2120220672,2147483648,2148532224,2131755008,2128609280,2146435072,2143289344,2126512128,2136997888,2136211456,2571544045
2122317824,2147483648,2135949312,2130706432,2128609280,2146435072,2143289344,2126512128,2134114304,2136211456,2571560044
2139095040,2138046464,2142240768,2120220672,2130706432,2148532224,2146435072,2128609280,2134900736,2138570752,2571576069
2138046464,2141192192,2138046464,2122317824,2130706432,2148532224,2147483648,2129657856,2134900736,2139095040,2571592067
2127560704,2159017984,2159017984,2138046464,2130706432,2148532224,2146435072,2128609280,2145910784,2138570752,2571608066
2135949312,2151677952,2138046464,2129657856,2128609280,2147483648,2144337920,2127560704,2138832896,2136997888,2571624065
2132803584,2154823680,2150629376,2133852160,2129657856,2146435072,2143289344,2125463552,2143027200,2136211456,2571640089
2132803584,2136997888,2136997888,2117074944,2128609280,2146435072,2145386496,2126512128,2130968576,2136735744,2571656087
2140143616,2138046464,2139095040,2120220672,2130706432,2148532224,2145386496,2128609280,2134376448,2138308608,2571672088
2130706432,2154823680,2160066560,2139095040,2130706432,2149580800,2147483648,2128609280,2146172928,2139095040,2571688087
2141192192,2145386496,2140143616,2123366400,2131755008,2149580800,2146435072,2129657856,2137522176,2139357184,2571704109
2123366400,2147483648,2143289344,2132803584,2129657856,2146435072,2145386496,2126512128,2136735744,2136997888,2571721001
2121269248,2156920832,2150629376,2138046464,2129657856,2147483648,2144337920,2126512128,2141716480,2136997888,2571737001
2129657856,2138046464,2136997888,2119172096,2128609280,2146435072,2143289344,2125463552,2130968576,2135949312,2571753000
2143289344,2144337920,2141192192,2120220672,2130706432,2147483648,2145386496,2127560704,2137260032,2137784320,2571769001
2125463552,2155872256,2155872256,2140143616,2131755008,2149580800,2147483648,2129657856,2144337920,2139619328,2571785024
2130706432,2163212288,2155872256,2134900736,2130706432,2149580800,2147483648,2129657856,2146172928,2139357184,2571801024
2122317824,2150629376,2154823680,2134900736,2129657856,2147483648,2144337920,2127560704,2140667904,2137260032,2571817025
2139095040,2142240768,2144337920,2116026368,2128609280,2146435072,2143289344,2125463552,2135425024,2135949312,2571833023
2122317824,2159017984,2153775104,2132803584,2127560704,2146435072,2144337920,2126512128,2141978624,2136211456,2571849045
2135949312,2139095040,2135949312,2117074944,2129657856,2147483648,2144337920,2126512128,2132017152,2136997888,2571865047
2128609280,2154823680,2154823680,2131755008,2130706432,2148532224,2146435072,2128609280,2142502912,2138570752,2571881045
2125463552,2148532224,2155872256,2133852160,2130706432,2149580800,2146435072,2130706432,2140930048,2139357184,2571897046
2120220672,2160066560,2152726528,2140143616,2129657856,2148532224,2145386496,2128609280,2143289344,2138046464,2571913066
2128609280,2142240768,2138046464,2126512128,2128609280,2147483648,2144337920,2126512128,2133852160,2136735744,2571929067
2122317824,2164260864,2155872256,2138046464,2128609280,2146435072,2144337920,2125463552,2145124352,2136211456,2571945066
2141192192,2139095040,2135949312,2117074944,2130706432,2146435072,2144337920,2126512128,2133327872,2136997888,2571961067
2127560704,2154823680,2152726528,2129657856,2129657856,2148532224,2145386496,2129657856,2141192192,2138308608,2571977086
2129657856,2142240768,2143289344,2121269248,2131755008,2148532224,2146435072,2128609280,2134114304,2138832896,2571993088
2123366400,2148532224,2147483648,2134900736,2130706432,2147483648,2145386496,2128609280,2138570752,2138046464,2572009089
2138046464,2140143616,2138046464,2120220672,2128609280,2147483648,2144337920,2126512128,2134114304,2136735744,2572025090
2124414976,2141192192,2139095040,2124414976,2128609280,2146435072,2143289344,2125463552,2132279296,2135949312,2572041108
2122317824,2141192192,2136997888,2125463552,2129657856,2146435072,2143289344,2126512128,2131492864,2136473600,2572057111
2121269248,2160066560,2147483648,2139095040,2130706432,2148532224,2145386496,2128609280,2141978624,2138308608,2572074001
2141192192,2144337920,2141192192,2124414976,2130706432,2149580800,2146435072,2129657856,2137784320,2139095040,2572090001
2144337920,2143289344,2141192192,2120220672,2130706432,2148532224,2146435072,2128609280,2137260032,2138570752,2572106001
2134900736,2139095040,2136997888,2119172096,2128609280,2147483648,2144337920,2126512128,2132541440,2136735744,2572122023
2131755008,2150629376,2146435072,2121269248,2128609280,2146435072,2143289344,2125463552,2137522176,2135949312,2572138023
2130706432,2152726528,2156920832,2119172096,2128609280,2147483648,2144337920,2126512128,2139881472,2136735744,2572154023
2138046464,2140143616,2146435072,2121269248,2129657856,2147483648,2145386496,2127560704,2136473600,2137522176,2572170022
2122317824,2162163712,2150629376,2143289344,2131755008,2148532224,2146435072,2128609280,2144600064,2138832896,2572186047
2125463552,2143289344,2141192192,2126512128,2130706432,2149580800,2146435072,2129657856,2134114304,2139095040,2572202044
2130706432,2157969408,2151677952,2129657856,2129657856,2147483648,2144337920,2127560704,2142502912,2137260032,2572218045
2121269248,2145386496,2136997888,2126512128,2128609280,2146435072,2143289344,2125463552,2132541440,2135949312,2572234045
2133852160,2138046464,2135949312,2117074944,2128609280,2146435072,2143289344,2125463552,2131230720,2135949312,2572250067
2126512128,2142240768,2136997888,2124414976,2129657856,2147483648,2144337920,2128609280,2132541440,2137522176,2572266067
2135949312,2155872256,2150629376,2130706432,2131755008,2148532224,2146435072,2128609280,2143289344,2138832896,2572282068
2128609280,2156920832,2157969408,2133852160,2130706432,2149580800,2147483648,2129657856,2144337920,2139357184,2572298065
2136997888,2154823680,2153775104,2129657856,2130706432,2147483648,2144337920,2127560704,2143813632,2137522176,2572314087
2141192192,2145386496,2138046464,2117074944,2129657856,2146435072,2143289344,2125463552,2135425024,2136211456,2572330085
2123366400,2147483648,2135949312,2128609280,2129657856,2146435072,2143289344,2125463552,2133852160,2136211456,2572346087
2121269248,2141192192,2138046464,2124414976,2129657856,2146435072,2144337920,2125463552,2131230720,2136473600,2572362086
2141192192,2141192192,2139095040,2118123520,2131755008,2148532224,2146435072,2128609280,2134900736,2138832896,2572378109
2128609280,2163212288,2157969408,2136997888,2131755008,2148532224,2147483648,2128609280,2146697216,2139095040,2572394105
2125463552,2147483648,2151677952,2131755008,2130706432,2148532224,2145386496,2128609280,2139095040,2138308608,2572411001
2123366400,2153775104,2156920832,2136997888,2129657856,2146435072,2143289344,2125463552,2142765056,2136211456,2572427001
2128609280,2153775104,2149580800,2132803584,2128609280,2146435072,2143289344,2125463552,2141192192,2135949312,2572443001
2126512128,2156920832,2152726528,2130706432,2128609280,2147483648,2144337920,2126512128,2141716480,2136735744,2572459001
2122317824,2156920832,2151677952,2141192192,2129657856,2149580800,2145386496,2129657856,2143027200,2138570752,2572475022
2138046464,2142240768,2140143616,2123366400,2131755008,2148532224,2146435072,2129657856,2135949312,2139095040,2572491023
2124414976,2157969408,2155872256,2139095040,2130706432,2148532224,2146435072,2128609280,2144337920,2138570752,2572507024
2139095040,2141192192,2141192192,2119172096,2129657856,2147483648,2144337920,2126512128,2135162880,2136997888,2572523022
2122317824,2143289344,2140143616,2124414976,2128609280,2145386496,2144337920,2124414976,2132541440,2135687168,2572539045
2125463552,2151677952,2153775104,2129657856,2128609280,2147483648,2144337920,2126512128,2140143616,2136735744,2572555046
2140143616,2146435072,2141192192,2125463552,2130706432,2148532224,2145386496,2128609280,2138308608,2138308608,2572571045
2130706432,2159017984,2156920832,2136997888,2131755008,2148532224,2146435072,2129657856,2145910784,2139095040,2572587044
2130706432,2160066560,2155872256,2133852160,2130706432,2149580800,2145386496,2129657856,2145124352,2138832896,2572603066
2134900736,2146435072,2150629376,2121269248,2130706432,2147483648,2144337920,2127560704,2138308608,2137522176,2572619067
2126512128,2157969408,2153775104,2131755008,2128609280,2146435072,2143289344,2125463552,2142502912,2135949312,2572635068
2126512128,2152726528,2154823680,2130706432,2128609280,2146435072,2143289344,2124414976,2141192192,2135687168,2572651067
2123366400,2148532224,2151677952,2131755008,2129657856,2147483648,2145386496,2127560704,2138832896,2137522176,2572667088
2126512128,2162163712,2160066560,2138046464,2130706432,2149580800,2147483648,2129657856,2146697216,2139357184,2572683089
2129657856,2142240768,2142240768,2126512128,2130706432,2149580800,2146435072,2129657856,2135162880,2139095040,2572699088
2143289344,2141192192,2145386496,2122317824,2129657856,2147483648,2145386496,2127560704,2138046464,2137522176,2572715088
2122317824,2142240768,2140143616,2126512128,2129657856,2146435072,2144337920,2125463552,2132803584,2136473600,2572731109
2128609280,2152726528,2154823680,2125463552,2129657856,2146435072,2144337920,2125463552,2140405760,2136473600,2572748001
2133852160,2146435072,2146435072,2122317824,2129657856,2147483648,2144337920,2126512128,2137260032,2136997888,2572764001
2142240768,2139095040,2141192192,2119172096,2131755008,2148532224,2145386496,2128609280,2135425024,2138570752,2572780001
2138046464,2141192192,2140143616,2121269248,2130706432,2149580800,2147483648,2129657856,2135162880,2139357184,2572796001
2125463552,2145386496,2148532224,2128609280,2130706432,2147483648,2144337920,2127560704,2136997888,2137522176,2572812024
2126512128,2157969408,2156920832,2133852160,2129657856,2146435072,2144337920,2125463552,2143813632,2136473600,2572828024
2136997888,2138046464,2135949312,2119172096,2128609280,2146435072,2143289344,2126512128,2132541440,2136211456,2572844024
2138046464,2142240768,2138046464,2120220672,2129657856,2147483648,2145386496,2126512128,2134638592,2137260032,2572860024
2134900736,2154823680,2150629376,2128609280,2130706432,2148532224,2145386496,2128609280,2142240768,2138308608,2572876045
2124414976,2155872256,2149580800,2139095040,2130706432,2150629376,2147483648,2130706432,2142240768,2139881472,2572892046
2127560704,2162163712,2156920832,2135949312,2130706432,2148532224,2146435072,2128609280,2145648640,2138570752,2572908043
2127560704,2160066560,2157969408,2135949312,2129657856,2146435072,2145386496,2126512128,2145386496,2136997888,2572924045
2127560704,2155872256,2153775104,2130706432,2128609280,2146435072,2144337920,2125463552,2141978624,2136211456,2572940066
2133852160,2150629376,2149580800,2120220672,2128609280,2146435072,2144337920,2126512128,2138570752,2136473600,2572956067
2142240768,2140143616,2138046464,2118123520,2131755008,2147483648,2145386496,2127560704,2134638592,2138046464,2572972066
2140143616,2140143616,2138046464,2121269248,2130706432,2148532224,2147483648,2128609280,2134900736,2138832896,2572988066
2123366400,2156920832,2154823680,2141192192,2129657856,2148532224,2146435072,2129657856,2144075776,2138570752,2573004090
2141192192,2150629376,2140143616,2131755008,2129657856,2147483648,2144337920,2126512128,2140930048,2136997888,2573020088
2124414976,2139095040,2141192192,2121269248,2127560704,2147483648,2143289344,2126512128,2131492864,2136211456,2573036086
2122317824,2142240768,2143289344,2125463552,2128609280,2146435072,2144337920,2125463552,2133327872,2136211456,2573052086
2122317824,2156920832,2155872256,2135949312,2129657856,2147483648,2145386496,2127560704,2142765056,2137522176,2573068110
2139095040,2146435072,2150629376,2124414976,2131755008,2147483648,2147483648,2128609280,2140143616,2138832896,2573084108
2123366400,2155872256,2153775104,2139095040,2130706432,2148532224,2146435072,2128609280,2143027200,2138570752,2573101000
2123366400,2151677952,2140143616,2136997888,2129657856,2147483648,2144337920,2127560704,2138046464,2137260032,2573117001
2141192192,2139095040,2144337920,2119172096,2129657856,2147483648,2144337920,2126512128,2135949312,2136997888,2573133001
2126512128,2157969408,2147483648,2130706432,2129657856,2146435072,2143289344,2125463552,2140667904,2136211456,2573149023
2127560704,2142240768,2136997888,2124414976,2129657856,2147483648,2145386496,2126512128,2132803584,2137260032,2573165022
2142240768,2138046464,2139095040,2121269248,2131755008,2148532224,2147483648,2128609280,2135162880,2139095040,2573181023
2145386496,2140143616,2141192192,2121269248,2131755008,2148532224,2146435072,2129657856,2136997888,2139095040,2573197023
2130706432,2154823680,2157969408,2131755008,2131755008,2146435072,2145386496,2126512128,2143813632,2137522176,2573213046
2124414976,2143289344,2142240768,2123366400,2128609280,2145386496,2144337920,2125463552,2133327872,2135949312,2573229043
2126512128,2155872256,2155872256,2131755008,2128609280,2146435072,2143289344,2125463552,2142502912,2135949312,2573245045
2129657856,2141192192,2139095040,2122317824,2129657856,2146435072,2143289344,2126512128,2133065728,2136473600,2573261047
2128609280,2141192192,2139095040,2123366400,2130706432,2147483648,2145386496,2128609280,2133065728,2138046464,2573277065
2143289344,2141192192,2140143616,2121269248,2131755008,2147483648,2147483648,2128609280,2136473600,2138832896,2573293067
2134900736,2141192192,2138046464,2124414976,2130706432,2148532224,2145386496,2127560704,2134638592,2138046464,2573309067
2122317824,2141192192,2145386496,2122317824,2129657856,2146435072,2144337920,2126512128,2132803584,2136735744,2573325068
2129657856,2141192192,2135949312,2122317824,2128609280,2145386496,2143289344,2125463552,2132279296,2135687168,2573341088
2132803584,2140143616,2133852160,2118123520,2129657856,2146435072,2143289344,2126512128,2131230720,2136473600,2573357085
2129657856,2141192192,2139095040,2120220672,2129657856,2149580800,2145386496,2128609280,2132541440,2138308608,2573373088
2135949312,2151677952,2150629376,2123366400,2131755008,2148532224,2146435072,2129657856,2140405760,2139095040,2573389089
2135949312,2143289344,2139095040,2124414976,2130706432,2148532224,2146435072,2128609280,2135687168,2138570752,2573405108
2138046464,2146435072,2144337920,2121269248,2129657856,2147483648,2145386496,2126512128,2137522176,2137260032,2573421106
2126512128,2153775104,2154823680,2131755008,2127560704,2146435072,2144337920,2125463552,2141716480,2135949312,2573438001
2123366400,2144337920,2152726528,2125463552,2128609280,2146435072,2144337920,2126512128,2136473600,2136473600,2573454001
2123366400,2141192192,2141192192,2122317824,2129657856,2148532224,2145386496,2127560704,2132017152,2137784320,2573470001
2133852160,2139095040,2141192192,2120220672,2130706432,2148532224,2146435072,2128609280,2133590016,2138570752,2573486001
2142240768,2152726528,2144337920,2128609280,2131755008,2148532224,2145386496,2128609280,2141978624,2138570752,2573502022
2134900736,2143289344,2145386496,2122317824,2129657856,2147483648,2145386496,2128609280,2136473600,2137784320,2573518023
2126512128,2154823680,2153775104,2136997888,2127560704,2147483648,2143289344,2126512128,2143027200,2136211456,2573534023
2138046464,2138046464,2135949312,2117074944,2128609280,2146435072,2143289344,2125463552,2132279296,2135949312,2573550022
2135949312,2139095040,2136997888,2119172096,2129657856,2148532224,2145386496,2127560704,2132803584,2137784320,2573566046
2140143616,2140143616,2138046464,2119172096,2130706432,2149580800,2146435072,2128609280,2134376448,2138832896,2573582046
2126512128,2142240768,2141192192,2125463552,2131755008,2149580800,2146435072,2129657856,2133852160,2139357184,2573598047
2140143616,2142240768,2140143616,2124414976,2130706432,2146435072,2144337920,2127560704,2136735744,2137260032,2573614045
2135949312,2141192192,2139095040,2122317824,2129657856,2146435072,2144337920,2125463552,2134638592,2136473600,2573630066
2120220672,2157969408,2147483648,2143289344,2128609280,2145386496,2143289344,2125463552,2142240768,2135687168,2573646066
2136997888,2143289344,2136997888,2120220672,2129657856,2148532224,2145386496,2127560704,2134376448,2137784320,2573662066
2140143616,2154823680,2146435072,2128609280,2131755008,2148532224,2145386496,2128609280,2142502912,2138570752,2573678066
2142240768,2143289344,2140143616,2122317824,2131755008,2148532224,2146435072,2128609280,2136997888,2138832896,2573694089
2126512128,2153775104,2154823680,2138046464,2130706432,2147483648,2145386496,2127560704,2143289344,2137784320,2573710089
2125463552,2157969408,2159017984,2140143616,2129657856,2146435072,2145386496,2126512128,2145648640,2136997888,2573726090
2129657856,2141192192,2135949312,2123366400,2127560704,2147483648,2144337920,2125463552,2132541440,2136211456,2573742086
2136997888,2141192192,2135949312,2118123520,2129657856,2146435072,2144337920,2125463552,2133065728,2136473600,2573758109
2119172096,2155872256,2149580800,2139095040,2130706432,2147483648,2145386496,2128609280,2140930048,2138046464,2573775001
2139095040,2153775104,2155872256,2125463552,2130706432,2149580800,2146435072,2130706432,2143551488,2139357184,2573791001
2123366400,2159017984,2157969408,2142240768,2130706432,2149580800,2146435072,2129657856,2145648640,2139095040,2573807001
2122317824,2152726528,2151677952,2134900736,2128609280,2147483648,2144337920,2127560704,2140405760,2136997888,2573823001
2121269248,2148532224,2142240768,2131755008,2128609280,2146435072,2143289344,2124414976,2135949312,2135687168,2573839022
2136997888,2140143616,2138046464,2119172096,2129657856,2147483648,2143289344,2126512128,2133590016,2136735744,2573855025
2123366400,2159017984,2153775104,2138046464,2130706432,2147483648,2145386496,2127560704,2143551488,2137784320,2573871024
2140143616,2141192192,2146435072,2121269248,2131755008,2148532224,2146435072,2129657856,2137260032,2139095040,2573887023
2136997888,2140143616,2138046464,2121269248,2130706432,2149580800,2145386496,2129657856,2134114304,2138832896,2573903046
2124414976,2155872256,2155872256,2141192192,2129657856,2148532224,2145386496,2127560704,2144337920,2137784320,2573919044
2136997888,2139095040,2138046464,2117074944,2128609280,2146435072,2143289344,2125463552,2132803584,2135949312,2573935046
2123366400,2151677952,2148532224,2134900736,2128609280,2146435072,2143289344,2125463552,2139619328,2135949312,2573951045
2123366400,2143289344,2140143616,2123366400,2130706432,2147483648,2145386496,2127560704,2132541440,2137784320,2573967066
2122317824,2155872256,2150629376,2139095040,2130706432,2148532224,2146435072,2128609280,2141978624,2138570752,2573983068
2144337920,2146435072,2140143616,2126512128,2130706432,2148532224,2146435072,2129657856,2139357184,2138832896,2573999066
2125463552,2163212288,2155872256,2139095040,2129657856,2148532224,2146435072,2128609280,2145910784,2138308608,2574015068
2139095040,2146435072,2146435072,2122317824,2129657856,2146435072,2144337920,2126512128,2138570752,2136735744,2574031088
2121269248,2154823680,2149580800,2138046464,2128609280,2146435072,2143289344,2125463552,2140930048,2135949312,2574047089
2132803584,2139095040,2135949312,2119172096,2129657856,2146435072,2144337920,2126512128,2131755008,2136735744,2574063088
2132803584,2152726528,2153775104,2132803584,2130706432,2148532224,2146435072,2128609280,2143027200,2138570752,2574079087
2124414976,2151677952,2151677952,2134900736,2131755008,2148532224,2146435072,2129657856,2140667904,2139095040,2574095108
2133852160,2151677952,2150629376,2122317824,2130706432,2147483648,2146435072,2127560704,2139619328,2138046464,2574111109
2128609280,2156920832,2154823680,2133852160,2129657856,2147483648,2144337920,2126512128,2143551488,2136997888,2574128001
2124414976,2155872256,2151677952,2134900736,2128609280,2145386496,2144337920,2124414976,2141716480,2135687168,2574144001
2122317824,2155872256,2152726528,2135949312,2128609280,2147483648,2144337920,2126512128,2141716480,2136735744,2574160001
2127560704,2143289344,2139095040,2123366400,2130706432,2148532224,2145386496,2128609280,2133327872,2138308608,2574176023
2144337920,2141192192,2141192192,2123366400,2130706432,2149580800,2146435072,2129657856,2137522176,2139095040,2574192024
2136997888,2141192192,2141192192,2124414976,2130706432,2147483648,2145386496,2127560704,2135949312,2137784320,2574208022
2134900736,2157969408,2146435072,2132803584,2128609280,2147483648,2144337920,2127560704,2143027200,2136997888,2574224023
2131755008,2151677952,2149580800,2127560704,2128609280,2146435072,2144337920,2125463552,2140143616,2136211456,2574240046
2129657856,2140143616,2136997888,2122317824,2128609280,2147483648,2144337920,2126512128,2132279296,2136735744,2574256045
2133852160,2140143616,2153775104,2121269248,2130706432,2147483648,2146435072,2127560704,2137260032,2138046464,2574272045
2140143616,2140143616,2140143616,2121269248,2131755008,2148532224,2146435072,2128609280,2135425024,2138832896,2574288046
2136997888,2144337920,2140143616,2124414976,2130706432,2149580800,2146435072,2128609280,2136473600,2138832896,2574304068
2142240768,2140143616,2138046464,2120220672,2130706432,2146435072,2144337920,2126512128,2135162880,2136997888,2574320065
2130706432,2151677952,2146435072,2129657856,2129657856,2146435072,2143289344,2124414976,2139619328,2135949312,2574336068
2119172096,2150629376,2147483648,2133852160,2129657856,2145386496,2143289344,2125463552,2137784320,2135949312,2574352067
2121269248,2151677952,2147483648,2134900736,2130706432,2147483648,2145386496,2126512128,2138832896,2137522176,2574368087
2141192192,2142240768,2146435072,2121269248,2130706432,2148532224,2146435072,2129657856,2137784320,2138832896,2574384085
2124414976,2147483648,2144337920,2129657856,2131755008,2149580800,2146435072,2129657856,2136473600,2139357184,2574400088
2123366400,2159017984,2155872256,2138046464,2129657856,2148532224,2145386496,2127560704,2144075776,2137784320,2574416086
2130706432,2153775104,2153775104,2133852160,2128609280,2147483648,2144337920,2126512128,2143027200,2136735744,2574432109
2124414976,2160066560,2155872256,2136997888,2129657856,2145386496,2143289344,2124414976,2144337920,2135687168,2574448108
2120220672,2145386496,2143289344,2128609280,2129657856,2147483648,2144337920,2126512128,2134376448,2136997888,2574465001
2134900736,2138046464,2141192192,2126512128,2131755008,2148532224,2147483648,2128609280,2135162880,2139095040,2574481001
2142240768,2142240768,2139095040,2121269248,2131755008,2149580800,2146435072,2129657856,2136211456,2139357184,2574497001
2141192192,2150629376,2146435072,2131755008,2130706432,2147483648,2146435072,2127560704,2142502912,2138046464,2574513001
2129657856,2150629376,2152726528,2133852160,2128609280,2146435072,2143289344,2126512128,2141716480,2136211456,2574529024
2140143616,2144337920,2136997888,2117074944,2128609280,2147483648,2143289344,2125463552,2134638592,2136211456,2574545023
2125463552,2151677952,2157969408,2132803584,2129657856,2147483648,2145386496,2127560704,2141978624,2137522176,2574561024
2130706432,2146435072,2152726528,2125463552,2130706432,2149580800,2146435072,2128609280,2138832896,2138832896,2574577024
2125463552,2142240768,2142240768,2126512128,2130706432,2149580800,2146435072,2130706432,2134114304,2139357184,2574593045
2125463552,2141192192,2141192192,2126512128,2130706432,2147483648,2145386496,2127560704,2133590016,2137784320,2574609045
2129657856,2155872256,2156920832,2133852160,2128609280,2147483648,2145386496,2127560704,2144075776,2137260032,2574625046
2139095040,2138046464,2146435072,2117074944,2128609280,2146435072,2143289344,2125463552,2135162880,2135949312,2574641044
2122317824,2156920832,2151677952,2139095040,2129657856,2146435072,2143289344,2126512128,2142502912,2136473600,2574657068
2122317824,2153775104,2149580800,2138046464,2130706432,2148532224,2145386496,2128609280,2140930048,2138308608,2574673067
2133852160,2153775104,2150629376,2123366400,2130706432,2148532224,2146435072,2129657856,2140405760,2138832896,2574689066
2124414976,2147483648,2147483648,2127560704,2130706432,2148532224,2146435072,2128609280,2136735744,2138570752,2574705067
2123366400,2144337920,2136997888,2128609280,2128609280,2147483648,2145386496,2126512128,2133327872,2136997888,2574721087
2123366400,2138046464,2143289344,2121269248,2129657856,2146435072,2144337920,2125463552,2131492864,2136473600,2574737086
2129657856,2141192192,2136997888,2118123520,2129657856,2146435072,2142240768,2125463552,2131492864,2135949312,2574753088
2133852160,2138046464,2135949312,2119172096,2130706432,2147483648,2145386496,2127560704,2131755008,2137784320,2574769087
2125463552,2143289344,2147483648,2126512128,2130706432,2148532224,2146435072,2129657856,2135687168,2138832896,2574785108
2129657856,2140143616,2140143616,2124414976,2130706432,2148532224,2146435072,2128609280,2133590016,2138570752,2574802001
2123366400,2161115136,2155872256,2139095040,2129657856,2147483648,2145386496,2127560704,2144862208,2137522176,2574818001
2133852160,2135949312,2138046464,2117074944,2129657856,2145386496,2143289344,2124414976,2131230720,2135687168,2574834001
2144337920,2140143616,2138046464,2117074944,2128609280,2146435072,2144337920,2125463552,2134900736,2136211456,2574850001
2141192192,2138046464,2138046464,2120220672,2128609280,2147483648,2145386496,2126512128,2134376448,2136997888,2574866023
2122317824,2150629376,2147483648,2135949312,2130706432,2149580800,2147483648,2129657856,2139095040,2139357184,2574882024
2142240768,2142240768,2140143616,2121269248,2131755008,2148532224,2146435072,2128609280,2136473600,2138832896,2574898023
2123366400,2152726528,2150629376,2139095040,2129657856,2148532224,2145386496,2127560704,2141454336,2137784320,2574914024
2122317824,2148532224,2151677952,2131755008,2128609280,2146435072,2143289344,2125463552,2138570752,2135949312,2574930045
2136997888,2145386496,2136997888,2119172096,2128609280,2147483648,2144337920,2126512128,2134638592,2136735744,2574946046
2127560704,2138046464,2135949312,2121269248,2129657856,2147483648,2144337920,2126512128,2130706432,2136997888,2574962046
2121269248,2164260864,2149580800,2140143616,2130706432,2148532224,2147483648,2128609280,2143813632,2138832896,2574978045
2124414976,2156920832,2155872256,2143289344,2130706432,2148532224,2147483648,2129657856,2145124352,2139095040,2574994066
2141192192,2142240768,2140143616,2121269248,2131755008,2147483648,2145386496,2127560704,2136211456,2138046464,2575010066
2124414976,2148532224,2143289344,2132803584,2129657856,2147483648,2143289344,2126512128,2137260032,2136735744,2575026064
2138046464,2139095040,2143289344,2119172096,2128609280,2146435072,2143289344,2125463552,2134900736,2135949312,2575042067
2125463552,2160066560,2154823680,2132803584,2129657856,2146435072,2143289344,2125463552,2143289344,2136211456,2575058088
2122317824,2143289344,2149580800,2125463552,2130706432,2148532224,2146435072,2128609280,2135162880,2138570752,2575074087
2142240768,2140143616,2140143616,2121269248,2131755008,2148532224,2146435072,2128609280,2135949312,2138832896,2575090085
2131755008,2143289344,2139095040,2122317824,2131755008,2147483648,2146435072,2128609280,2134114304,2138570752,2575106086
2133852160,2141192192,2141192192,2122317824,2128609280,2147483648,2144337920,2126512128,2134638592,2136735744,2575122108
2138046464,2152726528,2136997888,2125463552,2128609280,2145386496,2143289344,2125463552,2138308608,2135687168,2575138110
2135949312,2138046464,2136997888,2117074944,2129657856,2146435072,2143289344,2125463552,2132017152,2136211456,2575155001
2121269248,2159017984,2156920832,2141192192,2130706432,2147483648,2145386496,2126512128,2144600064,2137522176,2575171001
2132803584,2152726528,2152726528,2129657856,2130706432,2148532224,2145386496,2129657856,2141978624,2138570752,2575187001
2136997888,2142240768,2140143616,2122317824,2130706432,2148532224,2146435072,2129657856,2135425024,2138832896,2575203024
2122317824,2157969408,2148532224,2141192192,2129657856,2147483648,2145386496,2127560704,2142502912,2137522176,2575219024
2124414976,2154823680,2154823680,2133852160,2127560704,2147483648,2144337920,2125463552,2141978624,2136211456,2575235022
2122317824,2147483648,2134900736,2130706432,2129657856,2146435072,2144337920,2125463552,2133852160,2136473600,2575251023
2136997888,2146435072,2152726528,2121269248,2130706432,2147483648,2145386496,2127560704,2139357184,2137784320,2575267046
2138046464,2138046464,2140143616,2124414976,2130706432,2148532224,2146435072,2128609280,2135162880,2138570752,2575283044
2121269248,2155872256,2149580800,2143289344,2131755008,2148532224,2145386496,2129657856,2142502912,2138832896,2575299046
2122317824,2157969408,2152726528,2141192192,2129657856,2147483648,2146435072,2127560704,2143551488,2137784320,2575315046
2136997888,2146435072,2146435072,2121269248,2128609280,2146435072,2143289344,2126512128,2137784320,2136211456,2575331068
2142240768,2138046464,2138046464,2118123520,2129657856,2145386496,2144337920,2125463552,2134114304,2136211456,2575347065
2122317824,2156920832,2147483648,2138046464,2130706432,2147483648,2144337920,2127560704,2141192192,2137522176,2575363068
2135949312,2144337920,2144337920,2124414976,2131755008,2148532224,2147483648,2127560704,2137260032,2138832896,2575379068
2132803584,2143289344,2138046464,2123366400,2130706432,2149580800,2147483648,2129657856,2134376448,2139357184,2575395088
2132803584,2154823680,2150629376,2125463552,2130706432,2148532224,2145386496,2128609280,2140930048,2138308608,2575411088
2120220672,2163212288,2153775104,2142240768,2128609280,2146435072,2144337920,2126512128,2144862208,2136473600,2575427088
2122317824,2151677952,2140143616,2139095040,2128609280,2146435072,2143289344,2125463552,2138308608,2135949312,2575443089
2124414976,2149580800,2157969408,2131755008,2130706432,2145386496,2143289344,2125463552,2140930048,2136211456,2575459108
2138046464,2140143616,2139095040,2119172096,2130706432,2148532224,2146435072,2128609280,2134114304,2138570752,2575475106
2139095040,2139095040,2141192192,2119172096,2131755008,2147483648,2146435072,2128609280,2134638592,2138570752,2575492001
2133852160,2142240768,2140143616,2126512128,2130706432,2148532224,2145386496,2128609280,2135687168,2138308608,2575508001
2124414976,2143289344,2136997888,2128609280,2129657856,2147483648,2144337920,2127560704,2133327872,2137260032,2575524001
2134900736,2143289344,2135949312,2122317824,2128609280,2145386496,2143289344,2125463552,2134114304,2135687168,2575540001
2135949312,2142240768,2133852160,2122317824,2128609280,2146435072,2144337920,2125463552,2133590016,2136211456,2575556023
2133852160,2142240768,2136997888,2120220672,2130706432,2147483648,2145386496,2127560704,2133327872,2137784320,2575572022
2129657856,2142240768,2147483648,2124414976,2131755008,2148532224,2147483648,2128609280,2135949312,2139095040,2575588023
2136997888,2141192192,2140143616,2123366400,2130706432,2147483648,2145386496,2128609280,2135425024,2138046464,2575604024
2143289344,2140143616,2138046464,2121269248,2129657856,2146435072,2144337920,2126512128,2135687168,2136735744,2575620045
2124414976,2143289344,2140143616,2123366400,2127560704,2146435072,2143289344,2125463552,2132803584,2135687168,2575636045
2121269248,2160066560,2147483648,2141192192,2128609280,2146435072,2143289344,2125463552,2142502912,2135949312,2575652045
2119172096,2147483648,2148532224,2131755008,2129657856,2147483648,2145386496,2127560704,2136735744,2137522176,2575668045
2142240768,2142240768,2138046464,2122317824,2130706432,2149580800,2146435072,2129657856,2136211456,2139095040,2575684066
2124414976,2160066560,2156920832,2138046464,2130706432,2147483648,2146435072,2127560704,2144862208,2138046464,2575700068
2136997888,2139095040,2139095040,2119172096,2129657856,2148532224,2145386496,2126512128,2133590016,2137522176,2575716065
2122317824,2147483648,2148532224,2132803584,2129657856,2146435072,2143289344,2125463552,2137784320,2136211456,2575732066
2140143616,2139095040,2135949312,2117074944,2128609280,2146435072,2143289344,2125463552,2133065728,2135949312,2575748087
2121269248,2159017984,2147483648,2145386496,2129657856,2147483648,2144337920,2126512128,2143289344,2136997888,2575764088
2122317824,2148532224,2147483648,2133852160,2129657856,2148532224,2147483648,2129657856,2138046464,2138832896,2575780088
2124414976,2147483648,2138046464,2130706432,2131755008,2148532224,2146435072,2128609280,2135162880,2138832896,2575796085
2132803584,2143289344,2138046464,2124414976,2130706432,2147483648,2145386496,2127560704,2134638592,2137784320,2575812107
2131755008,2139095040,2135949312,2119172096,2129657856,2146435072,2144337920,2125463552,2131492864,2136473600,2575829001
2121269248,2152726528,2141192192,2135949312,2128609280,2146435072,2144337920,2125463552,2137784320,2136211456,2575845001
2128609280,2155872256,2147483648,2130706432,2129657856,2147483648,2144337920,2126512128,2140667904,2136997888,2575861001
2123366400,2151677952,2153775104,2136997888,2130706432,2148532224,2145386496,2128609280,2141454336,2138308608,2575877001
2140143616,2154823680,2140143616,2125463552,2131755008,2149580800,2147483648,2129657856,2140143616,2139619328,2575893022
2125463552,2155872256,2159017984,2135949312,2129657856,2148532224,2146435072,2128609280,2144075776,2138308608,2575909023
2123366400,2147483648,2140143616,2130706432,2128609280,2146435072,2145386496,2126512128,2135425024,2136735744,2575925024
2122317824,2149580800,2154823680,2134900736,2128609280,2146435072,2143289344,2125463552,2140405760,2135949312,2575941024
2126512128,2155872256,2155872256,2134900736,2128609280,2147483648,2144337920,2126512128,2143289344,2136735744,2575957046
2122317824,2147483648,2147483648,2132803584,2130706432,2148532224,2146435072,2128609280,2137522176,2138570752,2575973047
2136997888,2140143616,2138046464,2123366400,2130706432,2149580800,2147483648,2130706432,2134638592,2139619328,2575989044
2123366400,2151677952,2147483648,2134900736,2130706432,2148532224,2146435072,2128609280,2139357184,2138570752,2576005047
2138046464,2146435072,2138046464,2121269248,2128609280,2147483648,2144337920,2127560704,2135949312,2136997888,2576021068
2128609280,2154823680,2152726528,2133852160,2128609280,2146435072,2143289344,2125463552,2142502912,2135949312,2576037067
2133852160,2146435072,2146435072,2119172096,2128609280,2147483648,2145386496,2126512128,2136473600,2136997888,2576053064
2121269248,2157969408,2153775104,2141192192,2130706432,2147483648,2145386496,2126512128,2143551488,2137522176,2576069068
2124414976,2147483648,2147483648,2129657856,2130706432,2148532224,2146435072,2128609280,2137260032,2138570752,2576085090
2124414976,2151677952,2151677952,2139095040,2131755008,2149580800,2146435072,2129657856,2141716480,2139357184,2576101087
2136997888,2142240768,2141192192,2123366400,2130706432,2147483648,2145386496,2126512128,2135949312,2137522176,2576117086
2126512128,2155872256,2159017984,2133852160,2128609280,2147483648,2144337920,2125463552,2143813632,2136473600,2576133090
2125463552,2141192192,2135949312,2123366400,2128609280,2145386496,2143289344,2124414976,2131492864,2135425024,2576149109
2123366400,2159017984,2149580800,2138046464,2128609280,2147483648,2145386496,2127560704,2142502912,2137260032,2576165108
2124414976,2151677952,2157969408,2134900736,2130706432,2148532224,2146435072,2128609280,2142240768,2138570752,2576182001
2139095040,2140143616,2141192192,2121269248,2130706432,2149580800,2147483648,2128609280,2135425024,2139095040,2576198001
2128609280,2156920832,2157969408,2135949312,2129657856,2148532224,2145386496,2128609280,2144862208,2138046464,2576214001
2143289344,2139095040,2136997888,2116026368,2129657856,2145386496,2143289344,2125463552,2133852160,2135949312,2576230023
2131755008,2141192192,2134900736,2122317824,2129657856,2146435072,2144337920,2125463552,2132541440,2136473600,2576246022
2138046464,2139095040,2139095040,2117074944,2129657856,2147483648,2144337920,2127560704,2133327872,2137260032,2576262024
2131755008,2153775104,2159017984,2132803584,2130706432,2149580800,2146435072,2129657856,2144337920,2139095040,2576278024
2138046464,2143289344,2138046464,2123366400,2131755008,2148532224,2147483648,2129657856,2135687168,2139357184,2576294045
2131755008,2162163712,2152726528,2136997888,2130706432,2148532224,2145386496,2128609280,2145910784,2138308608,2576310044
2142240768,2139095040,2138046464,2117074944,2128609280,2146435072,2144337920,2125463552,2134114304,2136211456,2576326045
2131755008,2151677952,2146435072,2129657856,2128609280,2146435072,2144337920,2125463552,2139881472,2136211456,2576342045
2133852160,2138046464,2134900736,2118123520,2129657856,2146435072,2144337920,2125463552,2131230720,2136473600,2576358066
2134900736,2140143616,2139095040,2121269248,2129657856,2148532224,2145386496,2128609280,2133852160,2138046464,2576374066
2123366400,2154823680,2155872256,2138046464,2130706432,2148532224,2147483648,2129657856,2143027200,2139095040,2576390066
2125463552,2163212288,2159017984,2143289344,2130706432,2148532224,2145386496,2128609280,2147745792,2138308608,2576406066
2132803584,2149580800,2151677952,2127560704,2129657856,2146435072,2144337920,2126512128,2140405760,2136735744,2576422088
2121269248,2149580800,2143289344,2130706432,2128609280,2146435072,2143289344,2125463552,2136211456,2135949312,2576438086
2138046464,2145386496,2135949312,2118123520,2129657856,2146435072,2144337920,2125463552,2134376448,2136473600,2576454087
2129657856,2141192192,2139095040,2118123520,2130706432,2147483648,2145386496,2127560704,2132017152,2137784320,2576470087
2127560704,2143289344,2140143616,2124414976,2130706432,2149580800,2147483648,2129657856,2133852160,2139357184,2576486111
2128609280,2144337920,2143289344,2126512128,2130706432,2148532224,2146435072,2128609280,2135687168,2138570752,2576502108
2126512128,2147483648,2142240768,2130706432,2128609280,2148532224,2145386496,2127560704,2136735744,2137522176,2576519001
2124414976,2140143616,2135949312,2121269248,2128609280,2146435072,2143289344,2125463552,2130444288,2135949312,2576535001
2142240768,2141192192,2136997888,2118123520,2128609280,2146435072,2144337920,2125463552,2134638592,2136211456,2576551001
2130706432,2153775104,2151677952,2129657856,2130706432,2148532224,2145386496,2127560704,2141454336,2138046464,2576567001
2130706432,2153775104,2155872256,2131755008,2132803584,2148532224,2146435072,2128609280,2143027200,2139095040,2576583023
2123366400,2164260864,2155872256,2143289344,2130706432,2149580800,2146435072,2129657856,2146697216,2139095040,2576599023
2124414976,2149580800,2136997888,2132803584,2129657856,2147483648,2145386496,2126512128,2135949312,2137260032,2576615024
2132803584,2143289344,2135949312,2123366400,2129657856,2146435072,2144337920,2125463552,2133852160,2136473600,2576631023
2130706432,2146435072,2146435072,2119172096,2128609280,2146435072,2144337920,2125463552,2135687168,2136211456,2576647045
2119172096,2156920832,2143289344,2138046464,2129657856,2147483648,2144337920,2126512128,2139357184,2136997888,2576663045
2122317824,2163212288,2152726528,2141192192,2130706432,2148532224,2146435072,2128609280,2144862208,2138570752,2576679046
2132803584,2144337920,2138046464,2123366400,2130706432,2148532224,2146435072,2128609280,2134638592,2138570752,2576695045
2127560704,2142240768,2145386496,2124414976,2130706432,2147483648,2145386496,2127560704,2134900736,2137784320,2576711068
2138046464,2142240768,2136997888,2120220672,2128609280,2147483648,2144337920,2126512128,2134376448,2136735744,2576727068
2136997888,2138046464,2136997888,2117074944,2129657856,2146435072,2143289344,2125463552,2132279296,2136211456,2576743066
2142240768,2146435072,2139095040,2121269248,2129657856,2146435072,2144337920,2125463552,2137260032,2136473600,2576759067
2136997888,2143289344,2149580800,2119172096,2130706432,2148532224,2146435072,2128609280,2137260032,2138570752,2576775087
2128609280,2160066560,2159017984,2134900736,2131755008,2148532224,2145386496,2128609280,2145648640,2138570752,2576791086
2136997888,2154823680,2146435072,2128609280,2130706432,2148532224,2146435072,2128609280,2141716480,2138570752,2576807088
2143289344,2142240768,2138046464,2120220672,2128609280,2148532224,2144337920,2127560704,2135949312,2137260032,2576823088
2127560704,2157969408,2154823680,2138046464,2128609280,2146435072,2144337920,2126512128,2144600064,2136473600,2576839109
2139095040,2150629376,2146435072,2125463552,2129657856,2146435072,2144337920,2126512128,2140405760,2136735744,2576856001
2140143616,2140143616,2140143616,2120220672,2129657856,2148532224,2145386496,2128609280,2135162880,2138046464,2576872001
2145386496,2146435072,2142240768,2124414976,2130706432,2149580800,2146435072,2129657856,2139619328,2139095040,2576888001
2142240768,2143289344,2141192192,2122317824,2130706432,2148532224,2146435072,2128609280,2137260032,2138570752,2576904001
2142240768,2140143616,2140143616,2122317824,2128609280,2148532224,2145386496,2127560704,2136211456,2137522176,2576920025
2133852160,2138046464,2140143616,2117074944,2128609280,2146435072,2143289344,2125463552,2132279296,2135949312,2576936024
2121269248,2151677952,2143289344,2135949312,2129657856,2146435072,2144337920,2125463552,2138046464,2136473600,2576952022
2123366400,2148532224,2151677952,2134900736,2130706432,2147483648,2145386496,2127560704,2139619328,2137784320,2576968023
2132803584,2155872256,2154823680,2129657856,2131755008,2148532224,2146435072,2129657856,2143289344,2139095040,2576984045
2135949312,2141192192,2140143616,2123366400,2130706432,2149580800,2147483648,2129657856,2135162880,2139357184,2577000047
2123366400,2147483648,2147483648,2128609280,2129657856,2147483648,2145386496,2127560704,2136735744,2137522176,2577016046
2139095040,2140143616,2139095040,2119172096,2129657856,2146435072,2143289344,2124414976,2134376448,2135949312,2577032046
2128609280,2141192192,2136997888,2122317824,2128609280,2146435072,2143289344,2124414976,2132279296,2135687168,2577048067
2122317824,2140143616,2141192192,2123366400,2130706432,2146435072,2144337920,2126512128,2131755008,2136997888,2577064067
2123366400,2147483648,2148532224,2132803584,2129657856,2149580800,2146435072,2130706432,2138046464,2139095040,2577080066
2125463552,2160066560,2154823680,2140143616,2130706432,2149580800,2146435072,2128609280,2145124352,2138832896,2577096066
2139095040,2146435072,2149580800,2122317824,2129657856,2148532224,2146435072,2127560704,2139357184,2138046464,2577112088
2131755008,2157969408,2159017984,2129657856,2128609280,2147483648,2144337920,2126512128,2144600064,2136735744,2577128088
2121269248,2147483648,2147483648,2130706432,2127560704,2146435072,2144337920,2125463552,2136735744,2135949312,2577144088
2125463552,2157969408,2153775104,2139095040,2129657856,2147483648,2144337920,2126512128,2144075776,2136997888,2577160087
2138046464,2142240768,2140143616,2122317824,2130706432,2148532224,2146435072,2128609280,2135687168,2138570752,2577176109
2145386496,2143289344,2141192192,2120220672,2129657856,2149580800,2147483648,2130706432,2137522176,2139357184,2577192110
2122317824,2153775104,2153775104,2138046464,2129657856,2148532224,2146435072,2128609280,2141978624,2138308608,2577209001
2127560704,2160066560,2154823680,2132803584,2128609280,2147483648,2144337920,2126512128,2143813632,2136735744,2577225001
2135949312,2139095040,2138046464,2117074944,2128609280,2146435072,2143289344,2125463552,2132541440,2135949312,2577241001
2122317824,2145386496,2136997888,2128609280,2128609280,2146435072,2144337920,2125463552,2133327872,2136211456,2577257024
2135949312,2138046464,2139095040,2121269248,2129657856,2148532224,2146435072,2128609280,2133590016,2138308608,2577273024
2146435072,2141192192,2142240768,2119172096,2131755008,2148532224,2146435072,2128609280,2137260032,2138832896,2577289024
2138046464,2149580800,2146435072,2121269248,2130706432,2148532224,2145386496,2128609280,2138832896,2138308608,2577305022
2124414976,2145386496,2144337920,2126512128,2129657856,2146435072,2145386496,2126512128,2135162880,2136997888,2577321046
2120220672,2145386496,2140143616,2126512128,2128609280,2146435072,2143289344,2125463552,2133065728,2135949312,2577337044
2133852160,2135949312,2138046464,2120220672,2128609280,2146435072,2143289344,2125463552,2132017152,2135949312,2577353045
2142240768,2141192192,2146435072,2118123520,2129657856,2147483648,2145386496,2127560704,2136997888,2137522176,2577369045
2133852160,2151677952,2151677952,2123366400,2130706432,2149580800,2146435072,2129657856,2140143616,2139095040,2577385070
2126512128,2160066560,2157969408,2140143616,2130706432,2148532224,2146435072,2128609280,2146172928,2138570752,2577401066
2141192192,2146435072,2151677952,2123366400,2130706432,2147483648,2145386496,2126512128,2140667904,2137522176,2577417068
2127560704,2153775104,2151677952,2129657856,2129657856,2145386496,2143289344,2124414976,2140667904,2135687168,2577433066
2122317824,2160066560,2160066560,2133852160,2128609280,2146435072,2143289344,2125463552,2144075776,2135949312,2577449089
2131755008,2141192192,2139095040,2122317824,2129657856,2148532224,2145386496,2127560704,2133590016,2137784320,2577465087
2126512128,2159017984,2157969408,2138046464,2130706432,2148532224,2147483648,2128609280,2145386496,2138832896,2577481090
2123366400,2150629376,2151677952,2138046464,2130706432,2148532224,2146435072,2128609280,2140930048,2138570752,2577497087
2122317824,2151677952,2143289344,2139095040,2129657856,2148532224,2145386496,2128609280,2139095040,2138046464,2577513109
2122317824,2156920832,2154823680,2138046464,2129657856,2146435072,2143289344,2126512128,2143027200,2136473600,2577529108
2124414976,2140143616,2134900736,2119172096,2128609280,2147483648,2144337920,2126512128,2129657856,2136735744,2577546001
2138046464,2141192192,2140143616,2119172096,2130706432,2146435072,2144337920,2125463552,2134638592,2136735744,2577562001
2123366400,2151677952,2147483648,2134900736,2129657856,2148532224,2146435072,2128609280,2139357184,2138308608,2577578001
2123366400,2147483648,2139095040,2130706432,2131755008,2148532224,2146435072,2128609280,2135162880,2138832896,2577594000
2142240768,2144337920,2144337920,2121269248,2130706432,2148532224,2145386496,2127560704,2138046464,2138046464,2577610023
2135949312,2151677952,2150629376,2131755008,2128609280,2147483648,2144337920,2126512128,2142502912,2136735744,2577626024
2141192192,2139095040,2136997888,2116026368,2128609280,2146435072,2143289344,2125463552,2133327872,2135949312,2577642024
2133852160,2138046464,2135949312,2118123520,2128609280,2147483648,2145386496,2125463552,2131492864,2136735744,2577658024
2129657856,2160066560,2152726528,2134900736,2129657856,2148532224,2146435072,2128609280,2144337920,2138308608,2577674045
2126512128,2159017984,2159017984,2138046464,2131755008,2149580800,2146435072,2129657856,2145648640,2139357184,2577690046
2134900736,2140143616,2140143616,2121269248,2130706432,2148532224,2146435072,2128609280,2134114304,2138570752,2577706046
2128609280,2152726528,2152726528,2135949312,2129657856,2148532224,2144337920,2126512128,2142502912,2137260032,2577722046
2132803584,2146435072,2144337920,2126512128,2128609280,2146435072,2143289344,2125463552,2137522176,2135949312,2577738067
2140143616,2152726528,2138046464,2123366400,2128609280,2146435072,2144337920,2125463552,2138570752,2136211456,2577754068
2130706432,2154823680,2153775104,2128609280,2130706432,2147483648,2145386496,2127560704,2141978624,2137784320,2577770066
2138046464,2139095040,2143289344,2119172096,2130706432,2148532224,2146435072,2129657856,2134900736,2138832896,2577786067
2124414976,2147483648,2143289344,2131755008,2130706432,2149580800,2146435072,2129657856,2136735744,2139095040,2577802088
2139095040,2142240768,2144337920,2122317824,2129657856,2147483648,2145386496,2127560704,2136997888,2137522176,2577818091
2129657856,2153775104,2150629376,2132803584,2129657856,2145386496,2143289344,2124414976,2141716480,2135687168,2577834089
2133852160,2152726528,2146435072,2125463552,2129657856,2146435072,2144337920,2125463552,2139619328,2136473600,2577850087
2138046464,2141192192,2145386496,2119172096,2130706432,2146435072,2144337920,2126512128,2135949312,2136997888,2577866109
2128609280,2160066560,2159017984,2133852160,2130706432,2149580800,2146435072,2129657856,2145386496,2139095040,2577883001
2122317824,2159017984,2153775104,2140143616,2131755008,2149580800,2147483648,2129657856,2143813632,2139619328,2577899001
2134900736,2140143616,2139095040,2119172096,2129657856,2147483648,2145386496,2127560704,2133327872,2137522176,2577915001
2136997888,2146435072,2150629376,2122317824,2129657856,2146435072,2144337920,2125463552,2139095040,2136473600,2577931001
2139095040,2141192192,2135949312,2117074944,2129657856,2146435072,2142240768,2125463552,2133327872,2135949312,2577947024
2130706432,2155872256,2150629376,2129657856,2129657856,2148532224,2145386496,2127560704,2141716480,2137784320,2577963022
2124414976,2142240768,2144337920,2128609280,2130706432,2147483648,2146435072,2127560704,2134900736,2138046464,2577979023
2140143616,2141192192,2139095040,2121269248,2130706432,2149580800,2146435072,2129657856,2135425024,2139095040,2577995024
2128609280,2150629376,2152726528,2129657856,2131755008,2147483648,2146435072,2128609280,2140405760,2138570752,2578011048
2122317824,2157969408,2147483648,2143289344,2128609280,2147483648,2144337920,2125463552,2142765056,2136473600,2578027045
2121269248,2159017984,2153775104,2141192192,2128609280,2146435072,2144337920,2125463552,2143813632,2136211456,2578043046
2139095040,2149580800,2144337920,2129657856,2128609280,2147483648,2144337920,2126512128,2140667904,2136735744,2578059045
2132803584,2143289344,2140143616,2122317824,2130706432,2148532224,2146435072,2128609280,2134638592,2138570752,2578075067
2139095040,2139095040,2138046464,2121269248,2130706432,2149580800,2146435072,2129657856,2134376448,2139095040,2578091068
2145386496,2146435072,2140143616,2122317824,2131755008,2148532224,2146435072,2127560704,2138570752,2138570752,2578107066
2125463552,2142240768,2139095040,2124414976,2129657856,2146435072,2144337920,2126512128,2132803584,2136735744,2578123067
2119172096,2148532224,2141192192,2134900736,2128609280,2146435072,2143289344,2125463552,2135949312,2135949312,2578139089
2122317824,2156920832,2154823680,2135949312,2130706432,2145386496,2144337920,2124414976,2142502912,2136211456,2578155088
2125463552,2141192192,2139095040,2122317824,2130706432,2146435072,2144337920,2126512128,2132017152,2136997888,2578171086
2133852160,2141192192,2140143616,2124414976,2131755008,2148532224,2146435072,2128609280,2134900736,2138832896,2578187087
2124414976,2160066560,2156920832,2143289344,2131755008,2148532224,2146435072,2128609280,2146172928,2138832896,2578203109
2128609280,2152726528,2159017984,2135949312,2129657856,2146435072,2145386496,2126512128,2144075776,2136997888,2578219111
2121269248,2153775104,2147483648,2136997888,2128609280,2146435072,2143289344,2125463552,2139881472,2135949312,2578236001
2128609280,2143289344,2135949312,2122317824,2128609280,2146435072,2143289344,2125463552,2132541440,2135949312,2578252001
2141192192,2140143616,2138046464,2120220672,2130706432,2148532224,2145386496,2128609280,2134900736,2138308608,2578268001
2128609280,2142240768,2138046464,2121269248,2130706432,2148532224,2146435072,2128609280,2132541440,2138570752,2578284023
2125463552,2159017984,2157969408,2142240768,2130706432,2149580800,2147483648,2129657856,2146172928,2139357184,2578300022
2122317824,2142240768,2147483648,2124414976,2129657856,2147483648,2145386496,2126512128,2134114304,2137260032,2578316024
2123366400,2149580800,2154823680,2131755008,2128609280,2146435072,2144337920,2126512128,2139881472,2136473600,2578332023
2122317824,2143289344,2143289344,2124414976,2128609280,2146435072,2144337920,2125463552,2133327872,2136211456,2578348045
2120220672,2161115136,2153775104,2138046464,2129657856,2147483648,2144337920,2127560704,2143289344,2137260032,2578364045
2134900736,2143289344,2139095040,2122317824,2130706432,2149580800,2146435072,2129657856,2134900736,2139095040,2578380045
2134900736,2154823680,2152726528,2127560704,2131755008,2148532224,2146435072,2127560704,2142502912,2138570752,2578396045
2139095040,2146435072,2140143616,2124414976,2129657856,2147483648,2145386496,2127560704,2137522176,2137522176,2578412065
2122317824,2159017984,2153775104,2139095040,2129657856,2147483648,2144337920,2126512128,2143551488,2136997888,2578428065
2122317824,2147483648,2141192192,2128609280,2128609280,2146435072,2144337920,2125463552,2134900736,2136211456,2578444067
2126512128,2160066560,2155872256,2133852160,2127560704,2147483648,2145386496,2126512128,2144075776,2136735744,2578460067
2126512128,2157969408,2155872256,2133852160,2130706432,2149580800,2146435072,2129657856,2143551488,2139095040,2578476089
2127560704,2162163712,2156920832,2141192192,2130706432,2148532224,2147483648,2129657856,2146959360,2139095040,2578492087
2139095040,2155872256,2146435072,2127560704,2130706432,2148532224,2146435072,2127560704,2142240768,2138308608,2578508087
2136997888,2144337920,2145386496,2119172096,2128609280,2147483648,2144337920,2126512128,2136473600,2136735744,2578524090
2122317824,2155872256,2149580800,2139095040,2128609280,2146435072,2143289344,2125463552,2141716480,2135949312,2578540109
2121269248,2149580800,2143289344,2132803584,2128609280,2146435072,2144337920,2125463552,2136735744,2136211456,2578556108
2125463552,2140143616,2142240768,2121269248,2130706432,2147483648,2145386496,2126512128,2132279296,2137522176,2578573001
2134900736,2142240768,2141192192,2128609280,2130706432,2148532224,2146435072,2128609280,2136735744,2138570752,2578589001
2124414976,2155872256,2155872256,2141192192,2130706432,2147483648,2146435072,2127560704,2144337920,2138046464,2578605001
2142240768,2151677952,2138046464,2125463552,2129657856,2147483648,2144337920,2126512128,2139357184,2136997888,2578621000
2134900736,2156920832,2146435072,2130706432,2128609280,2146435072,2143289344,2125463552,2142240768,2135949312,2578637023
2129657856,2151677952,2151677952,2129657856,2128609280,2147483648,2144337920,2126512128,2140667904,2136735744,2578653023
2136997888,2154823680,2140143616,2126512128,2130706432,2148532224,2145386496,2127560704,2139619328,2138046464,2578669023
2132803584,2155872256,2150629376,2131755008,2131755008,2147483648,2146435072,2128609280,2142765056,2138570752,2578685022
2131755008,2162163712,2154823680,2134900736,2131755008,2148532224,2146435072,2128609280,2145910784,2138832896,2578701046
2123366400,2147483648,2153775104,2130706432,2129657856,2148532224,2145386496,2127560704,2138832896,2137784320,2578717046
2121269248,2155872256,2149580800,2139095040,2128609280,2146435072,2143289344,2125463552,2141454336,2135949312,2578733045
2133852160,2139095040,2139095040,2117074944,2128609280,2146435072,2143289344,2125463552,2132279296,2135949312,2578749044
2124414976,2142240768,2138046464,2125463552,2130706432,2147483648,2145386496,2127560704,2132541440,2137784320,2578765068
2125463552,2161115136,2157969408,2139095040,2130706432,2148532224,2148532224,2129657856,2145910784,2139357184,2578781068
2135949312,2142240768,2140143616,2128609280,2130706432,2149580800,2146435072,2129657856,2136735744,2139095040,2578797067
2125463552,2155872256,2159017984,2139095040,2130706432,2147483648,2145386496,2128609280,2144862208,2138046464,2578813065
2124414976,2160066560,2159017984,2134900736,2128609280,2147483648,2144337920,2126512128,2144600064,2136735744,2578829088
2128609280,2156920832,2148532224,2132803584,2128609280,2146435072,2144337920,2125463552,2141716480,2136211456,2578845087
2123366400,2147483648,2149580800,2127560704,2128609280,2147483648,2145386496,2126512128,2136997888,2136997888,2578861087
2133852160,2139095040,2138046464,2119172096,2130706432,2148532224,2145386496,2128609280,2132541440,2138308608,2578877085
2134900736,2153775104,2153775104,2128609280,2131755008,2148532224,2146435072,2128609280,2142765056,2138832896,2578893111
2143289344,2143289344,2142240768,2119172096,2129657856,2148532224,2146435072,2128609280,2136997888,2138308608,2578910001
2120220672,2162163712,2147483648,2138046464,2128609280,2147483648,2144337920,2126512128,2141978624,2136735744,2578926001
2136997888,2151677952,2146435072,2123366400,2127560704,2146435072,2144337920,2125463552,2139619328,2135949312,2578942001
2121269248,2144337920,2138046464,2124414976,2129657856,2146435072,2144337920,2125463552,2132017152,2136473600,2578958001
2133852160,2151677952,2153775104,2133852160,2130706432,2147483648,2145386496,2128609280,2143289344,2138046464,2578974023
2124414976,2147483648,2143289344,2131755008,2130706432,2149580800,2146435072,2129657856,2136735744,2139095040,2578990024
2124414976,2142240768,2147483648,2125463552,2131755008,2148532224,2146435072,2128609280,2134900736,2138832896,2579006022
2130706432,2154823680,2154823680,2135949312,2129657856,2147483648,2144337920,2126512128,2144075776,2136997888,2579022024
2132803584,2150629376,2146435072,2121269248,2128609280,2146435072,2143289344,2125463552,2137784320,2135949312,2579038045
2131755008,2139095040,2139095040,2116026368,2129657856,2146435072,2144337920,2125463552,2131492864,2136473600,2579054046
2123366400,2143289344,2141192192,2124414976,2129657856,2147483648,2145386496,2127560704,2133065728,2137522176,2579070045
2124414976,2153775104,2155872256,2136997888,2130706432,2148532224,2146435072,2129657856,2142765056,2138832896,2579086045
2138046464,2156920832,2150629376,2135949312,2130706432,2148532224,2145386496,2129657856,2145386496,2138570752,2579102067
2139095040,2140143616,2138046464,2119172096,2129657856,2147483648,2145386496,2126512128,2134114304,2137260032,2579118067
2132803584,2139095040,2135949312,2119172096,2129657856,2146435072,2143289344,2125463552,2131755008,2136211456,2579134065
2122317824,2149580800,2153775104,2132803584,2128609280,2146435072,2144337920,2125463552,2139619328,2136211456,2579150069
2123366400,2149580800,2148532224,2132803584,2129657856,2147483648,2144337920,2127560704,2138570752,2137260032,2579166087
2126512128,2155872256,2162163712,2129657856,2130706432,2148532224,2146435072,2128609280,2143551488,2138570752,2579182086
2134900736,2157969408,2153775104,2128609280,2131755008,2148532224,2146435072,2128609280,2143813632,2138832896,2579198088
2143289344,2140143616,2140143616,2121269248,2130706432,2147483648,2145386496,2127560704,2136211456,2137784320,2579214088
2123366400,2142240768,2148532224,2123366400,2128609280,2146435072,2144337920,2125463552,2134376448,2136211456,2579230108
2134900736,2143289344,2133852160,2118123520,2128609280,2146435072,2144337920,2124414976,2132541440,2135949312,2579246108
2140143616,2140143616,2136997888,2119172096,2129657856,2146435072,2144337920,2125463552,2134114304,2136473600,2579263001
2134900736,2152726528,2149580800,2129657856,2131755008,2148532224,2145386496,2128609280,2141716480,2138570752,2579279001
2126512128,2147483648,2141192192,2128609280,2130706432,2148532224,2147483648,2128609280,2135949312,2138832896,2579295001
2127560704,2142240768,2141192192,2125463552,2129657856,2148532224,2145386496,2128609280,2134114304,2138046464,2579311023
2133852160,2146435072,2146435072,2119172096,2128609280,2146435072,2144337920,2125463552,2136473600,2136211456,2579327022
2126512128,2154823680,2151677952,2130706432,2128609280,2145386496,2143289344,2124414976,2140930048,2135425024,2579343025
2121269248,2157969408,2150629376,2138046464,2129657856,2146435072,2144337920,2125463552,2141978624,2136473600,2579359023
2132803584,2143289344,2141192192,2122317824,2130706432,2148532224,2146435072,2128609280,2134900736,2138570752,2579375045
2136997888,2155872256,2153775104,2133852160,2131755008,2148532224,2146435072,2129657856,2145124352,2139095040,2579391045
2124414976,2161115136,2157969408,2139095040,2130706432,2148532224,2146435072,2129657856,2145648640,2138832896,2579407046
2121269248,2145386496,2143289344,2128609280,2129657856,2146435072,2144337920,2126512128,2134638592,2136735744,2579423045
2121269248,2142240768,2144337920,2123366400,2128609280,2146435072,2143289344,2125463552,2132803584,2135949312,2579439068
2122317824,2143289344,2144337920,2124414976,2129657856,2146435072,2144337920,2126512128,2133590016,2136735744,2579455066
2136997888,2150629376,2150629376,2121269248,2130706432,2147483648,2146435072,2127560704,2139881472,2138046464,2579471069
2135949312,2140143616,2140143616,2121269248,2130706432,2148532224,2147483648,2129657856,2134376448,2139095040,2579487067
2124414976,2145386496,2139095040,2128609280,2129657856,2148532224,2147483648,2129657856,2134376448,2138832896,2579503087
2129657856,2156920832,2153775104,2131755008,2129657856,2147483648,2145386496,2126512128,2143027200,2137260032,2579519087
2134900736,2140143616,2138046464,2121269248,2129657856,2146435072,2144337920,2125463552,2133590016,2136473600,2579535090
2140143616,2146435072,2141192192,2120220672,2128609280,2146435072,2143289344,2125463552,2136997888,2135949312,2579551088
2124414976,2150629376,2157969408,2134900736,2129657856,2146435072,2144337920,2126512128,2141978624,2136735744,2579567108
2140143616,2140143616,2138046464,2120220672,2130706432,2149580800,2147483648,2129657856,2134638592,2139357184,2579583107
2125463552,2155872256,2157969408,2143289344,2131755008,2148532224,2146435072,2129657856,2145648640,2139095040,2579600001
2134900736,2155872256,2152726528,2127560704,2129657856,2148532224,2145386496,2127560704,2142765056,2137784320,2579616001
2135949312,2139095040,2135949312,2117074944,2128609280,2146435072,2144337920,2126512128,2132017152,2136473600,2579632001
2130706432,2152726528,2149580800,2132803584,2128609280,2145386496,2144337920,2125463552,2141454336,2135949312,2579648001
2122317824,2155872256,2148532224,2139095040,2128609280,2148532224,2145386496,2127560704,2141454336,2137522176,2579664023
2123366400,2162163712,2156920832,2141192192,2130706432,2148532224,2146435072,2129657856,2145910784,2138832896,2579680022
2127560704,2157969408,2161115136,2141192192,2130706432,2149580800,2147483648,2129657856,2146959360,2139357184,2579696023
2140143616,2142240768,2145386496,2124414976,2130706432,2147483648,2144337920,2127560704,2138046464,2137522176,2579712023
2131755008,2138046464,2136997888,2122317824,2129657856,2147483648,2144337920,2126512128,2132279296,2136997888,2579728045
2136997888,2141192192,2135949312,2120220672,2128609280,2146435072,2143289344,2125463552,2133590016,2135949312,2579744045
2131755008,2139095040,2138046464,2117074944,2128609280,2146435072,2144337920,2126512128,2131492864,2136473600,2579760045
2124414976,2152726528,2151677952,2139095040,2130706432,2148532224,2146435072,2128609280,2141978624,2138570752,2579776046
2141192192,2142240768,2141192192,2121269248,2131755008,2148532224,2146435072,2128609280,2136473600,2138832896,2579792068
2140143616,2141192192,2146435072,2121269248,2130706432,2147483648,2145386496,2128609280,2137260032,2138046464,2579808067
2122317824,2152726528,2141192192,2138046464,2129657856,2147483648,2144337920,2126512128,2138570752,2136997888,2579824068
2132803584,2153775104,2151677952,2129657856,2128609280,2146435072,2143289344,2124414976,2141978624,2135687168,2579840065
2142240768,2138046464,2136997888,2119172096,2129657856,2147483648,2144337920,2125463552,2134114304,2136735744,2579856088
2129657856,2139095040,2139095040,2121269248,2129657856,2148532224,2146435072,2127560704,2132279296,2138046464,2579872088
2122317824,2154823680,2151677952,2138046464,2130706432,2148532224,2146435072,2129657856,2141716480,2138832896,2579888088
2142240768,2143289344,2140143616,2122317824,2131755008,2148532224,2146435072,2127560704,2136997888,2138570752,2579904087
2123366400,2149580800,2140143616,2134900736,2130706432,2147483648,2145386496,2125463552,2136997888,2137260032,2579920108
2128609280,2155872256,2148532224,2130706432,2128609280,2146435072,2144337920,2125463552,2140930048,2136211456,2579937001
2138046464,2141192192,2150629376,2119172096,2128609280,2146435072,2144337920,2125463552,2137260032,2136211456,2579953001
2124414976,2141192192,2147483648,2124414976,2130706432,2147483648,2145386496,2127560704,2134376448,2137784320,2579969001
2129657856,2155872256,2153775104,2133852160,2129657856,2149580800,2147483648,2129657856,2143289344,2139095040,2579985001
2124414976,2147483648,2144337920,2130706432,2129657856,2148532224,2146435072,2128609280,2136735744,2138308608,2580001024
2131755008,2160066560,2149580800,2134900736,2129657856,2147483648,2145386496,2127560704,2144075776,2137522176,2580017025
2124414976,2143289344,2136997888,2124414976,2127560704,2147483648,2144337920,2126512128,2132279296,2136473600,2580033023
2124414976,2160066560,2157969408,2131755008,2128609280,2146435072,2144337920,2125463552,2143551488,2136211456,2580049024
2122317824,2142240768,2141192192,2124414976,2129657856,2147483648,2144337920,2127560704,2132541440,2137260032,2580065045
2143289344,2140143616,2142240768,2121269248,2130706432,2148532224,2147483648,2129657856,2136735744,2139095040,2580081046
2138046464,2143289344,2138046464,2124414976,2130706432,2149580800,2146435072,2129657856,2135949312,2139095040,2580097045
2135949312,2150629376,2139095040,2127560704,2129657856,2147483648,2145386496,2127560704,2138308608,2137522176,2580113046
2131755008,2140143616,2139095040,2120220672,2129657856,2145386496,2143289344,2125463552,2132803584,2135949312,2580129068
2123366400,2153775104,2153775104,2136997888,2127560704,2147483648,2143289344,2125463552,2141978624,2135949312,2580145068
2121269248,2145386496,2147483648,2128609280,2129657856,2146435072,2144337920,2126512128,2135687168,2136735744,2580161065
2123366400,2147483648,2140143616,2126512128,2130706432,2148532224,2146435072,2128609280,2134376448,2138570752,2580177065
2129657856,2138046464,2140143616,2124414976,2131755008,2147483648,2145386496,2128609280,2133065728,2138308608,2580193089
2133852160,2143289344,2140143616,2124414976,2130706432,2148532224,2145386496,2128609280,2135425024,2138308608,2580209090
2122317824,2155872256,2141192192,2139095040,2129657856,2147483648,2144337920,2126512128,2139619328,2136997888,2580225089
2138046464,2142240768,2135949312,2120220672,2127560704,2147483648,2143289344,2125463552,2134114304,2135949312,2580241087
2125463552,2154823680,2154823680,2131755008,2129657856,2147483648,2144337920,2126512128,2141716480,2136997888,2580257110
2125463552,2146435072,2157969408,2125463552,2129657856,2148532224,2145386496,2128609280,2138832896,2138046464,2580273108
2134900736,2154823680,2154823680,2125463552,2130706432,2149580800,2147483648,2129657856,2142502912,2139357184,2580290000
2127560704,2160066560,2157969408,2135949312,2131755008,2148532224,2145386496,2128609280,2145386496,2138570752,2580306001
2124414976,2142240768,2140143616,2125463552,2129657856,2146435072,2144337920,2125463552,2133065728,2136473600,2580322001
2141192192,2141192192,2138046464,2118123520,2128609280,2146435072,2143289344,2126512128,2134638592,2136211456,2580338024
2131755008,2152726528,2153775104,2125463552,2128609280,2146435072,2144337920,2126512128,2140930048,2136473600,2580354023
2127560704,2154823680,2152726528,2133852160,2129657856,2148532224,2145386496,2128609280,2142240768,2138046464,2580370023
2123366400,2142240768,2143289344,2123366400,2130706432,2149580800,2146435072,2129657856,2133065728,2139095040,2580386023
2127560704,2145386496,2144337920,2126512128,2130706432,2149580800,2146435072,2129657856,2135949312,2139095040,2580402046
2129657856,2143289344,2145386496,2123366400,2129657856,2146435072,2144337920,2126512128,2135425024,2136735744,2580418043
2133852160,2141192192,2136997888,2118123520,2128609280,2146435072,2143289344,2125463552,2132541440,2135949312,2580434047
2136997888,2140143616,2146435072,2120220672,2128609280,2146435072,2144337920,2124414976,2135949312,2135949312,2580450045
2130706432,2155872256,2149580800,2133852160,2129657856,2147483648,2145386496,2126512128,2142502912,2137260032,2580466068
2131755008,2155872256,2151677952,2131755008,2131755008,2148532224,2146435072,2128609280,2142765056,2138832896,2580482065
2127560704,2155872256,2159017984,2139095040,2130706432,2148532224,2146435072,2129657856,2145386496,2138832896,2580498066
2130706432,2156920832,2154823680,2136997888,2129657856,2147483648,2144337920,2126512128,2144862208,2136997888,2580514066
2130706432,2156920832,2152726528,2136997888,2128609280,2146435072,2144337920,2125463552,2144337920,2136211456,2580530087
2127560704,2153775104,2150629376,2131755008,2128609280,2146435072,2144337920,2125463552,2140930048,2136211456,2580546087
2131755008,2146435072,2146435072,2123366400,2129657856,2147483648,2144337920,2127560704,2136997888,2137260032,2580562088
2132803584,2144337920,2143289344,2123366400,2130706432,2148532224,2146435072,2128609280,2135949312,2138570752,2580578089
2124414976,2142240768,2142240768,2127560704,2130706432,2148532224,2146435072,2129657856,2134114304,2138832896,2580594108
2134900736,2146435072,2146435072,2126512128,2130706432,2147483648,2145386496,2127560704,2138570752,2137784320,2580610106
2122317824,2145386496,2145386496,2128609280,2128609280,2147483648,2144337920,2126512128,2135425024,2136735744,2580627001
2126512128,2154823680,2150629376,2130706432,2127560704,2146435072,2144337920,2125463552,2140667904,2135949312,2580643001
2121269248,2147483648,2139095040,2130706432,2129657856,2146435072,2143289344,2126512128,2134638592,2136473600,2580659001
2136997888,2141192192,2139095040,2118123520,2130706432,2147483648,2146435072,2128609280,2133852160,2138308608,2580675001
2124414976,2147483648,2147483648,2130706432,2130706432,2148532224,2146435072,2128609280,2137522176,2138570752,2580691023
2124414976,2144337920,2147483648,2128609280,2130706432,2148532224,2146435072,2128609280,2136211456,2138570752,2580707024
2135949312,2141192192,2144337920,2121269248,2129657856,2146435072,2145386496,2127560704,2135687168,2137260032,2580723024
2130706432,2157969408,2152726528,2130706432,2128609280,2146435072,2143289344,2125463552,2143027200,2135949312,2580739022
2127560704,2153775104,2153775104,2129657856,2129657856,2146435072,2143289344,2126512128,2141192192,2136473600,2580755047
2123366400,2141192192,2147483648,2124414976,2129657856,2147483648,2145386496,2128609280,2134114304,2137784320,2580771045
2134900736,2154823680,2151677952,2133852160,2131755008,2147483648,2146435072,2128609280,2143813632,2138570752,2580787045
2135949312,2157969408,2146435072,2134900736,2130706432,2148532224,2145386496,2129657856,2143813632,2138570752,2580803044
2140143616,2141192192,2138046464,2119172096,2129657856,2147483648,2145386496,2126512128,2134638592,2137260032,2580819067
2133852160,2141192192,2139095040,2122317824,2129657856,2146435072,2144337920,2125463552,2134114304,2136473600,2580835066
2123366400,2157969408,2160066560,2131755008,2128609280,2146435072,2143289344,2125463552,2143289344,2135949312,2580851068
2122317824,2147483648,2135949312,2130706432,2129657856,2147483648,2145386496,2126512128,2134114304,2137260032,2580867066
2134900736,2152726528,2155872256,2129657856,2130706432,2148532224,2146435072,2128609280,2143289344,2138570752,2580883089
2124414976,2148532224,2143289344,2134900736,2130706432,2148532224,2147483648,2129657856,2137784320,2139095040,2580899090
2125463552,2142240768,2147483648,2126512128,2129657856,2148532224,2145386496,2128609280,2135425024,2138046464,2580915089
2134900736,2145386496,2148532224,2122317824,2128609280,2146435072,2144337920,2125463552,2137784320,2136211456,2580931085
2121269248,2159017984,2148532224,2138046464,2128609280,2147483648,2143289344,2125463552,2141716480,2136211456,2580947110
2138046464,2138046464,2136997888,2120220672,2129657856,2147483648,2145386496,2126512128,2133327872,2137260032,2580964001
2141192192,2142240768,2139095040,2122317824,2130706432,2148532224,2146435072,2129657856,2136211456,2138832896,2580980001
2128609280,2152726528,2155872256,2138046464,2130706432,2150629376,2147483648,2130706432,2143813632,2139881472,2580996001
2138046464,2140143616,2138046464,2121269248,2130706432,2148532224,2145386496,2128609280,2134376448,2138308608,2581012001
2123366400,2162163712,2157969408,2143289344,2129657856,2147483648,2143289344,2126512128,2146697216,2136735744,2581028023
2120220672,2149580800,2147483648,2131755008,2128609280,2146435072,2144337920,2125463552,2137260032,2136211456,2581044023
2124414976,2140143616,2134900736,2121269248,2129657856,2147483648,2144337920,2126512128,2130182144,2136997888,2581060024
2136997888,2146435072,2151677952,2123366400,2130706432,2148532224,2145386496,2128609280,2139619328,2138308608,2581076023
2123366400,2163212288,2150629376,2144337920,2130706432,2149580800,2146435072,2129657856,2145386496,2139095040,2581092047
2123366400,2142240768,2149580800,2125463552,2130706432,2147483648,2145386496,2127560704,2135162880,2137784320,2581108046
2139095040,2143289344,2146435072,2120220672,2129657856,2147483648,2144337920,2126512128,2137260032,2136997888,2581124045
2134900736,2146435072,2146435072,2119172096,2128609280,2146435072,2143289344,2125463552,2136735744,2135949312,2581140045
2127560704,2157969408,2151677952,2130706432,2128609280,2147483648,2144337920,2126512128,2141978624,2136735744,2581156066
2123366400,2147483648,2139095040,2130706432,2129657856,2148532224,2146435072,2127560704,2135162880,2138046464,2581172067
2136997888,2141192192,2141192192,2124414976,2132803584,2147483648,2146435072,2127560704,2135949312,2138570752,2581188065
2127560704,2152726528,2154823680,2139095040,2130706432,2148532224,2146435072,2128609280,2143551488,2138570752,2581204066
2123366400,2143289344,2143289344,2126512128,2129657856,2147483648,2144337920,2127560704,2134114304,2137260032,2581220088
2120220672,2151677952,2144337920,2134900736,2128609280,2146435072,2143289344,2125463552,2137784320,2135949312,2581236089
2133852160,2142240768,2136997888,2120220672,2128609280,2146435072,2144337920,2125463552,2133327872,2136211456,2581252086
2124414976,2161115136,2152726528,2141192192,2129657856,2147483648,2146435072,2127560704,2144862208,2137784320,2581268086
2127560704,2153775104,2159017984,2138046464,2131755008,2147483648,2146435072,2128609280,2144600064,2138570752,2581284109
2139095040,2143289344,2139095040,2123366400,2130706432,2148532224,2147483648,2128609280,2136211456,2138832896,2581300110
2138046464,2142240768,2146435072,2126512128,2129657856,2147483648,2144337920,2127560704,2138308608,2137260032,2581317001
2140143616,2142240768,2138046464,2119172096,2129657856,2146435072,2144337920,2125463552,2134900736,2136473600,2581333001
2135949312,2150629376,2146435072,2123366400,2128609280,2146435072,2143289344,2125463552,2139095040,2135949312,2581349001
2125463552,2142240768,2144337920,2125463552,2129657856,2147483648,2144337920,2127560704,2134376448,2137260032,2581365023
2136997888,2141192192,2141192192,2122317824,2130706432,2148532224,2146435072,2128609280,2135425024,2138570752,2581381023
2139095040,2161115136,2146435072,2132803584,2130706432,2148532224,2147483648,2129657856,2144862208,2139095040,2581397024
2144337920,2138046464,2138046464,2121269248,2130706432,2148532224,2146435072,2127560704,2135425024,2138308608,2581413023
2133852160,2138046464,2134900736,2120220672,2129657856,2146435072,2144337920,2125463552,2131755008,2136473600,2581429047
2128609280,2155872256,2149580800,2133852160,2127560704,2146435072,2144337920,2125463552,2141978624,2135949312,2581445046
2130706432,2156920832,2154823680,2127560704,2129657856,2147483648,2145386496,2126512128,2142502912,2137260032,2581461046
2122317824,2145386496,2140143616,2126512128,2130706432,2149580800,2147483648,2128609280,2133590016,2139095040,2581477046
2125463552,2143289344,2140143616,2126512128,2131755008,2148532224,2146435072,2129657856,2133852160,2139095040,2581493068
2126512128,2154823680,2157969408,2138046464,2130706432,2147483648,2145386496,2127560704,2144337920,2137784320,2581509065
2133852160,2141192192,2138046464,2119172096,2128609280,2146435072,2143289344,2126512128,2133065728,2136211456,2581525066
