2123366400,2160066560,2154823680,2141192192,2129657856,2147483648,2145386496,2126512128,2144862208,2137260032,2582616086
2134900736,2157969408,2153775104,2129657856,2129657856,2147483648,2145386496,2127560704,2144075776,2137522176,2582632087
2124414976,2159017984,2157969408,2139095040,2129657856,2148532224,2146435072,2128609280,2145124352,2138308608,2582648109
2134900736,2153775104,2149580800,2121269248,2130706432,2147483648,2145386496,2127560704,2139881472,2137784320,2582664107
2134900736,2157969408,2153775104,2133852160,2129657856,2147483648,2145386496,2127560704,2145124352,2137522176,2582681001
2140143616,2141192192,2146435072,2120220672,2129657856,2147483648,2145386496,2127560704,2136997888,2137522176,2582697001
2127560704,2161115136,2152726528,2139095040,2129657856,2148532224,2145386496,2128609280,2145124352,2138046464,2582713001
2125463552,2139095040,2144337920,2121269248,2129657856,2147483648,2144337920,2126512128,2132541440,2136997888,2582729000
2145386496,2144337920,2139095040,2122317824,2130706432,2147483648,2145386496,2126512128,2137784320,2137522176,2582745023
2124414976,2144337920,2147483648,2128609280,2129657856,2147483648,2145386496,2127560704,2136211456,2137522176,2582761024
2122317824,2142240768,2149580800,2128609280,2130706432,2146435072,2144337920,2126512128,2135687168,2136997888,2582777025
2123366400,2148532224,2153775104,2131755008,2129657856,2148532224,2144337920,2127560704,2139357184,2137522176,2582793023
2126512128,2159017984,2154823680,2141192192,2128609280,2147483648,2144337920,2127560704,2145386496,2136997888,2582809044
2122317824,2139095040,2139095040,2121269248,2128609280,2146435072,2143289344,2125463552,2130444288,2135949312,2582825045
2124414976,2149580800,2153775104,2130706432,2130706432,2147483648,2143289344,2125463552,2139619328,2136735744,2582841047
2129657856,2159017984,2154823680,2131755008,2130706432,2148532224,2146435072,2128609280,2143813632,2138570752,2582857044
2127560704,2160066560,2157969408,2133852160,2130706432,2148532224,2147483648,2129657856,2144862208,2139095040,2582873067
2133852160,2140143616,2140143616,2126512128,2130706432,2148532224,2146435072,2129657856,2135162880,2138832896,2582889068
2125463552,2159017984,2157969408,2138046464,2128609280,2147483648,2146435072,2127560704,2145124352,2137522176,2582905067
2121269248,2159017984,2153775104,2138046464,2128609280,2146435072,2143289344,2124414976,2143027200,2135687168,2582921066
2126512128,2156920832,2154823680,2132803584,2128609280,2146435072,2143289344,2125463552,2142765056,2135949312,2582937089
2125463552,2141192192,2140143616,2122317824,2130706432,2148532224,2144337920,2128609280,2132279296,2138046464,2582953089
2134900736,2140143616,2139095040,2121269248,2130706432,2148532224,2147483648,2129657856,2133852160,2139095040,2582969089
2142240768,2143289344,2140143616,2119172096,2131755008,2148532224,2146435072,2128609280,2136211456,2138832896,2582985087
2129657856,2162163712,2155872256,2135949312,2130706432,2146435072,2145386496,2127560704,2145910784,2137522176,2583001110
2127560704,2155872256,2155872256,2131755008,2128609280,2146435072,2144337920,2125463552,2142765056,2136211456,2583018001
2123366400,2148532224,2153775104,2129657856,2128609280,2146435072,2144337920,2125463552,2138832896,2136211456,2583034001
2140143616,2139095040,2136997888,2120220672,2129657856,2147483648,2144337920,2127560704,2134114304,2137260032,2583050001
2123366400,2155872256,2147483648,2143289344,2131755008,2149580800,2147483648,2129657856,2142502912,2139619328,2583066001
2131755008,2155872256,2153775104,2129657856,2130706432,2148532224,2147483648,2128609280,2142765056,2138832896,2583082023
2139095040,2156920832,2150629376,2132803584,2129657856,2147483648,2145386496,2127560704,2144862208,2137522176,2583098024
2130706432,2151677952,2151677952,2127560704,2128609280,2146435072,2144337920,2125463552,2140405760,2136211456,2583114022
2118123520,2152726528,2143289344,2135949312,2128609280,2146435072,2143289344,2124414976,2137522176,2135687168,2583130023
2136997888,2142240768,2146435072,2120220672,2129657856,2146435072,2144337920,2126512128,2136473600,2136735744,2583146044
2121269248,2151677952,2147483648,2134900736,2131755008,2147483648,2146435072,2128609280,2138832896,2138570752,2583162045
2140143616,2146435072,2140143616,2121269248,2131755008,2148532224,2146435072,2129657856,2136997888,2139095040,2583178044
2129657856,2160066560,2154823680,2141192192,2130706432,2147483648,2146435072,2127560704,2146435072,2138046464,2583194044
2135949312,2138046464,2135949312,2119172096,2129657856,2145386496,2144337920,2125463552,2132279296,2136211456,2583210068
2121269248,2147483648,2139095040,2126512128,2128609280,2145386496,2143289344,2124414976,2133590016,2135425024,2583226066
2120220672,2148532224,2143289344,2129657856,2129657856,2146435072,2144337920,2125463552,2135425024,2136473600,2583242064
2123366400,2146435072,2143289344,2128609280,2130706432,2148532224,2146435072,2128609280,2135425024,2138570752,2583258066
2125463552,2143289344,2149580800,2125463552,2130706432,2149580800,2146435072,2129657856,2135949312,2139095040,2583274089
2141192192,2141192192,2151677952,2121269248,2130706432,2149580800,2147483648,2129657856,2138832896,2139357184,2583290087
2123366400,2142240768,2142240768,2124414976,2130706432,2147483648,2144337920,2126512128,2133065728,2137260032,2583306086
2138046464,2141192192,2136997888,2119172096,2128609280,2146435072,2143289344,2125463552,2133852160,2135949312,2583322088
2121269248,2147483648,2140143616,2134900736,2128609280,2146435072,2144337920,2126512128,2135949312,2136473600,2583338109
2123366400,2156920832,2153775104,2138046464,2129657856,2147483648,2146435072,2127560704,2143027200,2137784320,2583354111
2125463552,2143289344,2141192192,2123366400,2131755008,2149580800,2147483648,2130706432,2133327872,2139881472,2583371001
2139095040,2141192192,2140143616,2121269248,2130706432,2148532224,2146435072,2129657856,2135425024,2138832896,2583387001
2138046464,2139095040,2139095040,2119172096,2129657856,2147483648,2144337920,2126512128,2133852160,2136997888,2583403001
2139095040,2142240768,2141192192,2117074944,2128609280,2146435072,2143289344,2125463552,2134900736,2135949312,2583419026
2140143616,2146435072,2135949312,2121269248,2128609280,2146435072,2144337920,2125463552,2135949312,2136211456,2583435024
2122317824,2147483648,2147483648,2124414976,2129657856,2148532224,2145386496,2127560704,2135425024,2137784320,2583451024
2142240768,2140143616,2140143616,2121269248,2130706432,2148532224,2146435072,2129657856,2135949312,2138832896,2583467025
2140143616,2142240768,2140143616,2122317824,2131755008,2147483648,2146435072,2129657856,2136211456,2138832896,2583483046
2135949312,2151677952,2150629376,2128609280,2129657856,2147483648,2145386496,2127560704,2141716480,2137522176,2583499044
2123366400,2143289344,2141192192,2124414976,2129657856,2145386496,2144337920,2123366400,2133065728,2135687168,2583515045
2136997888,2139095040,2135949312,2117074944,2128609280,2146435072,2143289344,2125463552,2132279296,2135949312,2583531045
2132803584,2138046464,2134900736,2122317824,2129657856,2147483648,2144337920,2127560704,2132017152,2137260032,2583547069
2125463552,2144337920,2139095040,2126512128,2130706432,2148532224,2146435072,2129657856,2133852160,2138832896,2583563065
2123366400,2155872256,2155872256,2139095040,2131755008,2149580800,2147483648,2129657856,2143551488,2139619328,2583579068
2125463552,2155872256,2157969408,2135949312,2130706432,2148532224,2146435072,2128609280,2143813632,2138570752,2583595067
2126512128,2154823680,2155872256,2133852160,2128609280,2145386496,2143289344,2125463552,2142765056,2135687168,2583611089
2120220672,2154823680,2150629376,2135949312,2128609280,2146435072,2143289344,2125463552,2140405760,2135949312,2583627088
2126512128,2143289344,2135949312,2123366400,2128609280,2146435072,2144337920,2126512128,2132279296,2136473600,2583643087
2130706432,2155872256,2148532224,2132803584,2129657856,2148532224,2146435072,2129657856,2141978624,2138570752,2583659088
2126512128,2150629376,2152726528,2138046464,2131755008,2147483648,2147483648,2128609280,2141978624,2138832896,2583675110
2131755008,2144337920,2138046464,2126512128,2130706432,2149580800,2146435072,2129657856,2135162880,2139095040,2583691106
2141192192,2139095040,2136997888,2121269248,2129657856,2146435072,2144337920,2126512128,2134638592,2136735744,2583708001
2121269248,2160066560,2151677952,2141192192,2128609280,2144337920,2143289344,2124414976,2143551488,2135162880,2583724001
2121269248,2159017984,2147483648,2138046464,2129657856,2146435072,2143289344,2125463552,2141454336,2136211456,2583740001
2123366400,2151677952,2139095040,2135949312,2130706432,2147483648,2145386496,2127560704,2137522176,2137784320,2583756000
2122317824,2155872256,2154823680,2139095040,2131755008,2148532224,2145386496,2129657856,2143027200,2138832896,2583772025
2139095040,2143289344,2146435072,2125463552,2131755008,2148532224,2146435072,2128609280,2138570752,2138832896,2583788023
2122317824,2148532224,2147483648,2133852160,2129657856,2147483648,2144337920,2126512128,2138046464,2136997888,2583804023
2121269248,2145386496,2139095040,2126512128,2129657856,2145386496,2142240768,2124414976,2133065728,2135425024,2583820022
2140143616,2146435072,2142240768,2117074944,2128609280,2146435072,2143289344,2124414976,2136473600,2135687168,2583836045
2139095040,2139095040,2142240768,2119172096,2130706432,2146435072,2145386496,2126512128,2134900736,2137260032,2583852047
2124414976,2161115136,2155872256,2141192192,2131755008,2148532224,2146435072,2129657856,2145648640,2139095040,2583868047
2140143616,2152726528,2146435072,2129657856,2131755008,2148532224,2146435072,2130706432,2142240768,2139357184,2583884043
2141192192,2154823680,2142240768,2130706432,2129657856,2147483648,2145386496,2127560704,2142240768,2137522176,2583900066
2122317824,2154823680,2151677952,2139095040,2128609280,2146435072,2143289344,2125463552,2141978624,2135949312,2583916066
2132803584,2138046464,2134900736,2120220672,2128609280,2145386496,2142240768,2124414976,2131492864,2135162880,2583932066
2122317824,2162163712,2149580800,2140143616,2129657856,2147483648,2144337920,2126512128,2143551488,2136997888,2583948065
2131755008,2152726528,2152726528,2123366400,2131755008,2148532224,2146435072,2128609280,2140143616,2138832896,2583964086
2129657856,2142240768,2138046464,2124414976,2131755008,2149580800,2146435072,2129657856,2133590016,2139357184,2583980087
2125463552,2143289344,2151677952,2123366400,2129657856,2147483648,2146435072,2128609280,2135949312,2138046464,2583996087
2125463552,2156920832,2153775104,2133852160,2128609280,2146435072,2144337920,2125463552,2142502912,2136211456,2584012087
2123366400,2145386496,2139095040,2126512128,2128609280,2146435072,2142240768,2125463552,2133590016,2135687168,2584028110
2123366400,2145386496,2143289344,2126512128,2130706432,2146435072,2144337920,2125463552,2134638592,2136735744,2584045001
2124414976,2160066560,2155872256,2141192192,2130706432,2149580800,2146435072,2129657856,2145386496,2139095040,2584061001
2127560704,2142240768,2147483648,2125463552,2130706432,2149580800,2146435072,2130706432,2135687168,2139357184,2584077001
2142240768,2140143616,2141192192,2121269248,2130706432,2148532224,2146435072,2128609280,2136211456,2138570752,2584093001
2132803584,2144337920,2150629376,2121269248,2128609280,2146435072,2144337920,2126512128,2137260032,2136473600,2584109022
2119172096,2159017984,2147483648,2138046464,2128609280,2146435072,2143289344,2125463552,2140930048,2135949312,2584125023
2121269248,2155872256,2149580800,2139095040,2128609280,2147483648,2144337920,2125463552,2141454336,2136473600,2584141024
2123366400,2152726528,2147483648,2139095040,2130706432,2147483648,2145386496,2128609280,2140667904,2138046464,2584157023
2123366400,2141192192,2147483648,2123366400,2130706432,2149580800,2146435072,2130706432,2133852160,2139357184,2584173046
2131755008,2159017984,2152726528,2138046464,2131755008,2148532224,2147483648,2128609280,2145386496,2139095040,2584189045
2142240768,2153775104,2138046464,2123366400,2129657856,2147483648,2144337920,2127560704,2139357184,2137260032,2584205044
2128609280,2151677952,2147483648,2128609280,2128609280,2145386496,2143289344,2125463552,2139095040,2135687168,2584221047
2131755008,2141192192,2139095040,2122317824,2128609280,2146435072,2143289344,2125463552,2133590016,2135949312,2584237068
2123366400,2145386496,2141192192,2128609280,2130706432,2147483648,2145386496,2127560704,2134638592,2137784320,2584253067
2127560704,2154823680,2156920832,2136997888,2131755008,2148532224,2146435072,2129657856,2144075776,2139095040,2584269065
2123366400,2152726528,2148532224,2138046464,2131755008,2149580800,2145386496,2129657856,2140667904,2139095040,2584285068
2124414976,2147483648,2136997888,2131755008,2129657856,2147483648,2145386496,2127560704,2135162880,2137522176,2584301088
2130706432,2144337920,2154823680,2122317824,2128609280,2146435072,2143289344,2125463552,2138046464,2135949312,2584317091
2122317824,2157969408,2151677952,2136997888,2128609280,2146435072,2143289344,2124414976,2142240768,2135687168,2584333085
2132803584,2152726528,2153775104,2128609280,2129657856,2146435072,2144337920,2126512128,2141978624,2136735744,2584349087
2139095040,2152726528,2142240768,2130706432,2130706432,2149580800,2147483648,2129657856,2141192192,2139357184,2584365108
2132803584,2142240768,2140143616,2125463552,2131755008,2148532224,2146435072,2129657856,2135162880,2139095040,2584381109
2124414976,2147483648,2149580800,2131755008,2130706432,2146435072,2145386496,2126512128,2138308608,2137260032,2584398001
2121269248,2149580800,2147483648,2132803584,2128609280,2147483648,2143289344,2126512128,2137784320,2136473600,2584414001
2139095040,2141192192,2144337920,2118123520,2127560704,2146435072,2143289344,2125463552,2135687168,2135687168,2584430001
2142240768,2141192192,2136997888,2120220672,2129657856,2147483648,2145386496,2127560704,2135162880,2137522176,2584446023
2123366400,2148532224,2148532224,2132803584,2130706432,2148532224,2145386496,2129657856,2138308608,2138570752,2584462022
2123366400,2149580800,2149580800,2136997888,2131755008,2148532224,2147483648,2128609280,2139881472,2139095040,2584478025
2135949312,2140143616,2139095040,2122317824,2130706432,2148532224,2144337920,2127560704,2134376448,2137784320,2584494023
2132803584,2146435072,2152726528,2127560704,2128609280,2146435072,2144337920,2125463552,2139881472,2136211456,2584510046
2135949312,2135949312,2135949312,2117074944,2128609280,2145386496,2142240768,2124414976,2131230720,2135162880,2584526045
2128609280,2156920832,2150629376,2128609280,2129657856,2146435072,2144337920,2125463552,2141192192,2136473600,2584542047
2121269248,2147483648,2143289344,2130706432,2129657856,2148532224,2145386496,2128609280,2135687168,2138046464,2584558047
2130706432,2160066560,2159017984,2135949312,2131755008,2149580800,2147483648,2129657856,2146435072,2139619328,2584574067
2129657856,2143289344,2142240768,2127560704,2131755008,2149580800,2145386496,2129657856,2135687168,2139095040,2584590067
2134900736,2138046464,2136997888,2121269248,2129657856,2146435072,2144337920,2126512128,2132803584,2136735744,2584606067
2141192192,2140143616,2139095040,2120220672,2129657856,2145386496,2143289344,2125463552,2135162880,2135949312,2584622065
2136997888,2140143616,2146435072,2121269248,2128609280,2146435072,2144337920,2125463552,2136211456,2136211456,2584638087
2129657856,2160066560,2155872256,2133852160,2129657856,2148532224,2145386496,2127560704,2144862208,2137784320,2584654085
2140143616,2143289344,2142240768,2122317824,2131755008,2148532224,2147483648,2129657856,2136997888,2139357184,2584670087
2125463552,2142240768,2142240768,2126512128,2130706432,2148532224,2147483648,2129657856,2134114304,2139095040,2584686088
2143289344,2140143616,2142240768,2121269248,2129657856,2146435072,2144337920,2126512128,2136735744,2136735744,2584702110
2121269248,2142240768,2147483648,2126512128,2127560704,2146435072,2143289344,2126512128,2134376448,2135949312,2584718107
2126512128,2157969408,2152726528,2131755008,2128609280,2146435072,2143289344,2125463552,2142240768,2135949312,2584735001
2122317824,2150629376,2151677952,2132803584,2130706432,2147483648,2145386496,2127560704,2139357184,2137784320,2584751001
2124414976,2147483648,2147483648,2132803584,2130706432,2148532224,2146435072,2129657856,2138046464,2138832896,2584767001
2136997888,2140143616,2141192192,2121269248,2131755008,2149580800,2147483648,2129657856,2134900736,2139619328,2584783001
2123366400,2152726528,2155872256,2135949312,2129657856,2148532224,2146435072,2128609280,2141978624,2138308608,2584799023
2122317824,2147483648,2141192192,2128609280,2129657856,2145386496,2143289344,2125463552,2134900736,2135949312,2584815023
2122317824,2155872256,2155872256,2135949312,2128609280,2145386496,2143289344,2125463552,2142502912,2135687168,2584831023
2134900736,2142240768,2149580800,2120220672,2129657856,2146435072,2144337920,2126512128,2136735744,2136735744,2584847023
2135949312,2142240768,2139095040,2121269248,2130706432,2148532224,2146435072,2128609280,2134638592,2138570752,2584863047
2126512128,2146435072,2143289344,2129657856,2130706432,2148532224,2146435072,2128609280,2136473600,2138570752,2584879045
2123366400,2149580800,2147483648,2132803584,2130706432,2148532224,2145386496,2128609280,2138308608,2138308608,2584895044
2122317824,2159017984,2149580800,2139095040,2128609280,2146435072,2144337920,2125463552,2142502912,2136211456,2584911044
2123366400,2147483648,2143289344,2130706432,2128609280,2146435072,2144337920,2124414976,2136211456,2135949312,2584927066
2123366400,2163212288,2159017984,2135949312,2128609280,2147483648,2145386496,2126512128,2145386496,2136997888,2584943070
2135949312,2138046464,2136997888,2120220672,2131755008,2148532224,2146435072,2128609280,2132803584,2138832896,2584959066
2138046464,2152726528,2146435072,2133852160,2131755008,2148532224,2146435072,2128609280,2142765056,2138832896,2584975067
2127560704,2157969408,2157969408,2141192192,2130706432,2148532224,2145386496,2129657856,2146172928,2138570752,2584991088
2124414976,2156920832,2156920832,2138046464,2128609280,2147483648,2144337920,2127560704,2144075776,2136997888,2585007087
2138046464,2146435072,2142240768,2119172096,2128609280,2146435072,2144337920,2125463552,2136473600,2136211456,2585023086
2122317824,2143289344,2139095040,2126512128,2129657856,2146435072,2143289344,2125463552,2132803584,2136211456,2585039085
2130706432,2152726528,2150629376,2133852160,2130706432,2146435072,2145386496,2126512128,2141978624,2137260032,2585055110
2129657856,2144337920,2139095040,2126512128,2131755008,2148532224,2146435072,2129657856,2134900736,2139095040,2585072001
2131755008,2156920832,2157969408,2133852160,2131755008,2149580800,2147483648,2129657856,2145124352,2139619328,2585088001
2124414976,2145386496,2147483648,2127560704,2129657856,2147483648,2144337920,2126512128,2136211456,2136997888,2585104001
2124414976,2156920832,2154823680,2133852160,2128609280,2146435072,2144337920,2125463552,2142502912,2136211456,2585120001
2121269248,2154823680,2151677952,2138046464,2128609280,2146435072,2143289344,2125463552,2141454336,2135949312,2585136023
2135949312,2138046464,2136997888,2120220672,2130706432,2147483648,2145386496,2127560704,2132803584,2137784320,2585152023
2135949312,2152726528,2150629376,2129657856,2130706432,2149580800,2147483648,2129657856,2142240768,2139357184,2585168022
2126512128,2157969408,2159017984,2138046464,2130706432,2149580800,2147483648,2129657856,2145386496,2139357184,2585184024
2123366400,2163212288,2155872256,2141192192,2129657856,2148532224,2146435072,2127560704,2145910784,2138046464,2585200044
2136997888,2142240768,2140143616,2120220672,2129657856,2145386496,2143289344,2124414976,2134900736,2135687168,2585216046
2136997888,2146435072,2136997888,2120220672,2129657856,2144337920,2143289344,2124414976,2135162880,2135425024,2585232044
2122317824,2147483648,2143289344,2131755008,2129657856,2146435072,2145386496,2127560704,2136211456,2137260032,2585248045
2135949312,2154823680,2150629376,2127560704,2131755008,2148532224,2146435072,2128609280,2142240768,2138832896,2585264066
2123366400,2143289344,2143289344,2125463552,2130706432,2149580800,2147483648,2129657856,2133852160,2139357184,2585280066
2122317824,2149580800,2143289344,2130706432,2129657856,2148532224,2145386496,2128609280,2136473600,2138046464,2585296066
2121269248,2149580800,2147483648,2130706432,2128609280,2146435072,2144337920,2125463552,2137260032,2136211456,2585312067
2131755008,2151677952,2146435072,2129657856,2128609280,2146435072,2143289344,2125463552,2139881472,2135949312,2585328089
2131755008,2150629376,2148532224,2125463552,2128609280,2146435072,2143289344,2126512128,2139095040,2136211456,2585344087
2122317824,2163212288,2151677952,2139095040,2129657856,2148532224,2146435072,2129657856,2144075776,2138570752,2585360087
2125463552,2148532224,2155872256,2133852160,2131755008,2148532224,2147483648,2129657856,2140930048,2139357184,2585376087
2124414976,2150629376,2148532224,2133852160,2130706432,2148532224,2146435072,2128609280,2139357184,2138570752,2585392109
2143289344,2141192192,2140143616,2119172096,2128609280,2147483648,2144337920,2126512128,2135949312,2136735744,2585408109
2134900736,2153775104,2141192192,2125463552,2127560704,2147483648,2143289344,2125463552,2138832896,2135949312,2585425001
2135949312,2151677952,2142240768,2129657856,2129657856,2146435072,2144337920,2125463552,2139881472,2136473600,2585441001
2135949312,2140143616,2138046464,2122317824,2131755008,2148532224,2145386496,2128609280,2134114304,2138570752,2585457001
2123366400,2159017984,2153775104,2143289344,2130706432,2148532224,2146435072,2129657856,2144862208,2138832896,2585473024
2123366400,2155872256,2151677952,2141192192,2130706432,2148532224,2146435072,2128609280,2143027200,2138570752,2585489023
2125463552,2141192192,2138046464,2122317824,2129657856,2147483648,2145386496,2126512128,2131755008,2137260032,2585505023
2120220672,2156920832,2149580800,2138046464,2128609280,2146435072,2143289344,2124414976,2141192192,2135687168,2585521023
2126512128,2152726528,2155872256,2125463552,2128609280,2147483648,2144337920,2126512128,2140143616,2136735744,2585537045
2139095040,2143289344,2139095040,2122317824,2130706432,2147483648,2145386496,2127560704,2135949312,2137784320,2585553046
2126512128,2153775104,2154823680,2138046464,2130706432,2149580800,2146435072,2129657856,2143289344,2139095040,2585569045
2123366400,2151677952,2147483648,2139095040,2129657856,2148532224,2147483648,2129657856,2140405760,2138832896,2585585047
2121269248,2148532224,2147483648,2134900736,2130706432,2147483648,2145386496,2127560704,2138046464,2137784320,2585601068
2133852160,2141192192,2136997888,2122317824,2128609280,2145386496,2143289344,2124414976,2133590016,2135425024,2585617066
2138046464,2138046464,2136997888,2119172096,2129657856,2145386496,2143289344,2124414976,2133065728,2135687168,2585633065
2131755008,2141192192,2135949312,2122317824,2130706432,2147483648,2144337920,2126512128,2132803584,2137260032,2585649065
2129657856,2143289344,2136997888,2122317824,2131755008,2148532224,2146435072,2128609280,2133065728,2138832896,2585665091
2140143616,2142240768,2146435072,2121269248,2131755008,2148532224,2146435072,2128609280,2137522176,2138832896,2585681087
2134900736,2143289344,2140143616,2124414976,2129657856,2148532224,2145386496,2127560704,2135687168,2137784320,2585697088
2133852160,2142240768,2139095040,2122317824,2128609280,2146435072,2144337920,2125463552,2134376448,2136211456,2585713089
2125463552,2156920832,2154823680,2133852160,2128609280,2146435072,2143289344,2125463552,2142765056,2135949312,2585729112
2140143616,2139095040,2140143616,2117074944,2130706432,2146435072,2144337920,2125463552,2134114304,2136735744,2585745108
2124414976,2142240768,2143289344,2128609280,2131755008,2148532224,2146435072,2128609280,2134638592,2138832896,2585762001
2144337920,2142240768,2140143616,2124414976,2131755008,2149580800,2147483648,2130706432,2137784320,2139881472,2585778001
2143289344,2155872256,2146435072,2130706432,2129657856,2148532224,2146435072,2128609280,2144075776,2138308608,2585794001
2139095040,2146435072,2136997888,2123366400,2129657856,2146435072,2144337920,2126512128,2136473600,2136735744,2585810001
2121269248,2152726528,2147483648,2134900736,2128609280,2146435072,2143289344,2125463552,2139095040,2135949312,2585826025
2124414976,2157969408,2153775104,2131755008,2129657856,2146435072,2144337920,2125463552,2141978624,2136473600,2585842023
2141192192,2153775104,2139095040,2125463552,2131755008,2147483648,2145386496,2128609280,2139881472,2138308608,2585858024
2135949312,2154823680,2154823680,2134900736,2132803584,2149580800,2146435072,2129657856,2145124352,2139619328,2585874022
2123366400,2147483648,2147483648,2127560704,2131755008,2147483648,2145386496,2128609280,2136473600,2138308608,2585890045
2126512128,2159017984,2159017984,2136997888,2129657856,2147483648,2145386496,2126512128,2145386496,2137260032,2585906045
2125463552,2141192192,2139095040,2123366400,2127560704,2146435072,2143289344,2125463552,2132279296,2135687168,2585922045
2134900736,2140143616,2139095040,2119172096,2128609280,2146435072,2143289344,2125463552,2133327872,2135949312,2585938044
2125463552,2140143616,2147483648,2121269248,2130706432,2147483648,2146435072,2127560704,2133590016,2138046464,2585954066
2126512128,2147483648,2160066560,2130706432,2131755008,2148532224,2146435072,2129657856,2141192192,2139095040,2585970067
2123366400,2155872256,2156920832,2139095040,2130706432,2148532224,2146435072,2129657856,2143813632,2138832896,2585986069
2130706432,2160066560,2160066560,2134900736,2129657856,2147483648,2144337920,2127560704,2146435072,2137260032,2586002064
2121269248,2142240768,2138046464,2124414976,2128609280,2146435072,2143289344,2125463552,2131492864,2135949312,2586018088
2136997888,2136997888,2135949312,2118123520,2128609280,2145386496,2143289344,2124414976,2132017152,2135425024,2586034089
2132803584,2138046464,2139095040,2119172096,2130706432,2146435072,2144337920,2126512128,2132279296,2136997888,2586050089
2139095040,2146435072,2146435072,2121269248,2131755008,2148532224,2146435072,2128609280,2138308608,2138832896,2586066087
2135949312,2154823680,2150629376,2125463552,2131755008,2149580800,2147483648,2129657856,2141716480,2139619328,2586082107
2135949312,2155872256,2146435072,2132803584,2129657856,2147483648,2145386496,2127560704,2142765056,2137522176,2586099001
2121269248,2157969408,2149580800,2141192192,2128609280,2146435072,2143289344,2125463552,2142502912,2135949312,2586115001
2136997888,2150629376,2146435072,2128609280,2128609280,2146435072,2143289344,2124414976,2140667904,2135687168,2586131001
2121269248,2154823680,2151677952,2138046464,2128609280,2147483648,2144337920,2127560704,2141454336,2136997888,2586147001
2134900736,2156920832,2146435072,2131755008,2131755008,2148532224,2146435072,2128609280,2142502912,2138832896,2586163024
2125463552,2159017984,2157969408,2138046464,2131755008,2148532224,2146435072,2129657856,2145124352,2139095040,2586179023
2144337920,2143289344,2142240768,2122317824,2130706432,2147483648,2146435072,2128609280,2138046464,2138308608,2586195024
2139095040,2141192192,2143289344,2122317824,2129657856,2146435072,2144337920,2125463552,2136473600,2136473600,2586211023
2120220672,2155872256,2143289344,2139095040,2128609280,2145386496,2141192192,2124414976,2139619328,2134900736,2586227047
2141192192,2150629376,2135949312,2123366400,2129657856,2146435072,2144337920,2126512128,2137784320,2136735744,2586243045
2135949312,2140143616,2138046464,2119172096,2130706432,2147483648,2145386496,2128609280,2133327872,2138046464,2586259044
2126512128,2147483648,2149580800,2130706432,2131755008,2148532224,2147483648,2129657856,2138570752,2139357184,2586275045
2142240768,2143289344,2138046464,2122317824,2131755008,2148532224,2146435072,2128609280,2136473600,2138832896,2586291069
2122317824,2157969408,2147483648,2143289344,2128609280,2147483648,2144337920,2126512128,2142765056,2136735744,2586307068
2130706432,2154823680,2153775104,2133852160,2128609280,2145386496,2143289344,2124414976,2143289344,2135425024,2586323067
2130706432,2154823680,2150629376,2132803584,2128609280,2147483648,2144337920,2126512128,2142240768,2136735744,2586339066
2124414976,2142240768,2136997888,2125463552,2129657856,2148532224,2146435072,2128609280,2132279296,2138308608,2586355088
2124414976,2144337920,2142240768,2127560704,2131755008,2149580800,2146435072,2128609280,2134638592,2139095040,2586371089
2140143616,2140143616,2144337920,2121269248,2130706432,2148532224,2147483648,2128609280,2136473600,2138832896,2586387086
2121269248,2147483648,2142240768,2129657856,2128609280,2147483648,2145386496,2127560704,2135162880,2137260032,2586403087
2138046464,2141192192,2138046464,2118123520,2129657856,2146435072,2143289344,2124414976,2133852160,2135949312,2586419112
2129657856,2157969408,2152726528,2129657856,2127560704,2147483648,2143289344,2125463552,2142502912,2135949312,2586435112
2132803584,2139095040,2139095040,2117074944,2130706432,2147483648,2145386496,2126512128,2132017152,2137522176,2586452001
2128609280,2156920832,2154823680,2140143616,2131755008,2148532224,2146435072,2128609280,2145124352,2138832896,2586468001
2132803584,2153775104,2155872256,2132803584,2130706432,2148532224,2146435072,2128609280,2143813632,2138570752,2586484001
2122317824,2154823680,2148532224,2134900736,2129657856,2147483648,2145386496,2127560704,2140143616,2137522176,2586500024
2136997888,2140143616,2138046464,2119172096,2128609280,2146435072,2143289344,2125463552,2133590016,2135949312,2586516022
2119172096,2149580800,2149580800,2133852160,2128609280,2146435072,2144337920,2125463552,2138046464,2136211456,2586532023
2120220672,2147483648,2149580800,2130706432,2129657856,2147483648,2145386496,2126512128,2136997888,2137260032,2586548023
2139095040,2159017984,2152726528,2130706432,2131755008,2148532224,2146435072,2128609280,2145386496,2138832896,2586564044
2141192192,2151677952,2140143616,2131755008,2131755008,2148532224,2146435072,2129657856,2141192192,2139095040,2586580045
2122317824,2160066560,2149580800,2143289344,2130706432,2148532224,2145386496,2128609280,2143813632,2138308608,2586596046
2125463552,2138046464,2143289344,2121269248,2128609280,2146435072,2144337920,2125463552,2132017152,2136211456,2586612046
2120220672,2141192192,2139095040,2122317824,2128609280,2145386496,2142240768,2124414976,2130706432,2135162880,2586628065
2123366400,2153775104,2156920832,2138046464,2129657856,2147483648,2144337920,2126512128,2143027200,2136997888,2586644065
2134900736,2152726528,2146435072,2133852160,2130706432,2148532224,2146435072,2128609280,2141978624,2138570752,2586660069
2140143616,2140143616,2140143616,2121269248,2131755008,2149580800,2147483648,2129657856,2135425024,2139619328,2586676069
2124414976,2161115136,2157969408,2142240768,2130706432,2148532224,2146435072,2128609280,2146435072,2138570752,2586692087
2133852160,2143289344,2140143616,2122317824,2129657856,2146435072,2144337920,2126512128,2134900736,2136735744,2586708086
2140143616,2141192192,2145386496,2120220672,2129657856,2144337920,2142240768,2124414976,2136735744,2135162880,2586724088
2131755008,2139095040,2136997888,2116026368,2128609280,2146435072,2144337920,2126512128,2130968576,2136473600,2586740087
2124414976,2155872256,2154823680,2135949312,2130706432,2148532224,2146435072,2127560704,2142765056,2138308608,2586756110
2136997888,2142240768,2139095040,2123366400,2130706432,2148532224,2146435072,2129657856,2135425024,2138832896,2586772107
2132803584,2139095040,2142240768,2122317824,2130706432,2148532224,2146435072,2128609280,2134114304,2138570752,2586789001
2145386496,2141192192,2142240768,2120220672,2129657856,2146435072,2145386496,2126512128,2137260032,2136997888,2586805001
2136997888,2138046464,2135949312,2117074944,2128609280,2146435072,2142240768,2125463552,2132017152,2135687168,2586821001
2130706432,2154823680,2146435072,2130706432,2129657856,2146435072,2144337920,2125463552,2140667904,2136473600,2586837001
2144337920,2139095040,2138046464,2117074944,2130706432,2147483648,2145386496,2126512128,2134638592,2137522176,2586853024
2134900736,2139095040,2142240768,2121269248,2130706432,2148532224,2146435072,2129657856,2134376448,2138832896,2586869023
2136997888,2154823680,2150629376,2136997888,2130706432,2147483648,2146435072,2128609280,2144862208,2138308608,2586885023
2124414976,2147483648,2139095040,2132803584,2129657856,2148532224,2145386496,2127560704,2135949312,2137784320,2586901025
2132803584,2142240768,2146435072,2121269248,2129657856,2146435072,2143289344,2124414976,2135687168,2135949312,2586917047
2121269248,2143289344,2138046464,2125463552,2128609280,2146435072,2143289344,2125463552,2132017152,2135949312,2586933045
2120220672,2142240768,2139095040,2126512128,2129657856,2147483648,2144337920,2127560704,2132017152,2137260032,2586949046
2143289344,2146435072,2146435072,2121269248,2131755008,2148532224,2146435072,2128609280,2139357184,2138832896,2586965045
2134900736,2146435072,2152726528,2126512128,2132803584,2148532224,2147483648,2129657856,2140143616,2139619328,2586981068
2136997888,2142240768,2140143616,2122317824,2130706432,2147483648,2146435072,2127560704,2135425024,2138046464,2586997068
2124414976,2146435072,2135949312,2128609280,2129657856,2146435072,2144337920,2124414976,2133852160,2136211456,2587013067
2122317824,2160066560,2155872256,2133852160,2128609280,2146435072,2143289344,2125463552,2143027200,2135949312,2587029066
2136997888,2153775104,2150629376,2125463552,2130706432,2146435072,2144337920,2125463552,2141716480,2136735744,2587045089
2128609280,2159017984,2154823680,2132803584,2130706432,2149580800,2146435072,2128609280,2143813632,2138832896,2587061088
2124414976,2155872256,2147483648,2139095040,2132803584,2148532224,2147483648,2129657856,2141716480,2139619328,2587077086
2124414976,2162163712,2155872256,2144337920,2130706432,2148532224,2146435072,2128609280,2146697216,2138570752,2587093086
2142240768,2141192192,2140143616,2120220672,2130706432,2146435072,2144337920,2124414976,2135949312,2136473600,2587109110
2131755008,2149580800,2146435072,2129657856,2127560704,2145386496,2142240768,2125463552,2139357184,2135162880,2587126001
2122317824,2160066560,2157969408,2133852160,2129657856,2146435072,2143289344,2126512128,2143551488,2136473600,2587142001
2135949312,2146435072,2150629376,2121269248,2130706432,2148532224,2146435072,2128609280,2138570752,2138570752,2587158000
2131755008,2153775104,2154823680,2129657856,2130706432,2148532224,2146435072,2129657856,2142502912,2138832896,2587174001
2143289344,2150629376,2142240768,2126512128,2130706432,2148532224,2146435072,2129657856,2140667904,2138832896,2587190023
2128609280,2163212288,2155872256,2134900736,2129657856,2147483648,2144337920,2127560704,2145648640,2137260032,2587206023
2129657856,2152726528,2150629376,2119172096,2127560704,2146435072,2142240768,2124414976,2138046464,2135162880,2587222023
2121269248,2151677952,2148532224,2129657856,2128609280,2146435072,2144337920,2126512128,2137784320,2136473600,2587238022
2123366400,2147483648,2142240768,2127560704,2130706432,2148532224,2146435072,2128609280,2135162880,2138570752,2587254045
2123366400,2153775104,2149580800,2138046464,2130706432,2148532224,2147483648,2129657856,2141192192,2139095040,2587270046
2141192192,2142240768,2138046464,2121269248,2130706432,2147483648,2146435072,2128609280,2135687168,2138308608,2587286044
2124414976,2159017984,2152726528,2139095040,2129657856,2147483648,2145386496,2126512128,2143813632,2137260032,2587302045
2139095040,2153775104,2140143616,2127560704,2127560704,2147483648,2143289344,2125463552,2140143616,2135949312,2587318068
2124414976,2149580800,2150629376,2131755008,2128609280,2146435072,2143289344,2124414976,2139095040,2135687168,2587334067
2127560704,2154823680,2159017984,2130706432,2129657856,2147483648,2144337920,2126512128,2143027200,2136997888,2587350068
2123366400,2155872256,2151677952,2139095040,2131755008,2148532224,2146435072,2128609280,2142502912,2138832896,2587366068
2140143616,2146435072,2140143616,2123366400,2131755008,2148532224,2146435072,2128609280,2137522176,2138832896,2587382087
2136997888,2152726528,2151677952,2134900736,2129657856,2148532224,2146435072,2128609280,2144075776,2138308608,2587398089
2134900736,2141192192,2139095040,2122317824,2128609280,2147483648,2144337920,2126512128,2134376448,2136735744,2587414086
2138046464,2138046464,2138046464,2117074944,2128609280,2145386496,2142240768,2124414976,2132803584,2135162880,2587430087
2133852160,2139095040,2136997888,2117074944,2128609280,2146435072,2145386496,2126512128,2131755008,2136735744,2587446110
2123366400,2155872256,2150629376,2140143616,2130706432,2148532224,2146435072,2128609280,2142502912,2138570752,2587462109
2134900736,2150629376,2151677952,2124414976,2131755008,2149580800,2146435072,2129657856,2140405760,2139357184,2587479001
2124414976,2152726528,2147483648,2139095040,2130706432,2148532224,2145386496,2128609280,2140930048,2138308608,2587495001
2140143616,2146435072,2138046464,2119172096,2128609280,2146435072,2144337920,2126512128,2135949312,2136473600,2587511001
2132803584,2140143616,2135949312,2122317824,2128609280,2146435072,2143289344,2125463552,2132803584,2135949312,2587527023
2142240768,2138046464,2136997888,2119172096,2128609280,2147483648,2144337920,2126512128,2134114304,2136735744,2587543024
2122317824,2150629376,2152726528,2133852160,2130706432,2147483648,2145386496,2128609280,2139881472,2138046464,2587559023
2126512128,2157969408,2160066560,2143289344,2130706432,2149580800,2147483648,2130706432,2146959360,2139619328,2587575023
2127560704,2143289344,2144337920,2127560704,2131755008,2147483648,2145386496,2128609280,2135687168,2138308608,2587591046
2133852160,2154823680,2148532224,2132803584,2128609280,2147483648,2144337920,2126512128,2142502912,2136735744,2587607045
2122317824,2143289344,2143289344,2123366400,2128609280,2146435072,2143289344,2125463552,2133065728,2135949312,2587623045
2135949312,2140143616,2136997888,2119172096,2128609280,2146435072,2143289344,2125463552,2133065728,2135949312,2587639044
2138046464,2140143616,2138046464,2119172096,2130706432,2147483648,2146435072,2127560704,2133852160,2138046464,2587655068
2123366400,2155872256,2151677952,2138046464,2131755008,2148532224,2147483648,2128609280,2142240768,2139095040,2587671066
2133852160,2140143616,2141192192,2125463552,2130706432,2148532224,2146435072,2128609280,2135162880,2138570752,2587687066
2122317824,2149580800,2149580800,2132803584,2129657856,2147483648,2144337920,2126512128,2138570752,2136997888,2587703069
2130706432,2154823680,2149580800,2132803584,2128609280,2146435072,2143289344,2125463552,2141978624,2135949312,2587719088
2139095040,2146435072,2142240768,2120220672,2129657856,2146435072,2143289344,2125463552,2136997888,2136211456,2587735087
2135949312,2143289344,2139095040,2120220672,2130706432,2147483648,2145386496,2126512128,2134638592,2137522176,2587751087
2123366400,2149580800,2151677952,2132803584,2130706432,2149580800,2147483648,2129657856,2139357184,2139357184,2587767089
2131755008,2157969408,2154823680,2131755008,2130706432,2148532224,2146435072,2128609280,2144075776,2138570752,2587783107
2125463552,2143289344,2138046464,2126512128,2130706432,2147483648,2145386496,2127560704,2133327872,2137784320,2587799108
2139095040,2146435072,2144337920,2122317824,2129657856,2146435072,2143289344,2125463552,2138046464,2136211456,2587816001
2138046464,2140143616,2138046464,2120220672,2127560704,2146435072,2144337920,2125463552,2134114304,2135949312,2587832001
2140143616,2152726528,2141192192,2123366400,2129657856,2147483648,2144337920,2127560704,2139357184,2137260032,2587848001
2141192192,2141192192,2138046464,2121269248,2131755008,2148532224,2146435072,2128609280,2135425024,2138832896,2587864001
2141192192,2142240768,2140143616,2121269248,2131755008,2147483648,2147483648,2128609280,2136211456,2138832896,2587880024
2140143616,2138046464,2138046464,2121269248,2129657856,2148532224,2145386496,2128609280,2134376448,2138046464,2587896022
2122317824,2157969408,2152726528,2140143616,2128609280,2146435072,2144337920,2126512128,2143289344,2136473600,2587912024
2126512128,2146435072,2155872256,2121269248,2128609280,2146435072,2143289344,2125463552,2137522176,2135949312,2587928023
2122317824,2147483648,2147483648,2131755008,2129657856,2146435072,2145386496,2126512128,2137260032,2136997888,2587944045
2123366400,2155872256,2157969408,2140143616,2130706432,2148532224,2146435072,2128609280,2144337920,2138570752,2587960045
2127560704,2143289344,2142240768,2123366400,2130706432,2149580800,2146435072,2130706432,2134114304,2139357184,2587976045
2129657856,2160066560,2157969408,2135949312,2130706432,2148532224,2146435072,2129657856,2145910784,2138832896,2587992043
2138046464,2141192192,2140143616,2120220672,2129657856,2146435072,2144337920,2126512128,2134900736,2136735744,2588008067
2125463552,2141192192,2136997888,2122317824,2128609280,2145386496,2143289344,2124414976,2131492864,2135425024,2588024065
2129657856,2141192192,2135949312,2119172096,2129657856,2146435072,2144337920,2125463552,2131492864,2136473600,2588040066
2140143616,2145386496,2138046464,2119172096,2130706432,2147483648,2145386496,2127560704,2135687168,2137784320,2588056066
2127560704,2160066560,2159017984,2138046464,2130706432,2149580800,2147483648,2130706432,2146172928,2139619328,2588072089
2126512128,2154823680,2159017984,2143289344,2131755008,2148532224,2145386496,2129657856,2145910784,2138832896,2588088088
2124414976,2143289344,2141192192,2128609280,2129657856,2146435072,2144337920,2126512128,2134376448,2136735744,2588104088
2142240768,2141192192,2138046464,2119172096,2128609280,2145386496,2143289344,2124414976,2135162880,2135425024,2588120086
2121269248,2149580800,2136997888,2130706432,2128609280,2146435072,2143289344,2125463552,2134638592,2135949312,2588136109
2131755008,2144337920,2156920832,2120220672,2129657856,2147483648,2145386496,2127560704,2138308608,2137522176,2588153001
2123366400,2145386496,2139095040,2129657856,2130706432,2149580800,2147483648,2129657856,2134376448,2139357184,2588169001
2124414976,2163212288,2157969408,2142240768,2131755008,2148532224,2146435072,2129657856,2146959360,2139095040,2588185001
2123366400,2157969408,2155872256,2140143616,2130706432,2147483648,2144337920,2127560704,2144337920,2137522176,2588201001
2140143616,2150629376,2139095040,2122317824,2128609280,2146435072,2144337920,2126512128,2138046464,2136473600,2588217022
2120220672,2154823680,2147483648,2136997888,2128609280,2146435072,2144337920,2125463552,2139881472,2136211456,2588233025
2123366400,2141192192,2138046464,2124414976,2130706432,2146435072,2144337920,2126512128,2131755008,2136997888,2588249022
2132803584,2155872256,2150629376,2133852160,2130706432,2149580800,2146435072,2130706432,2143289344,2139357184,2588265023
2131755008,2145386496,2141192192,2124414976,2130706432,2148532224,2146435072,2129657856,2135687168,2138832896,2588281045
2122317824,2153775104,2153775104,2138046464,2130706432,2147483648,2146435072,2127560704,2141978624,2138046464,2588297045
2143289344,2138046464,2139095040,2123366400,2128609280,2146435072,2143289344,2126512128,2135949312,2136211456,2588313044
2135949312,2138046464,2133852160,2117074944,2128609280,2146435072,2143289344,2124414976,2131230720,2135687168,2588329047
2122317824,2152726528,2148532224,2134900736,2128609280,2147483648,2145386496,2126512128,2139619328,2136997888,2588345066
2125463552,2142240768,2138046464,2124414976,2130706432,2148532224,2147483648,2129657856,2132541440,2139095040,2588361068
2125463552,2142240768,2142240768,2125463552,2131755008,2148532224,2147483648,2128609280,2133852160,2139095040,2588377066
2146435072,2141192192,2141192192,2121269248,2130706432,2147483648,2146435072,2128609280,2137522176,2138308608,2588393066
2122317824,2156920832,2156920832,2138046464,2129657856,2147483648,2145386496,2126512128,2143551488,2137260032,2588409088
2135949312,2138046464,2136997888,2120220672,2128609280,2146435072,2143289344,2125463552,2132803584,2135949312,2588425088
2120220672,2154823680,2147483648,2138046464,2128609280,2147483648,2144337920,2126512128,2140143616,2136735744,2588441086
2126512128,2156920832,2153775104,2133852160,2130706432,2147483648,2145386496,2127560704,2142765056,2137784320,2588457086
2133852160,2141192192,2141192192,2122317824,2131755008,2148532224,2146435072,2129657856,2134638592,2139095040,2588473109
2126512128,2161115136,2156920832,2140143616,2130706432,2149580800,2146435072,2129657856,2146172928,2139095040,2588489110
2135949312,2140143616,2136997888,2120220672,2129657856,2147483648,2144337920,2126512128,2133327872,2136997888,2588506001
2144337920,2138046464,2139095040,2116026368,2129657856,2145386496,2143289344,2124414976,2134376448,2135687168,2588522001
2127560704,2156920832,2152726528,2133852160,2128609280,2146435072,2144337920,2126512128,2142765056,2136473600,2588538001
2125463552,2162163712,2157969408,2139095040,2129657856,2148532224,2145386496,2128609280,2146172928,2138046464,2588554023
2133852160,2140143616,2139095040,2121269248,2130706432,2148532224,2147483648,2128609280,2133590016,2138832896,2588570023
2126512128,2159017984,2160066560,2138046464,2131755008,2148532224,2146435072,2129657856,2145910784,2139095040,2588586024
2140143616,2152726528,2151677952,2125463552,2129657856,2147483648,2144337920,2126512128,2142502912,2136997888,2588602023
2121269248,2147483648,2147483648,2130706432,2128609280,2146435072,2144337920,2125463552,2136735744,2136211456,2588618045
2133852160,2140143616,2138046464,2120220672,2128609280,2146435072,2143289344,2125463552,2133065728,2135949312,2588634044
2141192192,2139095040,2139095040,2117074944,2130706432,2147483648,2145386496,2127560704,2134114304,2137784320,2588650045
2124414976,2150629376,2152726528,2133852160,2129657856,2149580800,2146435072,2130706432,2140405760,2139095040,2588666047
2136997888,2153775104,2146435072,2127560704,2130706432,2148532224,2146435072,2129657856,2141192192,2138832896,2588682067
2139095040,2142240768,2141192192,2127560704,2130706432,2147483648,2145386496,2127560704,2137522176,2137784320,2588698067
2138046464,2146435072,2139095040,2119172096,2128609280,2146435072,2144337920,2125463552,2135687168,2136211456,2588714067
2141192192,2139095040,2136997888,2114977792,2128609280,2146435072,2143289344,2124414976,2133065728,2135687168,2588730066
2138046464,2138046464,2135949312,2121269248,2129657856,2146435072,2145386496,2125463552,2133327872,2136735744,2588746088
2133852160,2141192192,2140143616,2124414976,2130706432,2148532224,2145386496,2128609280,2134900736,2138308608,2588762087
2141192192,2153775104,2146435072,2124414976,2131755008,2149580800,2147483648,2129657856,2141454336,2139619328,2588778087
2131755008,2157969408,2153775104,2136997888,2130706432,2147483648,2146435072,2126512128,2145124352,2137784320,2588794088
2120220672,2152726528,2143289344,2138046464,2128609280,2147483648,2144337920,2127560704,2138570752,2136997888,2588810109
2127560704,2154823680,2151677952,2134900736,2128609280,2145386496,2142240768,2124414976,2142240768,2135162880,2588826106
2123366400,2143289344,2139095040,2124414976,2129657856,2145386496,2144337920,2125463552,2132541440,2136211456,2588843001
2123366400,2154823680,2149580800,2140143616,2129657856,2148532224,2146435072,2129657856,2141978624,2138570752,2588859001
2124414976,2148532224,2148532224,2133852160,2131755008,2148532224,2147483648,2129657856,2138832896,2139357184,2588875001
2131755008,2155872256,2157969408,2133852160,2130706432,2148532224,2146435072,2128609280,2144862208,2138570752,2588891001
2122317824,2152726528,2147483648,2139095040,2129657856,2147483648,2144337920,2126512128,2140405760,2136997888,2588907023
2125463552,2154823680,2151677952,2136997888,2129657856,2145386496,2143289344,2124414976,2142240768,2135687168,2588923023
2126512128,2152726528,2154823680,2133852160,2127560704,2147483648,2144337920,2126512128,2141978624,2136473600,2588939024
2123366400,2142240768,2143289344,2127560704,2129657856,2148532224,2146435072,2128609280,2134114304,2138308608,2588955024
2123366400,2148532224,2144337920,2130706432,2130706432,2148532224,2146435072,2129657856,2136735744,2138832896,2588971045
2123366400,2145386496,2147483648,2128609280,2130706432,2149580800,2146435072,2129657856,2136211456,2139095040,2588987046
2133852160,2143289344,2142240768,2123366400,2130706432,2147483648,2144337920,2126512128,2135687168,2137260032,2589003047
2121269248,2147483648,2147483648,2130706432,2127560704,2145386496,2144337920,2124414976,2136735744,2135425024,2589019043
2138046464,2136997888,2133852160,2117074944,2128609280,2146435072,2144337920,2125463552,2131492864,2136211456,2589035066
2127560704,2140143616,2135949312,2121269248,2129657856,2147483648,2145386496,2127560704,2131230720,2137522176,2589051067
2124414976,2160066560,2147483648,2145386496,2130706432,2149580800,2146435072,2130706432,2144337920,2139357184,2589067066
2126512128,2162163712,2155872256,2135949312,2131755008,2149580800,2146435072,2129657856,2145124352,2139357184,2589083065
2142240768,2143289344,2139095040,2122317824,2130706432,2148532224,2145386496,2127560704,2136735744,2138046464,2589099088
2123366400,2142240768,2139095040,2125463552,2129657856,2145386496,2143289344,2125463552,2132541440,2135949312,2589115088
2126512128,2153775104,2154823680,2136997888,2128609280,2146435072,2143289344,2124414976,2143027200,2135687168,2589131089
2121269248,2142240768,2142240768,2125463552,2129657856,2146435072,2145386496,2126512128,2132803584,2136997888,2589147086
2136997888,2146435072,2146435072,2119172096,2130706432,2149580800,2146435072,2129657856,2137260032,2139095040,2589163109
2129657856,2142240768,2140143616,2126512128,2130706432,2148532224,2147483648,2129657856,2134638592,2139095040,2589180001
2132803584,2157969408,2154823680,2133852160,2130706432,2147483648,2146435072,2127560704,2144862208,2138046464,2589196001
2136997888,2146435072,2148532224,2121269248,2129657856,2146435072,2144337920,2126512128,2138308608,2136735744,2589212001
2133852160,2141192192,2135949312,2118123520,2128609280,2146435072,2142240768,2124414976,2132279296,2135425024,2589228001
2135949312,2150629376,2146435072,2129657856,2129657856,2146435072,2143289344,2126512128,2140667904,2136473600,2589244023
2126512128,2156920832,2156920832,2135949312,2129657856,2149580800,2146435072,2129657856,2144075776,2138832896,2589260023
2141192192,2140143616,2140143616,2121269248,2131755008,2149580800,2147483648,2129657856,2135687168,2139619328,2589276023
2141192192,2144337920,2146435072,2126512128,2130706432,2147483648,2145386496,2127560704,2139619328,2137784320,2589292023
2125463552,2147483648,2141192192,2124414976,2128609280,2147483648,2144337920,2127560704,2134638592,2136997888,2589308045
2140143616,2151677952,2135949312,2125463552,2128609280,2145386496,2142240768,2124414976,2138308608,2135162880,2589324045
2124414976,2139095040,2139095040,2119172096,2128609280,2146435072,2142240768,2125463552,2130444288,2135687168,2589340045
2124414976,2150629376,2153775104,2134900736,2130706432,2148532224,2145386496,2127560704,2140930048,2138046464,2589356044
2135949312,2140143616,2140143616,2121269248,2131755008,2148532224,2146435072,2129657856,2134376448,2139095040,2589372066
2142240768,2145386496,2140143616,2121269248,2130706432,2148532224,2146435072,2128609280,2137260032,2138570752,2589388067
2138046464,2146435072,2138046464,2119172096,2128609280,2147483648,2145386496,2126512128,2135425024,2136997888,2589404067
2141192192,2146435072,2139095040,2118123520,2129657856,2145386496,2143289344,2125463552,2136211456,2135949312,2589420067
2139095040,2143289344,2136997888,2120220672,2128609280,2146435072,2143289344,2125463552,2134900736,2135949312,2589436088
2123366400,2147483648,2138046464,2130706432,2131755008,2146435072,2145386496,2127560704,2134900736,2137784320,2589452087
2131755008,2160066560,2156920832,2132803584,2130706432,2150629376,2147483648,2129657856,2145386496,2139619328,2589468087
2138046464,2142240768,2139095040,2124414976,2130706432,2149580800,2147483648,2129657856,2135949312,2139357184,2589484089
2139095040,2144337920,2141192192,2122317824,2129657856,2147483648,2145386496,2127560704,2136735744,2137522176,2589500112
2123366400,2142240768,2145386496,2124414976,2128609280,2146435072,2143289344,2126512128,2133852160,2136211456,2589516110
2131755008,2140143616,2146435072,2121269248,2127560704,2147483648,2143289344,2125463552,2134900736,2135949312,2589533001
2126512128,2147483648,2152726528,2129657856,2130706432,2147483648,2145386496,2127560704,2139095040,2137784320,2589549001
2124414976,2151677952,2143289344,2139095040,2131755008,2148532224,2146435072,2129657856,2139619328,2139095040,2589565001
2135949312,2142240768,2142240768,2124414976,2131755008,2148532224,2146435072,2129657856,2136211456,2139095040,2589581023
2124414976,2148532224,2147483648,2134900736,2129657856,2147483648,2145386496,2127560704,2138832896,2137522176,2589597022
2132803584,2146435072,2149580800,2121269248,2128609280,2146435072,2144337920,2125463552,2137522176,2136211456,2589613023
2121269248,2143289344,2139095040,2122317824,2127560704,2147483648,2143289344,2125463552,2131492864,2135949312,2589629024
2125463552,2156920832,2157969408,2129657856,2128609280,2147483648,2145386496,2127560704,2142502912,2137260032,2589645046
2136997888,2143289344,2139095040,2122317824,2130706432,2148532224,2146435072,2128609280,2135425024,2138570752,2589661044
2123366400,2150629376,2147483648,2133852160,2130706432,2148532224,2147483648,2129657856,2138832896,2139095040,2589677045
2142240768,2153775104,2142240768,2130706432,2130706432,2147483648,2145386496,2127560704,2142240768,2137784320,2589693045
2124414976,2160066560,2155872256,2139095040,2128609280,2147483648,2144337920,2126512128,2144862208,2136735744,2589709068
2136997888,2142240768,2135949312,2118123520,2128609280,2146435072,2143289344,2125463552,2133327872,2135949312,2589725065
2124414976,2140143616,2135949312,2121269248,2129657856,2146435072,2143289344,2126512128,2130444288,2136473600,2589741068
2127560704,2140143616,2135949312,2121269248,2129657856,2147483648,2145386496,2128609280,2131230720,2137784320,2589757066
2141192192,2146435072,2141192192,2124414976,2130706432,2149580800,2147483648,2130706432,2138308608,2139619328,2589773088
2141192192,2155872256,2146435072,2132803584,2130706432,2148532224,2146435072,2128609280,2144075776,2138570752,2589789086
2124414976,2164260864,2153775104,2139095040,2129657856,2147483648,2144337920,2126512128,2145386496,2136997888,2589805088
2138046464,2139095040,2136997888,2117074944,2128609280,2146435072,2143289344,2124414976,2132803584,2135687168,2589821089
2133852160,2140143616,2134900736,2118123520,2128609280,2145386496,2144337920,2125463552,2131755008,2135949312,2589837110
2124414976,2154823680,2154823680,2138046464,2130706432,2148532224,2146435072,2127560704,2143027200,2138308608,2589853105
2139095040,2146435072,2150629376,2122317824,2131755008,2148532224,2148532224,2128609280,2139619328,2139357184,2589870001
2131755008,2159017984,2157969408,2141192192,2131755008,2148532224,2146435072,2128609280,2147483648,2138832896,2589886001
2123366400,2143289344,2147483648,2127560704,2130706432,2146435072,2145386496,2126512128,2135425024,2137260032,2589902001
2123366400,2159017984,2154823680,2133852160,2128609280,2146435072,2143289344,2125463552,2142765056,2135949312,2589918001
2121269248,2159017984,2148532224,2136997888,2128609280,2146435072,2144337920,2125463552,2141454336,2136211456,2589934024
2138046464,2143289344,2136997888,2120220672,2129657856,2147483648,2145386496,2127560704,2134638592,2137522176,2589950023
2140143616,2146435072,2140143616,2124414976,2131755008,2148532224,2146435072,2129657856,2137784320,2139095040,2589966023
2143289344,2140143616,2140143616,2121269248,2131755008,2148532224,2146435072,2129657856,2136211456,2139095040,2589982023
2122317824,2159017984,2151677952,2142240768,2130706432,2147483648,2145386496,2127560704,2143813632,2137784320,2589998046
2138046464,2138046464,2136997888,2120220672,2129657856,2145386496,2144337920,2125463552,2133327872,2136211456,2590014045
2141192192,2146435072,2142240768,2120220672,2128609280,2145386496,2143289344,2124414976,2137522176,2135425024,2590030045
2134900736,2141192192,2150629376,2117074944,2128609280,2147483648,2144337920,2126512128,2135949312,2136735744,2590046044
2142240768,2140143616,2138046464,2121269248,2130706432,2149580800,2145386496,2129657856,2135425024,2138832896,2590062066
2135949312,2153775104,2150629376,2133852160,2131755008,2149580800,2147483648,2129657856,2143551488,2139619328,2590078066
2123366400,2144337920,2147483648,2126512128,2130706432,2148532224,2145386496,2128609280,2135425024,2138308608,2590094067
2140143616,2138046464,2136997888,2119172096,2128609280,2147483648,2144337920,2126512128,2133590016,2136735744,2590110066
2121269248,2159017984,2151677952,2134900736,2128609280,2145386496,2143289344,2125463552,2141716480,2135687168,2590126087
2125463552,2154823680,2156920832,2131755008,2128609280,2147483648,2144337920,2126512128,2142240768,2136735744,2590142090
2131755008,2155872256,2146435072,2130706432,2130706432,2147483648,2145386496,2127560704,2141192192,2137784320,2590158088
2123366400,2147483648,2149580800,2130706432,2130706432,2148532224,2147483648,2129657856,2137784320,2139095040,2590174085
2145386496,2142240768,2140143616,2121269248,2130706432,2148532224,2146435072,2128609280,2137260032,2138570752,2590190110
2133852160,2139095040,2139095040,2119172096,2129657856,2146435072,2143289344,2126512128,2132803584,2136473600,2590207001
2120220672,2147483648,2143289344,2130706432,2128609280,2145386496,2143289344,2124414976,2135425024,2135425024,2590223001
2128609280,2157969408,2150629376,2134900736,2128609280,2146435072,2144337920,2125463552,2143027200,2136211456,2590239001
2140143616,2138046464,2136997888,2117074944,2130706432,2148532224,2145386496,2128609280,2133065728,2138308608,2590255001
2126512128,2160066560,2161115136,2135949312,2132803584,2148532224,2146435072,2128609280,2145910784,2139095040,2590271024
2123366400,2149580800,2148532224,2134900736,2130706432,2149580800,2146435072,2129657856,2139095040,2139095040,2590287023
2139095040,2151677952,2139095040,2127560704,2128609280,2147483648,2144337920,2127560704,2139357184,2136997888,2590303024
2126512128,2154823680,2153775104,2134900736,2128609280,2146435072,2143289344,2126512128,2142502912,2136211456,2590319024
2119172096,2147483648,2141192192,2129657856,2128609280,2145386496,2143289344,2124414976,2134376448,2135425024,2590335045
2122317824,2157969408,2151677952,2143289344,2129657856,2147483648,2145386496,2127560704,2143813632,2137522176,2590351044
2125463552,2142240768,2140143616,2123366400,2131755008,2148532224,2147483648,2128609280,2132803584,2139095040,2590367046
2125463552,2144337920,2142240768,2128609280,2130706432,2148532224,2146435072,2129657856,2135162880,2138832896,2590383046
2136997888,2150629376,2146435072,2127560704,2128609280,2148532224,2145386496,2128609280,2140405760,2137784320,2590399065
2132803584,2146435072,2152726528,2124414976,2128609280,2146435072,2143289344,2125463552,2139095040,2135949312,2590415066
2129657856,2139095040,2140143616,2119172096,2128609280,2146435072,2143289344,2124414976,2132017152,2135687168,2590431066
2122317824,2150629376,2147483648,2134900736,2129657856,2147483648,2145386496,2127560704,2138832896,2137522176,2590447066
2122317824,2149580800,2143289344,2132803584,2130706432,2148532224,2146435072,2129657856,2136997888,2138832896,2590463089
2147483648,2142240768,2143289344,2123366400,2130706432,2149580800,2146435072,2129657856,2139095040,2139095040,2590479086
2126512128,2163212288,2157969408,2139095040,2130706432,2147483648,2146435072,2128609280,2146697216,2138308608,2590495088
2126512128,2162163712,2156920832,2136997888,2128609280,2146435072,2144337920,2125463552,2145648640,2136211456,2590511087
2123366400,2147483648,2152726528,2131755008,2127560704,2146435072,2144337920,2126512128,2138832896,2136211456,2590527111
2127560704,2152726528,2154823680,2127560704,2129657856,2147483648,2145386496,2126512128,2140667904,2137260032,2590543110
2138046464,2140143616,2138046464,2121269248,2131755008,2148532224,2146435072,2128609280,2134376448,2138832896,2590560001
2126512128,2160066560,2156920832,2139095040,2131755008,2150629376,2148532224,2130706432,2145648640,2140405760,2590576001
2134900736,2157969408,2151677952,2135949312,2131755008,2147483648,2145386496,2128609280,2145124352,2138308608,2590592001
2140143616,2142240768,2139095040,2122317824,2128609280,2146435072,2144337920,2126512128,2135949312,2136473600,2590608024
2122317824,2142240768,2144337920,2125463552,2128609280,2146435072,2143289344,2125463552,2133590016,2135949312,2590624023
2131755008,2146435072,2145386496,2120220672,2128609280,2147483648,2145386496,2125463552,2135949312,2136735744,2590640023
2126512128,2157969408,2156920832,2139095040,2129657856,2148532224,2146435072,2128609280,2145124352,2138308608,2590656023
2121269248,2161115136,2149580800,2145386496,2131755008,2149580800,2147483648,2129657856,2144337920,2139619328,2590672044
2138046464,2140143616,2140143616,2121269248,2131755008,2148532224,2146435072,2128609280,2134900736,2138832896,2590688044
2133852160,2157969408,2152726528,2133852160,2129657856,2147483648,2144337920,2127560704,2144600064,2137260032,2590704046
2126512128,2153775104,2156920832,2135949312,2128609280,2146435072,2143289344,2125463552,2143289344,2135949312,2590720045
2134900736,2139095040,2134900736,2119172096,2128609280,2146435072,2144337920,2125463552,2132017152,2136211456,2590736066
2131755008,2146435072,2151677952,2119172096,2129657856,2147483648,2145386496,2127560704,2137260032,2137522176,2590752066
2136997888,2156920832,2151677952,2140143616,2130706432,2148532224,2147483648,2129657856,2146435072,2139095040,2590768065
2126512128,2145386496,2143289344,2129657856,2131755008,2148532224,2146435072,2129657856,2136211456,2139095040,2590784067
2138046464,2139095040,2135949312,2121269248,2129657856,2148532224,2145386496,2127560704,2133590016,2137784320,2590800088
2141192192,2140143616,2141192192,2119172096,2128609280,2146435072,2143289344,2125463552,2135425024,2135949312,2590816088
2123366400,2156920832,2154823680,2135949312,2128609280,2146435072,2144337920,2125463552,2142765056,2136211456,2590832087
2134900736,2143289344,2133852160,2122317824,2129657856,2147483648,2145386496,2127560704,2133590016,2137522176,2590848086
2124414976,2149580800,2155872256,2132803584,2130706432,2148532224,2146435072,2128609280,2140667904,2138570752,2590864111
2140143616,2146435072,2139095040,2124414976,2131755008,2148532224,2146435072,2129657856,2137522176,2139095040,2590880106
2121269248,2159017984,2156920832,2135949312,2129657856,2147483648,2146435072,2128609280,2143289344,2138046464,2590897001
2143289344,2146435072,2140143616,2121269248,2129657856,2146435072,2143289344,2125463552,2137784320,2136211456,2590913001
2120220672,2155872256,2147483648,2138046464,2128609280,2146435072,2143289344,2125463552,2140405760,2135949312,2590929001
2122317824,2151677952,2151677952,2134900736,2129657856,2146435072,2144337920,2126512128,2140143616,2136735744,2590945001
2123366400,2162163712,2155872256,2143289344,2130706432,2148532224,2146435072,2128609280,2146172928,2138570752,2590961024
2143289344,2146435072,2142240768,2122317824,2130706432,2149580800,2146435072,2129657856,2138570752,2139095040,2590977023
2124414976,2145386496,2141192192,2130706432,2129657856,2148532224,2146435072,2128609280,2135425024,2138308608,2590993023
2122317824,2161115136,2154823680,2135949312,2128609280,2147483648,2144337920,2126512128,2143551488,2136735744,2591009022
2122317824,2147483648,2153775104,2128609280,2128609280,2145386496,2143289344,2124414976,2138046464,2135425024,2591025047
2121269248,2139095040,2144337920,2121269248,2129657856,2146435072,2144337920,2125463552,2131492864,2136473600,2591041045
2124414976,2161115136,2161115136,2133852160,2129657856,2148532224,2146435072,2128609280,2145124352,2138308608,2591057046
2142240768,2141192192,2140143616,2123366400,2131755008,2148532224,2146435072,2129657856,2136735744,2139095040,2591073045
2133852160,2143289344,2142240768,2124414976,2131755008,2148532224,2146435072,2128609280,2135949312,2138832896,2591089066
2145386496,2143289344,2140143616,2120220672,2130706432,2147483648,2144337920,2126512128,2137260032,2137260032,2591105066
2121269248,2147483648,2144337920,2130706432,2127560704,2145386496,2143289344,2124414976,2135949312,2135162880,2591121066
2134900736,2149580800,2144337920,2125463552,2128609280,2146435072,2144337920,2125463552,2138570752,2136211456,2591137066
2124414976,2143289344,2149580800,2123366400,2129657856,2147483648,2145386496,2127560704,2135162880,2137522176,2591153088
2122317824,2163212288,2157969408,2143289344,2130706432,2148532224,2146435072,2129657856,2146697216,2138832896,2591169088
2141192192,2141192192,2140143616,2121269248,2131755008,2148532224,2146435072,2128609280,2135949312,2138832896,2591185089
2143289344,2144337920,2138046464,2121269248,2130706432,2147483648,2144337920,2126512128,2136735744,2137260032,2591201087
2120220672,2143289344,2141192192,2126512128,2127560704,2147483648,2143289344,2125463552,2132803584,2135949312,2591217109
2120220672,2155872256,2150629376,2131755008,2128609280,2146435072,2144337920,2124414976,2139619328,2135949312,2591234001
2125463552,2147483648,2157969408,2129657856,2130706432,2147483648,2144337920,2127560704,2140143616,2137522176,2591250001
2134900736,2154823680,2146435072,2132803584,2131755008,2148532224,2147483648,2128609280,2142240768,2139095040,2591266001
2127560704,2142240768,2139095040,2126512128,2130706432,2148532224,2146435072,2129657856,2133852160,2138832896,2591282001
2124414976,2146435072,2143289344,2128609280,2129657856,2148532224,2146435072,2128609280,2135687168,2138308608,2591298024
2140143616,2139095040,2138046464,2119172096,2128609280,2146435072,2143289344,2125463552,2134114304,2135949312,2591314023
2129657856,2150629376,2154823680,2127560704,2127560704,2146435072,2143289344,2125463552,2140667904,2135687168,2591330022
2136997888,2138046464,2136997888,2118123520,2129657856,2146435072,2144337920,2125463552,2132541440,2136473600,2591346023
2134900736,2140143616,2140143616,2121269248,2130706432,2148532224,2146435072,2129657856,2134114304,2138832896,2591362046
2141192192,2140143616,2140143616,2121269248,2131755008,2148532224,2146435072,2128609280,2135687168,2138832896,2591378045
2125463552,2159017984,2157969408,2141192192,2130706432,2148532224,2146435072,2128609280,2145910784,2138570752,2591394045
2121269248,2147483648,2147483648,2128609280,2128609280,2146435072,2144337920,2126512128,2136211456,2136473600,2591410046
2120220672,2153775104,2147483648,2129657856,2128609280,2146435072,2143289344,2125463552,2137784320,2135949312,2591426067
2135949312,2138046464,2135949312,2117074944,2128609280,2147483648,2144337920,2126512128,2131755008,2136735744,2591442066
2123366400,2155872256,2151677952,2139095040,2129657856,2149580800,2146435072,2128609280,2142502912,2138570752,2591458065
2124414976,2145386496,2140143616,2128609280,2130706432,2148532224,2146435072,2129657856,2134638592,2138832896,2591474065
2133852160,2146435072,2152726528,2124414976,2130706432,2148532224,2145386496,2128609280,2139357184,2138308608,2591490089
2124414976,2145386496,2141192192,2129657856,2129657856,2147483648,2144337920,2126512128,2135162880,2136997888,2591506089
2139095040,2141192192,2138046464,2119172096,2129657856,2145386496,2143289344,2124414976,2134376448,2135687168,2591522085
2140143616,2138046464,2136997888,2120220672,2128609280,2146435072,2143289344,2126512128,2133852160,2136211456,2591538089
2132803584,2150629376,2146435072,2132803584,2130706432,2148532224,2146435072,2127560704,2140667904,2138308608,2591554111
2129657856,2143289344,2139095040,2126512128,2131755008,2149580800,2147483648,2130706432,2134638592,2139881472,2591570111
2140143616,2141192192,2141192192,2123366400,2131755008,2148532224,2146435072,2128609280,2136473600,2138832896,2591587001
2131755008,2143289344,2143289344,2122317824,2129657856,2147483648,2145386496,2127560704,2135162880,2137522176,2591603001
2135949312,2141192192,2136997888,2118123520,2128609280,2145386496,2144337920,2124414976,2133065728,2135687168,2591619001
2143289344,2135949312,2136997888,2116026368,2129657856,2145386496,2143289344,2124414976,2133065728,2135687168,2591635025
2139095040,2140143616,2136997888,2119172096,2130706432,2147483648,2145386496,2127560704,2133852160,2137784320,2591651023
2125463552,2156920832,2155872256,2139095040,2130706432,2149580800,2147483648,2129657856,2144337920,2139357184,2591667024
2142240768,2154823680,2142240768,2129657856,2130706432,2149580800,2146435072,2130706432,2142240768,2139357184,2591683024
2122317824,2147483648,2144337920,2130706432,2129657856,2148532224,2145386496,2127560704,2136211456,2137784320,2591699047
2132803584,2141192192,2141192192,2122317824,2129657856,2146435072,2143289344,2125463552,2134376448,2136211456,2591715046
2129657856,2141192192,2134900736,2122317824,2128609280,2146435072,2143289344,2125463552,2132017152,2135949312,2591731045
2122317824,2153775104,2147483648,2136997888,2129657856,2146435072,2143289344,2127560704,2140143616,2136735744,2591747047
2138046464,2141192192,2139095040,2119172096,2130706432,2149580800,2146435072,2128609280,2134376448,2138832896,2591763066
2124414976,2147483648,2141192192,2130706432,2131755008,2149580800,2147483648,2130706432,2135949312,2139881472,2591779067
2140143616,2142240768,2146435072,2121269248,2130706432,2147483648,2146435072,2128609280,2137522176,2138308608,2591795067
2122317824,2160066560,2154823680,2138046464,2128609280,2146435072,2144337920,2125463552,2143813632,2136211456,2591811066
2138046464,2138046464,2135949312,2121269248,2128609280,2145386496,2143289344,2124414976,2133327872,2135425024,2591827090
2125463552,2157969408,2159017984,2129657856,2129657856,2146435072,2145386496,2126512128,2143027200,2136997888,2591843088
2124414976,2157969408,2153775104,2141192192,2129657856,2148532224,2146435072,2128609280,2144337920,2138308608,2591859088
2135949312,2142240768,2139095040,2124414976,2131755008,2148532224,2147483648,2129657856,2135425024,2139357184,2591875090
2142240768,2143289344,2138046464,2121269248,2130706432,2148532224,2146435072,2128609280,2136211456,2138570752,2591891110
2124414976,2149580800,2152726528,2132803584,2128609280,2147483648,2145386496,2127560704,2139881472,2137260032,2591907107
2131755008,2139095040,2135949312,2119172096,2129657856,2144337920,2143289344,2124414976,2131492864,2135425024,2591924001
2122317824,2140143616,2147483648,2121269248,2128609280,2146435072,2143289344,2125463552,2132803584,2135949312,2591940001
2143289344,2139095040,2138046464,2119172096,2130706432,2147483648,2145386496,2127560704,2134900736,2137784320,2591956001
2141192192,2140143616,2139095040,2121269248,2131755008,2148532224,2147483648,2129657856,2135425024,2139357184,2591972001
2123366400,2142240768,2147483648,2125463552,2130706432,2147483648,2145386496,2128609280,2134638592,2138046464,2591988023
2124414976,2143289344,2147483648,2129657856,2129657856,2147483648,2145386496,2126512128,2136211456,2137260032,2592004023
2135949312,2135949312,2135949312,2117074944,2129657856,2145386496,2143289344,2124414976,2131230720,2135687168,2592020023
2121269248,2157969408,2147483648,2141192192,2127560704,2147483648,2143289344,2126512128,2141978624,2136211456,2592036022
2122317824,2141192192,2141192192,2121269248,2129657856,2147483648,2146435072,2127560704,2131492864,2137784320,2592052045
2132803584,2146435072,2153775104,2125463552,2131755008,2148532224,2146435072,2128609280,2139619328,2138832896,2592068045
2125463552,2153775104,2157969408,2139095040,2130706432,2149580800,2146435072,2129657856,2144075776,2139095040,2592084046
2133852160,2156920832,2153775104,2133852160,2130706432,2147483648,2145386496,2127560704,2144600064,2137784320,2592100045
2135949312,2152726528,2150629376,2121269248,2129657856,2145386496,2144337920,2124414976,2140143616,2135949312,2592116068
2129657856,2138046464,2136997888,2119172096,2128609280,2145386496,2142240768,2124414976,2130968576,2135162880,2592132068
2123366400,2142240768,2139095040,2123366400,2129657856,2147483648,2145386496,2127560704,2132017152,2137522176,2592148065
2125463552,2141192192,2138046464,2123366400,2131755008,2149580800,2147483648,2129657856,2132017152,2139619328,2592164066
2142240768,2143289344,2140143616,2122317824,2131755008,2148532224,2146435072,2129657856,2136997888,2139095040,2592180088
2132803584,2156920832,2153775104,2131755008,2130706432,2147483648,2145386496,2126512128,2143813632,2137522176,2592196089
2123366400,2147483648,2151677952,2129657856,2128609280,2146435072,2143289344,2126512128,2138046464,2136211456,2592212089
2121269248,2143289344,2147483648,2124414976,2128609280,2144337920,2142240768,2123366400,2134114304,2134638592,2592228087
2124414976,2149580800,2151677952,2131755008,2129657856,2146435072,2144337920,2126512128,2139357184,2136735744,2592244109
2145386496,2139095040,2141192192,2117074944,2130706432,2147483648,2146435072,2128609280,2135687168,2138308608,2592261001
2123366400,2161115136,2151677952,2140143616,2131755008,2149580800,2147483648,2130706432,2144075776,2139881472,2592277001
2138046464,2143289344,2154823680,2121269248,2130706432,2148532224,2146435072,2128609280,2139357184,2138570752,2592293001
2121269248,2156920832,2151677952,2139095040,2128609280,2146435072,2144337920,2126512128,2142240768,2136473600,2592309001
2122317824,2151677952,2153775104,2134900736,2128609280,2146435072,2144337920,2125463552,2140667904,2136211456,2592325026
2133852160,2146435072,2146435072,2118123520,2128609280,2146435072,2144337920,2125463552,2136211456,2136211456,2592341023
2134900736,2154823680,2150629376,2123366400,2129657856,2149580800,2146435072,2129657856,2140930048,2138832896,2592357024
2124414976,2147483648,2147483648,2132803584,2130706432,2148532224,2147483648,2129657856,2138046464,2139095040,2592373026
2136997888,2157969408,2152726528,2140143616,2131755008,2148532224,2145386496,2128609280,2146959360,2138570752,2592389046
2123366400,2152726528,2152726528,2136997888,2129657856,2147483648,2145386496,2126512128,2141454336,2137260032,2592405045
2138046464,2150629376,2135949312,2128609280,2128609280,2146435072,2143289344,2124414976,2138308608,2135687168,2592421044
2142240768,2136997888,2135949312,2114977792,2128609280,2146435072,2144337920,2125463552,2132541440,2136211456,2592437047
2133852160,2152726528,2150629376,2125463552,2130706432,2147483648,2145386496,2127560704,2140667904,2137784320,2592453067
2122317824,2162163712,2155872256,2144337920,2130706432,2149580800,2147483648,2129657856,2146172928,2139357184,2592469066
2140143616,2145386496,2145386496,2123366400,2131755008,2148532224,2146435072,2128609280,2138570752,2138832896,2592485065
2129657856,2143289344,2139095040,2124414976,2129657856,2147483648,2145386496,2127560704,2134114304,2137522176,2592501067
2122317824,2147483648,2141192192,2127560704,2128609280,2146435072,2144337920,2125463552,2134638592,2136211456,2592517091
2119172096,2150629376,2147483648,2133852160,2127560704,2146435072,2144337920,2125463552,2137784320,2135949312,2592533089
2126512128,2160066560,2154823680,2134900736,2129657856,2147483648,2145386496,2127560704,2144075776,2137522176,2592549085
2134900736,2153775104,2150629376,2129657856,2131755008,2148532224,2145386496,2128609280,2142240768,2138570752,2592565089
2143289344,2141192192,2146435072,2121269248,2131755008,2148532224,2147483648,2129657856,2138046464,2139357184,2592581109
2123366400,2149580800,2147483648,2134900736,2129657856,2148532224,2146435072,2128609280,2138832896,2138308608,2592597107
2123366400,2157969408,2156920832,2135949312,2128609280,2147483648,2145386496,2126512128,2143551488,2136997888,2592614000
2134900736,2139095040,2134900736,2118123520,2129657856,2145386496,2143289344,2124414976,2131755008,2135687168,2592630001
2136997888,2151677952,2146435072,2127560704,2129657856,2147483648,2144337920,2127560704,2140667904,2137260032,2592646001
2124414976,2149580800,2148532224,2133852160,2130706432,2148532224,2145386496,2128609280,2139095040,2138308608,2592662024
2132803584,2156920832,2156920832,2138046464,2131755008,2148532224,2146435072,2129657856,2146172928,2139095040,2592678022
2134900736,2152726528,2154823680,2125463552,2129657856,2148532224,2145386496,2128609280,2141978624,2138046464,2592694023
2122317824,2149580800,2147483648,2131755008,2129657856,2147483648,2144337920,2126512128,2137784320,2136997888,2592710024
2120220672,2154823680,2151677952,2135949312,2128609280,2145386496,2143289344,2125463552,2140667904,2135687168,2592726045
2131755008,2146435072,2150629376,2121269248,2129657856,2145386496,2143289344,2125463552,2137522176,2135949312,2592742045
2129657856,2140143616,2138046464,2123366400,2131755008,2147483648,2145386496,2127560704,2132803584,2138046464,2592758045
2135949312,2140143616,2139095040,2120220672,2131755008,2149580800,2147483648,2129657856,2133852160,2139619328,2592774046
2128609280,2144337920,2141192192,2128609280,2130706432,2148532224,2146435072,2129657856,2135687168,2138832896,2592790066
2123366400,2147483648,2139095040,2130706432,2129657856,2146435072,2144337920,2126512128,2135162880,2136735744,2592806067
2122317824,2160066560,2149580800,2139095040,2128609280,2145386496,2143289344,2125463552,2142765056,2135687168,2592822067
2135949312,2138046464,2135949312,2119172096,2128609280,2146435072,2143289344,2125463552,2132279296,2135949312,2592838067
2122317824,2140143616,2143289344,2123366400,2130706432,2147483648,2145386496,2128609280,2132279296,2138046464,2592854089
2126512128,2161115136,2159017984,2140143616,2130706432,2149580800,2146435072,2129657856,2146697216,2139095040,2592870086
2125463552,2166358016,2155872256,2146435072,2131755008,2149580800,2146435072,2130706432,2148532224,2139619328,2592886088
2124414976,2150629376,2148532224,2133852160,2129657856,2147483648,2145386496,2127560704,2139357184,2137522176,2592902086
2140143616,2152726528,2143289344,2125463552,2129657856,2146435072,2143289344,2125463552,2140405760,2136211456,2592918108
2133852160,2139095040,2135949312,2117074944,2128609280,2145386496,2142240768,2124414976,2131492864,2135162880,2592934108
2126512128,2161115136,2159017984,2132803584,2129657856,2148532224,2146435072,2127560704,2144862208,2138046464,2592951001
2128609280,2156920832,2156920832,2138046464,2130706432,2148532224,2147483648,2129657856,2145124352,2139095040,2592967001
2130706432,2157969408,2162163712,2135949312,2131755008,2149580800,2146435072,2130706432,2146697216,2139619328,2592983001
2124414976,2147483648,2141192192,2129657856,2130706432,2147483648,2145386496,2127560704,2135687168,2137784320,2592999001
2123366400,2159017984,2157969408,2138046464,2128609280,2146435072,2144337920,2125463552,2144600064,2136211456,2593015024
2121269248,2153775104,2147483648,2135949312,2128609280,2146435072,2143289344,2125463552,2139619328,2135949312,2593031023
2131755008,2141192192,2133852160,2122317824,2128609280,2147483648,2144337920,2126512128,2132279296,2136735744,2593047023
2123366400,2146435072,2139095040,2131755008,2131755008,2147483648,2145386496,2128609280,2135162880,2138308608,2593063022
2124414976,2142240768,2147483648,2125463552,2130706432,2149580800,2147483648,2129657856,2134900736,2139357184,2593079046
2136997888,2143289344,2141192192,2122317824,2129657856,2148532224,2146435072,2128609280,2135949312,2138308608,2593095046
2135949312,2141192192,2139095040,2120220672,2129657856,2146435072,2144337920,2125463552,2134114304,2136473600,2593111045
2124414976,2151677952,2150629376,2134900736,2128609280,2146435072,2143289344,2125463552,2140405760,2135949312,2593127045
2127560704,2154823680,2149580800,2134900736,2129657856,2145386496,2144337920,2126512128,2141716480,2136473600,2593143068
2121269248,2156920832,2152726528,2140143616,2130706432,2148532224,2145386496,2128609280,2142765056,2138308608,2593159067
2139095040,2146435072,2152726528,2122317824,2130706432,2149580800,2147483648,2130706432,2140143616,2139619328,2593175066
2123366400,2159017984,2151677952,2142240768,2131755008,2147483648,2145386496,2127560704,2144075776,2138046464,2593191067
2138046464,2138046464,2138046464,2121269248,2129657856,2146435072,2144337920,2126512128,2133852160,2136735744,2593207089
2135949312,2138046464,2136997888,2119172096,2128609280,2146435072,2143289344,2125463552,2132541440,2135949312,2593223089
2122317824,2143289344,2144337920,2126512128,2128609280,2146435072,2144337920,2125463552,2134114304,2136211456,2593239087
2122317824,2150629376,2144337920,2133852160,2130706432,2147483648,2145386496,2127560704,2137784320,2137784320,2593255089
2138046464,2142240768,2139095040,2124414976,2131755008,2148532224,2147483648,2129657856,2135949312,2139357184,2593271111
2134900736,2143289344,2142240768,2122317824,2131755008,2147483648,2145386496,2128609280,2135687168,2138308608,2593288001
2138046464,2138046464,2138046464,2120220672,2129657856,2147483648,2144337920,2126512128,2133590016,2136997888,2593304001
2122317824,2147483648,2147483648,2130706432,2128609280,2146435072,2143289344,2125463552,2136997888,2135949312,2593320001
2141192192,2135949312,2138046464,2117074944,2129657856,2145386496,2144337920,2124414976,2133065728,2135949312,2593336001
2121269248,2151677952,2149580800,2139095040,2129657856,2147483648,2145386496,2128609280,2140405760,2137784320,2593352023
2124414976,2159017984,2156920832,2146435072,2131755008,2147483648,2146435072,2128609280,2146697216,2138570752,2593368024
2134900736,2142240768,2140143616,2126512128,2131755008,2148532224,2146435072,2128609280,2135949312,2138832896,2593384025
2128609280,2152726528,2155872256,2133852160,2131755008,2147483648,2144337920,2126512128,2142765056,2137522176,2593400023
2134900736,2142240768,2146435072,2121269248,2128609280,2145386496,2143289344,2125463552,2136211456,2135687168,2593416047
2123366400,2151677952,2156920832,2131755008,2128609280,2146435072,2144337920,2124414976,2140930048,2135949312,2593432045
2122317824,2148532224,2144337920,2130706432,2129657856,2147483648,2145386496,2126512128,2136473600,2137260032,2593448046
2138046464,2143289344,2141192192,2122317824,2131755008,2147483648,2146435072,2128609280,2136211456,2138570752,2593464045
2131755008,2142240768,2144337920,2124414976,2131755008,2148532224,2147483648,2129657856,2135687168,2139357184,2593480067
2129657856,2160066560,2153775104,2134900736,2130706432,2147483648,2145386496,2127560704,2144600064,2137784320,2593496066
2125463552,2157969408,2157969408,2139095040,2128609280,2147483648,2144337920,2125463552,2145124352,2136473600,2593512065
2121269248,2160066560,2153775104,2141192192,2127560704,2146435072,2143289344,2125463552,2144075776,2135687168,2593528067
2133852160,2143289344,2135949312,2120220672,2128609280,2147483648,2145386496,2126512128,2133327872,2136997888,2593544088
2139095040,2149580800,2146435072,2129657856,2130706432,2148532224,2145386496,2128609280,2141192192,2138308608,2593560088
2142240768,2142240768,2142240768,2127560704,2131755008,2148532224,2146435072,2129657856,2138570752,2139095040,2593576086
2143289344,2142240768,2146435072,2121269248,2130706432,2148532224,2145386496,2128609280,2138308608,2138308608,2593592087
2128609280,2139095040,2140143616,2122317824,2129657856,2146435072,2144337920,2125463552,2132541440,2136473600,2593608110
2120220672,2147483648,2140143616,2125463552,2127560704,2146435072,2143289344,2124414976,2133327872,2135425024,2593624108
2135949312,2146435072,2143289344,2121269248,2129657856,2146435072,2144337920,2126512128,2136735744,2136735744,2593641001
2124414976,2159017984,2156920832,2136997888,2130706432,2147483648,2146435072,2128609280,2144337920,2138308608,2593657001
2126512128,2163212288,2157969408,2136997888,2131755008,2149580800,2146435072,2129657856,2146172928,2139357184,2593673001
2123366400,2147483648,2147483648,2131755008,2130706432,2148532224,2145386496,2128609280,2137522176,2138308608,2593689024
2131755008,2152726528,2153775104,2131755008,2129657856,2147483648,2144337920,2127560704,2142502912,2137260032,2593705022
2120220672,2148532224,2149580800,2131755008,2128609280,2145386496,2143289344,2124414976,2137522176,2135425024,2593721024
2124414976,2156920832,2152726528,2135949312,2128609280,2146435072,2143289344,2125463552,2142502912,2135949312,2593737023
2123366400,2143289344,2144337920,2124414976,2129657856,2148532224,2146435072,2128609280,2133852160,2138308608,2593753047
2130706432,2155872256,2156920832,2138046464,2131755008,2148532224,2146435072,2129657856,2145386496,2139095040,2593769045
2122317824,2149580800,2148532224,2134900736,2130706432,2148532224,2146435072,2129657856,2138832896,2138832896,2593785045
2130706432,2157969408,2153775104,2141192192,2129657856,2147483648,2145386496,2126512128,2145910784,2137260032,2593801047
2124414976,2159017984,2157969408,2133852160,2128609280,2146435072,2143289344,2125463552,2143813632,2135949312,2593817068
2135949312,2139095040,2140143616,2117074944,2128609280,2146435072,2144337920,2125463552,2133065728,2136211456,2593833066
2139095040,2146435072,2138046464,2121269248,2129657856,2146435072,2144337920,2126512128,2136211456,2136735744,2593849068
2132803584,2157969408,2154823680,2134900736,2130706432,2149580800,2146435072,2129657856,2145124352,2139095040,2593865066
2138046464,2144337920,2138046464,2123366400,2131755008,2148532224,2146435072,2129657856,2135949312,2139095040,2593881089
2144337920,2141192192,2140143616,2124414976,2130706432,2147483648,2145386496,2127560704,2137522176,2137784320,2593897088
2133852160,2139095040,2134900736,2119172096,2129657856,2145386496,2142240768,2125463552,2131755008,2135687168,2593913089
2141192192,2138046464,2136997888,2117074944,2128609280,2146435072,2143289344,2125463552,2133327872,2135949312,2593929087
2129657856,2152726528,2152726528,2133852160,2129657856,2147483648,2145386496,2126512128,2142240768,2137260032,2593945108
2135949312,2152726528,2150629376,2128609280,2130706432,2147483648,2146435072,2128609280,2141978624,2138308608,2593961106
2143289344,2140143616,2140143616,2121269248,2131755008,2148532224,2146435072,2129657856,2136211456,2139095040,2593978001
2126512128,2157969408,2156920832,2141192192,2129657856,2148532224,2146435072,2128609280,2145648640,2138308608,2593994001
2123366400,2142240768,2151677952,2125463552,2129657856,2146435072,2144337920,2125463552,2135687168,2136473600,2594010001
2121269248,2147483648,2147483648,2130706432,2128609280,2146435072,2143289344,2125463552,2136735744,2135949312,2594026001
2122317824,2140143616,2142240768,2121269248,2128609280,2146435072,2144337920,2125463552,2131492864,2136211456,2594042023
2124414976,2159017984,2157969408,2139095040,2130706432,2148532224,2146435072,2128609280,2145124352,2138570752,2594058024
2144337920,2146435072,2140143616,2122317824,2132803584,2148532224,2146435072,2129657856,2138308608,2139357184,2594074023
2124414976,2162163712,2155872256,2140143616,2130706432,2148532224,2146435072,2129657856,2145648640,2138832896,2594090023
2123366400,2159017984,2156920832,2138046464,2129657856,2147483648,2145386496,2126512128,2144337920,2137260032,2594106045
2121269248,2140143616,2143289344,2121269248,2128609280,2146435072,2143289344,2124414976,2131492864,2135687168,2594122045
2136997888,2150629376,2142240768,2119172096,2129657856,2146435072,2143289344,2125463552,2137260032,2136211456,2594138045
2132803584,2138046464,2135949312,2122317824,2130706432,2147483648,2145386496,2127560704,2132279296,2137784320,2594154043
2123366400,2159017984,2154823680,2140143616,2130706432,2149580800,2146435072,2129657856,2144337920,2139095040,2594170068
2133852160,2143289344,2142240768,2123366400,2130706432,2148532224,2147483648,2128609280,2135687168,2138832896,2594186066
2140143616,2140143616,2143289344,2121269248,2129657856,2147483648,2144337920,2127560704,2136211456,2137260032,2594202066
2138046464,2138046464,2136997888,2119172096,2128609280,2146435072,2143289344,2125463552,2133065728,2135949312,2594218065
2136997888,2140143616,2141192192,2120220672,2129657856,2146435072,2143289344,2125463552,2134638592,2136211456,2594234087
2121269248,2147483648,2147483648,2125463552,2129657856,2146435072,2145386496,2126512128,2135425024,2136997888,2594250088
2132803584,2157969408,2150629376,2135949312,2130706432,2148532224,2147483648,2128609280,2144337920,2138832896,2594266088
2127560704,2142240768,2140143616,2128609280,2130706432,2149580800,2147483648,2130706432,2134638592,2139619328,2594282088
2126512128,2160066560,2155872256,2141192192,2129657856,2148532224,2146435072,2128609280,2145910784,2138308608,2594298109
2126512128,2154823680,2154823680,2134900736,2128609280,2146435072,2144337920,2125463552,2142765056,2136211456,2594315001
2120220672,2142240768,2147483648,2123366400,2128609280,2145386496,2143289344,2124414976,2133327872,2135425024,2594331001
2119172096,2155872256,2143289344,2140143616,2129657856,2146435072,2144337920,2126512128,2139619328,2136735744,2594347001
2144337920,2140143616,2140143616,2121269248,2130706432,2149580800,2146435072,2129657856,2136473600,2139095040,2594363001
2122317824,2147483648,2143289344,2131755008,2131755008,2149580800,2146435072,2129657856,2136211456,2139357184,2594379024
2123366400,2147483648,2140143616,2127560704,2130706432,2148532224,2146435072,2127560704,2134638592,2138308608,2594395024
2138046464,2141192192,2139095040,2122317824,2128609280,2147483648,2144337920,2125463552,2135162880,2136473600,2594411023
2127560704,2150629376,2152726528,2124414976,2128609280,2146435072,2143289344,2125463552,2138832896,2135949312,2594427024
2141192192,2146435072,2138046464,2118123520,2129657856,2146435072,2144337920,2126512128,2135949312,2136735744,2594443047
2144337920,2141192192,2138046464,2118123520,2130706432,2148532224,2145386496,2128609280,2135425024,2138308608,2594459046
2139095040,2142240768,2146435072,2124414976,2131755008,2148532224,2146435072,2128609280,2138046464,2138832896,2594475045
2128609280,2163212288,2156920832,2133852160,2130706432,2148532224,2146435072,2128609280,2145648640,2138570752,2594491044
2135949312,2146435072,2146435072,2120220672,2129657856,2147483648,2144337920,2125463552,2137260032,2136735744,2594507067
2125463552,2152726528,2154823680,2134900736,2128609280,2147483648,2143289344,2125463552,2141978624,2136211456,2594523067
2121269248,2149580800,2139095040,2131755008,2128609280,2147483648,2144337920,2126512128,2135425024,2136735744,2594539065
2127560704,2161115136,2157969408,2136997888,2130706432,2148532224,2145386496,2128609280,2145910784,2138308608,2594555067
2124414976,2147483648,2147483648,2133852160,2132803584,2148532224,2146435072,2128609280,2138308608,2139095040,2594571089
2123366400,2161115136,2154823680,2142240768,2131755008,2148532224,2146435072,2129657856,2145386496,2139095040,2594587089
2133852160,2143289344,2141192192,2122317824,2129657856,2147483648,2145386496,2127560704,2135162880,2137522176,2594603086
2123366400,2140143616,2135949312,2122317824,2128609280,2146435072,2143289344,2124414976,2130444288,2135687168,2594619087
2130706432,2153775104,2146435072,2127560704,2129657856,2146435072,2144337920,2125463552,2139619328,2136473600,2594635109
2133852160,2138046464,2136997888,2117074944,2128609280,2147483648,2145386496,2127560704,2131492864,2137260032,2594651110
2138046464,2140143616,2141192192,2121269248,2131755008,2149580800,2147483648,2129657856,2135162880,2139619328,2594668001
2130706432,2156920832,2152726528,2134900736,2130706432,2148532224,2147483648,2129657856,2143813632,2139095040,2594684001
2128609280,2160066560,2154823680,2133852160,2130706432,2147483648,2145386496,2126512128,2144337920,2137522176,2594700001
2133852160,2150629376,2145386496,2129657856,2127560704,2146435072,2143289344,2126512128,2139881472,2135949312,2594716023
2122317824,2159017984,2154823680,2135949312,2128609280,2146435072,2144337920,2125463552,2143027200,2136211456,2594732023
2136997888,2152726528,2144337920,2123366400,2130706432,2146435072,2145386496,2126512128,2139357184,2137260032,2594748023
2124414976,2159017984,2156920832,2141192192,2130706432,2148532224,2146435072,2129657856,2145386496,2138832896,2594764024
2123366400,2147483648,2147483648,2132803584,2131755008,2148532224,2147483648,2129657856,2137784320,2139357184,2594780045
2142240768,2140143616,2140143616,2121269248,2131755008,2147483648,2146435072,2127560704,2135949312,2138308608,2594796043
2120220672,2152726528,2147483648,2138046464,2128609280,2146435072,2144337920,2125463552,2139619328,2136211456,2594812044
2122317824,2162163712,2160066560,2134900736,2128609280,2145386496,2143289344,2124414976,2144862208,2135425024,2594828045
2122317824,2147483648,2139095040,2130706432,2129657856,2146435072,2144337920,2126512128,2134900736,2136735744,2594844067
2123366400,2147483648,2144337920,2133852160,2130706432,2148532224,2146435072,2128609280,2137260032,2138570752,2594860065
2141192192,2142240768,2141192192,2124414976,2131755008,2149580800,2147483648,2129657856,2137260032,2139619328,2594876068
2132803584,2156920832,2154823680,2128609280,2130706432,2148532224,2146435072,2128609280,2143289344,2138570752,2594892066
2138046464,2138046464,2138046464,2120220672,2129657856,2146435072,2144337920,2125463552,2133590016,2136473600,2594908088
2121269248,2151677952,2153775104,2134900736,2128609280,2145386496,2143289344,2124414976,2140405760,2135425024,2594924089
2130706432,2154823680,2154823680,2132803584,2129657856,2146435072,2144337920,2125463552,2143289344,2136473600,2594940087
2123366400,2144337920,2143289344,2126512128,2129657856,2148532224,2146435072,2127560704,2134376448,2138046464,2594956089
2122317824,2164260864,2160066560,2140143616,2131755008,2149580800,2145386496,2129657856,2146697216,2139095040,2594972107
2124414976,2160066560,2148532224,2144337920,2130706432,2148532224,2146435072,2129657856,2144337920,2138832896,2594988108
2134900736,2143289344,2139095040,2122317824,2129657856,2146435072,2145386496,2125463552,2134900736,2136735744,2595005001
2122317824,2147483648,2143289344,2130706432,2128609280,2146435072,2143289344,2125463552,2135949312,2135949312,2595021001
2124414976,2160066560,2156920832,2132803584,2128609280,2146435072,2144337920,2125463552,2143551488,2136211456,2595037001
2122317824,2150629376,2141192192,2133852160,2129657856,2149580800,2145386496,2128609280,2136997888,2138308608,2595053001
2130706432,2157969408,2150629376,2129657856,2131755008,2149580800,2147483648,2129657856,2142240768,2139619328,2595069024
2124414976,2147483648,2140143616,2132803584,2130706432,2148532224,2146435072,2129657856,2136211456,2138832896,2595085022
2122317824,2150629376,2155872256,2133852160,2129657856,2147483648,2144337920,2128609280,2140667904,2137522176,2595101023
2128609280,2154823680,2153775104,2123366400,2129657856,2145386496,2143289344,2124414976,2140143616,2135687168,2595117023
2121269248,2143289344,2142240768,2124414976,2128609280,2146435072,2143289344,2124414976,2132803584,2135687168,2595133046
2140143616,2138046464,2135949312,2120220672,2129657856,2147483648,2145386496,2127560704,2133590016,2137522176,2595149046
2126512128,2142240768,2141192192,2126512128,2130706432,2148532224,2146435072,2129657856,2134114304,2138832896,2595165044
2145386496,2144337920,2138046464,2123366400,2130706432,2148532224,2146435072,2128609280,2137784320,2138570752,2595181045
2124414976,2142240768,2147483648,2125463552,2130706432,2147483648,2145386496,2127560704,2134900736,2137784320,2595197068
2139095040,2140143616,2135949312,2118123520,2128609280,2147483648,2144337920,2125463552,2133327872,2136473600,2595213067
2121269248,2140143616,2139095040,2122317824,2128609280,2146435072,2142240768,2125463552,2130706432,2135687168,2595229067
2132803584,2154823680,2146435072,2127560704,2128609280,2147483648,2144337920,2126512128,2140405760,2136735744,2595245067
2134900736,2150629376,2154823680,2125463552,2130706432,2147483648,2146435072,2128609280,2141454336,2138308608,2595261089
2124414976,2159017984,2154823680,2140143616,2130706432,2149580800,2147483648,2130706432,2144600064,2139619328,2595277090
2125463552,2159017984,2161115136,2138046464,2130706432,2148532224,2146435072,2128609280,2145910784,2138570752,2595293086
2123366400,2162163712,2153775104,2143289344,2128609280,2146435072,2145386496,2126512128,2145648640,2136735744,2595309085
2129657856,2136997888,2139095040,2117074944,2128609280,2146435072,2143289344,2124414976,2130706432,2135687168,2595325110
2123366400,2145386496,2145386496,2127560704,2129657856,2147483648,2144337920,2126512128,2135425024,2136997888,2595342001
2126512128,2161115136,2160066560,2132803584,2130706432,2148532224,2146435072,2128609280,2145124352,2138570752,2595358001
2126512128,2148532224,2141192192,2133852160,2131755008,2149580800,2146435072,2129657856,2137522176,2139357184,2595374001
2147483648,2141192192,2146435072,2119172096,2131755008,2147483648,2147483648,2128609280,2138570752,2138832896,2595390001
2142240768,2146435072,2139095040,2118123520,2129657856,2146435072,2144337920,2125463552,2136473600,2136473600,2595406023
2124414976,2142240768,2135949312,2123366400,2128609280,2145386496,2143289344,2124414976,2131492864,2135425024,2595422023
2126512128,2155872256,2153775104,2133852160,2127560704,2147483648,2144337920,2126512128,2142502912,2136473600,2595438023
2140143616,2141192192,2142240768,2121269248,2129657856,2148532224,2145386496,2128609280,2136211456,2138046464,2595454024
2139095040,2151677952,2146435072,2129657856,2130706432,2150629376,2147483648,2130706432,2141716480,2139881472,2595470044
2122317824,2147483648,2153775104,2134900736,2131755008,2148532224,2146435072,2128609280,2139619328,2138832896,2595486045
2127560704,2160066560,2159017984,2136997888,2129657856,2148532224,2146435072,2127560704,2145910784,2138046464,2595502045
2136997888,2142240768,2145386496,2121269248,2128609280,2145386496,2144337920,2124414976,2136473600,2135687168,2595518046
2130706432,2143289344,2146435072,2122317824,2128609280,2146435072,2143289344,2125463552,2135687168,2135949312,2595534067
2125463552,2138046464,2140143616,2120220672,2129657856,2147483648,2145386496,2127560704,2130968576,2137522176,2595550068
2123366400,2145386496,2145386496,2129657856,2130706432,2149580800,2147483648,2129657856,2135949312,2139357184,2595566065
2123366400,2156920832,2155872256,2143289344,2131755008,2148532224,2146435072,2129657856,2144862208,2139095040,2595582067
2122317824,2160066560,2153775104,2139095040,2129657856,2148532224,2145386496,2128609280,2143813632,2138046464,2595598088
2139095040,2138046464,2138046464,2119172096,2129657856,2145386496,2143289344,2124414976,2133590016,2135687168,2595614090
2120220672,2155872256,2147483648,2135949312,2127560704,2146435072,2143289344,2125463552,2139881472,2135687168,2595630086
2136997888,2138046464,2135949312,2117074944,2128609280,2147483648,2144337920,2126512128,2132017152,2136735744,2595646091
2139095040,2141192192,2138046464,2122317824,2129657856,2148532224,2146435072,2129657856,2135162880,2138570752,2595662111
2141192192,2140143616,2139095040,2121269248,2131755008,2149580800,2147483648,2129657856,2135425024,2139619328,2595678108
2123366400,2157969408,2153775104,2143289344,2130706432,2148532224,2146435072,2128609280,2144600064,2138570752,2595695001
2122317824,2147483648,2141192192,2124414976,2129657856,2146435072,2144337920,2125463552,2133852160,2136473600,2595711001
2130706432,2141192192,2138046464,2119172096,2129657856,2145386496,2143289344,2124414976,2132279296,2135687168,2595727001
2122317824,2143289344,2136997888,2124414976,2129657856,2146435072,2144337920,2126512128,2131755008,2136735744,2595743023
2140143616,2142240768,2140143616,2122317824,2130706432,2148532224,2146435072,2128609280,2136211456,2138570752,2595759023
2138046464,2142240768,2139095040,2124414976,2131755008,2149580800,2146435072,2129657856,2135949312,2139357184,2595775024
2130706432,2155872256,2160066560,2134900736,2130706432,2148532224,2146435072,2129657856,2145386496,2138832896,2595791023
2125463552,2159017984,2159017984,2138046464,2129657856,2147483648,2144337920,2126512128,2145386496,2136997888,2595807045
2120220672,2147483648,2141192192,2130706432,2128609280,2145386496,2143289344,2124414976,2134900736,2135425024,2595823044
2133852160,2138046464,2136997888,2120220672,2129657856,2146435072,2143289344,2125463552,2132279296,2136211456,2595839045
2121269248,2157969408,2153775104,2140143616,2129657856,2148532224,2145386496,2127560704,2143289344,2137784320,2595855047
2122317824,2164260864,2149580800,2143289344,2131755008,2149580800,2147483648,2129657856,2144862208,2139619328,2595871065
2139095040,2153775104,2153775104,2125463552,2131755008,2148532224,2146435072,2129657856,2143027200,2139095040,2595887065
2124414976,2151677952,2151677952,2134900736,2129657856,2147483648,2144337920,2126512128,2140667904,2136997888,2595903067
2122317824,2159017984,2153775104,2140143616,2128609280,2147483648,2143289344,2126512128,2143813632,2136473600,2595919067
2143289344,2135949312,2135949312,2114977792,2128609280,2146435072,2144337920,2125463552,2132541440,2136211456,2595935089
2123366400,2141192192,2142240768,2123366400,2129657856,2147483648,2145386496,2127560704,2132541440,2137522176,2595951086
2123366400,2157969408,2155872256,2141192192,2131755008,2148532224,2145386496,2128609280,2144600064,2138570752,2595967090
2143289344,2141192192,2146435072,2121269248,2131755008,2148532224,2146435072,2129657856,2138046464,2139095040,2595983089
2136997888,2146435072,2154823680,2125463552,2130706432,2148532224,2145386496,2128609280,2140930048,2138308608,2595999111
2121269248,2147483648,2140143616,2130706432,2127560704,2147483648,2144337920,2126512128,2134900736,2136473600,2596015108
2120220672,2152726528,2149580800,2133852160,2128609280,2146435072,2144337920,2125463552,2139095040,2136211456,2596032001
2122317824,2149580800,2155872256,2132803584,2130706432,2147483648,2145386496,2127560704,2140143616,2137784320,2596048001
2145386496,2139095040,2140143616,2119172096,2130706432,2148532224,2146435072,2129657856,2135949312,2138832896,2596064001
2126512128,2155872256,2157969408,2139095040,2131755008,2149580800,2147483648,2130706432,2144862208,2139881472,2596080000
2121269248,2161115136,2143289344,2142240768,2130706432,2147483648,2145386496,2127560704,2141978624,2137784320,2596096023
2134900736,2141192192,2138046464,2118123520,2129657856,2145386496,2142240768,2125463552,2133065728,2135687168,2596112023
2126512128,2148532224,2153775104,2129657856,2128609280,2145386496,2142240768,2124414976,2139619328,2135162880,2596128024
2121269248,2149580800,2136997888,2132803584,2128609280,2147483648,2144337920,2127560704,2135162880,2136997888,2596144023
2123366400,2151677952,2154823680,2134900736,2130706432,2147483648,2146435072,2128609280,2141192192,2138308608,2596160045
2146435072,2143289344,2141192192,2120220672,2132803584,2148532224,2146435072,2129657856,2137784320,2139357184,2596176047
2124414976,2147483648,2142240768,2130706432,2130706432,2149580800,2146435072,2128609280,2136211456,2138832896,2596192044
2130706432,2150629376,2150629376,2128609280,2129657856,2146435072,2144337920,2126512128,2140143616,2136735744,2596208045
2126512128,2157969408,2152726528,2130706432,2128609280,2146435072,2143289344,2125463552,2141978624,2135949312,2596224065
2130706432,2151677952,2154823680,2125463552,2128609280,2147483648,2145386496,2126512128,2140667904,2136997888,2596240067
2123366400,2150629376,2145386496,2131755008,2129657856,2149580800,2146435072,2129657856,2137784320,2138832896,2596256067
2134900736,2156920832,2151677952,2135949312,2131755008,2149580800,2145386496,2129657856,2144862208,2139095040,2596272066
2139095040,2143289344,2139095040,2123366400,2130706432,2148532224,2145386496,2128609280,2136211456,2138308608,2596288087
2123366400,2142240768,2149580800,2125463552,2129657856,2146435072,2144337920,2126512128,2135162880,2136735744,2596304088
2129657856,2138046464,2135949312,2122317824,2129657856,2145386496,2143289344,2124414976,2131492864,2135687168,2596320088
2122317824,2147483648,2144337920,2132803584,2128609280,2146435072,2143289344,2125463552,2136735744,2135949312,2596336086
2140143616,2140143616,2135949312,2118123520,2129657856,2147483648,2145386496,2127560704,2133590016,2137522176,2596352108
2123366400,2145386496,2144337920,2129657856,2130706432,2149580800,2146435072,2129657856,2135687168,2139095040,2596369001
2123366400,2151677952,2141192192,2136997888,2131755008,2147483648,2146435072,2129657856,2138308608,2138832896,2596385001
2132803584,2146435072,2152726528,2125463552,2129657856,2147483648,2144337920,2127560704,2139357184,2137260032,2596401001
2122317824,2160066560,2151677952,2136997888,2127560704,2147483648,2144337920,2125463552,2142765056,2136211456,2596417001
2139095040,2138046464,2144337920,2119172096,2128609280,2146435072,2143289344,2125463552,2135162880,2135949312,2596433025
2129657856,2155872256,2154823680,2133852160,2129657856,2147483648,2144337920,2126512128,2143551488,2136997888,2596449023
2132803584,2157969408,2155872256,2134900736,2130706432,2148532224,2146435072,2128609280,2145386496,2138570752,2596465024
2142240768,2141192192,2140143616,2124414976,2131755008,2148532224,2147483648,2129657856,2136997888,2139357184,2596481024
2125463552,2164260864,2160066560,2140143616,2129657856,2148532224,2145386496,2127560704,2147483648,2137784320,2596497046
2140143616,2138046464,2136997888,2119172096,2128609280,2146435072,2144337920,2126512128,2133590016,2136473600,2596513045
2121269248,2140143616,2147483648,2119172096,2128609280,2145386496,2142240768,2124414976,2132017152,2135162880,2596529044
2125463552,2143289344,2136997888,2125463552,2129657856,2146435072,2144337920,2126512128,2132803584,2136735744,2596545045
2145386496,2146435072,2144337920,2122317824,2130706432,2148532224,2146435072,2128609280,2139619328,2138570752,2596561066
2124414976,2150629376,2149580800,2135949312,2130706432,2149580800,2146435072,2130706432,2140143616,2139357184,2596577066
2134900736,2140143616,2141192192,2121269248,2129657856,2148532224,2145386496,2128609280,2134376448,2138046464,2596593065
2140143616,2140143616,2142240768,2120220672,2128609280,2147483648,2145386496,2126512128,2135687168,2136997888,2596609067
2132803584,2146435072,2146435072,2125463552,2128609280,2145386496,2142240768,2124414976,2137784320,2135162880,2596625088
2143289344,2139095040,2134900736,2114977792,2129657856,2146435072,2143289344,2125463552,2133065728,2136211456,2596641090
2129657856,2159017984,2155872256,2130706432,2129657856,2148532224,2145386496,2128609280,2143813632,2138046464,2596657087
2123366400,2157969408,2147483648,2139095040,2131755008,2148532224,2146435072,2129657856,2141978624,2139095040,2596673088
2123366400,2147483648,2149580800,2132803584,2129657856,2149580800,2147483648,2129657856,2138308608,2139095040,2596689108
2128609280,2156920832,2155872256,2136997888,2130706432,2146435072,2144337920,2125463552,2144600064,2136735744,2596705111
2135949312,2138046464,2134900736,2117074944,2129657856,2146435072,2143289344,2124414976,2131492864,2135949312,2596722001
2139095040,2154823680,2136997888,2128609280,2128609280,2146435072,2144337920,2125463552,2139881472,2136211456,2596738001
2135949312,2152726528,2144337920,2132803584,2130706432,2148532224,2145386496,2128609280,2141454336,2138308608,2596754001
2124414976,2147483648,2141192192,2129657856,2130706432,2149580800,2147483648,2129657856,2135687168,2139357184,2596770023
2122317824,2164260864,2152726528,2140143616,2130706432,2148532224,2146435072,2128609280,2144862208,2138570752,2596786022
2126512128,2154823680,2153775104,2132803584,2128609280,2148532224,2145386496,2127560704,2141978624,2137522176,2596802023
2133852160,2139095040,2135949312,2117074944,2129657856,2146435072,2143289344,2125463552,2131492864,2136211456,2596818025
2134900736,2139095040,2134900736,2117074944,2129657856,2145386496,2143289344,2124414976,2131492864,2135687168,2596834045
2123366400,2156920832,2154823680,2134900736,2129657856,2147483648,2145386496,2126512128,2142502912,2137260032,2596850046
2124414976,2155872256,2151677952,2141192192,2130706432,2149580800,2146435072,2129657856,2143289344,2139095040,2596866045
2139095040,2155872256,2146435072,2131755008,2131755008,2149580800,2146435072,2129657856,2143289344,2139357184,2596882046
2133852160,2141192192,2138046464,2124414976,2129657856,2147483648,2144337920,2127560704,2134376448,2137260032,2596898066
2122317824,2148532224,2142240768,2132803584,2127560704,2146435072,2143289344,2125463552,2136473600,2135687168,2596914066
2130706432,2154823680,2148532224,2124414976,2128609280,2147483648,2143289344,2125463552,2139619328,2136211456,2596930067
2135949312,2138046464,2138046464,2120220672,2129657856,2146435072,2145386496,2126512128,2133065728,2136997888,2596946066
2138046464,2140143616,2139095040,2121269248,2130706432,2149580800,2146435072,2129657856,2134638592,2139095040,2596962089
2143289344,2145386496,2140143616,2125463552,2130706432,2149580800,2147483648,2130706432,2138570752,2139619328,2596978088
2124414976,2152726528,2149580800,2136997888,2130706432,2148532224,2145386496,2128609280,2140930048,2138308608,2596994087
2128609280,2156920832,2152726528,2136997888,2128609280,2147483648,2144337920,2126512128,2143813632,2136735744,2597010089
2125463552,2139095040,2136997888,2117074944,2128609280,2146435072,2143289344,2124414976,2129657856,2135687168,2597026113
2122317824,2141192192,2140143616,2124414976,2129657856,2146435072,2143289344,2125463552,2132017152,2136211456,2597042107
2124414976,2151677952,2138046464,2135949312,2130706432,2148532224,2146435072,2128609280,2137522176,2138570752,2597059001
2130706432,2156920832,2156920832,2129657856,2130706432,2148532224,2147483648,2129657856,2143551488,2139095040,2597075001
2142240768,2142240768,2140143616,2120220672,2130706432,2148532224,2146435072,2128609280,2136211456,2138570752,2597091001
2128609280,2152726528,2152726528,2135949312,2129657856,2146435072,2144337920,2126512128,2142502912,2136735744,2597107001
2136997888,2146435072,2134900736,2124414976,2128609280,2145386496,2143289344,2125463552,2135687168,2135687168,2597123023
2133852160,2141192192,2138046464,2116026368,2128609280,2146435072,2143289344,2125463552,2132279296,2135949312,2597139025
2123366400,2150629376,2147483648,2134900736,2130706432,2148532224,2146435072,2128609280,2139095040,2138570752,2597155023
2124414976,2147483648,2144337920,2132803584,2130706432,2149580800,2147483648,2128609280,2137260032,2139095040,2597171022
2145386496,2140143616,2144337920,2121269248,2131755008,2148532224,2146435072,2129657856,2137784320,2139095040,2597187045
2125463552,2159017984,2160066560,2140143616,2129657856,2148532224,2145386496,2126512128,2146172928,2137522176,2597203046
2135949312,2143289344,2135949312,2122317824,2129657856,2145386496,2142240768,2125463552,2134376448,2135687168,2597219045
2125463552,2140143616,2138046464,2124414976,2128609280,2147483648,2144337920,2126512128,2132017152,2136735744,2597235044
2135949312,2138046464,2135949312,2119172096,2130706432,2148532224,2145386496,2127560704,2132279296,2138046464,2597251066
2124414976,2155872256,2157969408,2138046464,2130706432,2149580800,2147483648,2129657856,2144075776,2139357184,2597267067
2124414976,2147483648,2147483648,2130706432,2130706432,2148532224,2146435072,2129657856,2137522176,2138832896,2597283067
2130706432,2157969408,2152726528,2135949312,2130706432,2147483648,2144337920,2127560704,2144337920,2137522176,2597299065
2143289344,2138046464,2136997888,2118123520,2129657856,2145386496,2143289344,2125463552,2134114304,2135949312,2597315087
2135949312,2152726528,2144337920,2119172096,2127560704,2146435072,2144337920,2125463552,2138046464,2135949312,2597331091
2131755008,2138046464,2138046464,2122317824,2129657856,2147483648,2144337920,2126512128,2132541440,2136997888,2597347089
2130706432,2157969408,2155872256,2133852160,2130706432,2149580800,2146435072,2129657856,2144600064,2139095040,2597363086
2132803584,2157969408,2157969408,2133852160,2130706432,2149580800,2147483648,2129657856,2145648640,2139357184,2597379109
2123366400,2160066560,2142240768,2145386496,2129657856,2148532224,2145386496,2128609280,2142765056,2138046464,2597396001
2126512128,2153775104,2157969408,2136997888,2128609280,2147483648,2144337920,2126512128,2143813632,2136735744,2597412001
2138046464,2140143616,2136997888,2118123520,2128609280,2146435072,2144337920,2125463552,2133327872,2136211456,2597428001
2119172096,2161115136,2152726528,2138046464,2128609280,2147483648,2144337920,2126512128,2142765056,2136735744,2597444001
2121269248,2155872256,2147483648,2141192192,2130706432,2149580800,2146435072,2128609280,2141454336,2138832896,2597460024
2125463552,2147483648,2141192192,2130706432,2130706432,2149580800,2147483648,2129657856,2136211456,2139357184,2597476024
2128609280,2163212288,2156920832,2136997888,2130706432,2147483648,2146435072,2128609280,2146435072,2138308608,2597492022
2132803584,2154823680,2151677952,2132803584,2129657856,2147483648,2143289344,2126512128,2143027200,2136735744,2597508024
2139095040,2136997888,2136997888,2117074944,2128609280,2146435072,2143289344,2124414976,2132541440,2135687168,2597524045
2127560704,2153775104,2152726528,2131755008,2128609280,2146435072,2144337920,2126512128,2141454336,2136473600,2597540045
2133852160,2141192192,2134900736,2122317824,2130706432,2147483648,2145386496,2127560704,2133065728,2137784320,2597556045
2123366400,2147483648,2140143616,2131755008,2130706432,2149580800,2147483648,2129657856,2135687168,2139357184,2597572044
2138046464,2155872256,2146435072,2133852160,2130706432,2148532224,2146435072,2128609280,2143551488,2138570752,2597588068
2122317824,2157969408,2151677952,2141192192,2129657856,2147483648,2145386496,2127560704,2143289344,2137522176,2597604067
2121269248,2162163712,2155872256,2139095040,2128609280,2145386496,2143289344,2124414976,2144600064,2135425024,2597620064
2138046464,2142240768,2146435072,2117074944,2128609280,2146435072,2144337920,2125463552,2135949312,2136211456,2597636066
2123366400,2157969408,2157969408,2133852160,2129657856,2148532224,2145386496,2127560704,2143289344,2137784320,2597652087
2123366400,2163212288,2156920832,2143289344,2130706432,2148532224,2146435072,2129657856,2146697216,2138832896,2597668087
2141192192,2143289344,2140143616,2122317824,2131755008,2149580800,2146435072,2129657856,2136735744,2139357184,2597684087
2123366400,2143289344,2147483648,2125463552,2129657856,2147483648,2145386496,2126512128,2134900736,2137260032,2597700087
2122317824,2160066560,2155872256,2135949312,2128609280,2146435072,2143289344,2125463552,2143551488,2135949312,2597716109
2136997888,2146435072,2138046464,2121269248,2128609280,2146435072,2144337920,2126512128,2135687168,2136473600,2597732109
2123366400,2159017984,2149580800,2138046464,2129657856,2147483648,2145386496,2126512128,2142502912,2137260032,2597749001
2142240768,2146435072,2141192192,2122317824,2131755008,2149580800,2146435072,2128609280,2138046464,2139095040,2597765001
2125463552,2151677952,2151677952,2136997888,2131755008,2149580800,2146435072,2129657856,2141454336,2139357184,2597781001
2138046464,2140143616,2139095040,2121269248,2129657856,2147483648,2145386496,2127560704,2134638592,2137522176,2597797024
2123366400,2156920832,2154823680,2135949312,2127560704,2146435072,2144337920,2125463552,2142765056,2135949312,2597813023
2126512128,2152726528,2156920832,2135949312,2128609280,2145386496,2143289344,2125463552,2143027200,2135687168,2597829023
2123366400,2144337920,2147483648,2127560704,2129657856,2147483648,2144337920,2126512128,2135687168,2136997888,2597845022
2123366400,2151677952,2151677952,2132803584,2130706432,2149580800,2146435072,2129657856,2139881472,2139095040,2597861046
2125463552,2149580800,2148532224,2131755008,2131755008,2149580800,2147483648,2128609280,2138832896,2139357184,2597877045
2132803584,2143289344,2142240768,2124414976,2129657856,2147483648,2145386496,2127560704,2135687168,2137522176,2597893046
2138046464,2140143616,2136997888,2121269248,2128609280,2147483648,2144337920,2126512128,2134114304,2136735744,2597909047
2133852160,2138046464,2135949312,2117074944,2128609280,2146435072,2143289344,2124414976,2131230720,2135687168,2597925067
2121269248,2149580800,2154823680,2132803584,2128609280,2146435072,2144337920,2125463552,2139619328,2136211456,2597941065
2126512128,2156920832,2153775104,2138046464,2129657856,2148532224,2146435072,2128609280,2143813632,2138308608,2597957066
2143289344,2150629376,2142240768,2128609280,2131755008,2149580800,2147483648,2129657856,2141192192,2139619328,2597973066
2124414976,2151677952,2144337920,2139095040,2131755008,2148532224,2145386496,2128609280,2139881472,2138570752,2597989087
2136997888,2150629376,2145386496,2125463552,2129657856,2146435072,2145386496,2125463552,2139619328,2136735744,2598005086
2124414976,2160066560,2153775104,2131755008,2128609280,2146435072,2144337920,2124414976,2142502912,2135949312,2598021087
2121269248,2147483648,2142240768,2130706432,2129657856,2145386496,2143289344,2125463552,2135425024,2135949312,2598037089
2122317824,2155872256,2160066560,2133852160,2130706432,2148532224,2145386496,2127560704,2143027200,2138046464,2598053108
2124414976,2151677952,2155872256,2136997888,2130706432,2148532224,2147483648,2129657856,2142240768,2139095040,2598069107
2124414976,2148532224,2147483648,2130706432,2130706432,2148532224,2146435072,2128609280,2137784320,2138570752,2598086001
2133852160,2141192192,2141192192,2123366400,2130706432,2146435072,2144337920,2126512128,2134900736,2136997888,2598102001
2124414976,2162163712,2157969408,2138046464,2128609280,2146435072,2143289344,2125463552,2145648640,2135949312,2598118001
2121269248,2142240768,2139095040,2125463552,2128609280,2146435072,2143289344,2125463552,2132017152,2135949312,2598134001
2134900736,2146435072,2149580800,2124414976,2130706432,2147483648,2144337920,2126512128,2138832896,2137260032,2598150023
2126512128,2155872256,2155872256,2139095040,2130706432,2148532224,2146435072,2128609280,2144337920,2138570752,2598166023
2134900736,2144337920,2152726528,2126512128,2131755008,2149580800,2147483648,2129657856,2139619328,2139619328,2598182023
2141192192,2146435072,2141192192,2122317824,2130706432,2147483648,2144337920,2127560704,2137784320,2137522176,2598198022
2132803584,2150629376,2149580800,2123366400,2129657856,2146435072,2143289344,2124414976,2139095040,2135949312,2598214045
2133852160,2146435072,2148532224,2120220672,2128609280,2146435072,2143289344,2124414976,2137260032,2135687168,2598230044
2127560704,2154823680,2152726528,2128609280,2129657856,2147483648,2144337920,2127560704,2140930048,2137260032,2598246046
2141192192,2146435072,2139095040,2121269248,2130706432,2149580800,2146435072,2129657856,2136997888,2139095040,2598262044
2139095040,2143289344,2141192192,2122317824,2130706432,2148532224,2147483648,2128609280,2136473600,2138832896,2598278068
2135949312,2157969408,2152726528,2135949312,2129657856,2148532224,2146435072,2128609280,2145648640,2138308608,2598294065
2122317824,2147483648,2145386496,2129657856,2129657856,2146435072,2145386496,2125463552,2136211456,2136735744,2598310067
2133852160,2141192192,2138046464,2120220672,2129657856,2145386496,2143289344,2124414976,2133327872,2135687168,2598326065
2132803584,2152726528,2150629376,2132803584,2128609280,2146435072,2144337920,2126512128,2142240768,2136473600,2598342089
2122317824,2164260864,2149580800,2143289344,2130706432,2148532224,2145386496,2127560704,2144862208,2138046464,2598358086
2141192192,2146435072,2146435072,2123366400,2130706432,2149580800,2147483648,2129657856,2139357184,2139357184,2598374090
2134900736,2154823680,2149580800,2129657856,2131755008,2147483648,2145386496,2128609280,2142240768,2138308608,2598390086
2131755008,2140143616,2135949312,2121269248,2128609280,2147483648,2144337920,2126512128,2132279296,2136735744,2598406109
2122317824,2154823680,2153775104,2135949312,2128609280,2146435072,2142240768,2124414976,2141716480,2135425024,2598423001
2138046464,2140143616,2136997888,2118123520,2129657856,2146435072,2143289344,2126512128,2133327872,2136473600,2598439001
2139095040,2143289344,2146435072,2119172096,2129657856,2148532224,2145386496,2128609280,2136997888,2138046464,2598455001
2130706432,2157969408,2159017984,2141192192,2131755008,2148532224,2147483648,2129657856,2147221504,2139357184,2598471001
2124414976,2149580800,2139095040,2130706432,2131755008,2148532224,2146435072,2128609280,2135949312,2138832896,2598487024
2142240768,2146435072,2146435072,2121269248,2129657856,2147483648,2145386496,2126512128,2139095040,2137260032,2598503024
2133852160,2143289344,2133852160,2122317824,2129657856,2145386496,2143289344,2125463552,2133327872,2135949312,2598519024
2121269248,2143289344,2153775104,2125463552,2127560704,2146435072,2144337920,2125463552,2135949312,2135949312,2598535023
2138046464,2139095040,2135949312,2119172096,2129657856,2147483648,2144337920,2127560704,2133065728,2137260032,2598551045
2123366400,2163212288,2155872256,2135949312,2131755008,2148532224,2145386496,2129657856,2144600064,2138832896,2598567045
2140143616,2140143616,2138046464,2121269248,2130706432,2148532224,2147483648,2128609280,2134900736,2138832896,2598583044
2125463552,2159017984,2159017984,2140143616,2130706432,2147483648,2145386496,2127560704,2145910784,2137784320,2598599046
2122317824,2151677952,2139095040,2136997888,2128609280,2145386496,2143289344,2124414976,2137522176,2135425024,2598615067
2130706432,2152726528,2149580800,2127560704,2128609280,2145386496,2143289344,2124414976,2140143616,2135425024,2598631068
2121269248,2154823680,2149580800,2138046464,2129657856,2147483648,2144337920,2126512128,2140930048,2136997888,2598647065
2140143616,2146435072,2140143616,2120220672,2130706432,2148532224,2145386496,2129657856,2136735744,2138570752,2598663067
2140143616,2140143616,2139095040,2120220672,2130706432,2148532224,2147483648,2129657856,2134900736,2139095040,2598679087
2128609280,2140143616,2143289344,2122317824,2130706432,2147483648,2145386496,2128609280,2133590016,2138046464,2598695087
2138046464,2141192192,2135949312,2120220672,2129657856,2146435072,2144337920,2125463552,2133852160,2136473600,2598711087
2134900736,2136997888,2138046464,2114977792,2128609280,2146435072,2144337920,2124414976,2131230720,2135949312,2598727091
2120220672,2147483648,2147483648,2127560704,2129657856,2147483648,2144337920,2126512128,2135687168,2136997888,2598743109
2123366400,2159017984,2156920832,2136997888,2130706432,2148532224,2146435072,2128609280,2144075776,2138570752,2598759109
2124414976,2162163712,2148532224,2145386496,2131755008,2148532224,2146435072,2129657856,2145124352,2139095040,2598776000
2124414976,2147483648,2153775104,2131755008,2130706432,2148532224,2146435072,2129657856,2139357184,2138832896,2598792001
2131755008,2154823680,2152726528,2133852160,2129657856,2146435072,2143289344,2126512128,2143289344,2136473600,2598808001
2124414976,2143289344,2136997888,2124414976,2127560704,2146435072,2144337920,2125463552,2132279296,2135949312,2598824022
2140143616,2138046464,2138046464,2117074944,2128609280,2146435072,2143289344,2125463552,2133327872,2135949312,2598840022
2131755008,2141192192,2139095040,2122317824,2130706432,2148532224,2145386496,2128609280,2133590016,2138308608,2598856022
2136997888,2141192192,2140143616,2122317824,2131755008,2148532224,2146435072,2128609280,2135162880,2138832896,2598872024
2127560704,2161115136,2159017984,2138046464,2130706432,2149580800,2147483648,2130706432,2146435072,2139619328,2598888044
2134900736,2143289344,2136997888,2122317824,2129657856,2147483648,2145386496,2127560704,2134376448,2137522176,2598904046
2140143616,2146435072,2138046464,2117074944,2128609280,2147483648,2143289344,2125463552,2135425024,2136211456,2598920045
2119172096,2147483648,2147483648,2130706432,2128609280,2146435072,2143289344,2125463552,2136211456,2135949312,2598936044
2121269248,2142240768,2143289344,2129657856,2130706432,2147483648,2145386496,2127560704,2134114304,2137784320,2598952066
2124414976,2147483648,2153775104,2129657856,2130706432,2149580800,2146435072,2129657856,2138832896,2139095040,2598968065
2135949312,2146435072,2149580800,2122317824,2131755008,2147483648,2147483648,2129657856,2138570752,2139095040,2598984065
2125463552,2145386496,2149580800,2127560704,2129657856,2147483648,2145386496,2126512128,2136997888,2137260032,2599000068
2120220672,2151677952,2140143616,2135949312,2129657856,2146435072,2143289344,2124414976,2136997888,2135949312,2599016088
2134900736,2140143616,2142240768,2119172096,2128609280,2146435072,2144337920,2124414976,2134114304,2135949312,2599032086
2119172096,2147483648,2141192192,2130706432,2129657856,2148532224,2145386496,2127560704,2134638592,2137784320,2599048086
2131755008,2142240768,2140143616,2123366400,2130706432,2149580800,2146435072,2129657856,2134376448,2139095040,2599064087
2132803584,2155872256,2155872256,2133852160,2130706432,2149580800,2146435072,2129657856,2144600064,2139095040,2599080111
2138046464,2143289344,2144337920,2122317824,2130706432,2147483648,2145386496,2127560704,2136997888,2137784320,2599096108
2129657856,2160066560,2157969408,2129657856,2128609280,2147483648,2143289344,2126512128,2144337920,2136473600,2599113001
2123366400,2145386496,2138046464,2128609280,2128609280,2145386496,2143289344,2124414976,2133852160,2135425024,2599129001
2122317824,2155872256,2157969408,2133852160,2129657856,2147483648,2144337920,2127560704,2142502912,2137260032,2599145001
2122317824,2148532224,2142240768,2131755008,2130706432,2148532224,2146435072,2129657856,2136211456,2138832896,2599161001
2125463552,2154823680,2156920832,2138046464,2131755008,2148532224,2147483648,2129657856,2143813632,2139357184,2599177023
2143289344,2142240768,2142240768,2124414976,2130706432,2148532224,2146435072,2128609280,2138046464,2138570752,2599193023
2124414976,2140143616,2141192192,2121269248,2129657856,2146435072,2143289344,2126512128,2131755008,2136473600,2599209024
2139095040,2140143616,2138046464,2118123520,2128609280,2145386496,2143289344,2123366400,2133852160,2135162880,2599225025
2123366400,2154823680,2153775104,2135949312,2129657856,2146435072,2144337920,2125463552,2141978624,2136473600,2599241046
2134900736,2159017984,2152726528,2130706432,2130706432,2148532224,2145386496,2128609280,2144337920,2138308608,2599257045
2139095040,2153775104,2150629376,2132803584,2130706432,2149580800,2147483648,2130706432,2144075776,2139619328,2599273046
2127560704,2159017984,2157969408,2138046464,2130706432,2148532224,2146435072,2129657856,2145648640,2138832896,2599289046
2133852160,2141192192,2139095040,2119172096,2129657856,2147483648,2145386496,2126512128,2133327872,2137260032,2599305066
2139095040,2144337920,2138046464,2120220672,2128609280,2146435072,2143289344,2124414976,2135425024,2135687168,2599321066
2138046464,2138046464,2135949312,2118123520,2129657856,2145386496,2143289344,2124414976,2132541440,2135687168,2599337066
2122317824,2147483648,2140143616,2130706432,2129657856,2148532224,2145386496,2128609280,2135162880,2138046464,2599353066
2122317824,2156920832,2156920832,2141192192,2130706432,2149580800,2148532224,2129657856,2144337920,2139619328,2599369089
2124414976,2155872256,2148532224,2141192192,2130706432,2148532224,2146435072,2128609280,2142502912,2138570752,2599385086
2121269248,2156920832,2147483648,2141192192,2130706432,2147483648,2145386496,2127560704,2141716480,2137784320,2599401089
2136997888,2146435072,2150629376,2121269248,2128609280,2146435072,2144337920,2125463552,2138832896,2136211456,2599417088
2131755008,2151677952,2145386496,2125463552,2129657856,2145386496,2142240768,2124414976,2138570752,2135425024,2599433109
2140143616,2139095040,2138046464,2117074944,2128609280,2147483648,2146435072,2127560704,2133590016,2137522176,2599450001
2134900736,2141192192,2138046464,2124414976,2131755008,2149580800,2146435072,2129657856,2134638592,2139357184,2599466001
2141192192,2143289344,2138046464,2122317824,2131755008,2148532224,2146435072,2128609280,2136211456,2138832896,2599482001
2126512128,2159017984,2156920832,2138046464,2130706432,2147483648,2145386496,2127560704,2145124352,2137784320,2599498001
2144337920,2139095040,2140143616,2118123520,2129657856,2145386496,2143289344,2124414976,2135425024,2135687168,2599514024
2122317824,2147483648,2140143616,2132803584,2127560704,2145386496,2143289344,2124414976,2135687168,2135162880,2599530023
2136997888,2146435072,2138046464,2123366400,2130706432,2146435072,2145386496,2126512128,2136211456,2137260032,2599546023
2126512128,2155872256,2160066560,2134900736,2130706432,2148532224,2146435072,2128609280,2144337920,2138570752,2599562023
2139095040,2153775104,2146435072,2127560704,2130706432,2149580800,2147483648,2129657856,2141716480,2139357184,2599578045
2138046464,2143289344,2138046464,2122317824,2130706432,2148532224,2145386496,2128609280,2135425024,2138308608,2599594047
2128609280,2140143616,2138046464,2120220672,2128609280,2146435072,2144337920,2125463552,2131755008,2136211456,2599610044
2124414976,2141192192,2136997888,2122317824,2128609280,2145386496,2143289344,2125463552,2131230720,2135687168,2599626047
2133852160,2152726528,2149580800,2129657856,2129657856,2147483648,2143289344,2126512128,2141454336,2136735744,2599642066
2124414976,2157969408,2148532224,2141192192,2130706432,2147483648,2146435072,2127560704,2143027200,2138046464,2599658068
2124414976,2161115136,2157969408,2142240768,2131755008,2148532224,2147483648,2128609280,2146435072,2139095040,2599674065
2124414976,2147483648,2147483648,2130706432,2131755008,2147483648,2146435072,2127560704,2137522176,2138308608,2599690068
2129657856,2144337920,2140143616,2124414976,2128609280,2147483648,2145386496,2126512128,2134638592,2136997888,2599706087
2141192192,2141192192,2136997888,2120220672,2129657856,2145386496,2143289344,2124414976,2134900736,2135687168,2599722087
2133852160,2135949312,2134900736,2117074944,2128609280,2146435072,2143289344,2125463552,2130444288,2135949312,2599738086
2141192192,2144337920,2138046464,2121269248,2130706432,2147483648,2145386496,2126512128,2136211456,2137522176,2599754088
2129657856,2160066560,2156920832,2131755008,2131755008,2149580800,2147483648,2129657856,2144600064,2139619328,2599770109
2127560704,2142240768,2141192192,2125463552,2130706432,2148532224,2147483648,2128609280,2134114304,2138832896,2599786109
2125463552,2155872256,2157969408,2133852160,2129657856,2146435072,2144337920,2126512128,2143289344,2136735744,2599803001
2123366400,2157969408,2155872256,2139095040,2128609280,2147483648,2143289344,2125463552,2144075776,2136211456,2599819001
2120220672,2143289344,2139095040,2122317824,2128609280,2146435072,2144337920,2124414976,2131230720,2135949312,2599835001
2129657856,2152726528,2155872256,2129657856,2129657856,2148532224,2144337920,2127560704,2141978624,2137522176,2599851023
2124414976,2143289344,2142240768,2126512128,2131755008,2149580800,2146435072,2129657856,2134114304,2139357184,2599867024
2143289344,2145386496,2146435072,2122317824,2131755008,2149580800,2147483648,2129657856,2139357184,2139619328,2599883023
2123366400,2157969408,2153775104,2141192192,2130706432,2147483648,2145386496,2127560704,2144075776,2137784320,2599899024
2120220672,2147483648,2139095040,2130706432,2128609280,2147483648,2143289344,2126512128,2134376448,2136473600,2599915046
2136997888,2135949312,2134900736,2117074944,2128609280,2146435072,2144337920,2125463552,2131230720,2136211456,2599931044
2125463552,2141192192,2136997888,2122317824,2129657856,2146435072,2144337920,2126512128,2131492864,2136735744,2599947044
2122317824,2151677952,2143289344,2131755008,2130706432,2148532224,2145386496,2128609280,2137260032,2138308608,2599963046
2139095040,2151677952,2142240768,2129657856,2131755008,2149580800,2146435072,2129657856,2140667904,2139357184,2599979066
2123366400,2164260864,2153775104,2140143616,2129657856,2149580800,2146435072,2128609280,2145386496,2138570752,2599995065
2133852160,2143289344,2136997888,2122317824,2129657856,2146435072,2144337920,2126512128,2134114304,2136735744,2600011068
2121269248,2150629376,2153775104,2134900736,2128609280,2146435072,2143289344,2125463552,2140143616,2135949312,2600027067
2129657856,2141192192,2139095040,2120220672,2129657856,2146435072,2143289344,2126512128,2132541440,2136473600,2600043089
2139095040,2154823680,2146435072,2129657856,2130706432,2147483648,2146435072,2127560704,2142502912,2138046464,2600059087
2129657856,2145386496,2142240768,2124414976,2131755008,2149580800,2147483648,2129657856,2135425024,2139619328,2600075087
2123366400,2147483648,2142240768,2130706432,2130706432,2148532224,2146435072,2129657856,2135949312,2138832896,2600091088
2122317824,2155872256,2157969408,2141192192,2128609280,2147483648,2144337920,2127560704,2144337920,2136997888,2600107109
2130706432,2152726528,2148532224,2127560704,2128609280,2146435072,2143289344,2125463552,2139881472,2135949312,2600123108
2123366400,2143289344,2136997888,2123366400,2128609280,2146435072,2144337920,2126512128,2131755008,2136473600,2600140001
2121269248,2156920832,2154823680,2138046464,2130706432,2148532224,2145386496,2128609280,2142765056,2138308608,2600156001
2135949312,2153775104,2148532224,2132803584,2131755008,2149580800,2147483648,2130706432,2142765056,2139881472,2600172001
2126512128,2156920832,2154823680,2140143616,2131755008,2148532224,2146435072,2129657856,2144600064,2139095040,2600188001
2143289344,2142240768,2139095040,2118123520,2129657856,2147483648,2144337920,2126512128,2135687168,2136997888,2600204023
2130706432,2153775104,2146435072,2129657856,2128609280,2146435072,2143289344,2125463552,2140143616,2135949312,2600220024
2122317824,2147483648,2151677952,2130706432,2129657856,2145386496,2144337920,2124414976,2138046464,2135949312,2600236024
2122317824,2145386496,2147483648,2128609280,2130706432,2147483648,2144337920,2127560704,2135949312,2137522176,2600252024
2124414976,2147483648,2145386496,2132803584,2130706432,2149580800,2147483648,2129657856,2137522176,2139357184,2600268047
2122317824,2155872256,2147483648,2143289344,2130706432,2148532224,2146435072,2129657856,2142240768,2138832896,2600284046
2124414976,2147483648,2141192192,2130706432,2129657856,2148532224,2145386496,2127560704,2135949312,2137784320,2600300045
2123366400,2142240768,2147483648,2125463552,2128609280,2146435072,2143289344,2126512128,2134638592,2136211456,2600316045
2134900736,2142240768,2146435072,2119172096,2128609280,2145386496,2143289344,2124414976,2135687168,2135425024,2600332065
2122317824,2155872256,2152726528,2135949312,2130706432,2146435072,2144337920,2126512128,2141716480,2136997888,2600348067
2135949312,2143289344,2146435072,2120220672,2130706432,2148532224,2146435072,2129657856,2136473600,2138832896,2600364067
2141192192,2146435072,2146435072,2122317824,2131755008,2149580800,2146435072,2130706432,2139095040,2139619328,2600380065
2143289344,2146435072,2140143616,2120220672,2130706432,2148532224,2145386496,2127560704,2137522176,2138046464,2600396089
2124414976,2156920832,2154823680,2138046464,2128609280,2147483648,2144337920,2126512128,2143551488,2136735744,2600412088
2141192192,2142240768,2146435072,2118123520,2129657856,2146435072,2143289344,2125463552,2136997888,2136211456,2600428088
2141192192,2140143616,2138046464,2117074944,2129657856,2146435072,2144337920,2126512128,2134114304,2136735744,2600444086
2124414976,2142240768,2141192192,2124414976,2130706432,2147483648,2145386496,2128609280,2133065728,2138046464,2600460109
2143289344,2144337920,2140143616,2121269248,2131755008,2149580800,2147483648,2129657856,2137260032,2139619328,2600477001
2144337920,2140143616,2141192192,2121269248,2130706432,2147483648,2145386496,2128609280,2136735744,2138046464,2600493001
2123366400,2148532224,2150629376,2131755008,2129657856,2147483648,2144337920,2126512128,2138570752,2136997888,2600509001
2122317824,2147483648,2153775104,2126512128,2129657856,2145386496,2142240768,2124414976,2137522176,2135425024,2600525001
2131755008,2139095040,2135949312,2119172096,2129657856,2146435072,2144337920,2125463552,2131492864,2136473600,2600541024
2129657856,2141192192,2142240768,2122317824,2130706432,2148532224,2145386496,2128609280,2133852160,2138308608,2600557023
2139095040,2144337920,2146435072,2124414976,2131755008,2149580800,2147483648,2129657856,2138570752,2139619328,2600573023
2131755008,2146435072,2153775104,2122317824,2129657856,2149580800,2147483648,2129657856,2138570752,2139095040,2600589024
2135949312,2138046464,2138046464,2120220672,2128609280,2147483648,2145386496,2126512128,2133065728,2136997888,2600605047
2135949312,2141192192,2136997888,2118123520,2127560704,2146435072,2143289344,2125463552,2133065728,2135687168,2600621045
2123366400,2143289344,2138046464,2124414976,2129657856,2145386496,2143289344,2124414976,2132279296,2135687168,2600637044
2122317824,2159017984,2154823680,2138046464,2131755008,2147483648,2145386496,2127560704,2143551488,2138046464,2600653047
2140143616,2140143616,2138046464,2121269248,2130706432,2148532224,2146435072,2129657856,2134900736,2138832896,2600669067
2124414976,2160066560,2157969408,2143289344,2131755008,2148532224,2146435072,2128609280,2146435072,2138832896,2600685068
2124414976,2143289344,2145386496,2123366400,2130706432,2146435072,2144337920,2126512128,2134114304,2136997888,2600701066
2140143616,2139095040,2135949312,2117074944,2128609280,2146435072,2143289344,2125463552,2133065728,2135949312,2600717066
2141192192,2142240768,2142240768,2119172096,2128609280,2146435072,2144337920,2125463552,2136211456,2136211456,2600733090
2133852160,2138046464,2138046464,2118123520,2129657856,2146435072,2144337920,2126512128,2132017152,2136735744,2600749087
2122317824,2151677952,2145386496,2134900736,2131755008,2147483648,2146435072,2128609280,2138570752,2138570752,2600765086
2123366400,2149580800,2150629376,2134900736,2131755008,2148532224,2145386496,2129657856,2139619328,2138832896,2600781088
2126512128,2163212288,2157969408,2139095040,2128609280,2149580800,2146435072,2129657856,2146697216,2138570752,2600797110
2141192192,2152726528,2138046464,2122317824,2128609280,2146435072,2143289344,2126512128,2138570752,2136211456,2600813109
2129657856,2139095040,2136997888,2119172096,2128609280,2146435072,2142240768,2124414976,2131230720,2135425024,2600830001
2125463552,2140143616,2135949312,2121269248,2129657856,2146435072,2144337920,2126512128,2130706432,2136735744,2600846001
2123366400,2144337920,2147483648,2129657856,2130706432,2148532224,2145386496,2128609280,2136211456,2138308608,2600862001
2124414976,2147483648,2141192192,2130706432,2131755008,2148532224,2146435072,2129657856,2135949312,2139095040,2600878024
2142240768,2141192192,2141192192,2121269248,2130706432,2147483648,2145386496,2127560704,2136473600,2137784320,2600894023
2127560704,2157969408,2152726528,2132803584,2128609280,2146435072,2144337920,2126512128,2142765056,2136473600,2600910023
2121269248,2140143616,2147483648,2123366400,2128609280,2146435072,2143289344,2125463552,2133065728,2135949312,2600926023
2121269248,2152726528,2147483648,2135949312,2128609280,2147483648,2145386496,2126512128,2139357184,2136997888,2600942045
2131755008,2152726528,2151677952,2126512128,2129657856,2148532224,2146435072,2128609280,2140667904,2138308608,2600958045
2135949312,2141192192,2141192192,2122317824,2131755008,2148532224,2147483648,2129657856,2135162880,2139357184,2600974045
2124414976,2145386496,2143289344,2128609280,2129657856,2149580800,2147483648,2129657856,2135425024,2139095040,2600990045
2142240768,2146435072,2141192192,2121269248,2129657856,2147483648,2143289344,2126512128,2137784320,2136735744,2601006066
2134900736,2153775104,2146435072,2128609280,2128609280,2146435072,2143289344,2125463552,2140930048,2135949312,2601022067
2134900736,2144337920,2146435072,2119172096,2129657856,2146435072,2144337920,2125463552,2136211456,2136473600,2601038067
2140143616,2141192192,2136997888,2120220672,2129657856,2148532224,2145386496,2127560704,2134638592,2137784320,2601054067
2134900736,2152726528,2153775104,2129657856,2130706432,2149580800,2147483648,2129657856,2142765056,2139357184,2601070090
2125463552,2143289344,2140143616,2127560704,2130706432,2149580800,2146435072,2129657856,2134114304,2139095040,2601086086
2124414976,2145386496,2142240768,2128609280,2129657856,2147483648,2144337920,2126512128,2135162880,2136997888,2601102089
2120220672,2142240768,2145386496,2127560704,2128609280,2146435072,2143289344,2125463552,2133852160,2135949312,2601118087
2122317824,2141192192,2147483648,2124414976,2128609280,2146435072,2143289344,2125463552,2133852160,2135949312,2601134108
2123366400,2142240768,2147483648,2124414976,2130706432,2146435072,2144337920,2126512128,2134376448,2136997888,2601150107
2136997888,2154823680,2153775104,2127560704,2131755008,2148532224,2146435072,2129657856,2143289344,2139095040,2601167001
2141192192,2142240768,2139095040,2121269248,2131755008,2149580800,2146435072,2129657856,2135949312,2139357184,2601183001
2140143616,2145386496,2139095040,2122317824,2130706432,2147483648,2145386496,2126512128,2136735744,2137522176,2601199001
2143289344,2141192192,2138046464,2118123520,2129657856,2146435072,2144337920,2126512128,2135162880,2136735744,2601215001
2122317824,2161115136,2151677952,2131755008,2128609280,2146435072,2143289344,2125463552,2141716480,2135949312,2601231024
2121269248,2140143616,2141192192,2121269248,2129657856,2147483648,2143289344,2127560704,2130968576,2136997888,2601247023
2141192192,2146435072,2138046464,2121269248,2130706432,2148532224,2146435072,2128609280,2136735744,2138570752,2601263022
2132803584,2157969408,2156920832,2133852160,2131755008,2148532224,2146435072,2129657856,2145386496,2139095040,2601279023
2125463552,2142240768,2147483648,2125463552,2129657856,2148532224,2145386496,2128609280,2135162880,2138046464,2601295044
2134900736,2143289344,2141192192,2122317824,2129657856,2146435072,2144337920,2126512128,2135425024,2136735744,2601311045
2133852160,2138046464,2135949312,2121269248,2128609280,2146435072,2143289344,2125463552,2132279296,2135949312,2601327045
2124414976,2156920832,2159017984,2133852160,2128609280,2147483648,2144337920,2126512128,2143551488,2136735744,2601343045
2136997888,2146435072,2136997888,2122317824,2129657856,2148532224,2146435072,2128609280,2135687168,2138308608,2601359066
2142240768,2143289344,2139095040,2122317824,2131755008,2148532224,2147483648,2128609280,2136735744,2139095040,2601375066
2136997888,2146435072,2150629376,2127560704,2131755008,2147483648,2146435072,2127560704,2140405760,2138308608,2601391067
2121269248,2147483648,2147483648,2127560704,2129657856,2147483648,2144337920,2126512128,2135949312,2136997888,2601407064
2132803584,2139095040,2135949312,2119172096,2127560704,2146435072,2143289344,2124414976,2131755008,2135425024,2601423087
2139095040,2139095040,2134900736,2117074944,2128609280,2146435072,2143289344,2126512128,2132541440,2136211456,2601439088
2140143616,2140143616,2136997888,2120220672,2130706432,2147483648,2145386496,2127560704,2134376448,2137784320,2601455087
2132803584,2157969408,2153775104,2129657856,2131755008,2149580800,2147483648,2129657856,2143551488,2139619328,2601471087
2139095040,2152726528,2151677952,2123366400,2131755008,2148532224,2146435072,2128609280,2141716480,2138832896,2601487109
2139095040,2145386496,2149580800,2123366400,2129657856,2147483648,2144337920,2127560704,2139357184,2137260032,2601504001
2134900736,2139095040,2136997888,2118123520,2128609280,2147483648,2143289344,2125463552,2132279296,2136211456,2601520001
2140143616,2139095040,2136997888,2116026368,2129657856,2145386496,2143289344,2124414976,2133065728,2135687168,2601536001
2124414976,2157969408,2155872256,2134900736,2130706432,2147483648,2146435072,2126512128,2143289344,2137784320,2601552001
2134900736,2155872256,2156920832,2129657856,2130706432,2149580800,2147483648,2129657856,2144337920,2139357184,2601568023
2133852160,2143289344,2140143616,2122317824,2131755008,2149580800,2146435072,2129657856,2134900736,2139357184,2601584023
2124414976,2160066560,2145386496,2143289344,2128609280,2148532224,2145386496,2128609280,2143289344,2137784320,2601600023
2127560704,2138046464,2135949312,2122317824,2128609280,2146435072,2143289344,2125463552,2130968576,2135949312,2601616023
2136997888,2144337920,2145386496,2118123520,2127560704,2146435072,2142240768,2125463552,2136211456,2135425024,2601632045
2123366400,2160066560,2156920832,2139095040,2129657856,2147483648,2144337920,2126512128,2144862208,2136997888,2601648045
2141192192,2141192192,2139095040,2121269248,2131755008,2148532224,2147483648,2128609280,2135687168,2139095040,2601664045
2124414976,2147483648,2144337920,2131755008,2131755008,2149580800,2145386496,2130706432,2136997888,2139357184,2601680045
2125463552,2157969408,2155872256,2146435072,2130706432,2148532224,2145386496,2128609280,2146435072,2138308608,2601696068
2140143616,2146435072,2138046464,2119172096,2128609280,2146435072,2144337920,2126512128,2135949312,2136473600,2601712067
2132803584,2139095040,2135949312,2114977792,2128609280,2145386496,2143289344,2124414976,2130706432,2135425024,2601728065
2133852160,2150629376,2146435072,2129657856,2129657856,2147483648,2144337920,2126512128,2140143616,2136997888,2601744068
2122317824,2147483648,2143289344,2130706432,2130706432,2149580800,2146435072,2129657856,2135949312,2139095040,2601760088
2133852160,2153775104,2149580800,2133852160,2131755008,2149580800,2147483648,2129657856,2142765056,2139619328,2601776089
2132803584,2153775104,2154823680,2133852160,2130706432,2148532224,2146435072,2129657856,2143813632,2138832896,2601792087
2132803584,2141192192,2141192192,2122317824,2129657856,2146435072,2143289344,2126512128,2134376448,2136473600,2601808088
2121269248,2149580800,2147483648,2132803584,2127560704,2146435072,2144337920,2125463552,2137784320,2135949312,2601824109
2129657856,2141192192,2139095040,2118123520,2128609280,2146435072,2144337920,2126512128,2132017152,2136473600,2601840110
2121269248,2157969408,2153775104,2141192192,2130706432,2148532224,2145386496,2128609280,2143551488,2138308608,2601857001
2138046464,2141192192,2140143616,2122317824,2131755008,2148532224,2146435072,2129657856,2135425024,2139095040,2601873001
2134900736,2141192192,2140143616,2124414976,2130706432,2147483648,2146435072,2128609280,2135162880,2138308608,2601889001
2126512128,2144337920,2139095040,2124414976,2129657856,2147483648,2145386496,2126512128,2133590016,2137260032,2601905023
2122317824,2149580800,2148532224,2132803584,2128609280,2145386496,2142240768,2125463552,2138308608,2135425024,2601921023
2123366400,2139095040,2135949312,2121269248,2128609280,2146435072,2143289344,2124414976,2129920000,2135687168,2601937024
2125463552,2154823680,2154823680,2129657856,2129657856,2148532224,2145386496,2127560704,2141192192,2137784320,2601953023
2143289344,2140143616,2139095040,2121269248,2131755008,2148532224,2146435072,2128609280,2135949312,2138832896,2601969046
2122317824,2147483648,2147483648,2132803584,2130706432,2148532224,2146435072,2129657856,2137522176,2138832896,2601985046
2122317824,2151677952,2144337920,2134900736,2129657856,2148532224,2145386496,2127560704,2138308608,2137784320,2602001045
2136997888,2138046464,2136997888,2117074944,2128609280,2145386496,2142240768,2124414976,2132279296,2135162880,2602017045
2130706432,2154823680,2145386496,2128609280,2128609280,2147483648,2143289344,2126512128,2139881472,2136473600,2602033067
2123366400,2149580800,2139095040,2133852160,2129657856,2146435072,2144337920,2127560704,2136473600,2136997888,2602049067
2134900736,2156920832,2150629376,2130706432,2131755008,2148532224,2146435072,2129657856,2143289344,2139095040,2602065066
2124414976,2152726528,2155872256,2136997888,2130706432,2148532224,2146435072,2129657856,2142502912,2138832896,2602081067
2126512128,2159017984,2159017984,2138046464,2129657856,2148532224,2145386496,2128609280,2145648640,2138046464,2602097088
2142240768,2142240768,2139095040,2120220672,2128609280,2146435072,2144337920,2125463552,2135949312,2136211456,2602113087
2129657856,2141192192,2139095040,2120220672,2129657856,2145386496,2143289344,2124414976,2132541440,2135687168,2602129087
2122317824,2155872256,2149580800,2136997888,2129657856,2146435072,2144337920,2126512128,2141192192,2136735744,2602145087
2144337920,2146435072,2141192192,2122317824,2130706432,2149580800,2146435072,2128609280,2138570752,2138832896,2602161108
2125463552,2148532224,2157969408,2133852160,2130706432,2149580800,2146435072,2129657856,2141454336,2139095040,2602177106
2123366400,2144337920,2145386496,2127560704,2130706432,2147483648,2146435072,2127560704,2135162880,2138046464,2602194001
2124414976,2143289344,2140143616,2126512128,2128609280,2147483648,2143289344,2126512128,2133590016,2136473600,2602210001
2122317824,2157969408,2152726528,2134900736,2127560704,2146435072,2143289344,2125463552,2141978624,2135687168,2602226001
2136997888,2135949312,2136997888,2117074944,2129657856,2147483648,2144337920,2126512128,2131755008,2136997888,2602242001
2141192192,2140143616,2140143616,2120220672,2130706432,2149580800,2145386496,2129657856,2135425024,2138832896,2602258023
2123366400,2155872256,2147483648,2136997888,2132803584,2148532224,2146435072,2129657856,2140930048,2139357184,2602274023
2133852160,2143289344,2141192192,2123366400,2131755008,2148532224,2146435072,2129657856,2135425024,2139095040,2602290024
2132803584,2157969408,2152726528,2133852160,2129657856,2147483648,2144337920,2126512128,2144337920,2136997888,2602306023
2123366400,2147483648,2134900736,2130706432,2128609280,2146435072,2143289344,2125463552,2134114304,2135949312,2602322045
2136997888,2141192192,2135949312,2117074944,2128609280,2146435072,2143289344,2125463552,2132803584,2135949312,2602338045
2138046464,2138046464,2135949312,2117074944,2130706432,2147483648,2145386496,2127560704,2132279296,2137784320,2602354045
2135949312,2146435072,2150629376,2121269248,2131755008,2149580800,2147483648,2129657856,2138570752,2139619328,2602370044
2124414976,2149580800,2145386496,2132803584,2130706432,2149580800,2146435072,2129657856,2138046464,2139095040,2602386066
2129657856,2143289344,2140143616,2122317824,2129657856,2147483648,2145386496,2127560704,2133852160,2137522176,2602402066
2141192192,2146435072,2136997888,2117074944,2128609280,2146435072,2143289344,2124414976,2135425024,2135687168,2602418066
2127560704,2146435072,2151677952,2122317824,2128609280,2146435072,2143289344,2125463552,2136997888,2135949312,2602434065
2127560704,2154823680,2148532224,2134900736,2129657856,2147483648,2145386496,2126512128,2141454336,2137260032,2602450086
2124414976,2142240768,2147483648,2125463552,2130706432,2148532224,2146435072,2129657856,2134900736,2138832896,2602466087
2124414976,2147483648,2142240768,2131755008,2130706432,2148532224,2146435072,2129657856,2136473600,2138832896,2602482089
2123366400,2147483648,2149580800,2127560704,2130706432,2147483648,2144337920,2127560704,2136997888,2137522176,2602498085
2143289344,2139095040,2136997888,2119172096,2128609280,2147483648,2143289344,2125463552,2134638592,2136211456,2602514109
2124414976,2160066560,2155872256,2139095040,2128609280,2145386496,2143289344,2124414976,2144862208,2135425024,2602531001
2145386496,2139095040,2139095040,2117074944,2129657856,2147483648,2145386496,2126512128,2135162880,2137260032,2602547001
2130706432,2161115136,2154823680,2130706432,2130706432,2148532224,2146435072,2129657856,2144337920,2138832896,2602563001
2135949312,2140143616,2140143616,2121269248,2131755008,2148532224,2146435072,2128609280,2134376448,2138832896,2602579001
2123366400,2149580800,2149580800,2134900736,2130706432,2148532224,2146435072,2127560704,2139357184,2138308608,2602595024
2140143616,2140143616,2138046464,2120220672,2129657856,2146435072,2144337920,2125463552,2134638592,2136473600,2602611023
