2121269248,2144337920,2147483648,2126512128,2129657856,2147483648,2145386496,2126512128,2134900736,2137260032,2603702049
2128609280,2156920832,2156920832,2135949312,2130706432,2147483648,2145386496,2127560704,2144600064,2137784320,2603718046
2141192192,2138046464,2138046464,2121269248,2129657856,2147483648,2145386496,2126512128,2134638592,2137260032,2603734050
2126512128,2147483648,2151677952,2131755008,2130706432,2147483648,2145386496,2126512128,2139357184,2137522176,2603750070
2124414976,2159017984,2156920832,2136997888,2129657856,2147483648,2145386496,2127560704,2144337920,2137522176,2603766069
2133852160,2138046464,2136997888,2120220672,2129657856,2147483648,2144337920,2126512128,2132279296,2136997888,2603782068
2131755008,2160066560,2151677952,2130706432,2130706432,2147483648,2145386496,2127560704,2143551488,2137784320,2603798071
2135949312,2140143616,2138046464,2120220672,2129657856,2146435072,2145386496,2127560704,2133590016,2137260032,2603814090
2141192192,2142240768,2138046464,2119172096,2129657856,2147483648,2144337920,2127560704,2135162880,2137260032,2603830092
2140143616,2146435072,2143289344,2122317824,2130706432,2147483648,2144337920,2126512128,2138046464,2137260032,2603846090
2124414976,2156920832,2157969408,2131755008,2129657856,2147483648,2145386496,2127560704,2142765056,2137522176,2603862093
2122317824,2150629376,2145386496,2133852160,2129657856,2148532224,2145386496,2127560704,2138046464,2137784320,2603878110
2140143616,2143289344,2136997888,2119172096,2128609280,2147483648,2143289344,2125463552,2134900736,2136211456,2603894112
2132803584,2155872256,2150629376,2133852160,2127560704,2146435072,2144337920,2125463552,2143289344,2135949312,2603911004
2122317824,2150629376,2151677952,2133852160,2128609280,2147483648,2143289344,2125463552,2139619328,2136211456,2603927004
2139095040,2143289344,2136997888,2119172096,2130706432,2147483648,2144337920,2128609280,2134638592,2137784320,2603943004
2129657856,2154823680,2155872256,2129657856,2130706432,2149580800,2147483648,2130706432,2142502912,2139619328,2603959025
2125463552,2160066560,2151677952,2143289344,2130706432,2148532224,2145386496,2129657856,2145124352,2138570752,2603975026
2122317824,2143289344,2147483648,2123366400,2129657856,2147483648,2145386496,2127560704,2134114304,2137522176,2603991027
2123366400,2141192192,2134900736,2123366400,2128609280,2145386496,2143289344,2124414976,2130706432,2135425024,2604007026
2131755008,2153775104,2149580800,2130706432,2128609280,2147483648,2143289344,2125463552,2141454336,2136211456,2604023047
2125463552,2142240768,2136997888,2124414976,2129657856,2147483648,2145386496,2127560704,2132279296,2137522176,2604039048
2142240768,2140143616,2140143616,2121269248,2131755008,2148532224,2146435072,2129657856,2135949312,2139095040,2604055048
2135949312,2146435072,2150629376,2122317824,2131755008,2148532224,2146435072,2128609280,2138832896,2138832896,2604071048
2127560704,2163212288,2155872256,2139095040,2129657856,2147483648,2144337920,2127560704,2146435072,2137260032,2604087069
2141192192,2141192192,2134900736,2120220672,2127560704,2146435072,2143289344,2125463552,2134376448,2135687168,2604103069
2140143616,2138046464,2135949312,2117074944,2128609280,2145386496,2142240768,2124414976,2132803584,2135162880,2604119070
2136997888,2152726528,2145386496,2124414976,2129657856,2146435072,2144337920,2126512128,2139881472,2136735744,2604135069
2123366400,2148532224,2155872256,2133852160,2131755008,2148532224,2146435072,2129657856,2140405760,2139095040,2604151092
2123366400,2147483648,2148532224,2127560704,2131755008,2148532224,2147483648,2129657856,2136735744,2139357184,2604167089
2130706432,2156920832,2152726528,2131755008,2130706432,2148532224,2145386496,2127560704,2143027200,2138046464,2604183090
2122317824,2145386496,2136997888,2127560704,2129657856,2145386496,2143289344,2124414976,2133065728,2135687168,2604199089
2139095040,2135949312,2134900736,2114977792,2128609280,2145386496,2143289344,2124414976,2131230720,2135425024,2604215110
2132803584,2150629376,2150629376,2132803584,2129657856,2146435072,2144337920,2126512128,2141716480,2136735744,2604231111
2138046464,2141192192,2138046464,2122317824,2131755008,2148532224,2146435072,2128609280,2134900736,2138832896,2604248001
2128609280,2156920832,2160066560,2134900736,2131755008,2149580800,2147483648,2130706432,2145124352,2139881472,2604264001
2135949312,2140143616,2139095040,2121269248,2130706432,2147483648,2145386496,2128609280,2134114304,2138046464,2604280001
2123366400,2140143616,2141192192,2123366400,2128609280,2146435072,2144337920,2125463552,2132017152,2136211456,2604296001
2124414976,2155872256,2160066560,2133852160,2127560704,2145386496,2143289344,2124414976,2143551488,2135162880,2604312027
2127560704,2154823680,2152726528,2133852160,2128609280,2147483648,2144337920,2126512128,2142240768,2136735744,2604328027
2135949312,2141192192,2136997888,2119172096,2130706432,2148532224,2146435072,2128609280,2133327872,2138570752,2604344027
2138046464,2144337920,2140143616,2123366400,2131755008,2149580800,2146435072,2129657856,2136473600,2139357184,2604360025
2127560704,2161115136,2157969408,2140143616,2130706432,2149580800,2147483648,2129657856,2146697216,2139357184,2604376047
2124414976,2155872256,2155872256,2138046464,2129657856,2147483648,2145386496,2126512128,2143551488,2137260032,2604392047
2135949312,2138046464,2135949312,2117074944,2127560704,2145386496,2143289344,2124414976,2131755008,2135162880,2604408048
2138046464,2138046464,2134900736,2119172096,2128609280,2145386496,2143289344,2125463552,2132541440,2135687168,2604424047
2124414976,2147483648,2147483648,2128609280,2130706432,2148532224,2146435072,2128609280,2136997888,2138570752,2604440069
2141192192,2143289344,2141192192,2122317824,2131755008,2148532224,2146435072,2129657856,2136997888,2139095040,2604456069
2133852160,2143289344,2139095040,2122317824,2130706432,2149580800,2147483648,2129657856,2134638592,2139357184,2604472068
2125463552,2159017984,2159017984,2141192192,2129657856,2148532224,2145386496,2127560704,2146172928,2137784320,2604488068
2127560704,2157969408,2148532224,2139095040,2128609280,2146435072,2143289344,2124414976,2143289344,2135687168,2604504089
2120220672,2143289344,2147483648,2122317824,2128609280,2145386496,2143289344,2124414976,2133327872,2135425024,2604520092
2125463552,2140143616,2139095040,2121269248,2129657856,2147483648,2145386496,2127560704,2131492864,2137522176,2604536090
2131755008,2155872256,2155872256,2134900736,2131755008,2148532224,2146435072,2128609280,2144600064,2138832896,2604552089
2140143616,2142240768,2141192192,2124414976,2131755008,2149580800,2147483648,2129657856,2136997888,2139619328,2604568112
2134900736,2157969408,2144337920,2131755008,2130706432,2148532224,2145386496,2127560704,2142240768,2138046464,2604585001
2122317824,2151677952,2142240768,2134900736,2128609280,2146435072,2143289344,2124414976,2137784320,2135687168,2604601001
2126512128,2153775104,2146435072,2125463552,2128609280,2145386496,2143289344,2124414976,2138046464,2135425024,2604617001
2141192192,2138046464,2135949312,2120220672,2129657856,2147483648,2144337920,2126512128,2133852160,2136997888,2604633001
2123366400,2147483648,2147483648,2124414976,2130706432,2149580800,2146435072,2129657856,2135687168,2139095040,2604649026
2125463552,2147483648,2142240768,2127560704,2130706432,2149580800,2147483648,2130706432,2135687168,2139619328,2604665026
2135949312,2156920832,2152726528,2138046464,2131755008,2147483648,2145386496,2127560704,2145910784,2138046464,2604681025
2128609280,2153775104,2150629376,2131755008,2128609280,2147483648,2144337920,2125463552,2141192192,2136473600,2604697027
2138046464,2135949312,2136997888,2114977792,2128609280,2145386496,2142240768,2124414976,2131492864,2135162880,2604713047
2126512128,2163212288,2152726528,2131755008,2128609280,2147483648,2144337920,2126512128,2143551488,2136735744,2604729049
2123366400,2157969408,2154823680,2143289344,2130706432,2149580800,2146435072,2128609280,2144862208,2138832896,2604745047
2140143616,2146435072,2144337920,2122317824,2131755008,2148532224,2146435072,2129657856,2138308608,2139095040,2604761047
2129657856,2141192192,2140143616,2123366400,2130706432,2149580800,2146435072,2128609280,2133590016,2138832896,2604777069
2121269248,2157969408,2149580800,2141192192,2128609280,2147483648,2144337920,2126512128,2142502912,2136735744,2604793070
2136997888,2138046464,2136997888,2120220672,2128609280,2146435072,2142240768,2124414976,2133065728,2135425024,2604809067
2121269248,2141192192,2139095040,2122317824,2128609280,2146435072,2144337920,2125463552,2130968576,2136211456,2604825069
2141192192,2144337920,2138046464,2119172096,2130706432,2148532224,2145386496,2128609280,2135687168,2138308608,2604841090
2124414976,2166358016,2156920832,2138046464,2130706432,2149580800,2147483648,2129657856,2146435072,2139357184,2604857091
2138046464,2145386496,2139095040,2126512128,2130706432,2149580800,2147483648,2129657856,2137260032,2139357184,2604873089
2138046464,2139095040,2139095040,2119172096,2128609280,2147483648,2145386496,2126512128,2133852160,2136997888,2604889091
2142240768,2142240768,2140143616,2118123520,2129657856,2145386496,2143289344,2124414976,2135687168,2135687168,2604905112
2120220672,2159017984,2154823680,2136997888,2128609280,2146435072,2143289344,2124414976,2142765056,2135687168,2604921112
2124414976,2147483648,2156920832,2129657856,2130706432,2147483648,2144337920,2127560704,2139619328,2137522176,2604938001
2125463552,2162163712,2162163712,2138046464,2130706432,2149580800,2147483648,2129657856,2146959360,2139357184,2604954001
2125463552,2145386496,2142240768,2128609280,2131755008,2148532224,2147483648,2128609280,2135425024,2139095040,2604970001
2124414976,2161115136,2150629376,2144337920,2130706432,2147483648,2145386496,2127560704,2145124352,2137784320,2604986027
2120220672,2160066560,2151677952,2134900736,2128609280,2146435072,2143289344,2125463552,2141716480,2135949312,2605002026
2136997888,2135949312,2135949312,2114977792,2129657856,2144337920,2142240768,2123366400,2130968576,2134900736,2605018026
2125463552,2150629376,2155872256,2133852160,2129657856,2146435072,2145386496,2126512128,2141454336,2136997888,2605034026
2122317824,2146435072,2147483648,2127560704,2130706432,2149580800,2146435072,2129657856,2135949312,2139095040,2605050048
2140143616,2146435072,2144337920,2123366400,2132803584,2149580800,2146435072,2130706432,2138570752,2139881472,2605066048
2136997888,2143289344,2146435072,2123366400,2129657856,2148532224,2145386496,2128609280,2137522176,2138046464,2605082049
2126512128,2152726528,2152726528,2133852160,2128609280,2146435072,2144337920,2125463552,2141454336,2136211456,2605098049
2120220672,2155872256,2147483648,2136997888,2127560704,2146435072,2143289344,2125463552,2140143616,2135687168,2605114069
2121269248,2151677952,2147483648,2135949312,2129657856,2146435072,2143289344,2126512128,2139095040,2136473600,2605130067
2124414976,2144337920,2149580800,2127560704,2131755008,2148532224,2145386496,2127560704,2136473600,2138308608,2605146068
2140143616,2152726528,2143289344,2132803584,2131755008,2149580800,2146435072,2130706432,2142240768,2139619328,2605162070
2124414976,2151677952,2159017984,2139095040,2131755008,2148532224,2145386496,2128609280,2143551488,2138570752,2605178090
2125463552,2142240768,2142240768,2123366400,2128609280,2146435072,2145386496,2125463552,2133327872,2136473600,2605194089
2131755008,2146435072,2152726528,2119172096,2128609280,2146435072,2143289344,2125463552,2137522176,2135949312,2605210092
2144337920,2139095040,2136997888,2114977792,2128609280,2146435072,2143289344,2125463552,2133852160,2135949312,2605226092
2134900736,2140143616,2139095040,2119172096,2130706432,2147483648,2146435072,2126512128,2133327872,2137784320,2605242113
2127560704,2145386496,2144337920,2126512128,2131755008,2149580800,2147483648,2129657856,2135949312,2139619328,2605258107
2146435072,2143289344,2142240768,2122317824,2130706432,2149580800,2147483648,2129657856,2138570752,2139357184,2605275001
2124414976,2145386496,2141192192,2126512128,2129657856,2147483648,2144337920,2125463552,2134376448,2136735744,2605291001
2143289344,2139095040,2136997888,2114977792,2128609280,2145386496,2143289344,2124414976,2133590016,2135425024,2605307001
2133852160,2136997888,2138046464,2117074944,2129657856,2146435072,2144337920,2125463552,2131492864,2136473600,2605323000
2123366400,2145386496,2135949312,2126512128,2129657856,2148532224,2146435072,2127560704,2132803584,2138046464,2605339027
2142240768,2138046464,2140143616,2121269248,2131755008,2149580800,2146435072,2129657856,2135425024,2139357184,2605355026
2138046464,2140143616,2139095040,2123366400,2131755008,2148532224,2146435072,2128609280,2135162880,2138832896,2605371025
2141192192,2141192192,2140143616,2119172096,2130706432,2147483648,2145386496,2127560704,2135425024,2137784320,2605387025
2122317824,2147483648,2148532224,2130706432,2128609280,2146435072,2143289344,2125463552,2137260032,2135949312,2605403049
2138046464,2138046464,2135949312,2114977792,2128609280,2146435072,2143289344,2124414976,2131755008,2135687168,2605419048
2122317824,2162163712,2156920832,2135949312,2130706432,2147483648,2144337920,2127560704,2144337920,2137522176,2605435049
2123366400,2162163712,2154823680,2144337920,2131755008,2149580800,2146435072,2129657856,2146172928,2139357184,2605451046
2138046464,2140143616,2140143616,2121269248,2132803584,2149580800,2147483648,2129657856,2134900736,2139881472,2605467069
2136997888,2151677952,2146435072,2128609280,2130706432,2148532224,2145386496,2128609280,2140930048,2138308608,2605483070
2124414976,2155872256,2155872256,2133852160,2128609280,2145386496,2143289344,2125463552,2142502912,2135687168,2605499073
2133852160,2150629376,2144337920,2125463552,2127560704,2145386496,2143289344,2124414976,2138570752,2135162880,2605515067
2138046464,2152726528,2142240768,2127560704,2129657856,2147483648,2143289344,2126512128,2140143616,2136735744,2605531090
2135949312,2140143616,2138046464,2121269248,2130706432,2148532224,2146435072,2128609280,2133852160,2138570752,2605547092
2125463552,2161115136,2159017984,2139095040,2131755008,2148532224,2146435072,2130706432,2146172928,2139357184,2605563091
2125463552,2147483648,2145386496,2131755008,2129657856,2149580800,2146435072,2129657856,2137522176,2138832896,2605579089
2144337920,2143289344,2140143616,2120220672,2128609280,2147483648,2144337920,2126512128,2136997888,2136735744,2605595110
2120220672,2147483648,2149580800,2125463552,2128609280,2145386496,2142240768,2124414976,2135687168,2135162880,2605612001
2139095040,2149580800,2142240768,2128609280,2128609280,2146435072,2144337920,2124414976,2139881472,2135949312,2605628001
2123366400,2147483648,2142240768,2130706432,2129657856,2148532224,2146435072,2128609280,2135949312,2138308608,2605644001
2128609280,2159017984,2155872256,2138046464,2130706432,2149580800,2147483648,2130706432,2145386496,2139619328,2605660001
2138046464,2140143616,2141192192,2123366400,2130706432,2148532224,2146435072,2129657856,2135687168,2138832896,2605676026
2144337920,2142240768,2140143616,2120220672,2129657856,2146435072,2144337920,2125463552,2136735744,2136473600,2605692026
2134900736,2138046464,2138046464,2120220672,2128609280,2145386496,2142240768,2124414976,2132803584,2135162880,2605708022
2130706432,2142240768,2150629376,2119172096,2129657856,2146435072,2143289344,2125463552,2135687168,2136211456,2605724025
2131755008,2141192192,2139095040,2119172096,2129657856,2148532224,2145386496,2127560704,2132803584,2137784320,2605740049
2136997888,2141192192,2138046464,2124414976,2130706432,2149580800,2146435072,2130706432,2135162880,2139357184,2605756049
2141192192,2154823680,2146435072,2127560704,2131755008,2149580800,2146435072,2129657856,2142502912,2139357184,2605772047
2130706432,2162163712,2157969408,2140143616,2129657856,2147483648,2145386496,2126512128,2147745792,2137260032,2605788047
2136997888,2141192192,2143289344,2121269248,2128609280,2146435072,2143289344,2124414976,2135687168,2135687168,2605804070
2122317824,2140143616,2141192192,2121269248,2128609280,2146435072,2143289344,2124414976,2131230720,2135687168,2605820071
2123366400,2148532224,2151677952,2130706432,2130706432,2147483648,2144337920,2127560704,2138570752,2137522176,2605836067
2123366400,2151677952,2153775104,2136997888,2130706432,2150629376,2147483648,2130706432,2141454336,2139881472,2605852069
2124414976,2166358016,2153775104,2145386496,2132803584,2149580800,2147483648,2128609280,2147483648,2139619328,2605868092
2136997888,2141192192,2143289344,2122317824,2130706432,2147483648,2145386496,2127560704,2135949312,2137784320,2605884089
2135949312,2143289344,2146435072,2119172096,2129657856,2146435072,2143289344,2124414976,2136211456,2135949312,2605900089
2127560704,2157969408,2151677952,2130706432,2128609280,2145386496,2143289344,2124414976,2141978624,2135425024,2605916089
2133852160,2150629376,2146435072,2127560704,2129657856,2146435072,2144337920,2126512128,2139619328,2136735744,2605932112
2127560704,2159017984,2159017984,2136997888,2130706432,2148532224,2146435072,2129657856,2145648640,2138832896,2605948113
2136997888,2157969408,2146435072,2130706432,2132803584,2148532224,2147483648,2129657856,2143027200,2139619328,2605965001
2132803584,2141192192,2140143616,2123366400,2130706432,2147483648,2145386496,2128609280,2134376448,2138046464,2605981001
2140143616,2146435072,2145386496,2121269248,2127560704,2147483648,2144337920,2126512128,2138308608,2136473600,2605997001
2122317824,2147483648,2151677952,2130706432,2128609280,2145386496,2142240768,2124414976,2138046464,2135162880,2606013023
2128609280,2152726528,2149580800,2125463552,2129657856,2147483648,2145386496,2126512128,2139095040,2137260032,2606029022
2122317824,2144337920,2147483648,2129657856,2130706432,2148532224,2145386496,2128609280,2135949312,2138308608,2606045024
2123366400,2148532224,2147483648,2134900736,2131755008,2148532224,2146435072,2129657856,2138570752,2139095040,2606061023
2139095040,2152726528,2146435072,2133852160,2130706432,2148532224,2146435072,2128609280,2143027200,2138570752,2606077048
2122317824,2149580800,2153775104,2132803584,2129657856,2147483648,2144337920,2126512128,2139619328,2136997888,2606093046
2120220672,2147483648,2141192192,2127560704,2128609280,2145386496,2143289344,2124414976,2134114304,2135425024,2606109047
2124414976,2155872256,2155872256,2134900736,2128609280,2146435072,2144337920,2125463552,2142765056,2136211456,2606125049
2131755008,2146435072,2154823680,2120220672,2129657856,2148532224,2145386496,2128609280,2138308608,2138046464,2606141071
2122317824,2156920832,2143289344,2140143616,2130706432,2149580800,2146435072,2129657856,2140667904,2139095040,2606157067
2142240768,2142240768,2140143616,2124414976,2132803584,2148532224,2146435072,2128609280,2137260032,2139095040,2606173069
2124414976,2141192192,2140143616,2123366400,2129657856,2147483648,2146435072,2126512128,2132279296,2137522176,2606189070
2123366400,2159017984,2156920832,2136997888,2127560704,2145386496,2143289344,2124414976,2144075776,2135162880,2606205089
2122317824,2142240768,2140143616,2125463552,2129657856,2145386496,2143289344,2124414976,2132541440,2135687168,2606221088
2121269248,2147483648,2151677952,2124414976,2129657856,2147483648,2145386496,2127560704,2136211456,2137522176,2606237092
2142240768,2139095040,2139095040,2119172096,2131755008,2148532224,2146435072,2129657856,2134900736,2139095040,2606253090
2131755008,2157969408,2154823680,2129657856,2131755008,2149580800,2147483648,2129657856,2143551488,2139619328,2606269113
2141192192,2142240768,2138046464,2124414976,2130706432,2147483648,2145386496,2126512128,2136473600,2137522176,2606285109
2122317824,2149580800,2155872256,2134900736,2128609280,2146435072,2143289344,2124414976,2140667904,2135687168,2606302001
2141192192,2138046464,2135949312,2118123520,2128609280,2146435072,2143289344,2124414976,2133327872,2135687168,2606318001
2140143616,2141192192,2138046464,2118123520,2128609280,2147483648,2144337920,2126512128,2134376448,2136735744,2606334001
2127560704,2156920832,2159017984,2136997888,2130706432,2148532224,2147483648,2128609280,2145124352,2138832896,2606350001
2124414976,2149580800,2147483648,2135949312,2131755008,2149580800,2147483648,2130706432,2139357184,2139881472,2606366024
2139095040,2140143616,2140143616,2121269248,2130706432,2148532224,2146435072,2128609280,2135162880,2138570752,2606382023
2140143616,2151677952,2136997888,2121269248,2128609280,2146435072,2143289344,2125463552,2137522176,2135949312,2606398024
2126512128,2152726528,2149580800,2125463552,2128609280,2145386496,2143289344,2124414976,2138570752,2135425024,2606414022
2136997888,2139095040,2135949312,2118123520,2129657856,2147483648,2144337920,2126512128,2132541440,2136997888,2606430049
2123366400,2154823680,2159017984,2138046464,2129657856,2148532224,2146435072,2129657856,2143813632,2138570752,2606446048
2142240768,2141192192,2146435072,2124414976,2131755008,2148532224,2147483648,2129657856,2138570752,2139357184,2606462048
2139095040,2143289344,2140143616,2122317824,2130706432,2149580800,2146435072,2129657856,2136211456,2139095040,2606478047
2122317824,2157969408,2147483648,2143289344,2129657856,2147483648,2144337920,2126512128,2142765056,2136997888,2606494070
2131755008,2152726528,2149580800,2129657856,2128609280,2145386496,2142240768,2124414976,2140930048,2135162880,2606510068
2122317824,2145386496,2135949312,2129657856,2129657856,2146435072,2143289344,2125463552,2133327872,2136211456,2606526071
2126512128,2155872256,2144337920,2139095040,2130706432,2147483648,2145386496,2127560704,2141454336,2137784320,2606542070
2142240768,2144337920,2146435072,2123366400,2132803584,2150629376,2147483648,2130706432,2139095040,2140405760,2606558091
2144337920,2140143616,2140143616,2126512128,2130706432,2149580800,2147483648,2129657856,2137784320,2139357184,2606574089
2138046464,2146435072,2144337920,2121269248,2130706432,2146435072,2145386496,2126512128,2137522176,2137260032,2606590091
2127560704,2143289344,2139095040,2122317824,2128609280,2146435072,2143289344,2124414976,2133065728,2135687168,2606606089
2128609280,2152726528,2147483648,2132803584,2128609280,2145386496,2143289344,2125463552,2140405760,2135687168,2606622114
2126512128,2153775104,2154823680,2136997888,2130706432,2147483648,2145386496,2127560704,2143027200,2137784320,2606639001
2127560704,2155872256,2152726528,2125463552,2131755008,2149580800,2147483648,2130706432,2140405760,2139881472,2606655001
2140143616,2141192192,2141192192,2120220672,2131755008,2148532224,2147483648,2129657856,2135687168,2139357184,2606671001
2131755008,2154823680,2153775104,2129657856,2129657856,2148532224,2145386496,2127560704,2142502912,2137784320,2606687001
2135949312,2149580800,2146435072,2121269248,2128609280,2146435072,2143289344,2124414976,2138308608,2135687168,2606703024
2121269248,2157969408,2155872256,2139095040,2127560704,2146435072,2143289344,2125463552,2143551488,2135687168,2606719022
2124414976,2141192192,2136997888,2122317824,2129657856,2147483648,2144337920,2126512128,2131230720,2136997888,2606735024
2144337920,2141192192,2140143616,2121269248,2130706432,2149580800,2147483648,2130706432,2136735744,2139619328,2606751024
2139095040,2152726528,2144337920,2132803584,2131755008,2149580800,2147483648,2129657856,2142240768,2139619328,2606767047
2141192192,2141192192,2140143616,2123366400,2130706432,2147483648,2146435072,2127560704,2136473600,2138046464,2606783048
2131755008,2143289344,2138046464,2122317824,2128609280,2146435072,2143289344,2125463552,2133852160,2135949312,2606799048
2139095040,2146435072,2142240768,2118123520,2128609280,2145386496,2143289344,2124414976,2136473600,2135425024,2606815048
2121269248,2140143616,2147483648,2123366400,2128609280,2146435072,2143289344,2126512128,2133065728,2136211456,2606831068
2135949312,2143289344,2139095040,2124414976,2131755008,2148532224,2146435072,2129657856,2135687168,2139095040,2606847069
2124414976,2147483648,2145386496,2131755008,2131755008,2149580800,2146435072,2129657856,2137260032,2139357184,2606863068
2129657856,2142240768,2144337920,2124414976,2130706432,2148532224,2145386496,2127560704,2135162880,2138046464,2606879070
2133852160,2152726528,2148532224,2129657856,2129657856,2146435072,2144337920,2126512128,2141192192,2136735744,2606895090
2142240768,2138046464,2136997888,2118123520,2127560704,2146435072,2143289344,2125463552,2133852160,2135687168,2606911091
2134900736,2138046464,2134900736,2120220672,2128609280,2146435072,2144337920,2125463552,2132017152,2136211456,2606927090
2138046464,2141192192,2135949312,2119172096,2130706432,2147483648,2146435072,2128609280,2133590016,2138308608,2606943090
2129657856,2142240768,2141192192,2125463552,2131755008,2150629376,2147483648,2130706432,2134638592,2140143616,2606959112
2129657856,2157969408,2154823680,2139095040,2130706432,2149580800,2146435072,2129657856,2145386496,2139095040,2606975111
2133852160,2141192192,2143289344,2122317824,2130706432,2147483648,2144337920,2126512128,2135162880,2137260032,2606992001
2123366400,2139095040,2135949312,2122317824,2127560704,2145386496,2142240768,2124414976,2130182144,2134900736,2607008001
2139095040,2139095040,2134900736,2118123520,2128609280,2146435072,2143289344,2124414976,2132803584,2135687168,2607024001
2141192192,2140143616,2138046464,2117074944,2130706432,2148532224,2145386496,2127560704,2134114304,2138046464,2607040024
2139095040,2152726528,2146435072,2124414976,2130706432,2150629376,2147483648,2130706432,2140667904,2139881472,2607056024
2132803584,2162163712,2153775104,2133852160,2130706432,2150629376,2147483648,2130706432,2145648640,2139881472,2607072023
2140143616,2141192192,2138046464,2117074944,2130706432,2147483648,2145386496,2126512128,2134114304,2137522176,2607088023
2121269248,2161115136,2153775104,2136997888,2127560704,2146435072,2143289344,2125463552,2143289344,2135687168,2607104048
2135949312,2150629376,2146435072,2121269248,2128609280,2146435072,2143289344,2125463552,2138570752,2135949312,2607120049
2123366400,2151677952,2154823680,2135949312,2129657856,2147483648,2145386496,2127560704,2141454336,2137522176,2607136047
2121269248,2156920832,2154823680,2142240768,2130706432,2149580800,2146435072,2130706432,2143813632,2139357184,2607152047
2127560704,2160066560,2160066560,2143289344,2131755008,2147483648,2147483648,2129657856,2147745792,2139095040,2607168071
2123366400,2142240768,2147483648,2125463552,2129657856,2147483648,2146435072,2127560704,2134638592,2137784320,2607184069
2130706432,2152726528,2154823680,2129657856,2128609280,2146435072,2143289344,2125463552,2141978624,2135949312,2607200068
2121269248,2159017984,2156920832,2128609280,2127560704,2146435072,2143289344,2124414976,2141454336,2135425024,2607216069
2136997888,2138046464,2136997888,2120220672,2128609280,2146435072,2145386496,2126512128,2133065728,2136735744,2607232090
2130706432,2156920832,2153775104,2136997888,2130706432,2149580800,2146435072,2129657856,2144600064,2139095040,2607248090
2141192192,2145386496,2146435072,2121269248,2131755008,2149580800,2147483648,2130706432,2138570752,2139881472,2607264089
2123366400,2150629376,2147483648,2135949312,2131755008,2147483648,2145386496,2127560704,2139357184,2138046464,2607280093
2138046464,2138046464,2138046464,2120220672,2128609280,2146435072,2144337920,2126512128,2133590016,2136473600,2607296110
2136997888,2146435072,2146435072,2120220672,2128609280,2145386496,2143289344,2123366400,2137522176,2135162880,2607312110
2135949312,2140143616,2146435072,2117074944,2128609280,2146435072,2144337920,2126512128,2134900736,2136473600,2607329001
2142240768,2143289344,2140143616,2120220672,2130706432,2147483648,2146435072,2127560704,2136473600,2138046464,2607345001
2124414976,2151677952,2155872256,2134900736,2131755008,2149580800,2147483648,2131755008,2141716480,2140143616,2607361001
2145386496,2142240768,2141192192,2122317824,2131755008,2148532224,2146435072,2128609280,2137784320,2138832896,2607377001
2141192192,2139095040,2139095040,2117074944,2128609280,2147483648,2145386496,2126512128,2134114304,2136997888,2607393023
2121269248,2160066560,2139095040,2143289344,2128609280,2145386496,2142240768,2125463552,2140930048,2135425024,2607409022
2121269248,2143289344,2141192192,2124414976,2128609280,2146435072,2143289344,2125463552,2132541440,2135949312,2607425024
2138046464,2139095040,2136997888,2117074944,2129657856,2148532224,2144337920,2127560704,2132803584,2137522176,2607441023
2123366400,2162163712,2155872256,2145386496,2130706432,2149580800,2147483648,2130706432,2146697216,2139619328,2607457045
2136997888,2159017984,2152726528,2136997888,2130706432,2149580800,2146435072,2130706432,2146435072,2139357184,2607473045
2143289344,2139095040,2139095040,2117074944,2129657856,2146435072,2144337920,2125463552,2134638592,2136473600,2607489050
2141192192,2140143616,2144337920,2118123520,2128609280,2146435072,2143289344,2124414976,2135949312,2135687168,2607505045
2122317824,2156920832,2153775104,2138046464,2128609280,2146435072,2143289344,2125463552,2142765056,2135949312,2607521070
2131755008,2152726528,2150629376,2127560704,2129657856,2147483648,2145386496,2126512128,2140667904,2137260032,2607537070
2128609280,2161115136,2160066560,2141192192,2130706432,2149580800,2147483648,2129657856,2147745792,2139357184,2607553071
2129657856,2143289344,2142240768,2126512128,2130706432,2149580800,2147483648,2129657856,2135425024,2139357184,2607569069
2136997888,2142240768,2138046464,2122317824,2130706432,2148532224,2144337920,2127560704,2134900736,2137784320,2607585089
2133852160,2138046464,2136997888,2120220672,2128609280,2146435072,2143289344,2125463552,2132279296,2135949312,2607601090
2121269248,2147483648,2138046464,2130706432,2128609280,2145386496,2143289344,2124414976,2134376448,2135425024,2607617090
2135949312,2139095040,2136997888,2119172096,2129657856,2147483648,2144337920,2126512128,2132803584,2136997888,2607633091
2123366400,2155872256,2153775104,2139095040,2130706432,2149580800,2146435072,2129657856,2143027200,2139095040,2607649112
2123366400,2144337920,2147483648,2126512128,2131755008,2149580800,2148532224,2129657856,2135425024,2139881472,2607666001
2144337920,2146435072,2140143616,2123366400,2129657856,2148532224,2145386496,2128609280,2138570752,2138046464,2607682001
2125463552,2160066560,2154823680,2133852160,2129657856,2146435072,2144337920,2125463552,2143551488,2136473600,2607698001
2133852160,2156920832,2146435072,2127560704,2128609280,2145386496,2143289344,2124414976,2141192192,2135425024,2607714001
2121269248,2140143616,2143289344,2121269248,2128609280,2146435072,2143289344,2125463552,2131492864,2135949312,2607730023
2139095040,2146435072,2136997888,2122317824,2130706432,2147483648,2145386496,2128609280,2136211456,2138046464,2607746023
2123366400,2143289344,2151677952,2125463552,2131755008,2149580800,2146435072,2130706432,2135949312,2139619328,2607762022
2124414976,2148532224,2147483648,2133852160,2130706432,2148532224,2146435072,2128609280,2138570752,2138570752,2607778023
2123366400,2142240768,2147483648,2124414976,2128609280,2146435072,2144337920,2126512128,2134376448,2136473600,2607794046
2139095040,2141192192,2138046464,2119172096,2128609280,2146435072,2143289344,2125463552,2134376448,2135949312,2607810046
2138046464,2146435072,2145386496,2127560704,2128609280,2146435072,2144337920,2126512128,2139357184,2136473600,2607826046
2130706432,2153775104,2154823680,2121269248,2130706432,2148532224,2146435072,2128609280,2140143616,2138570752,2607842046
2124414976,2157969408,2156920832,2138046464,2131755008,2149580800,2146435072,2130706432,2144337920,2139619328,2607858069
2133852160,2154823680,2151677952,2129657856,2130706432,2148532224,2146435072,2129657856,2142502912,2138832896,2607874072
2124414976,2147483648,2140143616,2130706432,2129657856,2147483648,2144337920,2127560704,2135687168,2137260032,2607890069
2122317824,2145386496,2148532224,2126512128,2128609280,2146435072,2142240768,2124414976,2135687168,2135425024,2607906068
2138046464,2135949312,2136997888,2117074944,2128609280,2146435072,2143289344,2125463552,2132017152,2135949312,2607922091
2135949312,2143289344,2138046464,2120220672,2130706432,2147483648,2145386496,2128609280,2134376448,2138046464,2607938090
2124414976,2160066560,2155872256,2144337920,2131755008,2149580800,2147483648,2129657856,2146172928,2139619328,2607954088
2125463552,2155872256,2147483648,2142240768,2131755008,2148532224,2146435072,2129657856,2142765056,2139095040,2607970092
2122317824,2161115136,2154823680,2140143616,2130706432,2148532224,2145386496,2127560704,2144600064,2138046464,2607986113
2129657856,2138046464,2136997888,2120220672,2129657856,2145386496,2143289344,2124414976,2131230720,2135687168,2608002114
2129657856,2138046464,2134900736,2119172096,2128609280,2145386496,2143289344,2124414976,2130444288,2135425024,2608019001
2125463552,2140143616,2136997888,2119172096,2131755008,2146435072,2143289344,2125463552,2130444288,2136735744,2608035001
2123366400,2142240768,2142240768,2125463552,2131755008,2147483648,2146435072,2129657856,2133327872,2138832896,2608051001
2144337920,2142240768,2143289344,2121269248,2131755008,2149580800,2146435072,2130706432,2137784320,2139619328,2608067024
2122317824,2161115136,2156920832,2141192192,2129657856,2148532224,2146435072,2128609280,2145386496,2138308608,2608083024
2131755008,2141192192,2139095040,2119172096,2128609280,2146435072,2144337920,2125463552,2132803584,2136211456,2608099023
2125463552,2149580800,2150629376,2125463552,2128609280,2145386496,2142240768,2124414976,2137784320,2135162880,2608115023
2138046464,2141192192,2136997888,2120220672,2130706432,2146435072,2144337920,2125463552,2134114304,2136735744,2608131046
2128609280,2156920832,2156920832,2138046464,2131755008,2148532224,2146435072,2128609280,2145124352,2138832896,2608147045
2139095040,2146435072,2152726528,2124414976,2130706432,2149580800,2147483648,2130706432,2140667904,2139619328,2608163045
2129657856,2142240768,2141192192,2126512128,2130706432,2148532224,2145386496,2128609280,2134900736,2138308608,2608179046
2123366400,2147483648,2139095040,2126512128,2129657856,2147483648,2144337920,2125463552,2134114304,2136735744,2608195068
2122317824,2155872256,2153775104,2134900736,2129657856,2146435072,2142240768,2124414976,2141716480,2135687168,2608211068
2123366400,2140143616,2139095040,2121269248,2128609280,2147483648,2144337920,2125463552,2130968576,2136473600,2608227071
2122317824,2143289344,2142240768,2126512128,2130706432,2147483648,2145386496,2128609280,2133590016,2138046464,2608243072
2129657856,2156920832,2156920832,2140143616,2131755008,2149580800,2146435072,2130706432,2145910784,2139619328,2608259091
2126512128,2154823680,2157969408,2138046464,2131755008,2149580800,2146435072,2129657856,2144337920,2139357184,2608275089
2132803584,2143289344,2141192192,2122317824,2130706432,2146435072,2144337920,2124414976,2134900736,2136473600,2608291089
2138046464,2138046464,2135949312,2120220672,2129657856,2145386496,2142240768,2123366400,2133065728,2135162880,2608307093
2130706432,2153775104,2150629376,2134900736,2128609280,2146435072,2143289344,2125463552,2142502912,2135949312,2608323115
2122317824,2157969408,2156920832,2138046464,2129657856,2147483648,2146435072,2127560704,2143813632,2137784320,2608339108
2144337920,2140143616,2143289344,2119172096,2131755008,2148532224,2146435072,2129657856,2136735744,2139095040,2608356001
2134900736,2155872256,2150629376,2135949312,2130706432,2149580800,2146435072,2129657856,2144337920,2139095040,2608372001
2126512128,2145386496,2138046464,2130706432,2130706432,2147483648,2145386496,2127560704,2135162880,2137784320,2608388001
2142240768,2140143616,2138046464,2119172096,2128609280,2146435072,2143289344,2124414976,2134900736,2135687168,2608404001
2139095040,2138046464,2135949312,2118123520,2128609280,2146435072,2142240768,2125463552,2132803584,2135687168,2608420024
2121269248,2151677952,2139095040,2139095040,2129657856,2147483648,2144337920,2127560704,2137784320,2137260032,2608436025
2140143616,2138046464,2138046464,2121269248,2130706432,2149580800,2146435072,2129657856,2134376448,2139095040,2608452023
2129657856,2154823680,2160066560,2141192192,2132803584,2148532224,2147483648,2129657856,2146435072,2139619328,2608468022
2124414976,2149580800,2150629376,2134900736,2129657856,2147483648,2146435072,2127560704,2139881472,2137784320,2608484044
2122317824,2145386496,2149580800,2134900736,2128609280,2146435072,2144337920,2125463552,2138046464,2136211456,2608500045
2138046464,2141192192,2134900736,2119172096,2128609280,2145386496,2142240768,2124414976,2133327872,2135162880,2608516045
2134900736,2150629376,2145386496,2126512128,2129657856,2147483648,2145386496,2126512128,2139357184,2137260032,2608532043
2130706432,2153775104,2152726528,2132803584,2130706432,2148532224,2146435072,2129657856,2142502912,2138832896,2608548070
2145386496,2140143616,2139095040,2121269248,2131755008,2148532224,2147483648,2129657856,2136473600,2139357184,2608564069
2138046464,2143289344,2140143616,2123366400,2130706432,2148532224,2146435072,2128609280,2136211456,2138570752,2608580069
2140143616,2149580800,2138046464,2128609280,2128609280,2146435072,2144337920,2125463552,2139095040,2136211456,2608596069
2131755008,2141192192,2133852160,2118123520,2128609280,2145386496,2143289344,2124414976,2131230720,2135425024,2608612092
2123366400,2155872256,2152726528,2136997888,2128609280,2146435072,2144337920,2125463552,2142240768,2136211456,2608628091
2124414976,2159017984,2157969408,2138046464,2130706432,2148532224,2146435072,2128609280,2144862208,2138570752,2608644090
2139095040,2153775104,2141192192,2132803584,2131755008,2149580800,2147483648,2130706432,2141716480,2139881472,2608660089
2123366400,2148532224,2147483648,2131755008,2131755008,2148532224,2146435072,2129657856,2137784320,2139095040,2608676112
2145386496,2141192192,2142240768,2118123520,2129657856,2146435072,2143289344,2126512128,2136735744,2136473600,2608693001
2124414976,2143289344,2136997888,2122317824,2128609280,2146435072,2142240768,2124414976,2131755008,2135425024,2608709001
2123366400,2145386496,2138046464,2126512128,2128609280,2146435072,2143289344,2125463552,2133327872,2135949312,2608725001
2123366400,2144337920,2147483648,2125463552,2130706432,2147483648,2145386496,2128609280,2135162880,2138046464,2608741001
2125463552,2147483648,2143289344,2130706432,2130706432,2149580800,2147483648,2130706432,2136735744,2139619328,2608757023
2128609280,2145386496,2147483648,2128609280,2131755008,2148532224,2147483648,2128609280,2137522176,2139095040,2608773024
2136997888,2152726528,2146435072,2133852160,2129657856,2147483648,2144337920,2127560704,2142502912,2137260032,2608789024
2123366400,2145386496,2148532224,2127560704,2128609280,2145386496,2143289344,2124414976,2136211456,2135425024,2608805023
2140143616,2135949312,2136997888,2118123520,2128609280,2145386496,2143289344,2124414976,2132803584,2135425024,2608821046
2122317824,2145386496,2140143616,2126512128,2129657856,2148532224,2145386496,2127560704,2133590016,2137784320,2608837047
2138046464,2138046464,2138046464,2124414976,2131755008,2149580800,2146435072,2129657856,2134638592,2139357184,2608853043
2123366400,2154823680,2151677952,2141192192,2131755008,2149580800,2147483648,2130706432,2142765056,2139881472,2608869047
2142240768,2141192192,2140143616,2121269248,2129657856,2147483648,2146435072,2127560704,2136211456,2137784320,2608885069
2121269248,2157969408,2151677952,2141192192,2128609280,2146435072,2144337920,2125463552,2143027200,2136211456,2608901069
2133852160,2143289344,2134900736,2120220672,2127560704,2145386496,2144337920,2124414976,2133065728,2135425024,2608917069
2121269248,2154823680,2154823680,2136997888,2129657856,2146435072,2144337920,2126512128,2141978624,2136735744,2608933071
2143289344,2146435072,2139095040,2124414976,2131755008,2148532224,2146435072,2129657856,2138308608,2139095040,2608949092
2138046464,2142240768,2141192192,2121269248,2131755008,2149580800,2147483648,2129657856,2135687168,2139619328,2608965090
2123366400,2144337920,2143289344,2127560704,2130706432,2148532224,2145386496,2128609280,2134638592,2138308608,2608981091
2136997888,2146435072,2151677952,2124414976,2129657856,2146435072,2143289344,2125463552,2139881472,2136211456,2608997093
2121269248,2151677952,2147483648,2134900736,2127560704,2145386496,2143289344,2124414976,2138832896,2135162880,2609013114
2121269248,2140143616,2142240768,2123366400,2129657856,2147483648,2145386496,2126512128,2131755008,2137260032,2609029113
2121269248,2149580800,2147483648,2132803584,2130706432,2148532224,2145386496,2129657856,2137784320,2138570752,2609046000
2144337920,2141192192,2141192192,2122317824,2132803584,2149580800,2147483648,2130706432,2137260032,2140143616,2609062001
2132803584,2150629376,2157969408,2126512128,2130706432,2148532224,2145386496,2128609280,2141978624,2138308608,2609078001
2121269248,2159017984,2154823680,2136997888,2129657856,2146435072,2144337920,2126512128,2143027200,2136735744,2609094023
2121269248,2141192192,2136997888,2124414976,2128609280,2145386496,2142240768,2124414976,2130968576,2135162880,2609110023
2125463552,2136997888,2140143616,2120220672,2129657856,2146435072,2144337920,2125463552,2130706432,2136473600,2609126022
2121269248,2147483648,2147483648,2130706432,2130706432,2147483648,2145386496,2128609280,2136735744,2138046464,2609142023
2123366400,2153775104,2149580800,2139095040,2131755008,2149580800,2147483648,2130706432,2141454336,2139881472,2609158045
2140143616,2146435072,2142240768,2121269248,2131755008,2149580800,2147483648,2129657856,2137522176,2139619328,2609174044
2123366400,2149580800,2147483648,2134900736,2130706432,2146435072,2144337920,2126512128,2138832896,2136997888,2609190045
2121269248,2143289344,2148532224,2125463552,2127560704,2147483648,2144337920,2125463552,2134638592,2136211456,2609206044
2126512128,2154823680,2154823680,2133852160,2128609280,2146435072,2142240768,2125463552,2142502912,2135687168,2609222067
2123366400,2144337920,2155872256,2127560704,2129657856,2147483648,2145386496,2127560704,2137784320,2137522176,2609238064
2124414976,2145386496,2141192192,2126512128,2131755008,2148532224,2146435072,2129657856,2134376448,2139095040,2609254066
2124414976,2164260864,2152726528,2143289344,2131755008,2149580800,2147483648,2130706432,2146172928,2139881472,2609270067
2124414976,2155872256,2151677952,2139095040,2129657856,2147483648,2145386496,2127560704,2142765056,2137522176,2609286090
2122317824,2145386496,2141192192,2126512128,2128609280,2146435072,2143289344,2124414976,2133852160,2135687168,2609302092
2122317824,2143289344,2144337920,2124414976,2128609280,2146435072,2144337920,2124414976,2133590016,2135949312,2609318092
2126512128,2160066560,2153775104,2136997888,2130706432,2146435072,2144337920,2126512128,2144337920,2136997888,2609334093
2135949312,2138046464,2139095040,2122317824,2130706432,2148532224,2147483648,2129657856,2133852160,2139095040,2609350110
2140143616,2143289344,2143289344,2122317824,2131755008,2148532224,2147483648,2129657856,2137260032,2139357184,2609366109
2135949312,2142240768,2141192192,2121269248,2130706432,2148532224,2146435072,2127560704,2135162880,2138308608,2609383001
2123366400,2162163712,2156920832,2136997888,2128609280,2146435072,2143289344,2125463552,2144862208,2135949312,2609399001
2140143616,2138046464,2135949312,2118123520,2128609280,2145386496,2142240768,2124414976,2133065728,2135162880,2609415001
2121269248,2147483648,2143289344,2130706432,2129657856,2146435072,2144337920,2125463552,2135687168,2136473600,2609431001
2142240768,2138046464,2138046464,2119172096,2130706432,2149580800,2146435072,2129657856,2134376448,2139095040,2609447025
2126512128,2153775104,2143289344,2140143616,2131755008,2149580800,2146435072,2130706432,2140930048,2139619328,2609463023
2144337920,2139095040,2141192192,2119172096,2131755008,2148532224,2146435072,2128609280,2135949312,2138832896,2609479023
2128609280,2153775104,2152726528,2131755008,2128609280,2146435072,2143289344,2126512128,2141716480,2136211456,2609495025
2120220672,2153775104,2147483648,2136997888,2127560704,2145386496,2142240768,2124414976,2139619328,2134900736,2609511045
2133852160,2152726528,2145386496,2129657856,2128609280,2145386496,2143289344,2125463552,2140405760,2135687168,2609527046
2141192192,2141192192,2144337920,2117074944,2130706432,2147483648,2146435072,2128609280,2135949312,2138308608,2609543046
2142240768,2146435072,2142240768,2121269248,2131755008,2148532224,2147483648,2129657856,2138046464,2139357184,2609559046
2135949312,2160066560,2146435072,2130706432,2130706432,2148532224,2147483648,2129657856,2143289344,2139095040,2609575066
2123366400,2155872256,2154823680,2139095040,2129657856,2147483648,2143289344,2127560704,2143289344,2136997888,2609591066
2122317824,2142240768,2143289344,2127560704,2127560704,2146435072,2143289344,2125463552,2133852160,2135687168,2609607067
2124414976,2159017984,2153775104,2134900736,2129657856,2146435072,2143289344,2124414976,2143027200,2135949312,2609623065
2126512128,2156920832,2157969408,2133852160,2130706432,2148532224,2144337920,2127560704,2143813632,2137784320,2609639093
2123366400,2149580800,2147483648,2132803584,2131755008,2149580800,2147483648,2129657856,2138308608,2139619328,2609655090
2135949312,2154823680,2154823680,2129657856,2131755008,2149580800,2146435072,2129657856,2143813632,2139357184,2609671089
2122317824,2147483648,2147483648,2126512128,2130706432,2147483648,2144337920,2128609280,2135949312,2137784320,2609687091
2132803584,2146435072,2150629376,2124414976,2128609280,2145386496,2143289344,2124414976,2138570752,2135425024,2609703111
2126512128,2150629376,2153775104,2127560704,2128609280,2145386496,2143289344,2124414976,2139619328,2135425024,2609720001
2123366400,2147483648,2150629376,2129657856,2129657856,2147483648,2144337920,2127560704,2137784320,2137260032,2609736001
2123366400,2152726528,2155872256,2133852160,2131755008,2148532224,2146435072,2129657856,2141454336,2139095040,2609752001
2122317824,2147483648,2147483648,2132803584,2131755008,2149580800,2146435072,2130706432,2137522176,2139619328,2609768001
2133852160,2156920832,2149580800,2127560704,2130706432,2147483648,2146435072,2127560704,2141978624,2138046464,2609784023
2141192192,2148532224,2140143616,2127560704,2129657856,2146435072,2143289344,2124414976,2139357184,2135949312,2609800024
2134900736,2136997888,2134900736,2118123520,2129657856,2145386496,2143289344,2124414976,2131230720,2135687168,2609816022
2127560704,2155872256,2152726528,2133852160,2129657856,2147483648,2145386496,2126512128,2142502912,2137260032,2609832023
2124414976,2142240768,2139095040,2125463552,2130706432,2149580800,2146435072,2130706432,2132803584,2139357184,2609848045
2123366400,2147483648,2155872256,2133852160,2131755008,2149580800,2147483648,2130706432,2140143616,2139881472,2609864045
2124414976,2155872256,2157969408,2139095040,2129657856,2149580800,2146435072,2129657856,2144337920,2138832896,2609880045
2123366400,2144337920,2139095040,2126512128,2128609280,2147483648,2144337920,2126512128,2133327872,2136735744,2609896045
2143289344,2138046464,2135949312,2119172096,2127560704,2145386496,2143289344,2124414976,2134114304,2135162880,2609912065
2141192192,2141192192,2135949312,2118123520,2128609280,2146435072,2144337920,2126512128,2134114304,2136473600,2609928067
2139095040,2162163712,2144337920,2132803584,2130706432,2148532224,2145386496,2127560704,2144600064,2138046464,2609944068
2128609280,2160066560,2156920832,2138046464,2131755008,2150629376,2147483648,2130706432,2145910784,2140143616,2609960068
2124414976,2155872256,2151677952,2139095040,2131755008,2148532224,2147483648,2128609280,2142765056,2139095040,2609976090
2134900736,2141192192,2136997888,2122317824,2129657856,2146435072,2144337920,2126512128,2133852160,2136735744,2609992090
2126512128,2155872256,2156920832,2129657856,2127560704,2145386496,2143289344,2125463552,2142240768,2135425024,2610008089
2122317824,2143289344,2144337920,2123366400,2128609280,2146435072,2143289344,2125463552,2133327872,2135949312,2610024090
2122317824,2147483648,2141192192,2130706432,2129657856,2148532224,2145386496,2128609280,2135425024,2138046464,2610040111
2135949312,2141192192,2139095040,2123366400,2132803584,2148532224,2146435072,2128609280,2134900736,2139095040,2610056111
2138046464,2156920832,2146435072,2136997888,2130706432,2149580800,2146435072,2129657856,2144600064,2139095040,2610073001
2138046464,2139095040,2140143616,2119172096,2129657856,2147483648,2144337920,2126512128,2134114304,2136997888,2610089001
2130706432,2156920832,2148532224,2133852160,2129657856,2145386496,2143289344,2124414976,2142502912,2135687168,2610105001
2122317824,2157969408,2155872256,2133852160,2128609280,2146435072,2144337920,2125463552,2142502912,2136211456,2610121024
2121269248,2155872256,2149580800,2139095040,2129657856,2148532224,2146435072,2127560704,2141454336,2138046464,2610137022
2124414976,2151677952,2150629376,2134900736,2131755008,2149580800,2147483648,2129657856,2140405760,2139619328,2610153022
2126512128,2150629376,2155872256,2133852160,2131755008,2149580800,2147483648,2129657856,2141716480,2139619328,2610169024
2126512128,2143289344,2141192192,2126512128,2129657856,2148532224,2145386496,2128609280,2134376448,2138046464,2610185046
2123366400,2145386496,2141192192,2128609280,2128609280,2146435072,2144337920,2125463552,2134638592,2136211456,2610201044
2128609280,2138046464,2136997888,2121269248,2128609280,2145386496,2143289344,2124414976,2131230720,2135425024,2610217044
2133852160,2150629376,2146435072,2124414976,2129657856,2147483648,2144337920,2126512128,2138832896,2136997888,2610233045
2145386496,2138046464,2142240768,2125463552,2131755008,2148532224,2147483648,2129657856,2137784320,2139357184,2610249068
2145386496,2140143616,2141192192,2121269248,2131755008,2149580800,2147483648,2130706432,2136997888,2139881472,2610265066
2125463552,2152726528,2159017984,2139095040,2129657856,2147483648,2145386496,2127560704,2144075776,2137522176,2610281067
2124414976,2154823680,2155872256,2132803584,2128609280,2146435072,2144337920,2125463552,2141978624,2136211456,2610297066
2134900736,2138046464,2138046464,2118123520,2127560704,2146435072,2143289344,2125463552,2132279296,2135687168,2610313093
2139095040,2146435072,2150629376,2120220672,2129657856,2147483648,2144337920,2125463552,2139095040,2136735744,2610329089
2126512128,2164260864,2155872256,2136997888,2129657856,2149580800,2147483648,2129657856,2145910784,2139095040,2610345089
2133852160,2142240768,2143289344,2126512128,2131755008,2149580800,2148532224,2129657856,2136473600,2139881472,2610361090
2139095040,2146435072,2151677952,2124414976,2130706432,2147483648,2147483648,2129657856,2140405760,2138832896,2610377114
2141192192,2146435072,2144337920,2125463552,2129657856,2146435072,2144337920,2126512128,2139357184,2136735744,2610393110
2131755008,2138046464,2138046464,2118123520,2128609280,2145386496,2144337920,2125463552,2131492864,2135949312,2610410001
2128609280,2141192192,2135949312,2122317824,2129657856,2146435072,2142240768,2125463552,2132017152,2135949312,2610426001
2123366400,2147483648,2151677952,2131755008,2129657856,2147483648,2145386496,2127560704,2138570752,2137522176,2610442001
2141192192,2142240768,2141192192,2123366400,2131755008,2149580800,2147483648,2130706432,2136997888,2139881472,2610458000
2140143616,2140143616,2138046464,2121269248,2130706432,2149580800,2147483648,2129657856,2134900736,2139357184,2610474024
2125463552,2162163712,2157969408,2136997888,2129657856,2147483648,2145386496,2127560704,2145648640,2137522176,2610490024
2127560704,2141192192,2140143616,2118123520,2128609280,2146435072,2143289344,2124414976,2131755008,2135687168,2610506024
2124414976,2152726528,2156920832,2132803584,2128609280,2146435072,2144337920,2125463552,2141716480,2136211456,2610522022
2141192192,2138046464,2136997888,2120220672,2131755008,2147483648,2144337920,2126512128,2134114304,2137522176,2610538046
2123366400,2147483648,2151677952,2129657856,2131755008,2148532224,2147483648,2129657856,2138046464,2139357184,2610554046
2130706432,2156920832,2155872256,2133852160,2131755008,2149580800,2147483648,2129657856,2144337920,2139619328,2610570045
2123366400,2147483648,2141192192,2127560704,2129657856,2147483648,2145386496,2127560704,2134900736,2137522176,2610586043
2140143616,2139095040,2136997888,2118123520,2127560704,2147483648,2143289344,2125463552,2133590016,2135949312,2610602069
2121269248,2138046464,2136997888,2121269248,2128609280,2145386496,2143289344,2124414976,2129395712,2135425024,2610618067
2136997888,2146435072,2146435072,2123366400,2129657856,2146435072,2144337920,2126512128,2138308608,2136735744,2610634066
2122317824,2147483648,2145386496,2132803584,2130706432,2149580800,2147483648,2129657856,2136997888,2139357184,2610650067
2130706432,2155872256,2155872256,2133852160,2131755008,2149580800,2147483648,2130706432,2144075776,2139881472,2610666089
2144337920,2143289344,2140143616,2122317824,2130706432,2149580800,2145386496,2129657856,2137522176,2138832896,2610682089
2134900736,2146435072,2146435072,2122317824,2128609280,2146435072,2144337920,2125463552,2137522176,2136211456,2610698090
2128609280,2151677952,2156920832,2129657856,2127560704,2145386496,2143289344,2124414976,2141716480,2135162880,2610714085
2129657856,2141192192,2138046464,2122317824,2129657856,2146435072,2144337920,2125463552,2132803584,2136473600,2610730111
2125463552,2157969408,2151677952,2140143616,2130706432,2148532224,2146435072,2129657856,2143813632,2138832896,2610747001
2144337920,2142240768,2142240768,2124414976,2131755008,2148532224,2146435072,2129657856,2138308608,2139095040,2610763001
2123366400,2153775104,2147483648,2136997888,2130706432,2148532224,2146435072,2129657856,2140405760,2138832896,2610779001
2122317824,2156920832,2155872256,2139095040,2130706432,2147483648,2144337920,2125463552,2143551488,2136997888,2610795001
2131755008,2142240768,2136997888,2119172096,2128609280,2145386496,2143289344,2124414976,2132541440,2135425024,2610811024
2122317824,2143289344,2141192192,2122317824,2129657856,2146435072,2143289344,2125463552,2132279296,2136211456,2610827023
2125463552,2143289344,2145386496,2123366400,2130706432,2148532224,2146435072,2128609280,2134376448,2138570752,2610843024
2138046464,2142240768,2138046464,2121269248,2131755008,2149580800,2147483648,2130706432,2134900736,2139881472,2610859024
2127560704,2155872256,2155872256,2140143616,2131755008,2149580800,2146435072,2129657856,2144862208,2139357184,2610875046
2125463552,2156920832,2156920832,2138046464,2130706432,2147483648,2145386496,2125463552,2144337920,2137260032,2610891047
2128609280,2156920832,2148532224,2133852160,2128609280,2145386496,2143289344,2124414976,2141978624,2135425024,2610907045
2138046464,2139095040,2138046464,2121269248,2129657856,2146435072,2144337920,2124414976,2134114304,2136211456,2610923045
2124414976,2156920832,2155872256,2135949312,2129657856,2147483648,2145386496,2127560704,2143289344,2137522176,2610939068
2149580800,2150629376,2142240768,2128609280,2131755008,2149580800,2147483648,2130706432,2142765056,2139881472,2610955068
2124414976,2147483648,2147483648,2130706432,2131755008,2149580800,2147483648,2129657856,2137522176,2139619328,2610971068
2131755008,2155872256,2152726528,2135949312,2129657856,2148532224,2145386496,2128609280,2144075776,2138046464,2610987068
2146435072,2138046464,2138046464,2117074944,2129657856,2145386496,2143289344,2124414976,2134900736,2135687168,2611003089
2121269248,2153775104,2144337920,2134900736,2129657856,2145386496,2142240768,2124414976,2138570752,2135425024,2611019088
2124414976,2141192192,2136997888,2124414976,2130706432,2147483648,2144337920,2127560704,2131755008,2137522176,2611035086
2124414976,2154823680,2157969408,2134900736,2130706432,2149580800,2147483648,2129657856,2143027200,2139357184,2611051087
2128609280,2162163712,2157969408,2141192192,2131755008,2149580800,2147483648,2129657856,2147483648,2139619328,2611067112
2129657856,2140143616,2140143616,2125463552,2130706432,2149580800,2145386496,2129657856,2133852160,2138832896,2611083114
2123366400,2149580800,2155872256,2132803584,2128609280,2146435072,2143289344,2125463552,2140405760,2135949312,2611100001
2129657856,2139095040,2139095040,2114977792,2128609280,2145386496,2144337920,2124414976,2130706432,2135687168,2611116001
2134900736,2145386496,2150629376,2121269248,2129657856,2147483648,2144337920,2126512128,2138046464,2136997888,2611132001
2134900736,2141192192,2143289344,2122317824,2130706432,2148532224,2146435072,2129657856,2135425024,2138832896,2611148023
2126512128,2154823680,2160066560,2141192192,2131755008,2149580800,2147483648,2130706432,2145648640,2139881472,2611164022
2124414976,2147483648,2147483648,2131755008,2130706432,2148532224,2146435072,2128609280,2137784320,2138570752,2611180024
2134900736,2146435072,2149580800,2121269248,2128609280,2146435072,2143289344,2126512128,2138046464,2136211456,2611196024
2122317824,2143289344,2143289344,2126512128,2128609280,2146435072,2143289344,2124414976,2133852160,2135687168,2611212045
2130706432,2142240768,2146435072,2121269248,2129657856,2147483648,2144337920,2126512128,2135162880,2136997888,2611228045
2122317824,2142240768,2147483648,2125463552,2129657856,2148532224,2146435072,2128609280,2134376448,2138308608,2611244047
2123366400,2155872256,2152726528,2141192192,2131755008,2149580800,2147483648,2129657856,2143289344,2139619328,2611260045
2125463552,2147483648,2149580800,2130706432,2130706432,2149580800,2146435072,2129657856,2138308608,2139095040,2611276067
2136997888,2142240768,2138046464,2122317824,2129657856,2146435072,2143289344,2126512128,2134900736,2136473600,2611292066
2138046464,2141192192,2135949312,2119172096,2129657856,2145386496,2142240768,2124414976,2133590016,2135425024,2611308066
2126512128,2154823680,2148532224,2136997888,2128609280,2147483648,2143289344,2125463552,2141716480,2136211456,2611324067
2121269248,2147483648,2147483648,2130706432,2129657856,2148532224,2145386496,2128609280,2136735744,2138046464,2611340087
2122317824,2154823680,2150629376,2140143616,2130706432,2149580800,2147483648,2129657856,2141978624,2139357184,2611356086
2143289344,2144337920,2142240768,2122317824,2130706432,2148532224,2147483648,2129657856,2138046464,2139095040,2611372088
2121269248,2160066560,2147483648,2146435072,2129657856,2148532224,2144337920,2127560704,2143813632,2137522176,2611388090
2122317824,2143289344,2140143616,2123366400,2127560704,2146435072,2143289344,2124414976,2132279296,2135425024,2611404112
2131755008,2154823680,2145386496,2132803584,2128609280,2146435072,2143289344,2125463552,2141192192,2135949312,2611420111
2120220672,2145386496,2147483648,2128609280,2130706432,2148532224,2145386496,2127560704,2135425024,2138046464,2611437001
2123366400,2160066560,2151677952,2142240768,2131755008,2149580800,2147483648,2130706432,2144337920,2139881472,2611453001
2141192192,2141192192,2141192192,2122317824,2131755008,2149580800,2147483648,2129657856,2136473600,2139619328,2611469001
2144337920,2143289344,2139095040,2122317824,2131755008,2147483648,2145386496,2127560704,2137260032,2138046464,2611485001
2122317824,2157969408,2152726528,2138046464,2128609280,2146435072,2144337920,2125463552,2142765056,2136211456,2611501023
2139095040,2139095040,2138046464,2114977792,2127560704,2146435072,2143289344,2124414976,2132803584,2135425024,2611517023
2139095040,2138046464,2138046464,2117074944,2128609280,2147483648,2144337920,2126512128,2133065728,2136735744,2611533023
2125463552,2153775104,2150629376,2138046464,2131755008,2148532224,2146435072,2129657856,2141978624,2139095040,2611549023
2142240768,2153775104,2141192192,2125463552,2131755008,2150629376,2147483648,2130706432,2140667904,2140143616,2611565045
2131755008,2140143616,2140143616,2121269248,2130706432,2148532224,2146435072,2127560704,2133327872,2138308608,2611581046
2127560704,2143289344,2138046464,2122317824,2128609280,2147483648,2145386496,2126512128,2132803584,2136997888,2611597047
2133852160,2136997888,2139095040,2120220672,2127560704,2146435072,2142240768,2124414976,2132541440,2135162880,2611613045
2120220672,2154823680,2143289344,2138046464,2128609280,2146435072,2143289344,2126512128,2139095040,2136211456,2611629067
2123366400,2155872256,2152726528,2140143616,2130706432,2148532224,2146435072,2128609280,2143027200,2138570752,2611645066
2132803584,2159017984,2150629376,2141192192,2131755008,2148532224,2147483648,2129657856,2145910784,2139357184,2611661067
2140143616,2146435072,2139095040,2126512128,2130706432,2148532224,2146435072,2128609280,2138046464,2138570752,2611677065
2124414976,2160066560,2160066560,2136997888,2128609280,2147483648,2144337920,2127560704,2145386496,2136997888,2611693090
2125463552,2139095040,2142240768,2122317824,2128609280,2145386496,2143289344,2124414976,2132279296,2135425024,2611709089
2119172096,2148532224,2143289344,2132803584,2128609280,2146435072,2143289344,2126512128,2135949312,2136211456,2611725087
2124414976,2160066560,2160066560,2133852160,2129657856,2148532224,2145386496,2128609280,2144600064,2138046464,2611741087
2138046464,2141192192,2139095040,2123366400,2131755008,2149580800,2147483648,2129657856,2135425024,2139619328,2611757112
2134900736,2160066560,2152726528,2134900736,2131755008,2148532224,2146435072,2128609280,2145648640,2138832896,2611774001
2143289344,2149580800,2142240768,2129657856,2130706432,2146435072,2144337920,2125463552,2141192192,2136735744,2611790001
2122317824,2159017984,2149580800,2138046464,2128609280,2146435072,2143289344,2124414976,2142240768,2135687168,2611806001
2139095040,2149580800,2150629376,2125463552,2128609280,2146435072,2143289344,2125463552,2141192192,2135949312,2611822001
2123366400,2151677952,2149580800,2134900736,2130706432,2147483648,2145386496,2127560704,2139881472,2137784320,2611838023
2136997888,2146435072,2150629376,2124414976,2131755008,2148532224,2146435072,2128609280,2139619328,2138832896,2611854025
2131755008,2142240768,2140143616,2124414976,2131755008,2148532224,2146435072,2129657856,2134638592,2139095040,2611870024
2144337920,2142240768,2140143616,2122317824,2129657856,2148532224,2145386496,2127560704,2137260032,2137784320,2611886023
2132803584,2138046464,2139095040,2121269248,2128609280,2145386496,2143289344,2124414976,2132803584,2135425024,2611902047
2126512128,2157969408,2152726528,2129657856,2128609280,2146435072,2142240768,2124414976,2141716480,2135425024,2611918045
2125463552,2139095040,2138046464,2121269248,2130706432,2145386496,2143289344,2125463552,2130968576,2136211456,2611934043
2141192192,2141192192,2140143616,2119172096,2130706432,2149580800,2147483648,2129657856,2135425024,2139357184,2611950045
2130706432,2160066560,2159017984,2144337920,2131755008,2149580800,2147483648,2129657856,2148532224,2139619328,2611966067
2124414976,2150629376,2145386496,2135949312,2130706432,2147483648,2145386496,2127560704,2139095040,2137784320,2611982067
2134900736,2153775104,2152726528,2130706432,2128609280,2147483648,2144337920,2125463552,2143027200,2136473600,2611998064
2123366400,2147483648,2159017984,2126512128,2127560704,2146435072,2143289344,2125463552,2139095040,2135687168,2612014067
2129657856,2157969408,2152726528,2130706432,2128609280,2147483648,2144337920,2126512128,2142765056,2136735744,2612030088
2126512128,2159017984,2152726528,2136997888,2130706432,2149580800,2146435072,2129657856,2143813632,2139095040,2612046088
2132803584,2154823680,2151677952,2130706432,2130706432,2149580800,2147483648,2130706432,2142502912,2139619328,2612062088
2144337920,2143289344,2140143616,2124414976,2130706432,2148532224,2146435072,2129657856,2138046464,2138832896,2612078089
2131755008,2141192192,2139095040,2123366400,2129657856,2146435072,2144337920,2125463552,2133852160,2136473600,2612094107
2119172096,2159017984,2145386496,2139095040,2127560704,2146435072,2143289344,2124414976,2140667904,2135425024,2612110112
2125463552,2142240768,2136997888,2122317824,2129657856,2145386496,2143289344,2125463552,2131755008,2135949312,2612127001
2121269248,2159017984,2151677952,2140143616,2130706432,2147483648,2145386496,2128609280,2143027200,2138046464,2612143001
2145386496,2144337920,2142240768,2123366400,2132803584,2148532224,2147483648,2128609280,2138832896,2139357184,2612159001
2125463552,2162163712,2161115136,2138046464,2130706432,2149580800,2146435072,2129657856,2146697216,2139095040,2612175023
2123366400,2142240768,2142240768,2126512128,2129657856,2147483648,2145386496,2126512128,2133590016,2137260032,2612191024
2122317824,2142240768,2153775104,2125463552,2128609280,2146435072,2143289344,2124414976,2135949312,2135687168,2612207023
2126512128,2155872256,2155872256,2138046464,2128609280,2146435072,2143289344,2124414976,2144075776,2135687168,2612223023
2138046464,2138046464,2139095040,2117074944,2129657856,2147483648,2145386496,2126512128,2133065728,2137260032,2612239044
2127560704,2151677952,2156920832,2132803584,2131755008,2149580800,2146435072,2129657856,2142240768,2139357184,2612255046
2125463552,2159017984,2159017984,2141192192,2130706432,2149580800,2147483648,2130706432,2146172928,2139619328,2612271045
2128609280,2154823680,2156920832,2129657856,2129657856,2147483648,2145386496,2127560704,2142502912,2137522176,2612287045
2124414976,2147483648,2152726528,2130706432,2128609280,2146435072,2143289344,2125463552,2138832896,2135949312,2612303065
2123366400,2148532224,2155872256,2131755008,2127560704,2146435072,2144337920,2125463552,2139881472,2135949312,2612319066
2122317824,2157969408,2152726528,2133852160,2129657856,2147483648,2144337920,2126512128,2141716480,2136997888,2612335066
2123366400,2163212288,2154823680,2143289344,2131755008,2149580800,2146435072,2129657856,2146172928,2139357184,2612351068
2123366400,2164260864,2156920832,2142240768,2131755008,2149580800,2146435072,2130706432,2146697216,2139619328,2612367088
2133852160,2157969408,2146435072,2131755008,2130706432,2147483648,2145386496,2127560704,2142502912,2137784320,2612383087
2123366400,2155872256,2154823680,2139095040,2129657856,2146435072,2143289344,2125463552,2143289344,2136211456,2612399087
2138046464,2141192192,2135949312,2120220672,2128609280,2145386496,2142240768,2124414976,2133852160,2135162880,2612415087
2139095040,2146435072,2142240768,2121269248,2129657856,2146435072,2143289344,2126512128,2137260032,2136473600,2612431109
2123366400,2145386496,2143289344,2129657856,2131755008,2148532224,2146435072,2128609280,2135425024,2138832896,2612447108
2136997888,2141192192,2140143616,2124414976,2132803584,2149580800,2147483648,2129657856,2135687168,2139881472,2612464001
2135949312,2140143616,2139095040,2121269248,2130706432,2148532224,2146435072,2128609280,2134114304,2138570752,2612480001
2141192192,2139095040,2139095040,2117074944,2129657856,2146435072,2144337920,2125463552,2134114304,2136473600,2612496001
2124414976,2156920832,2152726528,2128609280,2128609280,2145386496,2142240768,2124414976,2140667904,2135162880,2612512001
2132803584,2141192192,2135949312,2117074944,2129657856,2146435072,2143289344,2125463552,2131755008,2136211456,2612528023
2136997888,2144337920,2139095040,2119172096,2130706432,2148532224,2146435072,2128609280,2134900736,2138570752,2612544023
2141192192,2143289344,2142240768,2120220672,2130706432,2149580800,2147483648,2129657856,2136735744,2139357184,2612560023
2134900736,2160066560,2149580800,2132803584,2131755008,2148532224,2146435072,2129657856,2144337920,2139095040,2612576022
2123366400,2149580800,2147483648,2134900736,2129657856,2147483648,2145386496,2126512128,2138832896,2137260032,2612592045
2134900736,2150629376,2150629376,2125463552,2128609280,2145386496,2143289344,2124414976,2140405760,2135425024,2612608046
2120220672,2147483648,2148532224,2128609280,2128609280,2145386496,2143289344,2125463552,2136211456,2135687168,2612624045
2126512128,2154823680,2156920832,2138046464,2130706432,2147483648,2146435072,2127560704,2144075776,2138046464,2612640044
2123366400,2147483648,2140143616,2127560704,2131755008,2149580800,2147483648,2129657856,2134638592,2139619328,2612656067
2141192192,2155872256,2142240768,2129657856,2131755008,2149580800,2148532224,2130706432,2142240768,2140143616,2612672067
2144337920,2139095040,2142240768,2119172096,2129657856,2147483648,2144337920,2127560704,2136211456,2137260032,2612688066
2122317824,2152726528,2149580800,2134900736,2128609280,2145386496,2143289344,2124414976,2139881472,2135425024,2612704068
2142240768,2139095040,2135949312,2114977792,2128609280,2146435072,2143289344,2125463552,2133065728,2135949312,2612720089
2143289344,2142240768,2136997888,2120220672,2129657856,2147483648,2144337920,2126512128,2135687168,2136997888,2612736087
2135949312,2155872256,2146435072,2131755008,2130706432,2149580800,2146435072,2129657856,2142502912,2139095040,2612752087
2129657856,2144337920,2144337920,2126512128,2131755008,2149580800,2146435072,2129657856,2136211456,2139357184,2612768087
2123366400,2147483648,2147483648,2128609280,2131755008,2146435072,2144337920,2127560704,2136735744,2137522176,2612784111
2136997888,2151677952,2148532224,2125463552,2128609280,2145386496,2143289344,2125463552,2140667904,2135687168,2612801001
2128609280,2155872256,2149580800,2128609280,2127560704,2146435072,2142240768,2125463552,2140667904,2135425024,2612817001
2140143616,2146435072,2135949312,2117074944,2129657856,2146435072,2144337920,2126512128,2134900736,2136735744,2612833001
2138046464,2140143616,2139095040,2121269248,2130706432,2149580800,2146435072,2129657856,2134638592,2139095040,2612849001
2139095040,2140143616,2139095040,2121269248,2130706432,2149580800,2147483648,2130706432,2134900736,2139619328,2612865024
2140143616,2154823680,2146435072,2130706432,2130706432,2148532224,2145386496,2128609280,2143027200,2138308608,2612881024
2127560704,2157969408,2156920832,2130706432,2128609280,2147483648,2143289344,2125463552,2143289344,2136211456,2612897023
2126512128,2153775104,2151677952,2131755008,2128609280,2145386496,2143289344,2123366400,2140930048,2135162880,2612913022
2121269248,2144337920,2147483648,2125463552,2128609280,2147483648,2144337920,2126512128,2134638592,2136735744,2612929045
2130706432,2152726528,2157969408,2123366400,2130706432,2148532224,2147483648,2128609280,2141192192,2138832896,2612945045
2130706432,2157969408,2157969408,2136997888,2131755008,2148532224,2147483648,2129657856,2145910784,2139357184,2612961044
2124414976,2154823680,2152726528,2139095040,2130706432,2149580800,2145386496,2129657856,2142765056,2138832896,2612977046
2123366400,2147483648,2139095040,2132803584,2129657856,2147483648,2144337920,2126512128,2135687168,2136997888,2612993068
2122317824,2151677952,2147483648,2132803584,2128609280,2145386496,2143289344,2124414976,2138570752,2135425024,2613009067
2122317824,2155872256,2151677952,2136997888,2128609280,2146435072,2144337920,2125463552,2141716480,2136211456,2613025066
2123366400,2162163712,2157969408,2135949312,2129657856,2148532224,2145386496,2127560704,2144862208,2137784320,2613041068
2126512128,2147483648,2141192192,2126512128,2131755008,2148532224,2147483648,2129657856,2135425024,2139357184,2613057088
2141192192,2140143616,2140143616,2122317824,2131755008,2149580800,2146435072,2129657856,2135949312,2139357184,2613073089
2129657856,2144337920,2142240768,2124414976,2130706432,2147483648,2144337920,2126512128,2135162880,2137260032,2613089086
2121269248,2147483648,2147483648,2132803584,2127560704,2145386496,2143289344,2124414976,2137260032,2135162880,2613105087
2121269248,2144337920,2149580800,2125463552,2128609280,2145386496,2143289344,2124414976,2135162880,2135425024,2613121109
2126512128,2157969408,2154823680,2135949312,2129657856,2147483648,2144337920,2127560704,2143813632,2137260032,2613137109
2124414976,2151677952,2147483648,2134900736,2130706432,2149580800,2147483648,2129657856,2139619328,2139357184,2613154001
2142240768,2143289344,2139095040,2124414976,2131755008,2149580800,2146435072,2130706432,2137260032,2139619328,2613170001
2126512128,2153775104,2157969408,2127560704,2129657856,2147483648,2145386496,2127560704,2141454336,2137522176,2613186001
2136997888,2153775104,2146435072,2134900736,2128609280,2146435072,2143289344,2125463552,2143027200,2135949312,2613202023
2121269248,2147483648,2147483648,2129657856,2128609280,2145386496,2143289344,2124414976,2136473600,2135425024,2613218022
2126512128,2154823680,2154823680,2130706432,2129657856,2147483648,2144337920,2126512128,2141716480,2136997888,2613234022
2135949312,2141192192,2138046464,2122317824,2130706432,2149580800,2147483648,2129657856,2134376448,2139357184,2613250023
2129657856,2141192192,2139095040,2125463552,2130706432,2149580800,2147483648,2130706432,2133852160,2139619328,2613266045
2129657856,2140143616,2141192192,2124414976,2130706432,2148532224,2146435072,2128609280,2133852160,2138570752,2613282045
2129657856,2138046464,2136997888,2120220672,2128609280,2146435072,2143289344,2125463552,2131230720,2135949312,2613298044
2132803584,2139095040,2135949312,2118123520,2127560704,2146435072,2143289344,2124414976,2131492864,2135425024,2613314045
2121269248,2147483648,2140143616,2124414976,2130706432,2146435072,2143289344,2125463552,2133327872,2136473600,2613330067
2126512128,2160066560,2160066560,2132803584,2130706432,2149580800,2147483648,2129657856,2144862208,2139357184,2613346067
2129657856,2164260864,2155872256,2138046464,2131755008,2150629376,2147483648,2130706432,2146959360,2140143616,2613362066
2146435072,2140143616,2143289344,2123366400,2130706432,2148532224,2146435072,2129657856,2138308608,2138832896,2613378067
2136997888,2146435072,2146435072,2122317824,2129657856,2147483648,2144337920,2126512128,2138046464,2136997888,2613394087
2121269248,2139095040,2142240768,2123366400,2128609280,2146435072,2143289344,2125463552,2131492864,2135949312,2613410088
2136997888,2141192192,2134900736,2117074944,2128609280,2146435072,2144337920,2125463552,2132541440,2136211456,2613426087
2122317824,2143289344,2141192192,2126512128,2129657856,2148532224,2146435072,2128609280,2133327872,2138308608,2613442088
2127560704,2141192192,2143289344,2123366400,2130706432,2149580800,2147483648,2129657856,2133852160,2139357184,2613458111
2136997888,2143289344,2140143616,2122317824,2130706432,2148532224,2147483648,2129657856,2135687168,2139095040,2613474106
2141192192,2149580800,2146435072,2129657856,2129657856,2147483648,2144337920,2127560704,2141716480,2137260032,2613491001
2120220672,2155872256,2147483648,2135949312,2127560704,2145386496,2143289344,2123366400,2139881472,2134900736,2613507001
2134900736,2144337920,2136997888,2119172096,2128609280,2145386496,2143289344,2125463552,2133852160,2135687168,2613523001
2127560704,2156920832,2154823680,2136997888,2129657856,2147483648,2145386496,2127560704,2144075776,2137522176,2613539001
2123366400,2147483648,2143289344,2130706432,2131755008,2149580800,2147483648,2129657856,2136211456,2139619328,2613555023
2127560704,2161115136,2159017984,2135949312,2131755008,2149580800,2147483648,2129657856,2145910784,2139619328,2613571024
2126512128,2161115136,2160066560,2134900736,2130706432,2147483648,2145386496,2126512128,2145648640,2137522176,2613587023
2135949312,2139095040,2136997888,2117074944,2127560704,2146435072,2143289344,2125463552,2132279296,2135687168,2613603022
2122317824,2147483648,2140143616,2129657856,2128609280,2146435072,2143289344,2124414976,2134900736,2135687168,2613619046
2132803584,2140143616,2136997888,2118123520,2130706432,2147483648,2144337920,2126512128,2132017152,2137260032,2613635047
2131755008,2155872256,2153775104,2133852160,2131755008,2148532224,2147483648,2129657856,2143813632,2139357184,2613651045
2135949312,2142240768,2138046464,2126512128,2131755008,2149580800,2147483648,2130706432,2135687168,2139881472,2613667044
2130706432,2154823680,2157969408,2134900736,2130706432,2147483648,2146435072,2128609280,2144600064,2138308608,2613683066
2133852160,2138046464,2136997888,2121269248,2128609280,2146435072,2143289344,2125463552,2132541440,2135949312,2613699067
2134900736,2139095040,2134900736,2114977792,2127560704,2146435072,2143289344,2125463552,2130968576,2135687168,2613715066
2122317824,2142240768,2141192192,2124414976,2129657856,2147483648,2144337920,2126512128,2132541440,2136997888,2613731067
2124414976,2161115136,2160066560,2138046464,2130706432,2149580800,2146435072,2129657856,2145910784,2139095040,2613747089
2133852160,2154823680,2154823680,2134900736,2131755008,2149580800,2147483648,2129657856,2144600064,2139619328,2613763089
2135949312,2146435072,2141192192,2122317824,2130706432,2148532224,2145386496,2128609280,2136473600,2138308608,2613779088
2138046464,2139095040,2136997888,2120220672,2129657856,2147483648,2144337920,2126512128,2133590016,2136997888,2613795086
2120220672,2147483648,2143289344,2130706432,2128609280,2146435072,2143289344,2124414976,2135425024,2135687168,2613811109
2135949312,2149580800,2138046464,2125463552,2129657856,2146435072,2143289344,2126512128,2137260032,2136473600,2613828001
2139095040,2151677952,2142240768,2125463552,2130706432,2148532224,2145386496,2128609280,2139619328,2138308608,2613844001
2125463552,2147483648,2140143616,2130706432,2132803584,2149580800,2146435072,2129657856,2135949312,2139619328,2613860001
2144337920,2146435072,2144337920,2121269248,2131755008,2148532224,2145386496,2128609280,2139095040,2138570752,2613876001
2143289344,2140143616,2140143616,2120220672,2130706432,2146435072,2144337920,2126512128,2135949312,2136997888,2613892024
2138046464,2140143616,2135949312,2119172096,2128609280,2145386496,2142240768,2124414976,2133327872,2135162880,2613908024
2131755008,2141192192,2135949312,2118123520,2127560704,2147483648,2143289344,2125463552,2131755008,2135949312,2613924022
2121269248,2157969408,2147483648,2138046464,2129657856,2147483648,2145386496,2128609280,2141192192,2137784320,2613940025
2124414976,2149580800,2141192192,2132803584,2131755008,2149580800,2147483648,2131755008,2136997888,2140143616,2613956045
2123366400,2161115136,2159017984,2141192192,2131755008,2148532224,2146435072,2129657856,2146172928,2139095040,2613972046
2129657856,2143289344,2140143616,2126512128,2129657856,2147483648,2145386496,2127560704,2134900736,2137522176,2613988045
2122317824,2143289344,2140143616,2126512128,2127560704,2146435072,2143289344,2125463552,2133065728,2135687168,2614004044
2129657856,2138046464,2135949312,2120220672,2128609280,2145386496,2143289344,2124414976,2130968576,2135425024,2614020066
2132803584,2138046464,2140143616,2122317824,2130706432,2146435072,2143289344,2126512128,2133327872,2136735744,2614036067
2126512128,2163212288,2154823680,2135949312,2131755008,2149580800,2147483648,2129657856,2145124352,2139619328,2614052068
2142240768,2153775104,2140143616,2123366400,2131755008,2148532224,2147483648,2129657856,2139881472,2139357184,2614068066
2133852160,2154823680,2150629376,2123366400,2130706432,2147483648,2146435072,2127560704,2140667904,2138046464,2614084087
2122317824,2155872256,2155872256,2136997888,2128609280,2146435072,2143289344,2125463552,2142765056,2135949312,2614100089
2120220672,2150629376,2144337920,2133852160,2128609280,2145386496,2142240768,2124414976,2137260032,2135162880,2614116088
2139095040,2150629376,2146435072,2120220672,2129657856,2147483648,2145386496,2126512128,2139095040,2137260032,2614132087
2123366400,2147483648,2144337920,2130706432,2130706432,2149580800,2147483648,2128609280,2136473600,2139095040,2614148110
2138046464,2143289344,2150629376,2123366400,2131755008,2149580800,2147483648,2130706432,2138832896,2139881472,2614164109
2125463552,2147483648,2142240768,2129657856,2130706432,2148532224,2145386496,2128609280,2136211456,2138308608,2614181001
2123366400,2157969408,2153775104,2141192192,2127560704,2147483648,2144337920,2126512128,2144075776,2136473600,2614197001
2126512128,2151677952,2156920832,2131755008,2128609280,2145386496,2143289344,2124414976,2141716480,2135425024,2614213001
2122317824,2162163712,2155872256,2139095040,2129657856,2146435072,2144337920,2126512128,2144862208,2136735744,2614229024
2128609280,2156920832,2157969408,2138046464,2130706432,2148532224,2146435072,2128609280,2145386496,2138570752,2614245022
2127560704,2150629376,2157969408,2134900736,2130706432,2150629376,2147483648,2130706432,2142765056,2139881472,2614261023
2142240768,2146435072,2140143616,2121269248,2130706432,2149580800,2146435072,2129657856,2137522176,2139095040,2614277024
2125463552,2140143616,2139095040,2126512128,2129657856,2147483648,2143289344,2126512128,2132803584,2136735744,2614293046
2127560704,2157969408,2151677952,2130706432,2128609280,2145386496,2143289344,2124414976,2141978624,2135425024,2614309044
2131755008,2146435072,2151677952,2117074944,2129657856,2145386496,2143289344,2124414976,2136735744,2135687168,2614325045
2123366400,2143289344,2136997888,2124414976,2130706432,2147483648,2146435072,2127560704,2132017152,2138046464,2614341047
2136997888,2143289344,2139095040,2124414976,2130706432,2149580800,2147483648,2129657856,2135949312,2139357184,2614357067
2124414976,2152726528,2149580800,2138046464,2130706432,2148532224,2146435072,2129657856,2141192192,2138832896,2614373065
2134900736,2153775104,2148532224,2129657856,2129657856,2147483648,2145386496,2127560704,2141716480,2137522176,2614389067
2124414976,2154823680,2157969408,2125463552,2128609280,2145386496,2142240768,2124414976,2140667904,2135162880,2614405067
2125463552,2139095040,2136997888,2118123520,2129657856,2145386496,2143289344,2124414976,2129920000,2135687168,2614421086
2135949312,2138046464,2134900736,2120220672,2130706432,2147483648,2144337920,2126512128,2132279296,2137260032,2614437086
2133852160,2153775104,2150629376,2132803584,2130706432,2149580800,2147483648,2129657856,2142765056,2139357184,2614453089
2125463552,2155872256,2147483648,2139095040,2131755008,2149580800,2146435072,2129657856,2141978624,2139357184,2614469089
2140143616,2142240768,2139095040,2123366400,2129657856,2148532224,2145386496,2128609280,2136211456,2138046464,2614485110
2121269248,2159017984,2153775104,2136997888,2128609280,2146435072,2143289344,2125463552,2142765056,2135949312,2614501109
2130706432,2146435072,2153775104,2120220672,2128609280,2146435072,2143289344,2124414976,2137784320,2135687168,2614518001
2138046464,2136997888,2136997888,2114977792,2129657856,2147483648,2144337920,2126512128,2131755008,2136997888,2614534001
2126512128,2155872256,2155872256,2135949312,2130706432,2149580800,2147483648,2129657856,2143551488,2139357184,2614550001
2130706432,2155872256,2155872256,2138046464,2131755008,2148532224,2147483648,2129657856,2145124352,2139357184,2614566001
2122317824,2152726528,2151677952,2138046464,2130706432,2147483648,2145386496,2127560704,2141192192,2137784320,2614582024
2122317824,2154823680,2150629376,2140143616,2128609280,2146435072,2143289344,2126512128,2141978624,2136211456,2614598022
2123366400,2156920832,2153775104,2135949312,2127560704,2145386496,2143289344,2124414976,2142502912,2135162880,2614614024
2123366400,2148532224,2150629376,2130706432,2129657856,2146435072,2144337920,2126512128,2138308608,2136735744,2614630022
2134900736,2154823680,2148532224,2125463552,2130706432,2148532224,2146435072,2129657856,2140930048,2138832896,2614646048
2135949312,2142240768,2141192192,2126512128,2131755008,2149580800,2148532224,2129657856,2136473600,2139881472,2614662047
2138046464,2143289344,2139095040,2122317824,2130706432,2148532224,2146435072,2129657856,2135687168,2138832896,2614678046
2141192192,2139095040,2138046464,2118123520,2129657856,2147483648,2144337920,2126512128,2134114304,2136997888,2614694044
2132803584,2154823680,2146435072,2129657856,2127560704,2146435072,2143289344,2125463552,2140930048,2135687168,2614710069
2125463552,2156920832,2156920832,2129657856,2128609280,2147483648,2144337920,2126512128,2142240768,2136735744,2614726065
2126512128,2156920832,2154823680,2136997888,2130706432,2148532224,2144337920,2128609280,2143813632,2138046464,2614742066
2128609280,2157969408,2154823680,2141192192,2131755008,2149580800,2147483648,2130706432,2145648640,2139881472,2614758065
2132803584,2156920832,2153775104,2138046464,2130706432,2149580800,2147483648,2129657856,2145386496,2139357184,2614774089
2123366400,2147483648,2140143616,2132803584,2129657856,2146435072,2143289344,2126512128,2135949312,2136473600,2614790087
2130706432,2152726528,2153775104,2129657856,2127560704,2146435072,2143289344,2125463552,2141716480,2135687168,2614806088
2122317824,2151677952,2155872256,2134900736,2128609280,2145386496,2143289344,2124414976,2141192192,2135425024,2614822085
2140143616,2139095040,2136997888,2117074944,2129657856,2148532224,2145386496,2128609280,2133327872,2138046464,2614838110
2138046464,2141192192,2141192192,2121269248,2132803584,2148532224,2146435072,2129657856,2135425024,2139357184,2614855001
2127560704,2155872256,2155872256,2140143616,2130706432,2149580800,2147483648,2129657856,2144862208,2139357184,2614871001
2124414976,2155872256,2142240768,2141192192,2129657856,2147483648,2144337920,2128609280,2140930048,2137522176,2614887001
2122317824,2150629376,2148532224,2133852160,2128609280,2145386496,2143289344,2125463552,2138832896,2135687168,2614903001
2129657856,2155872256,2151677952,2129657856,2128609280,2146435072,2143289344,2124414976,2141716480,2135687168,2614919023
2121269248,2147483648,2147483648,2126512128,2130706432,2147483648,2145386496,2126512128,2135687168,2137522176,2614935024
2140143616,2140143616,2139095040,2122317824,2131755008,2147483648,2146435072,2128609280,2135425024,2138570752,2614951023
2124414976,2148532224,2147483648,2132803584,2131755008,2148532224,2146435072,2129657856,2138308608,2139095040,2614967024
2139095040,2146435072,2154823680,2124414976,2130706432,2147483648,2146435072,2127560704,2141192192,2138046464,2614983047
2139095040,2143289344,2139095040,2118123520,2128609280,2147483648,2143289344,2126512128,2134900736,2136473600,2614999045
2141192192,2139095040,2134900736,2114977792,2128609280,2145386496,2143289344,2123366400,2132541440,2135162880,2615015045
2140143616,2142240768,2138046464,2120220672,2129657856,2147483648,2144337920,2126512128,2135162880,2136997888,2615031045
2142240768,2140143616,2138046464,2121269248,2131755008,2148532224,2145386496,2128609280,2135425024,2138570752,2615047066
2125463552,2161115136,2159017984,2141192192,2131755008,2149580800,2147483648,2130706432,2146697216,2139881472,2615063066
2145386496,2146435072,2143289344,2122317824,2130706432,2148532224,2146435072,2128609280,2139357184,2138570752,2615079066
2142240768,2142240768,2142240768,2122317824,2129657856,2146435072,2143289344,2126512128,2137260032,2136473600,2615095069
2121269248,2141192192,2151677952,2125463552,2127560704,2146435072,2143289344,2124414976,2134900736,2135425024,2615111087
2124414976,2155872256,2155872256,2136997888,2128609280,2146435072,2144337920,2124414976,2143289344,2135949312,2615127088
2121269248,2142240768,2140143616,2125463552,2130706432,2148532224,2145386496,2128609280,2132279296,2138308608,2615143086
2132803584,2156920832,2155872256,2133852160,2131755008,2148532224,2147483648,2129657856,2144862208,2139357184,2615159089
2125463552,2152726528,2156920832,2135949312,2131755008,2148532224,2146435072,2128609280,2142765056,2138832896,2615175110
2130706432,2153775104,2155872256,2132803584,2129657856,2147483648,2144337920,2126512128,2143289344,2136997888,2615191107
2120220672,2156920832,2152726528,2135949312,2128609280,2145386496,2143289344,2124414976,2141454336,2135425024,2615208001
2121269248,2147483648,2140143616,2130706432,2127560704,2147483648,2143289344,2126512128,2134900736,2136211456,2615224001
2130706432,2153775104,2154823680,2138046464,2129657856,2147483648,2145386496,2127560704,2144337920,2137522176,2615240001
2126512128,2159017984,2159017984,2138046464,2131755008,2149580800,2147483648,2129657856,2145648640,2139619328,2615256024
2141192192,2141192192,2141192192,2126512128,2131755008,2148532224,2147483648,2129657856,2137522176,2139357184,2615272023
2130706432,2156920832,2151677952,2135949312,2129657856,2147483648,2145386496,2127560704,2143813632,2137522176,2615288023
2128609280,2140143616,2136997888,2124414976,2129657856,2145386496,2142240768,2124414976,2132541440,2135425024,2615304025
2129657856,2138046464,2135949312,2120220672,2128609280,2145386496,2143289344,2124414976,2130968576,2135425024,2615320045
2141192192,2140143616,2139095040,2120220672,2129657856,2147483648,2145386496,2127560704,2135162880,2137522176,2615336044
2125463552,2163212288,2155872256,2143289344,2130706432,2150629376,2147483648,2130706432,2146959360,2139881472,2615352045
2126512128,2155872256,2157969408,2140143616,2132803584,2148532224,2147483648,2128609280,2145124352,2139357184,2615368045
2134900736,2146435072,2152726528,2126512128,2129657856,2148532224,2145386496,2128609280,2140143616,2138046464,2615384066
2121269248,2148532224,2143289344,2132803584,2128609280,2146435072,2143289344,2125463552,2136473600,2135949312,2615400065
2120220672,2140143616,2136997888,2121269248,2128609280,2145386496,2143289344,2124414976,2129657856,2135425024,2615416067
2122317824,2148532224,2149580800,2129657856,2129657856,2147483648,2145386496,2126512128,2137522176,2137260032,2615432065
2125463552,2157969408,2161115136,2141192192,2130706432,2148532224,2147483648,2129657856,2146435072,2139095040,2615448086
2124414976,2150629376,2153775104,2139095040,2131755008,2149580800,2147483648,2130706432,2141978624,2139881472,2615464087
2141192192,2153775104,2143289344,2129657856,2130706432,2148532224,2146435072,2128609280,2141978624,2138570752,2615480087
2138046464,2140143616,2138046464,2119172096,2128609280,2146435072,2144337920,2126512128,2133852160,2136473600,2615496087
2132803584,2146435072,2146435072,2117074944,2128609280,2145386496,2143289344,2124414976,2135687168,2135425024,2615512110
2129657856,2136997888,2138046464,2117074944,2129657856,2146435072,2144337920,2125463552,2130444288,2136473600,2615528107
2124414976,2143289344,2142240768,2126512128,2130706432,2148532224,2146435072,2128609280,2134114304,2138570752,2615545001
2123366400,2144337920,2147483648,2125463552,2130706432,2148532224,2147483648,2129657856,2135162880,2139095040,2615561001
2141192192,2145386496,2146435072,2122317824,2130706432,2148532224,2145386496,2129657856,2138832896,2138570752,2615577001
2130706432,2152726528,2154823680,2135949312,2128609280,2146435072,2145386496,2126512128,2143551488,2136735744,2615593001
2130706432,2154823680,2151677952,2128609280,2128609280,2146435072,2144337920,2124414976,2141454336,2135949312,2615609024
2126512128,2153775104,2148532224,2129657856,2128609280,2146435072,2143289344,2125463552,2139619328,2135949312,2615625023
2134900736,2152726528,2146435072,2128609280,2129657856,2149580800,2145386496,2128609280,2140667904,2138308608,2615641024
2128609280,2155872256,2160066560,2138046464,2131755008,2149580800,2147483648,2129657856,2145648640,2139619328,2615657023
2124414976,2155872256,2149580800,2141192192,2130706432,2149580800,2146435072,2129657856,2142765056,2139095040,2615673046
2135949312,2143289344,2139095040,2122317824,2130706432,2146435072,2145386496,2126512128,2135162880,2137260032,2615689045
2132803584,2144337920,2149580800,2122317824,2128609280,2146435072,2144337920,2125463552,2137260032,2136211456,2615705046
2138046464,2138046464,2134900736,2116026368,2128609280,2145386496,2143289344,2124414976,2131755008,2135425024,2615721044
2136997888,2138046464,2138046464,2118123520,2130706432,2147483648,2145386496,2126512128,2132803584,2137522176,2615737067
2147483648,2141192192,2142240768,2122317824,2131755008,2148532224,2146435072,2129657856,2138308608,2139095040,2615753068
2130706432,2154823680,2157969408,2127560704,2130706432,2149580800,2146435072,2130706432,2142765056,2139357184,2615769067
2142240768,2144337920,2142240768,2122317824,2130706432,2147483648,2145386496,2127560704,2137784320,2137784320,2615785066
2126512128,2156920832,2154823680,2135949312,2128609280,2146435072,2144337920,2125463552,2143551488,2136211456,2615801088
2140143616,2139095040,2135949312,2117074944,2129657856,2145386496,2142240768,2123366400,2133065728,2135162880,2615817088
2130706432,2154823680,2152726528,2134900736,2129657856,2146435072,2144337920,2126512128,2143289344,2136735744,2615833090
2124414976,2154823680,2157969408,2138046464,2131755008,2148532224,2146435072,2129657856,2143813632,2139095040,2615849088
2138046464,2143289344,2140143616,2123366400,2131755008,2149580800,2147483648,2130706432,2136211456,2139881472,2615865109
2135949312,2154823680,2152726528,2126512128,2130706432,2147483648,2145386496,2128609280,2142502912,2138046464,2615882001
2140143616,2141192192,2139095040,2119172096,2129657856,2146435072,2144337920,2125463552,2134900736,2136473600,2615898001
2124414976,2157969408,2151677952,2135949312,2127560704,2146435072,2143289344,2125463552,2142502912,2135687168,2615914001
2140143616,2136997888,2135949312,2117074944,2128609280,2146435072,2143289344,2126512128,2132541440,2136211456,2615930001
2141192192,2138046464,2138046464,2120220672,2130706432,2148532224,2146435072,2128609280,2134376448,2138570752,2615946022
2124414976,2150629376,2145386496,2133852160,2130706432,2149580800,2147483648,2130706432,2138570752,2139619328,2615962024
2135949312,2143289344,2138046464,2123366400,2131755008,2148532224,2146435072,2128609280,2135162880,2138832896,2615978022
2127560704,2159017984,2154823680,2134900736,2129657856,2146435072,2143289344,2126512128,2144075776,2136473600,2615994024
2122317824,2160066560,2155872256,2136997888,2127560704,2146435072,2143289344,2125463552,2143813632,2135687168,2616010044
2121269248,2151677952,2153775104,2134900736,2127560704,2146435072,2144337920,2125463552,2140405760,2135949312,2616026045
2121269248,2148532224,2143289344,2134900736,2130706432,2147483648,2145386496,2127560704,2136997888,2137784320,2616042044
2132803584,2154823680,2156920832,2136997888,2131755008,2149580800,2146435072,2129657856,2145386496,2139357184,2616058045
2129657856,2147483648,2141192192,2126512128,2130706432,2148532224,2146435072,2129657856,2136211456,2138832896,2616074066
2138046464,2140143616,2138046464,2120220672,2129657856,2146435072,2144337920,2126512128,2134114304,2136735744,2616090066
2123366400,2142240768,2136997888,2121269248,2128609280,2146435072,2143289344,2124414976,2130968576,2135687168,2616106065
2120220672,2142240768,2139095040,2125463552,2128609280,2147483648,2143289344,2125463552,2131755008,2136211456,2616122067
2131755008,2141192192,2138046464,2118123520,2129657856,2147483648,2145386496,2127560704,2132279296,2137522176,2616138088
2126512128,2153775104,2156920832,2139095040,2130706432,2149580800,2147483648,2130706432,2144075776,2139619328,2616154089
2124414976,2148532224,2150629376,2132803584,2131755008,2149580800,2146435072,2129657856,2139095040,2139357184,2616170085
2129657856,2140143616,2139095040,2121269248,2130706432,2147483648,2145386496,2127560704,2132541440,2137784320,2616186088
2123366400,2145386496,2148532224,2128609280,2128609280,2146435072,2143289344,2125463552,2136473600,2135949312,2616202107
2119172096,2150629376,2147483648,2131755008,2128609280,2145386496,2142240768,2124414976,2137260032,2135162880,2616218111
2120220672,2147483648,2142240768,2126512128,2129657856,2147483648,2145386496,2126512128,2134114304,2137260032,2616235001
2134900736,2140143616,2141192192,2121269248,2130706432,2148532224,2147483648,2129657856,2134376448,2139095040,2616251001
2124414976,2162163712,2155872256,2145386496,2132803584,2149580800,2147483648,2129657856,2146959360,2139881472,2616267001
2142240768,2146435072,2146435072,2124414976,2130706432,2148532224,2145386496,2128609280,2139881472,2138308608,2616283023
2140143616,2143289344,2138046464,2119172096,2129657856,2146435072,2144337920,2125463552,2135162880,2136473600,2616299024
2122317824,2156920832,2153775104,2135949312,2128609280,2145386496,2143289344,2124414976,2142240768,2135425024,2616315023
2136997888,2150629376,2144337920,2127560704,2129657856,2146435072,2143289344,2125463552,2139881472,2136211456,2616331023
2124414976,2150629376,2152726528,2135949312,2130706432,2148532224,2145386496,2128609280,2140930048,2138308608,2616347046
2128609280,2160066560,2159017984,2138046464,2131755008,2149580800,2147483648,2130706432,2146435072,2139881472,2616363045
2141192192,2145386496,2150629376,2124414976,2130706432,2148532224,2146435072,2128609280,2140405760,2138570752,2616379045
2124414976,2149580800,2145386496,2133852160,2128609280,2147483648,2144337920,2126512128,2138308608,2136735744,2616395047
2123366400,2147483648,2142240768,2127560704,2127560704,2147483648,2143289344,2125463552,2135162880,2135949312,2616411067
2121269248,2143289344,2135949312,2123366400,2129657856,2146435072,2143289344,2125463552,2130968576,2136211456,2616427067
2129657856,2141192192,2140143616,2122317824,2130706432,2148532224,2146435072,2128609280,2133327872,2138570752,2616443066
2126512128,2145386496,2147483648,2130706432,2131755008,2149580800,2146435072,2130706432,2137522176,2139619328,2616459066
2126512128,2147483648,2145386496,2132803584,2130706432,2149580800,2146435072,2129657856,2138046464,2139095040,2616475089
2128609280,2159017984,2155872256,2136997888,2129657856,2146435072,2144337920,2125463552,2145124352,2136473600,2616491088
2122317824,2159017984,2155872256,2131755008,2128609280,2145386496,2142240768,2124414976,2142240768,2135162880,2616507089
2132803584,2135949312,2134900736,2117074944,2128609280,2146435072,2143289344,2125463552,2130182144,2135949312,2616523088
2132803584,2153775104,2149580800,2126512128,2130706432,2147483648,2145386496,2127560704,2140667904,2137784320,2616539110
2141192192,2139095040,2141192192,2119172096,2132803584,2148532224,2146435072,2129657856,2135162880,2139357184,2616555107
2122317824,2163212288,2149580800,2146435072,2131755008,2149580800,2146435072,2129657856,2145386496,2139357184,2616572001
2122317824,2155872256,2141192192,2140143616,2129657856,2148532224,2145386496,2127560704,2139881472,2137784320,2616588001
2126512128,2155872256,2156920832,2132803584,2128609280,2145386496,2142240768,2124414976,2143027200,2135162880,2616604001
2121269248,2140143616,2139095040,2122317824,2127560704,2145386496,2143289344,2125463552,2130706432,2135425024,2616620001
2120220672,2149580800,2136997888,2132803584,2129657856,2147483648,2145386496,2126512128,2134900736,2137260032,2616636025
2133852160,2151677952,2149580800,2126512128,2130706432,2149580800,2146435072,2130706432,2140405760,2139357184,2616652024
2143289344,2143289344,2141192192,2121269248,2131755008,2148532224,2147483648,2129657856,2137260032,2139357184,2616668023
2124414976,2160066560,2157969408,2143289344,2129657856,2147483648,2145386496,2127560704,2146435072,2137522176,2616684024
2123366400,2144337920,2145386496,2127560704,2129657856,2146435072,2143289344,2125463552,2135162880,2136211456,2616700045
2128609280,2154823680,2154823680,2133852160,2128609280,2145386496,2143289344,2124414976,2143027200,2135425024,2616716045
2122317824,2147483648,2151677952,2129657856,2129657856,2146435072,2143289344,2126512128,2137784320,2136473600,2616732045
2143289344,2141192192,2139095040,2119172096,2130706432,2148532224,2147483648,2129657856,2135687168,2139095040,2616748043
2125463552,2152726528,2147483648,2139095040,2131755008,2149580800,2147483648,2130706432,2141192192,2139881472,2616764066
2129657856,2143289344,2140143616,2126512128,2129657856,2149580800,2146435072,2129657856,2134900736,2138832896,2616780068
2123366400,2152726528,2150629376,2139095040,2129657856,2146435072,2143289344,2126512128,2141454336,2136473600,2616796067
2126512128,2159017984,2154823680,2134900736,2128609280,2146435072,2143289344,2124414976,2143813632,2135687168,2616812066
2138046464,2151677952,2133852160,2123366400,2129657856,2146435072,2143289344,2125463552,2136735744,2136211456,2616828088
2131755008,2142240768,2141192192,2121269248,2130706432,2148532224,2146435072,2128609280,2134114304,2138570752,2616844089
2144337920,2144337920,2140143616,2122317824,2131755008,2149580800,2147483648,2129657856,2137784320,2139619328,2616860087
2138046464,2159017984,2150629376,2132803584,2131755008,2148532224,2146435072,2129657856,2145124352,2139095040,2616876086
2143289344,2141192192,2141192192,2118123520,2129657856,2146435072,2144337920,2126512128,2135949312,2136735744,2616892108
2120220672,2150629376,2143289344,2135949312,2128609280,2145386496,2142240768,2124414976,2137522176,2135162880,2616909001
2124414976,2154823680,2153775104,2134900736,2128609280,2146435072,2144337920,2124414976,2141978624,2135949312,2616925001
2126512128,2142240768,2136997888,2123366400,2129657856,2148532224,2144337920,2128609280,2132279296,2137784320,2616941001
2133852160,2141192192,2142240768,2121269248,2130706432,2149580800,2147483648,2130706432,2134638592,2139619328,2616957001
2140143616,2143289344,2140143616,2123366400,2131755008,2149580800,2146435072,2130706432,2136735744,2139619328,2616973023
2127560704,2152726528,2160066560,2135949312,2129657856,2146435072,2144337920,2126512128,2144075776,2136735744,2616989022
2135949312,2140143616,2138046464,2114977792,2128609280,2145386496,2143289344,2124414976,2132279296,2135425024,2617005024
2134900736,2144337920,2141192192,2120220672,2128609280,2146435072,2143289344,2125463552,2135162880,2135949312,2617021024
2121269248,2147483648,2147483648,2127560704,2129657856,2147483648,2144337920,2127560704,2135949312,2137260032,2617037046
2134900736,2143289344,2141192192,2124414976,2131755008,2149580800,2146435072,2130706432,2135949312,2139619328,2617053047
2124414976,2143289344,2147483648,2128609280,2130706432,2149580800,2147483648,2129657856,2135949312,2139357184,2617069046
2123366400,2151677952,2148532224,2135949312,2130706432,2147483648,2145386496,2127560704,2139881472,2137784320,2617085047
2135949312,2144337920,2145386496,2117074944,2128609280,2146435072,2143289344,2125463552,2135687168,2135949312,2617101067
2134900736,2146435072,2146435072,2124414976,2128609280,2145386496,2142240768,2124414976,2138046464,2135162880,2617117066
2140143616,2135949312,2136997888,2117074944,2128609280,2148532224,2144337920,2126512128,2132541440,2136997888,2617133065
2121269248,2159017984,2157969408,2141192192,2130706432,2149580800,2147483648,2128609280,2144862208,2139095040,2617149068
2144337920,2143289344,2140143616,2121269248,2131755008,2150629376,2147483648,2131755008,2137260032,2140405760,2617165087
2130706432,2160066560,2155872256,2132803584,2130706432,2148532224,2145386496,2128609280,2144862208,2138308608,2617181086
2132803584,2141192192,2138046464,2122317824,2128609280,2147483648,2144337920,2125463552,2133590016,2136473600,2617197085
2127560704,2143289344,2136997888,2120220672,2127560704,2145386496,2144337920,2124414976,2132017152,2135425024,2617213089
2135949312,2150629376,2140143616,2127560704,2129657856,2145386496,2144337920,2125463552,2138570752,2136211456,2617229109
2126512128,2161115136,2160066560,2135949312,2131755008,2148532224,2146435072,2128609280,2145910784,2138832896,2617245109
2123366400,2159017984,2153775104,2142240768,2131755008,2150629376,2147483648,2129657856,2144600064,2139881472,2617262001
2142240768,2146435072,2140143616,2122317824,2130706432,2147483648,2145386496,2128609280,2137784320,2138046464,2617278001
2140143616,2140143616,2138046464,2121269248,2129657856,2147483648,2144337920,2126512128,2134900736,2136997888,2617294001
2127560704,2157969408,2153775104,2131755008,2128609280,2145386496,2142240768,2123366400,2142765056,2134900736,2617310024
2124414976,2155872256,2153775104,2132803584,2128609280,2146435072,2143289344,2125463552,2141716480,2135949312,2617326022
2127560704,2157969408,2149580800,2135949312,2130706432,2148532224,2146435072,2128609280,2142765056,2138570752,2617342024
2123366400,2148532224,2154823680,2130706432,2130706432,2149580800,2146435072,2130706432,2139357184,2139357184,2617358023
2146435072,2139095040,2142240768,2121269248,2131755008,2148532224,2146435072,2128609280,2137260032,2138832896,2617374044
2123366400,2145386496,2147483648,2128609280,2129657856,2147483648,2144337920,2126512128,2136211456,2136997888,2617390045
2123366400,2141192192,2140143616,2122317824,2128609280,2145386496,2142240768,2124414976,2131755008,2135162880,2617406045
2121269248,2146435072,2138046464,2126512128,2128609280,2145386496,2143289344,2125463552,2133065728,2135687168,2617422046
2122317824,2160066560,2152726528,2132803584,2130706432,2147483648,2145386496,2126512128,2141978624,2137522176,2617438068
2132803584,2142240768,2141192192,2124414976,2131755008,2148532224,2146435072,2129657856,2135162880,2139095040,2617454067
2142240768,2144337920,2141192192,2126512128,2130706432,2149580800,2147483648,2129657856,2138570752,2139357184,2617470067
2132803584,2141192192,2139095040,2123366400,2130706432,2148532224,2144337920,2128609280,2134114304,2138046464,2617486067
2136997888,2144337920,2136997888,2117074944,2128609280,2146435072,2143289344,2124414976,2133852160,2135687168,2617502089
2133852160,2139095040,2136997888,2118123520,2128609280,2146435072,2143289344,2125463552,2132017152,2135949312,2617518086
2122317824,2154823680,2155872256,2135949312,2128609280,2147483648,2144337920,2127560704,2142240768,2136997888,2617534089
2127560704,2152726528,2157969408,2129657856,2130706432,2149580800,2146435072,2129657856,2141978624,2139095040,2617550088
2133852160,2140143616,2140143616,2123366400,2131755008,2148532224,2146435072,2128609280,2134376448,2138832896,2617566109
2123366400,2154823680,2143289344,2141192192,2129657856,2148532224,2145386496,2128609280,2140667904,2138046464,2617582106
2123366400,2151677952,2149580800,2134900736,2129657856,2146435072,2143289344,2125463552,2139881472,2136211456,2617599001
2138046464,2136997888,2134900736,2116026368,2127560704,2145386496,2143289344,2125463552,2131492864,2135425024,2617615001
2120220672,2142240768,2136997888,2127560704,2128609280,2147483648,2144337920,2126512128,2131755008,2136735744,2617631001
2142240768,2146435072,2136997888,2123366400,2130706432,2149580800,2146435072,2129657856,2137260032,2139095040,2617647001
2125463552,2155872256,2155872256,2141192192,2131755008,2149580800,2147483648,2129657856,2144600064,2139619328,2617663023
2142240768,2142240768,2140143616,2124414976,2129657856,2148532224,2146435072,2128609280,2137260032,2138308608,2617679024
2128609280,2157969408,2154823680,2134900736,2129657856,2147483648,2144337920,2125463552,2144075776,2136735744,2617695024
2120220672,2156920832,2147483648,2138046464,2129657856,2145386496,2142240768,2124414976,2140667904,2135425024,2617711023
2134900736,2142240768,2144337920,2120220672,2128609280,2147483648,2144337920,2126512128,2135425024,2136735744,2617727046
2132803584,2143289344,2141192192,2120220672,2129657856,2147483648,2146435072,2127560704,2134376448,2137784320,2617743045
2142240768,2154823680,2142240768,2130706432,2131755008,2149580800,2146435072,2129657856,2142502912,2139357184,2617759046
2126512128,2161115136,2160066560,2138046464,2130706432,2149580800,2146435072,2129657856,2146435072,2139095040,2617775044
2122317824,2155872256,2147483648,2139095040,2128609280,2147483648,2145386496,2127560704,2141192192,2137260032,2617791067
2125463552,2138046464,2135949312,2121269248,2128609280,2145386496,2142240768,2124414976,2130182144,2135162880,2617807066
2132803584,2139095040,2138046464,2119172096,2128609280,2145386496,2143289344,2125463552,2132279296,2135687168,2617823067
2126512128,2154823680,2154823680,2135949312,2130706432,2147483648,2145386496,2127560704,2143027200,2137784320,2617839064
2123366400,2144337920,2142240768,2129657856,2131755008,2148532224,2147483648,2129657856,2134900736,2139357184,2617855089
2133852160,2140143616,2139095040,2123366400,2131755008,2149580800,2147483648,2129657856,2134114304,2139619328,2617871087
2132803584,2145386496,2142240768,2124414976,2129657856,2147483648,2145386496,2127560704,2136211456,2137522176,2617887088
2136997888,2138046464,2134900736,2119172096,2127560704,2146435072,2142240768,2125463552,2132279296,2135425024,2617903089
2121269248,2145386496,2139095040,2126512128,2128609280,2146435072,2143289344,2125463552,2133065728,2135949312,2617919109
2129657856,2139095040,2141192192,2119172096,2130706432,2147483648,2145386496,2126512128,2132279296,2137522176,2617936001
2124414976,2162163712,2148532224,2143289344,2130706432,2149580800,2146435072,2129657856,2144600064,2139095040,2617952001
2145386496,2140143616,2139095040,2121269248,2130706432,2149580800,2147483648,2130706432,2136473600,2139619328,2617968000
2138046464,2143289344,2136997888,2122317824,2130706432,2147483648,2145386496,2127560704,2135162880,2137784320,2617984001
2133852160,2141192192,2141192192,2122317824,2128609280,2146435072,2143289344,2125463552,2134638592,2135949312,2618000024
2128609280,2141192192,2134900736,2122317824,2127560704,2146435072,2143289344,2124414976,2131755008,2135425024,2618016024
2139095040,2142240768,2146435072,2118123520,2128609280,2148532224,2145386496,2127560704,2136473600,2137522176,2618032023
2129657856,2143289344,2145386496,2124414976,2130706432,2149580800,2146435072,2129657856,2135687168,2139095040,2618048023
2138046464,2146435072,2152726528,2121269248,2131755008,2149580800,2146435072,2130706432,2139619328,2139619328,2618064046
2134900736,2138046464,2142240768,2124414976,2130706432,2148532224,2146435072,2128609280,2134900736,2138570752,2618080044
2133852160,2150629376,2153775104,2125463552,2128609280,2146435072,2144337920,2125463552,2140930048,2136211456,2618096044
2120220672,2147483648,2143289344,2134900736,2128609280,2144337920,2142240768,2123366400,2136473600,2134638592,2618112045
2138046464,2138046464,2135949312,2119172096,2128609280,2147483648,2144337920,2126512128,2132803584,2136735744,2618128067
2145386496,2146435072,2138046464,2122317824,2130706432,2148532224,2146435072,2128609280,2138046464,2138570752,2618144069
2138046464,2143289344,2140143616,2122317824,2130706432,2149580800,2147483648,2129657856,2135949312,2139357184,2618160065
2141192192,2145386496,2146435072,2124414976,2131755008,2147483648,2145386496,2128609280,2139357184,2138308608,2618176067
2122317824,2155872256,2147483648,2140143616,2129657856,2147483648,2144337920,2127560704,2141454336,2137260032,2618192087
2122317824,2151677952,2154823680,2134900736,2128609280,2146435072,2143289344,2124414976,2140930048,2135687168,2618208086
2121269248,2143289344,2136997888,2123366400,2128609280,2146435072,2143289344,2125463552,2131230720,2135949312,2618224087
2122317824,2142240768,2147483648,2127560704,2130706432,2147483648,2145386496,2127560704,2134900736,2137784320,2618240088
2139095040,2146435072,2152726528,2125463552,2131755008,2149580800,2147483648,2129657856,2140930048,2139619328,2618256109
2135949312,2145386496,2139095040,2124414976,2130706432,2148532224,2146435072,2128609280,2136211456,2138570752,2618272111
2129657856,2155872256,2154823680,2133852160,2129657856,2147483648,2144337920,2127560704,2143551488,2137260032,2618289001
2141192192,2141192192,2136997888,2120220672,2127560704,2146435072,2143289344,2125463552,2134900736,2135687168,2618305001
2125463552,2138046464,2139095040,2121269248,2128609280,2145386496,2143289344,2124414976,2130968576,2135425024,2618321001
2125463552,2155872256,2156920832,2129657856,2129657856,2147483648,2145386496,2127560704,2141978624,2137522176,2618337024
2136997888,2150629376,2145386496,2134900736,2131755008,2148532224,2146435072,2129657856,2141978624,2139095040,2618353023
2141192192,2141192192,2140143616,2122317824,2131755008,2150629376,2147483648,2130706432,2136211456,2140143616,2618369023
2124414976,2151677952,2157969408,2139095040,2130706432,2146435072,2145386496,2127560704,2143289344,2137522176,2618385023
2122317824,2152726528,2148532224,2135949312,2128609280,2146435072,2143289344,2125463552,2139881472,2135949312,2618401048
2123366400,2155872256,2154823680,2136997888,2128609280,2146435072,2143289344,2124414976,2142765056,2135687168,2618417046
2124414976,2143289344,2133852160,2126512128,2129657856,2147483648,2144337920,2127560704,2132017152,2137260032,2618433045
2125463552,2149580800,2155872256,2135949312,2130706432,2148532224,2146435072,2128609280,2141716480,2138570752,2618449045
2132803584,2141192192,2141192192,2123366400,2131755008,2149580800,2146435072,2129657856,2134638592,2139357184,2618465066
2141192192,2143289344,2138046464,2122317824,2130706432,2147483648,2144337920,2127560704,2136211456,2137522176,2618481065
2125463552,2164260864,2155872256,2139095040,2128609280,2147483648,2144337920,2126512128,2146172928,2136735744,2618497066
2125463552,2141192192,2138046464,2122317824,2127560704,2145386496,2143289344,2123366400,2131755008,2134900736,2618513066
2121269248,2147483648,2141192192,2127560704,2128609280,2146435072,2143289344,2125463552,2134376448,2135949312,2618529091
2130706432,2155872256,2154823680,2131755008,2130706432,2148532224,2146435072,2127560704,2143289344,2138308608,2618545087
2130706432,2159017984,2157969408,2143289344,2132803584,2149580800,2146435072,2129657856,2147745792,2139619328,2618561087
2127560704,2147483648,2136997888,2127560704,2130706432,2148532224,2146435072,2128609280,2134900736,2138570752,2618577087
2141192192,2139095040,2140143616,2118123520,2128609280,2147483648,2144337920,2126512128,2134638592,2136735744,2618593112
2128609280,2153775104,2146435072,2130706432,2128609280,2145386496,2142240768,2124414976,2139881472,2135162880,2618609107
2121269248,2155872256,2153775104,2139095040,2129657856,2146435072,2144337920,2126512128,2142502912,2136735744,2618626001
2124414976,2156920832,2152726528,2139095040,2130706432,2147483648,2146435072,2128609280,2143289344,2138308608,2618642001
2139095040,2152726528,2146435072,2129657856,2130706432,2149580800,2147483648,2130706432,2141978624,2139619328,2618658001
2130706432,2160066560,2161115136,2135949312,2130706432,2148532224,2146435072,2129657856,2146959360,2138832896,2618674000
2130706432,2157969408,2152726528,2127560704,2128609280,2147483648,2145386496,2127560704,2142240768,2137260032,2618690024
2125463552,2138046464,2138046464,2122317824,2128609280,2146435072,2142240768,2125463552,2130968576,2135687168,2618706023
2141192192,2145386496,2135949312,2118123520,2127560704,2146435072,2142240768,2125463552,2135162880,2135425024,2618722023
2134900736,2145386496,2146435072,2121269248,2130706432,2147483648,2144337920,2127560704,2136997888,2137522176,2618738022
2138046464,2140143616,2138046464,2121269248,2132803584,2148532224,2147483648,2128609280,2134376448,2139357184,2618754045
2131755008,2161115136,2161115136,2135949312,2131755008,2149580800,2147483648,2129657856,2147483648,2139619328,2618770046
2142240768,2142240768,2139095040,2123366400,2130706432,2147483648,2145386496,2126512128,2136735744,2137522176,2618786046
2130706432,2152726528,2152726528,2127560704,2128609280,2145386496,2143289344,2124414976,2140930048,2135425024,2618802045
2125463552,2153775104,2148532224,2127560704,2128609280,2145386496,2143289344,2124414976,2138832896,2135425024,2618818066
2121269248,2143289344,2151677952,2126512128,2129657856,2146435072,2144337920,2125463552,2135687168,2136473600,2618834066
2126512128,2159017984,2156920832,2138046464,2130706432,2148532224,2146435072,2129657856,2145124352,2138832896,2618850067
2139095040,2146435072,2146435072,2126512128,2131755008,2149580800,2147483648,2129657856,2139619328,2139619328,2618866068
2128609280,2155872256,2159017984,2139095040,2130706432,2148532224,2146435072,2128609280,2145648640,2138570752,2618882088
2133852160,2138046464,2139095040,2119172096,2129657856,2145386496,2143289344,2125463552,2132541440,2135949312,2618898086
2128609280,2152726528,2147483648,2129657856,2127560704,2145386496,2143289344,2124414976,2139619328,2135162880,2618914090
2124414976,2154823680,2156920832,2133852160,2129657856,2146435072,2144337920,2125463552,2142502912,2136473600,2618930086
2123366400,2157969408,2152726528,2142240768,2130706432,2148532224,2147483648,2128609280,2144075776,2138832896,2618946111
2144337920,2143289344,2140143616,2123366400,2131755008,2149580800,2147483648,2129657856,2137784320,2139619328,2618963001
2144337920,2145386496,2140143616,2122317824,2130706432,2148532224,2146435072,2128609280,2138046464,2138570752,2618979001
2138046464,2142240768,2146435072,2121269248,2128609280,2147483648,2143289344,2126512128,2136997888,2136473600,2618995001
2122317824,2162163712,2153775104,2134900736,2127560704,2146435072,2142240768,2124414976,2143289344,2135162880,2619011001
2128609280,2139095040,2135949312,2120220672,2128609280,2146435072,2143289344,2126512128,2130968576,2136211456,2619027025
2123366400,2143289344,2139095040,2125463552,2130706432,2148532224,2146435072,2128609280,2132803584,2138570752,2619043023
2142240768,2141192192,2142240768,2121269248,2131755008,2148532224,2147483648,2129657856,2136735744,2139357184,2619059024
2143289344,2156920832,2146435072,2131755008,2130706432,2148532224,2146435072,2129657856,2144600064,2138832896,2619075023
2133852160,2141192192,2139095040,2123366400,2129657856,2147483648,2144337920,2126512128,2134376448,2136997888,2619091045
2135949312,2146435072,2138046464,2118123520,2127560704,2145386496,2144337920,2124414976,2134638592,2135425024,2619107046
2138046464,2139095040,2135949312,2114977792,2128609280,2145386496,2144337920,2125463552,2132017152,2135949312,2619123045
2127560704,2140143616,2140143616,2121269248,2130706432,2147483648,2145386496,2126512128,2132279296,2137522176,2619139045
2124414976,2144337920,2143289344,2130706432,2131755008,2148532224,2147483648,2129657856,2135687168,2139357184,2619155067
2143289344,2144337920,2145386496,2122317824,2131755008,2148532224,2146435072,2128609280,2138832896,2138832896,2619171068
2124414976,2145386496,2143289344,2126512128,2129657856,2148532224,2145386496,2127560704,2134900736,2137784320,2619187066
2121269248,2157969408,2153775104,2139095040,2128609280,2145386496,2144337920,2124414976,2143027200,2135687168,2619203068
2123366400,2141192192,2141192192,2120220672,2128609280,2145386496,2143289344,2124414976,2131492864,2135425024,2619219090
2123366400,2143289344,2148532224,2124414976,2129657856,2146435072,2144337920,2126512128,2134900736,2136735744,2619235087
2138046464,2146435072,2152726528,2123366400,2130706432,2148532224,2147483648,2128609280,2140143616,2138832896,2619251086
2140143616,2143289344,2146435072,2123366400,2131755008,2149580800,2147483648,2129657856,2138308608,2139619328,2619267086
2125463552,2162163712,2154823680,2138046464,2130706432,2148532224,2145386496,2128609280,2145124352,2138308608,2619283110
2122317824,2159017984,2151677952,2138046464,2128609280,2146435072,2144337920,2125463552,2142765056,2136211456,2619299109
2122317824,2157969408,2155872256,2133852160,2128609280,2145386496,2142240768,2124414976,2142502912,2135162880,2619316001
2123366400,2141192192,2142240768,2124414976,2128609280,2146435072,2144337920,2125463552,2132803584,2136211456,2619332001
2136997888,2142240768,2138046464,2120220672,2131755008,2148532224,2146435072,2128609280,2134376448,2138832896,2619348001
2129657856,2142240768,2140143616,2124414976,2131755008,2149580800,2146435072,2130706432,2134114304,2139619328,2619364022
2126512128,2162163712,2157969408,2140143616,2130706432,2148532224,2145386496,2128609280,2146697216,2138308608,2619380024
2134900736,2146435072,2150629376,2121269248,2128609280,2146435072,2144337920,2125463552,2138308608,2136211456,2619396022
2140143616,2138046464,2136997888,2118123520,2128609280,2146435072,2143289344,2124414976,2133327872,2135687168,2619412025
2133852160,2141192192,2135949312,2120220672,2129657856,2145386496,2144337920,2125463552,2132803584,2136211456,2619428046
2138046464,2142240768,2145386496,2122317824,2130706432,2147483648,2146435072,2128609280,2136997888,2138308608,2619444043
2144337920,2140143616,2141192192,2121269248,2131755008,2148532224,2148532224,2129657856,2136735744,2139619328,2619460045
2138046464,2142240768,2139095040,2124414976,2130706432,2149580800,2147483648,2129657856,2135949312,2139357184,2619476046
2126512128,2160066560,2159017984,2132803584,2129657856,2146435072,2145386496,2125463552,2144600064,2136735744,2619492067
2126512128,2153775104,2153775104,2134900736,2128609280,2146435072,2143289344,2124414976,2142240768,2135687168,2619508065
2121269248,2157969408,2153775104,2138046464,2128609280,2147483648,2143289344,2125463552,2142765056,2136211456,2619524068
2140143616,2140143616,2146435072,2120220672,2129657856,2147483648,2146435072,2127560704,2136735744,2137784320,2619540068
2145386496,2150629376,2143289344,2129657856,2131755008,2149580800,2146435072,2129657856,2142240768,2139357184,2619556089
2125463552,2141192192,2143289344,2127560704,2131755008,2148532224,2147483648,2128609280,2134376448,2139095040,2619572087
2133852160,2152726528,2149580800,2132803584,2129657856,2147483648,2145386496,2126512128,2142240768,2137260032,2619588088
2139095040,2150629376,2140143616,2126512128,2128609280,2145386496,2143289344,2124414976,2139095040,2135425024,2619604090
2134900736,2135949312,2134900736,2117074944,2128609280,2146435072,2143289344,2125463552,2130706432,2135949312,2619620108
2122317824,2142240768,2143289344,2125463552,2129657856,2148532224,2145386496,2127560704,2133327872,2137784320,2619636106
2138046464,2143289344,2144337920,2121269248,2131755008,2148532224,2147483648,2129657856,2136735744,2139357184,2619653001
2123366400,2147483648,2153775104,2129657856,2131755008,2148532224,2146435072,2129657856,2138570752,2139095040,2619669001
2135949312,2142240768,2139095040,2121269248,2129657856,2148532224,2146435072,2127560704,2134638592,2138046464,2619685001
2123366400,2147483648,2152726528,2129657856,2127560704,2147483648,2144337920,2125463552,2138308608,2136211456,2619701001
2121269248,2153775104,2152726528,2135949312,2128609280,2145386496,2142240768,2124414976,2140930048,2135162880,2619717024
2123366400,2144337920,2147483648,2127560704,2128609280,2147483648,2145386496,2126512128,2135687168,2136997888,2619733025
2133852160,2139095040,2138046464,2120220672,2130706432,2149580800,2146435072,2129657856,2132803584,2139095040,2619749024
2126512128,2142240768,2145386496,2127560704,2131755008,2149580800,2146435072,2130706432,2135425024,2139619328,2619765024
2139095040,2151677952,2141192192,2129657856,2130706432,2148532224,2145386496,2127560704,2140405760,2138046464,2619781045
2123366400,2147483648,2147483648,2129657856,2128609280,2146435072,2144337920,2126512128,2136997888,2136473600,2619797044
2121269248,2139095040,2139095040,2119172096,2128609280,2146435072,2143289344,2124414976,2129657856,2135687168,2619813046
2122317824,2147483648,2144337920,2128609280,2128609280,2146435072,2143289344,2125463552,2135687168,2135949312,2619829045
2127560704,2143289344,2139095040,2124414976,2130706432,2148532224,2145386496,2128609280,2133590016,2138308608,2619845067
2139095040,2144337920,2146435072,2124414976,2131755008,2149580800,2147483648,2130706432,2138570752,2139881472,2619861066
2127560704,2144337920,2144337920,2126512128,2131755008,2148532224,2145386496,2128609280,2135687168,2138570752,2619877067
2123366400,2143289344,2143289344,2126512128,2128609280,2147483648,2144337920,2125463552,2134114304,2136473600,2619893065
2120220672,2149580800,2141192192,2135949312,2127560704,2145386496,2143289344,2123366400,2136735744,2134900736,2619909089
2121269248,2144337920,2135949312,2124414976,2128609280,2146435072,2143289344,2125463552,2131492864,2135949312,2619925088
2139095040,2144337920,2144337920,2122317824,2130706432,2148532224,2145386496,2128609280,2137522176,2138308608,2619941089
2125463552,2145386496,2139095040,2126512128,2131755008,2149580800,2147483648,2130706432,2134114304,2139881472,2619957086
2123366400,2148532224,2147483648,2133852160,2130706432,2148532224,2147483648,2128609280,2138308608,2138832896,2619973110
2127560704,2140143616,2139095040,2124414976,2129657856,2146435072,2144337920,2126512128,2132803584,2136735744,2619990001
2127560704,2156920832,2156920832,2129657856,2127560704,2146435072,2143289344,2124414976,2142765056,2135425024,2620006001
2122317824,2145386496,2147483648,2126512128,2128609280,2146435072,2143289344,2125463552,2135425024,2135949312,2620022001
2121269248,2140143616,2140143616,2123366400,2129657856,2147483648,2145386496,2127560704,2131230720,2137522176,2620038001
2135949312,2143289344,2139095040,2122317824,2131755008,2148532224,2146435072,2128609280,2135162880,2138832896,2620054023
2130706432,2159017984,2157969408,2141192192,2131755008,2148532224,2147483648,2129657856,2147221504,2139357184,2620070023
2139095040,2146435072,2151677952,2122317824,2129657856,2147483648,2145386496,2127560704,2139881472,2137522176,2620086022
2138046464,2141192192,2135949312,2118123520,2128609280,2145386496,2143289344,2124414976,2133327872,2135425024,2620102024
2119172096,2160066560,2148532224,2135949312,2128609280,2145386496,2143289344,2123366400,2140930048,2135162880,2620118045
2123366400,2144337920,2139095040,2124414976,2129657856,2147483648,2144337920,2126512128,2132803584,2136997888,2620134045
2135949312,2146435072,2151677952,2121269248,2130706432,2149580800,2146435072,2129657856,2138832896,2139095040,2620150043
2128609280,2162163712,2163212288,2138046464,2131755008,2149580800,2148532224,2129657856,2148007936,2139881472,2620166045
2124414976,2148532224,2140143616,2133852160,2129657856,2147483648,2145386496,2128609280,2136735744,2137784320,2620182066
2143289344,2140143616,2140143616,2120220672,2128609280,2146435072,2143289344,2125463552,2135949312,2135949312,2620198066
2122317824,2162163712,2155872256,2134900736,2128609280,2145386496,2143289344,2123366400,2143813632,2135162880,2620214065
2125463552,2138046464,2138046464,2122317824,2129657856,2146435072,2143289344,2125463552,2130968576,2136211456,2620230066
2144337920,2141192192,2138046464,2120220672,2131755008,2148532224,2146435072,2128609280,2135949312,2138832896,2620246086
2132803584,2156920832,2152726528,2138046464,2131755008,2148532224,2147483648,2129657856,2145124352,2139357184,2620262086
2139095040,2141192192,2139095040,2122317824,2130706432,2148532224,2145386496,2129657856,2135425024,2138570752,2620278085
2130706432,2155872256,2154823680,2134900736,2128609280,2147483648,2145386496,2125463552,2144075776,2136735744,2620294088
2122317824,2155872256,2143289344,2135949312,2128609280,2145386496,2142240768,2123366400,2139357184,2134900736,2620310108
2120220672,2147483648,2149580800,2126512128,2128609280,2146435072,2144337920,2125463552,2135949312,2136211456,2620326109
2122317824,2155872256,2147483648,2139095040,2129657856,2148532224,2145386496,2128609280,2141192192,2138046464,2620343001
2134900736,2152726528,2152726528,2135949312,2131755008,2149580800,2147483648,2129657856,2144075776,2139619328,2620359001
2122317824,2161115136,2152726528,2143289344,2130706432,2149580800,2147483648,2129657856,2144862208,2139357184,2620375001
2135949312,2143289344,2139095040,2122317824,2130706432,2146435072,2144337920,2125463552,2135162880,2136735744,2620391023
2141192192,2135949312,2138046464,2116026368,2128609280,2145386496,2143289344,2124414976,2132803584,2135425024,2620407023
2125463552,2157969408,2151677952,2129657856,2128609280,2146435072,2143289344,2125463552,2141192192,2135949312,2620423023
2126512128,2147483648,2140143616,2131755008,2130706432,2147483648,2145386496,2127560704,2136473600,2137784320,2620439023
2124414976,2147483648,2144337920,2130706432,2131755008,2149580800,2146435072,2129657856,2136735744,2139357184,2620455044
2142240768,2140143616,2139095040,2121269248,2130706432,2148532224,2147483648,2129657856,2135687168,2139095040,2620471046
2141192192,2143289344,2145386496,2121269248,2129657856,2147483648,2145386496,2126512128,2137784320,2137260032,2620487045
2127560704,2152726528,2153775104,2129657856,2128609280,2146435072,2143289344,2125463552,2140930048,2135949312,2620503046
2122317824,2144337920,2147483648,2129657856,2128609280,2145386496,2143289344,2124414976,2135949312,2135425024,2620519066
2135949312,2138046464,2135949312,2117074944,2129657856,2147483648,2145386496,2127560704,2131755008,2137522176,2620535067
2122317824,2153775104,2139095040,2139095040,2130706432,2148532224,2146435072,2128609280,2138570752,2138570752,2620551068
2140143616,2157969408,2146435072,2130706432,2131755008,2149580800,2147483648,2129657856,2143813632,2139619328,2620567068
2128609280,2156920832,2159017984,2138046464,2130706432,2148532224,2145386496,2128609280,2145648640,2138308608,2620583086
2130706432,2156920832,2151677952,2127560704,2128609280,2146435072,2143289344,2126512128,2141716480,2136211456,2620599087
2121269248,2143289344,2142240768,2124414976,2128609280,2145386496,2143289344,2125463552,2132803584,2135687168,2620615088
2138046464,2146435072,2138046464,2118123520,2129657856,2147483648,2144337920,2126512128,2135162880,2136997888,2620631087
2128609280,2145386496,2136997888,2124414976,2130706432,2148532224,2146435072,2129657856,2133852160,2138832896,2620647109
2135949312,2153775104,2154823680,2134900736,2131755008,2149580800,2147483648,2130706432,2144862208,2139881472,2620663111
2124414976,2149580800,2141192192,2129657856,2131755008,2147483648,2145386496,2128609280,2136211456,2138308608,2620680001
2142240768,2141192192,2138046464,2120220672,2128609280,2147483648,2143289344,2126512128,2135425024,2136473600,2620696001
2139095040,2141192192,2146435072,2119172096,2128609280,2145386496,2143289344,2124414976,2136473600,2135425024,2620712001
2122317824,2155872256,2147483648,2139095040,2129657856,2146435072,2143289344,2125463552,2141192192,2136211456,2620728000
2130706432,2156920832,2151677952,2127560704,2130706432,2148532224,2146435072,2128609280,2141716480,2138570752,2620744024
2142240768,2146435072,2139095040,2124414976,2131755008,2149580800,2146435072,2129657856,2138046464,2139357184,2620760024
2127560704,2144337920,2142240768,2126512128,2130706432,2148532224,2146435072,2128609280,2135162880,2138570752,2620776023
2122317824,2138046464,2147483648,2123366400,2128609280,2147483648,2145386496,2126512128,2132803584,2136997888,2620792024
2121269248,2140143616,2140143616,2121269248,2127560704,2146435072,2143289344,2124414976,2130706432,2135425024,2620808046
2135949312,2154823680,2144337920,2124414976,2128609280,2145386496,2144337920,2124414976,2139881472,2135687168,2620824047
2122317824,2155872256,2155872256,2138046464,2129657856,2148532224,2146435072,2127560704,2143027200,2138046464,2620840044
2131755008,2142240768,2138046464,2124414976,2131755008,2148532224,2146435072,2129657856,2134114304,2139095040,2620856045
2140143616,2154823680,2154823680,2126512128,2132803584,2148532224,2146435072,2129657856,2144075776,2139357184,2620872066
2135949312,2141192192,2139095040,2120220672,2130706432,2147483648,2144337920,2126512128,2134114304,2137260032,2620888066
2123366400,2154823680,2154823680,2125463552,2128609280,2146435072,2143289344,2124414976,2139619328,2135687168,2620904066
2121269248,2143289344,2138046464,2125463552,2127560704,2146435072,2144337920,2125463552,2132017152,2135949312,2620920066
2124414976,2140143616,2141192192,2121269248,2128609280,2148532224,2145386496,2127560704,2131755008,2137522176,2620936089
2136997888,2140143616,2140143616,2121269248,2130706432,2148532224,2147483648,2129657856,2134638592,2139095040,2620952088
2136997888,2140143616,2140143616,2123366400,2131755008,2149580800,2147483648,2130706432,2135162880,2139881472,2620968086
2141192192,2143289344,2141192192,2122317824,2129657856,2148532224,2145386496,2128609280,2136997888,2138046464,2620984089
2122317824,2143289344,2140143616,2123366400,2128609280,2146435072,2144337920,2125463552,2132279296,2136211456,2621000110
2129657856,2141192192,2133852160,2122317824,2127560704,2146435072,2143289344,2125463552,2131755008,2135687168,2621017001
2126512128,2141192192,2147483648,2122317824,2130706432,2146435072,2144337920,2124414976,2134376448,2136473600,2621033001
2132803584,2138046464,2140143616,2121269248,2130706432,2148532224,2146435072,2128609280,2133065728,2138570752,2621049001
2132803584,2160066560,2151677952,2133852160,2131755008,2149580800,2147483648,2129657856,2144600064,2139619328,2621065001
2125463552,2159017984,2160066560,2142240768,2129657856,2148532224,2146435072,2129657856,2146697216,2138570752,2621081023
2140143616,2146435072,2138046464,2117074944,2128609280,2147483648,2143289344,2126512128,2135425024,2136473600,2621097025
2119172096,2147483648,2141192192,2130706432,2128609280,2145386496,2142240768,2124414976,2134638592,2135162880,2621113022
2124414976,2160066560,2157969408,2131755008,2129657856,2146435072,2144337920,2125463552,2143551488,2136473600,2621129022
2122317824,2156920832,2150629376,2140143616,2130706432,2147483648,2146435072,2128609280,2142502912,2138308608,2621145044
2144337920,2142240768,2141192192,2123366400,2131755008,2148532224,2147483648,2129657856,2137784320,2139357184,2621161046
2123366400,2159017984,2153775104,2142240768,2130706432,2149580800,2146435072,2129657856,2144600064,2139095040,2621177044
2128609280,2155872256,2154823680,2131755008,2128609280,2148532224,2144337920,2126512128,2142765056,2136997888,2621193046
2123366400,2142240768,2136997888,2124414976,2128609280,2147483648,2143289344,2125463552,2131755008,2136211456,2621209066
2138046464,2141192192,2142240768,2117074944,2128609280,2146435072,2144337920,2125463552,2134638592,2136211456,2621225070
2122317824,2155872256,2150629376,2139095040,2130706432,2147483648,2144337920,2128609280,2141978624,2137784320,2621241066
2125463552,2159017984,2153775104,2141192192,2132803584,2149580800,2147483648,2129657856,2144862208,2139881472,2621257067
2125463552,2159017984,2159017984,2133852160,2131755008,2148532224,2146435072,2128609280,2144337920,2138832896,2621273088
2127560704,2162163712,2157969408,2136997888,2129657856,2147483648,2145386496,2127560704,2146172928,2137522176,2621289088
2143289344,2140143616,2142240768,2119172096,2127560704,2146435072,2143289344,2124414976,2136211456,2135425024,2621305087
2127560704,2141192192,2134900736,2118123520,2128609280,2146435072,2143289344,2125463552,2130444288,2135949312,2621321088
2129657856,2155872256,2149580800,2133852160,2128609280,2148532224,2145386496,2127560704,2142240768,2137522176,2621337109
2122317824,2162163712,2147483648,2144337920,2131755008,2149580800,2146435072,2129657856,2144075776,2139357184,2621353110
2127560704,2144337920,2143289344,2126512128,2130706432,2149580800,2146435072,2130706432,2135425024,2139357184,2621370001
2127560704,2160066560,2160066560,2135949312,2130706432,2148532224,2145386496,2127560704,2145910784,2138046464,2621386001
2122317824,2143289344,2147483648,2126512128,2127560704,2146435072,2143289344,2125463552,2134900736,2135687168,2621402001
2136997888,2139095040,2134900736,2116026368,2128609280,2146435072,2143289344,2124414976,2131755008,2135687168,2621418024
2142240768,2138046464,2136997888,2119172096,2129657856,2147483648,2144337920,2126512128,2134114304,2136997888,2621434023
2123366400,2160066560,2152726528,2139095040,2130706432,2148532224,2146435072,2128609280,2143813632,2138570752,2621450025
2133852160,2141192192,2143289344,2121269248,2130706432,2149580800,2147483648,2130706432,2134900736,2139619328,2621466023
2136997888,2140143616,2138046464,2122317824,2130706432,2147483648,2145386496,2127560704,2134376448,2137784320,2621482045
2138046464,2150629376,2138046464,2129657856,2128609280,2147483648,2144337920,2125463552,2139095040,2136473600,2621498044
2121269248,2155872256,2149580800,2139095040,2128609280,2146435072,2142240768,2125463552,2141454336,2135687168,2621514045
2140143616,2140143616,2134900736,2119172096,2128609280,2146435072,2144337920,2126512128,2133590016,2136473600,2621530044
2136997888,2153775104,2146435072,2125463552,2130706432,2148532224,2146435072,2129657856,2140667904,2138832896,2621546068
2133852160,2157969408,2156920832,2135949312,2130706432,2149580800,2147483648,2130706432,2146172928,2139619328,2621562065
2126512128,2142240768,2148532224,2125463552,2130706432,2147483648,2145386496,2128609280,2135687168,2138046464,2621578068
2124414976,2144337920,2140143616,2128609280,2128609280,2147483648,2144337920,2126512128,2134376448,2136735744,2621594067
2126512128,2139095040,2140143616,2119172096,2128609280,2145386496,2143289344,2124414976,2131230720,2135425024,2621610087
2135949312,2143289344,2134900736,2120220672,2128609280,2147483648,2144337920,2126512128,2133590016,2136735744,2621626086
2142240768,2151677952,2136997888,2122317824,2129657856,2148532224,2145386496,2128609280,2138308608,2138046464,2621642088
2123366400,2155872256,2153775104,2141192192,2130706432,2149580800,2147483648,2130706432,2143551488,2139619328,2621658088
2138046464,2142240768,2139095040,2123366400,2130706432,2149580800,2147483648,2129657856,2135687168,2139357184,2621674108
2123366400,2147483648,2143289344,2127560704,2129657856,2147483648,2145386496,2126512128,2135425024,2137260032,2621690107
2123366400,2159017984,2157969408,2136997888,2128609280,2145386496,2143289344,2124414976,2144337920,2135425024,2621707001
2120220672,2142240768,2147483648,2124414976,2128609280,2146435072,2143289344,2125463552,2133590016,2135949312,2621723001
2123366400,2151677952,2151677952,2134900736,2130706432,2147483648,2145386496,2127560704,2140405760,2137784320,2621739001
2133852160,2142240768,2138046464,2123366400,2131755008,2149580800,2147483648,2130706432,2134376448,2139881472,2621755001
2125463552,2152726528,2152726528,2140143616,2131755008,2149580800,2146435072,2129657856,2142765056,2139357184,2621771023
2129657856,2157969408,2159017984,2133852160,2129657856,2147483648,2145386496,2126512128,2145124352,2137260032,2621787023
2131755008,2140143616,2139095040,2118123520,2128609280,2146435072,2143289344,2125463552,2132279296,2135949312,2621803023
2141192192,2138046464,2135949312,2117074944,2128609280,2146435072,2142240768,2124414976,2133065728,2135425024,2621819022
2121269248,2147483648,2141192192,2130706432,2129657856,2147483648,2145386496,2127560704,2135162880,2137522176,2621835045
2126512128,2154823680,2157969408,2138046464,2130706432,2148532224,2146435072,2129657856,2144337920,2138832896,2621851046
2127560704,2143289344,2143289344,2126512128,2130706432,2149580800,2146435072,2130706432,2135162880,2139357184,2621867045
2138046464,2144337920,2146435072,2122317824,2130706432,2148532224,2146435072,2127560704,2137784320,2138308608,2621883047
2123366400,2156920832,2154823680,2138046464,2128609280,2146435072,2144337920,2125463552,2143289344,2136211456,2621899066
2123366400,2154823680,2153775104,2129657856,2127560704,2146435072,2143289344,2125463552,2140405760,2135687168,2621915068
2124414976,2145386496,2152726528,2128609280,2128609280,2147483648,2144337920,2126512128,2137784320,2136735744,2621931067
2123366400,2151677952,2153775104,2134900736,2130706432,2148532224,2146435072,2128609280,2140930048,2138570752,2621947064
2132803584,2142240768,2140143616,2123366400,2131755008,2148532224,2147483648,2130706432,2134638592,2139619328,2621963089
2134900736,2155872256,2151677952,2135949312,2130706432,2148532224,2146435072,2128609280,2144600064,2138570752,2621979088
2134900736,2142240768,2139095040,2122317824,2128609280,2147483648,2144337920,2126512128,2134638592,2136735744,2621995089
2122317824,2147483648,2141192192,2129657856,2128609280,2146435072,2142240768,2124414976,2135162880,2135425024,2622011087
2119172096,2143289344,2141192192,2124414976,2128609280,2146435072,2144337920,2126512128,2132017152,2136473600,2622027107
2138046464,2139095040,2139095040,2119172096,2130706432,2148532224,2146435072,2128609280,2133852160,2138570752,2622044001
2129657856,2141192192,2142240768,2124414976,2131755008,2149580800,2147483648,2129657856,2134376448,2139619328,2622060001
2127560704,2156920832,2157969408,2139095040,2131755008,2148532224,2146435072,2128609280,2145386496,2138832896,2622076001
2122317824,2142240768,2143289344,2127560704,2129657856,2147483648,2144337920,2126512128,2133852160,2136997888,2622092001
2123366400,2152726528,2155872256,2133852160,2128609280,2145386496,2143289344,2125463552,2141454336,2135687168,2622108024
2135949312,2151677952,2138046464,2128609280,2128609280,2146435072,2143289344,2124414976,2138570752,2135687168,2622124023
2131755008,2141192192,2141192192,2122317824,2130706432,2148532224,2145386496,2128609280,2134114304,2138308608,2622140022
2140143616,2146435072,2146435072,2123366400,2131755008,2148532224,2147483648,2128609280,2139095040,2139095040,2622156023
2144337920,2140143616,2139095040,2122317824,2130706432,2149580800,2147483648,2129657856,2136473600,2139357184,2622172047
2123366400,2155872256,2160066560,2138046464,2130706432,2146435072,2144337920,2126512128,2144337920,2136997888,2622188045
2124414976,2139095040,2136997888,2122317824,2127560704,2147483648,2143289344,2126512128,2130706432,2136211456,2622204044
2127560704,2157969408,2151677952,2131755008,2128609280,2146435072,2142240768,2124414976,2142240768,2135425024,2622220045
2136997888,2142240768,2142240768,2121269248,2128609280,2148532224,2144337920,2128609280,2135687168,2137522176,2622236069
2124414976,2148532224,2144337920,2131755008,2130706432,2149580800,2147483648,2130706432,2137260032,2139619328,2622252067
2141192192,2143289344,2146435072,2124414976,2132803584,2149580800,2147483648,2130706432,2138832896,2140143616,2622268068
2125463552,2142240768,2139095040,2125463552,2130706432,2147483648,2145386496,2127560704,2133065728,2137784320,2622284067
2129657856,2139095040,2139095040,2119172096,2129657856,2146435072,2143289344,2124414976,2131755008,2135949312,2622300090
2121269248,2139095040,2139095040,2119172096,2127560704,2145386496,2143289344,2124414976,2129657856,2135162880,2622316087
2131755008,2138046464,2135949312,2120220672,2130706432,2147483648,2144337920,2126512128,2131492864,2137260032,2622332087
2142240768,2143289344,2136997888,2120220672,2130706432,2149580800,2146435072,2128609280,2135687168,2138832896,2622348088
2125463552,2163212288,2155872256,2145386496,2131755008,2149580800,2147483648,2130706432,2147483648,2139881472,2622364110
2123366400,2156920832,2153775104,2142240768,2130706432,2148532224,2146435072,2128609280,2144075776,2138570752,2622380107
2141192192,2141192192,2136997888,2122317824,2128609280,2147483648,2143289344,2125463552,2135425024,2136211456,2622397001
2127560704,2135949312,2136997888,2117074944,2127560704,2145386496,2143289344,2123366400,2129395712,2134900736,2622413001
2138046464,2139095040,2135949312,2117074944,2128609280,2147483648,2144337920,2126512128,2132541440,2136735744,2622429001
2122317824,2150629376,2150629376,2135949312,2130706432,2147483648,2146435072,2127560704,2139881472,2138046464,2622445024
2134900736,2154823680,2156920832,2129657856,2130706432,2149580800,2147483648,2130706432,2144075776,2139619328,2622461022
2127560704,2155872256,2160066560,2139095040,2130706432,2148532224,2146435072,2128609280,2145648640,2138570752,2622477025
2123366400,2149580800,2147483648,2134900736,2129657856,2147483648,2145386496,2127560704,2138832896,2137522176,2622493024
2133852160,2139095040,2139095040,2118123520,2128609280,2146435072,2143289344,2125463552,2132541440,2135949312,2622509046
2134900736,2140143616,2138046464,2120220672,2129657856,2146435072,2143289344,2125463552,2133327872,2136211456,2622525044
2122317824,2151677952,2143289344,2134900736,2130706432,2148532224,2145386496,2128609280,2138046464,2138308608,2622541045
2125463552,2145386496,2151677952,2128609280,2131755008,2149580800,2146435072,2130706432,2137784320,2139619328,2622557045
2123366400,2154823680,2155872256,2141192192,2131755008,2148532224,2146435072,2128609280,2143813632,2138832896,2622573066
2123366400,2142240768,2142240768,2125463552,2130706432,2147483648,2144337920,2127560704,2133327872,2137522176,2622589066
2138046464,2138046464,2136997888,2120220672,2127560704,2146435072,2144337920,2125463552,2133327872,2135949312,2622605069
2136997888,2135949312,2136997888,2117074944,2128609280,2146435072,2143289344,2125463552,2131755008,2135949312,2622621069
2122317824,2151677952,2151677952,2136997888,2129657856,2148532224,2145386496,2128609280,2140667904,2138046464,2622637087
2136997888,2143289344,2141192192,2124414976,2130706432,2148532224,2146435072,2129657856,2136473600,2138832896,2622653085
2141192192,2146435072,2138046464,2126512128,2131755008,2149580800,2147483648,2129657856,2138046464,2139619328,2622669089
2143289344,2140143616,2139095040,2119172096,2129657856,2147483648,2144337920,2127560704,2135425024,2137260032,2622685090
2123366400,2156920832,2160066560,2133852160,2128609280,2146435072,2143289344,2125463552,2143551488,2135949312,2622701110
2136997888,2138046464,2135949312,2119172096,2128609280,2145386496,2144337920,2124414976,2132541440,2135687168,2622717106
2124414976,2147483648,2151677952,2127560704,2129657856,2147483648,2145386496,2127560704,2137784320,2137522176,2622734001
2127560704,2143289344,2143289344,2124414976,2131755008,2149580800,2146435072,2129657856,2134638592,2139357184,2622750001
2136997888,2143289344,2139095040,2124414976,2131755008,2148532224,2146435072,2129657856,2135949312,2139095040,2622766001
2134900736,2154823680,2149580800,2133852160,2130706432,2147483648,2145386496,2128609280,2143289344,2138046464,2622782000
2122317824,2142240768,2141192192,2125463552,2127560704,2146435072,2143289344,2125463552,2132803584,2135687168,2622798023
2136997888,2145386496,2146435072,2123366400,2127560704,2146435072,2143289344,2124414976,2138046464,2135425024,2622814023
2122317824,2149580800,2149580800,2132803584,2128609280,2146435072,2144337920,2126512128,2138570752,2136473600,2622830023
2125463552,2140143616,2139095040,2121269248,2130706432,2148532224,2146435072,2128609280,2131492864,2138570752,2622846022
2138046464,2153775104,2149580800,2128609280,2130706432,2149580800,2147483648,2130706432,2142502912,2139619328,2622862045
2142240768,2152726528,2140143616,2126512128,2130706432,2149580800,2146435072,2128609280,2140405760,2138832896,2622878046
2138046464,2142240768,2135949312,2124414976,2129657856,2146435072,2143289344,2125463552,2135162880,2136211456,2622894046
2132803584,2139095040,2135949312,2117074944,2128609280,2145386496,2142240768,2124414976,2131230720,2135162880,2622910045
2139095040,2138046464,2135949312,2117074944,2129657856,2145386496,2144337920,2124414976,2132541440,2135949312,2622926068
2133852160,2138046464,2140143616,2120220672,2130706432,2148532224,2145386496,2128609280,2133065728,2138308608,2622942067
2124414976,2160066560,2151677952,2143289344,2130706432,2149580800,2146435072,2129657856,2144862208,2139095040,2622958066
2134900736,2157969408,2153775104,2131755008,2130706432,2149580800,2146435072,2130706432,2144600064,2139357184,2622974065
2127560704,2140143616,2140143616,2123366400,2129657856,2146435072,2145386496,2126512128,2132803584,2136997888,2622990087
2130706432,2151677952,2149580800,2121269248,2128609280,2146435072,2143289344,2125463552,2138308608,2135949312,2623006087
2124414976,2142240768,2151677952,2126512128,2128609280,2145386496,2143289344,2124414976,2136211456,2135425024,2623022090
2123366400,2141192192,2140143616,2123366400,2129657856,2148532224,2145386496,2128609280,2132017152,2138046464,2623038085
2124414976,2144337920,2147483648,2127560704,2130706432,2149580800,2147483648,2130706432,2135949312,2139619328,2623054109
2128609280,2154823680,2156920832,2140143616,2131755008,2148532224,2147483648,2129657856,2145124352,2139357184,2623071001
2123366400,2157969408,2147483648,2143289344,2130706432,2147483648,2144337920,2127560704,2143027200,2137522176,2623087001
2132803584,2153775104,2150629376,2121269248,2127560704,2146435072,2144337920,2125463552,2139619328,2135949312,2623103001
2119172096,2160066560,2152726528,2138046464,2128609280,2146435072,2143289344,2125463552,2142502912,2135949312,2623119001
2133852160,2154823680,2150629376,2132803584,2129657856,2147483648,2145386496,2127560704,2143027200,2137522176,2623135022
2138046464,2140143616,2138046464,2121269248,2131755008,2148532224,2145386496,2128609280,2134376448,2138570752,2623151023
2132803584,2159017984,2154823680,2135949312,2132803584,2149580800,2147483648,2130706432,2145648640,2140143616,2623167023
2141192192,2151677952,2146435072,2126512128,2129657856,2148532224,2146435072,2128609280,2141454336,2138308608,2623183023
2131755008,2151677952,2153775104,2129657856,2128609280,2146435072,2143289344,2125463552,2141716480,2135949312,2623199045
2126512128,2151677952,2151677952,2134900736,2127560704,2145386496,2143289344,2124414976,2141192192,2135162880,2623215045
2121269248,2142240768,2147483648,2125463552,2128609280,2147483648,2143289344,2127560704,2134114304,2136735744,2623231047
2123366400,2159017984,2154823680,2141192192,2130706432,2148532224,2146435072,2128609280,2144600064,2138570752,2623247045
2124414976,2148532224,2155872256,2132803584,2131755008,2149580800,2147483648,2130706432,2140405760,2139881472,2623263067
2140143616,2140143616,2140143616,2121269248,2131755008,2148532224,2145386496,2128609280,2135425024,2138570752,2623279066
2141192192,2146435072,2138046464,2121269248,2130706432,2145386496,2144337920,2125463552,2136735744,2136473600,2623295069
2131755008,2144337920,2150629376,2118123520,2127560704,2145386496,2143289344,2123366400,2136211456,2134900736,2623311067
2142240768,2138046464,2136997888,2119172096,2128609280,2146435072,2144337920,2126512128,2134114304,2136473600,2623327086
2135949312,2139095040,2135949312,2117074944,2131755008,2147483648,2145386496,2127560704,2132017152,2138046464,2623343087
2126512128,2147483648,2150629376,2132803584,2131755008,2149580800,2147483648,2130706432,2139357184,2139881472,2623359086
2146435072,2143289344,2140143616,2123366400,2131755008,2148532224,2146435072,2128609280,2138308608,2138832896,2623375089
2124414976,2162163712,2159017984,2138046464,2129657856,2147483648,2145386496,2126512128,2145910784,2137260032,2623391110
2141192192,2142240768,2142240768,2116026368,2128609280,2145386496,2143289344,2124414976,2135425024,2135425024,2623407109
2136997888,2138046464,2135949312,2118123520,2128609280,2146435072,2143289344,2125463552,2132279296,2135949312,2623424001
2122317824,2145386496,2143289344,2129657856,2129657856,2147483648,2145386496,2128609280,2135162880,2137784320,2623440001
2125463552,2147483648,2155872256,2129657856,2130706432,2149580800,2147483648,2130706432,2139619328,2139619328,2623456001
2124414976,2147483648,2143289344,2134900736,2129657856,2149580800,2147483648,2130706432,2137522176,2139357184,2623472024
2140143616,2140143616,2139095040,2121269248,2129657856,2147483648,2144337920,2127560704,2135162880,2137260032,2623488024
2123366400,2154823680,2156920832,2136997888,2128609280,2146435072,2143289344,2125463552,2143027200,2135949312,2623504025
2120220672,2151677952,2149580800,2132803584,2128609280,2145386496,2142240768,2124414976,2138570752,2135162880,2623520022
2121269248,2147483648,2141192192,2126512128,2129657856,2147483648,2145386496,2127560704,2134114304,2137522176,2623536045
2125463552,2142240768,2140143616,2126512128,2130706432,2148532224,2146435072,2129657856,2133590016,2138832896,2623552045
2128609280,2159017984,2161115136,2140143616,2130706432,2149580800,2148532224,2130706432,2147221504,2139881472,2623568045
2132803584,2157969408,2156920832,2136997888,2130706432,2148532224,2145386496,2127560704,2146172928,2138046464,2623584044
2131755008,2141192192,2138046464,2120220672,2128609280,2145386496,2143289344,2125463552,2132803584,2135687168,2623600066
2134900736,2143289344,2136997888,2118123520,2128609280,2145386496,2143289344,2124414976,2133327872,2135425024,2623616065
2142240768,2138046464,2135949312,2118123520,2128609280,2147483648,2145386496,2127560704,2133590016,2137260032,2623632068
2127560704,2154823680,2154823680,2134900736,2130706432,2149580800,2146435072,2129657856,2143027200,2139095040,2623648067
2132803584,2150629376,2152726528,2127560704,2131755008,2149580800,2147483648,2129657856,2140930048,2139619328,2623664087
2140143616,2152726528,2140143616,2135949312,2130706432,2148532224,2146435072,2129657856,2142240768,2138832896,2623680087
2131755008,2153775104,2150629376,2125463552,2128609280,2146435072,2144337920,2126512128,2140405760,2136473600,2623696087
