2122317824,2157969408,2160066560,2141192192,2129657856,2147483648,2145386496,2127560704,2145386496,2137522176,2624788001
2146435072,2141192192,2139095040,2118123520,2129657856,2147483648,2145386496,2127560704,2136211456,2137522176,2624804001
2127560704,2155872256,2147483648,2140143616,2129657856,2148532224,2145386496,2127560704,2142765056,2137784320,2624820001
2127560704,2159017984,2159017984,2135949312,2129657856,2148532224,2145386496,2127560704,2145386496,2137784320,2624836000
2135949312,2146435072,2135949312,2125463552,2130706432,2147483648,2144337920,2126512128,2135949312,2137260032,2624852023
2136997888,2154823680,2142240768,2128609280,2130706432,2148532224,2145386496,2127560704,2140667904,2138046464,2624868023
2139095040,2150629376,2145386496,2132803584,2130706432,2147483648,2145386496,2127560704,2141978624,2137784320,2624884022
2123366400,2155872256,2150629376,2139095040,2129657856,2147483648,2144337920,2127560704,2142240768,2137260032,2624900023
2123366400,2156920832,2155872256,2139095040,2129657856,2147483648,2145386496,2127560704,2143813632,2137522176,2624916046
2128609280,2140143616,2138046464,2121269248,2130706432,2146435072,2145386496,2126512128,2132017152,2137260032,2624932047
2122317824,2151677952,2154823680,2136997888,2129657856,2147483648,2145386496,2127560704,2141454336,2137522176,2624948045
2127560704,2143289344,2136997888,2124414976,2130706432,2146435072,2145386496,2126512128,2133065728,2137260032,2624964044
2132803584,2141192192,2135949312,2118123520,2127560704,2146435072,2142240768,2125463552,2132017152,2135425024,2624980066
2122317824,2143289344,2145386496,2124414976,2127560704,2145386496,2143289344,2124414976,2133852160,2135162880,2624996066
2126512128,2155872256,2152726528,2133852160,2129657856,2147483648,2144337920,2126512128,2142240768,2136997888,2625012068
2130706432,2157969408,2151677952,2131755008,2131755008,2149580800,2147483648,2130706432,2143027200,2139881472,2625028064
2134900736,2143289344,2145386496,2124414976,2132803584,2148532224,2147483648,2129657856,2136997888,2139619328,2625044088
2130706432,2159017984,2154823680,2133852160,2129657856,2149580800,2145386496,2129657856,2144600064,2138570752,2625060089
2131755008,2138046464,2136997888,2120220672,2128609280,2147483648,2144337920,2125463552,2131755008,2136473600,2625076087
2129657856,2154823680,2150629376,2133852160,2127560704,2145386496,2142240768,2124414976,2142240768,2134900736,2625092088
2121269248,2147483648,2147483648,2130706432,2129657856,2146435072,2143289344,2125463552,2136735744,2136211456,2625108109
2128609280,2155872256,2157969408,2135949312,2130706432,2149580800,2147483648,2129657856,2144600064,2139357184,2625125001
2136997888,2144337920,2144337920,2124414976,2131755008,2149580800,2148532224,2130706432,2137522176,2140143616,2625141001
2133852160,2159017984,2159017984,2134900736,2131755008,2149580800,2146435072,2128609280,2146697216,2139095040,2625157001
2130706432,2156920832,2155872256,2133852160,2128609280,2146435072,2144337920,2125463552,2144337920,2136211456,2625173001
2120220672,2147483648,2141192192,2129657856,2128609280,2144337920,2142240768,2123366400,2134638592,2134638592,2625189025
2134900736,2141192192,2136997888,2118123520,2128609280,2146435072,2144337920,2125463552,2132803584,2136211456,2625205024
2138046464,2139095040,2134900736,2119172096,2130706432,2148532224,2146435072,2128609280,2132803584,2138570752,2625221022
2134900736,2142240768,2141192192,2121269248,2132803584,2149580800,2147483648,2129657856,2134900736,2139881472,2625237024
2128609280,2163212288,2160066560,2135949312,2131755008,2148532224,2146435072,2128609280,2146959360,2138832896,2625253047
2142240768,2141192192,2139095040,2122317824,2130706432,2146435072,2144337920,2125463552,2136211456,2136735744,2625269045
2131755008,2141192192,2136997888,2120220672,2127560704,2145386496,2142240768,2123366400,2132541440,2134638592,2625285044
2121269248,2138046464,2147483648,2120220672,2129657856,2145386496,2143289344,2124414976,2131755008,2135687168,2625301045
2120220672,2156920832,2155872256,2138046464,2129657856,2147483648,2145386496,2128609280,2142765056,2137784320,2625317067
2139095040,2140143616,2140143616,2121269248,2131755008,2149580800,2147483648,2130706432,2135162880,2139881472,2625333067
2125463552,2159017984,2161115136,2144337920,2130706432,2150629376,2147483648,2130706432,2147483648,2139881472,2625349066
2122317824,2148532224,2142240768,2132803584,2129657856,2147483648,2145386496,2127560704,2136473600,2137522176,2625365068
2126512128,2147483648,2144337920,2130706432,2128609280,2145386496,2142240768,2124414976,2137260032,2135162880,2625381087
2131755008,2152726528,2145386496,2129657856,2128609280,2145386496,2143289344,2124414976,2139881472,2135425024,2625397087
2134900736,2140143616,2136997888,2120220672,2129657856,2147483648,2144337920,2127560704,2133065728,2137260032,2625413085
2139095040,2154823680,2146435072,2131755008,2131755008,2149580800,2147483648,2129657856,2143027200,2139619328,2625429088
2136997888,2141192192,2140143616,2123366400,2132803584,2148532224,2147483648,2130706432,2135425024,2139881472,2625445109
2124414976,2162163712,2155872256,2146435072,2130706432,2147483648,2145386496,2127560704,2147221504,2137784320,2625461109
2142240768,2139095040,2136997888,2117074944,2128609280,2147483648,2143289344,2125463552,2133852160,2136211456,2625478001
2140143616,2138046464,2135949312,2118123520,2128609280,2145386496,2143289344,2124414976,2133065728,2135425024,2625494001
2122317824,2162163712,2155872256,2134900736,2128609280,2146435072,2144337920,2126512128,2143813632,2136473600,2625510001
2130706432,2153775104,2151677952,2129657856,2130706432,2149580800,2146435072,2129657856,2141454336,2139095040,2625526023
2131755008,2142240768,2140143616,2125463552,2131755008,2149580800,2147483648,2130706432,2134900736,2139881472,2625542022
2123366400,2164260864,2147483648,2142240768,2129657856,2149580800,2146435072,2129657856,2144337920,2138832896,2625558024
2123366400,2142240768,2147483648,2125463552,2129657856,2145386496,2143289344,2124414976,2134638592,2135687168,2625574024
2124414976,2148532224,2140143616,2131755008,2127560704,2145386496,2142240768,2123366400,2136211456,2134638592,2625590045
2120220672,2154823680,2152726528,2136997888,2128609280,2145386496,2143289344,2125463552,2141192192,2135687168,2625606044
2123366400,2148532224,2142240768,2131755008,2130706432,2149580800,2146435072,2129657856,2136473600,2139095040,2625622045
2139095040,2146435072,2146435072,2123366400,2132803584,2149580800,2147483648,2129657856,2138832896,2139881472,2625638046
2145386496,2152726528,2141192192,2129657856,2130706432,2149580800,2146435072,2129657856,2142240768,2139095040,2625654067
2123366400,2147483648,2141192192,2127560704,2129657856,2146435072,2144337920,2125463552,2134900736,2136473600,2625670065
2124414976,2155872256,2151677952,2135949312,2128609280,2145386496,2142240768,2124414976,2141978624,2135162880,2625686067
2125463552,2156920832,2152726528,2127560704,2128609280,2146435072,2143289344,2125463552,2140667904,2135949312,2625702066
2124414976,2148532224,2151677952,2131755008,2130706432,2147483648,2145386496,2127560704,2139095040,2137784320,2625718088
2135949312,2142240768,2141192192,2121269248,2131755008,2149580800,2147483648,2129657856,2135162880,2139619328,2625734086
2145386496,2142240768,2140143616,2121269248,2130706432,2150629376,2146435072,2130706432,2137260032,2139619328,2625750088
2124414976,2152726528,2159017984,2136997888,2129657856,2147483648,2145386496,2126512128,2143289344,2137260032,2625766089
2121269248,2143289344,2141192192,2127560704,2128609280,2145386496,2142240768,2124414976,2133327872,2135162880,2625782107
2120220672,2145386496,2144337920,2128609280,2127560704,2146435072,2142240768,2125463552,2134638592,2135425024,2625798107
2135949312,2141192192,2138046464,2120220672,2129657856,2147483648,2145386496,2127560704,2133852160,2137522176,2625815001
2124414976,2160066560,2157969408,2143289344,2130706432,2149580800,2148532224,2129657856,2146435072,2139619328,2625831001
2124414976,2148532224,2147483648,2130706432,2131755008,2149580800,2147483648,2129657856,2137784320,2139619328,2625847001
2142240768,2142240768,2140143616,2124414976,2130706432,2147483648,2145386496,2128609280,2137260032,2138046464,2625863001
2122317824,2148532224,2142240768,2131755008,2127560704,2146435072,2143289344,2124414976,2136211456,2135425024,2625879023
2120220672,2142240768,2143289344,2124414976,2127560704,2144337920,2142240768,2123366400,2132541440,2134376448,2625895023
2135949312,2139095040,2134900736,2116026368,2129657856,2147483648,2144337920,2127560704,2131492864,2137260032,2625911024
2122317824,2147483648,2139095040,2130706432,2131755008,2148532224,2146435072,2129657856,2134900736,2139095040,2625927024
2132803584,2156920832,2154823680,2135949312,2130706432,2150629376,2147483648,2131755008,2145124352,2140143616,2625943046
2124414976,2156920832,2155872256,2141192192,2130706432,2148532224,2146435072,2128609280,2144600064,2138570752,2625959045
2122317824,2148532224,2148532224,2131755008,2128609280,2146435072,2144337920,2125463552,2137784320,2136211456,2625975045
2129657856,2154823680,2149580800,2131755008,2128609280,2145386496,2143289344,2124414976,2141454336,2135425024,2625991044
2132803584,2139095040,2136997888,2117074944,2128609280,2146435072,2143289344,2125463552,2131492864,2135949312,2626007066
2138046464,2145386496,2138046464,2122317824,2130706432,2148532224,2146435072,2128609280,2135949312,2138570752,2626023066
2124414976,2150629376,2147483648,2136997888,2132803584,2149580800,2147483648,2130706432,2139881472,2140143616,2626039067
2130706432,2146435072,2156920832,2128609280,2130706432,2148532224,2146435072,2129657856,2140667904,2138832896,2626055067
2126512128,2154823680,2154823680,2133852160,2129657856,2146435072,2143289344,2126512128,2142502912,2136473600,2626071089
2118123520,2155872256,2136997888,2139095040,2128609280,2145386496,2142240768,2123366400,2137522176,2134900736,2626087087
2133852160,2146435072,2142240768,2119172096,2128609280,2145386496,2143289344,2125463552,2135425024,2135687168,2626103088
2123366400,2156920832,2151677952,2140143616,2129657856,2147483648,2145386496,2128609280,2143027200,2137784320,2626119086
2125463552,2142240768,2142240768,2125463552,2131755008,2150629376,2147483648,2130706432,2133852160,2140143616,2626135109
2142240768,2143289344,2143289344,2124414976,2131755008,2149580800,2146435072,2129657856,2138308608,2139357184,2626152001
2124414976,2164260864,2152726528,2139095040,2129657856,2147483648,2144337920,2126512128,2145124352,2136997888,2626168001
2138046464,2146435072,2142240768,2119172096,2127560704,2146435072,2143289344,2124414976,2136473600,2135425024,2626184001
2123366400,2156920832,2155872256,2128609280,2128609280,2145386496,2143289344,2124414976,2141192192,2135425024,2626200001
2136997888,2141192192,2142240768,2119172096,2130706432,2147483648,2145386496,2127560704,2134900736,2137784320,2626216023
2142240768,2139095040,2140143616,2121269248,2131755008,2149580800,2147483648,2130706432,2135687168,2139881472,2626232023
2140143616,2142240768,2142240768,2124414976,2130706432,2149580800,2147483648,2130706432,2137260032,2139619328,2626248023
2141192192,2146435072,2139095040,2122317824,2129657856,2147483648,2144337920,2127560704,2137260032,2137260032,2626264024
2120220672,2154823680,2151677952,2138046464,2127560704,2146435072,2143289344,2124414976,2141192192,2135425024,2626280047
2133852160,2140143616,2134900736,2118123520,2127560704,2145386496,2142240768,2123366400,2131755008,2134638592,2626296045
2120220672,2152726528,2147483648,2135949312,2129657856,2148532224,2145386496,2127560704,2139095040,2137784320,2626312044
2123366400,2142240768,2143289344,2125463552,2131755008,2148532224,2146435072,2129657856,2133590016,2139095040,2626328046
2125463552,2155872256,2155872256,2139095040,2131755008,2149580800,2147483648,2130706432,2144075776,2139881472,2626344066
2125463552,2145386496,2145386496,2128609280,2130706432,2148532224,2146435072,2128609280,2136211456,2138570752,2626360066
2141192192,2139095040,2136997888,2118123520,2128609280,2145386496,2143289344,2124414976,2133852160,2135425024,2626376065
2135949312,2150629376,2141192192,2121269248,2128609280,2145386496,2142240768,2123366400,2137260032,2134900736,2626392067
2126512128,2160066560,2152726528,2134900736,2128609280,2147483648,2145386496,2126512128,2143551488,2136997888,2626408087
2139095040,2145386496,2136997888,2122317824,2130706432,2149580800,2146435072,2129657856,2135949312,2139095040,2626424087
2126512128,2147483648,2147483648,2129657856,2131755008,2149580800,2147483648,2129657856,2137784320,2139619328,2626440086
2123366400,2150629376,2147483648,2139095040,2129657856,2149580800,2146435072,2129657856,2140143616,2138832896,2626456087
2130706432,2153775104,2155872256,2125463552,2129657856,2147483648,2144337920,2125463552,2141454336,2136735744,2626472108
2121269248,2143289344,2139095040,2126512128,2127560704,2145386496,2142240768,2124414976,2132541440,2134900736,2626488109
2135949312,2138046464,2136997888,2119172096,2128609280,2145386496,2143289344,2125463552,2132541440,2135687168,2626505001
2123366400,2151677952,2142240768,2139095040,2130706432,2148532224,2146435072,2128609280,2139095040,2138570752,2626521001
2145386496,2142240768,2142240768,2123366400,2131755008,2150629376,2147483648,2131755008,2138308608,2140405760,2626537001
2126512128,2150629376,2152726528,2133852160,2130706432,2149580800,2147483648,2130706432,2140930048,2139619328,2626553025
2139095040,2138046464,2138046464,2120220672,2129657856,2147483648,2144337920,2126512128,2133852160,2136997888,2626569024
2119172096,2155872256,2145386496,2139095040,2127560704,2146435072,2143289344,2124414976,2139881472,2135425024,2626585025
2135949312,2148532224,2141192192,2128609280,2128609280,2146435072,2142240768,2124414976,2138570752,2135425024,2626601023
2131755008,2138046464,2140143616,2121269248,2130706432,2147483648,2145386496,2127560704,2132803584,2137784320,2626617045
2134900736,2154823680,2151677952,2130706432,2131755008,2149580800,2147483648,2130706432,2143027200,2139881472,2626633044
2145386496,2142240768,2141192192,2124414976,2131755008,2149580800,2147483648,2129657856,2138308608,2139619328,2626649045
2129657856,2153775104,2152726528,2132803584,2130706432,2147483648,2144337920,2127560704,2142240768,2137522176,2626665045
2121269248,2140143616,2138046464,2121269248,2127560704,2146435072,2143289344,2124414976,2130182144,2135425024,2626681068
2130706432,2157969408,2146435072,2127560704,2128609280,2145386496,2143289344,2124414976,2140667904,2135425024,2626697065
2143289344,2138046464,2136997888,2117074944,2130706432,2147483648,2144337920,2126512128,2133852160,2137260032,2626713066
2129657856,2141192192,2143289344,2122317824,2131755008,2149580800,2147483648,2129657856,2134114304,2139619328,2626729068
2122317824,2159017984,2149580800,2142240768,2131755008,2149580800,2146435072,2130706432,2143289344,2139619328,2626745089
2141192192,2142240768,2142240768,2125463552,2130706432,2148532224,2145386496,2128609280,2137784320,2138308608,2626761087
2130706432,2154823680,2154823680,2123366400,2128609280,2146435072,2143289344,2124414976,2140930048,2135687168,2626777088
2124414976,2152726528,2153775104,2130706432,2128609280,2145386496,2142240768,2124414976,2140405760,2135162880,2626793087
2124414976,2139095040,2138046464,2121269248,2129657856,2146435072,2144337920,2126512128,2130706432,2136735744,2626809110
2129657856,2156920832,2151677952,2129657856,2131755008,2149580800,2146435072,2129657856,2141978624,2139357184,2626825106
2126512128,2156920832,2150629376,2143289344,2131755008,2149580800,2146435072,2130706432,2144337920,2139619328,2626842001
2126512128,2147483648,2149580800,2130706432,2130706432,2148532224,2145386496,2128609280,2138570752,2138308608,2626858001
2123366400,2155872256,2151677952,2141192192,2129657856,2146435072,2143289344,2125463552,2143027200,2136211456,2626874001
2122317824,2148532224,2148532224,2131755008,2127560704,2145386496,2143289344,2124414976,2137784320,2135162880,2626890001
2122317824,2143289344,2134900736,2122317824,2128609280,2146435072,2142240768,2125463552,2130706432,2135687168,2626906022
2138046464,2140143616,2135949312,2122317824,2130706432,2148532224,2145386496,2129657856,2134114304,2138570752,2626922023
2124414976,2148532224,2150629376,2133852160,2131755008,2149580800,2148532224,2130706432,2139357184,2140143616,2626938023
2144337920,2143289344,2141192192,2124414976,2131755008,2148532224,2146435072,2128609280,2138308608,2138832896,2626954022
2139095040,2144337920,2146435072,2119172096,2130706432,2146435072,2143289344,2125463552,2137260032,2136473600,2626970045
2121269248,2157969408,2149580800,2138046464,2128609280,2145386496,2142240768,2124414976,2141716480,2135162880,2626986046
2135949312,2142240768,2132803584,2118123520,2128609280,2145386496,2142240768,2124414976,2132279296,2135162880,2627002046
2133852160,2145386496,2146435072,2120220672,2130706432,2148532224,2145386496,2128609280,2136473600,2138308608,2627018043
2125463552,2146435072,2142240768,2127560704,2132803584,2149580800,2147483648,2130706432,2135425024,2140143616,2627034067
2133852160,2143289344,2145386496,2124414976,2130706432,2149580800,2147483648,2130706432,2136735744,2139619328,2627050067
2131755008,2143289344,2141192192,2124414976,2129657856,2147483648,2144337920,2127560704,2135162880,2137260032,2627066066
2130706432,2152726528,2153775104,2132803584,2127560704,2146435072,2143289344,2125463552,2142502912,2135687168,2627082065
2135949312,2138046464,2134900736,2116026368,2127560704,2146435072,2143289344,2124414976,2131230720,2135425024,2627098088
2132803584,2142240768,2138046464,2117074944,2129657856,2147483648,2145386496,2127560704,2132541440,2137522176,2627114088
2122317824,2154823680,2150629376,2140143616,2131755008,2150629376,2147483648,2130706432,2141978624,2140143616,2627130089
2124414976,2150629376,2147483648,2138046464,2131755008,2150629376,2147483648,2130706432,2140143616,2140143616,2627146086
2127560704,2154823680,2155872256,2135949312,2130706432,2147483648,2145386496,2127560704,2143551488,2137784320,2627162108
2138046464,2148532224,2135949312,2129657856,2128609280,2145386496,2143289344,2124414976,2138046464,2135425024,2627179001
2128609280,2152726528,2148532224,2123366400,2128609280,2145386496,2142240768,2123366400,2138308608,2134900736,2627195001
2121269248,2140143616,2147483648,2121269248,2129657856,2147483648,2145386496,2126512128,2132541440,2137260032,2627211001
2130706432,2152726528,2150629376,2136997888,2130706432,2149580800,2147483648,2130706432,2142765056,2139619328,2627227001
2133852160,2142240768,2141192192,2125463552,2131755008,2149580800,2147483648,2130706432,2135687168,2139881472,2627243023
2125463552,2153775104,2155872256,2139095040,2130706432,2148532224,2146435072,2128609280,2143551488,2138570752,2627259023
2128609280,2154823680,2154823680,2131755008,2128609280,2146435072,2143289344,2125463552,2142502912,2135949312,2627275022
2128609280,2154823680,2152726528,2132803584,2127560704,2146435072,2142240768,2124414976,2142240768,2135162880,2627291023
2123366400,2139095040,2140143616,2119172096,2128609280,2146435072,2143289344,2125463552,2130444288,2135949312,2627307046
2138046464,2143289344,2146435072,2119172096,2131755008,2148532224,2146435072,2128609280,2136735744,2138832896,2627323045
2129657856,2143289344,2143289344,2123366400,2132803584,2148532224,2147483648,2129657856,2134900736,2139619328,2627339045
2129657856,2145386496,2139095040,2126512128,2131755008,2148532224,2146435072,2128609280,2135162880,2138832896,2627355045
2127560704,2155872256,2159017984,2134900736,2129657856,2147483648,2143289344,2126512128,2144337920,2136735744,2627371067
2121269248,2143289344,2143289344,2122317824,2128609280,2146435072,2142240768,2124414976,2132541440,2135425024,2627387067
2142240768,2135949312,2138046464,2116026368,2128609280,2146435072,2143289344,2125463552,2133065728,2135949312,2627403067
2127560704,2156920832,2154823680,2135949312,2129657856,2149580800,2146435072,2128609280,2143813632,2138570752,2627419068
2145386496,2142240768,2141192192,2124414976,2131755008,2150629376,2147483648,2130706432,2138308608,2140143616,2627435091
2126512128,2163212288,2157969408,2141192192,2131755008,2148532224,2147483648,2129657856,2147221504,2139357184,2627451090
2124414976,2155872256,2160066560,2139095040,2129657856,2147483648,2144337920,2126512128,2144862208,2136997888,2627467086
2135949312,2141192192,2133852160,2118123520,2128609280,2145386496,2142240768,2124414976,2132279296,2135162880,2627483089
2139095040,2136997888,2136997888,2118123520,2128609280,2146435072,2143289344,2124414976,2132803584,2135687168,2627499111
2120220672,2147483648,2147483648,2130706432,2128609280,2147483648,2145386496,2127560704,2136473600,2137260032,2627515111
2140143616,2140143616,2139095040,2121269248,2131755008,2149580800,2147483648,2130706432,2135162880,2139881472,2627532001
2133852160,2162163712,2154823680,2139095040,2131755008,2149580800,2147483648,2129657856,2147483648,2139619328,2627548001
2136997888,2141192192,2139095040,2122317824,2129657856,2147483648,2145386496,2127560704,2134900736,2137522176,2627564001
2128609280,2154823680,2146435072,2121269248,2128609280,2146435072,2143289344,2124414976,2137784320,2135687168,2627580022
2119172096,2162163712,2151677952,2136997888,2127560704,2145386496,2143289344,2124414976,2142502912,2135162880,2627596022
2136997888,2154823680,2145386496,2127560704,2129657856,2146435072,2144337920,2127560704,2141192192,2136997888,2627612023
2125463552,2147483648,2147483648,2129657856,2130706432,2149580800,2146435072,2130706432,2137522176,2139357184,2627628022
2143289344,2140143616,2140143616,2121269248,2131755008,2149580800,2147483648,2129657856,2136211456,2139619328,2627644045
2142240768,2142240768,2140143616,2124414976,2129657856,2148532224,2145386496,2128609280,2137260032,2138046464,2627660045
2135949312,2139095040,2138046464,2119172096,2129657856,2145386496,2142240768,2123366400,2133065728,2135162880,2627676046
2126512128,2154823680,2154823680,2134900736,2127560704,2145386496,2143289344,2123366400,2142765056,2134900736,2627692046
2126512128,2153775104,2150629376,2133852160,2128609280,2147483648,2144337920,2126512128,2141192192,2136735744,2627708065
2136997888,2155872256,2154823680,2129657856,2129657856,2149580800,2147483648,2130706432,2144337920,2139357184,2627724067
2140143616,2146435072,2151677952,2126512128,2131755008,2149580800,2147483648,2130706432,2141192192,2139881472,2627740066
2123366400,2161115136,2155872256,2142240768,2130706432,2148532224,2146435072,2128609280,2145648640,2138570752,2627756068
2124414976,2151677952,2155872256,2134900736,2129657856,2147483648,2144337920,2125463552,2141716480,2136735744,2627772088
2138046464,2135949312,2135949312,2116026368,2127560704,2145386496,2142240768,2124414976,2131492864,2134900736,2627788084
2131755008,2138046464,2134900736,2120220672,2128609280,2145386496,2143289344,2124414976,2131230720,2135425024,2627804087
2129657856,2159017984,2153775104,2132803584,2130706432,2148532224,2146435072,2128609280,2143813632,2138570752,2627820087
2138046464,2145386496,2140143616,2122317824,2131755008,2150629376,2146435072,2130706432,2136473600,2139881472,2627836109
2126512128,2151677952,2151677952,2134900736,2130706432,2149580800,2146435072,2129657856,2141192192,2139095040,2627852109
2126512128,2143289344,2141192192,2126512128,2129657856,2146435072,2144337920,2126512128,2134376448,2136735744,2627869001
2122317824,2145386496,2140143616,2128609280,2127560704,2145386496,2143289344,2124414976,2134114304,2135162880,2627885001
2139095040,2146435072,2142240768,2123366400,2127560704,2146435072,2143289344,2125463552,2137784320,2135687168,2627901001
2134900736,2144337920,2149580800,2122317824,2129657856,2147483648,2145386496,2127560704,2137784320,2137522176,2627917001
2127560704,2140143616,2139095040,2125463552,2131755008,2149580800,2147483648,2130706432,2133065728,2139881472,2627933023
2136997888,2153775104,2146435072,2132803584,2131755008,2148532224,2146435072,2129657856,2142502912,2139095040,2627949022
2127560704,2157969408,2156920832,2131755008,2129657856,2148532224,2145386496,2127560704,2143551488,2137784320,2627965024
2140143616,2150629376,2138046464,2124414976,2128609280,2145386496,2143289344,2124414976,2138308608,2135425024,2627981022
2136997888,2139095040,2135949312,2116026368,2128609280,2145386496,2142240768,2124414976,2132017152,2135162880,2627997048
2139095040,2138046464,2138046464,2119172096,2129657856,2146435072,2146435072,2127560704,2133590016,2137522176,2628013046
2124414976,2148532224,2148532224,2133852160,2131755008,2149580800,2147483648,2129657856,2138832896,2139619328,2628029046
2133852160,2142240768,2147483648,2121269248,2132803584,2147483648,2147483648,2129657856,2136211456,2139357184,2628045045
2130706432,2143289344,2143289344,2124414976,2130706432,2147483648,2145386496,2127560704,2135425024,2137784320,2628061067
2119172096,2154823680,2145386496,2138046464,2128609280,2146435072,2144337920,2125463552,2139357184,2136211456,2628077066
2125463552,2156920832,2153775104,2135949312,2128609280,2145386496,2143289344,2124414976,2143027200,2135425024,2628093066
2127560704,2155872256,2153775104,2127560704,2129657856,2147483648,2144337920,2126512128,2141192192,2136997888,2628109064
2123366400,2143289344,2143289344,2126512128,2131755008,2148532224,2146435072,2128609280,2134114304,2138832896,2628125090
2128609280,2156920832,2156920832,2131755008,2132803584,2149580800,2147483648,2130706432,2143551488,2140143616,2628141089
2125463552,2147483648,2140143616,2129657856,2130706432,2149580800,2146435072,2129657856,2135687168,2139095040,2628157089
2139095040,2143289344,2138046464,2120220672,2128609280,2147483648,2144337920,2125463552,2135162880,2136473600,2628173087
2135949312,2141192192,2135949312,2114977792,2128609280,2144337920,2142240768,2123366400,2132017152,2134638592,2628189110
2122317824,2157969408,2155872256,2131755008,2128609280,2147483648,2143289344,2126512128,2141978624,2136473600,2628206001
2122317824,2154823680,2151677952,2138046464,2130706432,2148532224,2146435072,2129657856,2141716480,2138832896,2628222001
2138046464,2138046464,2140143616,2124414976,2131755008,2148532224,2146435072,2129657856,2135162880,2139095040,2628238001
2125463552,2150629376,2150629376,2133852160,2131755008,2147483648,2146435072,2128609280,2140143616,2138570752,2628254001
2138046464,2141192192,2135949312,2119172096,2128609280,2147483648,2144337920,2126512128,2133590016,2136735744,2628270023
2133852160,2145386496,2149580800,2117074944,2128609280,2145386496,2143289344,2123366400,2136473600,2135162880,2628286024
2140143616,2139095040,2136997888,2114977792,2127560704,2145386496,2143289344,2124414976,2132803584,2135162880,2628302023
2132803584,2154823680,2146435072,2123366400,2130706432,2147483648,2144337920,2127560704,2139357184,2137522176,2628318024
2124414976,2144337920,2151677952,2125463552,2131755008,2149580800,2147483648,2130706432,2136473600,2139881472,2628334045
2141192192,2142240768,2140143616,2123366400,2131755008,2148532224,2146435072,2129657856,2136735744,2139095040,2628350044
2138046464,2142240768,2141192192,2124414976,2129657856,2146435072,2145386496,2126512128,2136473600,2136997888,2628366044
2122317824,2145386496,2141192192,2128609280,2128609280,2146435072,2142240768,2124414976,2134376448,2135425024,2628382045
2119172096,2151677952,2147483648,2133852160,2129657856,2145386496,2142240768,2124414976,2138046464,2135425024,2628398067
2136997888,2136997888,2136997888,2120220672,2129657856,2146435072,2144337920,2126512128,2132803584,2136735744,2628414065
2122317824,2151677952,2141192192,2136997888,2130706432,2149580800,2147483648,2130706432,2138046464,2139619328,2628430066
2132803584,2142240768,2142240768,2125463552,2130706432,2150629376,2148532224,2130706432,2135687168,2140143616,2628446069
2123366400,2161115136,2155872256,2142240768,2130706432,2147483648,2145386496,2126512128,2145648640,2137522176,2628462087
2126512128,2157969408,2153775104,2131755008,2128609280,2145386496,2143289344,2124414976,2142502912,2135425024,2628478089
2123366400,2139095040,2135949312,2119172096,2127560704,2145386496,2143289344,2124414976,2129395712,2135162880,2628494087
2138046464,2150629376,2144337920,2124414976,2129657856,2146435072,2144337920,2125463552,2139357184,2136473600,2628510087
2136997888,2141192192,2138046464,2121269248,2130706432,2149580800,2147483648,2129657856,2134376448,2139357184,2628526110
2138046464,2159017984,2146435072,2134900736,2131755008,2149580800,2147483648,2130706432,2144600064,2139881472,2628542112
2142240768,2142240768,2140143616,2122317824,2130706432,2148532224,2146435072,2128609280,2136735744,2138570752,2628559001
2122317824,2145386496,2147483648,2128609280,2129657856,2145386496,2143289344,2124414976,2135949312,2135687168,2628575001
2139095040,2146435072,2135949312,2121269248,2127560704,2146435072,2142240768,2124414976,2135687168,2135162880,2628591001
2121269248,2143289344,2136997888,2124414976,2129657856,2145386496,2143289344,2125463552,2131492864,2135949312,2628607024
2129657856,2141192192,2138046464,2122317824,2130706432,2148532224,2146435072,2129657856,2132803584,2138832896,2628623025
2139095040,2140143616,2140143616,2123366400,2131755008,2149580800,2147483648,2130706432,2135687168,2139881472,2628639024
2123366400,2149580800,2147483648,2132803584,2130706432,2148532224,2146435072,2128609280,2138308608,2138570752,2628655024
2131755008,2156920832,2150629376,2131755008,2128609280,2147483648,2144337920,2126512128,2142765056,2136735744,2628671045
2127560704,2138046464,2134900736,2121269248,2128609280,2145386496,2142240768,2123366400,2130444288,2134900736,2628687045
2123366400,2156920832,2153775104,2133852160,2128609280,2145386496,2143289344,2124414976,2141978624,2135425024,2628703047
2122317824,2160066560,2153775104,2135949312,2130706432,2147483648,2145386496,2127560704,2143027200,2137784320,2628719046
2123366400,2151677952,2159017984,2134900736,2131755008,2148532224,2147483648,2129657856,2142240768,2139357184,2628735066
2138046464,2145386496,2140143616,2123366400,2130706432,2150629376,2147483648,2129657856,2136735744,2139619328,2628751066
2134900736,2141192192,2141192192,2121269248,2130706432,2146435072,2144337920,2127560704,2134638592,2137260032,2628767066
2133852160,2135949312,2134900736,2117074944,2128609280,2145386496,2143289344,2123366400,2130444288,2135162880,2628783066
2126512128,2152726528,2153775104,2125463552,2127560704,2145386496,2143289344,2124414976,2139619328,2135162880,2628799088
2133852160,2138046464,2138046464,2120220672,2129657856,2147483648,2145386496,2127560704,2132541440,2137522176,2628815087
2126512128,2160066560,2157969408,2139095040,2131755008,2149580800,2147483648,2130706432,2145910784,2139881472,2628831087
2126512128,2164260864,2160066560,2138046464,2131755008,2149580800,2146435072,2129657856,2147221504,2139357184,2628847089
2139095040,2153775104,2150629376,2133852160,2129657856,2147483648,2145386496,2127560704,2144337920,2137522176,2628863109
2122317824,2143289344,2143289344,2122317824,2128609280,2146435072,2144337920,2124414976,2132803584,2135949312,2628879107
2125463552,2155872256,2154823680,2135949312,2128609280,2146435072,2143289344,2124414976,2143027200,2135687168,2628896001
2133852160,2141192192,2136997888,2122317824,2128609280,2148532224,2144337920,2127560704,2133590016,2137260032,2628912001
2124414976,2143289344,2139095040,2125463552,2130706432,2149580800,2147483648,2130706432,2133065728,2139619328,2628928001
2131755008,2159017984,2153775104,2134900736,2131755008,2149580800,2146435072,2130706432,2144862208,2139619328,2628944001
2130706432,2156920832,2157969408,2133852160,2130706432,2148532224,2145386496,2129657856,2144862208,2138570752,2628960023
2127560704,2157969408,2156920832,2130706432,2128609280,2146435072,2143289344,2124414976,2143289344,2135687168,2628976025
2120220672,2155872256,2151677952,2136997888,2127560704,2145386496,2143289344,2124414976,2141192192,2135162880,2628992025
2124414976,2154823680,2152726528,2133852160,2128609280,2146435072,2144337920,2126512128,2141454336,2136473600,2629008023
2138046464,2143289344,2139095040,2122317824,2131755008,2147483648,2146435072,2127560704,2135687168,2138308608,2629024045
2131755008,2157969408,2159017984,2135949312,2131755008,2149580800,2147483648,2130706432,2146172928,2139881472,2629040046
2136997888,2152726528,2146435072,2125463552,2130706432,2148532224,2146435072,2129657856,2140405760,2138832896,2629056044
2131755008,2154823680,2149580800,2126512128,2128609280,2146435072,2144337920,2125463552,2140667904,2136211456,2629072045
2125463552,2156920832,2160066560,2135949312,2128609280,2145386496,2142240768,2123366400,2144600064,2134900736,2629088067
2122317824,2160066560,2155872256,2134900736,2127560704,2146435072,2143289344,2125463552,2143289344,2135687168,2629104067
2138046464,2143289344,2145386496,2120220672,2130706432,2147483648,2145386496,2127560704,2136735744,2137784320,2629120067
2135949312,2143289344,2139095040,2126512128,2131755008,2149580800,2147483648,2130706432,2136211456,2139881472,2629136068
2132803584,2142240768,2140143616,2124414976,2130706432,2148532224,2146435072,2129657856,2134900736,2138832896,2629152088
2124414976,2160066560,2160066560,2139095040,2128609280,2147483648,2145386496,2126512128,2145910784,2136997888,2629168087
2140143616,2151677952,2138046464,2124414976,2128609280,2145386496,2142240768,2124414976,2138570752,2135162880,2629184088
2130706432,2146435072,2146435072,2120220672,2128609280,2145386496,2143289344,2124414976,2135949312,2135425024,2629200085
2124414976,2147483648,2138046464,2130706432,2129657856,2147483648,2145386496,2128609280,2135162880,2137784320,2629216108
2134900736,2154823680,2159017984,2133852160,2131755008,2150629376,2147483648,2130706432,2145648640,2140143616,2629233001
2142240768,2142240768,2146435072,2124414976,2131755008,2149580800,2148532224,2130706432,2138832896,2140143616,2629249001
2126512128,2157969408,2159017984,2141192192,2129657856,2147483648,2145386496,2128609280,2146172928,2137784320,2629265001
2129657856,2138046464,2136997888,2119172096,2128609280,2144337920,2143289344,2123366400,2130968576,2134900736,2629281001
2123366400,2141192192,2139095040,2122317824,2128609280,2145386496,2142240768,2124414976,2131492864,2135162880,2629297023
2136997888,2150629376,2146435072,2125463552,2129657856,2147483648,2144337920,2127560704,2139881472,2137260032,2629313024
2123366400,2147483648,2151677952,2126512128,2131755008,2149580800,2147483648,2129657856,2137260032,2139619328,2629329022
2124414976,2154823680,2156920832,2141192192,2131755008,2149580800,2148532224,2130706432,2144337920,2140143616,2629345023
2131755008,2157969408,2154823680,2138046464,2130706432,2148532224,2146435072,2128609280,2145648640,2138570752,2629361046
2140143616,2146435072,2142240768,2125463552,2127560704,2146435072,2144337920,2125463552,2138570752,2135949312,2629377046
2120220672,2155872256,2145386496,2139095040,2127560704,2145386496,2142240768,2124414976,2140143616,2134900736,2629393046
2135949312,2138046464,2135949312,2117074944,2129657856,2146435072,2143289344,2125463552,2131755008,2136211456,2629409045
2138046464,2142240768,2149580800,2124414976,2131755008,2149580800,2146435072,2129657856,2138570752,2139357184,2629425068
2145386496,2142240768,2140143616,2121269248,2130706432,2150629376,2147483648,2130706432,2137260032,2139881472,2629441068
2141192192,2146435072,2146435072,2124414976,2131755008,2148532224,2146435072,2128609280,2139619328,2138832896,2629457065
2143289344,2150629376,2139095040,2129657856,2128609280,2146435072,2144337920,2126512128,2140667904,2136473600,2629473067
2130706432,2151677952,2150629376,2121269248,2128609280,2145386496,2142240768,2124414976,2138570752,2135162880,2629489089
2122317824,2142240768,2148532224,2129657856,2129657856,2146435072,2143289344,2125463552,2135687168,2136211456,2629505089
2133852160,2154823680,2151677952,2132803584,2130706432,2148532224,2145386496,2129657856,2143289344,2138570752,2629521087
2134900736,2141192192,2141192192,2122317824,2131755008,2150629376,2147483648,2130706432,2134900736,2140143616,2629537087
2127560704,2142240768,2142240768,2125463552,2130706432,2149580800,2146435072,2129657856,2134376448,2139095040,2629553107
2133852160,2140143616,2140143616,2121269248,2129657856,2146435072,2145386496,2125463552,2133852160,2136735744,2629569111
2125463552,2138046464,2139095040,2119172096,2127560704,2145386496,2142240768,2124414976,2130444288,2134900736,2629586001
2128609280,2155872256,2148532224,2129657856,2128609280,2146435072,2143289344,2125463552,2140667904,2135949312,2629602001
2121269248,2153775104,2141192192,2139095040,2130706432,2148532224,2145386496,2128609280,2138832896,2138308608,2629618001
2124414976,2147483648,2150629376,2130706432,2132803584,2149580800,2146435072,2129657856,2138308608,2139619328,2629634024
2141192192,2142240768,2146435072,2124414976,2131755008,2149580800,2146435072,2130706432,2138570752,2139619328,2629650023
2135949312,2155872256,2152726528,2133852160,2129657856,2147483648,2144337920,2127560704,2144600064,2137260032,2629666025
2129657856,2136997888,2140143616,2118123520,2127560704,2145386496,2142240768,2124414976,2131230720,2134900736,2629682023
2120220672,2154823680,2147483648,2138046464,2128609280,2145386496,2143289344,2124414976,2140143616,2135425024,2629698045
2138046464,2150629376,2135949312,2125463552,2128609280,2147483648,2145386496,2127560704,2137522176,2137260032,2629714044
2139095040,2156920832,2146435072,2130706432,2130706432,2150629376,2147483648,2129657856,2143289344,2139619328,2629730046
2125463552,2145386496,2145386496,2129657856,2131755008,2149580800,2146435072,2130706432,2136473600,2139619328,2629746045
2126512128,2159017984,2156920832,2138046464,2130706432,2148532224,2145386496,2127560704,2145124352,2138046464,2629762068
2136997888,2139095040,2136997888,2117074944,2128609280,2145386496,2143289344,2124414976,2132541440,2135425024,2629778065
2120220672,2141192192,2136997888,2123366400,2128609280,2145386496,2142240768,2124414976,2130444288,2135162880,2629794066
2142240768,2140143616,2138046464,2118123520,2128609280,2147483648,2145386496,2126512128,2134638592,2136997888,2629810067
2135949312,2151677952,2149580800,2129657856,2131755008,2148532224,2146435072,2128609280,2141716480,2138832896,2629826087
2142240768,2146435072,2142240768,2126512128,2132803584,2148532224,2146435072,2129657856,2139357184,2139357184,2629842085
2133852160,2144337920,2139095040,2124414976,2130706432,2147483648,2146435072,2128609280,2135425024,2138308608,2629858088
2126512128,2157969408,2157969408,2134900736,2128609280,2146435072,2144337920,2125463552,2144337920,2136211456,2629874087
2132803584,2136997888,2135949312,2113929216,2128609280,2145386496,2142240768,2123366400,2129920000,2134900736,2629890109
2123366400,2141192192,2135949312,2124414976,2128609280,2147483648,2144337920,2126512128,2131230720,2136735744,2629906108
2125463552,2157969408,2159017984,2131755008,2129657856,2149580800,2146435072,2129657856,2143551488,2138832896,2629923001
2131755008,2142240768,2143289344,2126512128,2131755008,2150629376,2148532224,2131755008,2135949312,2140667904,2629939001
2125463552,2161115136,2156920832,2142240768,2130706432,2149580800,2146435072,2129657856,2146435072,2139095040,2629955001
2126512128,2162163712,2157969408,2135949312,2128609280,2146435072,2145386496,2125463552,2145648640,2136473600,2629971001
2133852160,2138046464,2135949312,2117074944,2127560704,2145386496,2143289344,2124414976,2131230720,2135162880,2629987025
2130706432,2138046464,2138046464,2118123520,2128609280,2145386496,2143289344,2125463552,2131230720,2135687168,2630003025
2121269248,2151677952,2140143616,2139095040,2130706432,2147483648,2145386496,2128609280,2138046464,2138046464,2630019024
2126512128,2145386496,2141192192,2128609280,2131755008,2149580800,2147483648,2130706432,2135425024,2139881472,2630035022
2140143616,2143289344,2141192192,2122317824,2131755008,2149580800,2147483648,2128609280,2136735744,2139357184,2630051044
2121269248,2156920832,2144337920,2142240768,2129657856,2147483648,2144337920,2126512128,2141192192,2136997888,2630067046
2120220672,2151677952,2140143616,2136997888,2127560704,2145386496,2143289344,2124414976,2137260032,2135162880,2630083046
2133852160,2139095040,2136997888,2116026368,2128609280,2145386496,2143289344,2124414976,2131492864,2135425024,2630099044
2122317824,2140143616,2136997888,2122317824,2129657856,2147483648,2145386496,2127560704,2130444288,2137522176,2630115067
2122317824,2162163712,2147483648,2143289344,2131755008,2148532224,2148532224,2128609280,2143813632,2139357184,2630131067
2135949312,2146435072,2152726528,2126512128,2131755008,2149580800,2147483648,2129657856,2140405760,2139619328,2630147068
2129657856,2161115136,2156920832,2136997888,2129657856,2147483648,2144337920,2127560704,2146172928,2137260032,2630163066
2131755008,2160066560,2149580800,2132803584,2127560704,2146435072,2142240768,2125463552,2143551488,2135425024,2630179087
2134900736,2146435072,2149580800,2120220672,2127560704,2145386496,2142240768,2124414976,2137784320,2134900736,2630195087
2132803584,2150629376,2146435072,2125463552,2130706432,2146435072,2143289344,2125463552,2138832896,2136473600,2630211089
2128609280,2144337920,2139095040,2124414976,2130706432,2148532224,2147483648,2129657856,2134114304,2139095040,2630227085
2138046464,2140143616,2140143616,2121269248,2131755008,2149580800,2146435072,2130706432,2134900736,2139619328,2630243109
2132803584,2141192192,2140143616,2124414976,2129657856,2148532224,2145386496,2128609280,2134638592,2138046464,2630260001
2123366400,2151677952,2155872256,2134900736,2128609280,2145386496,2143289344,2124414976,2141454336,2135425024,2630276001
2138046464,2138046464,2133852160,2116026368,2127560704,2145386496,2142240768,2123366400,2131492864,2134638592,2630292000
2124414976,2147483648,2154823680,2130706432,2128609280,2147483648,2144337920,2126512128,2139357184,2136735744,2630308001
2124414976,2143289344,2139095040,2124414976,2130706432,2147483648,2146435072,2128609280,2132803584,2138308608,2630324022
2130706432,2159017984,2156920832,2136997888,2131755008,2149580800,2148532224,2130706432,2145910784,2140143616,2630340024
2141192192,2154823680,2141192192,2126512128,2129657856,2149580800,2146435072,2129657856,2140930048,2138832896,2630356023
2127560704,2138046464,2144337920,2121269248,2128609280,2146435072,2144337920,2125463552,2132803584,2136211456,2630372024
2133852160,2144337920,2136997888,2117074944,2127560704,2145386496,2142240768,2124414976,2133065728,2134900736,2630388045
2121269248,2140143616,2135949312,2121269248,2128609280,2146435072,2143289344,2124414976,2129657856,2135687168,2630404045
2138046464,2152726528,2142240768,2127560704,2129657856,2148532224,2145386496,2128609280,2140143616,2138046464,2630420045
2124414976,2145386496,2149580800,2126512128,2131755008,2150629376,2148532224,2131755008,2136473600,2140667904,2630436047
2136997888,2143289344,2152726528,2123366400,2130706432,2149580800,2147483648,2129657856,2139095040,2139357184,2630452067
2135949312,2139095040,2136997888,2119172096,2129657856,2147483648,2145386496,2127560704,2132803584,2137522176,2630468067
2129657856,2138046464,2133852160,2120220672,2128609280,2144337920,2142240768,2123366400,2130444288,2134638592,2630484065
2138046464,2140143616,2134900736,2117074944,2127560704,2146435072,2143289344,2124414976,2132541440,2135425024,2630500067
2125463552,2140143616,2138046464,2121269248,2130706432,2147483648,2145386496,2126512128,2131230720,2137522176,2630516088
2123366400,2148532224,2147483648,2131755008,2132803584,2148532224,2147483648,2129657856,2137784320,2139619328,2630532088
2138046464,2142240768,2140143616,2123366400,2131755008,2149580800,2147483648,2130706432,2135949312,2139881472,2630548085
2128609280,2155872256,2157969408,2134900736,2129657856,2147483648,2146435072,2127560704,2144337920,2137784320,2630564087
2120220672,2155872256,2142240768,2139095040,2127560704,2145386496,2143289344,2124414976,2139357184,2135162880,2630580110
2138046464,2146435072,2135949312,2118123520,2127560704,2145386496,2142240768,2124414976,2134638592,2134900736,2630596109
2122317824,2147483648,2147483648,2130706432,2129657856,2147483648,2144337920,2127560704,2136997888,2137260032,2630613001
2142240768,2151677952,2138046464,2122317824,2132803584,2148532224,2146435072,2128609280,2138570752,2139095040,2630629001
2125463552,2143289344,2141192192,2125463552,2131755008,2148532224,2146435072,2129657856,2133852160,2139095040,2630645001
2124414976,2147483648,2151677952,2132803584,2129657856,2148532224,2146435072,2128609280,2139095040,2138308608,2630661023
2138046464,2140143616,2138046464,2120220672,2128609280,2146435072,2143289344,2125463552,2134114304,2135949312,2630677025
2140143616,2138046464,2138046464,2118123520,2128609280,2144337920,2142240768,2123366400,2133590016,2134638592,2630693023
2125463552,2157969408,2156920832,2130706432,2128609280,2146435072,2144337920,2126512128,2142765056,2136473600,2630709024
2122317824,2153775104,2153775104,2136997888,2130706432,2149580800,2147483648,2129657856,2141716480,2139357184,2630725047
2139095040,2146435072,2146435072,2126512128,2131755008,2149580800,2147483648,2129657856,2139619328,2139619328,2630741044
2139095040,2143289344,2142240768,2122317824,2130706432,2148532224,2146435072,2127560704,2136735744,2138308608,2630757047
2135949312,2141192192,2138046464,2119172096,2129657856,2145386496,2144337920,2124414976,2133590016,2135949312,2630773046
2135949312,2136997888,2135949312,2114977792,2127560704,2145386496,2142240768,2123366400,2130968576,2134638592,2630789067
2120220672,2157969408,2155872256,2131755008,2128609280,2147483648,2144337920,2125463552,2141454336,2136473600,2630805067
2138046464,2142240768,2146435072,2125463552,2130706432,2147483648,2146435072,2128609280,2138046464,2138308608,2630821066
2124414976,2149580800,2145386496,2134900736,2131755008,2149580800,2147483648,2130706432,2138570752,2139881472,2630837067
2136997888,2156920832,2153775104,2135949312,2131755008,2149580800,2147483648,2129657856,2145910784,2139619328,2630853087
2126512128,2156920832,2159017984,2138046464,2129657856,2147483648,2144337920,2126512128,2145124352,2136997888,2630869085
2129657856,2140143616,2140143616,2119172096,2127560704,2145386496,2142240768,2123366400,2132279296,2134638592,2630885090
2133852160,2135949312,2133852160,2117074944,2128609280,2145386496,2143289344,2124414976,2130182144,2135425024,2630901087
2122317824,2149580800,2143289344,2129657856,2129657856,2148532224,2145386496,2128609280,2136211456,2138046464,2630917110
2125463552,2157969408,2157969408,2143289344,2131755008,2149580800,2147483648,2130706432,2146172928,2139881472,2630933108
2125463552,2147483648,2147483648,2130706432,2131755008,2149580800,2147483648,2129657856,2137784320,2139619328,2630950001
2130706432,2160066560,2154823680,2135949312,2129657856,2148532224,2145386496,2127560704,2145386496,2137784320,2630966001
2121269248,2152726528,2147483648,2135949312,2127560704,2145386496,2142240768,2124414976,2139357184,2134900736,2630982001
2133852160,2139095040,2133852160,2116026368,2128609280,2146435072,2143289344,2124414976,2130706432,2135687168,2630998000
2121269248,2151677952,2142240768,2136997888,2129657856,2148532224,2144337920,2127560704,2138046464,2137522176,2631014024
2122317824,2164260864,2150629376,2143289344,2130706432,2149580800,2147483648,2130706432,2145124352,2139619328,2631030023
2134900736,2154823680,2152726528,2136997888,2131755008,2149580800,2147483648,2129657856,2144862208,2139619328,2631046023
2126512128,2160066560,2156920832,2138046464,2129657856,2148532224,2145386496,2128609280,2145386496,2138046464,2631062023
2121269248,2144337920,2148532224,2126512128,2128609280,2146435072,2143289344,2124414976,2135162880,2135687168,2631078045
2133852160,2139095040,2134900736,2116026368,2127560704,2144337920,2142240768,2123366400,2130968576,2134376448,2631094046
2143289344,2139095040,2138046464,2114977792,2129657856,2146435072,2143289344,2125463552,2133852160,2136211456,2631110045
2126512128,2154823680,2160066560,2138046464,2131755008,2148532224,2146435072,2128609280,2144862208,2138832896,2631126044
2126512128,2144337920,2149580800,2128609280,2132803584,2149580800,2147483648,2129657856,2137260032,2139881472,2631142066
2131755008,2145386496,2143289344,2124414976,2130706432,2148532224,2146435072,2128609280,2136211456,2138570752,2631158068
2121269248,2144337920,2147483648,2127560704,2128609280,2146435072,2144337920,2125463552,2135162880,2136211456,2631174067
2122317824,2148532224,2147483648,2134900736,2127560704,2145386496,2143289344,2124414976,2138308608,2135162880,2631190065
2123366400,2142240768,2151677952,2121269248,2128609280,2146435072,2144337920,2126512128,2134638592,2136473600,2631206088
2141192192,2145386496,2136997888,2122317824,2130706432,2148532224,2145386496,2128609280,2136473600,2138308608,2631222089
2143289344,2152726528,2146435072,2130706432,2131755008,2149580800,2147483648,2129657856,2143289344,2139619328,2631238088
2123366400,2151677952,2150629376,2135949312,2130706432,2149580800,2146435072,2129657856,2140405760,2139095040,2631254087
2123366400,2151677952,2147483648,2136997888,2129657856,2147483648,2144337920,2126512128,2139881472,2136997888,2631270109
2135949312,2147483648,2135949312,2127560704,2127560704,2146435072,2143289344,2124414976,2136735744,2135425024,2631287001
2133852160,2146435072,2135949312,2121269248,2128609280,2145386496,2143289344,2124414976,2134376448,2135425024,2631303001
2140143616,2138046464,2138046464,2120220672,2129657856,2148532224,2146435072,2128609280,2134114304,2138308608,2631319001
2124414976,2149580800,2147483648,2134900736,2131755008,2149580800,2147483648,2130706432,2139095040,2139881472,2631335001
2143289344,2144337920,2144337920,2126512128,2131755008,2149580800,2147483648,2130706432,2139619328,2139881472,2631351023
2145386496,2139095040,2138046464,2119172096,2129657856,2146435072,2144337920,2126512128,2135425024,2136735744,2631367022
2141192192,2141192192,2138046464,2116026368,2127560704,2145386496,2143289344,2124414976,2134114304,2135162880,2631383023
2135949312,2135949312,2135949312,2117074944,2128609280,2145386496,2143289344,2124414976,2131230720,2135425024,2631399023
2124414976,2162163712,2156920832,2136997888,2129657856,2147483648,2144337920,2127560704,2145124352,2137260032,2631415047
2134900736,2152726528,2146435072,2125463552,2131755008,2149580800,2147483648,2129657856,2139881472,2139619328,2631431044
2139095040,2146435072,2152726528,2127560704,2130706432,2149580800,2147483648,2130706432,2141454336,2139619328,2631447046
2125463552,2155872256,2151677952,2139095040,2129657856,2147483648,2146435072,2128609280,2143027200,2138046464,2631463045
2125463552,2143289344,2140143616,2122317824,2127560704,2146435072,2143289344,2125463552,2132803584,2135687168,2631479068
2134900736,2149580800,2142240768,2125463552,2127560704,2145386496,2142240768,2123366400,2138046464,2134638592,2631495068
2123366400,2143289344,2147483648,2123366400,2129657856,2146435072,2144337920,2126512128,2134376448,2136735744,2631511065
2124414976,2142240768,2142240768,2128609280,2130706432,2149580800,2146435072,2129657856,2134376448,2139095040,2631527066
2138046464,2146435072,2140143616,2124414976,2131755008,2149580800,2148532224,2130706432,2137260032,2140143616,2631543088
2134900736,2141192192,2141192192,2124414976,2130706432,2147483648,2145386496,2128609280,2135425024,2138046464,2631559088
2124414976,2145386496,2140143616,2128609280,2128609280,2146435072,2143289344,2125463552,2134638592,2135949312,2631575089
2123366400,2143289344,2135949312,2122317824,2127560704,2145386496,2141192192,2123366400,2131230720,2134376448,2631591089
2120220672,2152726528,2150629376,2135949312,2128609280,2146435072,2144337920,2125463552,2139881472,2136211456,2631607110
2136997888,2154823680,2149580800,2132803584,2129657856,2149580800,2146435072,2128609280,2143551488,2138570752,2631623108
2135949312,2140143616,2143289344,2121269248,2131755008,2149580800,2146435072,2130706432,2135162880,2139619328,2631640001
2128609280,2164260864,2162163712,2140143616,2130706432,2148532224,2146435072,2128609280,2148794368,2138570752,2631656001
2122317824,2164260864,2152726528,2139095040,2128609280,2146435072,2144337920,2126512128,2144600064,2136473600,2631672001
2142240768,2136997888,2136997888,2114977792,2128609280,2145386496,2142240768,2123366400,2132803584,2134900736,2631688022
2129657856,2138046464,2135949312,2123366400,2127560704,2147483648,2144337920,2126512128,2131755008,2136473600,2631704024
2128609280,2154823680,2155872256,2132803584,2130706432,2147483648,2146435072,2127560704,2143027200,2138046464,2631720023
2144337920,2139095040,2141192192,2119172096,2131755008,2150629376,2147483648,2130706432,2135949312,2140143616,2631736022
2126512128,2155872256,2164260864,2134900736,2131755008,2148532224,2147483648,2129657856,2145386496,2139357184,2631752044
2134900736,2154823680,2153775104,2130706432,2129657856,2147483648,2144337920,2125463552,2143551488,2136735744,2631768044
2124414976,2157969408,2155872256,2139095040,2128609280,2145386496,2143289344,2124414976,2144337920,2135425024,2631784047
2132803584,2138046464,2135949312,2118123520,2128609280,2145386496,2143289344,2124414976,2131230720,2135425024,2631800046
2132803584,2145386496,2139095040,2122317824,2129657856,2147483648,2145386496,2127560704,2134900736,2137522176,2631816068
2140143616,2143289344,2141192192,2124414976,2131755008,2149580800,2147483648,2130706432,2137260032,2139881472,2631832066
2135949312,2142240768,2142240768,2124414976,2132803584,2148532224,2147483648,2129657856,2136211456,2139619328,2631848066
2134900736,2141192192,2139095040,2123366400,2129657856,2147483648,2145386496,2127560704,2134638592,2137522176,2631864066
2121269248,2143289344,2139095040,2122317824,2128609280,2146435072,2143289344,2124414976,2131492864,2135687168,2631880089
2140143616,2141192192,2138046464,2117074944,2128609280,2145386496,2142240768,2124414976,2134114304,2135162880,2631896087
2132803584,2138046464,2139095040,2117074944,2129657856,2147483648,2144337920,2127560704,2131755008,2137260032,2631912087
2141192192,2140143616,2140143616,2124414976,2131755008,2148532224,2147483648,2129657856,2136473600,2139357184,2631928089
2130706432,2159017984,2159017984,2140143616,2131755008,2150629376,2147483648,2131755008,2147221504,2140405760,2631944109
2142240768,2150629376,2140143616,2123366400,2130706432,2147483648,2144337920,2127560704,2139095040,2137522176,2631960106
2139095040,2142240768,2146435072,2118123520,2128609280,2147483648,2144337920,2125463552,2136473600,2136473600,2631977001
2120220672,2147483648,2151677952,2124414976,2127560704,2145386496,2142240768,2123366400,2135949312,2134638592,2631993001
2125463552,2154823680,2153775104,2127560704,2129657856,2146435072,2144337920,2125463552,2140405760,2136473600,2632009001
2126512128,2162163712,2157969408,2133852160,2130706432,2148532224,2146435072,2128609280,2145124352,2138570752,2632025001
2144337920,2140143616,2140143616,2121269248,2131755008,2150629376,2147483648,2131755008,2136473600,2140405760,2632041024
2133852160,2140143616,2141192192,2122317824,2130706432,2148532224,2145386496,2128609280,2134376448,2138308608,2632057023
2139095040,2151677952,2146435072,2125463552,2128609280,2146435072,2143289344,2125463552,2140667904,2135949312,2632073026
2130706432,2151677952,2151677952,2127560704,2127560704,2145386496,2143289344,2124414976,2140405760,2135162880,2632089023
2141192192,2138046464,2138046464,2118123520,2129657856,2145386496,2142240768,2124414976,2133852160,2135425024,2632105044
2142240768,2142240768,2140143616,2120220672,2130706432,2147483648,2145386496,2127560704,2136211456,2137784320,2632121045
2125463552,2161115136,2160066560,2138046464,2131755008,2149580800,2147483648,2130706432,2146172928,2139881472,2632137046
2125463552,2153775104,2150629376,2139095040,2130706432,2149580800,2146435072,2129657856,2142240768,2139095040,2632153044
2124414976,2149580800,2143289344,2131755008,2129657856,2146435072,2144337920,2126512128,2137260032,2136735744,2632169067
2122317824,2143289344,2144337920,2128609280,2127560704,2145386496,2142240768,2124414976,2134638592,2134900736,2632185066
2119172096,2150629376,2148532224,2133852160,2128609280,2145386496,2143289344,2123366400,2138046464,2135162880,2632201066
2138046464,2138046464,2136997888,2120220672,2130706432,2147483648,2145386496,2127560704,2133327872,2137784320,2632217065
2126512128,2156920832,2156920832,2140143616,2131755008,2150629376,2147483648,2130706432,2145124352,2140143616,2632233088
2140143616,2143289344,2140143616,2122317824,2132803584,2149580800,2147483648,2129657856,2136473600,2139881472,2632249088
2126512128,2142240768,2141192192,2125463552,2129657856,2148532224,2145386496,2127560704,2133852160,2137784320,2632265089
2132803584,2150629376,2150629376,2133852160,2128609280,2146435072,2142240768,2124414976,2141978624,2135425024,2632281087
2129657856,2141192192,2144337920,2117074944,2128609280,2145386496,2142240768,2123366400,2133065728,2134900736,2632297109
2122317824,2145386496,2150629376,2128609280,2129657856,2147483648,2145386496,2126512128,2136735744,2137260032,2632314001
2127560704,2155872256,2153775104,2131755008,2131755008,2149580800,2146435072,2129657856,2142240768,2139357184,2632330001
2125463552,2159017984,2160066560,2142240768,2132803584,2148532224,2147483648,2130706432,2146697216,2139881472,2632346001
2123366400,2166358016,2152726528,2143289344,2129657856,2148532224,2145386496,2127560704,2146435072,2137784320,2632362001
2132803584,2138046464,2138046464,2120220672,2127560704,2145386496,2142240768,2125463552,2132279296,2135162880,2632378023
2129657856,2139095040,2143289344,2117074944,2127560704,2146435072,2142240768,2124414976,2132279296,2135162880,2632394022
2123366400,2140143616,2135949312,2123366400,2128609280,2147483648,2144337920,2126512128,2130706432,2136735744,2632410024
2139095040,2145386496,2144337920,2124414976,2130706432,2148532224,2146435072,2129657856,2138308608,2138832896,2632426024
2127560704,2159017984,2160066560,2138046464,2131755008,2149580800,2147483648,2131755008,2146172928,2140143616,2632442046
2125463552,2147483648,2160066560,2130706432,2130706432,2148532224,2146435072,2128609280,2140930048,2138570752,2632458046
2139095040,2141192192,2136997888,2122317824,2129657856,2145386496,2143289344,2124414976,2134900736,2135687168,2632474044
2121269248,2147483648,2135949312,2130706432,2127560704,2146435072,2142240768,2125463552,2133852160,2135425024,2632490045
2125463552,2157969408,2157969408,2134900736,2129657856,2146435072,2143289344,2125463552,2144075776,2136211456,2632506067
2136997888,2141192192,2140143616,2119172096,2131755008,2148532224,2145386496,2128609280,2134376448,2138570752,2632522067
2123366400,2147483648,2142240768,2131755008,2132803584,2150629376,2147483648,2130706432,2136211456,2140405760,2632538064
2125463552,2157969408,2148532224,2145386496,2130706432,2148532224,2146435072,2129657856,2144337920,2138832896,2632554066
2131755008,2142240768,2141192192,2122317824,2129657856,2147483648,2144337920,2126512128,2134376448,2136997888,2632570088
2136997888,2136997888,2135949312,2114977792,2127560704,2145386496,2141192192,2123366400,2131230720,2134376448,2632586089
2122317824,2160066560,2150629376,2134900736,2128609280,2145386496,2143289344,2125463552,2141978624,2135687168,2632602088
2126512128,2145386496,2143289344,2124414976,2130706432,2147483648,2145386496,2127560704,2134900736,2137784320,2632618088
2142240768,2142240768,2146435072,2124414976,2131755008,2149580800,2147483648,2130706432,2138832896,2139881472,2632634109
2130706432,2161115136,2153775104,2135949312,2131755008,2149580800,2146435072,2129657856,2145386496,2139357184,2632650109
2123366400,2160066560,2152726528,2140143616,2129657856,2147483648,2144337920,2126512128,2144075776,2136997888,2632667001
2136997888,2153775104,2150629376,2124414976,2127560704,2145386496,2142240768,2124414976,2141454336,2134900736,2632683001
2125463552,2150629376,2156920832,2128609280,2128609280,2145386496,2143289344,2124414976,2140405760,2135425024,2632699001
2123366400,2149580800,2143289344,2133852160,2130706432,2146435072,2144337920,2126512128,2137522176,2136997888,2632715024
2139095040,2151677952,2146435072,2129657856,2131755008,2150629376,2146435072,2130706432,2141716480,2139881472,2632731022
2138046464,2143289344,2141192192,2123366400,2131755008,2149580800,2147483648,2130706432,2136473600,2139881472,2632747024
2124414976,2149580800,2143289344,2133852160,2130706432,2147483648,2145386496,2127560704,2137784320,2137784320,2632763023
2125463552,2155872256,2159017984,2131755008,2128609280,2146435072,2143289344,2124414976,2143027200,2135687168,2632779046
2141192192,2140143616,2138046464,2116026368,2128609280,2145386496,2142240768,2124414976,2133852160,2135162880,2632795046
2120220672,2149580800,2143289344,2134900736,2127560704,2148532224,2145386496,2128609280,2136997888,2137522176,2632811046
2129657856,2141192192,2136997888,2121269248,2131755008,2147483648,2146435072,2128609280,2132279296,2138570752,2632827045
2139095040,2144337920,2141192192,2122317824,2131755008,2149580800,2147483648,2130706432,2136735744,2139881472,2632843066
2141192192,2146435072,2146435072,2124414976,2130706432,2148532224,2146435072,2128609280,2139619328,2138570752,2632859067
2123366400,2162163712,2153775104,2142240768,2128609280,2146435072,2143289344,2126512128,2145386496,2136211456,2632875067
2126512128,2141192192,2136997888,2122317824,2128609280,2144337920,2142240768,2123366400,2131755008,2134638592,2632891066
2122317824,2162163712,2155872256,2136997888,2128609280,2147483648,2144337920,2126512128,2144337920,2136735744,2632907089
2127560704,2142240768,2140143616,2121269248,2130706432,2148532224,2146435072,2129657856,2132803584,2138832896,2632923087
2138046464,2146435072,2154823680,2125463552,2131755008,2149580800,2148532224,2130706432,2141192192,2140143616,2632939089
2123366400,2153775104,2150629376,2138046464,2130706432,2149580800,2147483648,2129657856,2141454336,2139357184,2632955089
2122317824,2147483648,2149580800,2130706432,2128609280,2147483648,2144337920,2126512128,2137522176,2136735744,2632971110
2124414976,2160066560,2159017984,2130706432,2127560704,2146435072,2143289344,2124414976,2143551488,2135425024,2632987108
2126512128,2153775104,2154823680,2129657856,2128609280,2146435072,2143289344,2125463552,2141192192,2135949312,2633004001
2127560704,2160066560,2155872256,2135949312,2130706432,2147483648,2145386496,2127560704,2144862208,2137784320,2633020001
2125463552,2155872256,2156920832,2139095040,2130706432,2150629376,2148532224,2130706432,2144337920,2140143616,2633036001
2145386496,2143289344,2144337920,2122317824,2130706432,2149580800,2147483648,2129657856,2138832896,2139357184,2633052001
2133852160,2140143616,2139095040,2121269248,2129657856,2146435072,2145386496,2126512128,2133590016,2136997888,2633068023
2124414976,2160066560,2157969408,2131755008,2127560704,2145386496,2143289344,2124414976,2143551488,2135162880,2633084023
2143289344,2138046464,2136997888,2116026368,2129657856,2145386496,2142240768,2124414976,2133590016,2135425024,2633100023
2125463552,2162163712,2157969408,2130706432,2130706432,2148532224,2145386496,2127560704,2144075776,2138046464,2633116025
2129657856,2143289344,2139095040,2124414976,2131755008,2149580800,2147483648,2129657856,2134114304,2139619328,2633132047
2126512128,2147483648,2149580800,2131755008,2132803584,2148532224,2147483648,2130706432,2138832896,2139881472,2633148047
2134900736,2146435072,2152726528,2124414976,2129657856,2148532224,2146435072,2127560704,2139619328,2138046464,2633164046
2140143616,2138046464,2144337920,2120220672,2127560704,2146435072,2143289344,2125463552,2135687168,2135687168,2633180044
2129657856,2138046464,2134900736,2120220672,2128609280,2145386496,2142240768,2124414976,2130706432,2135162880,2633196067
2143289344,2140143616,2140143616,2118123520,2129657856,2147483648,2144337920,2126512128,2135425024,2136997888,2633212067
2140143616,2143289344,2142240768,2122317824,2130706432,2149580800,2146435072,2130706432,2136997888,2139357184,2633228066
2143289344,2152726528,2141192192,2132803584,2131755008,2149580800,2147483648,2129657856,2142502912,2139619328,2633244065
2141192192,2142240768,2141192192,2121269248,2130706432,2148532224,2145386496,2127560704,2136473600,2138046464,2633260088
2133852160,2155872256,2146435072,2130706432,2128609280,2145386496,2142240768,2124414976,2141716480,2135162880,2633276089
2136997888,2140143616,2134900736,2118123520,2127560704,2145386496,2142240768,2124414976,2132541440,2134900736,2633292087
2125463552,2160066560,2154823680,2136997888,2129657856,2146435072,2144337920,2125463552,2144337920,2136473600,2633308088
2139095040,2143289344,2140143616,2120220672,2130706432,2149580800,2147483648,2128609280,2135687168,2139095040,2633324108
2126512128,2153775104,2157969408,2141192192,2131755008,2149580800,2147483648,2130706432,2144862208,2139881472,2633341001
2135949312,2143289344,2140143616,2122317824,2130706432,2149580800,2146435072,2129657856,2135425024,2139095040,2633357001
2123366400,2162163712,2152726528,2143289344,2128609280,2147483648,2144337920,2126512128,2145386496,2136735744,2633373001
2121269248,2147483648,2140143616,2130706432,2127560704,2146435072,2143289344,2124414976,2134900736,2135425024,2633389001
2123366400,2141192192,2136997888,2122317824,2128609280,2146435072,2143289344,2125463552,2130968576,2135949312,2633405023
2129657856,2140143616,2138046464,2121269248,2130706432,2149580800,2145386496,2129657856,2132279296,2138832896,2633421023
2145386496,2141192192,2141192192,2122317824,2131755008,2149580800,2147483648,2130706432,2137522176,2139881472,2633437022
2136997888,2140143616,2140143616,2122317824,2131755008,2149580800,2147483648,2129657856,2134900736,2139619328,2633453024
2124414976,2160066560,2160066560,2140143616,2128609280,2147483648,2144337920,2126512128,2146172928,2136735744,2633469047
2126512128,2141192192,2139095040,2118123520,2128609280,2145386496,2141192192,2123366400,2131230720,2134638592,2633485045
2122317824,2142240768,2148532224,2125463552,2127560704,2146435072,2143289344,2124414976,2134638592,2135425024,2633501044
2127560704,2157969408,2148532224,2135949312,2130706432,2147483648,2144337920,2127560704,2142502912,2137522176,2633517047
2133852160,2160066560,2152726528,2133852160,2131755008,2149580800,2146435072,2130706432,2145124352,2139619328,2633533068
2140143616,2145386496,2140143616,2124414976,2131755008,2149580800,2147483648,2130706432,2137522176,2139881472,2633549066
2138046464,2138046464,2141192192,2120220672,2128609280,2148532224,2145386496,2127560704,2134376448,2137522176,2633565065
2136997888,2139095040,2135949312,2116026368,2128609280,2145386496,2143289344,2123366400,2132017152,2135162880,2633581068
2117074944,2151677952,2143289344,2134900736,2128609280,2146435072,2143289344,2125463552,2136735744,2135949312,2633597087
2122317824,2142240768,2136997888,2125463552,2129657856,2147483648,2144337920,2126512128,2131755008,2136997888,2633613087
2144337920,2141192192,2140143616,2123366400,2131755008,2148532224,2146435072,2128609280,2137260032,2138832896,2633629087
2142240768,2142240768,2146435072,2124414976,2131755008,2149580800,2147483648,2130706432,2138832896,2139881472,2633645088
2126512128,2163212288,2160066560,2134900736,2130706432,2148532224,2145386496,2127560704,2146172928,2138046464,2633661108
2122317824,2150629376,2151677952,2133852160,2128609280,2145386496,2143289344,2124414976,2139619328,2135425024,2633677109
2122317824,2144337920,2138046464,2125463552,2128609280,2145386496,2142240768,2123366400,2132541440,2134900736,2633694001
2132803584,2139095040,2135949312,2119172096,2128609280,2147483648,2144337920,2126512128,2131755008,2136735744,2633710001
2130706432,2152726528,2149580800,2129657856,2130706432,2148532224,2146435072,2129657856,2140667904,2138832896,2633726001
2125463552,2153775104,2149580800,2136997888,2131755008,2148532224,2147483648,2129657856,2141454336,2139357184,2633742023
2123366400,2155872256,2148532224,2143289344,2130706432,2148532224,2146435072,2127560704,2142765056,2138308608,2633758022
2123366400,2160066560,2150629376,2139095040,2129657856,2146435072,2143289344,2125463552,2143289344,2136211456,2633774024
2125463552,2152726528,2155872256,2129657856,2127560704,2145386496,2143289344,2124414976,2140930048,2135162880,2633790023
2124414976,2157969408,2153775104,2134900736,2128609280,2147483648,2143289344,2126512128,2142765056,2136473600,2633806045
2134900736,2150629376,2146435072,2125463552,2129657856,2148532224,2145386496,2128609280,2139357184,2138046464,2633822044
2135949312,2140143616,2141192192,2121269248,2132803584,2149580800,2147483648,2130706432,2134638592,2140143616,2633838045
2138046464,2142240768,2140143616,2124414976,2130706432,2149580800,2146435072,2129657856,2136211456,2139095040,2633854045
2125463552,2142240768,2148532224,2124414976,2129657856,2146435072,2144337920,2125463552,2135162880,2136473600,2633870066
2139095040,2146435072,2140143616,2125463552,2128609280,2145386496,2142240768,2123366400,2137784320,2134900736,2633886065
2135949312,2139095040,2141192192,2117074944,2128609280,2146435072,2143289344,2124414976,2133327872,2135687168,2633902066
2141192192,2138046464,2138046464,2120220672,2130706432,2147483648,2145386496,2128609280,2134376448,2138046464,2633918067
2124414976,2147483648,2155872256,2132803584,2131755008,2149580800,2148532224,2130706432,2140143616,2140143616,2633934089
2139095040,2146435072,2144337920,2126512128,2131755008,2149580800,2147483648,2130706432,2139095040,2139881472,2633950086
2135949312,2146435072,2151677952,2121269248,2130706432,2146435072,2144337920,2126512128,2138832896,2136997888,2633966089
2120220672,2151677952,2147483648,2134900736,2128609280,2146435072,2142240768,2125463552,2138570752,2135687168,2633982088
2122317824,2143289344,2147483648,2124414976,2127560704,2145386496,2143289344,2125463552,2134376448,2135425024,2633998108
2131755008,2145386496,2146435072,2122317824,2130706432,2147483648,2144337920,2127560704,2136473600,2137522176,2634014108
2123366400,2150629376,2145386496,2133852160,2131755008,2149580800,2147483648,2130706432,2138308608,2139881472,2634031001
2126512128,2159017984,2159017984,2140143616,2131755008,2149580800,2147483648,2129657856,2146172928,2139619328,2634047001
2135949312,2143289344,2139095040,2123366400,2130706432,2148532224,2145386496,2127560704,2135425024,2138046464,2634063001
2136997888,2139095040,2135949312,2117074944,2128609280,2146435072,2143289344,2125463552,2132279296,2135949312,2634079001
2132803584,2142240768,2144337920,2121269248,2128609280,2146435072,2142240768,2124414976,2135162880,2135425024,2634095024
2121269248,2142240768,2147483648,2123366400,2128609280,2147483648,2144337920,2126512128,2133590016,2136735744,2634111023
2138046464,2142240768,2138046464,2121269248,2131755008,2149580800,2146435072,2130706432,2134900736,2139619328,2634127023
2131755008,2162163712,2155872256,2136997888,2131755008,2150629376,2148532224,2130706432,2146697216,2140405760,2634143022
2123366400,2151677952,2147483648,2135949312,2130706432,2148532224,2146435072,2128609280,2139619328,2138570752,2634159046
2134900736,2139095040,2139095040,2117074944,2128609280,2146435072,2143289344,2125463552,2132541440,2135949312,2634175045
2123366400,2155872256,2154823680,2133852160,2127560704,2145386496,2142240768,2124414976,2141978624,2134900736,2634191045
2130706432,2154823680,2151677952,2132803584,2129657856,2146435072,2143289344,2125463552,2142502912,2136211456,2634207045
2122317824,2154823680,2153775104,2138046464,2131755008,2148532224,2146435072,2128609280,2142240768,2138832896,2634223068
2138046464,2143289344,2141192192,2124414976,2131755008,2149580800,2147483648,2130706432,2136735744,2139881472,2634239066
2130706432,2161115136,2157969408,2138046464,2131755008,2148532224,2146435072,2129657856,2146959360,2139095040,2634255068
2128609280,2155872256,2151677952,2136997888,2129657856,2146435072,2144337920,2125463552,2143289344,2136473600,2634271066
2135949312,2146435072,2142240768,2119172096,2127560704,2145386496,2142240768,2124414976,2135949312,2134900736,2634287089
2141192192,2138046464,2138046464,2118123520,2128609280,2146435072,2144337920,2125463552,2133852160,2136211456,2634303087
2141192192,2140143616,2141192192,2121269248,2131755008,2146435072,2145386496,2127560704,2135949312,2137784320,2634319086
2132803584,2159017984,2154823680,2145386496,2131755008,2149580800,2146435072,2129657856,2148007936,2139357184,2634335089
2140143616,2150629376,2142240768,2127560704,2131755008,2148532224,2146435072,2128609280,2140143616,2138832896,2634351112
2133852160,2140143616,2140143616,2119172096,2129657856,2147483648,2144337920,2126512128,2133327872,2136997888,2634368001
2121269248,2153775104,2148532224,2136997888,2127560704,2145386496,2142240768,2124414976,2140143616,2134900736,2634384001
2121269248,2147483648,2140143616,2126512128,2128609280,2145386496,2143289344,2124414976,2133852160,2135425024,2634400001
2121269248,2144337920,2142240768,2127560704,2130706432,2147483648,2144337920,2127560704,2133852160,2137522176,2634416001
2128609280,2160066560,2157969408,2138046464,2131755008,2150629376,2147483648,2130706432,2146172928,2140143616,2634432023
2138046464,2143289344,2139095040,2126512128,2130706432,2149580800,2147483648,2130706432,2136735744,2139619328,2634448023
2127560704,2154823680,2157969408,2138046464,2130706432,2147483648,2145386496,2127560704,2144600064,2137784320,2634464022
2122317824,2156920832,2150629376,2139095040,2128609280,2146435072,2143289344,2124414976,2142240768,2135687168,2634480024
2120220672,2162163712,2149580800,2140143616,2128609280,2145386496,2142240768,2124414976,2143027200,2135162880,2634496045
2132803584,2141192192,2135949312,2118123520,2129657856,2147483648,2144337920,2126512128,2132017152,2136997888,2634512046
2134900736,2155872256,2152726528,2129657856,2130706432,2148532224,2147483648,2129657856,2143289344,2139095040,2634528044
2142240768,2150629376,2146435072,2123366400,2131755008,2149580800,2147483648,2130706432,2140667904,2139881472,2634544045
2136997888,2141192192,2140143616,2122317824,2130706432,2148532224,2146435072,2128609280,2135162880,2138570752,2634560068
2122317824,2152726528,2147483648,2135949312,2128609280,2147483648,2143289344,2126512128,2139619328,2136473600,2634576066
2133852160,2154823680,2150629376,2127560704,2127560704,2145386496,2142240768,2123366400,2141716480,2134638592,2634592066
2122317824,2153775104,2154823680,2135949312,2130706432,2147483648,2144337920,2126512128,2141716480,2137260032,2634608066
2136997888,2141192192,2140143616,2122317824,2130706432,2148532224,2146435072,2128609280,2135162880,2138570752,2634624089
2130706432,2159017984,2157969408,2134900736,2131755008,2149580800,2147483648,2130706432,2145648640,2139881472,2634640089
2133852160,2153775104,2154823680,2128609280,2130706432,2148532224,2146435072,2128609280,2142765056,2138570752,2634656086
2143289344,2140143616,2142240768,2119172096,2129657856,2147483648,2144337920,2125463552,2136211456,2136735744,2634672087
2127560704,2141192192,2136997888,2118123520,2127560704,2146435072,2143289344,2124414976,2130968576,2135425024,2634688110
2139095040,2138046464,2133852160,2118123520,2128609280,2146435072,2144337920,2125463552,2132279296,2136211456,2634704108
2123366400,2148532224,2152726528,2132803584,2130706432,2148532224,2146435072,2128609280,2139357184,2138570752,2634721001
2126512128,2148532224,2142240768,2132803584,2130706432,2150629376,2148532224,2131755008,2137522176,2140405760,2634737001
2130706432,2164260864,2152726528,2139095040,2131755008,2149580800,2146435072,2129657856,2146697216,2139357184,2634753001
2123366400,2154823680,2151677952,2140143616,2128609280,2146435072,2144337920,2126512128,2142502912,2136473600,2634769024
2122317824,2143289344,2143289344,2126512128,2127560704,2145386496,2143289344,2124414976,2133852160,2135162880,2634785025
2119172096,2160066560,2147483648,2139095040,2127560704,2145386496,2144337920,2124414976,2141454336,2135425024,2634801022
2139095040,2149580800,2144337920,2127560704,2130706432,2147483648,2145386496,2127560704,2140143616,2137784320,2634817023
2124414976,2151677952,2153775104,2134900736,2131755008,2148532224,2147483648,2129657856,2141192192,2139357184,2634833045
2130706432,2155872256,2154823680,2138046464,2131755008,2149580800,2146435072,2130706432,2144862208,2139619328,2634849044
2129657856,2143289344,2144337920,2122317824,2129657856,2147483648,2145386496,2127560704,2134900736,2137522176,2634865045
2120220672,2151677952,2147483648,2139095040,2128609280,2145386496,2142240768,2124414976,2139619328,2135162880,2634881045
2119172096,2142240768,2136997888,2125463552,2127560704,2145386496,2143289344,2124414976,2130968576,2135162880,2634897069
2124414976,2161115136,2157969408,2134900736,2129657856,2147483648,2145386496,2126512128,2144600064,2137260032,2634913065
2135949312,2154823680,2152726528,2129657856,2131755008,2148532224,2146435072,2128609280,2143289344,2138832896,2634929066
2145386496,2141192192,2142240768,2121269248,2131755008,2149580800,2146435072,2130706432,2137522176,2139619328,2634945067
2127560704,2159017984,2154823680,2138046464,2129657856,2148532224,2145386496,2128609280,2144862208,2138046464,2634961089
2127560704,2160066560,2159017984,2139095040,2128609280,2146435072,2143289344,2125463552,2146435072,2135949312,2634977086
2128609280,2150629376,2152726528,2124414976,2127560704,2145386496,2142240768,2123366400,2139095040,2134638592,2634993088
2120220672,2147483648,2138046464,2126512128,2129657856,2146435072,2143289344,2125463552,2133065728,2136211456,2635009088
2123366400,2147483648,2143289344,2130706432,2131755008,2148532224,2146435072,2129657856,2136211456,2139095040,2635025112
2125463552,2147483648,2143289344,2130706432,2130706432,2149580800,2147483648,2130706432,2136735744,2139619328,2635041106
2122317824,2149580800,2149580800,2130706432,2131755008,2148532224,2145386496,2128609280,2138046464,2138570752,2635058001
2139095040,2150629376,2140143616,2126512128,2129657856,2146435072,2143289344,2125463552,2139095040,2136211456,2635074001
2120220672,2142240768,2141192192,2123366400,2127560704,2145386496,2143289344,2124414976,2131755008,2135162880,2635090001
2130706432,2157969408,2152726528,2130706432,2129657856,2146435072,2143289344,2125463552,2143027200,2136211456,2635106000
2122317824,2165309440,2152726528,2141192192,2130706432,2149580800,2147483648,2129657856,2145386496,2139357184,2635122023
2123366400,2155872256,2147483648,2141192192,2131755008,2149580800,2147483648,2130706432,2141978624,2139881472,2635138023
2122317824,2153775104,2150629376,2136997888,2130706432,2149580800,2146435072,2129657856,2140930048,2139095040,2635154024
2141192192,2139095040,2139095040,2119172096,2129657856,2146435072,2144337920,2126512128,2134638592,2136735744,2635170022
2127560704,2154823680,2149580800,2128609280,2128609280,2146435072,2142240768,2124414976,2140143616,2135425024,2635186045
2133852160,2139095040,2134900736,2114977792,2128609280,2146435072,2143289344,2125463552,2130706432,2135949312,2635202045
2124414976,2156920832,2160066560,2138046464,2130706432,2147483648,2145386496,2127560704,2144862208,2137784320,2635218046
2136997888,2154823680,2154823680,2125463552,2132803584,2148532224,2147483648,2130706432,2143027200,2139881472,2635234045
2126512128,2159017984,2159017984,2141192192,2131755008,2149580800,2146435072,2130706432,2146435072,2139619328,2635250068
2124414976,2159017984,2156920832,2138046464,2128609280,2147483648,2145386496,2126512128,2144600064,2136997888,2635266067
2123366400,2155872256,2157969408,2139095040,2128609280,2145386496,2143289344,2125463552,2144075776,2135687168,2635282067
2135949312,2139095040,2136997888,2116026368,2128609280,2145386496,2142240768,2123366400,2132017152,2134900736,2635298066
2119172096,2160066560,2147483648,2141192192,2129657856,2148532224,2146435072,2127560704,2141978624,2138046464,2635314087
2124414976,2161115136,2155872256,2134900736,2130706432,2149580800,2147483648,2130706432,2144075776,2139619328,2635330087
2125463552,2150629376,2144337920,2134900736,2131755008,2148532224,2146435072,2129657856,2138832896,2139095040,2635346090
2122317824,2149580800,2149580800,2134900736,2130706432,2147483648,2145386496,2127560704,2139095040,2137784320,2635362086
2138046464,2152726528,2144337920,2123366400,2128609280,2145386496,2143289344,2124414976,2139619328,2135425024,2635378109
2136997888,2141192192,2140143616,2116026368,2128609280,2145386496,2142240768,2123366400,2133590016,2134900736,2635395001
2135949312,2139095040,2139095040,2117074944,2129657856,2146435072,2144337920,2125463552,2132803584,2136473600,2635411001
2123366400,2153775104,2151677952,2138046464,2130706432,2148532224,2147483648,2129657856,2141716480,2139095040,2635427001
2125463552,2145386496,2147483648,2129657856,2132803584,2149580800,2147483648,2130706432,2136997888,2140143616,2635443001
2136997888,2142240768,2142240768,2121269248,2130706432,2147483648,2145386496,2128609280,2135687168,2138046464,2635459023
2122317824,2155872256,2148532224,2139095040,2128609280,2145386496,2144337920,2124414976,2141454336,2135687168,2635475024
2130706432,2150629376,2146435072,2129657856,2127560704,2145386496,2143289344,2124414976,2139357184,2135162880,2635491023
2140143616,2138046464,2138046464,2118123520,2129657856,2146435072,2144337920,2125463552,2133590016,2136473600,2635507023
2123366400,2144337920,2149580800,2127560704,2130706432,2148532224,2146435072,2128609280,2136211456,2138570752,2635523047
2132803584,2146435072,2153775104,2126512128,2132803584,2149580800,2147483648,2129657856,2139881472,2139881472,2635539045
2142240768,2144337920,2139095040,2121269248,2131755008,2148532224,2146435072,2128609280,2136735744,2138832896,2635555044
2123366400,2142240768,2140143616,2125463552,2129657856,2145386496,2143289344,2125463552,2132803584,2135949312,2635571047
2124414976,2156920832,2153775104,2133852160,2127560704,2146435072,2143289344,2124414976,2142240768,2135425024,2635587068
2126512128,2154823680,2146435072,2131755008,2128609280,2146435072,2143289344,2126512128,2139881472,2136211456,2635603066
2141192192,2138046464,2139095040,2117074944,2129657856,2147483648,2145386496,2127560704,2133852160,2137522176,2635619065
2125463552,2141192192,2147483648,2126512128,2130706432,2149580800,2147483648,2130706432,2135162880,2139619328,2635635065
2125463552,2147483648,2140143616,2131755008,2130706432,2149580800,2146435072,2129657856,2136211456,2139095040,2635651090
2141192192,2143289344,2138046464,2119172096,2129657856,2147483648,2144337920,2126512128,2135425024,2136997888,2635667087
2129657856,2138046464,2134900736,2119172096,2128609280,2145386496,2142240768,2124414976,2130444288,2135162880,2635683086
2138046464,2145386496,2142240768,2118123520,2127560704,2146435072,2142240768,2124414976,2135949312,2135162880,2635699087
2140143616,2143289344,2138046464,2120220672,2129657856,2147483648,2145386496,2127560704,2135425024,2137522176,2635715109
2144337920,2151677952,2141192192,2125463552,2131755008,2148532224,2146435072,2129657856,2140667904,2139095040,2635731112
2141192192,2145386496,2141192192,2124414976,2131755008,2149580800,2147483648,2129657856,2138046464,2139619328,2635748000
2124414976,2162163712,2148532224,2145386496,2130706432,2147483648,2145386496,2127560704,2145124352,2137784320,2635764001
2124414976,2147483648,2139095040,2126512128,2128609280,2146435072,2143289344,2124414976,2134376448,2135687168,2635780001
2122317824,2147483648,2153775104,2129657856,2127560704,2145386496,2142240768,2123366400,2138308608,2134638592,2635796025
2135949312,2135949312,2136997888,2117074944,2128609280,2148532224,2144337920,2127560704,2131492864,2137260032,2635812024
2139095040,2150629376,2143289344,2124414976,2130706432,2148532224,2147483648,2129657856,2139357184,2139095040,2635828024
2124414976,2168455168,2155872256,2142240768,2131755008,2149580800,2147483648,2129657856,2147745792,2139619328,2635844022
2130706432,2157969408,2156920832,2132803584,2130706432,2148532224,2145386496,2127560704,2144600064,2138046464,2635860045
2135949312,2143289344,2146435072,2117074944,2128609280,2146435072,2143289344,2124414976,2135687168,2135687168,2635876045
2120220672,2147483648,2139095040,2128609280,2126512128,2146435072,2142240768,2124414976,2133852160,2134900736,2635892045
2135949312,2135949312,2135949312,2114977792,2128609280,2146435072,2143289344,2126512128,2130706432,2136211456,2635908046
2122317824,2156920832,2155872256,2139095040,2130706432,2149580800,2146435072,2130706432,2143551488,2139357184,2635924066
2130706432,2162163712,2155872256,2136997888,2132803584,2149580800,2147483648,2130706432,2146435072,2140143616,2635940066
2126512128,2162163712,2157969408,2143289344,2130706432,2149580800,2146435072,2128609280,2147483648,2138832896,2635956066
2138046464,2146435072,2136997888,2120220672,2129657856,2146435072,2143289344,2125463552,2135425024,2136211456,2635972068
2127560704,2139095040,2140143616,2117074944,2128609280,2144337920,2142240768,2123366400,2130968576,2134638592,2635988087
2127560704,2139095040,2135949312,2119172096,2128609280,2146435072,2143289344,2125463552,2130444288,2135949312,2636004087
2126512128,2162163712,2156920832,2130706432,2129657856,2148532224,2146435072,2128609280,2144075776,2138308608,2636020087
2129657856,2154823680,2156920832,2127560704,2131755008,2149580800,2148532224,2130706432,2142240768,2140143616,2636036088
2133852160,2160066560,2153775104,2134900736,2131755008,2148532224,2146435072,2128609280,2145648640,2138832896,2636052108
2126512128,2160066560,2154823680,2139095040,2129657856,2147483648,2144337920,2126512128,2145124352,2136997888,2636068106
2118123520,2160066560,2147483648,2139095040,2128609280,2145386496,2142240768,2124414976,2141192192,2135162880,2636085001
2123366400,2155872256,2149580800,2130706432,2127560704,2147483648,2144337920,2126512128,2139881472,2136473600,2636101001
2126512128,2154823680,2154823680,2135949312,2130706432,2146435072,2145386496,2126512128,2143027200,2137260032,2636117001
2141192192,2140143616,2141192192,2121269248,2131755008,2149580800,2146435072,2129657856,2135949312,2139357184,2636133001
2135949312,2153775104,2152726528,2133852160,2131755008,2148532224,2147483648,2129657856,2144075776,2139357184,2636149023
2141192192,2143289344,2140143616,2119172096,2130706432,2147483648,2145386496,2127560704,2135949312,2137784320,2636165023
2125463552,2157969408,2154823680,2130706432,2128609280,2146435072,2143289344,2124414976,2142240768,2135687168,2636181023
2123366400,2157969408,2153775104,2131755008,2128609280,2145386496,2142240768,2124414976,2141716480,2135162880,2636197023
2133852160,2139095040,2133852160,2119172096,2129657856,2147483648,2144337920,2126512128,2131492864,2136997888,2636213046
2123366400,2157969408,2151677952,2143289344,2131755008,2149580800,2148532224,2129657856,2144075776,2139881472,2636229045
2124414976,2159017984,2157969408,2142240768,2130706432,2150629376,2148532224,2131755008,2145910784,2140405760,2636245045
2127560704,2156920832,2154823680,2131755008,2130706432,2148532224,2146435072,2127560704,2142765056,2138308608,2636261044
2127560704,2139095040,2136997888,2121269248,2128609280,2146435072,2142240768,2124414976,2131230720,2135425024,2636277067
2126512128,2157969408,2155872256,2131755008,2127560704,2145386496,2142240768,2123366400,2143027200,2134638592,2636293068
2133852160,2138046464,2136997888,2120220672,2129657856,2146435072,2144337920,2126512128,2132279296,2136735744,2636309066
2134900736,2159017984,2150629376,2133852160,2130706432,2148532224,2146435072,2129657856,2144600064,2138832896,2636325065
2126512128,2156920832,2156920832,2140143616,2131755008,2149580800,2148532224,2130706432,2145124352,2140143616,2636341087
2123366400,2147483648,2141192192,2134900736,2129657856,2148532224,2145386496,2129657856,2136735744,2138308608,2636357089
2140143616,2140143616,2140143616,2119172096,2130706432,2146435072,2144337920,2125463552,2134900736,2136735744,2636373088
2135949312,2138046464,2134900736,2117074944,2127560704,2145386496,2143289344,2123366400,2131492864,2134900736,2636389086
2129657856,2139095040,2138046464,2120220672,2128609280,2145386496,2143289344,2125463552,2131755008,2135687168,2636405109
2123366400,2151677952,2153775104,2136997888,2130706432,2148532224,2146435072,2128609280,2141454336,2138570752,2636422001
2130706432,2151677952,2156920832,2126512128,2131755008,2150629376,2147483648,2130706432,2141454336,2140143616,2636438001
2130706432,2155872256,2159017984,2138046464,2130706432,2148532224,2147483648,2129657856,2145910784,2139095040,2636454001
2132803584,2154823680,2151677952,2127560704,2128609280,2147483648,2143289344,2126512128,2141716480,2136473600,2636470001
2124414976,2154823680,2152726528,2127560704,2127560704,2146435072,2142240768,2125463552,2139881472,2135425024,2636486024
2124414976,2151677952,2153775104,2131755008,2128609280,2145386496,2142240768,2125463552,2140405760,2135425024,2636502023
2121269248,2151677952,2154823680,2134900736,2130706432,2148532224,2145386496,2127560704,2140667904,2138046464,2636518022
2144337920,2143289344,2153775104,2121269248,2132803584,2148532224,2148532224,2129657856,2140667904,2139881472,2636534025
2127560704,2143289344,2141192192,2126512128,2131755008,2149580800,2147483648,2129657856,2134638592,2139619328,2636550045
2124414976,2147483648,2147483648,2131755008,2128609280,2147483648,2144337920,2127560704,2137784320,2136997888,2636566045
2132803584,2138046464,2136997888,2118123520,2128609280,2144337920,2142240768,2123366400,2131492864,2134638592,2636582044
2139095040,2144337920,2135949312,2120220672,2128609280,2146435072,2143289344,2124414976,2134900736,2135687168,2636598045
2139095040,2146435072,2135949312,2121269248,2128609280,2148532224,2145386496,2128609280,2135687168,2137784320,2636614066
2126512128,2145386496,2139095040,2130706432,2131755008,2148532224,2146435072,2129657856,2135425024,2139095040,2636630067
2132803584,2142240768,2141192192,2125463552,2131755008,2149580800,2147483648,2130706432,2135425024,2139881472,2636646064
2133852160,2143289344,2141192192,2122317824,2129657856,2147483648,2146435072,2127560704,2135162880,2137784320,2636662066
2122317824,2142240768,2142240768,2127560704,2128609280,2146435072,2143289344,2125463552,2133590016,2135949312,2636678087
2127560704,2150629376,2149580800,2132803584,2128609280,2145386496,2142240768,2123366400,2140143616,2134900736,2636694086
2139095040,2146435072,2138046464,2122317824,2129657856,2146435072,2144337920,2125463552,2136473600,2136473600,2636710085
2145386496,2141192192,2139095040,2119172096,2130706432,2148532224,2147483648,2129657856,2136211456,2139095040,2636726087
2134900736,2159017984,2156920832,2138046464,2131755008,2149580800,2148532224,2130706432,2147221504,2140143616,2636742111
2139095040,2143289344,2141192192,2123366400,2130706432,2148532224,2146435072,2128609280,2136735744,2138570752,2636758107
2133852160,2146435072,2152726528,2119172096,2129657856,2146435072,2143289344,2125463552,2138046464,2136211456,2636775001
2120220672,2151677952,2147483648,2134900736,2127560704,2145386496,2143289344,2124414976,2138570752,2135162880,2636791001
2122317824,2144337920,2149580800,2128609280,2128609280,2147483648,2144337920,2125463552,2136211456,2136473600,2636807001
2141192192,2140143616,2138046464,2121269248,2130706432,2148532224,2146435072,2129657856,2135162880,2138832896,2636823024
2139095040,2156920832,2150629376,2129657856,2131755008,2149580800,2147483648,2130706432,2144075776,2139881472,2636839023
2134900736,2161115136,2154823680,2133852160,2130706432,2148532224,2146435072,2129657856,2146172928,2138832896,2636855024
2122317824,2147483648,2140143616,2130706432,2129657856,2146435072,2143289344,2125463552,2135162880,2136211456,2636871023
2118123520,2160066560,2143289344,2139095040,2128609280,2145386496,2142240768,2124414976,2140143616,2135162880,2636887045
2121269248,2147483648,2144337920,2125463552,2128609280,2146435072,2144337920,2124414976,2134638592,2135949312,2636903044
2127560704,2143289344,2136997888,2124414976,2129657856,2148532224,2146435072,2128609280,2133065728,2138308608,2636919045
2126512128,2162163712,2156920832,2141192192,2131755008,2149580800,2147483648,2130706432,2146697216,2139881472,2636935045
2144337920,2146435072,2141192192,2123366400,2131755008,2149580800,2146435072,2129657856,2138832896,2139357184,2636951067
2142240768,2142240768,2138046464,2121269248,2128609280,2147483648,2145386496,2127560704,2135949312,2137260032,2636967067
2123366400,2160066560,2160066560,2131755008,2128609280,2146435072,2142240768,2124414976,2143813632,2135425024,2636983068
2120220672,2145386496,2141192192,2126512128,2128609280,2145386496,2142240768,2124414976,2133327872,2135162880,2636999068
2119172096,2156920832,2147483648,2138046464,2129657856,2147483648,2145386496,2127560704,2140405760,2137522176,2637015088
2135949312,2153775104,2150629376,2133852160,2131755008,2149580800,2147483648,2130706432,2143551488,2139881472,2637031086
2125463552,2161115136,2159017984,2146435072,2130706432,2150629376,2148532224,2131755008,2148007936,2140405760,2637047089
2129657856,2152726528,2160066560,2135949312,2129657856,2147483648,2145386496,2127560704,2144600064,2137522176,2637063087
2122317824,2151677952,2153775104,2132803584,2127560704,2145386496,2143289344,2124414976,2140143616,2135162880,2637079109
2119172096,2147483648,2139095040,2130706432,2128609280,2145386496,2142240768,2124414976,2134114304,2135162880,2637095109
2133852160,2138046464,2135949312,2117074944,2128609280,2147483648,2145386496,2126512128,2131230720,2136997888,2637112001
2143289344,2146435072,2141192192,2121269248,2131755008,2148532224,2146435072,2129657856,2138046464,2139095040,2637128001
2142240768,2142240768,2144337920,2124414976,2131755008,2149580800,2146435072,2130706432,2138308608,2139619328,2637144001
2126512128,2159017984,2157969408,2138046464,2130706432,2148532224,2145386496,2128609280,2145386496,2138308608,2637160000
2131755008,2141192192,2142240768,2120220672,2128609280,2146435072,2143289344,2124414976,2133852160,2135687168,2637176023
2125463552,2154823680,2148532224,2125463552,2127560704,2145386496,2142240768,2124414976,2138570752,2134900736,2637192023
2133852160,2139095040,2134900736,2117074944,2128609280,2146435072,2143289344,2126512128,2131230720,2136211456,2637208023
2122317824,2164260864,2155872256,2140143616,2131755008,2149580800,2146435072,2129657856,2145648640,2139357184,2637224023
2145386496,2143289344,2141192192,2123366400,2132803584,2149580800,2147483648,2130706432,2138308608,2140143616,2637240045
2125463552,2150629376,2152726528,2133852160,2131755008,2147483648,2146435072,2128609280,2140667904,2138570752,2637256045
2119172096,2154823680,2147483648,2138046464,2128609280,2147483648,2144337920,2126512128,2139881472,2136735744,2637272044
2139095040,2140143616,2135949312,2116026368,2128609280,2145386496,2143289344,2123366400,2132803584,2135162880,2637288044
2124414976,2140143616,2138046464,2122317824,2128609280,2146435072,2143289344,2125463552,2131230720,2135949312,2637304065
2125463552,2143289344,2136997888,2124414976,2130706432,2148532224,2146435072,2128609280,2132541440,2138570752,2637320066
2138046464,2140143616,2141192192,2121269248,2131755008,2149580800,2147483648,2130706432,2135162880,2139881472,2637336068
2134900736,2155872256,2152726528,2131755008,2131755008,2149580800,2147483648,2129657856,2143813632,2139619328,2637352065
2123366400,2142240768,2139095040,2124414976,2129657856,2147483648,2144337920,2127560704,2132279296,2137260032,2637368089
2124414976,2157969408,2157969408,2131755008,2127560704,2145386496,2143289344,2124414976,2143027200,2135162880,2637384086
2131755008,2141192192,2134900736,2118123520,2128609280,2145386496,2143289344,2124414976,2131492864,2135425024,2637400088
2129657856,2152726528,2150629376,2129657856,2129657856,2147483648,2145386496,2127560704,2140667904,2137522176,2637416087
2129657856,2162163712,2160066560,2134900736,2131755008,2149580800,2147483648,2130706432,2146697216,2139881472,2637432109
2133852160,2142240768,2141192192,2125463552,2131755008,2149580800,2147483648,2130706432,2135687168,2139881472,2637449001
2140143616,2141192192,2138046464,2119172096,2129657856,2148532224,2145386496,2127560704,2134638592,2137784320,2637465001
2142240768,2141192192,2142240768,2118123520,2128609280,2145386496,2142240768,2124414976,2135949312,2135162880,2637481001
2119172096,2142240768,2147483648,2123366400,2128609280,2145386496,2142240768,2124414976,2133065728,2135162880,2637497001
2143289344,2146435072,2136997888,2120220672,2130706432,2147483648,2144337920,2127560704,2136735744,2137522176,2637513024
2129657856,2140143616,2139095040,2122317824,2131755008,2148532224,2145386496,2129657856,2132803584,2138832896,2637529023
2140143616,2154823680,2154823680,2125463552,2131755008,2149580800,2147483648,2130706432,2143813632,2139881472,2637545022
2125463552,2149580800,2143289344,2132803584,2130706432,2147483648,2145386496,2127560704,2137784320,2137784320,2637561024
2122317824,2159017984,2151677952,2139095040,2129657856,2146435072,2143289344,2124414976,2143027200,2135949312,2637577045
2123366400,2151677952,2153775104,2132803584,2127560704,2145386496,2143289344,2123366400,2140405760,2134900736,2637593045
2124414976,2141192192,2139095040,2119172096,2128609280,2147483648,2144337920,2126512128,2130968576,2136735744,2637609046
2122317824,2147483648,2136997888,2129657856,2130706432,2149580800,2146435072,2129657856,2134114304,2139095040,2637625047
2139095040,2141192192,2140143616,2122317824,2131755008,2149580800,2147483648,2130706432,2135687168,2139881472,2637641068
2130706432,2156920832,2157969408,2134900736,2130706432,2148532224,2145386496,2128609280,2145124352,2138308608,2637657066
2140143616,2140143616,2135949312,2120220672,2129657856,2146435072,2143289344,2125463552,2134114304,2136211456,2637673065
2120220672,2152726528,2148532224,2134900736,2127560704,2145386496,2142240768,2124414976,2139095040,2134900736,2637689067
2124414976,2154823680,2156920832,2129657856,2129657856,2146435072,2144337920,2125463552,2141454336,2136473600,2637705088
2136997888,2153775104,2146435072,2126512128,2130706432,2148532224,2146435072,2129657856,2140930048,2138832896,2637721088
2124414976,2148532224,2147483648,2133852160,2131755008,2149580800,2147483648,2131755008,2138570752,2140143616,2637737087
2124414976,2147483648,2147483648,2130706432,2130706432,2149580800,2146435072,2129657856,2137522176,2139095040,2637753090
2123366400,2151677952,2147483648,2134900736,2128609280,2148532224,2145386496,2127560704,2139357184,2137522176,2637769110
2134900736,2146435072,2144337920,2122317824,2127560704,2145386496,2143289344,2124414976,2136997888,2135162880,2637785110
2133852160,2135949312,2136997888,2117074944,2128609280,2145386496,2143289344,2125463552,2130968576,2135687168,2637802001
2135949312,2146435072,2141192192,2121269248,2130706432,2147483648,2144337920,2127560704,2136211456,2137522176,2637818001
2129657856,2162163712,2161115136,2143289344,2131755008,2148532224,2147483648,2130706432,2149056512,2139619328,2637834001
2123366400,2148532224,2143289344,2132803584,2130706432,2149580800,2147483648,2130706432,2136997888,2139619328,2637850026
2128609280,2156920832,2157969408,2136997888,2129657856,2147483648,2144337920,2127560704,2145124352,2137260032,2637866022
2120220672,2144337920,2140143616,2126512128,2127560704,2146435072,2142240768,2124414976,2132803584,2135162880,2637882023
2133852160,2139095040,2134900736,2116026368,2128609280,2145386496,2142240768,2124414976,2130968576,2135162880,2637898023
2123366400,2148532224,2153775104,2130706432,2129657856,2146435072,2145386496,2127560704,2139095040,2137260032,2637914045
2131755008,2152726528,2157969408,2129657856,2131755008,2149580800,2147483648,2130706432,2143027200,2139881472,2637930044
2124414976,2152726528,2152726528,2140143616,2131755008,2149580800,2147483648,2130706432,2142502912,2139881472,2637946045
2127560704,2141192192,2143289344,2123366400,2130706432,2148532224,2145386496,2128609280,2133852160,2138308608,2637962044
2128609280,2152726528,2155872256,2134900736,2128609280,2146435072,2142240768,2125463552,2143027200,2135687168,2637978067
2140143616,2145386496,2143289344,2121269248,2127560704,2145386496,2143289344,2124414976,2137522176,2135162880,2637994064
2123366400,2141192192,2136997888,2124414976,2129657856,2146435072,2144337920,2126512128,2131492864,2136735744,2638010066
2142240768,2143289344,2141192192,2122317824,2130706432,2149580800,2146435072,2129657856,2137260032,2139095040,2638026066
2130706432,2156920832,2159017984,2138046464,2131755008,2150629376,2148532224,2130706432,2146172928,2140405760,2638042089
2136997888,2140143616,2141192192,2121269248,2131755008,2148532224,2146435072,2128609280,2134900736,2138832896,2638058087
2134900736,2140143616,2140143616,2119172096,2129657856,2146435072,2143289344,2124414976,2133590016,2135949312,2638074087
2132803584,2146435072,2146435072,2120220672,2127560704,2145386496,2143289344,2123366400,2136473600,2134900736,2638090088
2128609280,2152726528,2152726528,2128609280,2128609280,2146435072,2144337920,2126512128,2140667904,2136473600,2638106110
2139095040,2152726528,2144337920,2132803584,2130706432,2149580800,2146435072,2129657856,2142240768,2139095040,2638122108
2126512128,2141192192,2141192192,2126512128,2130706432,2150629376,2147483648,2131755008,2133852160,2140143616,2638139001
2139095040,2143289344,2141192192,2124414976,2131755008,2148532224,2145386496,2128609280,2136997888,2138570752,2638155001
2127560704,2140143616,2138046464,2123366400,2129657856,2146435072,2143289344,2125463552,2132279296,2136211456,2638171001
2142240768,2134900736,2136997888,2114977792,2128609280,2144337920,2142240768,2123366400,2132279296,2134638592,2638187001
2121269248,2147483648,2140143616,2130706432,2128609280,2146435072,2143289344,2125463552,2134900736,2135949312,2638203024
2133852160,2141192192,2139095040,2119172096,2130706432,2148532224,2146435072,2128609280,2133327872,2138570752,2638219023
2126512128,2156920832,2162163712,2138046464,2130706432,2149580800,2148532224,2130706432,2145910784,2139881472,2638235026
2138046464,2143289344,2140143616,2123366400,2131755008,2148532224,2147483648,2129657856,2136211456,2139357184,2638251022
2127560704,2162163712,2161115136,2135949312,2129657856,2147483648,2145386496,2126512128,2146697216,2137260032,2638267047
2134900736,2138046464,2138046464,2120220672,2128609280,2145386496,2142240768,2124414976,2132803584,2135162880,2638283046
2140143616,2144337920,2135949312,2116026368,2127560704,2146435072,2143289344,2124414976,2134114304,2135425024,2638299045
2122317824,2154823680,2149580800,2138046464,2129657856,2148532224,2145386496,2127560704,2141192192,2137784320,2638315044
2127560704,2159017984,2156920832,2132803584,2131755008,2149580800,2146435072,2130706432,2144075776,2139619328,2638331068
2124414976,2157969408,2151677952,2138046464,2130706432,2150629376,2147483648,2130706432,2143027200,2139881472,2638347067
2125463552,2147483648,2140143616,2130706432,2129657856,2148532224,2144337920,2127560704,2135949312,2137522176,2638363067
2122317824,2151677952,2152726528,2134900736,2128609280,2146435072,2142240768,2125463552,2140405760,2135687168,2638379064
2129657856,2140143616,2134900736,2118123520,2128609280,2144337920,2142240768,2123366400,2130706432,2134638592,2638395087
2126512128,2155872256,2155872256,2133852160,2129657856,2146435072,2144337920,2126512128,2143027200,2136735744,2638411089
2136997888,2143289344,2140143616,2122317824,2130706432,2149580800,2147483648,2129657856,2135687168,2139357184,2638427087
2123366400,2154823680,2147483648,2141192192,2131755008,2149580800,2148532224,2131755008,2141716480,2140405760,2638443085
2124414976,2150629376,2151677952,2135949312,2130706432,2148532224,2145386496,2128609280,2140667904,2138308608,2638459109
2123366400,2151677952,2149580800,2134900736,2128609280,2146435072,2143289344,2125463552,2139881472,2135949312,2638476001
2122317824,2156920832,2155872256,2131755008,2128609280,2145386496,2142240768,2124414976,2141716480,2135162880,2638492001
2125463552,2141192192,2135949312,2122317824,2129657856,2147483648,2144337920,2125463552,2131230720,2136735744,2638508001
2138046464,2143289344,2135949312,2123366400,2131755008,2148532224,2147483648,2128609280,2135162880,2139095040,2638524001
2139095040,2142240768,2139095040,2127560704,2131755008,2150629376,2147483648,2131755008,2136997888,2140405760,2638540023
2124414976,2151677952,2155872256,2134900736,2130706432,2149580800,2147483648,2128609280,2141716480,2139095040,2638556024
2126512128,2157969408,2154823680,2135949312,2129657856,2147483648,2144337920,2126512128,2143813632,2136997888,2638572022
2127560704,2140143616,2136997888,2122317824,2127560704,2144337920,2142240768,2123366400,2131755008,2134376448,2638588024
2141192192,2138046464,2136997888,2117074944,2128609280,2146435072,2144337920,2125463552,2133327872,2136211456,2638604045
2133852160,2156920832,2154823680,2136997888,2130706432,2149580800,2145386496,2128609280,2145648640,2138570752,2638620046
2124414976,2150629376,2143289344,2135949312,2131755008,2149580800,2147483648,2130706432,2138570752,2139881472,2638636045
2144337920,2151677952,2142240768,2132803584,2131755008,2149580800,2147483648,2129657856,2142765056,2139619328,2638652045
2123366400,2155872256,2153775104,2141192192,2128609280,2146435072,2144337920,2126512128,2143551488,2136473600,2638668066
2128609280,2156920832,2153775104,2133852160,2128609280,2145386496,2142240768,2124414976,2143289344,2135162880,2638684066
2141192192,2148532224,2134900736,2121269248,2128609280,2146435072,2142240768,2124414976,2136473600,2135425024,2638700067
2121269248,2151677952,2148532224,2136997888,2130706432,2147483648,2144337920,2127560704,2139619328,2137522176,2638716066
2131755008,2142240768,2144337920,2124414976,2131755008,2149580800,2146435072,2130706432,2135687168,2139619328,2638732087
2143289344,2144337920,2145386496,2124414976,2131755008,2148532224,2146435072,2129657856,2139357184,2139095040,2638748088
2133852160,2141192192,2139095040,2123366400,2130706432,2146435072,2145386496,2126512128,2134376448,2137260032,2638764085
2136997888,2149580800,2138046464,2123366400,2127560704,2146435072,2142240768,2125463552,2136997888,2135425024,2638780088
2136997888,2139095040,2133852160,2114977792,2127560704,2145386496,2142240768,2124414976,2131230720,2134900736,2638796109
2131755008,2138046464,2135949312,2119172096,2129657856,2147483648,2144337920,2126512128,2131230720,2136997888,2638812108
2133852160,2142240768,2143289344,2124414976,2131755008,2149580800,2147483648,2129657856,2135949312,2139619328,2638829001
2125463552,2155872256,2155872256,2143289344,2130706432,2149580800,2147483648,2130706432,2145124352,2139619328,2638845001
2138046464,2152726528,2149580800,2129657856,2130706432,2147483648,2145386496,2127560704,2142502912,2137784320,2638861001
2131755008,2157969408,2150629376,2132803584,2127560704,2146435072,2143289344,2125463552,2143289344,2135687168,2638877024
2120220672,2144337920,2141192192,2125463552,2128609280,2144337920,2142240768,2123366400,2132803584,2134638592,2638893022
2122317824,2153775104,2157969408,2132803584,2129657856,2146435072,2144337920,2125463552,2141716480,2136473600,2638909025
2140143616,2145386496,2139095040,2123366400,2130706432,2149580800,2146435072,2130706432,2136997888,2139357184,2638925024
2139095040,2146435072,2141192192,2126512128,2131755008,2150629376,2147483648,2131755008,2138308608,2140405760,2638941046
2123366400,2147483648,2141192192,2132803584,2129657856,2148532224,2146435072,2129657856,2136211456,2138570752,2638957046
2140143616,2150629376,2140143616,2127560704,2129657856,2147483648,2144337920,2126512128,2139619328,2136997888,2638973045
2120220672,2152726528,2151677952,2136997888,2127560704,2145386496,2143289344,2123366400,2140405760,2134900736,2638989045
2134900736,2146435072,2146435072,2119172096,2129657856,2146435072,2143289344,2125463552,2136735744,2136211456,2639005067
2124414976,2138046464,2144337920,2124414976,2130706432,2149580800,2146435072,2129657856,2132803584,2139095040,2639021065
2141192192,2144337920,2146435072,2122317824,2132803584,2150629376,2147483648,2130706432,2138570752,2140405760,2639037067
2124414976,2155872256,2148532224,2139095040,2131755008,2148532224,2147483648,2129657856,2141978624,2139357184,2639053067
2129657856,2142240768,2140143616,2124414976,2129657856,2147483648,2144337920,2126512128,2134114304,2136997888,2639069087
2135949312,2144337920,2135949312,2116026368,2127560704,2145386496,2142240768,2124414976,2133065728,2134900736,2639085086
2129657856,2142240768,2145386496,2118123520,2128609280,2146435072,2142240768,2124414976,2133852160,2135425024,2639101087
2136997888,2142240768,2138046464,2119172096,2130706432,2147483648,2145386496,2127560704,2134114304,2137784320,2639117090
2138046464,2142240768,2141192192,2124414976,2131755008,2149580800,2147483648,2130706432,2136473600,2139881472,2639133108
2127560704,2160066560,2160066560,2143289344,2131755008,2149580800,2147483648,2130706432,2147745792,2139881472,2639149107
2122317824,2151677952,2145386496,2134900736,2129657856,2147483648,2144337920,2127560704,2138570752,2137260032,2639166001
2121269248,2147483648,2151677952,2130706432,2128609280,2145386496,2142240768,2124414976,2137784320,2135162880,2639182001
2135949312,2138046464,2136997888,2118123520,2127560704,2146435072,2143289344,2125463552,2132279296,2135687168,2639198001
2141192192,2140143616,2138046464,2117074944,2129657856,2147483648,2144337920,2127560704,2134114304,2137260032,2639214001
2138046464,2140143616,2136997888,2121269248,2131755008,2149580800,2147483648,2129657856,2134114304,2139619328,2639230023
2128609280,2155872256,2160066560,2139095040,2131755008,2149580800,2148532224,2129657856,2145910784,2139881472,2639246022
2132803584,2152726528,2157969408,2129657856,2130706432,2148532224,2145386496,2128609280,2143289344,2138308608,2639262023
2134900736,2141192192,2138046464,2120220672,2128609280,2146435072,2144337920,2125463552,2133590016,2136211456,2639278022
2119172096,2147483648,2143289344,2129657856,2127560704,2145386496,2142240768,2125463552,2134900736,2135162880,2639294045
2141192192,2146435072,2136997888,2120220672,2129657856,2146435072,2143289344,2126512128,2136211456,2136473600,2639310044
2139095040,2146435072,2139095040,2122317824,2130706432,2149580800,2146435072,2129657856,2136735744,2139095040,2639326045
2126512128,2164260864,2160066560,2143289344,2131755008,2148532224,2147483648,2130706432,2148532224,2139619328,2639342046
2123366400,2151677952,2153775104,2134900736,2130706432,2148532224,2146435072,2129657856,2140930048,2138832896,2639358067
2131755008,2141192192,2138046464,2121269248,2128609280,2146435072,2144337920,2125463552,2133065728,2136211456,2639374066
2125463552,2157969408,2154823680,2130706432,2127560704,2145386496,2143289344,2123366400,2142240768,2134900736,2639390065
2122317824,2140143616,2134900736,2121269248,2129657856,2146435072,2144337920,2124414976,2129657856,2136211456,2639406064
2127560704,2155872256,2153775104,2133852160,2131755008,2147483648,2145386496,2128609280,2142765056,2138308608,2639422091
2143289344,2146435072,2146435072,2125463552,2131755008,2149580800,2147483648,2130706432,2140405760,2139881472,2639438088
2132803584,2161115136,2156920832,2138046464,2130706432,2148532224,2147483648,2129657856,2147221504,2139095040,2639454087
2126512128,2164260864,2160066560,2133852160,2128609280,2147483648,2143289344,2126512128,2146172928,2136473600,2639470088
2123366400,2149580800,2150629376,2132803584,2127560704,2146435072,2143289344,2124414976,2139095040,2135425024,2639486111
2121269248,2138046464,2142240768,2121269248,2128609280,2146435072,2143289344,2125463552,2130706432,2135949312,2639503001
2125463552,2151677952,2155872256,2132803584,2130706432,2147483648,2145386496,2127560704,2141454336,2137784320,2639519001
2142240768,2144337920,2141192192,2123366400,2131755008,2149580800,2147483648,2130706432,2137784320,2139881472,2639535001
2134900736,2146435072,2155872256,2126512128,2131755008,2148532224,2147483648,2129657856,2140930048,2139357184,2639551001
2147483648,2140143616,2143289344,2121269248,2129657856,2147483648,2145386496,2127560704,2138046464,2137522176,2639567024
2135949312,2138046464,2135949312,2118123520,2127560704,2146435072,2143289344,2125463552,2132017152,2135687168,2639583024
2123366400,2153775104,2155872256,2135949312,2127560704,2146435072,2143289344,2124414976,2142240768,2135425024,2639599024
2124414976,2157969408,2156920832,2134900736,2129657856,2147483648,2145386496,2127560704,2143551488,2137522176,2639615023
2141192192,2139095040,2140143616,2121269248,2131755008,2148532224,2146435072,2129657856,2135425024,2139095040,2639631044
2123366400,2152726528,2147483648,2139095040,2130706432,2149580800,2147483648,2130706432,2140667904,2139619328,2639647044
2141192192,2146435072,2150629376,2123366400,2130706432,2148532224,2145386496,2127560704,2140405760,2138046464,2639663047
2143289344,2144337920,2139095040,2121269248,2129657856,2145386496,2142240768,2124414976,2136997888,2135425024,2639679046
2130706432,2150629376,2148532224,2125463552,2127560704,2145386496,2142240768,2124414976,2138832896,2134900736,2639695068
2141192192,2139095040,2136997888,2118123520,2129657856,2147483648,2144337920,2126512128,2133852160,2136997888,2639711068
2124414976,2147483648,2147483648,2130706432,2131755008,2149580800,2147483648,2129657856,2137522176,2139619328,2639727067
2131755008,2151677952,2152726528,2128609280,2131755008,2150629376,2147483648,2130706432,2141192192,2140143616,2639743068
2143289344,2140143616,2140143616,2121269248,2129657856,2148532224,2145386496,2127560704,2136211456,2137784320,2639759087
2123366400,2153775104,2154823680,2136997888,2128609280,2146435072,2143289344,2125463552,2142240768,2135949312,2639775087
2126512128,2155872256,2154823680,2127560704,2128609280,2144337920,2142240768,2123366400,2141192192,2134638592,2639791087
2130706432,2150629376,2146435072,2121269248,2129657856,2147483648,2144337920,2126512128,2137260032,2136997888,2639807089
2125463552,2142240768,2143289344,2121269248,2130706432,2148532224,2146435072,2128609280,2133065728,2138570752,2639823110
2128609280,2156920832,2154823680,2139095040,2131755008,2149580800,2147483648,2129657856,2144862208,2139619328,2639839107
2138046464,2144337920,2140143616,2121269248,2130706432,2148532224,2146435072,2128609280,2135949312,2138570752,2639856001
2123366400,2144337920,2143289344,2126512128,2128609280,2146435072,2143289344,2125463552,2134376448,2135949312,2639872001
2120220672,2147483648,2135949312,2131755008,2128609280,2145386496,2143289344,2124414976,2133852160,2135425024,2639888001
2121269248,2140143616,2138046464,2119172096,2128609280,2146435072,2143289344,2125463552,2129657856,2135949312,2639904023
2133852160,2141192192,2136997888,2122317824,2130706432,2148532224,2146435072,2129657856,2133590016,2138832896,2639920025
2123366400,2151677952,2153775104,2134900736,2130706432,2150629376,2147483648,2131755008,2140930048,2140143616,2639936023
2144337920,2142240768,2141192192,2124414976,2131755008,2148532224,2147483648,2129657856,2138046464,2139357184,2639952023
2127560704,2157969408,2156920832,2131755008,2128609280,2147483648,2144337920,2127560704,2143551488,2136997888,2639968045
2122317824,2140143616,2143289344,2121269248,2127560704,2145386496,2142240768,2124414976,2131755008,2134900736,2639984044
2136997888,2145386496,2142240768,2117074944,2128609280,2145386496,2143289344,2124414976,2135425024,2135425024,2640000045
2122317824,2156920832,2155872256,2138046464,2130706432,2147483648,2145386496,2127560704,2143289344,2137784320,2640016045
2126512128,2168455168,2157969408,2141192192,2131755008,2149580800,2146435072,2130706432,2148532224,2139619328,2640032066
2125463552,2147483648,2147483648,2130706432,2132803584,2148532224,2147483648,2129657856,2137784320,2139619328,2640048067
2140143616,2143289344,2140143616,2121269248,2130706432,2147483648,2144337920,2126512128,2136211456,2137260032,2640064067
2135949312,2139095040,2136997888,2117074944,2128609280,2145386496,2142240768,2124414976,2132279296,2135162880,2640080069
2140143616,2141192192,2138046464,2118123520,2128609280,2145386496,2143289344,2124414976,2134376448,2135425024,2640096088
2142240768,2141192192,2141192192,2116026368,2129657856,2147483648,2144337920,2126512128,2135162880,2136997888,2640112087
2138046464,2143289344,2139095040,2120220672,2131755008,2148532224,2147483648,2129657856,2135162880,2139357184,2640128089
2124414976,2154823680,2149580800,2138046464,2131755008,2149580800,2147483648,2130706432,2141716480,2139881472,2640144087
2124414976,2142240768,2147483648,2127560704,2130706432,2148532224,2145386496,2127560704,2135425024,2138046464,2640160108
2138046464,2138046464,2138046464,2123366400,2129657856,2145386496,2142240768,2124414976,2134376448,2135425024,2640176108
2120220672,2150629376,2148532224,2133852160,2128609280,2145386496,2143289344,2124414976,2138308608,2135425024,2640193001
2133852160,2138046464,2133852160,2117074944,2128609280,2147483648,2144337920,2126512128,2130706432,2136735744,2640209001
2141192192,2146435072,2136997888,2126512128,2130706432,2149580800,2146435072,2129657856,2137784320,2139095040,2640225001
2139095040,2155872256,2146435072,2133852160,2132803584,2149580800,2146435072,2130706432,2143813632,2139881472,2640241001
2145386496,2143289344,2143289344,2122317824,2131755008,2148532224,2146435072,2129657856,2138570752,2139095040,2640257023
2122317824,2146435072,2145386496,2130706432,2128609280,2147483648,2143289344,2126512128,2136211456,2136473600,2640273023
2125463552,2154823680,2152726528,2131755008,2127560704,2146435072,2143289344,2124414976,2141192192,2135425024,2640289025
2134900736,2149580800,2141192192,2119172096,2128609280,2147483648,2143289344,2125463552,2136211456,2136211456,2640305023
2121269248,2153775104,2149580800,2134900736,2130706432,2148532224,2146435072,2128609280,2139881472,2138570752,2640321046
2140143616,2140143616,2139095040,2121269248,2132803584,2150629376,2147483648,2131755008,2135162880,2140667904,2640337045
2126512128,2149580800,2145386496,2132803584,2130706432,2149580800,2146435072,2129657856,2138570752,2139095040,2640353045
2130706432,2156920832,2155872256,2133852160,2129657856,2147483648,2144337920,2126512128,2144337920,2136997888,2640369045
2130706432,2151677952,2152726528,2133852160,2127560704,2145386496,2142240768,2123366400,2142240768,2134638592,2640385067
2144337920,2138046464,2135949312,2118123520,2128609280,2146435072,2143289344,2125463552,2134114304,2135949312,2640401068
2124414976,2150629376,2157969408,2133852160,2130706432,2148532224,2145386496,2127560704,2141716480,2138046464,2640417068
2124414976,2144337920,2138046464,2129657856,2131755008,2149580800,2147483648,2130706432,2134114304,2139881472,2640433065
2146435072,2141192192,2140143616,2121269248,2130706432,2149580800,2147483648,2130706432,2137260032,2139619328,2640449089
2133852160,2141192192,2140143616,2123366400,2130706432,2147483648,2144337920,2127560704,2134638592,2137522176,2640465088
2139095040,2138046464,2135949312,2117074944,2127560704,2146435072,2143289344,2124414976,2132541440,2135425024,2640481089
2120220672,2144337920,2141192192,2126512128,2127560704,2145386496,2143289344,2124414976,2133065728,2135162880,2640497085
2133852160,2151677952,2146435072,2128609280,2129657856,2147483648,2144337920,2127560704,2140143616,2137260032,2640513108
2123366400,2147483648,2140143616,2130706432,2130706432,2149580800,2147483648,2130706432,2135425024,2139619328,2640530001
2125463552,2152726528,2150629376,2135949312,2131755008,2149580800,2146435072,2129657856,2141192192,2139357184,2640546001
2130706432,2156920832,2154823680,2131755008,2129657856,2147483648,2146435072,2127560704,2143551488,2137784320,2640562000
2134900736,2156920832,2150629376,2128609280,2128609280,2147483648,2143289344,2125463552,2142765056,2136211456,2640578001
2120220672,2147483648,2140143616,2130706432,2128609280,2144337920,2141192192,2123366400,2134638592,2134376448,2640594023
2121269248,2140143616,2136997888,2123366400,2129657856,2147483648,2144337920,2126512128,2130444288,2136997888,2640610024
2133852160,2153775104,2146435072,2129657856,2129657856,2148532224,2147483648,2129657856,2140930048,2138832896,2640626023
2124414976,2153775104,2149580800,2136997888,2131755008,2150629376,2148532224,2130706432,2141192192,2140405760,2640642023
2125463552,2147483648,2149580800,2129657856,2130706432,2148532224,2146435072,2128609280,2138046464,2138570752,2640658045
2133852160,2143289344,2136997888,2124414976,2129657856,2146435072,2144337920,2124414976,2134638592,2136211456,2640674047
2122317824,2147483648,2139095040,2130706432,2127560704,2145386496,2142240768,2124414976,2134900736,2134900736,2640690043
2121269248,2147483648,2141192192,2130706432,2129657856,2145386496,2143289344,2125463552,2135162880,2135949312,2640706045
2132803584,2157969408,2150629376,2129657856,2129657856,2149580800,2146435072,2129657856,2142765056,2138832896,2640722068
2123366400,2151677952,2153775104,2134900736,2132803584,2149580800,2147483648,2130706432,2140930048,2140143616,2640738068
2133852160,2154823680,2151677952,2126512128,2130706432,2148532224,2146435072,2128609280,2141716480,2138570752,2640754066
2124414976,2140143616,2136997888,2123366400,2128609280,2146435072,2144337920,2126512128,2131230720,2136473600,2640770068
2121269248,2156920832,2149580800,2139095040,2128609280,2145386496,2142240768,2124414976,2141716480,2135162880,2640786088
2140143616,2139095040,2135949312,2116026368,2128609280,2145386496,2143289344,2125463552,2132803584,2135687168,2640802090
2140143616,2146435072,2138046464,2122317824,2130706432,2147483648,2145386496,2127560704,2136735744,2137784320,2640818086
2127560704,2155872256,2157969408,2139095040,2130706432,2149580800,2148532224,2130706432,2145124352,2139881472,2640834089
2143289344,2144337920,2141192192,2124414976,2132803584,2148532224,2147483648,2129657856,2138308608,2139619328,2640850111
2130706432,2160066560,2159017984,2135949312,2129657856,2147483648,2145386496,2127560704,2146435072,2137522176,2640866109
2127560704,2139095040,2135949312,2119172096,2128609280,2145386496,2142240768,2124414976,2130444288,2135162880,2640883001
2127560704,2153775104,2154823680,2129657856,2128609280,2146435072,2142240768,2124414976,2141454336,2135425024,2640899001
2124414976,2159017984,2153775104,2132803584,2130706432,2148532224,2144337920,2128609280,2142502912,2138046464,2640915001
2125463552,2147483648,2140143616,2126512128,2131755008,2149580800,2147483648,2130706432,2134900736,2139881472,2640931023
2124414976,2142240768,2148532224,2125463552,2131755008,2149580800,2147483648,2130706432,2135162880,2139881472,2640947022
2136997888,2141192192,2139095040,2124414976,2130706432,2147483648,2145386496,2127560704,2135425024,2137784320,2640963024
2133852160,2139095040,2135949312,2117074944,2127560704,2146435072,2143289344,2125463552,2131492864,2135687168,2640979025
2123366400,2154823680,2152726528,2129657856,2128609280,2146435072,2143289344,2125463552,2140143616,2135949312,2640995045
2120220672,2148532224,2148532224,2131755008,2129657856,2147483648,2143289344,2126512128,2137260032,2136735744,2641011044
2123366400,2159017984,2154823680,2142240768,2131755008,2148532224,2147483648,2129657856,2144862208,2139357184,2641027045
2125463552,2147483648,2148532224,2130706432,2131755008,2150629376,2147483648,2131755008,2138046464,2140405760,2641043045
2123366400,2151677952,2147483648,2139095040,2130706432,2147483648,2146435072,2128609280,2140405760,2138308608,2641059069
2121269248,2142240768,2139095040,2125463552,2127560704,2146435072,2144337920,2125463552,2132017152,2135949312,2641075066
2130706432,2154823680,2146435072,2134900736,2128609280,2145386496,2142240768,2123366400,2141716480,2134900736,2641091066
2123366400,2157969408,2156920832,2136997888,2128609280,2146435072,2144337920,2125463552,2143813632,2136211456,2641107066
2142240768,2146435072,2141192192,2121269248,2129657856,2149580800,2145386496,2129657856,2137784320,2138570752,2641123090
2136997888,2154823680,2154823680,2128609280,2131755008,2149580800,2147483648,2130706432,2143813632,2139881472,2641139088
2129657856,2155872256,2160066560,2139095040,2130706432,2149580800,2147483648,2129657856,2146172928,2139357184,2641155087
2126512128,2156920832,2157969408,2138046464,2128609280,2146435072,2144337920,2126512128,2144862208,2136473600,2641171087
2122317824,2148532224,2141192192,2130706432,2129657856,2144337920,2142240768,2123366400,2135687168,2134900736,2641187109
2130706432,2159017984,2144337920,2127560704,2129657856,2146435072,2143289344,2125463552,2140405760,2136211456,2641203107
2130706432,2156920832,2152726528,2132803584,2131755008,2147483648,2145386496,2128609280,2143289344,2138308608,2641220001
2130706432,2157969408,2161115136,2141192192,2131755008,2149580800,2147483648,2130706432,2147745792,2139881472,2641236001
2122317824,2155872256,2149580800,2140143616,2130706432,2149580800,2146435072,2130706432,2141978624,2139357184,2641252001
2123366400,2161115136,2153775104,2142240768,2128609280,2147483648,2144337920,2126512128,2145124352,2136735744,2641268001
2140143616,2144337920,2144337920,2121269248,2127560704,2146435072,2144337920,2124414976,2137522176,2135687168,2641284023
2121269248,2160066560,2154823680,2132803584,2126512128,2146435072,2143289344,2124414976,2142240768,2135162880,2641300024
2135949312,2146435072,2139095040,2120220672,2130706432,2147483648,2145386496,2127560704,2135425024,2137784320,2641316023
2140143616,2145386496,2140143616,2122317824,2131755008,2148532224,2147483648,2129657856,2136997888,2139357184,2641332022
2123366400,2150629376,2147483648,2134900736,2132803584,2148532224,2147483648,2130706432,2139095040,2139881472,2641348045
2141192192,2142240768,2138046464,2124414976,2130706432,2147483648,2145386496,2127560704,2136473600,2137784320,2641364046
2126512128,2155872256,2152726528,2131755008,2128609280,2146435072,2142240768,2124414976,2141716480,2135425024,2641380045
2127560704,2141192192,2136997888,2122317824,2128609280,2145386496,2142240768,2124414976,2132017152,2135162880,2641396044
2126512128,2153775104,2151677952,2125463552,2130706432,2146435072,2144337920,2126512128,2139357184,2136997888,2641412068
2123366400,2151677952,2147483648,2134900736,2131755008,2149580800,2146435072,2130706432,2139357184,2139619328,2641428066
2122317824,2154823680,2149580800,2140143616,2131755008,2149580800,2147483648,2130706432,2141716480,2139881472,2641444066
2134900736,2146435072,2152726528,2126512128,2129657856,2148532224,2145386496,2127560704,2140143616,2137784320,2641460067
2130706432,2155872256,2150629376,2129657856,2128609280,2146435072,2143289344,2125463552,2141716480,2135949312,2641476089
2130706432,2151677952,2154823680,2127560704,2127560704,2145386496,2143289344,2124414976,2141192192,2135162880,2641492091
2122317824,2143289344,2142240768,2125463552,2128609280,2147483648,2144337920,2126512128,2133327872,2136735744,2641508088
2122317824,2159017984,2147483648,2140143616,2131755008,2148532224,2146435072,2129657856,2142240768,2139095040,2641524086
2133852160,2142240768,2140143616,2125463552,2130706432,2151677952,2147483648,2131755008,2135425024,2140405760,2641540111
2130706432,2159017984,2154823680,2135949312,2131755008,2148532224,2146435072,2128609280,2145124352,2138832896,2641557001
2124414976,2147483648,2145386496,2129657856,2128609280,2145386496,2143289344,2125463552,2136735744,2135687168,2641573001
2131755008,2152726528,2146435072,2125463552,2127560704,2145386496,2143289344,2124414976,2139095040,2135162880,2641589001
2136997888,2144337920,2145386496,2119172096,2128609280,2147483648,2144337920,2125463552,2136473600,2136473600,2641605001
2131755008,2138046464,2138046464,2120220672,2131755008,2147483648,2146435072,2128609280,2132017152,2138570752,2641621022
2139095040,2142240768,2141192192,2124414976,2131755008,2150629376,2147483648,2130706432,2136735744,2140143616,2641637024
2141192192,2157969408,2145386496,2133852160,2130706432,2149580800,2147483648,2129657856,2144600064,2139357184,2641653022
2123366400,2147483648,2142240768,2130706432,2129657856,2146435072,2144337920,2125463552,2135949312,2136473600,2641669024
2121269248,2141192192,2140143616,2123366400,2127560704,2145386496,2142240768,2125463552,2131492864,2135162880,2641685047
2121269248,2142240768,2135949312,2125463552,2127560704,2145386496,2143289344,2124414976,2131230720,2135162880,2641701047
2126512128,2149580800,2155872256,2131755008,2130706432,2147483648,2146435072,2127560704,2140930048,2138046464,2641717045
2124414976,2147483648,2151677952,2126512128,2131755008,2148532224,2148532224,2130706432,2137522176,2139881472,2641733045
2126512128,2160066560,2156920832,2140143616,2130706432,2149580800,2147483648,2130706432,2145910784,2139619328,2641749066
2124414976,2147483648,2147483648,2130706432,2129657856,2147483648,2145386496,2127560704,2137522176,2137522176,2641765067
2132803584,2138046464,2134900736,2120220672,2128609280,2145386496,2143289344,2124414976,2131492864,2135425024,2641781066
2132803584,2135949312,2134900736,2114977792,2128609280,2145386496,2142240768,2124414976,2129657856,2135162880,2641797067
2143289344,2135949312,2138046464,2117074944,2129657856,2147483648,2145386496,2127560704,2133590016,2137522176,2641813088
2129657856,2142240768,2141192192,2124414976,2131755008,2149580800,2147483648,2130706432,2134376448,2139881472,2641829088
2131755008,2143289344,2141192192,2123366400,2131755008,2150629376,2147483648,2130706432,2134900736,2140143616,2641845085
2123366400,2147483648,2140143616,2132803584,2129657856,2149580800,2145386496,2129657856,2135949312,2138570752,2641861088
2126512128,2160066560,2157969408,2131755008,2128609280,2146435072,2143289344,2124414976,2144075776,2135687168,2641877112
2130706432,2154823680,2148532224,2127560704,2128609280,2145386496,2142240768,2124414976,2140405760,2135162880,2641893109
2140143616,2141192192,2142240768,2117074944,2129657856,2146435072,2144337920,2125463552,2135162880,2136473600,2641910001
2136997888,2154823680,2151677952,2126512128,2131755008,2148532224,2146435072,2129657856,2142502912,2139095040,2641926001
2124414976,2155872256,2152726528,2139095040,2131755008,2149580800,2148532224,2129657856,2143027200,2139881472,2641942001
2129657856,2144337920,2141192192,2126512128,2130706432,2148532224,2146435072,2129657856,2135425024,2138832896,2641958022
2134900736,2142240768,2150629376,2122317824,2128609280,2146435072,2144337920,2125463552,2137522176,2136211456,2641974025
2135949312,2141192192,2133852160,2116026368,2128609280,2143289344,2142240768,2123366400,2131755008,2134376448,2641990023
2121269248,2143289344,2136997888,2124414976,2128609280,2145386496,2143289344,2124414976,2131492864,2135425024,2642006025
2124414976,2157969408,2151677952,2139095040,2129657856,2149580800,2146435072,2129657856,2143289344,2138832896,2642022046
2126512128,2164260864,2157969408,2140143616,2131755008,2149580800,2147483648,2130706432,2147221504,2139881472,2642038043
2135949312,2140143616,2140143616,2123366400,2130706432,2148532224,2146435072,2129657856,2134900736,2138832896,2642054046
2136997888,2140143616,2138046464,2120220672,2129657856,2147483648,2143289344,2125463552,2133852160,2136473600,2642070045
2145386496,2136997888,2136997888,2118123520,2127560704,2145386496,2143289344,2124414976,2134376448,2135162880,2642086067
2139095040,2140143616,2135949312,2118123520,2128609280,2147483648,2144337920,2126512128,2133327872,2136735744,2642102065
2126512128,2143289344,2135949312,2124414976,2131755008,2147483648,2145386496,2127560704,2132541440,2138046464,2642118067
2125463552,2151677952,2143289344,2131755008,2131755008,2149580800,2146435072,2130706432,2138046464,2139619328,2642134067
2141192192,2141192192,2141192192,2120220672,2130706432,2149580800,2147483648,2130706432,2135949312,2139619328,2642150087
2126512128,2163212288,2162163712,2135949312,2130706432,2147483648,2145386496,2127560704,2146959360,2137784320,2642166086
2124414976,2160066560,2150629376,2133852160,2127560704,2146435072,2143289344,2125463552,2142240768,2135687168,2642182087
2140143616,2138046464,2135949312,2117074944,2128609280,2145386496,2143289344,2125463552,2132803584,2135687168,2642198088
2139095040,2139095040,2134900736,2120220672,2129657856,2147483648,2145386496,2126512128,2133327872,2137260032,2642214108
2131755008,2155872256,2160066560,2139095040,2131755008,2149580800,2147483648,2130706432,2146697216,2139881472,2642230106
2127560704,2162163712,2161115136,2136997888,2130706432,2150629376,2147483648,2130706432,2146959360,2139881472,2642247001
2140143616,2141192192,2140143616,2122317824,2129657856,2147483648,2145386496,2127560704,2135949312,2137522176,2642263001
2136997888,2153775104,2146435072,2127560704,2128609280,2146435072,2142240768,2125463552,2141192192,2135687168,2642279001
2132803584,2139095040,2134900736,2120220672,2127560704,2145386496,2143289344,2124414976,2131755008,2135162880,2642295000
2131755008,2145386496,2140143616,2120220672,2129657856,2147483648,2145386496,2127560704,2134376448,2137522176,2642311024
2129657856,2142240768,2140143616,2124414976,2130706432,2149580800,2146435072,2129657856,2134114304,2139095040,2642327024
2140143616,2142240768,2141192192,2124414976,2131755008,2149580800,2147483648,2129657856,2136997888,2139619328,2642343023
2129657856,2143289344,2142240768,2126512128,2130706432,2148532224,2146435072,2128609280,2135425024,2138570752,2642359024
2123366400,2142240768,2151677952,2121269248,2128609280,2145386496,2143289344,2124414976,2134638592,2135425024,2642375045
2123366400,2147483648,2136997888,2127560704,2127560704,2146435072,2143289344,2123366400,2133852160,2135162880,2642391046
2135949312,2144337920,2131755008,2122317824,2129657856,2146435072,2143289344,2125463552,2133590016,2136211456,2642407044
2122317824,2149580800,2145386496,2134900736,2130706432,2148532224,2146435072,2128609280,2138046464,2138570752,2642423044
2126512128,2164260864,2157969408,2143289344,2131755008,2149580800,2148532224,2130706432,2148007936,2140143616,2642439068
2147483648,2142240768,2142240768,2124414976,2131755008,2149580800,2146435072,2129657856,2139095040,2139357184,2642455068
2124414976,2149580800,2155872256,2132803584,2129657856,2146435072,2144337920,2126512128,2140667904,2136735744,2642471067
2120220672,2151677952,2152726528,2132803584,2128609280,2145386496,2142240768,2123366400,2139357184,2134900736,2642487064
2122317824,2159017984,2155872256,2133852160,2128609280,2146435072,2143289344,2125463552,2142765056,2135949312,2642503088
2132803584,2150629376,2153775104,2127560704,2130706432,2148532224,2146435072,2128609280,2141192192,2138570752,2642519089
2140143616,2143289344,2141192192,2123366400,2131755008,2149580800,2147483648,2129657856,2136997888,2139619328,2642535086
2133852160,2154823680,2152726528,2129657856,2132803584,2148532224,2146435072,2129657856,2142765056,2139357184,2642551088
2132803584,2141192192,2139095040,2123366400,2129657856,2147483648,2145386496,2127560704,2134114304,2137522176,2642567111
2132803584,2150629376,2150629376,2127560704,2127560704,2146435072,2142240768,2124414976,2140405760,2135162880,2642584001
2139095040,2136997888,2135949312,2117074944,2128609280,2145386496,2143289344,2124414976,2132279296,2135425024,2642600001
2140143616,2140143616,2142240768,2120220672,2129657856,2148532224,2146435072,2128609280,2135687168,2138308608,2642616001
2128609280,2159017984,2159017984,2141192192,2131755008,2149580800,2147483648,2129657856,2146959360,2139619328,2642632001
2125463552,2161115136,2157969408,2143289344,2131755008,2149580800,2147483648,2130706432,2146959360,2139881472,2642648024
2142240768,2153775104,2144337920,2123366400,2130706432,2147483648,2146435072,2127560704,2140930048,2138046464,2642664024
2131755008,2150629376,2151677952,2127560704,2127560704,2146435072,2142240768,2124414976,2140405760,2135162880,2642680022
2127560704,2152726528,2146435072,2127560704,2127560704,2146435072,2143289344,2124414976,2138570752,2135425024,2642696023
2136997888,2142240768,2144337920,2121269248,2129657856,2148532224,2145386496,2127560704,2136211456,2137784320,2642712045
2124414976,2147483648,2149580800,2130706432,2131755008,2149580800,2146435072,2129657856,2138046464,2139357184,2642728045
2139095040,2151677952,2150629376,2123366400,2131755008,2150629376,2147483648,2131755008,2141192192,2140405760,2642744043
2123366400,2155872256,2147483648,2143289344,2129657856,2148532224,2145386496,2128609280,2142502912,2138046464,2642760045
2136997888,2141192192,2136997888,2118123520,2129657856,2145386496,2143289344,2124414976,2133327872,2135687168,2642776067
2130706432,2154823680,2150629376,2131755008,2127560704,2145386496,2143289344,2124414976,2141978624,2135162880,2642792066
2123366400,2147483648,2142240768,2128609280,2128609280,2146435072,2144337920,2125463552,2135425024,2136211456,2642808065
2123366400,2148532224,2141192192,2131755008,2131755008,2147483648,2145386496,2128609280,2136211456,2138308608,2642824066
2126512128,2157969408,2157969408,2141192192,2131755008,2149580800,2147483648,2130706432,2145910784,2139881472,2642840088
2126512128,2160066560,2162163712,2141192192,2130706432,2148532224,2146435072,2128609280,2147483648,2138570752,2642856088
2138046464,2138046464,2138046464,2121269248,2129657856,2146435072,2144337920,2125463552,2133852160,2136473600,2642872085
2130706432,2150629376,2146435072,2126512128,2127560704,2146435072,2142240768,2124414976,2138570752,2135162880,2642888088
2135949312,2146435072,2134900736,2122317824,2129657856,2146435072,2143289344,2125463552,2134900736,2136211456,2642904109
2140143616,2149580800,2139095040,2123366400,2130706432,2148532224,2147483648,2128609280,2138046464,2138832896,2642920108
2128609280,2156920832,2154823680,2140143616,2132803584,2149580800,2147483648,2130706432,2145124352,2140143616,2642937001
2124414976,2155872256,2145386496,2139095040,2131755008,2149580800,2147483648,2130706432,2141192192,2139881472,2642953001
2123366400,2157969408,2148532224,2143289344,2129657856,2147483648,2144337920,2125463552,2143289344,2136735744,2642969001
2129657856,2155872256,2151677952,2129657856,2128609280,2145386496,2142240768,2123366400,2141716480,2134900736,2642985024
2126512128,2154823680,2155872256,2129657856,2127560704,2146435072,2143289344,2124414976,2141716480,2135425024,2643001023
2126512128,2153775104,2155872256,2129657856,2129657856,2147483648,2145386496,2127560704,2141454336,2137522176,2643017023
2132803584,2157969408,2156920832,2138046464,2131755008,2149580800,2147483648,2130706432,2146435072,2139881472,2643033023
2131755008,2157969408,2155872256,2135949312,2131755008,2149580800,2147483648,2130706432,2145386496,2139881472,2643049047
2138046464,2140143616,2139095040,2121269248,2129657856,2146435072,2145386496,2127560704,2134638592,2137260032,2643065044
2140143616,2143289344,2135949312,2118123520,2128609280,2145386496,2143289344,2124414976,2134376448,2135425024,2643081046
2138046464,2139095040,2135949312,2117074944,2128609280,2146435072,2143289344,2124414976,2132541440,2135687168,2643097047
2122317824,2143289344,2144337920,2126512128,2128609280,2146435072,2143289344,2126512128,2134114304,2136211456,2643113068
2130706432,2159017984,2152726528,2138046464,2130706432,2149580800,2147483648,2129657856,2145124352,2139357184,2643129067
2131755008,2157969408,2152726528,2134900736,2131755008,2149580800,2147483648,2130706432,2144337920,2139881472,2643145066
2131755008,2160066560,2153775104,2134900736,2129657856,2149580800,2146435072,2128609280,2145124352,2138570752,2643161065
2135949312,2142240768,2149580800,2118123520,2128609280,2146435072,2143289344,2125463552,2136473600,2135949312,2643177089
2121269248,2159017984,2155872256,2135949312,2126512128,2146435072,2143289344,2124414976,2143027200,2135162880,2643193087
2134900736,2149580800,2150629376,2127560704,2129657856,2146435072,2145386496,2125463552,2140667904,2136735744,2643209089
2122317824,2147483648,2139095040,2130706432,2130706432,2149580800,2146435072,2129657856,2134900736,2139095040,2643225087
2130706432,2157969408,2156920832,2129657856,2130706432,2149580800,2148532224,2130706432,2143813632,2139881472,2643241112
2130706432,2159017984,2162163712,2135949312,2130706432,2148532224,2146435072,2129657856,2146959360,2138832896,2643257106
2124414976,2159017984,2159017984,2133852160,2129657856,2146435072,2144337920,2124414976,2144075776,2136211456,2643274001
2134900736,2148532224,2149580800,2125463552,2127560704,2145386496,2142240768,2124414976,2139619328,2134900736,2643290001
2125463552,2139095040,2140143616,2117074944,2128609280,2147483648,2143289344,2126512128,2130444288,2136473600,2643306001
2136997888,2146435072,2145386496,2121269248,2130706432,2148532224,2147483648,2128609280,2137522176,2138832896,2643322000
2127560704,2154823680,2161115136,2129657856,2132803584,2150629376,2147483648,2131755008,2143289344,2140667904,2643338024
2125463552,2161115136,2155872256,2142240768,2131755008,2148532224,2147483648,2129657856,2146172928,2139357184,2643354025
2139095040,2144337920,2146435072,2120220672,2129657856,2146435072,2144337920,2126512128,2137522176,2136735744,2643370024
2125463552,2160066560,2157969408,2129657856,2127560704,2146435072,2142240768,2124414976,2143289344,2135162880,2643386024
2132803584,2139095040,2134900736,2120220672,2129657856,2146435072,2143289344,2124414976,2131755008,2135949312,2643402045
2142240768,2138046464,2136997888,2118123520,2129657856,2148532224,2145386496,2128609280,2133852160,2138046464,2643418045
2123366400,2155872256,2156920832,2139095040,2132803584,2149580800,2146435072,2130706432,2143813632,2139881472,2643434045
2126512128,2157969408,2160066560,2140143616,2130706432,2148532224,2147483648,2129657856,2146172928,2139095040,2643450044
2131755008,2143289344,2140143616,2124414976,2129657856,2147483648,2145386496,2127560704,2134900736,2137522176,2643466066
2123366400,2143289344,2144337920,2127560704,2128609280,2145386496,2142240768,2124414976,2134638592,2135162880,2643482066
2128609280,2150629376,2148532224,2132803584,2127560704,2146435072,2144337920,2124414976,2140143616,2135687168,2643498067
2120220672,2149580800,2147483648,2131755008,2129657856,2148532224,2144337920,2128609280,2137260032,2137784320,2643514064
2142240768,2143289344,2139095040,2122317824,2131755008,2149580800,2147483648,2130706432,2136735744,2139881472,2643530088
2131755008,2142240768,2143289344,2125463552,2132803584,2149580800,2147483648,2130706432,2135687168,2140143616,2643546088
2123366400,2142240768,2141192192,2125463552,2129657856,2148532224,2145386496,2128609280,2133065728,2138046464,2643562088
2121269248,2155872256,2151677952,2139095040,2127560704,2146435072,2144337920,2125463552,2141978624,2135949312,2643578085
2122317824,2143289344,2140143616,2122317824,2127560704,2145386496,2142240768,2123366400,2132017152,2134638592,2643594108
2131755008,2138046464,2136997888,2117074944,2129657856,2146435072,2144337920,2126512128,2130968576,2136735744,2643611001
2127560704,2145386496,2138046464,2127560704,2130706432,2148532224,2146435072,2129657856,2134638592,2138832896,2643627001
2131755008,2162163712,2156920832,2134900736,2131755008,2150629376,2148532224,2130706432,2146435072,2140405760,2643643001
2132803584,2156920832,2152726528,2135949312,2130706432,2148532224,2146435072,2128609280,2144600064,2138570752,2643659001
2134900736,2150629376,2151677952,2129657856,2129657856,2146435072,2143289344,2125463552,2141716480,2136211456,2643675025
2135949312,2140143616,2134900736,2118123520,2128609280,2145386496,2143289344,2124414976,2132279296,2135425024,2643691023
2127560704,2141192192,2136997888,2122317824,2128609280,2147483648,2143289344,2126512128,2132017152,2136473600,2643707022
2136997888,2138046464,2138046464,2120220672,2131755008,2149580800,2146435072,2128609280,2133327872,2139095040,2643723023
2132803584,2159017984,2159017984,2138046464,2130706432,2149580800,2148532224,2130706432,2147221504,2139881472,2643739047
2125463552,2142240768,2144337920,2127560704,2130706432,2148532224,2145386496,2129657856,2134900736,2138570752,2643755047
2134900736,2143289344,2135949312,2123366400,2129657856,2146435072,2144337920,2125463552,2134376448,2136473600,2643771044
2122317824,2140143616,2143289344,2123366400,2128609280,2145386496,2142240768,2124414976,2132279296,2135162880,2643787045
2124414976,2160066560,2150629376,2130706432,2127560704,2146435072,2144337920,2125463552,2141454336,2135949312,2643803067
2121269248,2147483648,2141192192,2130706432,2130706432,2148532224,2145386496,2127560704,2135162880,2138046464,2643819068
2127560704,2160066560,2156920832,2141192192,2132803584,2149580800,2147483648,2129657856,2146435072,2139881472,2643835065
2134900736,2153775104,2152726528,2125463552,2130706432,2148532224,2147483648,2129657856,2141716480,2139095040,2643851066
2123366400,2144337920,2140143616,2127560704,2130706432,2146435072,2144337920,2125463552,2133852160,2136735744,2643867090
2128609280,2155872256,2152726528,2130706432,2128609280,2146435072,2143289344,2125463552,2141978624,2135949312,2643883088
2138046464,2150629376,2138046464,2128609280,2128609280,2146435072,2143289344,2124414976,2138832896,2135687168,2643899088
2138046464,2141192192,2136997888,2118123520,2130706432,2147483648,2146435072,2127560704,2133590016,2138046464,2643915088
2139095040,2152726528,2154823680,2127560704,2131755008,2149580800,2146435072,2130706432,2143551488,2139619328,2643931109
2145386496,2146435072,2146435072,2126512128,2131755008,2149580800,2147483648,2129657856,2141192192,2139619328,2643947110
2121269248,2155872256,2147483648,2141192192,2129657856,2147483648,2145386496,2126512128,2141454336,2137260032,2643964001
2122317824,2155872256,2150629376,2134900736,2128609280,2145386496,2142240768,2124414976,2140930048,2135162880,2643980001
2125463552,2146435072,2150629376,2121269248,2128609280,2145386496,2143289344,2123366400,2135949312,2135162880,2643996001
2139095040,2135949312,2135949312,2117074944,2129657856,2147483648,2144337920,2127560704,2132017152,2137260032,2644012024
2135949312,2143289344,2139095040,2124414976,2131755008,2149580800,2146435072,2128609280,2135687168,2139095040,2644028023
2140143616,2146435072,2144337920,2122317824,2132803584,2150629376,2148532224,2130706432,2138308608,2140667904,2644044023
2132803584,2154823680,2150629376,2132803584,2129657856,2148532224,2145386496,2128609280,2142765056,2138046464,2644060024
2132803584,2146435072,2152726528,2121269248,2128609280,2147483648,2143289344,2125463552,2138308608,2136211456,2644076045
2122317824,2148532224,2147483648,2132803584,2128609280,2145386496,2143289344,2123366400,2137784320,2135162880,2644092045
2120220672,2151677952,2141192192,2139095040,2128609280,2147483648,2144337920,2126512128,2138046464,2136735744,2644108045
2136997888,2143289344,2138046464,2122317824,2131755008,2148532224,2147483648,2129657856,2135162880,2139357184,2644124046
2135949312,2140143616,2145386496,2122317824,2131755008,2149580800,2147483648,2129657856,2135949312,2139619328,2644140067
2124414976,2144337920,2149580800,2128609280,2130706432,2149580800,2146435072,2129657856,2136735744,2139095040,2644156067
2131755008,2138046464,2141192192,2126512128,2128609280,2146435072,2143289344,2126512128,2134376448,2136211456,2644172065
2122317824,2154823680,2153775104,2133852160,2127560704,2146435072,2143289344,2125463552,2141192192,2135687168,2644188068
2134900736,2139095040,2136997888,2118123520,2129657856,2146435072,2143289344,2125463552,2132279296,2136211456,2644204088
2131755008,2138046464,2138046464,2121269248,2130706432,2148532224,2146435072,2128609280,2132279296,2138570752,2644220086
2136997888,2146435072,2146435072,2124414976,2131755008,2149580800,2147483648,2130706432,2138570752,2139881472,2644236087
2141192192,2153775104,2145386496,2123366400,2131755008,2149580800,2147483648,2129657856,2140930048,2139619328,2644252087
2124414976,2148532224,2150629376,2132803584,2129657856,2147483648,2144337920,2126512128,2139095040,2136997888,2644268108
2124414976,2138046464,2135949312,2121269248,2127560704,2145386496,2142240768,2123366400,2129920000,2134638592,2644284106
2133852160,2140143616,2146435072,2117074944,2128609280,2147483648,2143289344,2125463552,2134376448,2136211456,2644301001
2138046464,2140143616,2138046464,2119172096,2130706432,2147483648,2145386496,2127560704,2133852160,2137784320,2644317001
2132803584,2156920832,2153775104,2138046464,2131755008,2149580800,2147483648,2130706432,2145386496,2139881472,2644333001
2141192192,2146435072,2150629376,2126512128,2131755008,2149580800,2146435072,2129657856,2141192192,2139357184,2644349001
2130706432,2162163712,2156920832,2134900736,2129657856,2147483648,2144337920,2127560704,2146172928,2137260032,2644365026
2121269248,2156920832,2157969408,2136997888,2128609280,2145386496,2143289344,2124414976,2143289344,2135425024,2644381023
2122317824,2144337920,2139095040,2126512128,2128609280,2145386496,2142240768,2124414976,2133065728,2135162880,2644397024
2139095040,2146435072,2142240768,2122317824,2129657856,2146435072,2145386496,2126512128,2137522176,2136997888,2644413022
2124414976,2150629376,2156920832,2136997888,2131755008,2149580800,2147483648,2130706432,2142240768,2139881472,2644429047
2130706432,2160066560,2159017984,2140143616,2130706432,2150629376,2147483648,2130706432,2147483648,2139881472,2644445045
2131755008,2157969408,2148532224,2131755008,2130706432,2149580800,2145386496,2128609280,2142502912,2138570752,2644461045
2120220672,2154823680,2147483648,2138046464,2128609280,2145386496,2143289344,2125463552,2140143616,2135687168,2644477043
2126512128,2155872256,2153775104,2129657856,2127560704,2145386496,2143289344,2123366400,2141454336,2134900736,2644493067
2119172096,2147483648,2143289344,2130706432,2129657856,2146435072,2144337920,2126512128,2135162880,2136735744,2644509066
2127560704,2143289344,2138046464,2126512128,2131755008,2148532224,2146435072,2128609280,2133852160,2138832896,2644525066
2125463552,2147483648,2155872256,2130706432,2132803584,2149580800,2147483648,2130706432,2139881472,2140143616,2644541064
2133852160,2142240768,2141192192,2125463552,2131755008,2148532224,2145386496,2129657856,2135687168,2138832896,2644557090
2139095040,2144337920,2146435072,2119172096,2128609280,2146435072,2144337920,2125463552,2137260032,2136211456,2644573087
2132803584,2151677952,2150629376,2121269248,2128609280,2145386496,2142240768,2123366400,2139095040,2134900736,2644589087
2130706432,2150629376,2150629376,2133852160,2128609280,2146435072,2143289344,2125463552,2141454336,2135949312,2644605088
2140143616,2140143616,2146435072,2121269248,2130706432,2148532224,2146435072,2128609280,2136997888,2138570752,2644621109
2123366400,2149580800,2151677952,2132803584,2132803584,2148532224,2147483648,2129657856,2139357184,2139619328,2644638001
2124414976,2152726528,2145386496,2139095040,2131755008,2149580800,2146435072,2128609280,2140405760,2139095040,2644654001
2128609280,2159017984,2159017984,2134900736,2129657856,2146435072,2143289344,2126512128,2145386496,2136473600,2644670001
2120220672,2148532224,2147483648,2130706432,2127560704,2145386496,2142240768,2124414976,2136735744,2134900736,2644686001
2143289344,2135949312,2138046464,2114977792,2127560704,2147483648,2144337920,2125463552,2133065728,2136211456,2644702022
2121269248,2142240768,2138046464,2123366400,2130706432,2148532224,2145386496,2128609280,2131230720,2138308608,2644718023
2140143616,2140143616,2139095040,2121269248,2131755008,2150629376,2147483648,2130706432,2135162880,2140143616,2644734023
2124414976,2153775104,2147483648,2139095040,2132803584,2148532224,2147483648,2129657856,2141192192,2139619328,2644750024
2122317824,2147483648,2143289344,2129657856,2129657856,2148532224,2145386496,2127560704,2135687168,2137784320,2644766045
