2123366400,2155872256,2151677952,2139095040,2130706432,2148532224,2145386496,2128609280,2142502912,2138308608,2645857068
2136997888,2150629376,2146435072,2125463552,2129657856,2147483648,2145386496,2127560704,2139881472,2137522176,2645873069
2125463552,2160066560,2157969408,2132803584,2129657856,2147483648,2146435072,2127560704,2144075776,2137784320,2645889065
2139095040,2152726528,2144337920,2129657856,2129657856,2147483648,2144337920,2127560704,2141454336,2137260032,2645905066
2133852160,2142240768,2141192192,2122317824,2130706432,2147483648,2144337920,2126512128,2134900736,2137260032,2645921089
2138046464,2138046464,2140143616,2122317824,2130706432,2147483648,2145386496,2127560704,2134638592,2137784320,2645937087
2130706432,2154823680,2154823680,2129657856,2128609280,2147483648,2144337920,2127560704,2142502912,2136997888,2645953090
2124414976,2147483648,2140143616,2131755008,2129657856,2147483648,2145386496,2127560704,2135949312,2137522176,2645969088
2132803584,2155872256,2152726528,2127560704,2129657856,2148532224,2145386496,2127560704,2142240768,2137784320,2645985109
2143289344,2139095040,2141192192,2117074944,2130706432,2147483648,2144337920,2127560704,2135162880,2137522176,2646001109
2133852160,2143289344,2136997888,2123366400,2130706432,2148532224,2144337920,2128609280,2134376448,2138046464,2646018001
2128609280,2141192192,2138046464,2124414976,2129657856,2147483648,2145386496,2127560704,2133065728,2137522176,2646034001
2123366400,2143289344,2142240768,2123366400,2128609280,2146435072,2144337920,2125463552,2133065728,2136211456,2646050001
2122317824,2155872256,2153775104,2134900736,2127560704,2145386496,2141192192,2123366400,2141716480,2134376448,2646066023
2130706432,2142240768,2145386496,2120220672,2128609280,2146435072,2143289344,2125463552,2134638592,2135949312,2646082022
2124414976,2161115136,2156920832,2139095040,2130706432,2148532224,2146435072,2128609280,2145386496,2138570752,2646098023
2139095040,2142240768,2139095040,2124414976,2131755008,2150629376,2147483648,2131755008,2136211456,2140405760,2646114023
2130706432,2159017984,2156920832,2145386496,2131755008,2148532224,2146435072,2129657856,2148007936,2139095040,2646130047
2129657856,2140143616,2139095040,2121269248,2130706432,2146435072,2144337920,2125463552,2132541440,2136735744,2646146043
2128609280,2150629376,2150629376,2131755008,2127560704,2145386496,2143289344,2124414976,2140405760,2135162880,2646162045
2122317824,2151677952,2152726528,2132803584,2128609280,2145386496,2143289344,2124414976,2139881472,2135425024,2646178044
2138046464,2146435072,2135949312,2119172096,2130706432,2147483648,2146435072,2127560704,2134900736,2138046464,2646194066
2140143616,2143289344,2138046464,2122317824,2131755008,2150629376,2148532224,2130706432,2135949312,2140405760,2646210065
2126512128,2154823680,2149580800,2141192192,2130706432,2149580800,2148532224,2130706432,2143027200,2139881472,2646226066
2125463552,2147483648,2138046464,2127560704,2129657856,2147483648,2145386496,2127560704,2134638592,2137522176,2646242068
2135949312,2154823680,2143289344,2125463552,2127560704,2146435072,2142240768,2124414976,2139881472,2135162880,2646258087
2120220672,2152726528,2140143616,2136997888,2127560704,2145386496,2142240768,2124414976,2137522176,2134900736,2646274086
2121269248,2149580800,2150629376,2132803584,2129657856,2146435072,2144337920,2126512128,2138570752,2136735744,2646290086
2124414976,2154823680,2151677952,2140143616,2131755008,2149580800,2147483648,2130706432,2142765056,2139881472,2646306088
2130706432,2157969408,2156920832,2129657856,2131755008,2150629376,2148532224,2131755008,2143813632,2140667904,2646322109
2136997888,2154823680,2154823680,2131755008,2130706432,2147483648,2145386496,2127560704,2144600064,2137784320,2646338109
2127560704,2138046464,2142240768,2121269248,2128609280,2145386496,2143289344,2124414976,2132279296,2135425024,2646355001
2129657856,2138046464,2134900736,2120220672,2127560704,2145386496,2142240768,2123366400,2130706432,2134638592,2646371001
2125463552,2139095040,2143289344,2118123520,2128609280,2147483648,2144337920,2126512128,2131492864,2136735744,2646387001
2127560704,2162163712,2155872256,2134900736,2130706432,2149580800,2146435072,2129657856,2145124352,2139095040,2646403001
2139095040,2143289344,2141192192,2123366400,2132803584,2149580800,2148532224,2131755008,2136735744,2140667904,2646419025
2144337920,2142240768,2141192192,2123366400,2130706432,2148532224,2146435072,2129657856,2137784320,2138832896,2646435024
2135949312,2146435072,2149580800,2119172096,2128609280,2147483648,2144337920,2126512128,2137784320,2136735744,2646451024
2121269248,2141192192,2135949312,2120220672,2126512128,2145386496,2142240768,2123366400,2129657856,2134376448,2646467022
2134900736,2138046464,2135949312,2117074944,2129657856,2145386496,2142240768,2124414976,2131492864,2135425024,2646483044
2121269248,2146435072,2143289344,2129657856,2131755008,2147483648,2145386496,2127560704,2135162880,2138046464,2646499045
2133852160,2144337920,2141192192,2126512128,2131755008,2149580800,2148532224,2130706432,2136473600,2140143616,2646515045
2144337920,2143289344,2143289344,2124414976,2132803584,2148532224,2146435072,2128609280,2138832896,2139095040,2646531045
2136997888,2142240768,2146435072,2126512128,2129657856,2146435072,2144337920,2126512128,2138046464,2136735744,2646547068
2122317824,2155872256,2148532224,2135949312,2127560704,2144337920,2142240768,2123366400,2140667904,2134376448,2646563066
2131755008,2136997888,2135949312,2116026368,2128609280,2145386496,2142240768,2123366400,2130182144,2134900736,2646579066
2133852160,2146435072,2149580800,2122317824,2129657856,2148532224,2146435072,2128609280,2138046464,2138308608,2646595065
2130706432,2141192192,2142240768,2126512128,2131755008,2150629376,2147483648,2130706432,2135162880,2140143616,2646611088
2139095040,2143289344,2141192192,2124414976,2132803584,2148532224,2148532224,2129657856,2136997888,2139881472,2646627090
2124414976,2145386496,2139095040,2127560704,2129657856,2147483648,2144337920,2127560704,2134114304,2137260032,2646643089
2126512128,2155872256,2154823680,2131755008,2127560704,2145386496,2143289344,2123366400,2142240768,2134900736,2646659088
2121269248,2147483648,2133852160,2130706432,2127560704,2145386496,2142240768,2124414976,2133327872,2134900736,2646675108
2132803584,2146435072,2146435072,2120220672,2129657856,2147483648,2145386496,2127560704,2136473600,2137522176,2646692001
2123366400,2153775104,2147483648,2136997888,2131755008,2149580800,2146435072,2130706432,2140405760,2139619328,2646708001
2126512128,2163212288,2163212288,2139095040,2131755008,2149580800,2148532224,2130706432,2148007936,2140143616,2646724001
2123366400,2159017984,2155872256,2141192192,2130706432,2148532224,2145386496,2128609280,2144862208,2138308608,2646740001
2122317824,2147483648,2141192192,2130706432,2127560704,2146435072,2143289344,2125463552,2135425024,2135687168,2646756024
2134900736,2133852160,2134900736,2114977792,2128609280,2145386496,2141192192,2123366400,2129657856,2134638592,2646772024
2121269248,2147483648,2141192192,2127560704,2128609280,2147483648,2144337920,2127560704,2134376448,2136997888,2646788024
2141192192,2142240768,2140143616,2121269248,2131755008,2149580800,2147483648,2129657856,2136211456,2139619328,2646804023
2135949312,2153775104,2150629376,2126512128,2132803584,2150629376,2147483648,2130706432,2141716480,2140405760,2646820047
2143289344,2154823680,2152726528,2125463552,2130706432,2149580800,2146435072,2129657856,2144075776,2139095040,2646836045
2130706432,2154823680,2150629376,2129657856,2128609280,2146435072,2143289344,2125463552,2141454336,2135949312,2646852045
2122317824,2149580800,2152726528,2132803584,2127560704,2145386496,2142240768,2124414976,2139357184,2134900736,2646868045
2133852160,2146435072,2148532224,2118123520,2128609280,2146435072,2144337920,2125463552,2136735744,2136211456,2646884067
2124414976,2156920832,2154823680,2136997888,2131755008,2148532224,2145386496,2128609280,2143289344,2138570752,2646900067
2124414976,2147483648,2143289344,2127560704,2132803584,2149580800,2147483648,2131755008,2135687168,2140405760,2646916065
2143289344,2145386496,2141192192,2126512128,2130706432,2148532224,2146435072,2129657856,2139095040,2138832896,2646932066
2129657856,2141192192,2136997888,2124414976,2129657856,2146435072,2144337920,2126512128,2133065728,2136735744,2646948087
2140143616,2138046464,2133852160,2119172096,2127560704,2144337920,2141192192,2123366400,2132803584,2134114304,2646964090
2122317824,2157969408,2153775104,2130706432,2128609280,2146435072,2143289344,2124414976,2141192192,2135687168,2646980085
2123366400,2148532224,2152726528,2131755008,2130706432,2147483648,2145386496,2127560704,2139095040,2137784320,2646996090
2127560704,2144337920,2142240768,2126512128,2131755008,2149580800,2147483648,2131755008,2135162880,2140143616,2647012110
2124414976,2147483648,2143289344,2130706432,2130706432,2149580800,2147483648,2130706432,2136473600,2139619328,2647028107
2140143616,2140143616,2140143616,2121269248,2129657856,2147483648,2144337920,2126512128,2135425024,2136997888,2647045001
2122317824,2156920832,2154823680,2135949312,2128609280,2144337920,2142240768,2123366400,2142502912,2134638592,2647061001
2123366400,2138046464,2142240768,2120220672,2128609280,2145386496,2143289344,2124414976,2130968576,2135425024,2647077001
2121269248,2143289344,2143289344,2123366400,2130706432,2147483648,2145386496,2127560704,2132803584,2137784320,2647093023
2127560704,2159017984,2154823680,2141192192,2132803584,2149580800,2147483648,2129657856,2145648640,2139881472,2647109022
2126512128,2154823680,2161115136,2139095040,2130706432,2150629376,2148532224,2131755008,2145386496,2140405760,2647125024
2129657856,2142240768,2140143616,2125463552,2129657856,2148532224,2146435072,2128609280,2134376448,2138308608,2647141023
2121269248,2151677952,2143289344,2139095040,2127560704,2146435072,2143289344,2125463552,2138832896,2135687168,2647157046
2132803584,2146435072,2146435072,2120220672,2128609280,2145386496,2142240768,2124414976,2136473600,2135162880,2647173045
2124414976,2154823680,2152726528,2135949312,2129657856,2147483648,2145386496,2126512128,2141978624,2137260032,2647189047
2132803584,2156920832,2154823680,2138046464,2131755008,2149580800,2146435072,2129657856,2145648640,2139357184,2647205045
2127560704,2142240768,2142240768,2128609280,2131755008,2149580800,2147483648,2131755008,2135162880,2140143616,2647221066
2134900736,2154823680,2156920832,2134900736,2130706432,2147483648,2146435072,2128609280,2145386496,2138308608,2647237064
2141192192,2140143616,2138046464,2120220672,2128609280,2146435072,2142240768,2124414976,2134900736,2135425024,2647253067
2127560704,2139095040,2136997888,2118123520,2128609280,2144337920,2142240768,2123366400,2130444288,2134638592,2647269067
2121269248,2148532224,2147483648,2131755008,2128609280,2147483648,2144337920,2126512128,2137260032,2136735744,2647285089
2131755008,2141192192,2144337920,2121269248,2131755008,2148532224,2146435072,2128609280,2134638592,2138832896,2647301087
2124414976,2154823680,2151677952,2140143616,2131755008,2150629376,2148532224,2131755008,2142765056,2140667904,2647317089
2143289344,2145386496,2141192192,2124414976,2130706432,2149580800,2147483648,2129657856,2138570752,2139357184,2647333087
2136997888,2138046464,2138046464,2120220672,2129657856,2146435072,2143289344,2125463552,2133327872,2136211456,2647349109
2121269248,2142240768,2139095040,2125463552,2127560704,2145386496,2142240768,2122317824,2132017152,2134376448,2647365107
2130706432,2146435072,2150629376,2121269248,2128609280,2146435072,2144337920,2125463552,2137260032,2136211456,2647382001
2126512128,2156920832,2157969408,2138046464,2130706432,2148532224,2146435072,2128609280,2144862208,2138570752,2647398001
2131755008,2155872256,2154823680,2129657856,2131755008,2150629376,2147483648,2131755008,2143027200,2140405760,2647414001
2130706432,2155872256,2154823680,2138046464,2131755008,2148532224,2147483648,2129657856,2144862208,2139357184,2647430001
2124414976,2147483648,2143289344,2130706432,2128609280,2146435072,2144337920,2126512128,2136473600,2136473600,2647446023
2131755008,2153775104,2151677952,2126512128,2126512128,2145386496,2143289344,2124414976,2140930048,2134900736,2647462023
2124414976,2155872256,2155872256,2133852160,2127560704,2146435072,2142240768,2125463552,2142502912,2135425024,2647478023
2127560704,2138046464,2136997888,2121269248,2129657856,2147483648,2145386496,2126512128,2130968576,2137260032,2647494023
2139095040,2152726528,2151677952,2126512128,2131755008,2150629376,2147483648,2131755008,2142502912,2140405760,2647510046
2138046464,2146435072,2150629376,2125463552,2132803584,2149580800,2147483648,2130706432,2140143616,2140143616,2647526046
2145386496,2146435072,2144337920,2122317824,2130706432,2147483648,2145386496,2126512128,2139619328,2137522176,2647542044
2139095040,2146435072,2138046464,2121269248,2128609280,2146435072,2143289344,2124414976,2136211456,2135687168,2647558046
2138046464,2138046464,2133852160,2118123520,2127560704,2145386496,2142240768,2124414976,2132017152,2134900736,2647574066
2133852160,2150629376,2143289344,2125463552,2129657856,2147483648,2144337920,2127560704,2138308608,2137260032,2647590067
2124414976,2166358016,2155872256,2143289344,2130706432,2150629376,2147483648,2131755008,2147483648,2140143616,2647606068
2138046464,2144337920,2143289344,2123366400,2131755008,2150629376,2147483648,2131755008,2137260032,2140405760,2647622066
2143289344,2141192192,2141192192,2122317824,2130706432,2147483648,2145386496,2128609280,2136997888,2138046464,2647638087
2124414976,2153775104,2157969408,2136997888,2128609280,2146435072,2143289344,2125463552,2143289344,2135949312,2647654086
2141192192,2140143616,2135949312,2120220672,2127560704,2145386496,2141192192,2124414976,2134376448,2134638592,2647670088
2122317824,2141192192,2141192192,2124414976,2129657856,2146435072,2144337920,2125463552,2132279296,2136473600,2647686086
2122317824,2147483648,2141192192,2128609280,2130706432,2149580800,2146435072,2129657856,2134900736,2139095040,2647702109
2133852160,2157969408,2153775104,2129657856,2132803584,2149580800,2148532224,2129657856,2143813632,2140143616,2647719001
2127560704,2145386496,2140143616,2128609280,2131755008,2147483648,2145386496,2127560704,2135425024,2138046464,2647735001
2139095040,2150629376,2143289344,2127560704,2128609280,2147483648,2143289344,2126512128,2140143616,2136473600,2647751001
2135949312,2138046464,2133852160,2118123520,2128609280,2145386496,2142240768,2123366400,2131492864,2134900736,2647767001
2119172096,2147483648,2147483648,2126512128,2128609280,2145386496,2143289344,2124414976,2135162880,2135425024,2647783023
2125463552,2157969408,2157969408,2132803584,2130706432,2149580800,2146435072,2129657856,2143551488,2139095040,2647799024
2134900736,2154823680,2154823680,2138046464,2132803584,2149580800,2148532224,2131755008,2145648640,2140667904,2647815024
2123366400,2149580800,2147483648,2134900736,2130706432,2149580800,2147483648,2130706432,2138832896,2139619328,2647831023
2138046464,2141192192,2141192192,2122317824,2128609280,2147483648,2144337920,2126512128,2135687168,2136735744,2647847045
2122317824,2145386496,2136997888,2126512128,2127560704,2145386496,2142240768,2123366400,2132803584,2134638592,2647863046
2131755008,2138046464,2133852160,2118123520,2127560704,2145386496,2142240768,2124414976,2130444288,2134900736,2647879047
2136997888,2138046464,2139095040,2117074944,2130706432,2147483648,2145386496,2128609280,2132803584,2138046464,2647895047
2125463552,2147483648,2140143616,2130706432,2131755008,2149580800,2148532224,2130706432,2135949312,2140143616,2647911068
2145386496,2146435072,2142240768,2126512128,2131755008,2149580800,2147483648,2130706432,2140143616,2139881472,2647927066
2123366400,2159017984,2153775104,2142240768,2129657856,2146435072,2145386496,2126512128,2144600064,2136997888,2647943066
2127560704,2157969408,2153775104,2128609280,2128609280,2146435072,2142240768,2124414976,2141978624,2135425024,2647959066
2120220672,2143289344,2136997888,2126512128,2127560704,2145386496,2142240768,2123366400,2131755008,2134638592,2647975088
2130706432,2151677952,2150629376,2128609280,2129657856,2147483648,2145386496,2127560704,2140405760,2137522176,2647991088
2139095040,2146435072,2146435072,2125463552,2131755008,2149580800,2146435072,2130706432,2139357184,2139619328,2648007086
2141192192,2143289344,2143289344,2126512128,2131755008,2149580800,2147483648,2130706432,2138570752,2139881472,2648023090
2142240768,2153775104,2139095040,2125463552,2131755008,2147483648,2145386496,2127560704,2140143616,2138046464,2648039110
2128609280,2157969408,2150629376,2131755008,2128609280,2145386496,2143289344,2124414976,2142240768,2135425024,2648055111
2125463552,2153775104,2152726528,2129657856,2127560704,2145386496,2142240768,2122317824,2140405760,2134376448,2648072001
2123366400,2155872256,2151677952,2132803584,2129657856,2146435072,2144337920,2126512128,2140930048,2136735744,2648088001
2124414976,2155872256,2140143616,2139095040,2130706432,2149580800,2146435072,2130706432,2139881472,2139357184,2648104001
2142240768,2142240768,2142240768,2126512128,2132803584,2149580800,2148532224,2129657856,2138308608,2140143616,2648120023
2128609280,2150629376,2148532224,2133852160,2131755008,2148532224,2145386496,2128609280,2140405760,2138570752,2648136024
2127560704,2142240768,2152726528,2124414976,2128609280,2146435072,2143289344,2125463552,2136735744,2135949312,2648152023
2136997888,2139095040,2133852160,2117074944,2127560704,2145386496,2141192192,2123366400,2131755008,2134376448,2648168023
2136997888,2140143616,2135949312,2117074944,2128609280,2146435072,2144337920,2125463552,2132541440,2136211456,2648184045
2135949312,2151677952,2144337920,2128609280,2130706432,2148532224,2147483648,2129657856,2140143616,2139095040,2648200045
2124414976,2150629376,2147483648,2139095040,2131755008,2150629376,2148532224,2131755008,2140405760,2140667904,2648216047
2136997888,2144337920,2146435072,2125463552,2131755008,2148532224,2146435072,2129657856,2138308608,2139095040,2648232046
2136997888,2142240768,2146435072,2121269248,2128609280,2146435072,2144337920,2125463552,2136735744,2136211456,2648248066
2141192192,2141192192,2139095040,2116026368,2127560704,2145386496,2142240768,2123366400,2134376448,2134638592,2648264066
2133852160,2139095040,2145386496,2117074944,2127560704,2146435072,2143289344,2124414976,2133852160,2135425024,2648280066
2129657856,2140143616,2136997888,2121269248,2131755008,2147483648,2145386496,2127560704,2132017152,2138046464,2648296066
2141192192,2143289344,2141192192,2124414976,2132803584,2149580800,2147483648,2130706432,2137522176,2140143616,2648312087
2130706432,2161115136,2159017984,2140143616,2131755008,2149580800,2147483648,2130706432,2147745792,2139881472,2648328087
2132803584,2142240768,2138046464,2121269248,2129657856,2147483648,2145386496,2127560704,2133590016,2137522176,2648344090
2134900736,2151677952,2146435072,2129657856,2128609280,2145386496,2141192192,2124414976,2140667904,2134900736,2648360088
2123366400,2142240768,2152726528,2125463552,2128609280,2145386496,2142240768,2123366400,2135949312,2134900736,2648376109
2124414976,2143289344,2134900736,2124414976,2129657856,2147483648,2144337920,2127560704,2131755008,2137260032,2648392108
2130706432,2157969408,2156920832,2135949312,2132803584,2148532224,2147483648,2129657856,2145386496,2139619328,2648409001
2126512128,2147483648,2139095040,2130706432,2132803584,2148532224,2146435072,2129657856,2135949312,2139357184,2648425001
2125463552,2157969408,2157969408,2143289344,2130706432,2148532224,2144337920,2127560704,2146172928,2137784320,2648441001
2134900736,2152726528,2149580800,2121269248,2127560704,2146435072,2143289344,2124414976,2139619328,2135425024,2648457000
2138046464,2135949312,2135949312,2116026368,2127560704,2145386496,2142240768,2123366400,2131492864,2134638592,2648473024
2122317824,2156920832,2161115136,2133852160,2128609280,2148532224,2145386496,2127560704,2143551488,2137522176,2648489023
2133852160,2140143616,2141192192,2123366400,2131755008,2149580800,2147483648,2130706432,2134638592,2139881472,2648505023
2135949312,2156920832,2159017984,2135949312,2131755008,2150629376,2147483648,2131755008,2146959360,2140405760,2648521022
2126512128,2164260864,2164260864,2141192192,2130706432,2148532224,2146435072,2129657856,2149056512,2138832896,2648537046
2123366400,2140143616,2139095040,2121269248,2128609280,2146435072,2143289344,2125463552,2130968576,2135949312,2648553045
2133852160,2138046464,2134900736,2118123520,2127560704,2145386496,2142240768,2124414976,2131230720,2134900736,2648569047
2119172096,2155872256,2150629376,2136997888,2129657856,2146435072,2143289344,2125463552,2140667904,2136211456,2648585044
2124414976,2146435072,2147483648,2129657856,2131755008,2149580800,2146435072,2129657856,2136997888,2139357184,2648601066
2142240768,2143289344,2141192192,2122317824,2131755008,2149580800,2147483648,2130706432,2137260032,2139881472,2648617068
2133852160,2160066560,2157969408,2139095040,2131755008,2148532224,2146435072,2129657856,2147745792,2139095040,2648633067
2140143616,2138046464,2138046464,2121269248,2128609280,2146435072,2144337920,2126512128,2134376448,2136473600,2648649066
2130706432,2156920832,2147483648,2134900736,2128609280,2146435072,2142240768,2124414976,2142502912,2135425024,2648665087
2125463552,2138046464,2138046464,2118123520,2127560704,2145386496,2143289344,2125463552,2129920000,2135425024,2648681088
2123366400,2147483648,2149580800,2130706432,2129657856,2148532224,2146435072,2129657856,2137784320,2138570752,2648697087
2121269248,2160066560,2156920832,2142240768,2132803584,2150629376,2148532224,2131755008,2145124352,2140930048,2648713087
2125463552,2160066560,2160066560,2143289344,2132803584,2148532224,2147483648,2129657856,2147221504,2139619328,2648729110
2124414976,2155872256,2152726528,2135949312,2128609280,2147483648,2144337920,2127560704,2142240768,2136997888,2648746001
2126512128,2155872256,2152726528,2133852160,2127560704,2144337920,2142240768,2122317824,2142240768,2134114304,2648762001
2135949312,2146435072,2144337920,2117074944,2127560704,2145386496,2142240768,2124414976,2135949312,2134900736,2648778000
2129657856,2152726528,2146435072,2124414976,2129657856,2148532224,2145386496,2128609280,2138308608,2138046464,2648794001
2139095040,2146435072,2141192192,2124414976,2131755008,2149580800,2148532224,2130706432,2137784320,2140143616,2648810023
2128609280,2161115136,2160066560,2140143616,2131755008,2149580800,2147483648,2131755008,2147483648,2140143616,2648826023
2123366400,2159017984,2157969408,2142240768,2129657856,2147483648,2145386496,2127560704,2145648640,2137522176,2648842022
2134900736,2139095040,2146435072,2117074944,2128609280,2146435072,2143289344,2124414976,2134376448,2135687168,2648858023
2132803584,2150629376,2146435072,2125463552,2127560704,2145386496,2142240768,2124414976,2138832896,2134900736,2648874044
2119172096,2155872256,2149580800,2138046464,2128609280,2147483648,2145386496,2127560704,2140667904,2137260032,2648890047
2122317824,2149580800,2145386496,2133852160,2131755008,2148532224,2146435072,2129657856,2137784320,2139095040,2648906046
2125463552,2162163712,2159017984,2145386496,2132803584,2150629376,2148532224,2131755008,2148007936,2140930048,2648922045
2123366400,2152726528,2147483648,2139095040,2130706432,2148532224,2146435072,2128609280,2140667904,2138570752,2648938069
2138046464,2139095040,2139095040,2119172096,2128609280,2146435072,2143289344,2124414976,2133852160,2135687168,2648954068
2131755008,2135949312,2133852160,2114977792,2127560704,2145386496,2142240768,2124414976,2129133568,2134900736,2648970066
2122317824,2143289344,2143289344,2124414976,2129657856,2146435072,2144337920,2126512128,2133327872,2136735744,2648986066
2141192192,2142240768,2140143616,2123366400,2131755008,2148532224,2146435072,2129657856,2136735744,2139095040,2649002086
2128609280,2145386496,2145386496,2128609280,2131755008,2149580800,2147483648,2130706432,2136997888,2139881472,2649018087
2125463552,2160066560,2150629376,2145386496,2131755008,2148532224,2147483648,2129657856,2145386496,2139357184,2649034086
2132803584,2141192192,2138046464,2122317824,2128609280,2147483648,2144337920,2125463552,2133590016,2136473600,2649050090
2126512128,2157969408,2152726528,2131755008,2126512128,2145386496,2142240768,2123366400,2142240768,2134376448,2649066109
2120220672,2154823680,2147483648,2136997888,2127560704,2146435072,2143289344,2125463552,2139881472,2135687168,2649082111
2123366400,2151677952,2151677952,2132803584,2130706432,2149580800,2146435072,2129657856,2139881472,2139095040,2649099001
2123366400,2147483648,2147483648,2132803584,2130706432,2149580800,2147483648,2130706432,2137784320,2139619328,2649115001
2130706432,2155872256,2159017984,2139095040,2131755008,2149580800,2146435072,2129657856,2146172928,2139357184,2649131001
2139095040,2139095040,2138046464,2119172096,2128609280,2146435072,2144337920,2126512128,2133852160,2136473600,2649147024
2122317824,2147483648,2145386496,2128609280,2127560704,2145386496,2142240768,2123366400,2135949312,2134638592,2649163025
2126512128,2154823680,2146435072,2129657856,2127560704,2146435072,2143289344,2125463552,2139357184,2135687168,2649179023
2121269248,2151677952,2149580800,2134900736,2129657856,2147483648,2145386496,2128609280,2139357184,2137784320,2649195023
2138046464,2140143616,2140143616,2123366400,2131755008,2150629376,2147483648,2131755008,2135425024,2140405760,2649211045
2141192192,2141192192,2140143616,2123366400,2131755008,2149580800,2147483648,2130706432,2136473600,2139881472,2649227044
2124414976,2147483648,2142240768,2131755008,2129657856,2147483648,2144337920,2127560704,2136473600,2137260032,2649243045
2121269248,2147483648,2147483648,2130706432,2128609280,2144337920,2143289344,2123366400,2136735744,2134900736,2649259046
2120220672,2145386496,2139095040,2127560704,2127560704,2145386496,2142240768,2123366400,2133065728,2134638592,2649275066
2121269248,2142240768,2136997888,2126512128,2129657856,2147483648,2144337920,2127560704,2131755008,2137260032,2649291066
2127560704,2156920832,2160066560,2139095040,2130706432,2150629376,2147483648,2131755008,2145910784,2140143616,2649307068
2145386496,2143289344,2141192192,2122317824,2131755008,2150629376,2147483648,2131755008,2138046464,2140405760,2649323067
2124414976,2145386496,2149580800,2130706432,2130706432,2148532224,2146435072,2128609280,2137522176,2138570752,2649339088
2140143616,2139095040,2136997888,2117074944,2128609280,2145386496,2142240768,2124414976,2133327872,2135162880,2649355087
2134900736,2139095040,2135949312,2118123520,2128609280,2145386496,2142240768,2123366400,2132017152,2134900736,2649371087
2122317824,2160066560,2151677952,2133852160,2128609280,2147483648,2143289344,2126512128,2141978624,2136473600,2649387088
2124414976,2150629376,2145386496,2133852160,2131755008,2148532224,2146435072,2129657856,2138570752,2139095040,2649403110
2129657856,2143289344,2143289344,2127560704,2131755008,2149580800,2147483648,2131755008,2135949312,2140143616,2649419108
2127560704,2142240768,2143289344,2125463552,2131755008,2147483648,2146435072,2127560704,2134638592,2138308608,2649436001
2134900736,2145386496,2150629376,2121269248,2128609280,2146435072,2144337920,2125463552,2138046464,2136211456,2649452001
2122317824,2152726528,2155872256,2131755008,2126512128,2146435072,2142240768,2124414976,2140667904,2134900736,2649468001
2132803584,2152726528,2150629376,2129657856,2129657856,2146435072,2144337920,2125463552,2141454336,2136473600,2649484001
2140143616,2138046464,2138046464,2120220672,2130706432,2148532224,2145386496,2128609280,2134114304,2138308608,2649500024
2142240768,2142240768,2140143616,2124414976,2132803584,2150629376,2148532224,2130706432,2137260032,2140667904,2649516022
2128609280,2163212288,2160066560,2136997888,2131755008,2148532224,2146435072,2129657856,2147221504,2139095040,2649532024
2129657856,2153775104,2155872256,2133852160,2129657856,2146435072,2143289344,2125463552,2143289344,2136211456,2649548022
2121269248,2143289344,2139095040,2125463552,2127560704,2145386496,2142240768,2124414976,2132279296,2134900736,2649564045
2122317824,2146435072,2152726528,2129657856,2127560704,2146435072,2143289344,2124414976,2137784320,2135425024,2649580045
2125463552,2154823680,2154823680,2131755008,2130706432,2147483648,2146435072,2127560704,2141716480,2138046464,2649596045
2142240768,2142240768,2140143616,2124414976,2132803584,2149580800,2147483648,2130706432,2137260032,2140143616,2649612045
2126512128,2161115136,2157969408,2140143616,2131755008,2149580800,2147483648,2130706432,2146435072,2139881472,2649628066
2123366400,2143289344,2147483648,2125463552,2130706432,2147483648,2144337920,2126512128,2134900736,2137260032,2649644068
2128609280,2155872256,2146435072,2127560704,2127560704,2145386496,2143289344,2124414976,2139619328,2135162880,2649660067
2139095040,2152726528,2142240768,2124414976,2128609280,2145386496,2142240768,2124414976,2139619328,2135162880,2649676066
2121269248,2159017984,2156920832,2128609280,2129657856,2147483648,2145386496,2126512128,2141454336,2137260032,2649692088
2123366400,2147483648,2145386496,2131755008,2131755008,2149580800,2147483648,2131755008,2136997888,2140143616,2649708087
2123366400,2151677952,2149580800,2139095040,2131755008,2149580800,2147483648,2130706432,2140930048,2139881472,2649724088
2125463552,2154823680,2155872256,2140143616,2130706432,2147483648,2145386496,2127560704,2144075776,2137784320,2649740086
2124414976,2140143616,2143289344,2119172096,2128609280,2145386496,2142240768,2123366400,2131755008,2134900736,2649756108
2138046464,2146435072,2133852160,2118123520,2128609280,2144337920,2142240768,2123366400,2134114304,2134638592,2649773001
2123366400,2152726528,2154823680,2133852160,2128609280,2147483648,2144337920,2126512128,2141192192,2136735744,2649789001
2122317824,2151677952,2144337920,2136997888,2131755008,2148532224,2146435072,2129657856,2138832896,2139095040,2649805000
2125463552,2155872256,2152726528,2139095040,2132803584,2150629376,2148532224,2131755008,2143289344,2140930048,2649821001
2136997888,2142240768,2140143616,2125463552,2130706432,2148532224,2145386496,2129657856,2136211456,2138570752,2649837023
2129657856,2140143616,2138046464,2121269248,2128609280,2146435072,2143289344,2125463552,2132279296,2135949312,2649853024
2139095040,2149580800,2136997888,2120220672,2127560704,2144337920,2142240768,2122317824,2136473600,2134114304,2649869022
2135949312,2136997888,2134900736,2116026368,2129657856,2146435072,2143289344,2125463552,2130968576,2136211456,2649885024
2140143616,2141192192,2140143616,2119172096,2131755008,2148532224,2146435072,2129657856,2135162880,2139095040,2649901047
2143289344,2142240768,2141192192,2123366400,2132803584,2150629376,2148532224,2131755008,2137522176,2140930048,2649917044
2139095040,2143289344,2139095040,2124414976,2130706432,2148532224,2147483648,2129657856,2136473600,2139095040,2649933043
2129657856,2143289344,2139095040,2124414976,2129657856,2146435072,2143289344,2125463552,2134114304,2136211456,2649949047
2123366400,2139095040,2139095040,2121269248,2127560704,2145386496,2142240768,2123366400,2130706432,2134638592,2649965066
2127560704,2138046464,2138046464,2118123520,2128609280,2146435072,2142240768,2124414976,2130444288,2135425024,2649981066
2135949312,2139095040,2135949312,2119172096,2130706432,2147483648,2145386496,2128609280,2132541440,2138046464,2649997064
2143289344,2141192192,2142240768,2123366400,2132803584,2149580800,2147483648,2130706432,2137522176,2140143616,2650013067
2141192192,2144337920,2142240768,2122317824,2131755008,2149580800,2147483648,2130706432,2137522176,2139881472,2650029089
2123366400,2153775104,2153775104,2139095040,2129657856,2147483648,2144337920,2126512128,2142502912,2136997888,2650045086
2131755008,2138046464,2138046464,2119172096,2127560704,2145386496,2142240768,2123366400,2131755008,2134638592,2650061085
2130706432,2152726528,2148532224,2128609280,2127560704,2145386496,2142240768,2124414976,2140143616,2134900736,2650077088
2127560704,2139095040,2140143616,2119172096,2129657856,2147483648,2145386496,2126512128,2131492864,2137260032,2650093112
2124414976,2142240768,2147483648,2130706432,2131755008,2149580800,2146435072,2130706432,2136211456,2139619328,2650109111
2125463552,2160066560,2147483648,2144337920,2131755008,2149580800,2148532224,2129657856,2144337920,2139881472,2650126001
2141192192,2145386496,2139095040,2122317824,2130706432,2147483648,2144337920,2127560704,2136997888,2137522176,2650142001
2141192192,2136997888,2135949312,2118123520,2127560704,2145386496,2142240768,2124414976,2133065728,2134900736,2650158001
2139095040,2141192192,2136997888,2117074944,2127560704,2145386496,2142240768,2124414976,2133590016,2134900736,2650174024
2142240768,2146435072,2138046464,2118123520,2130706432,2146435072,2144337920,2126512128,2136211456,2136997888,2650190022
2134900736,2143289344,2139095040,2122317824,2130706432,2149580800,2147483648,2130706432,2134900736,2139619328,2650206024
2132803584,2157969408,2153775104,2136997888,2131755008,2149580800,2148532224,2130706432,2145386496,2140143616,2650222024
2126512128,2165309440,2162163712,2139095040,2130706432,2148532224,2146435072,2127560704,2148270080,2138308608,2650238045
2121269248,2157969408,2151677952,2143289344,2127560704,2145386496,2144337920,2125463552,2143551488,2135687168,2650254045
2121269248,2147483648,2136997888,2126512128,2127560704,2145386496,2141192192,2122317824,2133065728,2134114304,2650270045
2133852160,2136997888,2135949312,2117074944,2129657856,2146435072,2143289344,2125463552,2130968576,2136211456,2650286046
2127560704,2159017984,2159017984,2136997888,2130706432,2148532224,2146435072,2129657856,2145648640,2138832896,2650302068
2130706432,2162163712,2154823680,2136997888,2131755008,2150629376,2148532224,2130706432,2146172928,2140405760,2650318065
2127560704,2145386496,2143289344,2128609280,2132803584,2147483648,2146435072,2128609280,2136211456,2138832896,2650334066
2122317824,2151677952,2143289344,2134900736,2129657856,2145386496,2143289344,2125463552,2138046464,2135949312,2650350067
2122317824,2156920832,2153775104,2138046464,2126512128,2146435072,2142240768,2124414976,2142765056,2134900736,2650366090
2121269248,2153775104,2151677952,2134900736,2127560704,2147483648,2143289344,2126512128,2140405760,2136211456,2650382086
2129657856,2154823680,2153775104,2133852160,2130706432,2148532224,2146435072,2128609280,2143027200,2138570752,2650398088
2140143616,2145386496,2139095040,2125463552,2132803584,2148532224,2147483648,2129657856,2137522176,2139619328,2650414088
2139095040,2142240768,2142240768,2128609280,2131755008,2149580800,2147483648,2129657856,2138046464,2139619328,2650430109
2122317824,2152726528,2152726528,2138046464,2129657856,2147483648,2145386496,2126512128,2141454336,2137260032,2650446106
2125463552,2140143616,2138046464,2119172096,2128609280,2145386496,2142240768,2123366400,2130706432,2134900736,2650463001
2129657856,2141192192,2136997888,2118123520,2127560704,2145386496,2143289344,2124414976,2131492864,2135162880,2650479001
2138046464,2140143616,2138046464,2119172096,2130706432,2147483648,2145386496,2128609280,2133852160,2138046464,2650495001
2127560704,2159017984,2157969408,2136997888,2132803584,2150629376,2148532224,2130706432,2145386496,2140667904,2650511000
2135949312,2154823680,2151677952,2134900736,2130706432,2149580800,2147483648,2130706432,2144337920,2139619328,2650527023
2129657856,2140143616,2140143616,2121269248,2130706432,2146435072,2144337920,2126512128,2132803584,2136997888,2650543024
2127560704,2143289344,2138046464,2122317824,2128609280,2144337920,2142240768,2123366400,2132803584,2134638592,2650559024
2121269248,2160066560,2151677952,2139095040,2127560704,2145386496,2142240768,2124414976,2143027200,2134900736,2650575022
2133852160,2152726528,2150629376,2127560704,2130706432,2148532224,2144337920,2127560704,2141192192,2137784320,2650591047
2124414976,2142240768,2148532224,2127560704,2131755008,2149580800,2147483648,2130706432,2135687168,2139881472,2650607044
2142240768,2146435072,2142240768,2123366400,2131755008,2149580800,2148532224,2131755008,2138570752,2140405760,2650623045
2133852160,2140143616,2143289344,2123366400,2130706432,2147483648,2145386496,2127560704,2135162880,2137784320,2650639044
2124414976,2157969408,2155872256,2139095040,2127560704,2145386496,2142240768,2124414976,2144337920,2134900736,2650655067
2119172096,2150629376,2141192192,2134900736,2128609280,2144337920,2142240768,2123366400,2136473600,2134638592,2650671066
2121269248,2147483648,2147483648,2130706432,2129657856,2147483648,2144337920,2126512128,2136735744,2136997888,2650687068
2122317824,2147483648,2147483648,2132803584,2131755008,2148532224,2147483648,2129657856,2137522176,2139357184,2650703068
2124414976,2149580800,2151677952,2132803584,2131755008,2150629376,2148532224,2130706432,2139619328,2140405760,2650719088
2124414976,2149580800,2149580800,2135949312,2131755008,2147483648,2146435072,2128609280,2139881472,2138570752,2650735090
2138046464,2141192192,2138046464,2122317824,2129657856,2146435072,2144337920,2126512128,2134900736,2136735744,2650751088
2134900736,2139095040,2134900736,2118123520,2127560704,2145386496,2141192192,2124414976,2131755008,2134638592,2650767087
2122317824,2138046464,2139095040,2119172096,2129657856,2145386496,2143289344,2124414976,2129657856,2135687168,2650783110
2131755008,2154823680,2150629376,2134900736,2130706432,2148532224,2146435072,2129657856,2143027200,2138832896,2650800001
2127560704,2156920832,2157969408,2133852160,2131755008,2149580800,2147483648,2130706432,2144075776,2139881472,2650816001
2138046464,2152726528,2151677952,2125463552,2130706432,2149580800,2148532224,2129657856,2141978624,2139619328,2650832001
2124414976,2146435072,2147483648,2129657856,2128609280,2146435072,2143289344,2126512128,2136997888,2136211456,2650848001
2126512128,2154823680,2153775104,2134900736,2127560704,2145386496,2142240768,2124414976,2142502912,2134900736,2650864023
2121269248,2156920832,2153775104,2133852160,2127560704,2145386496,2143289344,2124414976,2141454336,2135162880,2650880023
2122317824,2143289344,2141192192,2126512128,2130706432,2148532224,2145386496,2128609280,2133327872,2138308608,2650896023
2124414976,2157969408,2157969408,2141192192,2131755008,2150629376,2148532224,2131755008,2145386496,2140667904,2650912024
2125463552,2159017984,2159017984,2144337920,2131755008,2149580800,2148532224,2131755008,2146959360,2140405760,2650928045
2125463552,2161115136,2155872256,2140143616,2129657856,2147483648,2145386496,2127560704,2145648640,2137522176,2650944044
2122317824,2153775104,2156920832,2136997888,2128609280,2144337920,2142240768,2122317824,2142502912,2134376448,2650960045
2139095040,2150629376,2135949312,2128609280,2127560704,2145386496,2143289344,2123366400,2138570752,2134900736,2650976045
2141192192,2139095040,2136997888,2117074944,2129657856,2147483648,2144337920,2127560704,2133590016,2137260032,2650992065
2127560704,2160066560,2153775104,2138046464,2131755008,2150629376,2147483648,2130706432,2144862208,2140143616,2651008068
2129657856,2162163712,2161115136,2135949312,2132803584,2150629376,2147483648,2130706432,2147221504,2140405760,2651024068
2124414976,2149580800,2141192192,2132803584,2129657856,2148532224,2145386496,2128609280,2136997888,2138046464,2651040065
2127560704,2138046464,2138046464,2120220672,2127560704,2145386496,2142240768,2124414976,2130968576,2134900736,2651056088
2132803584,2138046464,2135949312,2118123520,2127560704,2145386496,2142240768,2124414976,2131230720,2134900736,2651072088
2120220672,2159017984,2152726528,2139095040,2129657856,2146435072,2144337920,2125463552,2142765056,2136473600,2651088085
2134900736,2160066560,2152726528,2135949312,2131755008,2148532224,2147483648,2129657856,2145910784,2139357184,2651104088
2131755008,2156920832,2156920832,2135949312,2131755008,2150629376,2148532224,2131755008,2145386496,2140667904,2651120110
2144337920,2152726528,2145386496,2124414976,2130706432,2148532224,2146435072,2128609280,2141716480,2138570752,2651136110
2136997888,2139095040,2136997888,2117074944,2128609280,2146435072,2143289344,2124414976,2132541440,2135687168,2651153001
2122317824,2140143616,2136997888,2123366400,2127560704,2145386496,2142240768,2124414976,2130706432,2134900736,2651169001
2139095040,2140143616,2136997888,2119172096,2128609280,2146435072,2144337920,2125463552,2133852160,2136211456,2651185001
2125463552,2143289344,2138046464,2124414976,2130706432,2148532224,2146435072,2129657856,2132803584,2138832896,2651201024
2125463552,2144337920,2147483648,2128609280,2131755008,2149580800,2147483648,2131755008,2136473600,2140143616,2651217022
2145386496,2143289344,2142240768,2124414976,2132803584,2148532224,2146435072,2128609280,2138832896,2139095040,2651233023
2126512128,2159017984,2157969408,2131755008,2129657856,2147483648,2144337920,2126512128,2143813632,2136997888,2651249024
2126512128,2152726528,2151677952,2125463552,2128609280,2145386496,2142240768,2123366400,2139095040,2134900736,2651265047
2120220672,2154823680,2151677952,2132803584,2128609280,2145386496,2143289344,2125463552,2139881472,2135687168,2651281044
2141192192,2140143616,2138046464,2121269248,2130706432,2147483648,2146435072,2127560704,2135162880,2138046464,2651297045
2132803584,2145386496,2141192192,2127560704,2132803584,2150629376,2147483648,2130706432,2136735744,2140405760,2651313045
2136997888,2157969408,2150629376,2139095040,2131755008,2148532224,2147483648,2129657856,2146172928,2139357184,2651329069
2142240768,2141192192,2139095040,2121269248,2129657856,2147483648,2144337920,2126512128,2135949312,2136997888,2651345067
2126512128,2155872256,2148532224,2131755008,2126512128,2146435072,2142240768,2124414976,2140667904,2134900736,2651361067
2138046464,2140143616,2134900736,2119172096,2127560704,2146435072,2143289344,2124414976,2133065728,2135425024,2651377066
2131755008,2154823680,2151677952,2130706432,2130706432,2147483648,2144337920,2126512128,2142240768,2137260032,2651393088
2128609280,2154823680,2159017984,2141192192,2132803584,2149580800,2147483648,2130706432,2145910784,2140143616,2651409086
2136997888,2156920832,2154823680,2133852160,2132803584,2150629376,2148532224,2130706432,2145648640,2140667904,2651425088
2125463552,2161115136,2159017984,2134900736,2129657856,2148532224,2146435072,2128609280,2145124352,2138308608,2651441088
2124414976,2150629376,2155872256,2133852160,2126512128,2145386496,2143289344,2124414976,2141192192,2134900736,2651457112
2124414976,2162163712,2153775104,2130706432,2127560704,2145386496,2143289344,2123366400,2142765056,2134900736,2651473109
2127560704,2146435072,2149580800,2125463552,2129657856,2147483648,2144337920,2127560704,2137260032,2137260032,2651490001
2127560704,2162163712,2161115136,2134900736,2131755008,2150629376,2147483648,2131755008,2146435072,2140405760,2651506001
2142240768,2144337920,2146435072,2124414976,2132803584,2150629376,2147483648,2131755008,2139357184,2140667904,2651522001
2126512128,2162163712,2161115136,2143289344,2130706432,2148532224,2145386496,2128609280,2148270080,2138308608,2651538000
2125463552,2157969408,2157969408,2136997888,2128609280,2146435072,2143289344,2125463552,2144600064,2135949312,2651554022
2133852160,2146435072,2146435072,2117074944,2127560704,2146435072,2142240768,2123366400,2135949312,2134900736,2651570024
2127560704,2157969408,2148532224,2132803584,2128609280,2146435072,2143289344,2126512128,2141716480,2136211456,2651586024
2131755008,2143289344,2138046464,2123366400,2130706432,2149580800,2147483648,2130706432,2134114304,2139619328,2651602024
2139095040,2160066560,2154823680,2133852160,2131755008,2151677952,2148532224,2132803584,2146959360,2141192192,2651618046
2122317824,2159017984,2155872256,2142240768,2131755008,2148532224,2146435072,2129657856,2144862208,2139095040,2651634046
2122317824,2148532224,2148532224,2131755008,2128609280,2147483648,2143289344,2125463552,2137784320,2136211456,2651650045
2118123520,2149580800,2147483648,2133852160,2127560704,2144337920,2141192192,2123366400,2137260032,2134114304,2651666044
2121269248,2151677952,2147483648,2132803584,2128609280,2146435072,2143289344,2125463552,2138308608,2135949312,2651682067
2122317824,2159017984,2156920832,2138046464,2130706432,2148532224,2146435072,2128609280,2144075776,2138570752,2651698067
2141192192,2140143616,2142240768,2124414976,2132803584,2149580800,2147483648,2130706432,2136997888,2140143616,2651714067
2141192192,2144337920,2143289344,2126512128,2131755008,2150629376,2147483648,2130706432,2138832896,2140143616,2651730066
2143289344,2140143616,2140143616,2121269248,2129657856,2147483648,2145386496,2126512128,2136211456,2137260032,2651746088
2130706432,2144337920,2146435072,2117074944,2128609280,2145386496,2143289344,2123366400,2134638592,2135162880,2651762088
2122317824,2159017984,2155872256,2134900736,2128609280,2146435072,2142240768,2125463552,2143027200,2135687168,2651778089
2128609280,2154823680,2154823680,2132803584,2130706432,2147483648,2145386496,2127560704,2142765056,2137784320,2651794084
2141192192,2142240768,2142240768,2123366400,2131755008,2149580800,2148532224,2130706432,2137260032,2140143616,2651810109
2146435072,2140143616,2141192192,2121269248,2131755008,2149580800,2148532224,2130706432,2137260032,2140143616,2651827001
2130706432,2156920832,2155872256,2136997888,2129657856,2147483648,2145386496,2126512128,2145124352,2137260032,2651843001
2133852160,2141192192,2136997888,2122317824,2128609280,2145386496,2143289344,2123366400,2133590016,2135162880,2651859001
2125463552,2154823680,2151677952,2132803584,2128609280,2144337920,2142240768,2122317824,2141192192,2134376448,2651875001
2121269248,2147483648,2142240768,2130706432,2129657856,2147483648,2145386496,2126512128,2135425024,2137260032,2651891024
2133852160,2140143616,2140143616,2121269248,2131755008,2149580800,2147483648,2130706432,2133852160,2139881472,2651907023
2126512128,2147483648,2151677952,2130706432,2131755008,2149580800,2147483648,2130706432,2139095040,2139881472,2651923024
2142240768,2142240768,2140143616,2124414976,2129657856,2148532224,2145386496,2128609280,2137260032,2138046464,2651939025
2142240768,2148532224,2136997888,2126512128,2128609280,2145386496,2144337920,2124414976,2138570752,2135687168,2651955045
2120220672,2143289344,2144337920,2124414976,2128609280,2145386496,2142240768,2123366400,2133065728,2134900736,2651971046
2135949312,2141192192,2146435072,2117074944,2129657856,2146435072,2144337920,2125463552,2135162880,2136473600,2651987044
2127560704,2162163712,2159017984,2141192192,2131755008,2149580800,2147483648,2129657856,2147483648,2139619328,2652003044
2123366400,2153775104,2154823680,2139095040,2132803584,2150629376,2148532224,2131755008,2142765056,2140930048,2652019068
2126512128,2160066560,2155872256,2145386496,2130706432,2148532224,2146435072,2129657856,2146959360,2138832896,2652035068
2138046464,2154823680,2146435072,2129657856,2128609280,2146435072,2143289344,2126512128,2142240768,2136211456,2652051066
2141192192,2136997888,2135949312,2114977792,2127560704,2144337920,2141192192,2123366400,2132279296,2134114304,2652067068
2133852160,2144337920,2146435072,2117074944,2128609280,2146435072,2143289344,2125463552,2135425024,2135949312,2652083089
2123366400,2155872256,2147483648,2140143616,2130706432,2149580800,2146435072,2129657856,2141716480,2139095040,2652099087
2141192192,2144337920,2143289344,2124414976,2132803584,2150629376,2148532224,2130706432,2138308608,2140667904,2652115086
2133852160,2142240768,2142240768,2124414976,2130706432,2149580800,2147483648,2130706432,2135687168,2139619328,2652131088
2129657856,2141192192,2139095040,2126512128,2129657856,2146435072,2145386496,2126512128,2134114304,2136997888,2652147109
2130706432,2139095040,2138046464,2117074944,2127560704,2145386496,2142240768,2123366400,2131230720,2134638592,2652163108
2136997888,2136997888,2135949312,2114977792,2128609280,2146435072,2143289344,2125463552,2131230720,2135949312,2652180001
2135949312,2151677952,2146435072,2129657856,2130706432,2148532224,2145386496,2128609280,2140930048,2138308608,2652196001
2125463552,2147483648,2141192192,2129657856,2132803584,2149580800,2148532224,2130706432,2135949312,2140405760,2652212001
2125463552,2166358016,2151677952,2146435072,2131755008,2149580800,2147483648,2130706432,2147483648,2139881472,2652228023
2133852160,2143289344,2141192192,2122317824,2129657856,2147483648,2144337920,2126512128,2135162880,2136997888,2652244024
2122317824,2140143616,2139095040,2121269248,2126512128,2146435072,2143289344,2124414976,2130706432,2135162880,2652260023
2119172096,2149580800,2147483648,2129657856,2127560704,2145386496,2143289344,2124414976,2136473600,2135162880,2652276023
2130706432,2152726528,2146435072,2123366400,2130706432,2146435072,2144337920,2126512128,2138308608,2136997888,2652292044
2141192192,2145386496,2138046464,2122317824,2131755008,2150629376,2148532224,2130706432,2136735744,2140405760,2652308046
2139095040,2146435072,2146435072,2127560704,2131755008,2149580800,2147483648,2130706432,2139881472,2139881472,2652324046
2122317824,2160066560,2145386496,2143289344,2129657856,2148532224,2145386496,2128609280,2142765056,2138046464,2652340047
2131755008,2152726528,2149580800,2131755008,2128609280,2145386496,2143289344,2124414976,2141454336,2135425024,2652356068
2122317824,2151677952,2147483648,2131755008,2127560704,2146435072,2142240768,2124414976,2138308608,2135162880,2652372066
2122317824,2143289344,2136997888,2123366400,2129657856,2146435072,2143289344,2126512128,2131492864,2136473600,2652388068
2133852160,2138046464,2136997888,2120220672,2131755008,2148532224,2147483648,2129657856,2132279296,2139357184,2652404069
2131755008,2164260864,2159017984,2139095040,2131755008,2150629376,2148532224,2131755008,2148532224,2140667904,2652420087
2124414976,2153775104,2152726528,2138046464,2130706432,2148532224,2147483648,2129657856,2142240768,2139095040,2652436086
2127560704,2160066560,2153775104,2136997888,2128609280,2145386496,2143289344,2125463552,2144600064,2135687168,2652452088
2135949312,2139095040,2134900736,2114977792,2128609280,2144337920,2142240768,2122317824,2131230720,2134376448,2652468087
2119172096,2164260864,2147483648,2139095040,2128609280,2146435072,2143289344,2125463552,2142502912,2135949312,2652484110
2142240768,2142240768,2146435072,2122317824,2130706432,2148532224,2146435072,2129657856,2138308608,2138832896,2652500106
2125463552,2149580800,2149580800,2134900736,2131755008,2150629376,2147483648,2131755008,2139881472,2140405760,2652517001
2135949312,2143289344,2142240768,2126512128,2130706432,2149580800,2147483648,2130706432,2136997888,2139619328,2652533001
2124414976,2148532224,2151677952,2131755008,2129657856,2146435072,2143289344,2125463552,2139095040,2136211456,2652549001
2140143616,2139095040,2138046464,2116026368,2127560704,2145386496,2142240768,2123366400,2133327872,2134638592,2652565001
2120220672,2152726528,2147483648,2135949312,2128609280,2146435072,2143289344,2125463552,2139095040,2135949312,2652581023
2125463552,2156920832,2152726528,2139095040,2130706432,2148532224,2145386496,2128609280,2143551488,2138308608,2652597024
2145386496,2144337920,2141192192,2122317824,2131755008,2149580800,2147483648,2130706432,2138308608,2139881472,2652613023
2136997888,2142240768,2139095040,2125463552,2131755008,2148532224,2147483648,2130706432,2135949312,2139619328,2652629023
2122317824,2161115136,2147483648,2145386496,2130706432,2146435072,2144337920,2126512128,2144075776,2136997888,2652645047
2132803584,2154823680,2150629376,2126512128,2128609280,2145386496,2142240768,2123366400,2141192192,2134900736,2652661045
2128609280,2138046464,2138046464,2119172096,2128609280,2145386496,2142240768,2124414976,2130968576,2135162880,2652677046
2121269248,2159017984,2153775104,2138046464,2129657856,2147483648,2145386496,2127560704,2143027200,2137522176,2652693045
2128609280,2159017984,2159017984,2135949312,2131755008,2150629376,2149580800,2130706432,2145648640,2140667904,2652709067
2135949312,2143289344,2144337920,2123366400,2132803584,2150629376,2148532224,2130706432,2136735744,2140667904,2652725066
2127560704,2145386496,2144337920,2126512128,2130706432,2147483648,2145386496,2128609280,2135949312,2138046464,2652741067
2126512128,2157969408,2156920832,2136997888,2128609280,2146435072,2142240768,2124414976,2144600064,2135425024,2652757066
2119172096,2160066560,2147483648,2139095040,2127560704,2145386496,2142240768,2123366400,2141454336,2134638592,2652773089
2125463552,2150629376,2151677952,2121269248,2129657856,2147483648,2145386496,2127560704,2137260032,2137522176,2652789087
2124414976,2161115136,2156920832,2140143616,2130706432,2150629376,2147483648,2130706432,2145648640,2139881472,2652805088
2143289344,2146435072,2146435072,2127560704,2132803584,2150629376,2147483648,2131755008,2140930048,2140667904,2652821085
2141192192,2146435072,2151677952,2126512128,2130706432,2148532224,2146435072,2128609280,2141454336,2138570752,2652837111
2121269248,2149580800,2142240768,2132803584,2128609280,2146435072,2143289344,2124414976,2136473600,2135687168,2652854001
2130706432,2154823680,2149580800,2131755008,2127560704,2145386496,2142240768,2124414976,2141716480,2134900736,2652870001
2127560704,2151677952,2152726528,2128609280,2129657856,2146435072,2144337920,2125463552,2140143616,2136473600,2652886000
2133852160,2140143616,2139095040,2119172096,2131755008,2148532224,2147483648,2128609280,2133065728,2139095040,2652902001
2125463552,2159017984,2159017984,2141192192,2132803584,2150629376,2148532224,2131755008,2146172928,2140930048,2652918023
2124414976,2147483648,2149580800,2132803584,2130706432,2148532224,2146435072,2129657856,2138570752,2138832896,2652934023
2130706432,2152726528,2155872256,2125463552,2128609280,2146435072,2143289344,2125463552,2141192192,2135949312,2652950022
2119172096,2140143616,2143289344,2123366400,2127560704,2145386496,2142240768,2124414976,2131492864,2134900736,2652966024
2126512128,2157969408,2151677952,2130706432,2128609280,2145386496,2143289344,2124414976,2141716480,2135425024,2652982044
2123366400,2157969408,2154823680,2142240768,2130706432,2148532224,2146435072,2128609280,2144600064,2138570752,2652998045
2124414976,2159017984,2156920832,2142240768,2131755008,2150629376,2148532224,2131755008,2145648640,2140667904,2653014043
2132803584,2154823680,2153775104,2131755008,2130706432,2149580800,2147483648,2129657856,2143289344,2139357184,2653030046
2145386496,2141192192,2141192192,2118123520,2129657856,2146435072,2144337920,2125463552,2136473600,2136473600,2653046067
2127560704,2141192192,2136997888,2122317824,2127560704,2145386496,2143289344,2124414976,2132017152,2135162880,2653062066
2138046464,2138046464,2134900736,2116026368,2128609280,2146435072,2143289344,2125463552,2131755008,2135949312,2653078066
2134900736,2155872256,2146435072,2127560704,2129657856,2148532224,2146435072,2127560704,2141192192,2138046464,2653094066
2135949312,2142240768,2142240768,2124414976,2131755008,2150629376,2147483648,2130706432,2136211456,2140143616,2653110087
2133852160,2162163712,2150629376,2134900736,2132803584,2149580800,2147483648,2129657856,2145386496,2139881472,2653126086
2125463552,2142240768,2144337920,2124414976,2128609280,2148532224,2145386496,2128609280,2134114304,2137784320,2653142086
2144337920,2139095040,2138046464,2114977792,2128609280,2145386496,2141192192,2123366400,2134114304,2134638592,2653158089
2140143616,2145386496,2136997888,2120220672,2127560704,2145386496,2142240768,2123366400,2135687168,2134638592,2653174110
2125463552,2155872256,2160066560,2134900736,2128609280,2147483648,2144337920,2127560704,2144075776,2136997888,2653190108
2141192192,2140143616,2139095040,2121269248,2131755008,2149580800,2147483648,2130706432,2135425024,2139881472,2653207001
2125463552,2163212288,2160066560,2143289344,2131755008,2149580800,2147483648,2131755008,2148007936,2140143616,2653223001
2128609280,2155872256,2159017984,2139095040,2130706432,2147483648,2146435072,2127560704,2145648640,2138046464,2653239001
2119172096,2160066560,2143289344,2140143616,2127560704,2145386496,2143289344,2124414976,2140667904,2135162880,2653255023
2122317824,2156920832,2153775104,2133852160,2126512128,2144337920,2142240768,2122317824,2141716480,2133852160,2653271023
2138046464,2138046464,2133852160,2117074944,2129657856,2146435072,2143289344,2125463552,2131755008,2136211456,2653287023
2122317824,2150629376,2147483648,2135949312,2130706432,2149580800,2147483648,2129657856,2139095040,2139357184,2653303022
2142240768,2146435072,2142240768,2123366400,2132803584,2149580800,2147483648,2130706432,2138570752,2140143616,2653319044
2124414976,2163212288,2156920832,2145386496,2130706432,2148532224,2146435072,2128609280,2147483648,2138570752,2653335046
2129657856,2155872256,2153775104,2131755008,2128609280,2145386496,2143289344,2124414976,2142765056,2135425024,2653351046
2119172096,2156920832,2151677952,2138046464,2127560704,2145386496,2142240768,2123366400,2141454336,2134638592,2653367044
2122317824,2160066560,2155872256,2133852160,2128609280,2145386496,2143289344,2124414976,2143027200,2135425024,2653383066
2138046464,2145386496,2136997888,2119172096,2131755008,2148532224,2147483648,2128609280,2134900736,2139095040,2653399068
2139095040,2145386496,2146435072,2123366400,2131755008,2150629376,2148532224,2130706432,2138570752,2140405760,2653415067
2126512128,2147483648,2143289344,2132803584,2131755008,2149580800,2147483648,2129657856,2137522176,2139619328,2653431069
2130706432,2156920832,2155872256,2136997888,2129657856,2146435072,2143289344,2125463552,2145124352,2136211456,2653447089
2140143616,2138046464,2135949312,2116026368,2127560704,2145386496,2142240768,2123366400,2132541440,2134638592,2653463087
2120220672,2147483648,2135949312,2126512128,2128609280,2145386496,2143289344,2124414976,2132541440,2135425024,2653479088
2123366400,2157969408,2156920832,2140143616,2129657856,2148532224,2146435072,2128609280,2144600064,2138308608,2653495090
2140143616,2154823680,2141192192,2129657856,2132803584,2149580800,2148532224,2130706432,2141454336,2140405760,2653511110
2130706432,2159017984,2157969408,2142240768,2131755008,2149580800,2148532224,2130706432,2147483648,2140143616,2653527110
2142240768,2146435072,2144337920,2125463552,2128609280,2147483648,2145386496,2126512128,2139619328,2136997888,2653544001
2129657856,2135949312,2136997888,2117074944,2127560704,2145386496,2142240768,2124414976,2129920000,2134900736,2653560001
2130706432,2149580800,2148532224,2124414976,2127560704,2145386496,2142240768,2123366400,2138308608,2134638592,2653576001
2122317824,2151677952,2139095040,2128609280,2129657856,2147483648,2145386496,2126512128,2135425024,2137260032,2653592001
2124414976,2164260864,2156920832,2138046464,2131755008,2149580800,2148532224,2130706432,2145910784,2140143616,2653608023
2125463552,2156920832,2152726528,2142240768,2131755008,2148532224,2146435072,2129657856,2144337920,2139095040,2653624022
2124414976,2159017984,2159017984,2143289344,2129657856,2147483648,2145386496,2127560704,2146435072,2137522176,2653640023
2129657856,2141192192,2136997888,2122317824,2128609280,2145386496,2142240768,2124414976,2132541440,2135162880,2653656022
2132803584,2146435072,2146435072,2117074944,2127560704,2144337920,2142240768,2122317824,2135687168,2134114304,2653672045
2140143616,2138046464,2140143616,2117074944,2129657856,2146435072,2144337920,2125463552,2133852160,2136473600,2653688044
2136997888,2143289344,2139095040,2124414976,2131755008,2149580800,2147483648,2130706432,2135949312,2139881472,2653704045
2129657856,2161115136,2157969408,2134900736,2131755008,2150629376,2148532224,2131755008,2145910784,2140667904,2653720044
2132803584,2161115136,2155872256,2140143616,2130706432,2148532224,2146435072,2128609280,2147483648,2138570752,2653736066
2122317824,2162163712,2152726528,2136997888,2128609280,2145386496,2143289344,2125463552,2143551488,2135687168,2653752066
2120220672,2153775104,2147483648,2134900736,2126512128,2145386496,2141192192,2123366400,2139095040,2134114304,2653768066
2122317824,2138046464,2140143616,2118123520,2128609280,2145386496,2143289344,2125463552,2129657856,2135687168,2653784066
2123366400,2159017984,2157969408,2136997888,2131755008,2148532224,2146435072,2129657856,2144337920,2139095040,2653800088
2123366400,2153775104,2143289344,2136997888,2131755008,2150629376,2148532224,2130706432,2139357184,2140405760,2653816088
2133852160,2143289344,2140143616,2125463552,2131755008,2149580800,2147483648,2129657856,2135687168,2139619328,2653832089
2139095040,2150629376,2138046464,2129657856,2129657856,2147483648,2144337920,2126512128,2139357184,2136997888,2653848087
2121269248,2143289344,2142240768,2126512128,2127560704,2145386496,2142240768,2123366400,2133327872,2134638592,2653864108
2123366400,2156920832,2154823680,2128609280,2128609280,2145386496,2143289344,2125463552,2140930048,2135687168,2653881001
2140143616,2146435072,2136997888,2127560704,2130706432,2148532224,2146435072,2128609280,2137784320,2138570752,2653897001
2124414976,2147483648,2141192192,2127560704,2131755008,2150629376,2147483648,2130706432,2135162880,2140143616,2653913000
2122317824,2164260864,2152726528,2143289344,2131755008,2149580800,2147483648,2129657856,2145648640,2139619328,2653929001
2123366400,2144337920,2141192192,2127560704,2128609280,2147483648,2144337920,2127560704,2134114304,2136997888,2653945025
2120220672,2149580800,2141192192,2129657856,2127560704,2145386496,2141192192,2123366400,2135162880,2134376448,2653961024
2139095040,2141192192,2139095040,2118123520,2128609280,2145386496,2142240768,2123366400,2134376448,2134900736,2653977023
2124414976,2150629376,2144337920,2134900736,2130706432,2147483648,2145386496,2126512128,2138570752,2137522176,2653993022
2133852160,2144337920,2143289344,2123366400,2131755008,2149580800,2147483648,2130706432,2136211456,2139881472,2654009046
2128609280,2161115136,2156920832,2143289344,2131755008,2150629376,2147483648,2130706432,2147483648,2140143616,2654025046
2125463552,2160066560,2160066560,2141192192,2129657856,2148532224,2145386496,2128609280,2146697216,2138046464,2654041044
2123366400,2145386496,2140143616,2126512128,2127560704,2145386496,2142240768,2124414976,2133852160,2134900736,2654057047
2123366400,2155872256,2153775104,2135949312,2128609280,2144337920,2142240768,2123366400,2142240768,2134638592,2654073069
2122317824,2145386496,2151677952,2128609280,2129657856,2146435072,2144337920,2126512128,2136997888,2136735744,2654089066
2123366400,2159017984,2156920832,2140143616,2130706432,2150629376,2147483648,2130706432,2144862208,2139881472,2654105066
2125463552,2149580800,2142240768,2134900736,2131755008,2150629376,2147483648,2131755008,2138046464,2140405760,2654121067
2138046464,2140143616,2138046464,2121269248,2130706432,2148532224,2145386496,2128609280,2134376448,2138308608,2654137088
2123366400,2147483648,2147483648,2132803584,2128609280,2145386496,2143289344,2124414976,2137784320,2135425024,2654153090
2132803584,2138046464,2136997888,2119172096,2127560704,2145386496,2141192192,2124414976,2131755008,2134638592,2654169087
2131755008,2146435072,2148532224,2123366400,2128609280,2146435072,2144337920,2126512128,2137522176,2136473600,2654185087
2135949312,2140143616,2135949312,2119172096,2131755008,2149580800,2146435072,2128609280,2132803584,2139095040,2654201109
2125463552,2148532224,2152726528,2133852160,2131755008,2149580800,2148532224,2131755008,2140143616,2140405760,2654217109
2130706432,2156920832,2154823680,2131755008,2130706432,2149580800,2146435072,2129657856,2143551488,2139095040,2654234001
2128609280,2152726528,2151677952,2129657856,2129657856,2145386496,2144337920,2124414976,2140667904,2135949312,2654250001
2130706432,2144337920,2152726528,2117074944,2127560704,2145386496,2142240768,2122317824,2136211456,2134376448,2654266001
2120220672,2149580800,2149580800,2133852160,2127560704,2147483648,2143289344,2125463552,2138308608,2135949312,2654282024
2140143616,2138046464,2138046464,2121269248,2130706432,2148532224,2146435072,2128609280,2134376448,2138570752,2654298022
2124414976,2155872256,2155872256,2139095040,2131755008,2151677952,2148532224,2131755008,2143813632,2140930048,2654314024
2143289344,2151677952,2142240768,2125463552,2131755008,2149580800,2147483648,2130706432,2140667904,2139881472,2654330023
2123366400,2151677952,2147483648,2134900736,2129657856,2146435072,2144337920,2125463552,2139357184,2136473600,2654346045
2124414976,2156920832,2153775104,2133852160,2128609280,2144337920,2142240768,2123366400,2142240768,2134638592,2654362044
2119172096,2156920832,2149580800,2136997888,2128609280,2145386496,2143289344,2124414976,2140667904,2135425024,2654378046
2142240768,2136997888,2136997888,2117074944,2130706432,2147483648,2144337920,2127560704,2133327872,2137522176,2654394046
2144337920,2144337920,2141192192,2122317824,2131755008,2149580800,2147483648,2130706432,2138046464,2139881472,2654410069
2125463552,2148532224,2152726528,2133852160,2131755008,2149580800,2148532224,2130706432,2140143616,2140143616,2654426067
2127560704,2144337920,2140143616,2126512128,2129657856,2147483648,2145386496,2126512128,2134638592,2137260032,2654442068
2140143616,2138046464,2138046464,2121269248,2128609280,2145386496,2143289344,2124414976,2134376448,2135425024,2654458068
2121269248,2141192192,2143289344,2122317824,2127560704,2145386496,2142240768,2124414976,2132017152,2134900736,2654474089
2127560704,2157969408,2153775104,2129657856,2131755008,2145386496,2143289344,2124414976,2142240768,2136211456,2654490087
2143289344,2145386496,2146435072,2119172096,2131755008,2149580800,2147483648,2129657856,2138570752,2139619328,2654506086
2126512128,2147483648,2140143616,2131755008,2131755008,2150629376,2147483648,2131755008,2136473600,2140405760,2654522088
2124414976,2150629376,2149580800,2135949312,2130706432,2148532224,2146435072,2128609280,2140143616,2138570752,2654538109
2122317824,2145386496,2141192192,2126512128,2128609280,2146435072,2143289344,2124414976,2133852160,2135687168,2654554107
2133852160,2146435072,2146435072,2118123520,2127560704,2145386496,2142240768,2123366400,2136211456,2134638592,2654571001
2135949312,2140143616,2142240768,2117074944,2128609280,2147483648,2144337920,2125463552,2133852160,2136473600,2654587001
2126512128,2154823680,2157969408,2135949312,2130706432,2148532224,2147483648,2129657856,2143813632,2139095040,2654603001
2123366400,2149580800,2149580800,2134900736,2131755008,2150629376,2148532224,2131755008,2139357184,2140667904,2654619001
2142240768,2142240768,2140143616,2121269248,2130706432,2149580800,2147483648,2129657856,2136473600,2139357184,2654635022
2125463552,2140143616,2139095040,2122317824,2128609280,2145386496,2143289344,2125463552,2131755008,2135687168,2654651024
2119172096,2155872256,2147483648,2134900736,2127560704,2145386496,2143289344,2124414976,2139357184,2135162880,2654667023
2133852160,2146435072,2145386496,2116026368,2128609280,2146435072,2143289344,2125463552,2135425024,2135949312,2654683023
2122317824,2166358016,2154823680,2140143616,2130706432,2149580800,2146435072,2129657856,2145910784,2139095040,2654699046
2132803584,2162163712,2152726528,2135949312,2131755008,2150629376,2148532224,2131755008,2145910784,2140667904,2654715046
2124414976,2149580800,2143289344,2134900736,2131755008,2148532224,2146435072,2129657856,2138046464,2139095040,2654731046
2140143616,2146435072,2136997888,2120220672,2129657856,2146435072,2144337920,2125463552,2135949312,2136473600,2654747044
2136997888,2140143616,2135949312,2116026368,2128609280,2145386496,2143289344,2123366400,2132279296,2135162880,2654763066
2138046464,2149580800,2142240768,2122317824,2128609280,2145386496,2143289344,2124414976,2138046464,2135425024,2654779070
2141192192,2141192192,2138046464,2118123520,2130706432,2147483648,2145386496,2127560704,2134638592,2137784320,2654795068
2130706432,2156920832,2157969408,2138046464,2132803584,2149580800,2148532224,2130706432,2145910784,2140405760,2654811065
2144337920,2144337920,2142240768,2126512128,2132803584,2149580800,2147483648,2130706432,2139357184,2140143616,2654827086
2124414976,2155872256,2155872256,2141192192,2130706432,2147483648,2145386496,2127560704,2144337920,2137784320,2654843090
2121269248,2147483648,2143289344,2130706432,2127560704,2145386496,2143289344,2123366400,2135687168,2134900736,2654859091
2131755008,2138046464,2134900736,2118123520,2128609280,2145386496,2142240768,2123366400,2130706432,2134900736,2654875088
2143289344,2139095040,2136997888,2117074944,2129657856,2147483648,2144337920,2126512128,2134114304,2136997888,2654891111
2135949312,2140143616,2139095040,2121269248,2131755008,2149580800,2147483648,2129657856,2134114304,2139619328,2654908001
2127560704,2156920832,2160066560,2142240768,2132803584,2150629376,2147483648,2130706432,2146697216,2140405760,2654924001
2124414976,2143289344,2144337920,2125463552,2129657856,2148532224,2145386496,2127560704,2134376448,2137784320,2654940000
2127560704,2152726528,2150629376,2129657856,2128609280,2145386496,2142240768,2124414976,2140143616,2135162880,2654956001
2119172096,2149580800,2139095040,2132803584,2127560704,2146435072,2142240768,2124414976,2135162880,2135162880,2654972024
2121269248,2157969408,2155872256,2135949312,2129657856,2147483648,2145386496,2126512128,2142765056,2137260032,2654988024
2124414976,2159017984,2156920832,2138046464,2131755008,2148532224,2147483648,2129657856,2144600064,2139357184,2655004022
2142240768,2142240768,2140143616,2122317824,2132803584,2149580800,2147483648,2130706432,2136735744,2140143616,2655020022
2136997888,2140143616,2143289344,2121269248,2130706432,2147483648,2146435072,2128609280,2135425024,2138308608,2655036047
2134900736,2141192192,2136997888,2122317824,2129657856,2146435072,2143289344,2125463552,2133852160,2136211456,2655052045
2119172096,2141192192,2134900736,2122317824,2127560704,2145386496,2142240768,2123366400,2129395712,2134638592,2655068045
2122317824,2139095040,2139095040,2118123520,2129657856,2145386496,2143289344,2125463552,2129657856,2135949312,2655084045
2133852160,2151677952,2150629376,2129657856,2130706432,2148532224,2146435072,2127560704,2141454336,2138308608,2655100067
2132803584,2157969408,2160066560,2133852160,2132803584,2150629376,2147483648,2131755008,2146172928,2140667904,2655116067
2130706432,2155872256,2155872256,2138046464,2131755008,2149580800,2146435072,2129657856,2145124352,2139357184,2655132064
2139095040,2138046464,2139095040,2119172096,2129657856,2146435072,2144337920,2125463552,2133852160,2136473600,2655148066
2124414976,2152726528,2155872256,2134900736,2127560704,2145386496,2142240768,2123366400,2141978624,2134638592,2655164088
2122317824,2139095040,2139095040,2118123520,2129657856,2145386496,2142240768,2124414976,2129657856,2135425024,2655180087
2125463552,2157969408,2157969408,2138046464,2130706432,2148532224,2145386496,2128609280,2144862208,2138308608,2655196085
2139095040,2142240768,2142240768,2124414976,2132803584,2149580800,2147483648,2130706432,2136997888,2140143616,2655212088
2141192192,2141192192,2140143616,2124414976,2131755008,2149580800,2147483648,2130706432,2136735744,2139881472,2655228111
2134900736,2140143616,2138046464,2121269248,2129657856,2148532224,2145386496,2127560704,2133590016,2137784320,2655244109
2121269248,2149580800,2143289344,2134900736,2127560704,2145386496,2143289344,2124414976,2137260032,2135162880,2655261001
2134900736,2138046464,2143289344,2118123520,2127560704,2145386496,2143289344,2124414976,2133590016,2135162880,2655277001
2140143616,2138046464,2138046464,2117074944,2130706432,2147483648,2145386496,2127560704,2133327872,2137784320,2655293001
2134900736,2157969408,2154823680,2130706432,2131755008,2150629376,2147483648,2130706432,2144600064,2140143616,2655309023
2144337920,2142240768,2142240768,2125463552,2131755008,2149580800,2148532224,2130706432,2138570752,2140143616,2655325023
2126512128,2153775104,2156920832,2138046464,2129657856,2148532224,2145386496,2128609280,2143813632,2138046464,2655341024
2121269248,2155872256,2142240768,2139095040,2128609280,2145386496,2142240768,2124414976,2139619328,2135162880,2655357024
2131755008,2136997888,2135949312,2117074944,2128609280,2145386496,2142240768,2123366400,2130444288,2134900736,2655373047
2120220672,2140143616,2147483648,2123366400,2128609280,2147483648,2144337920,2126512128,2132803584,2136735744,2655389045
2123366400,2156920832,2157969408,2140143616,2131755008,2149580800,2147483648,2130706432,2144600064,2139881472,2655405045
2136997888,2155872256,2150629376,2131755008,2131755008,2150629376,2148532224,2131755008,2143813632,2140667904,2655421045
2125463552,2157969408,2161115136,2136997888,2130706432,2147483648,2145386496,2127560704,2145386496,2137784320,2655437067
2131755008,2149580800,2152726528,2127560704,2128609280,2145386496,2143289344,2125463552,2140405760,2135687168,2655453065
2141192192,2136997888,2135949312,2114977792,2127560704,2145386496,2143289344,2123366400,2132279296,2134900736,2655469067
2121269248,2147483648,2147483648,2129657856,2129657856,2146435072,2143289344,2126512128,2136473600,2136473600,2655485067
2140143616,2143289344,2146435072,2121269248,2130706432,2148532224,2147483648,2129657856,2137784320,2139095040,2655501088
2136997888,2153775104,2153775104,2129657856,2131755008,2149580800,2147483648,2131755008,2143551488,2140143616,2655517084
2139095040,2150629376,2146435072,2129657856,2131755008,2149580800,2146435072,2129657856,2141454336,2139357184,2655533090
2138046464,2141192192,2138046464,2122317824,2128609280,2146435072,2143289344,2125463552,2134900736,2135949312,2655549089
2123366400,2157969408,2154823680,2134900736,2126512128,2146435072,2142240768,2124414976,2142765056,2134900736,2655565110
2127560704,2138046464,2133852160,2117074944,2127560704,2146435072,2142240768,2124414976,2129133568,2135162880,2655581106
2124414976,2155872256,2154823680,2141192192,2130706432,2148532224,2146435072,2128609280,2144075776,2138570752,2655598001
2125463552,2157969408,2161115136,2143289344,2132803584,2150629376,2147483648,2131755008,2146959360,2140667904,2655614001
2127560704,2159017984,2163212288,2140143616,2132803584,2149580800,2147483648,2129657856,2147483648,2139881472,2655630001
2135949312,2141192192,2138046464,2121269248,2129657856,2147483648,2144337920,2126512128,2134114304,2136997888,2655646000
2124414976,2155872256,2152726528,2131755008,2127560704,2145386496,2143289344,2123366400,2141192192,2134900736,2655662024
2136997888,2144337920,2146435072,2118123520,2127560704,2145386496,2143289344,2124414976,2136473600,2135162880,2655678023
2140143616,2143289344,2135949312,2119172096,2129657856,2148532224,2145386496,2128609280,2134638592,2138046464,2655694023
2146435072,2140143616,2140143616,2121269248,2131755008,2148532224,2148532224,2130706432,2136997888,2139881472,2655710023
2127560704,2142240768,2141192192,2125463552,2132803584,2149580800,2147483648,2130706432,2134114304,2140143616,2655726045
2142240768,2142240768,2140143616,2121269248,2129657856,2147483648,2145386496,2127560704,2136473600,2137522176,2655742046
2120220672,2151677952,2143289344,2133852160,2128609280,2145386496,2142240768,2124414976,2137260032,2135162880,2655758045
2132803584,2153775104,2145386496,2124414976,2127560704,2145386496,2142240768,2124414976,2139095040,2134900736,2655774045
2120220672,2147483648,2142240768,2131755008,2129657856,2147483648,2145386496,2127560704,2135425024,2137522176,2655790068
2140143616,2140143616,2139095040,2123366400,2130706432,2150629376,2146435072,2131755008,2135687168,2139881472,2655806065
2141192192,2154823680,2142240768,2131755008,2132803584,2149580800,2148532224,2130706432,2142502912,2140405760,2655822067
2144337920,2143289344,2141192192,2123366400,2130706432,2148532224,2145386496,2128609280,2138046464,2138308608,2655838065
2143289344,2138046464,2135949312,2117074944,2127560704,2146435072,2143289344,2125463552,2133590016,2135687168,2655854088
2132803584,2133852160,2133852160,2116026368,2127560704,2144337920,2142240768,2123366400,2129133568,2134376448,2655870087
2124414976,2155872256,2157969408,2131755008,2128609280,2146435072,2144337920,2125463552,2142502912,2136211456,2655886087
2136997888,2146435072,2146435072,2121269248,2130706432,2149580800,2146435072,2129657856,2137784320,2139095040,2655902086
2134900736,2146435072,2156920832,2126512128,2131755008,2150629376,2148532224,2131755008,2141192192,2140667904,2655918112
2146435072,2144337920,2142240768,2124414976,2131755008,2149580800,2146435072,2129657856,2139357184,2139357184,2655935001
2127560704,2141192192,2139095040,2124414976,2128609280,2146435072,2143289344,2125463552,2133065728,2135949312,2655951001
2121269248,2161115136,2152726528,2138046464,2127560704,2145386496,2142240768,2124414976,2143289344,2134900736,2655967001
2121269248,2139095040,2138046464,2119172096,2128609280,2145386496,2143289344,2124414976,2129395712,2135425024,2655983001
2133852160,2143289344,2136997888,2122317824,2129657856,2148532224,2146435072,2129657856,2134114304,2138570752,2655999023
2138046464,2143289344,2141192192,2122317824,2131755008,2150629376,2148532224,2131755008,2136211456,2140667904,2656015025
2128609280,2154823680,2160066560,2138046464,2131755008,2149580800,2146435072,2130706432,2145386496,2139619328,2656031024
2142240768,2139095040,2138046464,2117074944,2129657856,2147483648,2144337920,2125463552,2134114304,2136735744,2656047024
2120220672,2142240768,2140143616,2125463552,2127560704,2145386496,2142240768,2124414976,2132017152,2134900736,2656063046
2139095040,2139095040,2136997888,2114977792,2128609280,2146435072,2142240768,2125463552,2132541440,2135687168,2656079046
2136997888,2144337920,2146435072,2120220672,2129657856,2147483648,2145386496,2127560704,2136997888,2137522176,2656095045
2142240768,2143289344,2140143616,2122317824,2131755008,2149580800,2148532224,2130706432,2136997888,2140143616,2656111047
2129657856,2144337920,2145386496,2128609280,2131755008,2150629376,2147483648,2131755008,2136997888,2140405760,2656127068
2146435072,2142240768,2146435072,2119172096,2130706432,2147483648,2145386496,2126512128,2138570752,2137522176,2656143069
2120220672,2154823680,2147483648,2139095040,2127560704,2145386496,2143289344,2124414976,2140405760,2135162880,2656159068
2120220672,2147483648,2149580800,2130706432,2126512128,2145386496,2142240768,2123366400,2136997888,2134376448,2656175069
2139095040,2144337920,2138046464,2117074944,2129657856,2147483648,2145386496,2127560704,2134638592,2137522176,2656191087
2125463552,2143289344,2144337920,2128609280,2131755008,2149580800,2147483648,2130706432,2135425024,2139881472,2656207088
2146435072,2145386496,2143289344,2124414976,2131755008,2149580800,2147483648,2131755008,2139881472,2140143616,2656223087
2125463552,2145386496,2148532224,2132803584,2130706432,2147483648,2145386496,2128609280,2138046464,2138046464,2656239087
2122317824,2152726528,2148532224,2135949312,2127560704,2147483648,2143289344,2125463552,2139881472,2135949312,2656255109
2123366400,2141192192,2135949312,2122317824,2127560704,2145386496,2142240768,2123366400,2130706432,2134638592,2656271110
2121269248,2141192192,2136997888,2123366400,2129657856,2147483648,2144337920,2126512128,2130706432,2136997888,2656288001
2133852160,2142240768,2136997888,2121269248,2131755008,2149580800,2146435072,2130706432,2133590016,2139619328,2656304001
2124414976,2161115136,2160066560,2142240768,2131755008,2150629376,2148532224,2131755008,2146959360,2140667904,2656320001
2124414976,2150629376,2141192192,2133852160,2130706432,2149580800,2146435072,2128609280,2137522176,2138832896,2656336025
2122317824,2161115136,2156920832,2133852160,2128609280,2146435072,2143289344,2125463552,2143551488,2135949312,2656352022
2122317824,2152726528,2154823680,2133852160,2127560704,2145386496,2142240768,2123366400,2140930048,2134638592,2656368023
2130706432,2153775104,2149580800,2121269248,2128609280,2146435072,2144337920,2125463552,2138832896,2136211456,2656384023
2125463552,2157969408,2155872256,2140143616,2131755008,2148532224,2146435072,2129657856,2144862208,2139095040,2656400045
2140143616,2153775104,2146435072,2127560704,2132803584,2149580800,2148532224,2130706432,2141978624,2140405760,2656416044
2138046464,2140143616,2140143616,2124414976,2131755008,2148532224,2146435072,2129657856,2135687168,2139095040,2656432044
2121269248,2164260864,2143289344,2140143616,2128609280,2147483648,2143289344,2127560704,2142240768,2136735744,2656448045
2138046464,2138046464,2134900736,2117074944,2126512128,2146435072,2142240768,2124414976,2132017152,2134900736,2656464068
2121269248,2151677952,2153775104,2134900736,2127560704,2145386496,2143289344,2123366400,2140405760,2134900736,2656480066
2140143616,2140143616,2140143616,2120220672,2129657856,2147483648,2146435072,2128609280,2135162880,2138046464,2656496066
2135949312,2153775104,2152726528,2125463552,2131755008,2149580800,2147483648,2130706432,2141978624,2139881472,2656512066
2125463552,2147483648,2142240768,2129657856,2131755008,2149580800,2147483648,2129657856,2136211456,2139619328,2656528089
2125463552,2147483648,2147483648,2130706432,2129657856,2147483648,2145386496,2126512128,2137784320,2137260032,2656544087
2140143616,2141192192,2138046464,2118123520,2128609280,2145386496,2142240768,2124414976,2134376448,2135162880,2656560087
2132803584,2146435072,2146435072,2120220672,2127560704,2146435072,2142240768,2124414976,2136473600,2135162880,2656576088
2125463552,2160066560,2159017984,2134900736,2128609280,2147483648,2145386496,2127560704,2144862208,2137260032,2656592109
2143289344,2144337920,2146435072,2122317824,2131755008,2149580800,2147483648,2130706432,2139095040,2139881472,2656608108
2146435072,2143289344,2143289344,2123366400,2130706432,2150629376,2148532224,2131755008,2139095040,2140405760,2656625001
2140143616,2146435072,2139095040,2122317824,2129657856,2148532224,2145386496,2128609280,2136997888,2138046464,2656641001
2136997888,2141192192,2136997888,2118123520,2127560704,2146435072,2142240768,2124414976,2133327872,2135162880,2656657001
2138046464,2143289344,2142240768,2119172096,2127560704,2145386496,2142240768,2123366400,2135687168,2134638592,2656673000
2129657856,2141192192,2139095040,2122317824,2128609280,2147483648,2145386496,2126512128,2133065728,2136997888,2656689023
2135949312,2153775104,2150629376,2123366400,2131755008,2149580800,2146435072,2130706432,2140930048,2139619328,2656705023
2135949312,2145386496,2141192192,2126512128,2132803584,2149580800,2147483648,2130706432,2137260032,2140143616,2656721025
2127560704,2160066560,2155872256,2141192192,2130706432,2148532224,2146435072,2129657856,2146172928,2138832896,2656737024
2122317824,2147483648,2143289344,2130706432,2128609280,2145386496,2143289344,2124414976,2135949312,2135425024,2656753045
2123366400,2155872256,2155872256,2131755008,2127560704,2145386496,2142240768,2123366400,2141716480,2134638592,2656769045
2118123520,2154823680,2141192192,2139095040,2128609280,2146435072,2143289344,2125463552,2138308608,2135949312,2656785044
2124414976,2143289344,2138046464,2125463552,2130706432,2148532224,2146435072,2129657856,2132803584,2138832896,2656801044
2141192192,2159017984,2144337920,2133852160,2132803584,2150629376,2148532224,2130706432,2144600064,2140667904,2656817066
2144337920,2142240768,2140143616,2126512128,2131755008,2147483648,2146435072,2128609280,2138308608,2138570752,2656833067
2123366400,2151677952,2148532224,2135949312,2128609280,2147483648,2144337920,2126512128,2139881472,2136735744,2656849066
2122317824,2155872256,2151677952,2136997888,2127560704,2144337920,2143289344,2123366400,2141716480,2134638592,2656865066
2129657856,2138046464,2133852160,2117074944,2127560704,2146435072,2143289344,2124414976,2129657856,2135425024,2656881087
2121269248,2147483648,2140143616,2130706432,2130706432,2148532224,2146435072,2128609280,2134900736,2138570752,2656897087
2129657856,2164260864,2156920832,2142240768,2131755008,2149580800,2147483648,2130706432,2148270080,2139881472,2656913088
2133852160,2159017984,2156920832,2133852160,2131755008,2149580800,2147483648,2130706432,2145910784,2139881472,2656929087
2139095040,2146435072,2156920832,2120220672,2129657856,2146435072,2144337920,2126512128,2140667904,2136735744,2656945109
2128609280,2141192192,2135949312,2119172096,2127560704,2145386496,2142240768,2123366400,2131230720,2134638592,2656962001
2144337920,2139095040,2135949312,2114977792,2128609280,2145386496,2142240768,2124414976,2133590016,2135162880,2656978001
2122317824,2154823680,2147483648,2133852160,2129657856,2147483648,2146435072,2128609280,2139619328,2138046464,2656994000
2125463552,2159017984,2159017984,2136997888,2131755008,2149580800,2147483648,2130706432,2145124352,2139881472,2657010001
2143289344,2142240768,2141192192,2124414976,2132803584,2148532224,2147483648,2129657856,2137784320,2139619328,2657026023
2125463552,2147483648,2140143616,2130706432,2129657856,2148532224,2144337920,2127560704,2135949312,2137522176,2657042023
2121269248,2147483648,2147483648,2130706432,2127560704,2145386496,2142240768,2124414976,2136735744,2134900736,2657058024
2125463552,2160066560,2153775104,2129657856,2127560704,2145386496,2143289344,2123366400,2142240768,2134900736,2657074025
2138046464,2140143616,2136997888,2117074944,2130706432,2146435072,2144337920,2126512128,2133065728,2136997888,2657090046
2124414976,2148532224,2155872256,2133852160,2131755008,2148532224,2148532224,2129657856,2140667904,2139619328,2657106046
2126512128,2157969408,2159017984,2143289344,2131755008,2149580800,2147483648,2131755008,2146697216,2140143616,2657122044
2143289344,2151677952,2142240768,2132803584,2129657856,2148532224,2145386496,2128609280,2142502912,2138046464,2657138045
2123366400,2140143616,2136997888,2122317824,2128609280,2145386496,2144337920,2125463552,2130706432,2135949312,2657154066
2124414976,2160066560,2153775104,2130706432,2127560704,2145386496,2142240768,2124414976,2142240768,2134900736,2657170068
2134900736,2153775104,2146435072,2129657856,2129657856,2146435072,2143289344,2125463552,2141192192,2136211456,2657186064
2123366400,2147483648,2147483648,2127560704,2130706432,2149580800,2147483648,2130706432,2136473600,2139619328,2657202068
2135949312,2160066560,2150629376,2133852160,2132803584,2151677952,2148532224,2131755008,2145124352,2141192192,2657218092
2142240768,2143289344,2142240768,2122317824,2131755008,2148532224,2146435072,2128609280,2137522176,2138832896,2657234088
2125463552,2156920832,2154823680,2138046464,2128609280,2146435072,2144337920,2126512128,2143813632,2136473600,2657250086
2127560704,2157969408,2152726528,2130706432,2126512128,2145386496,2142240768,2123366400,2142240768,2134376448,2657266086
2121269248,2149580800,2151677952,2130706432,2127560704,2146435072,2142240768,2125463552,2138308608,2135425024,2657282109
2138046464,2138046464,2138046464,2120220672,2131755008,2148532224,2146435072,2128609280,2133590016,2138832896,2657298111
2142240768,2142240768,2142240768,2120220672,2132803584,2149580800,2148532224,2130706432,2136735744,2140405760,2657315001
2127560704,2143289344,2143289344,2130706432,2130706432,2149580800,2146435072,2129657856,2136211456,2139095040,2657331001
2134900736,2141192192,2138046464,2121269248,2128609280,2146435072,2144337920,2126512128,2133852160,2136473600,2657347001
2132803584,2139095040,2134900736,2118123520,2127560704,2144337920,2142240768,2123366400,2131230720,2134376448,2657363023
2121269248,2140143616,2136997888,2121269248,2128609280,2146435072,2143289344,2125463552,2129920000,2135949312,2657379024
2131755008,2155872256,2146435072,2130706432,2130706432,2147483648,2145386496,2128609280,2141192192,2138046464,2657395024
2141192192,2146435072,2139095040,2126512128,2132803584,2149580800,2147483648,2130706432,2138308608,2140143616,2657411023
2123366400,2155872256,2141192192,2139095040,2131755008,2149580800,2147483648,2130706432,2139881472,2139881472,2657427046
2139095040,2140143616,2138046464,2121269248,2129657856,2147483648,2146435072,2127560704,2134638592,2137784320,2657443045
2132803584,2157969408,2149580800,2132803584,2127560704,2145386496,2142240768,2124414976,2143289344,2134900736,2657459046
2120220672,2157969408,2150629376,2135949312,2127560704,2145386496,2142240768,2124414976,2141192192,2134900736,2657475046
2139095040,2141192192,2134900736,2118123520,2129657856,2147483648,2145386496,2127560704,2133327872,2137522176,2657491068
2144337920,2139095040,2141192192,2119172096,2131755008,2149580800,2148532224,2131755008,2135949312,2140405760,2657507067
2125463552,2155872256,2150629376,2141192192,2131755008,2149580800,2147483648,2131755008,2143289344,2140143616,2657523067
2122317824,2153775104,2152726528,2138046464,2130706432,2148532224,2146435072,2128609280,2141716480,2138570752,2657539069
2123366400,2159017984,2154823680,2138046464,2127560704,2146435072,2143289344,2124414976,2143813632,2135425024,2657555089
2121269248,2152726528,2151677952,2134900736,2127560704,2145386496,2141192192,2124414976,2140143616,2134638592,2657571086
2124414976,2139095040,2139095040,2119172096,2129657856,2146435072,2144337920,2126512128,2130444288,2136735744,2657587086
2139095040,2146435072,2140143616,2120220672,2130706432,2149580800,2147483648,2129657856,2136473600,2139357184,2657603087
2125463552,2147483648,2142240768,2131755008,2131755008,2149580800,2147483648,2131755008,2136735744,2140143616,2657619111
2139095040,2154823680,2151677952,2134900736,2130706432,2149580800,2146435072,2129657856,2145124352,2139095040,2657635108
2123366400,2154823680,2153775104,2138046464,2129657856,2146435072,2143289344,2125463552,2142502912,2136211456,2657652001
2129657856,2141192192,2135949312,2118123520,2127560704,2144337920,2141192192,2123366400,2131230720,2134114304,2657668001
2123366400,2154823680,2154823680,2136997888,2128609280,2146435072,2144337920,2125463552,2142502912,2136211456,2657684001
2130706432,2156920832,2152726528,2128609280,2130706432,2149580800,2145386496,2129657856,2142240768,2138832896,2657700001
2124414976,2152726528,2155872256,2138046464,2131755008,2150629376,2148532224,2131755008,2142765056,2140667904,2657716023
2127560704,2161115136,2164260864,2136997888,2131755008,2149580800,2146435072,2130706432,2147483648,2139619328,2657732024
2122317824,2162163712,2153775104,2140143616,2128609280,2147483648,2145386496,2126512128,2144600064,2136997888,2657748023
2124414976,2148532224,2151677952,2130706432,2126512128,2145386496,2142240768,2124414976,2138832896,2134638592,2657764022
2135949312,2140143616,2134900736,2118123520,2128609280,2145386496,2143289344,2124414976,2132279296,2135425024,2657780046
2122317824,2159017984,2156920832,2133852160,2130706432,2147483648,2145386496,2128609280,2143027200,2138046464,2657796045
2123366400,2148532224,2145386496,2134900736,2132803584,2148532224,2147483648,2130706432,2138046464,2139881472,2657812046
2142240768,2146435072,2140143616,2126512128,2131755008,2148532224,2147483648,2129657856,2138832896,2139357184,2657828043
2140143616,2140143616,2136997888,2121269248,2129657856,2147483648,2145386496,2127560704,2134638592,2137522176,2657844066
2119172096,2147483648,2148532224,2130706432,2127560704,2145386496,2142240768,2124414976,2136473600,2134900736,2657860066
2121269248,2142240768,2136997888,2121269248,2126512128,2146435072,2142240768,2124414976,2130444288,2134900736,2657876067
2138046464,2140143616,2135949312,2120220672,2129657856,2147483648,2145386496,2127560704,2133590016,2137522176,2657892065
2135949312,2140143616,2139095040,2121269248,2132803584,2148532224,2147483648,2129657856,2134114304,2139619328,2657908089
2126512128,2144337920,2140143616,2128609280,2132803584,2149580800,2147483648,2130706432,2134900736,2140143616,2657924089
2125463552,2162163712,2159017984,2139095040,2130706432,2148532224,2146435072,2127560704,2146435072,2138308608,2657940090
2131755008,2141192192,2139095040,2120220672,2128609280,2145386496,2143289344,2124414976,2133065728,2135425024,2657956085
2127560704,2135949312,2135949312,2117074944,2127560704,2144337920,2143289344,2122317824,2129133568,2134376448,2657972108
2122317824,2145386496,2145386496,2128609280,2128609280,2146435072,2144337920,2126512128,2135425024,2136473600,2657989001
2124414976,2163212288,2154823680,2139095040,2132803584,2148532224,2146435072,2129657856,2145386496,2139357184,2658005001
2133852160,2150629376,2153775104,2128609280,2131755008,2150629376,2147483648,2131755008,2141716480,2140405760,2658021001
2135949312,2141192192,2143289344,2123366400,2130706432,2147483648,2146435072,2128609280,2135949312,2138308608,2658037001
2133852160,2151677952,2149580800,2129657856,2128609280,2146435072,2143289344,2125463552,2141192192,2135949312,2658053025
2129657856,2153775104,2150629376,2129657856,2127560704,2145386496,2142240768,2123366400,2140930048,2134638592,2658069023
2134900736,2150629376,2146435072,2129657856,2129657856,2147483648,2143289344,2125463552,2140405760,2136473600,2658085022
2140143616,2144337920,2144337920,2122317824,2131755008,2149580800,2146435072,2129657856,2137784320,2139357184,2658101026
2123366400,2154823680,2153775104,2141192192,2132803584,2150629376,2148532224,2131755008,2143289344,2140930048,2658117045
2122317824,2148532224,2147483648,2138046464,2131755008,2148532224,2147483648,2128609280,2139095040,2139095040,2658133044
2126512128,2157969408,2157969408,2138046464,2128609280,2147483648,2143289344,2126512128,2145124352,2136473600,2658149046
2135949312,2146435072,2142240768,2119172096,2127560704,2145386496,2142240768,2123366400,2135949312,2134638592,2658165046
2119172096,2156920832,2155872256,2129657856,2128609280,2146435072,2144337920,2125463552,2140405760,2136211456,2658181067
2122317824,2141192192,2142240768,2123366400,2129657856,2148532224,2146435072,2128609280,2132279296,2138308608,2658197066
2124414976,2146435072,2141192192,2129657856,2132803584,2149580800,2147483648,2130706432,2135425024,2140143616,2658213065
2135949312,2154823680,2154823680,2132803584,2131755008,2148532224,2147483648,2129657856,2144600064,2139357184,2658229067
2126512128,2156920832,2154823680,2135949312,2128609280,2147483648,2144337920,2127560704,2143551488,2136997888,2658245088
2138046464,2136997888,2135949312,2114977792,2127560704,2144337920,2141192192,2123366400,2131492864,2134114304,2658261088
2121269248,2147483648,2142240768,2125463552,2127560704,2145386496,2142240768,2124414976,2134114304,2134900736,2658277088
2129657856,2153775104,2150629376,2132803584,2129657856,2148532224,2145386496,2128609280,2141716480,2138046464,2658293089
2125463552,2147483648,2141192192,2130706432,2131755008,2149580800,2147483648,2130706432,2136211456,2139881472,2658309109
2126512128,2144337920,2145386496,2127560704,2131755008,2149580800,2147483648,2130706432,2135949312,2139881472,2658325110
2124414976,2149580800,2150629376,2134900736,2129657856,2147483648,2145386496,2127560704,2139881472,2137522176,2658342001
2136997888,2139095040,2135949312,2117074944,2128609280,2145386496,2143289344,2124414976,2132279296,2135425024,2658358001
2140143616,2151677952,2138046464,2119172096,2127560704,2146435072,2142240768,2124414976,2137260032,2135162880,2658374001
2140143616,2138046464,2134900736,2114977792,2128609280,2147483648,2145386496,2126512128,2132017152,2136997888,2658390023
2136997888,2141192192,2138046464,2122317824,2131755008,2149580800,2147483648,2129657856,2134638592,2139619328,2658406023
2139095040,2143289344,2141192192,2122317824,2131755008,2149580800,2147483648,2130706432,2136473600,2139881472,2658422022
2124414976,2150629376,2142240768,2138046464,2130706432,2148532224,2145386496,2128609280,2138832896,2138308608,2658438023
2143289344,2146435072,2145386496,2124414976,2128609280,2146435072,2143289344,2124414976,2139881472,2135687168,2658454047
2130706432,2146435072,2144337920,2118123520,2127560704,2144337920,2142240768,2123366400,2134900736,2134376448,2658470046
2141192192,2138046464,2136997888,2119172096,2129657856,2147483648,2144337920,2126512128,2133852160,2136997888,2658486046
2133852160,2142240768,2139095040,2124414976,2131755008,2149580800,2147483648,2129657856,2134900736,2139619328,2658502045
2128609280,2163212288,2160066560,2139095040,2132803584,2150629376,2148532224,2130706432,2147745792,2140667904,2658518066
2128609280,2162163712,2161115136,2141192192,2130706432,2149580800,2147483648,2129657856,2148270080,2139357184,2658534064
2128609280,2141192192,2139095040,2121269248,2128609280,2146435072,2144337920,2125463552,2132541440,2136211456,2658550067
2119172096,2157969408,2147483648,2139095040,2127560704,2146435072,2142240768,2124414976,2140930048,2135162880,2658566065
2129657856,2141192192,2135949312,2120220672,2128609280,2145386496,2143289344,2124414976,2131755008,2135425024,2658582086
2136997888,2154823680,2146435072,2128609280,2130706432,2148532224,2146435072,2129657856,2141716480,2138832896,2658598089
2126512128,2161115136,2157969408,2142240768,2131755008,2150629376,2148532224,2130706432,2146959360,2140405760,2658614089
2136997888,2154823680,2154823680,2129657856,2131755008,2148532224,2147483648,2129657856,2144075776,2139357184,2658630087
2138046464,2143289344,2139095040,2123366400,2130706432,2146435072,2144337920,2125463552,2135949312,2136735744,2658646109
2124414976,2153775104,2150629376,2134900736,2127560704,2145386496,2142240768,2123366400,2140930048,2134638592,2658662107
2118123520,2160066560,2147483648,2139095040,2127560704,2145386496,2142240768,2124414976,2141192192,2134900736,2658679001
2141192192,2140143616,2140143616,2117074944,2130706432,2148532224,2145386496,2127560704,2134638592,2138046464,2658695001
2140143616,2159017984,2151677952,2139095040,2131755008,2150629376,2148532224,2131755008,2147483648,2140667904,2658711001
2125463552,2152726528,2155872256,2135949312,2131755008,2149580800,2147483648,2131755008,2142502912,2140143616,2658727001
2126512128,2159017984,2159017984,2138046464,2129657856,2148532224,2145386496,2127560704,2145648640,2137784320,2658743022
2129657856,2139095040,2139095040,2117074944,2128609280,2144337920,2142240768,2123366400,2131230720,2134638592,2658759023
2128609280,2146435072,2146435072,2123366400,2127560704,2145386496,2143289344,2123366400,2136211456,2134900736,2658775023
2140143616,2138046464,2136997888,2118123520,2129657856,2148532224,2145386496,2127560704,2133327872,2137784320,2658791022
2138046464,2140143616,2140143616,2121269248,2131755008,2149580800,2147483648,2130706432,2134900736,2139881472,2658807047
2124414976,2147483648,2149580800,2130706432,2131755008,2149580800,2147483648,2130706432,2138046464,2139881472,2658823046
2131755008,2156920832,2156920832,2135949312,2130706432,2149580800,2145386496,2128609280,2145386496,2138570752,2658839045
2139095040,2150629376,2145386496,2127560704,2128609280,2144337920,2143289344,2123366400,2140667904,2134900736,2658855044
2127560704,2146435072,2150629376,2121269248,2126512128,2146435072,2143289344,2124414976,2136473600,2135162880,2658871068
2139095040,2139095040,2140143616,2114977792,2129657856,2146435072,2144337920,2125463552,2133327872,2136473600,2658887069
2124414976,2162163712,2157969408,2138046464,2131755008,2149580800,2147483648,2129657856,2145648640,2139619328,2658903067
2126512128,2157969408,2155872256,2143289344,2132803584,2150629376,2148532224,2131755008,2145910784,2140930048,2658919066
2138046464,2141192192,2139095040,2123366400,2130706432,2148532224,2146435072,2129657856,2135425024,2138832896,2658935087
2136997888,2146435072,2146435072,2120220672,2128609280,2146435072,2143289344,2124414976,2137522176,2135687168,2658951087
2128609280,2140143616,2139095040,2120220672,2128609280,2144337920,2142240768,2123366400,2132017152,2134638592,2658967087
2121269248,2148532224,2142240768,2134900736,2128609280,2146435072,2144337920,2125463552,2136735744,2136211456,2658983088
2130706432,2152726528,2152726528,2127560704,2130706432,2148532224,2146435072,2129657856,2140930048,2138832896,2658999110
2143289344,2138046464,2141192192,2121269248,2132803584,2150629376,2148532224,2130706432,2135949312,2140667904,2659016001
2136997888,2146435072,2141192192,2126512128,2131755008,2148532224,2146435072,2129657856,2137784320,2139095040,2659032001
2136997888,2141192192,2138046464,2122317824,2128609280,2147483648,2144337920,2126512128,2134638592,2136735744,2659048000
2132803584,2138046464,2135949312,2119172096,2128609280,2145386496,2141192192,2123366400,2131492864,2134638592,2659064001
2133852160,2139095040,2132803584,2116026368,2128609280,2145386496,2143289344,2125463552,2130444288,2135687168,2659080023
2125463552,2143289344,2143289344,2122317824,2130706432,2148532224,2145386496,2128609280,2133590016,2138308608,2659096023
2123366400,2154823680,2143289344,2135949312,2132803584,2149580800,2148532224,2130706432,2139357184,2140405760,2659112023
2124414976,2155872256,2152726528,2141192192,2131755008,2149580800,2147483648,2130706432,2143551488,2139881472,2659128023
2136997888,2143289344,2148532224,2121269248,2129657856,2147483648,2145386496,2125463552,2137522176,2136997888,2659144045
2122317824,2162163712,2148532224,2141192192,2127560704,2146435072,2143289344,2124414976,2143551488,2135425024,2659160044
2136997888,2141192192,2133852160,2114977792,2128609280,2145386496,2142240768,2123366400,2131755008,2134900736,2659176047
2125463552,2155872256,2153775104,2134900736,2129657856,2147483648,2143289344,2127560704,2142502912,2136997888,2659192046
2128609280,2159017984,2156920832,2138046464,2130706432,2150629376,2147483648,2131755008,2145648640,2140143616,2659208067
2138046464,2142240768,2140143616,2124414976,2131755008,2149580800,2147483648,2130706432,2136211456,2139881472,2659224066
2142240768,2140143616,2140143616,2119172096,2131755008,2147483648,2145386496,2127560704,2135425024,2138046464,2659240067
2138046464,2138046464,2135949312,2117074944,2127560704,2146435072,2143289344,2124414976,2132279296,2135425024,2659256067
2132803584,2135949312,2133852160,2113929216,2127560704,2145386496,2141192192,2123366400,2129133568,2134376448,2659272088
2135949312,2139095040,2135949312,2117074944,2129657856,2147483648,2144337920,2126512128,2132017152,2136997888,2659288088
2122317824,2151677952,2152726528,2134900736,2131755008,2149580800,2147483648,2129657856,2140405760,2139619328,2659304087
2124414976,2163212288,2157969408,2145386496,2131755008,2151677952,2147483648,2131755008,2147745792,2140667904,2659320088
2143289344,2146435072,2144337920,2121269248,2131755008,2148532224,2146435072,2128609280,2138832896,2138832896,2659336108
2128609280,2155872256,2155872256,2135949312,2128609280,2146435072,2143289344,2125463552,2144075776,2135949312,2659352110
2129657856,2135949312,2135949312,2117074944,2127560704,2145386496,2142240768,2124414976,2129657856,2134900736,2659369001
2119172096,2152726528,2139095040,2135949312,2128609280,2145386496,2143289344,2125463552,2136735744,2135687168,2659385001
2123366400,2147483648,2143289344,2132803584,2130706432,2148532224,2147483648,2129657856,2136735744,2139095040,2659401001
2135949312,2142240768,2142240768,2121269248,2131755008,2150629376,2147483648,2131755008,2135425024,2140405760,2659417024
2134900736,2153775104,2154823680,2129657856,2130706432,2149580800,2147483648,2129657856,2143289344,2139357184,2659433022
2124414976,2154823680,2153775104,2138046464,2129657856,2146435072,2144337920,2125463552,2142765056,2136473600,2659449024
2120220672,2159017984,2147483648,2138046464,2127560704,2145386496,2141192192,2123366400,2141192192,2134376448,2659465024
2118123520,2157969408,2149580800,2133852160,2128609280,2146435072,2142240768,2124414976,2139881472,2135425024,2659481046
2139095040,2142240768,2136997888,2122317824,2130706432,2147483648,2146435072,2128609280,2135162880,2138308608,2659497045
2143289344,2142240768,2146435072,2121269248,2130706432,2150629376,2148532224,2130706432,2138308608,2140143616,2659513045
2126512128,2164260864,2162163712,2144337920,2131755008,2149580800,2147483648,2130706432,2149318656,2139881472,2659529046
2133852160,2141192192,2140143616,2128609280,2129657856,2147483648,2144337920,2127560704,2135949312,2137260032,2659545067
2145386496,2141192192,2138046464,2119172096,2128609280,2145386496,2142240768,2123366400,2135949312,2134900736,2659561067
2130706432,2154823680,2150629376,2123366400,2127560704,2145386496,2143289344,2124414976,2139881472,2135162880,2659577067
2131755008,2139095040,2136997888,2120220672,2129657856,2147483648,2145386496,2127560704,2132017152,2137522176,2659593068
2142240768,2142240768,2142240768,2124414976,2131755008,2149580800,2148532224,2130706432,2137784320,2140143616,2659609089
2132803584,2157969408,2160066560,2129657856,2131755008,2149580800,2148532224,2130706432,2145124352,2140143616,2659625087
2139095040,2155872256,2149580800,2129657856,2130706432,2147483648,2145386496,2127560704,2143551488,2137784320,2659641087
2122317824,2149580800,2148532224,2129657856,2127560704,2145386496,2142240768,2124414976,2137522176,2134900736,2659657088
2122317824,2154823680,2153775104,2136997888,2127560704,2145386496,2143289344,2123366400,2141978624,2134900736,2659673111
2129657856,2135949312,2138046464,2117074944,2129657856,2147483648,2144337920,2126512128,2130182144,2136997888,2659689108
2123366400,2148532224,2144337920,2133852160,2132803584,2149580800,2147483648,2129657856,2137522176,2139881472,2659706001
2129657856,2157969408,2160066560,2142240768,2131755008,2149580800,2148532224,2130706432,2147483648,2140143616,2659722001
2135949312,2143289344,2141192192,2122317824,2130706432,2148532224,2146435072,2128609280,2135687168,2138570752,2659738001
2142240768,2141192192,2141192192,2120220672,2128609280,2146435072,2143289344,2124414976,2136211456,2135687168,2659754001
2120220672,2142240768,2144337920,2124414976,2127560704,2144337920,2142240768,2123366400,2132803584,2134376448,2659770024
2122317824,2147483648,2155872256,2129657856,2128609280,2146435072,2144337920,2126512128,2138832896,2136473600,2659786023
2123366400,2143289344,2147483648,2126512128,2131755008,2147483648,2147483648,2128609280,2135162880,2138832896,2659802024
2123366400,2150629376,2149580800,2136997888,2131755008,2149580800,2148532224,2130706432,2140143616,2140143616,2659818022
2142240768,2142240768,2141192192,2127560704,2130706432,2148532224,2147483648,2129657856,2138308608,2139095040,2659834047
2134900736,2154823680,2152726528,2127560704,2128609280,2146435072,2144337920,2125463552,2142502912,2136211456,2659850045
2129657856,2150629376,2156920832,2121269248,2127560704,2146435072,2142240768,2124414976,2139619328,2135162880,2659866045
2132803584,2135949312,2135949312,2117074944,2129657856,2145386496,2143289344,2124414976,2130444288,2135687168,2659882045
2132803584,2156920832,2152726528,2130706432,2130706432,2148532224,2146435072,2128609280,2143289344,2138570752,2659898066
2124414976,2155872256,2149580800,2140143616,2132803584,2149580800,2148532224,2130706432,2142502912,2140405760,2659914068
2144337920,2144337920,2142240768,2124414976,2131755008,2148532224,2147483648,2129657856,2138832896,2139357184,2659930069
2131755008,2145386496,2150629376,2125463552,2129657856,2146435072,2144337920,2126512128,2138308608,2136735744,2659946065
2135949312,2139095040,2134900736,2119172096,2127560704,2145386496,2142240768,2124414976,2132279296,2134900736,2659962088
2134900736,2149580800,2141192192,2121269248,2128609280,2146435072,2143289344,2125463552,2136735744,2135949312,2659978090
2124414976,2160066560,2152726528,2139095040,2130706432,2148532224,2145386496,2127560704,2144075776,2138046464,2659994088
2126512128,2144337920,2139095040,2128609280,2132803584,2149580800,2147483648,2129657856,2134638592,2139881472,2660010085
2125463552,2162163712,2151677952,2146435072,2131755008,2149580800,2147483648,2130706432,2146435072,2139881472,2660026110
2132803584,2154823680,2150629376,2138046464,2129657856,2147483648,2145386496,2126512128,2144075776,2137260032,2660043001
2123366400,2142240768,2147483648,2125463552,2127560704,2146435072,2143289344,2124414976,2134638592,2135425024,2660059001
2129657856,2139095040,2134900736,2118123520,2128609280,2144337920,2142240768,2122317824,2130444288,2134376448,2660075001
2132803584,2143289344,2135949312,2120220672,2129657856,2148532224,2145386496,2127560704,2133065728,2137784320,2660091001
2122317824,2151677952,2151677952,2136997888,2131755008,2149580800,2147483648,2130706432,2140667904,2139881472,2660107024
2143289344,2145386496,2142240768,2126512128,2132803584,2150629376,2147483648,2130706432,2139357184,2140405760,2660123024
2124414976,2151677952,2141192192,2132803584,2129657856,2148532224,2145386496,2128609280,2137522176,2138046464,2660139022
2131755008,2151677952,2146435072,2129657856,2128609280,2146435072,2143289344,2125463552,2139881472,2135949312,2660155024
2121269248,2138046464,2136997888,2121269248,2127560704,2145386496,2141192192,2123366400,2129395712,2134376448,2660171045
2141192192,2140143616,2142240768,2117074944,2129657856,2146435072,2144337920,2125463552,2135162880,2136473600,2660187045
2141192192,2143289344,2138046464,2122317824,2131755008,2148532224,2146435072,2129657856,2136211456,2139095040,2660203044
2140143616,2142240768,2140143616,2126512128,2132803584,2149580800,2147483648,2130706432,2137260032,2140143616,2660219044
2135949312,2143289344,2140143616,2123366400,2130706432,2148532224,2146435072,2128609280,2135687168,2138570752,2660235068
2123366400,2154823680,2153775104,2138046464,2128609280,2146435072,2143289344,2124414976,2142502912,2135687168,2660251066
2129657856,2150629376,2146435072,2121269248,2127560704,2145386496,2143289344,2123366400,2136997888,2134900736,2660267064
2126512128,2153775104,2152726528,2125463552,2128609280,2146435072,2144337920,2125463552,2139619328,2136211456,2660283068
2135949312,2140143616,2146435072,2119172096,2130706432,2148532224,2145386496,2129657856,2135425024,2138570752,2660299089
2135949312,2141192192,2140143616,2128609280,2131755008,2149580800,2147483648,2130706432,2136473600,2139881472,2660315089
2140143616,2143289344,2151677952,2121269248,2131755008,2148532224,2146435072,2129657856,2139095040,2139095040,2660331085
2138046464,2141192192,2138046464,2120220672,2129657856,2147483648,2144337920,2126512128,2134376448,2136997888,2660347086
2128609280,2155872256,2152726528,2129657856,2127560704,2145386496,2142240768,2123366400,2141716480,2134638592,2660363110
2136997888,2141192192,2142240768,2119172096,2128609280,2145386496,2143289344,2124414976,2134900736,2135425024,2660379108
2121269248,2153775104,2153775104,2134900736,2130706432,2147483648,2145386496,2127560704,2140930048,2137784320,2660396001
2129657856,2142240768,2140143616,2125463552,2131755008,2150629376,2148532224,2131755008,2134376448,2140667904,2660412001
2144337920,2146435072,2141192192,2124414976,2131755008,2149580800,2146435072,2130706432,2139095040,2139619328,2660428001
2122317824,2150629376,2150629376,2136997888,2129657856,2146435072,2144337920,2126512128,2140143616,2136735744,2660444024
2133852160,2141192192,2134900736,2120220672,2127560704,2145386496,2143289344,2123366400,2132541440,2134900736,2660460023
2124414976,2160066560,2157969408,2131755008,2127560704,2145386496,2143289344,2123366400,2143551488,2134900736,2660476024
2122317824,2153775104,2153775104,2136997888,2129657856,2147483648,2144337920,2127560704,2141716480,2137260032,2660492024
2125463552,2143289344,2143289344,2123366400,2131755008,2149580800,2147483648,2129657856,2133852160,2139619328,2660508045
2124414976,2160066560,2147483648,2143289344,2131755008,2149580800,2147483648,2130706432,2143813632,2139881472,2660524045
2123366400,2160066560,2160066560,2135949312,2130706432,2148532224,2145386496,2127560704,2144862208,2138046464,2660540045
2133852160,2136997888,2136997888,2117074944,2127560704,2146435072,2142240768,2125463552,2131230720,2135425024,2660556046
2119172096,2142240768,2139095040,2124414976,2127560704,2145386496,2143289344,2123366400,2131230720,2134900736,2660572066
2125463552,2157969408,2152726528,2133852160,2129657856,2147483648,2144337920,2126512128,2142502912,2136997888,2660588065
2134900736,2143289344,2139095040,2122317824,2131755008,2148532224,2146435072,2129657856,2134900736,2139095040,2660604068
2129657856,2159017984,2159017984,2141192192,2132803584,2149580800,2148532224,2130706432,2147221504,2140405760,2660620066
2133852160,2152726528,2153775104,2136997888,2130706432,2148532224,2146435072,2129657856,2144337920,2138832896,2660636087
2123366400,2147483648,2145386496,2130706432,2128609280,2146435072,2143289344,2125463552,2136735744,2135949312,2660652085
2119172096,2151677952,2143289344,2134900736,2127560704,2145386496,2141192192,2123366400,2137260032,2134376448,2660668087
2122317824,2155872256,2155872256,2135949312,2128609280,2147483648,2144337920,2126512128,2142502912,2136735744,2660684089
2132803584,2138046464,2139095040,2122317824,2130706432,2148532224,2146435072,2129657856,2133065728,2138832896,2660700110
2126512128,2164260864,2162163712,2141192192,2131755008,2151677952,2148532224,2131755008,2148532224,2140930048,2660716106
2124414976,2155872256,2147483648,2139095040,2131755008,2149580800,2146435072,2129657856,2141716480,2139357184,2660733001
2140143616,2146435072,2144337920,2121269248,2129657856,2146435072,2144337920,2125463552,2138046464,2136473600,2660749001
2135949312,2138046464,2134900736,2119172096,2127560704,2145386496,2142240768,2123366400,2132017152,2134638592,2660765001
2141192192,2136997888,2135949312,2119172096,2127560704,2146435072,2143289344,2124414976,2133327872,2135425024,2660781001
2122317824,2147483648,2147483648,2130706432,2130706432,2148532224,2146435072,2128609280,2136997888,2138570752,2660797025
2136997888,2156920832,2150629376,2132803584,2132803584,2150629376,2148532224,2130706432,2144337920,2140667904,2660813026
2126512128,2150629376,2161115136,2138046464,2131755008,2149580800,2147483648,2130706432,2144075776,2139881472,2660829023
2124414976,2147483648,2150629376,2130706432,2129657856,2147483648,2144337920,2125463552,2138308608,2136735744,2660845022
2122317824,2154823680,2154823680,2136997888,2128609280,2144337920,2141192192,2123366400,2142240768,2134376448,2660861047
2121269248,2143289344,2138046464,2126512128,2127560704,2145386496,2142240768,2124414976,2132279296,2134900736,2660877046
2138046464,2138046464,2135949312,2119172096,2129657856,2147483648,2145386496,2126512128,2132803584,2137260032,2660893047
2132803584,2146435072,2152726528,2127560704,2131755008,2149580800,2147483648,2130706432,2139881472,2139881472,2660909045
2130706432,2156920832,2161115136,2141192192,2131755008,2149580800,2147483648,2130706432,2147483648,2139881472,2660925067
2129657856,2153775104,2153775104,2131755008,2129657856,2147483648,2145386496,2127560704,2142240768,2137522176,2660941066
2127560704,2141192192,2139095040,2122317824,2128609280,2145386496,2141192192,2124414976,2132541440,2134900736,2660957065
2121269248,2143289344,2136997888,2128609280,2127560704,2145386496,2142240768,2124414976,2132541440,2134900736,2660973064
2124414976,2154823680,2152726528,2128609280,2128609280,2146435072,2144337920,2125463552,2140143616,2136211456,2660989089
2124414976,2144337920,2149580800,2127560704,2131755008,2148532224,2147483648,2129657856,2136473600,2139357184,2661005087
2128609280,2160066560,2161115136,2138046464,2131755008,2150629376,2147483648,2131755008,2146959360,2140405760,2661021086
2124414976,2160066560,2160066560,2140143616,2130706432,2149580800,2146435072,2128609280,2146172928,2138832896,2661037086
2124414976,2145386496,2143289344,2124414976,2128609280,2145386496,2143289344,2124414976,2134376448,2135425024,2661053111
2124414976,2155872256,2151677952,2134900736,2127560704,2145386496,2142240768,2124414976,2141716480,2134900736,2661070001
2122317824,2143289344,2139095040,2124414976,2129657856,2146435072,2143289344,2125463552,2132279296,2136211456,2661086001
2123366400,2147483648,2140143616,2127560704,2130706432,2149580800,2146435072,2129657856,2134638592,2139095040,2661102000
2123366400,2166358016,2148532224,2147483648,2132803584,2149580800,2148532224,2130706432,2146435072,2140405760,2661118001
2138046464,2142240768,2141192192,2124414976,2131755008,2148532224,2146435072,2128609280,2136473600,2138832896,2661134024
2122317824,2161115136,2142240768,2145386496,2129657856,2145386496,2143289344,2125463552,2142765056,2135949312,2661150023
2130706432,2144337920,2146435072,2121269248,2127560704,2144337920,2142240768,2123366400,2135687168,2134376448,2661166022
2126512128,2152726528,2150629376,2128609280,2127560704,2146435072,2143289344,2125463552,2139619328,2135687168,2661182023
2124414976,2145386496,2150629376,2128609280,2130706432,2148532224,2146435072,2128609280,2137260032,2138570752,2661198045
2136997888,2144337920,2142240768,2126512128,2132803584,2150629376,2147483648,2130706432,2137522176,2140405760,2661214046
2144337920,2142240768,2145386496,2125463552,2131755008,2149580800,2147483648,2130706432,2139357184,2139881472,2661230044
2131755008,2143289344,2139095040,2122317824,2129657856,2146435072,2143289344,2126512128,2134114304,2136473600,2661246047
2141192192,2138046464,2135949312,2118123520,2127560704,2145386496,2142240768,2124414976,2133327872,2134900736,2661262067
2130706432,2151677952,2151677952,2132803584,2127560704,2145386496,2143289344,2124414976,2141716480,2135162880,2661278067
2136997888,2146435072,2150629376,2121269248,2130706432,2147483648,2145386496,2127560704,2138832896,2137784320,2661294067
2131755008,2157969408,2157969408,2129657856,2131755008,2149580800,2148532224,2130706432,2144337920,2140143616,2661310066
2144337920,2141192192,2140143616,2121269248,2131755008,2149580800,2147483648,2130706432,2136735744,2139881472,2661326090
2121269248,2157969408,2147483648,2141192192,2130706432,2146435072,2144337920,2126512128,2141978624,2136997888,2661342088
2130706432,2150629376,2152726528,2125463552,2128609280,2145386496,2142240768,2124414976,2139881472,2135162880,2661358088
2119172096,2147483648,2149580800,2130706432,2127560704,2145386496,2142240768,2124414976,2136735744,2134900736,2661374087
2124414976,2140143616,2142240768,2121269248,2128609280,2147483648,2144337920,2126512128,2132017152,2136735744,2661390109
2138046464,2143289344,2138046464,2122317824,2130706432,2149580800,2147483648,2130706432,2135425024,2139619328,2661406109
2138046464,2153775104,2146435072,2124414976,2132803584,2149580800,2148532224,2130706432,2140667904,2140405760,2661423001
2131755008,2154823680,2152726528,2132803584,2130706432,2148532224,2146435072,2128609280,2143027200,2138570752,2661439001
2128609280,2146435072,2153775104,2121269248,2128609280,2146435072,2143289344,2124414976,2137522176,2135687168,2661455001
2129657856,2139095040,2134900736,2117074944,2126512128,2145386496,2142240768,2124414976,2130182144,2134638592,2661471023
2132803584,2150629376,2146435072,2129657856,2129657856,2147483648,2145386496,2126512128,2139881472,2137260032,2661487023
2140143616,2143289344,2136997888,2120220672,2131755008,2148532224,2146435072,2129657856,2135162880,2139095040,2661503023
2125463552,2150629376,2163212288,2135949312,2131755008,2149580800,2148532224,2131755008,2143813632,2140405760,2661519023
2142240768,2143289344,2141192192,2120220672,2130706432,2150629376,2147483648,2130706432,2136735744,2139881472,2661535045
2125463552,2141192192,2147483648,2123366400,2128609280,2147483648,2144337920,2125463552,2134376448,2136473600,2661551045
2138046464,2139095040,2133852160,2114977792,2127560704,2145386496,2141192192,2123366400,2131492864,2134376448,2661567046
2121269248,2140143616,2133852160,2121269248,2128609280,2146435072,2143289344,2125463552,2129133568,2135949312,2661583046
2138046464,2142240768,2146435072,2120220672,2130706432,2148532224,2146435072,2128609280,2136735744,2138570752,2661599067
2130706432,2157969408,2161115136,2141192192,2132803584,2149580800,2148532224,2130706432,2147745792,2140405760,2661615065
2133852160,2145386496,2143289344,2124414976,2131755008,2149580800,2146435072,2129657856,2136735744,2139357184,2661631068
2142240768,2151677952,2142240768,2127560704,2129657856,2146435072,2144337920,2125463552,2140930048,2136473600,2661647067
2125463552,2157969408,2152726528,2135949312,2126512128,2146435072,2143289344,2124414976,2143027200,2135162880,2661663087
2133852160,2141192192,2134900736,2114977792,2128609280,2145386496,2143289344,2124414976,2131230720,2135425024,2661679087
2121269248,2154823680,2151677952,2138046464,2129657856,2147483648,2145386496,2127560704,2141454336,2137522176,2661695089
2128609280,2160066560,2157969408,2136997888,2131755008,2149580800,2147483648,2130706432,2145910784,2139881472,2661711089
2126512128,2160066560,2159017984,2142240768,2131755008,2149580800,2147483648,2131755008,2146959360,2140143616,2661727109
2143289344,2146435072,2139095040,2121269248,2129657856,2147483648,2144337920,2127560704,2137522176,2137260032,2661743107
2121269248,2152726528,2149580800,2139095040,2126512128,2146435072,2142240768,2124414976,2140667904,2134900736,2661760001
2128609280,2148532224,2146435072,2126512128,2127560704,2146435072,2143289344,2124414976,2137522176,2135425024,2661776001
2121269248,2144337920,2147483648,2127560704,2129657856,2147483648,2145386496,2127560704,2135162880,2137522176,2661792001
2126512128,2155872256,2155872256,2139095040,2131755008,2150629376,2148532224,2130706432,2144337920,2140405760,2661808001
2126512128,2147483648,2148532224,2132803584,2132803584,2149580800,2147483648,2130706432,2138832896,2140143616,2661824023
2124414976,2161115136,2151677952,2146435072,2129657856,2148532224,2146435072,2127560704,2145910784,2138046464,2661840023
2123366400,2153775104,2153775104,2131755008,2128609280,2146435072,2143289344,2124414976,2140667904,2135687168,2661856023
2121269248,2141192192,2136997888,2126512128,2127560704,2145386496,2142240768,2124414976,2131492864,2134900736,2661872022
2123366400,2144337920,2138046464,2126512128,2129657856,2147483648,2144337920,2126512128,2133065728,2136997888,2661888044
2124414976,2146435072,2145386496,2128609280,2131755008,2148532224,2147483648,2129657856,2136211456,2139357184,2661904047
2125463552,2147483648,2147483648,2130706432,2131755008,2150629376,2148532224,2132803584,2137784320,2140930048,2661920046
2142240768,2151677952,2140143616,2124414976,2130706432,2148532224,2146435072,2128609280,2139619328,2138570752,2661936044
2142240768,2141192192,2138046464,2119172096,2128609280,2146435072,2143289344,2124414976,2135162880,2135687168,2661952066
2132803584,2145386496,2149580800,2118123520,2127560704,2144337920,2142240768,2122317824,2136473600,2134114304,2661968066
2133852160,2136997888,2132803584,2117074944,2128609280,2146435072,2144337920,2125463552,2130182144,2136211456,2661984067
2123366400,2150629376,2147483648,2133852160,2131755008,2148532224,2146435072,2129657856,2138832896,2139095040,2662000067
2143289344,2145386496,2145386496,2123366400,2131755008,2150629376,2148532224,2131755008,2139357184,2140667904,2662016088
2132803584,2145386496,2142240768,2123366400,2131755008,2148532224,2147483648,2128609280,2135949312,2139095040,2662032088
2125463552,2159017984,2156920832,2140143616,2128609280,2147483648,2144337920,2127560704,2145386496,2136997888,2662048088
2122317824,2140143616,2135949312,2123366400,2127560704,2145386496,2143289344,2123366400,2130444288,2134900736,2662064086
2126512128,2150629376,2152726528,2132803584,2127560704,2146435072,2143289344,2124414976,2140667904,2135425024,2662080108
2128609280,2155872256,2147483648,2129657856,2130706432,2148532224,2146435072,2128609280,2140405760,2138570752,2662097001
2126512128,2153775104,2152726528,2138046464,2132803584,2149580800,2148532224,2130706432,2142765056,2140405760,2662113001
2125463552,2151677952,2148532224,2139095040,2131755008,2148532224,2147483648,2129657856,2141192192,2139357184,2662129000
2132803584,2139095040,2143289344,2121269248,2129657856,2146435072,2144337920,2126512128,2134114304,2136735744,2662145001
2135949312,2146435072,2143289344,2117074944,2127560704,2145386496,2141192192,2123366400,2135687168,2134376448,2662161025
2123366400,2154823680,2154823680,2130706432,2128609280,2145386496,2142240768,2123366400,2140930048,2134900736,2662177023
2122317824,2149580800,2149580800,2133852160,2129657856,2148532224,2145386496,2128609280,2138832896,2138046464,2662193023
2124414976,2148532224,2147483648,2133852160,2131755008,2148532224,2148532224,2129657856,2138570752,2139619328,2662209023
2147483648,2144337920,2144337920,2123366400,2131755008,2149580800,2147483648,2130706432,2139881472,2139881472,2662225044
2123366400,2152726528,2149580800,2136997888,2130706432,2148532224,2146435072,2127560704,2140667904,2138308608,2662241046
2128609280,2153775104,2154823680,2131755008,2127560704,2145386496,2143289344,2124414976,2142240768,2135162880,2662257044
2121269248,2141192192,2139095040,2122317824,2127560704,2145386496,2142240768,2123366400,2130968576,2134638592,2662273045
2127560704,2156920832,2156920832,2129657856,2129657856,2147483648,2145386496,2126512128,2142765056,2137260032,2662289067
2123366400,2157969408,2151677952,2143289344,2131755008,2149580800,2147483648,2130706432,2144075776,2139881472,2662305068
2133852160,2155872256,2155872256,2136997888,2131755008,2150629376,2148532224,2131755008,2145648640,2140667904,2662321066
2139095040,2143289344,2143289344,2124414976,2130706432,2147483648,2146435072,2127560704,2137522176,2138046464,2662337067
2121269248,2157969408,2147483648,2140143616,2128609280,2146435072,2143289344,2125463552,2141716480,2135949312,2662353086
2133852160,2138046464,2133852160,2117074944,2127560704,2145386496,2141192192,2123366400,2130706432,2134376448,2662369088
2142240768,2140143616,2138046464,2116026368,2128609280,2146435072,2143289344,2126512128,2134114304,2136211456,2662385087
2138046464,2152726528,2146435072,2132803584,2129657856,2149580800,2146435072,2130706432,2142502912,2139095040,2662401091
2138046464,2138046464,2139095040,2121269248,2131755008,2149580800,2148532224,2130706432,2134114304,2140143616,2662417109
2125463552,2160066560,2161115136,2133852160,2131755008,2148532224,2146435072,2128609280,2145124352,2138832896,2662433111
2130706432,2143289344,2138046464,2122317824,2128609280,2146435072,2143289344,2125463552,2133590016,2135949312,2662450001
2134900736,2155872256,2146435072,2128609280,2127560704,2145386496,2142240768,2123366400,2141454336,2134638592,2662466001
2140143616,2138046464,2144337920,2118123520,2129657856,2145386496,2142240768,2124414976,2135162880,2135425024,2662482001
2126512128,2156920832,2154823680,2138046464,2130706432,2148532224,2145386496,2128609280,2144075776,2138308608,2662498025
2135949312,2141192192,2140143616,2126512128,2131755008,2150629376,2148532224,2130706432,2135949312,2140405760,2662514024
2128609280,2161115136,2157969408,2141192192,2131755008,2149580800,2147483648,2129657856,2147221504,2139619328,2662530025
2121269248,2160066560,2149580800,2143289344,2129657856,2147483648,2144337920,2126512128,2143551488,2136997888,2662546023
2125463552,2139095040,2136997888,2120220672,2127560704,2145386496,2142240768,2123366400,2130444288,2134638592,2662562046
2126512128,2152726528,2154823680,2131755008,2127560704,2146435072,2144337920,2124414976,2141454336,2135687168,2662578043
2122317824,2157969408,2153775104,2138046464,2130706432,2147483648,2145386496,2127560704,2143027200,2137784320,2662594046
2124414976,2149580800,2149580800,2134900736,2132803584,2148532224,2147483648,2129657856,2139619328,2139619328,2662610046
2125463552,2144337920,2149580800,2129657856,2131755008,2149580800,2147483648,2130706432,2137260032,2139881472,2662626066
2141192192,2142240768,2151677952,2123366400,2129657856,2147483648,2145386496,2127560704,2139619328,2137522176,2662642064
2124414976,2153775104,2154823680,2126512128,2127560704,2145386496,2143289344,2124414976,2139881472,2135162880,2662658067
2125463552,2153775104,2151677952,2129657856,2127560704,2145386496,2142240768,2123366400,2140143616,2134638592,2662674068
2135949312,2146435072,2138046464,2124414976,2129657856,2147483648,2144337920,2127560704,2136211456,2137260032,2662690089
2130706432,2140143616,2141192192,2121269248,2132803584,2149580800,2147483648,2129657856,2133327872,2139881472,2662706086
2135949312,2155872256,2152726528,2138046464,2131755008,2150629376,2147483648,2131755008,2145648640,2140405760,2662722086
2139095040,2153775104,2152726528,2128609280,2130706432,2148532224,2146435072,2127560704,2143551488,2138308608,2662738088
2138046464,2151677952,2135949312,2118123520,2128609280,2146435072,2142240768,2124414976,2135949312,2135425024,2662754110
2117074944,2152726528,2141192192,2133852160,2127560704,2145386496,2142240768,2123366400,2136211456,2134638592,2662770108
2123366400,2156920832,2156920832,2132803584,2128609280,2146435072,2144337920,2125463552,2142502912,2136211456,2662787001
2122317824,2154823680,2160066560,2138046464,2130706432,2148532224,2147483648,2129657856,2143813632,2139095040,2662803001
2135949312,2160066560,2154823680,2135949312,2131755008,2150629376,2148532224,2131755008,2146697216,2140667904,2662819001
2135949312,2142240768,2144337920,2121269248,2130706432,2148532224,2146435072,2129657856,2135949312,2138832896,2662835000
2139095040,2146435072,2146435072,2119172096,2128609280,2145386496,2143289344,2124414976,2137784320,2135425024,2662851023
2120220672,2153775104,2147483648,2135949312,2126512128,2145386496,2142240768,2124414976,2139357184,2134638592,2662867023
2135949312,2146435072,2143289344,2121269248,2127560704,2146435072,2144337920,2124414976,2136735744,2135687168,2662883023
2138046464,2153775104,2146435072,2128609280,2131755008,2148532224,2146435072,2127560704,2141716480,2138570752,2662899024
2140143616,2144337920,2144337920,2126512128,2131755008,2150629376,2148532224,2131755008,2138832896,2140667904,2662915045
2142240768,2142240768,2141192192,2123366400,2131755008,2149580800,2147483648,2129657856,2137260032,2139619328,2662931046
2138046464,2139095040,2138046464,2121269248,2128609280,2147483648,2145386496,2126512128,2134114304,2136997888,2662947045
2134900736,2142240768,2146435072,2118123520,2127560704,2145386496,2143289344,2123366400,2135425024,2134900736,2662963044
2134900736,2142240768,2146435072,2120220672,2128609280,2145386496,2143289344,2123366400,2135949312,2135162880,2662979068
2123366400,2141192192,2139095040,2124414976,2129657856,2148532224,2146435072,2128609280,2132017152,2138308608,2662995067
2133852160,2145386496,2141192192,2127560704,2132803584,2149580800,2148532224,2129657856,2136997888,2140143616,2663011067
2138046464,2154823680,2156920832,2125463552,2130706432,2150629376,2147483648,2130706432,2143813632,2139881472,2663027065
2124414976,2152726528,2151677952,2139095040,2129657856,2147483648,2145386496,2127560704,2141978624,2137522176,2663043089
2133852160,2139095040,2136997888,2117074944,2127560704,2145386496,2143289344,2124414976,2131755008,2135162880,2663059090
2131755008,2139095040,2133852160,2116026368,2127560704,2145386496,2142240768,2124414976,2130182144,2134900736,2663075089
2133852160,2140143616,2139095040,2117074944,2129657856,2148532224,2145386496,2127560704,2132541440,2137784320,2663091088
2124414976,2148532224,2153775104,2133852160,2131755008,2149580800,2146435072,2131755008,2140143616,2139881472,2663107108
2128609280,2160066560,2160066560,2142240768,2131755008,2150629376,2148532224,2131755008,2147745792,2140667904,2663124001
2136997888,2141192192,2141192192,2122317824,2129657856,2147483648,2145386496,2127560704,2135425024,2137522176,2663140001
2123366400,2142240768,2135949312,2125463552,2128609280,2146435072,2142240768,2124414976,2131755008,2135425024,2663156001
2134900736,2146435072,2146435072,2124414976,2126512128,2145386496,2143289344,2123366400,2138046464,2134638592,2663172001
2124414976,2156920832,2157969408,2131755008,2129657856,2146435072,2144337920,2125463552,2142765056,2136473600,2663188023
2123366400,2149580800,2150629376,2132803584,2130706432,2148532224,2146435072,2129657856,2139095040,2138832896,2663204024
2136997888,2162163712,2152726528,2139095040,2131755008,2150629376,2148532224,2131755008,2147745792,2140667904,2663220022
2124414976,2150629376,2151677952,2135949312,2130706432,2147483648,2146435072,2128609280,2140667904,2138308608,2663236023
2141192192,2143289344,2139095040,2122317824,2128609280,2146435072,2143289344,2125463552,2136473600,2135949312,2663252045
2134900736,2138046464,2146435072,2120220672,2127560704,2144337920,2142240768,2122317824,2134900736,2134114304,2663268045
2121269248,2140143616,2136997888,2123366400,2128609280,2146435072,2144337920,2125463552,2130444288,2136211456,2663284044
2124414976,2147483648,2155872256,2130706432,2130706432,2148532224,2146435072,2129657856,2139619328,2138832896,2663300045
2125463552,2162163712,2151677952,2146435072,2132803584,2150629376,2149580800,2130706432,2146435072,2140930048,2663316069
2129657856,2143289344,2147483648,2126512128,2131755008,2149580800,2145386496,2129657856,2136735744,2139095040,2663332065
2122317824,2153775104,2143289344,2139095040,2129657856,2145386496,2143289344,2125463552,2139619328,2135949312,2663348067
2134900736,2152726528,2146435072,2123366400,2128609280,2144337920,2142240768,2123366400,2139357184,2134638592,2663364067
2121269248,2155872256,2151677952,2139095040,2127560704,2146435072,2143289344,2125463552,2141978624,2135687168,2663380090
2123366400,2143289344,2139095040,2126512128,2130706432,2147483648,2146435072,2127560704,2133065728,2138046464,2663396088
2134900736,2143289344,2143289344,2125463552,2132803584,2150629376,2148532224,2131755008,2136735744,2140930048,2663412085
2125463552,2148532224,2153775104,2135949312,2131755008,2149580800,2146435072,2130706432,2140930048,2139619328,2663428088
2136997888,2153775104,2152726528,2131755008,2129657856,2147483648,2144337920,2127560704,2143813632,2137260032,2663444109
2123366400,2155872256,2149580800,2134900736,2127560704,2145386496,2142240768,2124414976,2140930048,2134900736,2663460109
2129657856,2139095040,2138046464,2119172096,2128609280,2145386496,2142240768,2123366400,2131492864,2134900736,2663477001
2132803584,2140143616,2136997888,2122317824,2129657856,2147483648,2145386496,2127560704,2133065728,2137522176,2663493001
2127560704,2161115136,2156920832,2136997888,2131755008,2149580800,2147483648,2130706432,2145648640,2139881472,2663509001
2141192192,2142240768,2142240768,2124414976,2131755008,2149580800,2147483648,2130706432,2137522176,2139881472,2663525024
2124414976,2162163712,2157969408,2145386496,2130706432,2147483648,2145386496,2127560704,2147483648,2137784320,2663541023
2140143616,2141192192,2136997888,2116026368,2127560704,2145386496,2142240768,2124414976,2133590016,2134900736,2663557024
2130706432,2153775104,2146435072,2125463552,2127560704,2145386496,2142240768,2123366400,2139095040,2134638592,2663573023
2125463552,2155872256,2154823680,2134900736,2128609280,2148532224,2145386496,2127560704,2142765056,2137522176,2663589045
2123366400,2147483648,2147483648,2130706432,2131755008,2149580800,2147483648,2129657856,2137260032,2139619328,2663605044
2136997888,2157969408,2159017984,2138046464,2132803584,2149580800,2148532224,2130706432,2148007936,2140405760,2663621046
2128609280,2142240768,2142240768,2124414976,2130706432,2148532224,2145386496,2128609280,2134376448,2138308608,2663637045
2139095040,2140143616,2142240768,2118123520,2128609280,2146435072,2143289344,2124414976,2134900736,2135687168,2663653067
2130706432,2150629376,2144337920,2128609280,2127560704,2144337920,2142240768,2122317824,2138570752,2134114304,2663669065
2124414976,2155872256,2152726528,2134900736,2128609280,2147483648,2144337920,2125463552,2141978624,2136473600,2663685067
2139095040,2150629376,2146435072,2129657856,2131755008,2148532224,2146435072,2129657856,2141454336,2139095040,2663701066
2130706432,2159017984,2159017984,2132803584,2132803584,2150629376,2147483648,2131755008,2145386496,2140667904,2663717090
2140143616,2143289344,2143289344,2122317824,2130706432,2149580800,2146435072,2129657856,2137260032,2139095040,2663733086
2124414976,2142240768,2138046464,2124414976,2128609280,2146435072,2143289344,2126512128,2132279296,2136211456,2663749088
2126512128,2152726528,2148532224,2125463552,2127560704,2145386496,2142240768,2123366400,2138308608,2134638592,2663765087
2136997888,2135949312,2133852160,2120220672,2128609280,2146435072,2143289344,2125463552,2131755008,2135949312,2663781110
2126512128,2156920832,2154823680,2135949312,2130706432,2148532224,2146435072,2129657856,2143551488,2138832896,2663797107
2127560704,2161115136,2164260864,2133852160,2131755008,2150629376,2147483648,2131755008,2146697216,2140405760,2663814001
2142240768,2142240768,2141192192,2124414976,2131755008,2148532224,2146435072,2129657856,2137522176,2139095040,2663830001
2124414976,2152726528,2147483648,2139095040,2129657856,2146435072,2144337920,2126512128,2140930048,2136735744,2663846001
2128609280,2139095040,2135949312,2117074944,2127560704,2145386496,2143289344,2124414976,2130182144,2135162880,2663862001
2131755008,2135949312,2134900736,2114977792,2127560704,2145386496,2143289344,2123366400,2129395712,2134900736,2663878024
2121269248,2147483648,2147483648,2129657856,2130706432,2147483648,2145386496,2127560704,2136473600,2137784320,2663894025
2126512128,2156920832,2160066560,2131755008,2131755008,2149580800,2148532224,2130706432,2143813632,2140143616,2663910023
2127560704,2150629376,2159017984,2134900736,2131755008,2149580800,2147483648,2130706432,2143027200,2139881472,2663926022
2146435072,2141192192,2141192192,2119172096,2129657856,2147483648,2145386496,2127560704,2136997888,2137522176,2663942046
2138046464,2138046464,2135949312,2119172096,2128609280,2145386496,2142240768,2124414976,2132803584,2135162880,2663958045
2136997888,2149580800,2142240768,2121269248,2128609280,2145386496,2142240768,2124414976,2137522176,2135162880,2663974047
2132803584,2138046464,2139095040,2117074944,2129657856,2147483648,2144337920,2126512128,2131755008,2136997888,2663990044
2123366400,2153775104,2143289344,2138046464,2132803584,2147483648,2146435072,2129657856,2139619328,2139095040,2664006067
2123366400,2153775104,2154823680,2143289344,2132803584,2150629376,2148532224,2131755008,2143813632,2140930048,2664022065
2124414976,2145386496,2148532224,2128609280,2130706432,2148532224,2146435072,2128609280,2136735744,2138570752,2664038068
2135949312,2141192192,2146435072,2120220672,2128609280,2146435072,2143289344,2125463552,2135949312,2135949312,2664054065
2139095040,2138046464,2134900736,2117074944,2127560704,2144337920,2141192192,2122317824,2132279296,2133852160,2664070089
2129657856,2155872256,2149580800,2129657856,2128609280,2146435072,2143289344,2125463552,2141192192,2135949312,2664086088
2129657856,2142240768,2139095040,2126512128,2130706432,2148532224,2146435072,2128609280,2134376448,2138570752,2664102088
2144337920,2145386496,2141192192,2126512128,2132803584,2150629376,2148532224,2130706432,2139357184,2140667904,2664118086
2123366400,2160066560,2163212288,2141192192,2130706432,2148532224,2146435072,2128609280,2146959360,2138570752,2664134111
2123366400,2163212288,2153775104,2140143616,2128609280,2145386496,2144337920,2124414976,2145124352,2135687168,2664151001
2123366400,2142240768,2138046464,2124414976,2127560704,2145386496,2142240768,2124414976,2132017152,2134900736,2664167001
2124414976,2156920832,2146435072,2131755008,2128609280,2146435072,2143289344,2124414976,2139881472,2135687168,2664183001
2144337920,2138046464,2139095040,2120220672,2130706432,2148532224,2146435072,2129657856,2135425024,2138832896,2664199001
2144337920,2145386496,2146435072,2124414976,2132803584,2150629376,2148532224,2130706432,2140143616,2140667904,2664215023
2140143616,2143289344,2141192192,2123366400,2131755008,2149580800,2147483648,2129657856,2136997888,2139619328,2664231024
2121269248,2160066560,2143289344,2141192192,2128609280,2147483648,2144337920,2126512128,2141454336,2136735744,2664247023
2141192192,2144337920,2140143616,2118123520,2127560704,2145386496,2143289344,2123366400,2135949312,2134900736,2664263023
2140143616,2139095040,2136997888,2113929216,2129657856,2145386496,2142240768,2124414976,2132541440,2135425024,2664279045
2124414976,2161115136,2155872256,2141192192,2130706432,2149580800,2145386496,2129657856,2145648640,2138832896,2664295045
2128609280,2154823680,2154823680,2139095040,2131755008,2149580800,2148532224,2130706432,2144337920,2140143616,2664311046
2124414976,2148532224,2147483648,2133852160,2131755008,2149580800,2147483648,2130706432,2138570752,2139881472,2664327045
2122317824,2147483648,2147483648,2130706432,2129657856,2147483648,2145386496,2127560704,2136997888,2137522176,2664343067
2136997888,2150629376,2141192192,2126512128,2127560704,2146435072,2142240768,2124414976,2138832896,2135162880,2664359067
2120220672,2155872256,2149580800,2139095040,2127560704,2146435072,2143289344,2124414976,2141192192,2135425024,2664375068
2128609280,2150629376,2153775104,2129657856,2129657856,2148532224,2145386496,2127560704,2140667904,2137784320,2664391067
2143289344,2146435072,2138046464,2122317824,2131755008,2149580800,2147483648,2130706432,2137522176,2139881472,2664407087
2132803584,2161115136,2154823680,2136997888,2131755008,2150629376,2147483648,2131755008,2146435072,2140405760,2664423087
2131755008,2146435072,2154823680,2125463552,2129657856,2147483648,2145386496,2128609280,2139619328,2137784320,2664439088
2125463552,2154823680,2150629376,2125463552,2128609280,2145386496,2143289344,2124414976,2139095040,2135425024,2664455087
2119172096,2157969408,2150629376,2131755008,2127560704,2145386496,2142240768,2124414976,2139881472,2134900736,2664471112
2132803584,2138046464,2136997888,2118123520,2128609280,2146435072,2144337920,2126512128,2131492864,2136473600,2664487110
2134900736,2144337920,2141192192,2124414976,2131755008,2148532224,2147483648,2129657856,2136211456,2139357184,2664504001
2143289344,2145386496,2146435072,2124414976,2132803584,2149580800,2148532224,2130706432,2139881472,2140405760,2664520001
2126512128,2161115136,2161115136,2138046464,2130706432,2148532224,2146435072,2128609280,2146697216,2138570752,2664536001
2129657856,2139095040,2139095040,2119172096,2128609280,2146435072,2144337920,2125463552,2131755008,2136211456,2664552023
2134900736,2141192192,2134900736,2118123520,2126512128,2144337920,2141192192,2123366400,2132279296,2133852160,2664568024
2121269248,2157969408,2154823680,2140143616,2128609280,2147483648,2143289344,2126512128,2143551488,2136473600,2664584025
2141192192,2146435072,2138046464,2119172096,2130706432,2148532224,2146435072,2129657856,2136211456,2138832896,2664600023
2132803584,2151677952,2150629376,2124414976,2131755008,2150629376,2148532224,2131755008,2139881472,2140667904,2664616044
2130706432,2159017984,2157969408,2138046464,2131755008,2149580800,2146435072,2129657856,2146435072,2139357184,2664632045
2124414976,2142240768,2143289344,2124414976,2128609280,2147483648,2144337920,2126512128,2133590016,2136735744,2664648045
2124414976,2157969408,2152726528,2132803584,2128609280,2144337920,2143289344,2122317824,2141978624,2134638592,2664664046
2131755008,2135949312,2133852160,2117074944,2127560704,2146435072,2143289344,2125463552,2129657856,2135687168,2664680066
2136997888,2143289344,2139095040,2122317824,2129657856,2148532224,2146435072,2128609280,2135425024,2138308608,2664696067
2134900736,2160066560,2152726528,2136997888,2131755008,2150629376,2147483648,2130706432,2146172928,2140143616,2664712066
2130706432,2156920832,2161115136,2138046464,2131755008,2149580800,2147483648,2129657856,2146697216,2139619328,2664728067
2133852160,2154823680,2152726528,2129657856,2129657856,2147483648,2145386496,2127560704,2142765056,2137522176,2664744089
2120220672,2162163712,2155872256,2133852160,2127560704,2146435072,2142240768,2124414976,2143027200,2135162880,2664760088
2122317824,2157969408,2156920832,2129657856,2127560704,2146435072,2142240768,2124414976,2141716480,2135162880,2664776087
2139095040,2136997888,2138046464,2117074944,2129657856,2147483648,2144337920,2127560704,2132803584,2137260032,2664792089
2123366400,2148532224,2147483648,2131755008,2131755008,2149580800,2147483648,2130706432,2137784320,2139881472,2664808110
2125463552,2151677952,2157969408,2135949312,2131755008,2148532224,2147483648,2130706432,2142765056,2139619328,2664824106
2132803584,2153775104,2153775104,2123366400,2129657856,2147483648,2145386496,2126512128,2140930048,2137260032,2664841001
2132803584,2146435072,2149580800,2121269248,2128609280,2146435072,2143289344,2124414976,2137522176,2135687168,2664857001
2139095040,2138046464,2144337920,2118123520,2127560704,2145386496,2143289344,2124414976,2134900736,2135162880,2664873001
2140143616,2142240768,2136997888,2117074944,2129657856,2147483648,2143289344,2126512128,2134114304,2136735744,2664889001
2131755008,2140143616,2138046464,2123366400,2130706432,2149580800,2147483648,2130706432,2133327872,2139619328,2664905023
2125463552,2163212288,2161115136,2144337920,2130706432,2151677952,2148532224,2131755008,2148532224,2140667904,2664921024
2140143616,2154823680,2140143616,2125463552,2130706432,2148532224,2145386496,2128609280,2140143616,2138308608,2664937024
2124414976,2155872256,2157969408,2139095040,2128609280,2146435072,2143289344,2125463552,2144337920,2135949312,2664953023
2122317824,2142240768,2138046464,2124414976,2127560704,2144337920,2142240768,2123366400,2131755008,2134376448,2664969044
2124414976,2153775104,2154823680,2136997888,2128609280,2146435072,2144337920,2125463552,2142502912,2136211456,2664985044
2124414976,2148532224,2147483648,2133852160,2131755008,2148532224,2146435072,2128609280,2138570752,2138832896,2665001047
2129657856,2163212288,2159017984,2139095040,2132803584,2149580800,2147483648,2130706432,2147745792,2140143616,2665017044
2129657856,2143289344,2144337920,2125463552,2130706432,2148532224,2146435072,2128609280,2135687168,2138570752,2665033068
2127560704,2140143616,2140143616,2121269248,2129657856,2146435072,2144337920,2125463552,2132279296,2136473600,2665049067
2123366400,2141192192,2134900736,2122317824,2127560704,2146435072,2142240768,2124414976,2130444288,2135162880,2665065067
2123366400,2153775104,2151677952,2129657856,2127560704,2145386496,2142240768,2124414976,2139619328,2134900736,2665081066
2132803584,2154823680,2152726528,2134900736,2129657856,2149580800,2146435072,2129657856,2143813632,2138832896,2665097090
2143289344,2155872256,2141192192,2127560704,2132803584,2150629376,2147483648,2131755008,2141978624,2140667904,2665113089
2139095040,2154823680,2149580800,2127560704,2132803584,2149580800,2147483648,2129657856,2142765056,2139881472,2665129089
2121269248,2162163712,2151677952,2138046464,2128609280,2147483648,2144337920,2127560704,2143289344,2136997888,2665145087
2121269248,2159017984,2154823680,2136997888,2127560704,2146435072,2142240768,2124414976,2143027200,2135162880,2665161111
2135949312,2141192192,2145386496,2114977792,2128609280,2145386496,2143289344,2123366400,2134376448,2135162880,2665178001
2120220672,2162163712,2147483648,2139095040,2129657856,2148532224,2145386496,2128609280,2142240768,2138046464,2665194001
2122317824,2155872256,2144337920,2143289344,2132803584,2149580800,2147483648,2129657856,2141454336,2139881472,2665210000
2130706432,2164260864,2162163712,2139095040,2131755008,2149580800,2148532224,2130706432,2149056512,2140143616,2665226001
2141192192,2146435072,2146435072,2124414976,2129657856,2148532224,2145386496,2126512128,2139619328,2137522176,2665242023
2134900736,2139095040,2135949312,2118123520,2128609280,2145386496,2142240768,2124414976,2132017152,2135162880,2665258022
2131755008,2138046464,2134900736,2121269248,2127560704,2146435072,2142240768,2124414976,2131492864,2135162880,2665274023
2141192192,2141192192,2136997888,2119172096,2129657856,2147483648,2145386496,2126512128,2134638592,2137260032,2665290024
2131755008,2140143616,2139095040,2121269248,2130706432,2149580800,2147483648,2130706432,2133065728,2139619328,2665306046
2125463552,2149580800,2141192192,2134900736,2131755008,2149580800,2147483648,2130706432,2137784320,2139881472,2665322046
2140143616,2142240768,2146435072,2122317824,2130706432,2148532224,2145386496,2128609280,2137784320,2138308608,2665338045
2126512128,2156920832,2156920832,2135949312,2127560704,2146435072,2143289344,2124414976,2144075776,2135425024,2665354044
2119172096,2153775104,2147483648,2133852160,2127560704,2145386496,2142240768,2123366400,2138570752,2134638592,2665370066
2138046464,2138046464,2136997888,2117074944,2128609280,2147483648,2144337920,2126512128,2132541440,2136735744,2665386066
2129657856,2140143616,2139095040,2121269248,2130706432,2149580800,2147483648,2129657856,2132541440,2139357184,2665402064
2125463552,2152726528,2153775104,2139095040,2131755008,2149580800,2148532224,2131755008,2142765056,2140405760,2665418068
2133852160,2154823680,2154823680,2135949312,2129657856,2149580800,2147483648,2128609280,2144862208,2138832896,2665434089
2140143616,2153775104,2146435072,2125463552,2128609280,2146435072,2144337920,2125463552,2141454336,2136211456,2665450087
2129657856,2139095040,2135949312,2120220672,2128609280,2144337920,2140143616,2123366400,2131230720,2134114304,2665466085
2120220672,2143289344,2139095040,2124414976,2128609280,2146435072,2144337920,2124414976,2131755008,2135949312,2665482089
2143289344,2139095040,2138046464,2120220672,2130706432,2148532224,2146435072,2129657856,2135162880,2138832896,2665498109
2138046464,2143289344,2141192192,2122317824,2132803584,2150629376,2148532224,2131755008,2136211456,2140930048,2665514110
2131755008,2161115136,2155872256,2139095040,2130706432,2150629376,2147483648,2130706432,2146959360,2139881472,2665531001
2123366400,2142240768,2141192192,2123366400,2129657856,2146435072,2145386496,2126512128,2132541440,2136997888,2665547001
2130706432,2154823680,2144337920,2126512128,2127560704,2145386496,2142240768,2123366400,2139095040,2134638592,2665563001
2133852160,2136997888,2133852160,2116026368,2128609280,2145386496,2143289344,2124414976,2130182144,2135425024,2665579024
2134900736,2146435072,2143289344,2125463552,2130706432,2148532224,2146435072,2127560704,2137522176,2138308608,2665595024
2126512128,2156920832,2159017984,2138046464,2130706432,2150629376,2148532224,2131755008,2145124352,2140405760,2665611023
2125463552,2150629376,2147483648,2135949312,2131755008,2149580800,2147483648,2130706432,2139881472,2139881472,2665627025
2140143616,2141192192,2139095040,2122317824,2129657856,2148532224,2144337920,2127560704,2135687168,2137522176,2665643045
2141192192,2141192192,2142240768,2120220672,2127560704,2145386496,2142240768,2123366400,2136211456,2134638592,2665659046
2120220672,2148532224,2141192192,2130706432,2127560704,2145386496,2142240768,2123366400,2135162880,2134638592,2665675045
2127560704,2138046464,2139095040,2119172096,2129657856,2147483648,2145386496,2126512128,2130968576,2137260032,2665691047
2124414976,2164260864,2154823680,2138046464,2132803584,2149580800,2147483648,2130706432,2145386496,2140143616,2665707066
2134900736,2144337920,2142240768,2124414976,2131755008,2150629376,2148532224,2131755008,2136473600,2140667904,2665723065
2133852160,2146435072,2150629376,2125463552,2130706432,2147483648,2146435072,2127560704,2139095040,2138046464,2665739068
2138046464,2140143616,2138046464,2119172096,2127560704,2146435072,2142240768,2125463552,2133852160,2135425024,2665755068
2129657856,2151677952,2150629376,2126512128,2127560704,2145386496,2142240768,2122317824,2139619328,2134376448,2665771088
2120220672,2147483648,2139095040,2130706432,2128609280,2147483648,2143289344,2126512128,2134376448,2136473600,2665787087
2122317824,2148532224,2147483648,2129657856,2131755008,2148532224,2147483648,2129657856,2136997888,2139357184,2665803087
2125463552,2151677952,2147483648,2136997888,2131755008,2149580800,2147483648,2131755008,2140405760,2140143616,2665819089
2125463552,2160066560,2157969408,2138046464,2130706432,2148532224,2146435072,2128609280,2145386496,2138570752,2665835109
2141192192,2141192192,2142240768,2117074944,2128609280,2145386496,2143289344,2125463552,2135425024,2135687168,2665851108
