2141192192,2139095040,2138046464,2119172096,2130706432,2147483648,2145386496,2127560704,2134376448,2137784320,2666943001
2133852160,2156920832,2148532224,2131755008,2130706432,2147483648,2145386496,2127560704,2142765056,2137784320,2666959023
2122317824,2146435072,2140143616,2128609280,2129657856,2147483648,2145386496,2127560704,2134376448,2137522176,2666975023
2122317824,2151677952,2149580800,2134900736,2129657856,2147483648,2145386496,2127560704,2139619328,2137522176,2666991023
2143289344,2146435072,2138046464,2123366400,2129657856,2146435072,2145386496,2127560704,2137784320,2137260032,2667007023
2124414976,2143289344,2141192192,2126512128,2130706432,2147483648,2145386496,2127560704,2133852160,2137784320,2667023046
2125463552,2162163712,2159017984,2134900736,2130706432,2146435072,2144337920,2126512128,2145386496,2136997888,2667039047
2134900736,2143289344,2139095040,2122317824,2129657856,2147483648,2145386496,2127560704,2134900736,2137522176,2667055044
2122317824,2148532224,2144337920,2134900736,2129657856,2146435072,2144337920,2127560704,2137522176,2136997888,2667071046
2132803584,2140143616,2140143616,2121269248,2130706432,2147483648,2145386496,2126512128,2133590016,2137522176,2667087066
2123366400,2145386496,2147483648,2127560704,2129657856,2147483648,2145386496,2127560704,2135949312,2137522176,2667103068
2126512128,2141192192,2140143616,2126512128,2129657856,2147483648,2145386496,2127560704,2133590016,2137522176,2667119066
2135949312,2144337920,2138046464,2123366400,2128609280,2146435072,2143289344,2126512128,2135425024,2136211456,2667135066
2140143616,2140143616,2134900736,2116026368,2128609280,2144337920,2141192192,2122317824,2132803584,2134114304,2667151090
2120220672,2140143616,2142240768,2121269248,2127560704,2146435072,2142240768,2124414976,2130968576,2135162880,2667167087
2135949312,2141192192,2136997888,2122317824,2130706432,2148532224,2146435072,2128609280,2134114304,2138570752,2667183087
2143289344,2143289344,2144337920,2122317824,2132803584,2150629376,2148532224,2131755008,2138308608,2140930048,2667199090
2144337920,2142240768,2142240768,2126512128,2130706432,2150629376,2148532224,2130706432,2138832896,2140143616,2667215111
2143289344,2141192192,2140143616,2121269248,2130706432,2146435072,2144337920,2125463552,2136473600,2136735744,2667232001
2136997888,2138046464,2146435072,2119172096,2127560704,2144337920,2142240768,2123366400,2135162880,2134376448,2667248001
2122317824,2147483648,2150629376,2128609280,2127560704,2145386496,2142240768,2123366400,2137260032,2134638592,2667264001
2124414976,2154823680,2152726528,2133852160,2129657856,2148532224,2145386496,2127560704,2141454336,2137784320,2667280001
2122317824,2160066560,2147483648,2147483648,2132803584,2150629376,2147483648,2131755008,2144337920,2140667904,2667296023
2136997888,2142240768,2141192192,2124414976,2132803584,2149580800,2148532224,2130706432,2136211456,2140405760,2667312025
2144337920,2146435072,2140143616,2124414976,2130706432,2148532224,2145386496,2127560704,2138832896,2138046464,2667328024
2134900736,2139095040,2138046464,2118123520,2127560704,2145386496,2142240768,2123366400,2132541440,2134638592,2667344024
2124414976,2151677952,2150629376,2131755008,2127560704,2144337920,2142240768,2122317824,2139619328,2134114304,2667360046
2122317824,2160066560,2150629376,2134900736,2129657856,2147483648,2144337920,2126512128,2141978624,2136997888,2667376045
2136997888,2140143616,2139095040,2121269248,2131755008,2150629376,2147483648,2130706432,2134376448,2140143616,2667392045
2134900736,2154823680,2154823680,2133852160,2132803584,2150629376,2149580800,2131755008,2144600064,2141192192,2667408045
2136997888,2159017984,2156920832,2138046464,2130706432,2147483648,2146435072,2128609280,2147745792,2138308608,2667424067
2133852160,2138046464,2133852160,2122317824,2128609280,2146435072,2143289344,2124414976,2132017152,2135687168,2667440066
2125463552,2139095040,2135949312,2118123520,2126512128,2144337920,2142240768,2123366400,2129657856,2134114304,2667456065
2119172096,2156920832,2152726528,2135949312,2128609280,2146435072,2143289344,2125463552,2141192192,2135949312,2667472067
2133852160,2143289344,2138046464,2122317824,2131755008,2148532224,2146435072,2128609280,2134376448,2138832896,2667488088
2126512128,2147483648,2149580800,2130706432,2132803584,2150629376,2148532224,2131755008,2138570752,2140930048,2667504086
2141192192,2142240768,2142240768,2123366400,2130706432,2150629376,2146435072,2131755008,2137260032,2139881472,2667520085
2144337920,2144337920,2142240768,2122317824,2129657856,2146435072,2143289344,2125463552,2138308608,2136211456,2667536086
2121269248,2142240768,2144337920,2124414976,2127560704,2145386496,2141192192,2122317824,2133065728,2134114304,2667552111
2129657856,2139095040,2138046464,2117074944,2128609280,2146435072,2143289344,2124414976,2130968576,2135687168,2667568108
2122317824,2150629376,2150629376,2133852160,2130706432,2150629376,2146435072,2129657856,2139357184,2139357184,2667585001
2139095040,2142240768,2141192192,2126512128,2131755008,2150629376,2149580800,2131755008,2137260032,2140930048,2667601001
2138046464,2154823680,2150629376,2125463552,2131755008,2149580800,2148532224,2130706432,2142240768,2140143616,2667617001
2136997888,2145386496,2152726528,2123366400,2129657856,2147483648,2145386496,2126512128,2139619328,2137260032,2667633023
2123366400,2141192192,2143289344,2122317824,2127560704,2144337920,2142240768,2122317824,2132541440,2134114304,2667649024
2130706432,2152726528,2150629376,2123366400,2127560704,2144337920,2143289344,2123366400,2139357184,2134638592,2667665024
2139095040,2141192192,2138046464,2118123520,2130706432,2148532224,2146435072,2127560704,2134114304,2138308608,2667681023
2132803584,2159017984,2156920832,2138046464,2132803584,2151677952,2148532224,2131755008,2146697216,2141192192,2667697047
2124414976,2155872256,2148532224,2143289344,2132803584,2150629376,2148532224,2131755008,2143027200,2140930048,2667713045
2126512128,2164260864,2155872256,2143289344,2131755008,2147483648,2145386496,2127560704,2147483648,2138046464,2667729046
2132803584,2146435072,2152726528,2119172096,2127560704,2145386496,2142240768,2123366400,2137784320,2134638592,2667745047
2129657856,2153775104,2144337920,2125463552,2127560704,2144337920,2142240768,2123366400,2138308608,2134376448,2667761069
2131755008,2151677952,2146435072,2121269248,2130706432,2146435072,2144337920,2125463552,2137784320,2136735744,2667777066
2125463552,2144337920,2140143616,2128609280,2132803584,2149580800,2148532224,2130706432,2134638592,2140405760,2667793066
2135949312,2142240768,2142240768,2125463552,2131755008,2150629376,2148532224,2132803584,2136473600,2140930048,2667809066
2135949312,2152726528,2154823680,2125463552,2130706432,2148532224,2146435072,2128609280,2142240768,2138570752,2667825089
2134900736,2142240768,2135949312,2122317824,2128609280,2144337920,2143289344,2124414976,2133852160,2135162880,2667841085
2133852160,2140143616,2133852160,2116026368,2127560704,2144337920,2142240768,2123366400,2130968576,2134376448,2667857087
2134900736,2138046464,2133852160,2117074944,2128609280,2145386496,2144337920,2125463552,2130968576,2135949312,2667873086
2125463552,2151677952,2150629376,2135949312,2131755008,2149580800,2146435072,2129657856,2140930048,2139357184,2667889109
2125463552,2160066560,2155872256,2145386496,2132803584,2150629376,2148532224,2132803584,2146697216,2141192192,2667905109
2136997888,2143289344,2142240768,2124414976,2131755008,2148532224,2146435072,2129657856,2136735744,2139095040,2667922001
2135949312,2138046464,2138046464,2121269248,2128609280,2145386496,2143289344,2124414976,2133327872,2135425024,2667938001
2130706432,2152726528,2150629376,2123366400,2126512128,2145386496,2143289344,2123366400,2139357184,2134638592,2667954001
2122317824,2155872256,2154823680,2129657856,2128609280,2146435072,2143289344,2124414976,2140667904,2135687168,2667970001
2122317824,2148532224,2147483648,2134900736,2130706432,2149580800,2146435072,2130706432,2138308608,2139357184,2667986024
2145386496,2142240768,2141192192,2121269248,2132803584,2150629376,2148532224,2131755008,2137522176,2140930048,2668002023
2124414976,2163212288,2155872256,2146435072,2130706432,2150629376,2147483648,2130706432,2147483648,2139881472,2668018022
2142240768,2146435072,2140143616,2121269248,2129657856,2146435072,2144337920,2126512128,2137522176,2136735744,2668034022
2124414976,2162163712,2156920832,2134900736,2126512128,2144337920,2141192192,2123366400,2144600064,2133852160,2668050045
2125463552,2151677952,2152726528,2127560704,2128609280,2145386496,2142240768,2124414976,2139357184,2135162880,2668066045
2140143616,2140143616,2136997888,2119172096,2129657856,2148532224,2145386496,2128609280,2134114304,2138046464,2668082045
2125463552,2148532224,2148532224,2133852160,2132803584,2149580800,2148532224,2131755008,2139095040,2140667904,2668098044
2140143616,2144337920,2141192192,2125463552,2132803584,2150629376,2147483648,2131755008,2137784320,2140667904,2668114067
2131755008,2145386496,2138046464,2124414976,2129657856,2147483648,2144337920,2126512128,2134900736,2136997888,2668130066
2121269248,2145386496,2141192192,2126512128,2127560704,2145386496,2142240768,2123366400,2133590016,2134638592,2668146068
2121269248,2148532224,2153775104,2131755008,2127560704,2145386496,2142240768,2124414976,2138832896,2134900736,2668162065
2122317824,2147483648,2147483648,2126512128,2130706432,2146435072,2145386496,2126512128,2135949312,2137260032,2668178087
2136997888,2138046464,2140143616,2123366400,2132803584,2149580800,2148532224,2130706432,2134638592,2140405760,2668194087
2143289344,2140143616,2142240768,2121269248,2132803584,2150629376,2148532224,2131755008,2136735744,2140930048,2668210089
2124414976,2152726528,2155872256,2138046464,2131755008,2147483648,2145386496,2127560704,2142765056,2138046464,2668226085
2123366400,2140143616,2135949312,2121269248,2128609280,2145386496,2141192192,2124414976,2130182144,2134900736,2668242111
2127560704,2142240768,2146435072,2119172096,2126512128,2145386496,2142240768,2123366400,2133852160,2134376448,2668259001
2120220672,2157969408,2147483648,2139095040,2128609280,2146435072,2144337920,2126512128,2141192192,2136473600,2668275001
2129657856,2143289344,2140143616,2126512128,2131755008,2149580800,2146435072,2129657856,2134900736,2139357184,2668291001
2125463552,2147483648,2142240768,2130706432,2132803584,2150629376,2149580800,2131755008,2136473600,2141192192,2668307001
2140143616,2140143616,2142240768,2124414976,2130706432,2148532224,2146435072,2128609280,2136735744,2138570752,2668323024
2128609280,2155872256,2154823680,2131755008,2128609280,2145386496,2143289344,2125463552,2142765056,2135687168,2668339024
2120220672,2141192192,2139095040,2126512128,2127560704,2144337920,2142240768,2122317824,2131755008,2134114304,2668355022
2122317824,2161115136,2153775104,2133852160,2128609280,2146435072,2143289344,2124414976,2142765056,2135687168,2668371023
2125463552,2142240768,2138046464,2126512128,2130706432,2149580800,2146435072,2129657856,2133065728,2139095040,2668387046
2124414976,2156920832,2153775104,2141192192,2132803584,2150629376,2148532224,2131755008,2144075776,2140930048,2668403045
2126512128,2147483648,2151677952,2130706432,2131755008,2150629376,2147483648,2130706432,2139095040,2140143616,2668419045
2123366400,2155872256,2147483648,2139095040,2129657856,2146435072,2144337920,2125463552,2141454336,2136473600,2668435045
2138046464,2146435072,2134900736,2114977792,2127560704,2144337920,2141192192,2122317824,2133590016,2133852160,2668451067
2126512128,2157969408,2150629376,2127560704,2128609280,2145386496,2142240768,2124414976,2140667904,2135162880,2668467068
2136997888,2153775104,2144337920,2121269248,2130706432,2148532224,2146435072,2128609280,2139095040,2138570752,2668483066
2124414976,2164260864,2157969408,2141192192,2132803584,2150629376,2148532224,2131755008,2146959360,2140930048,2668499066
2127560704,2163212288,2163212288,2141192192,2132803584,2149580800,2148532224,2130706432,2148794368,2140405760,2668515088
2124414976,2147483648,2145386496,2132803584,2128609280,2147483648,2145386496,2127560704,2137522176,2137260032,2668531089
2139095040,2141192192,2144337920,2114977792,2127560704,2145386496,2142240768,2123366400,2134900736,2134638592,2668547087
2124414976,2153775104,2152726528,2131755008,2127560704,2145386496,2142240768,2123366400,2140667904,2134638592,2668563089
2124414976,2155872256,2156920832,2133852160,2129657856,2147483648,2145386496,2127560704,2142765056,2137522176,2668579108
2130706432,2157969408,2156920832,2133852160,2132803584,2150629376,2148532224,2130706432,2144862208,2140667904,2668595109
2132803584,2162163712,2152726528,2136997888,2132803584,2150629376,2148532224,2131755008,2146172928,2140930048,2668612001
2127560704,2151677952,2156920832,2134900736,2130706432,2147483648,2146435072,2128609280,2142765056,2138308608,2668628001
2139095040,2146435072,2146435072,2117074944,2127560704,2145386496,2142240768,2124414976,2137260032,2134900736,2668644001
2120220672,2155872256,2147483648,2136997888,2127560704,2144337920,2141192192,2123366400,2140143616,2134114304,2668660025
2121269248,2151677952,2142240768,2135949312,2129657856,2147483648,2144337920,2125463552,2137784320,2136735744,2668676022
2138046464,2143289344,2141192192,2122317824,2131755008,2150629376,2147483648,2131755008,2136211456,2140405760,2668692023
2127560704,2143289344,2149580800,2127560704,2132803584,2150629376,2148532224,2131755008,2136997888,2140930048,2668708026
2141192192,2141192192,2139095040,2123366400,2130706432,2148532224,2146435072,2129657856,2136211456,2138832896,2668724045
2122317824,2157969408,2153775104,2138046464,2127560704,2146435072,2143289344,2125463552,2143027200,2135687168,2668740043
2133852160,2150629376,2146435072,2119172096,2128609280,2144337920,2142240768,2122317824,2137522176,2134376448,2668756044
2140143616,2141192192,2138046464,2118123520,2128609280,2145386496,2142240768,2125463552,2134376448,2135425024,2668772045
2143289344,2142240768,2142240768,2119172096,2130706432,2149580800,2147483648,2129657856,2136735744,2139357184,2668788067
2140143616,2142240768,2152726528,2126512128,2132803584,2149580800,2148532224,2131755008,2140405760,2140667904,2668804065
2132803584,2157969408,2156920832,2131755008,2131755008,2149580800,2147483648,2130706432,2144862208,2139881472,2668820066
2128609280,2155872256,2157969408,2136997888,2128609280,2146435072,2143289344,2125463552,2144862208,2135949312,2668836066
2121269248,2140143616,2135949312,2121269248,2127560704,2144337920,2141192192,2122317824,2129657856,2133852160,2668852089
2124414976,2152726528,2154823680,2129657856,2127560704,2145386496,2142240768,2124414976,2140405760,2134900736,2668868086
2129657856,2141192192,2140143616,2122317824,2130706432,2148532224,2146435072,2128609280,2133327872,2138570752,2668884088
2132803584,2155872256,2156920832,2136997888,2132803584,2149580800,2148532224,2130706432,2145648640,2140405760,2668900089
2126512128,2147483648,2143289344,2130706432,2131755008,2149580800,2147483648,2130706432,2136997888,2139881472,2668916107
2126512128,2153775104,2157969408,2138046464,2129657856,2147483648,2145386496,2127560704,2144075776,2137522176,2668932106
2124414976,2147483648,2152726528,2129657856,2127560704,2144337920,2141192192,2122317824,2138570752,2133852160,2668949001
2139095040,2139095040,2135949312,2113929216,2128609280,2145386496,2142240768,2123366400,2132017152,2134900736,2668965001
2119172096,2150629376,2147483648,2133852160,2130706432,2147483648,2145386496,2127560704,2137784320,2137784320,2668981001
2125463552,2161115136,2157969408,2141192192,2132803584,2150629376,2147483648,2131755008,2146435072,2140667904,2668997001
2129657856,2163212288,2160066560,2139095040,2130706432,2150629376,2148532224,2132803584,2148007936,2140667904,2669013024
2130706432,2156920832,2154823680,2135949312,2130706432,2146435072,2145386496,2126512128,2144600064,2137260032,2669029024
2120220672,2151677952,2147483648,2134900736,2127560704,2145386496,2143289344,2123366400,2138570752,2134900736,2669045024
2120220672,2138046464,2136997888,2119172096,2127560704,2144337920,2142240768,2123366400,2128609280,2134376448,2669061024
2136997888,2146435072,2138046464,2120220672,2128609280,2147483648,2145386496,2127560704,2135425024,2137260032,2669077047
2127560704,2144337920,2139095040,2128609280,2131755008,2149580800,2148532224,2130706432,2134900736,2140143616,2669093045
2131755008,2145386496,2143289344,2126512128,2132803584,2149580800,2147483648,2132803584,2136735744,2140667904,2669109046
2131755008,2157969408,2157969408,2134900736,2130706432,2149580800,2146435072,2129657856,2145648640,2139095040,2669125044
2141192192,2141192192,2141192192,2118123520,2128609280,2145386496,2142240768,2123366400,2135425024,2134900736,2669141067
2119172096,2155872256,2141192192,2139095040,2126512128,2145386496,2141192192,2123366400,2138832896,2134114304,2669157069
2135949312,2142240768,2134900736,2117074944,2128609280,2146435072,2143289344,2125463552,2132541440,2135949312,2669173066
2130706432,2157969408,2153775104,2129657856,2131755008,2148532224,2147483648,2129657856,2143027200,2139357184,2669189065
2135949312,2147483648,2141192192,2124414976,2131755008,2150629376,2149580800,2132803584,2137260032,2141192192,2669205089
2128609280,2157969408,2163212288,2138046464,2130706432,2149580800,2147483648,2129657856,2146959360,2139357184,2669221087
2122317824,2157969408,2151677952,2141192192,2128609280,2146435072,2144337920,2125463552,2143289344,2136211456,2669237089
2127560704,2146435072,2153775104,2123366400,2126512128,2145386496,2142240768,2123366400,2137784320,2134376448,2669253088
2126512128,2155872256,2153775104,2131755008,2126512128,2146435072,2143289344,2125463552,2141978624,2135425024,2669269112
2143289344,2144337920,2142240768,2122317824,2131755008,2148532224,2146435072,2128609280,2138046464,2138832896,2669286001
2128609280,2163212288,2163212288,2136997888,2132803584,2150629376,2149580800,2132803584,2148007936,2141454336,2669302001
2132803584,2159017984,2159017984,2143289344,2131755008,2150629376,2147483648,2130706432,2148532224,2140143616,2669318000
2134900736,2140143616,2140143616,2121269248,2128609280,2147483648,2144337920,2126512128,2134114304,2136735744,2669334001
2131755008,2138046464,2136997888,2117074944,2126512128,2145386496,2141192192,2123366400,2130968576,2134114304,2669350024
2124414976,2160066560,2152726528,2130706432,2127560704,2145386496,2142240768,2124414976,2141978624,2134900736,2669366023
2124414976,2139095040,2141192192,2123366400,2130706432,2147483648,2145386496,2127560704,2132017152,2137784320,2669382024
2130706432,2159017984,2159017984,2138046464,2132803584,2150629376,2148532224,2130706432,2146697216,2140667904,2669398023
2127560704,2159017984,2162163712,2149580800,2132803584,2150629376,2148532224,2131755008,2149580800,2140930048,2669414045
2141192192,2142240768,2141192192,2124414976,2130706432,2146435072,2144337920,2126512128,2137260032,2136997888,2669430045
2138046464,2141192192,2140143616,2118123520,2127560704,2146435072,2142240768,2124414976,2134376448,2135162880,2669446044
2135949312,2145386496,2140143616,2118123520,2127560704,2145386496,2141192192,2123366400,2134900736,2134376448,2669462046
2122317824,2155872256,2156920832,2131755008,2128609280,2147483648,2145386496,2126512128,2141716480,2136997888,2669478067
2123366400,2151677952,2148532224,2134900736,2131755008,2150629376,2148532224,2131755008,2139619328,2140667904,2669494068
2125463552,2144337920,2144337920,2129657856,2132803584,2149580800,2148532224,2131755008,2135949312,2140667904,2669510065
2124414976,2152726528,2150629376,2139095040,2130706432,2148532224,2145386496,2129657856,2141716480,2138570752,2669526068
2139095040,2142240768,2140143616,2118123520,2127560704,2145386496,2144337920,2124414976,2134900736,2135425024,2669542087
2121269248,2140143616,2138046464,2121269248,2126512128,2145386496,2142240768,2123366400,2130182144,2134376448,2669558088
2122317824,2156920832,2153775104,2133852160,2128609280,2147483648,2144337920,2125463552,2141716480,2136473600,2669574086
2123366400,2159017984,2154823680,2142240768,2131755008,2148532224,2146435072,2129657856,2144862208,2139095040,2669590087
2125463552,2147483648,2144337920,2130706432,2132803584,2150629376,2148532224,2131755008,2136997888,2140930048,2669606108
2135949312,2143289344,2143289344,2123366400,2130706432,2149580800,2146435072,2128609280,2136473600,2138832896,2669622107
2133852160,2141192192,2136997888,2119172096,2128609280,2145386496,2143289344,2124414976,2132803584,2135425024,2669639001
2138046464,2138046464,2138046464,2120220672,2127560704,2144337920,2142240768,2122317824,2133590016,2134114304,2669655001
2124414976,2157969408,2155872256,2130706432,2127560704,2146435072,2143289344,2125463552,2142240768,2135687168,2669671001
2125463552,2156920832,2156920832,2136997888,2130706432,2148532224,2146435072,2129657856,2144075776,2138832896,2669687024
2136997888,2143289344,2142240768,2125463552,2132803584,2150629376,2148532224,2131755008,2136997888,2140930048,2669703023
2128609280,2166358016,2156920832,2139095040,2130706432,2150629376,2147483648,2130706432,2147745792,2139881472,2669719025
2122317824,2149580800,2149580800,2134900736,2128609280,2146435072,2144337920,2126512128,2139095040,2136473600,2669735025
2122317824,2151677952,2154823680,2134900736,2126512128,2145386496,2141192192,2123366400,2140930048,2134114304,2669751045
2138046464,2138046464,2144337920,2117074944,2127560704,2145386496,2143289344,2124414976,2134376448,2135162880,2669767045
2123366400,2147483648,2140143616,2130706432,2130706432,2148532224,2145386496,2128609280,2135425024,2138308608,2669783045
2141192192,2156920832,2142240768,2125463552,2132803584,2150629376,2148532224,2131755008,2141454336,2140930048,2669799046
2134900736,2159017984,2154823680,2129657856,2131755008,2149580800,2148532224,2130706432,2144600064,2140143616,2669815066
2141192192,2143289344,2141192192,2120220672,2128609280,2147483648,2145386496,2127560704,2136473600,2137260032,2669831066
2124414976,2159017984,2155872256,2139095040,2128609280,2144337920,2142240768,2123366400,2144600064,2134638592,2669847066
2118123520,2159017984,2150629376,2136997888,2126512128,2145386496,2142240768,2123366400,2141192192,2134376448,2669863066
2138046464,2150629376,2135949312,2125463552,2129657856,2148532224,2145386496,2127560704,2137522176,2137784320,2669879088
2123366400,2159017984,2155872256,2142240768,2131755008,2149580800,2148532224,2130706432,2145124352,2140143616,2669895087
2126512128,2151677952,2159017984,2136997888,2131755008,2150629376,2147483648,2131755008,2143551488,2140405760,2669911089
2141192192,2146435072,2145386496,2124414976,2130706432,2148532224,2145386496,2127560704,2139357184,2138046464,2669927087
2122317824,2140143616,2138046464,2121269248,2128609280,2145386496,2142240768,2123366400,2130444288,2134900736,2669943109
2133852160,2149580800,2134900736,2125463552,2126512128,2145386496,2141192192,2123366400,2135949312,2134114304,2669959110
2136997888,2141192192,2145386496,2114977792,2129657856,2146435072,2143289344,2125463552,2134638592,2136211456,2669976001
2145386496,2153775104,2140143616,2121269248,2132803584,2149580800,2146435072,2130706432,2140143616,2139881472,2669992001
2133852160,2142240768,2140143616,2125463552,2132803584,2150629376,2148532224,2131755008,2135425024,2140930048,2670008001
2139095040,2142240768,2139095040,2124414976,2131755008,2148532224,2145386496,2128609280,2136211456,2138570752,2670024001
2123366400,2155872256,2155872256,2138046464,2128609280,2146435072,2143289344,2124414976,2143289344,2135687168,2670040023
2129657856,2139095040,2135949312,2118123520,2127560704,2144337920,2142240768,2123366400,2130706432,2134376448,2670056023
2121269248,2140143616,2135949312,2121269248,2128609280,2146435072,2144337920,2125463552,2129657856,2136211456,2670072024
2130706432,2139095040,2140143616,2121269248,2130706432,2149580800,2146435072,2130706432,2132803584,2139357184,2670088023
2126512128,2151677952,2160066560,2139095040,2132803584,2150629376,2148532224,2131755008,2144337920,2140930048,2670104046
2138046464,2142240768,2141192192,2121269248,2131755008,2149580800,2146435072,2129657856,2135687168,2139357184,2670120045
2140143616,2142240768,2146435072,2122317824,2128609280,2145386496,2143289344,2125463552,2137784320,2135687168,2670136046
2123366400,2152726528,2151677952,2131755008,2127560704,2144337920,2142240768,2122317824,2139881472,2134114304,2670152045
2132803584,2138046464,2134900736,2118123520,2128609280,2146435072,2143289344,2124414976,2130968576,2135687168,2670168067
2128609280,2145386496,2151677952,2122317824,2130706432,2148532224,2146435072,2128609280,2136997888,2138570752,2670184067
2126512128,2163212288,2160066560,2136997888,2132803584,2150629376,2148532224,2131755008,2146697216,2140930048,2670200066
2129657856,2143289344,2143289344,2125463552,2132803584,2150629376,2148532224,2130706432,2135425024,2140667904,2670216065
2123366400,2149580800,2147483648,2130706432,2129657856,2147483648,2144337920,2126512128,2137784320,2136997888,2670232090
2139095040,2145386496,2135949312,2116026368,2127560704,2145386496,2142240768,2123366400,2134114304,2134638592,2670248090
2135949312,2139095040,2134900736,2113929216,2128609280,2145386496,2142240768,2123366400,2130968576,2134900736,2670264086
2133852160,2138046464,2135949312,2117074944,2129657856,2147483648,2146435072,2127560704,2131230720,2137784320,2670280088
2138046464,2142240768,2142240768,2122317824,2132803584,2149580800,2148532224,2130706432,2136211456,2140405760,2670296108
2126512128,2165309440,2159017984,2139095040,2132803584,2150629376,2148532224,2131755008,2147483648,2140930048,2670313001
2130706432,2162163712,2154823680,2138046464,2129657856,2147483648,2146435072,2127560704,2146435072,2137784320,2670329001
2141192192,2140143616,2136997888,2119172096,2128609280,2145386496,2141192192,2123366400,2134376448,2134638592,2670345001
2134900736,2143289344,2146435072,2118123520,2127560704,2145386496,2142240768,2123366400,2135687168,2134638592,2670361001
2121269248,2148532224,2139095040,2129657856,2129657856,2147483648,2144337920,2126512128,2134638592,2136997888,2670377024
2127560704,2143289344,2139095040,2128609280,2131755008,2149580800,2147483648,2130706432,2134638592,2139881472,2670393025
2125463552,2150629376,2155872256,2134900736,2132803584,2150629376,2148532224,2131755008,2141716480,2140930048,2670409023
2123366400,2155872256,2147483648,2139095040,2130706432,2149580800,2146435072,2129657856,2141454336,2139095040,2670425023
2132803584,2141192192,2139095040,2120220672,2127560704,2146435072,2143289344,2125463552,2133327872,2135687168,2670441044
2123366400,2139095040,2135949312,2120220672,2126512128,2144337920,2142240768,2122317824,2129657856,2133852160,2670457047
2125463552,2138046464,2140143616,2119172096,2128609280,2146435072,2143289344,2125463552,2130706432,2135949312,2670473046
2123366400,2160066560,2151677952,2143289344,2130706432,2150629376,2147483648,2130706432,2144600064,2139881472,2670489045
2133852160,2163212288,2161115136,2142240768,2133852160,2150629376,2148532224,2131755008,2150105088,2141192192,2670505067
2146435072,2141192192,2141192192,2121269248,2130706432,2149580800,2146435072,2129657856,2137522176,2139095040,2670521068
2125463552,2148532224,2157969408,2131755008,2128609280,2146435072,2144337920,2124414976,2140930048,2135949312,2670537065
2123366400,2138046464,2138046464,2121269248,2126512128,2144337920,2141192192,2123366400,2130182144,2133852160,2670553065
2120220672,2143289344,2147483648,2124414976,2128609280,2145386496,2143289344,2123366400,2133852160,2135162880,2670569087
2140143616,2150629376,2144337920,2127560704,2130706432,2148532224,2146435072,2128609280,2140667904,2138570752,2670585088
2126512128,2161115136,2159017984,2142240768,2132803584,2150629376,2148532224,2131755008,2147221504,2140930048,2670601085
2132803584,2156920832,2153775104,2129657856,2131755008,2150629376,2148532224,2130706432,2143289344,2140405760,2670617090
2143289344,2140143616,2140143616,2121269248,2129657856,2146435072,2144337920,2125463552,2136211456,2136473600,2670633110
2134900736,2135949312,2134900736,2114977792,2127560704,2144337920,2141192192,2122317824,2130182144,2133852160,2670649111
2127560704,2139095040,2134900736,2120220672,2127560704,2145386496,2142240768,2123366400,2130444288,2134638592,2670666001
2132803584,2146435072,2150629376,2120220672,2129657856,2148532224,2145386496,2128609280,2137522176,2138046464,2670682001
2126512128,2154823680,2159017984,2141192192,2131755008,2150629376,2148532224,2131755008,2145386496,2140667904,2670698001
2140143616,2145386496,2141192192,2127560704,2132803584,2150629376,2147483648,2130706432,2138570752,2140405760,2670714022
2141192192,2141192192,2139095040,2121269248,2130706432,2146435072,2144337920,2126512128,2135687168,2136997888,2670730024
2138046464,2140143616,2135949312,2120220672,2127560704,2144337920,2141192192,2123366400,2133590016,2134114304,2670746024
2130706432,2139095040,2135949312,2114977792,2127560704,2145386496,2142240768,2123366400,2130182144,2134638592,2670762023
2120220672,2153775104,2147483648,2136997888,2129657856,2147483648,2144337920,2127560704,2139619328,2137260032,2670778045
2141192192,2152726528,2143289344,2131755008,2131755008,2150629376,2148532224,2130706432,2142240768,2140405760,2670794044
2124414976,2166358016,2156920832,2147483648,2132803584,2150629376,2147483648,2131755008,2148794368,2140667904,2670810047
2144337920,2142240768,2142240768,2124414976,2130706432,2148532224,2146435072,2128609280,2138308608,2138570752,2670826045
2122317824,2160066560,2155872256,2135949312,2127560704,2146435072,2143289344,2124414976,2143551488,2135425024,2670842066
2125463552,2151677952,2148532224,2129657856,2126512128,2146435072,2142240768,2123366400,2138832896,2134638592,2670858067
2139095040,2146435072,2134900736,2124414976,2129657856,2146435072,2143289344,2125463552,2136211456,2136211456,2670874069
2140143616,2142240768,2146435072,2122317824,2131755008,2149580800,2147483648,2129657856,2137784320,2139619328,2670890066
2139095040,2143289344,2141192192,2123366400,2132803584,2150629376,2148532224,2131755008,2136735744,2140930048,2670906089
2124414976,2162163712,2151677952,2142240768,2130706432,2148532224,2146435072,2128609280,2145124352,2138570752,2670922087
2126512128,2160066560,2153775104,2132803584,2128609280,2146435072,2143289344,2125463552,2143289344,2135949312,2670938089
2130706432,2146435072,2146435072,2116026368,2127560704,2144337920,2141192192,2122317824,2134900736,2133852160,2670954086
2120220672,2141192192,2145386496,2122317824,2128609280,2146435072,2143289344,2125463552,2132279296,2135949312,2670970111
2135949312,2139095040,2135949312,2119172096,2130706432,2148532224,2146435072,2128609280,2132541440,2138570752,2670986108
2140143616,2154823680,2144337920,2127560704,2132803584,2149580800,2148532224,2131755008,2141716480,2140667904,2671003001
2138046464,2142240768,2140143616,2126512128,2131755008,2149580800,2146435072,2130706432,2136735744,2139619328,2671019001
2122317824,2156920832,2152726528,2140143616,2128609280,2146435072,2143289344,2126512128,2143027200,2136211456,2671035001
2121269248,2147483648,2139095040,2127560704,2127560704,2144337920,2141192192,2123366400,2133852160,2134114304,2671051000
2121269248,2147483648,2147483648,2127560704,2128609280,2145386496,2143289344,2123366400,2135949312,2135162880,2671067023
2142240768,2141192192,2138046464,2117074944,2131755008,2147483648,2145386496,2127560704,2134638592,2138046464,2671083024
2123366400,2160066560,2153775104,2141192192,2131755008,2150629376,2149580800,2131755008,2144600064,2140930048,2671099024
2142240768,2143289344,2142240768,2125463552,2131755008,2149580800,2147483648,2130706432,2138308608,2139881472,2671115022
2141192192,2153775104,2144337920,2131755008,2129657856,2148532224,2145386496,2127560704,2142765056,2137784320,2671131046
2124414976,2155872256,2152726528,2132803584,2126512128,2145386496,2142240768,2123366400,2141454336,2134376448,2671147047
2123366400,2154823680,2150629376,2133852160,2127560704,2145386496,2141192192,2123366400,2140667904,2134376448,2671163046
2138046464,2135949312,2138046464,2114977792,2130706432,2147483648,2144337920,2126512128,2131755008,2137260032,2671179044
2128609280,2150629376,2148532224,2135949312,2131755008,2150629376,2147483648,2131755008,2140930048,2140405760,2671195066
2143289344,2144337920,2141192192,2123366400,2131755008,2150629376,2148532224,2131755008,2138046464,2140667904,2671211067
2135949312,2154823680,2146435072,2125463552,2129657856,2148532224,2146435072,2128609280,2140667904,2138308608,2671227066
2122317824,2162163712,2153775104,2141192192,2127560704,2145386496,2143289344,2123366400,2144862208,2134900736,2671243066
2123366400,2138046464,2133852160,2120220672,2126512128,2145386496,2141192192,2122317824,2128871424,2133852160,2671259088
2128609280,2152726528,2149580800,2127560704,2129657856,2146435072,2145386496,2125463552,2139619328,2136735744,2671275090
2135949312,2152726528,2146435072,2123366400,2131755008,2149580800,2146435072,2129657856,2139619328,2139357184,2671291088
2129657856,2143289344,2144337920,2132803584,2132803584,2151677952,2149580800,2132803584,2137522176,2141716480,2671307086
2129657856,2145386496,2140143616,2126512128,2130706432,2149580800,2146435072,2129657856,2135425024,2139095040,2671323110
2141192192,2141192192,2144337920,2117074944,2128609280,2145386496,2142240768,2124414976,2135949312,2135162880,2671340001
2122317824,2143289344,2152726528,2124414976,2127560704,2145386496,2142240768,2122317824,2135687168,2134376448,2671356001
2119172096,2154823680,2149580800,2133852160,2128609280,2145386496,2143289344,2124414976,2139357184,2135425024,2671372001
2125463552,2156920832,2160066560,2139095040,2131755008,2148532224,2147483648,2129657856,2145386496,2139357184,2671388001
2134900736,2153775104,2153775104,2129657856,2132803584,2151677952,2148532224,2132803584,2143027200,2141454336,2671404023
2144337920,2142240768,2140143616,2123366400,2130706432,2148532224,2146435072,2129657856,2137522176,2138832896,2671420023
2136997888,2152726528,2149580800,2122317824,2128609280,2146435072,2143289344,2124414976,2140405760,2135687168,2671436023
2133852160,2138046464,2133852160,2116026368,2126512128,2145386496,2142240768,2123366400,2130444288,2134376448,2671452023
2141192192,2141192192,2138046464,2118123520,2127560704,2146435072,2142240768,2125463552,2134638592,2135425024,2671468045
2120220672,2147483648,2139095040,2130706432,2130706432,2148532224,2146435072,2128609280,2134376448,2138570752,2671484047
2134900736,2157969408,2157969408,2132803584,2133852160,2150629376,2148532224,2131755008,2145910784,2141192192,2671500044
2136997888,2144337920,2141192192,2125463552,2131755008,2150629376,2148532224,2131755008,2136997888,2140667904,2671516044
2140143616,2146435072,2144337920,2121269248,2129657856,2147483648,2144337920,2126512128,2138046464,2136997888,2671532066
2120220672,2147483648,2148532224,2130706432,2127560704,2145386496,2143289344,2123366400,2136735744,2134900736,2671548066
2130706432,2149580800,2146435072,2121269248,2127560704,2145386496,2142240768,2123366400,2136997888,2134638592,2671564066
2124414976,2160066560,2148532224,2141192192,2129657856,2148532224,2144337920,2127560704,2143551488,2137522176,2671580066
2139095040,2143289344,2150629376,2121269248,2132803584,2149580800,2148532224,2130706432,2138570752,2140405760,2671596089
2125463552,2157969408,2153775104,2144337920,2131755008,2150629376,2148532224,2131755008,2145386496,2140667904,2671612088
2130706432,2162163712,2155872256,2134900736,2130706432,2147483648,2145386496,2127560704,2145910784,2137784320,2671628085
2122317824,2155872256,2153775104,2136997888,2126512128,2145386496,2142240768,2124414976,2142240768,2134638592,2671644088
2138046464,2140143616,2136997888,2116026368,2127560704,2145386496,2141192192,2123366400,2132803584,2134376448,2671660109
2122317824,2161115136,2152726528,2133852160,2129657856,2146435072,2144337920,2126512128,2142502912,2136735744,2671676109
2139095040,2150629376,2150629376,2125463552,2131755008,2150629376,2148532224,2130706432,2141454336,2140405760,2671693001
2141192192,2145386496,2141192192,2124414976,2132803584,2150629376,2148532224,2130706432,2138046464,2140667904,2671709001
2143289344,2142240768,2141192192,2124414976,2131755008,2148532224,2145386496,2128609280,2137784320,2138570752,2671725001
2124414976,2143289344,2136997888,2126512128,2127560704,2146435072,2142240768,2124414976,2132803584,2135162880,2671741024
2138046464,2146435072,2133852160,2117074944,2127560704,2145386496,2141192192,2122317824,2133852160,2134114304,2671757024
2126512128,2152726528,2153775104,2133852160,2129657856,2146435072,2144337920,2125463552,2141716480,2136473600,2671773025
2128609280,2149580800,2157969408,2133852160,2130706432,2148532224,2146435072,2129657856,2142502912,2138832896,2671789025
2124414976,2164260864,2152726528,2147483648,2132803584,2150629376,2148532224,2131755008,2147221504,2140930048,2671805045
2131755008,2156920832,2156920832,2138046464,2131755008,2148532224,2146435072,2129657856,2145910784,2139095040,2671821045
2124414976,2147483648,2150629376,2129657856,2127560704,2146435072,2144337920,2125463552,2138046464,2135949312,2671837045
2134900736,2151677952,2146435072,2124414976,2127560704,2144337920,2141192192,2122317824,2139357184,2133852160,2671853046
2132803584,2145386496,2145386496,2118123520,2127560704,2146435072,2142240768,2124414976,2135425024,2135162880,2671869067
2133852160,2140143616,2138046464,2122317824,2130706432,2148532224,2146435072,2128609280,2133590016,2138570752,2671885064
2140143616,2145386496,2146435072,2123366400,2133852160,2150629376,2147483648,2131755008,2138832896,2140930048,2671901067
2125463552,2163212288,2157969408,2144337920,2130706432,2150629376,2148532224,2130706432,2147745792,2140143616,2671917066
2135949312,2146435072,2146435072,2122317824,2129657856,2146435072,2144337920,2125463552,2137784320,2136473600,2671933087
2121269248,2159017984,2152726528,2136997888,2127560704,2144337920,2141192192,2122317824,2142502912,2133852160,2671949086
2128609280,2154823680,2149580800,2129657856,2127560704,2146435072,2142240768,2124414976,2140667904,2135162880,2671965088
2134900736,2150629376,2149580800,2123366400,2130706432,2147483648,2145386496,2127560704,2139619328,2137784320,2671981089
2126512128,2161115136,2159017984,2140143616,2131755008,2149580800,2148532224,2131755008,2146697216,2140405760,2671997107
2127560704,2148532224,2149580800,2133852160,2132803584,2149580800,2147483648,2129657856,2139881472,2139881472,2672013106
2125463552,2150629376,2142240768,2135949312,2129657856,2148532224,2145386496,2127560704,2138570752,2137784320,2672030001
2135949312,2139095040,2135949312,2118123520,2127560704,2145386496,2142240768,2124414976,2132279296,2134900736,2672046001
2123366400,2152726528,2151677952,2124414976,2126512128,2145386496,2142240768,2123366400,2138046464,2134376448,2672062001
2126512128,2160066560,2157969408,2130706432,2128609280,2148532224,2145386496,2126512128,2143813632,2137260032,2672078001
2129657856,2144337920,2141192192,2126512128,2131755008,2149580800,2147483648,2130706432,2135425024,2139881472,2672094023
2140143616,2142240768,2141192192,2124414976,2132803584,2150629376,2147483648,2131755008,2136997888,2140667904,2672110023
2133852160,2142240768,2142240768,2126512128,2130706432,2148532224,2145386496,2128609280,2136211456,2138308608,2672126023
2133852160,2151677952,2150629376,2129657856,2127560704,2145386496,2143289344,2124414976,2141454336,2135162880,2672142023
2130706432,2151677952,2150629376,2124414976,2127560704,2144337920,2142240768,2123366400,2139357184,2134376448,2672158045
2124414976,2154823680,2155872256,2134900736,2128609280,2147483648,2144337920,2126512128,2142502912,2136735744,2672174046
2127560704,2159017984,2157969408,2134900736,2131755008,2150629376,2147483648,2130706432,2144862208,2140143616,2672190046
2142240768,2151677952,2146435072,2125463552,2131755008,2150629376,2147483648,2132803584,2141454336,2140667904,2672206043
2125463552,2155872256,2147483648,2143289344,2131755008,2149580800,2146435072,2128609280,2143027200,2139095040,2672222067
2131755008,2160066560,2155872256,2134900736,2128609280,2147483648,2143289344,2125463552,2145648640,2136211456,2672238067
2134900736,2142240768,2145386496,2119172096,2126512128,2145386496,2142240768,2123366400,2135425024,2134376448,2672254069
2138046464,2138046464,2135949312,2118123520,2128609280,2146435072,2142240768,2124414976,2132541440,2135425024,2672270067
2123366400,2141192192,2141192192,2126512128,2130706432,2148532224,2145386496,2128609280,2133065728,2138308608,2672286090
2143289344,2146435072,2146435072,2125463552,2132803584,2151677952,2148532224,2132803584,2140405760,2141454336,2672302088
2144337920,2145386496,2140143616,2125463552,2131755008,2149580800,2146435072,2129657856,2138832896,2139357184,2672318088
2126512128,2160066560,2156920832,2138046464,2128609280,2146435072,2143289344,2126512128,2145386496,2136211456,2672334087
2132803584,2138046464,2135949312,2118123520,2127560704,2145386496,2141192192,2122317824,2131230720,2134114304,2672350110
2134900736,2139095040,2135949312,2117074944,2127560704,2145386496,2142240768,2124414976,2131755008,2134900736,2672367001
2141192192,2138046464,2136997888,2121269248,2131755008,2147483648,2146435072,2127560704,2134376448,2138308608,2672383001
2139095040,2140143616,2140143616,2124414976,2131755008,2150629376,2148532224,2131755008,2135949312,2140667904,2672399001
2128609280,2164260864,2160066560,2143289344,2131755008,2150629376,2148532224,2131755008,2149056512,2140667904,2672415001
2128609280,2159017984,2154823680,2139095040,2128609280,2148532224,2144337920,2127560704,2145386496,2137260032,2672431023
2122317824,2145386496,2141192192,2127560704,2127560704,2145386496,2142240768,2123366400,2134114304,2134638592,2672447023
2121269248,2148532224,2147483648,2131755008,2127560704,2144337920,2141192192,2123366400,2137260032,2134114304,2672463024
2122317824,2152726528,2151677952,2135949312,2128609280,2148532224,2144337920,2128609280,2140667904,2137522176,2672479024
2140143616,2143289344,2139095040,2122317824,2131755008,2150629376,2148532224,2131755008,2136211456,2140667904,2672495044
2140143616,2143289344,2140143616,2123366400,2132803584,2150629376,2147483648,2131755008,2136735744,2140667904,2672511044
2140143616,2141192192,2142240768,2123366400,2130706432,2148532224,2146435072,2127560704,2136735744,2138308608,2672527046
2134900736,2138046464,2135949312,2119172096,2128609280,2145386496,2142240768,2123366400,2132017152,2134900736,2672543046
2123366400,2154823680,2150629376,2129657856,2126512128,2145386496,2142240768,2123366400,2139619328,2134376448,2672559067
2121269248,2153775104,2152726528,2136997888,2129657856,2146435072,2144337920,2126512128,2141192192,2136735744,2672575068
2123366400,2159017984,2152726528,2143289344,2131755008,2148532224,2146435072,2129657856,2144600064,2139095040,2672591066
2138046464,2154823680,2154823680,2134900736,2132803584,2150629376,2148532224,2132803584,2145648640,2141192192,2672607067
2140143616,2143289344,2141192192,2122317824,2131755008,2148532224,2146435072,2128609280,2136735744,2138832896,2672623088
2135949312,2140143616,2138046464,2121269248,2128609280,2145386496,2143289344,2124414976,2133852160,2135425024,2672639090
2130706432,2146435072,2149580800,2118123520,2127560704,2144337920,2140143616,2122317824,2136211456,2133590016,2672655087
2117074944,2159017984,2143289344,2133852160,2128609280,2146435072,2144337920,2124414976,2138308608,2135949312,2672671088
2130706432,2159017984,2155872256,2135949312,2130706432,2148532224,2147483648,2129657856,2145386496,2139095040,2672687110
2141192192,2140143616,2138046464,2122317824,2132803584,2150629376,2148532224,2131755008,2135425024,2140930048,2672703108
2145386496,2152726528,2142240768,2128609280,2130706432,2149580800,2147483648,2130706432,2142240768,2139619328,2672720001
2141192192,2140143616,2140143616,2117074944,2128609280,2146435072,2144337920,2126512128,2134638592,2136473600,2672736001
2127560704,2136997888,2138046464,2117074944,2127560704,2144337920,2142240768,2123366400,2129920000,2134376448,2672752001
2120220672,2141192192,2139095040,2122317824,2127560704,2145386496,2142240768,2124414976,2130706432,2134900736,2672768023
2136997888,2145386496,2146435072,2119172096,2129657856,2148532224,2145386496,2128609280,2136997888,2138046464,2672784023
2127560704,2167406592,2160066560,2136997888,2132803584,2149580800,2148532224,2130706432,2148007936,2140405760,2672800025
2140143616,2146435072,2146435072,2125463552,2131755008,2150629376,2148532224,2131755008,2139619328,2140667904,2672816022
2122317824,2147483648,2148532224,2130706432,2128609280,2148532224,2145386496,2127560704,2137260032,2137522176,2672832044
2121269248,2155872256,2155872256,2136997888,2127560704,2144337920,2141192192,2123366400,2142502912,2134114304,2672848046
2140143616,2138046464,2133852160,2116026368,2127560704,2145386496,2142240768,2123366400,2132017152,2134638592,2672864044
2129657856,2142240768,2136997888,2119172096,2130706432,2147483648,2144337920,2126512128,2132017152,2137260032,2672880045
2138046464,2141192192,2141192192,2124414976,2132803584,2149580800,2147483648,2131755008,2136211456,2140405760,2672896067
2141192192,2142240768,2142240768,2125463552,2133852160,2149580800,2148532224,2130706432,2137784320,2140667904,2672912066
2134900736,2143289344,2141192192,2124414976,2130706432,2148532224,2145386496,2127560704,2135949312,2138046464,2672928066
2129657856,2138046464,2140143616,2117074944,2128609280,2144337920,2142240768,2122317824,2131230720,2134376448,2672944067
2131755008,2136997888,2133852160,2114977792,2126512128,2145386496,2141192192,2123366400,2129395712,2134114304,2672960088
2121269248,2145386496,2136997888,2126512128,2129657856,2146435072,2144337920,2126512128,2132541440,2136735744,2672976086
2123366400,2150629376,2149580800,2135949312,2130706432,2150629376,2148532224,2130706432,2139881472,2140143616,2672992086
2127560704,2161115136,2159017984,2145386496,2131755008,2150629376,2148532224,2130706432,2148270080,2140405760,2673008088
2138046464,2154823680,2156920832,2129657856,2130706432,2148532224,2146435072,2128609280,2144862208,2138570752,2673024110
2123366400,2147483648,2140143616,2130706432,2127560704,2146435072,2142240768,2125463552,2135425024,2135425024,2673040106
2119172096,2151677952,2143289344,2131755008,2126512128,2144337920,2141192192,2123366400,2136473600,2133852160,2673057001
2132803584,2140143616,2136997888,2116026368,2128609280,2147483648,2144337920,2125463552,2131492864,2136473600,2673073001
2127560704,2154823680,2152726528,2135949312,2131755008,2149580800,2147483648,2130706432,2142765056,2139881472,2673089001
2135949312,2140143616,2142240768,2123366400,2132803584,2150629376,2148532224,2131755008,2135425024,2140930048,2673105001
2132803584,2155872256,2160066560,2138046464,2131755008,2149580800,2146435072,2129657856,2146697216,2139357184,2673121023
2136997888,2144337920,2146435072,2122317824,2128609280,2147483648,2144337920,2126512128,2137522176,2136735744,2673137023
2139095040,2138046464,2135949312,2118123520,2127560704,2145386496,2141192192,2123366400,2132803584,2134376448,2673153024
2131755008,2139095040,2134900736,2116026368,2128609280,2146435072,2143289344,2123366400,2130444288,2135425024,2673169023
2122317824,2143289344,2147483648,2125463552,2130706432,2148532224,2146435072,2127560704,2134638592,2138308608,2673185046
2126512128,2161115136,2160066560,2142240768,2131755008,2150629376,2149580800,2132803584,2147483648,2141192192,2673201045
2132803584,2162163712,2154823680,2138046464,2131755008,2150629376,2147483648,2131755008,2146959360,2140405760,2673217046
2136997888,2135949312,2138046464,2119172096,2128609280,2147483648,2144337920,2127560704,2132541440,2136997888,2673233044
2131755008,2139095040,2136997888,2116026368,2127560704,2144337920,2141192192,2122317824,2130968576,2133852160,2673249068
2122317824,2142240768,2147483648,2122317824,2127560704,2145386496,2143289344,2123366400,2133590016,2134900736,2673265066
2128609280,2153775104,2150629376,2133852160,2129657856,2148532224,2145386496,2128609280,2141716480,2138046464,2673281067
2141192192,2146435072,2143289344,2123366400,2132803584,2150629376,2148532224,2130706432,2138570752,2140667904,2673297065
2141192192,2145386496,2141192192,2123366400,2132803584,2149580800,2148532224,2130706432,2137784320,2140405760,2673313089
2135949312,2142240768,2154823680,2124414976,2129657856,2147483648,2145386496,2127560704,2139357184,2137522176,2673329090
2123366400,2139095040,2136997888,2119172096,2127560704,2145386496,2142240768,2123366400,2129657856,2134638592,2673345088
2132803584,2146435072,2150629376,2117074944,2126512128,2145386496,2142240768,2123366400,2136735744,2134376448,2673361088
2122317824,2155872256,2152726528,2135949312,2129657856,2146435072,2144337920,2126512128,2141716480,2136735744,2673377109
2124414976,2159017984,2157969408,2135949312,2132803584,2149580800,2147483648,2130706432,2144337920,2140143616,2673394001
2128609280,2167406592,2162163712,2140143616,2132803584,2150629376,2148532224,2131755008,2149580800,2140930048,2673410001
2142240768,2142240768,2146435072,2123366400,2131755008,2148532224,2146435072,2128609280,2138570752,2138832896,2673426000
2139095040,2141192192,2142240768,2118123520,2127560704,2146435072,2143289344,2124414976,2135162880,2135425024,2673442001
2138046464,2146435072,2136997888,2117074944,2127560704,2145386496,2142240768,2123366400,2134638592,2134638592,2673458023
2138046464,2135949312,2135949312,2114977792,2128609280,2147483648,2143289344,2126512128,2131230720,2136473600,2673474023
2124414976,2147483648,2148532224,2131755008,2132803584,2149580800,2147483648,2129657856,2138046464,2139881472,2673490023
2136997888,2154823680,2152726528,2129657856,2132803584,2150629376,2148532224,2131755008,2143551488,2140930048,2673506024
2131755008,2142240768,2141192192,2128609280,2131755008,2148532224,2146435072,2128609280,2135949312,2138832896,2673522045
2144337920,2139095040,2140143616,2118123520,2128609280,2145386496,2143289344,2124414976,2135425024,2135425024,2673538047
2119172096,2163212288,2150629376,2133852160,2127560704,2145386496,2141192192,2123366400,2141716480,2134376448,2673554045
2124414976,2139095040,2136997888,2117074944,2128609280,2146435072,2143289344,2124414976,2129395712,2135687168,2673570045
2139095040,2141192192,2139095040,2119172096,2130706432,2148532224,2146435072,2128609280,2134638592,2138570752,2673586068
2142240768,2142240768,2140143616,2126512128,2132803584,2150629376,2147483648,2132803584,2137784320,2140930048,2673602067
2125463552,2163212288,2161115136,2143289344,2131755008,2149580800,2146435072,2130706432,2148270080,2139619328,2673618066
2122317824,2151677952,2139095040,2134900736,2128609280,2146435072,2143289344,2125463552,2136997888,2135949312,2673634067
2138046464,2138046464,2135949312,2117074944,2127560704,2145386496,2142240768,2122317824,2132279296,2134376448,2673650087
2120220672,2147483648,2142240768,2130706432,2127560704,2145386496,2142240768,2124414976,2135162880,2134900736,2673666088
2126512128,2160066560,2152726528,2130706432,2129657856,2148532224,2146435072,2128609280,2142502912,2138308608,2673682088
2127560704,2164260864,2160066560,2142240768,2132803584,2150629376,2148532224,2131755008,2148532224,2140930048,2673698089
2134900736,2159017984,2157969408,2139095040,2131755008,2149580800,2147483648,2131755008,2147745792,2140143616,2673714108
2129657856,2140143616,2142240768,2123366400,2129657856,2147483648,2144337920,2126512128,2133852160,2136997888,2673730110
2126512128,2160066560,2146435072,2131755008,2127560704,2145386496,2142240768,2123366400,2141192192,2134638592,2673747001
2120220672,2147483648,2147483648,2127560704,2127560704,2145386496,2142240768,2123366400,2135687168,2134638592,2673763001
2121269248,2159017984,2154823680,2138046464,2129657856,2147483648,2145386496,2127560704,2143289344,2137522176,2673779001
2139095040,2152726528,2150629376,2135949312,2131755008,2150629376,2148532224,2131755008,2144600064,2140667904,2673795024
2141192192,2162163712,2146435072,2138046464,2132803584,2151677952,2148532224,2131755008,2146959360,2141192192,2673811022
2126512128,2142240768,2140143616,2129657856,2130706432,2147483648,2146435072,2128609280,2134638592,2138308608,2673827024
2123366400,2159017984,2154823680,2136997888,2127560704,2145386496,2142240768,2124414976,2143551488,2134900736,2673843024
2121269248,2139095040,2147483648,2122317824,2127560704,2145386496,2142240768,2123366400,2132541440,2134638592,2673859045
2130706432,2155872256,2146435072,2129657856,2129657856,2146435072,2143289344,2125463552,2140667904,2136211456,2673875044
2130706432,2161115136,2149580800,2134900736,2131755008,2149580800,2147483648,2130706432,2144075776,2139881472,2673891046
2133852160,2160066560,2154823680,2135949312,2132803584,2150629376,2148532224,2130706432,2146172928,2140667904,2673907047
2141192192,2144337920,2145386496,2124414976,2130706432,2148532224,2146435072,2129657856,2138832896,2138832896,2673923066
2133852160,2156920832,2152726528,2131755008,2128609280,2145386496,2143289344,2125463552,2143813632,2135687168,2673939065
2126512128,2150629376,2150629376,2129657856,2127560704,2144337920,2142240768,2122317824,2139357184,2134114304,2673955067
2133852160,2138046464,2135949312,2117074944,2127560704,2146435072,2142240768,2125463552,2131230720,2135425024,2673971069
2140143616,2140143616,2139095040,2120220672,2131755008,2148532224,2146435072,2128609280,2134900736,2138832896,2673987089
2138046464,2141192192,2140143616,2123366400,2132803584,2149580800,2148532224,2130706432,2135687168,2140405760,2674003086
2125463552,2159017984,2162163712,2144337920,2131755008,2149580800,2147483648,2130706432,2147745792,2139881472,2674019088
2130706432,2155872256,2152726528,2129657856,2129657856,2146435072,2144337920,2125463552,2142240768,2136473600,2674035091
2129657856,2139095040,2136997888,2117074944,2128609280,2144337920,2141192192,2122317824,2130706432,2134114304,2674051108
2121269248,2142240768,2138046464,2124414976,2127560704,2145386496,2142240768,2124414976,2131492864,2134900736,2674067108
2131755008,2151677952,2152726528,2129657856,2130706432,2148532224,2146435072,2128609280,2141454336,2138570752,2674084001
2142240768,2152726528,2141192192,2128609280,2132803584,2150629376,2147483648,2131755008,2141192192,2140667904,2674100001
2125463552,2155872256,2148532224,2143289344,2132803584,2148532224,2147483648,2130706432,2143289344,2139881472,2674116001
2143289344,2140143616,2144337920,2121269248,2129657856,2147483648,2144337920,2127560704,2137260032,2137260032,2674132001
2121269248,2140143616,2139095040,2121269248,2127560704,2145386496,2141192192,2123366400,2130444288,2134376448,2674148023
2133852160,2144337920,2142240768,2117074944,2127560704,2145386496,2142240768,2123366400,2134376448,2134638592,2674164024
2131755008,2139095040,2138046464,2118123520,2128609280,2147483648,2145386496,2127560704,2131755008,2137260032,2674180023
2139095040,2142240768,2139095040,2124414976,2132803584,2149580800,2147483648,2130706432,2136211456,2140143616,2674196022
2140143616,2142240768,2142240768,2125463552,2131755008,2149580800,2147483648,2131755008,2137522176,2140143616,2674212046
2139095040,2140143616,2139095040,2121269248,2129657856,2148532224,2145386496,2128609280,2134900736,2138046464,2674228046
2134900736,2149580800,2146435072,2125463552,2127560704,2144337920,2142240768,2123366400,2139095040,2134376448,2674244047
2130706432,2154823680,2146435072,2125463552,2127560704,2145386496,2142240768,2123366400,2139357184,2134638592,2674260045
2140143616,2138046464,2136997888,2120220672,2128609280,2146435072,2145386496,2126512128,2133852160,2136735744,2674276067
2145386496,2143289344,2142240768,2119172096,2132803584,2149580800,2147483648,2130706432,2137522176,2140143616,2674292067
2147483648,2145386496,2146435072,2123366400,2132803584,2151677952,2149580800,2132803584,2140667904,2141716480,2674308066
2124414976,2150629376,2148532224,2139095040,2129657856,2148532224,2146435072,2128609280,2140667904,2138308608,2674324067
2141192192,2151677952,2138046464,2124414976,2127560704,2145386496,2143289344,2124414976,2138832896,2135162880,2674340087
2134900736,2145386496,2144337920,2118123520,2126512128,2144337920,2142240768,2123366400,2135687168,2134114304,2674356091
2122317824,2151677952,2142240768,2134900736,2128609280,2145386496,2143289344,2124414976,2137784320,2135425024,2674372087
2128609280,2155872256,2160066560,2133852160,2130706432,2148532224,2147483648,2129657856,2144600064,2139095040,2674388086
2129657856,2145386496,2142240768,2130706432,2131755008,2149580800,2148532224,2131755008,2136997888,2140405760,2674404109
2126512128,2153775104,2154823680,2136997888,2131755008,2148532224,2146435072,2129657856,2143027200,2139095040,2674421001
2124414976,2161115136,2154823680,2134900736,2128609280,2147483648,2144337920,2125463552,2143813632,2136473600,2674437001
2131755008,2146435072,2142240768,2121269248,2126512128,2145386496,2142240768,2123366400,2135425024,2134376448,2674453001
2124414976,2152726528,2152726528,2125463552,2127560704,2145386496,2143289344,2124414976,2138832896,2135162880,2674469001
2129657856,2153775104,2152726528,2133852160,2130706432,2148532224,2145386496,2128609280,2142502912,2138308608,2674485024
2130706432,2159017984,2160066560,2135949312,2132803584,2149580800,2147483648,2130706432,2146435072,2140143616,2674501023
2125463552,2147483648,2151677952,2133852160,2131755008,2149580800,2147483648,2130706432,2139619328,2139881472,2674517022
2125463552,2157969408,2159017984,2141192192,2129657856,2146435072,2145386496,2125463552,2145910784,2136735744,2674533024
2120220672,2149580800,2150629376,2132803584,2127560704,2144337920,2142240768,2122317824,2138308608,2134114304,2674549045
2121269248,2153775104,2154823680,2134900736,2126512128,2146435072,2143289344,2124414976,2141192192,2135162880,2674565045
2129657856,2140143616,2136997888,2119172096,2130706432,2146435072,2145386496,2126512128,2131492864,2137260032,2674581045
2127560704,2159017984,2159017984,2138046464,2132803584,2149580800,2147483648,2130706432,2145910784,2140143616,2674597045
2142240768,2154823680,2142240768,2134900736,2133852160,2149580800,2147483648,2130706432,2143551488,2140405760,2674613066
2130706432,2159017984,2160066560,2143289344,2129657856,2148532224,2145386496,2127560704,2148270080,2137784320,2674629068
2134900736,2146435072,2146435072,2120220672,2127560704,2145386496,2142240768,2123366400,2136997888,2134638592,2674645066
2129657856,2135949312,2136997888,2114977792,2127560704,2144337920,2142240768,2123366400,2129395712,2134376448,2674661068
2140143616,2141192192,2139095040,2117074944,2129657856,2147483648,2145386496,2126512128,2134376448,2137260032,2674677088
2141192192,2152726528,2141192192,2134900736,2131755008,2148532224,2147483648,2129657856,2142502912,2139357184,2674693087
2144337920,2144337920,2142240768,2127560704,2132803584,2148532224,2148532224,2129657856,2139619328,2139881472,2674709086
2141192192,2153775104,2145386496,2129657856,2131755008,2148532224,2146435072,2128609280,2142502912,2138832896,2674725089
2124414976,2154823680,2155872256,2138046464,2128609280,2145386496,2143289344,2124414976,2143289344,2135425024,2674741109
2120220672,2142240768,2142240768,2125463552,2127560704,2145386496,2141192192,2122317824,2132541440,2134114304,2674757109
2136997888,2140143616,2136997888,2117074944,2129657856,2146435072,2143289344,2125463552,2132803584,2136211456,2674774000
2124414976,2164260864,2156920832,2138046464,2131755008,2150629376,2147483648,2130706432,2145910784,2140143616,2674790001
2131755008,2163212288,2156920832,2136997888,2132803584,2150629376,2148532224,2131755008,2147221504,2140930048,2674806001
2140143616,2144337920,2140143616,2124414976,2131755008,2148532224,2146435072,2128609280,2137260032,2138832896,2674822025
2123366400,2143289344,2147483648,2123366400,2128609280,2146435072,2144337920,2125463552,2134376448,2136211456,2674838023
2136997888,2153775104,2144337920,2125463552,2127560704,2145386496,2142240768,2123366400,2140143616,2134638592,2674854023
2119172096,2147483648,2141192192,2130706432,2129657856,2146435072,2143289344,2124414976,2134638592,2135949312,2674870023
2140143616,2146435072,2142240768,2121269248,2131755008,2148532224,2146435072,2128609280,2137522176,2138832896,2674886046
2135949312,2154823680,2154823680,2133852160,2132803584,2149580800,2148532224,2130706432,2144862208,2140405760,2674902044
2143289344,2147483648,2144337920,2123366400,2131755008,2150629376,2147483648,2131755008,2139619328,2140405760,2674918045
2125463552,2162163712,2157969408,2141192192,2128609280,2147483648,2144337920,2126512128,2146697216,2136735744,2674934047
2132803584,2150629376,2146435072,2126512128,2128609280,2144337920,2141192192,2122317824,2139095040,2134114304,2674950066
2122317824,2159017984,2152726528,2136997888,2128609280,2144337920,2142240768,2123366400,2142765056,2134638592,2674966065
2134900736,2153775104,2150629376,2125463552,2129657856,2148532224,2146435072,2128609280,2141192192,2138308608,2674982066
2126512128,2151677952,2156920832,2136997888,2131755008,2150629376,2148532224,2131755008,2143027200,2140667904,2674998067
2125463552,2157969408,2151677952,2143289344,2131755008,2150629376,2148532224,2131755008,2144600064,2140667904,2675014088
2146435072,2143289344,2140143616,2122317824,2130706432,2146435072,2145386496,2126512128,2138046464,2137260032,2675030087
2119172096,2161115136,2152726528,2133852160,2127560704,2145386496,2142240768,2123366400,2141716480,2134638592,2675046089
2119172096,2150629376,2147483648,2133852160,2126512128,2145386496,2142240768,2123366400,2137784320,2134376448,2675062087
2123366400,2138046464,2139095040,2120220672,2129657856,2147483648,2145386496,2126512128,2130182144,2137260032,2675078112
2127560704,2143289344,2139095040,2129657856,2131755008,2149580800,2147483648,2130706432,2134900736,2139881472,2675094106
2128609280,2147483648,2141192192,2126512128,2132803584,2150629376,2148532224,2130706432,2135949312,2140667904,2675111001
2124414976,2147483648,2147483648,2131755008,2130706432,2147483648,2146435072,2127560704,2137784320,2138046464,2675127001
2129657856,2138046464,2141192192,2120220672,2128609280,2145386496,2143289344,2124414976,2132279296,2135425024,2675143001
2119172096,2156920832,2150629376,2131755008,2127560704,2145386496,2142240768,2123366400,2139619328,2134638592,2675159001
2125463552,2155872256,2153775104,2132803584,2129657856,2146435072,2144337920,2125463552,2141978624,2136473600,2675175024
2141192192,2143289344,2141192192,2120220672,2131755008,2149580800,2147483648,2129657856,2136473600,2139619328,2675191023
2142240768,2146435072,2142240768,2123366400,2131755008,2151677952,2148532224,2132803584,2138570752,2141192192,2675207024
2139095040,2142240768,2142240768,2126512128,2131755008,2148532224,2146435072,2128609280,2137522176,2138832896,2675223022
2128609280,2153775104,2156920832,2122317824,2128609280,2145386496,2142240768,2124414976,2140405760,2135162880,2675239045
2119172096,2138046464,2148532224,2119172096,2126512128,2145386496,2142240768,2123366400,2131230720,2134376448,2675255045
2132803584,2136997888,2133852160,2117074944,2128609280,2146435072,2143289344,2125463552,2130182144,2135949312,2675271044
2143289344,2141192192,2139095040,2118123520,2130706432,2148532224,2147483648,2128609280,2135425024,2138832896,2675287045
2146435072,2145386496,2142240768,2124414976,2132803584,2150629376,2148532224,2131755008,2139619328,2140930048,2675303069
2138046464,2143289344,2141192192,2126512128,2131755008,2149580800,2147483648,2130706432,2137260032,2139881472,2675319066
2123366400,2140143616,2147483648,2123366400,2129657856,2146435072,2144337920,2125463552,2133590016,2136473600,2675335065
2135949312,2136997888,2135949312,2114977792,2126512128,2145386496,2141192192,2123366400,2130968576,2134114304,2675351065
2134900736,2146435072,2136997888,2124414976,2128609280,2145386496,2143289344,2124414976,2135687168,2135425024,2675367090
2130706432,2152726528,2152726528,2129657856,2130706432,2149580800,2146435072,2128609280,2141454336,2138832896,2675383089
2126512128,2168455168,2160066560,2144337920,2132803584,2150629376,2148532224,2130706432,2149842944,2140667904,2675399087
2130706432,2159017984,2157969408,2140143616,2131755008,2149580800,2147483648,2130706432,2146959360,2139881472,2675415086
2142240768,2140143616,2139095040,2120220672,2129657856,2148532224,2144337920,2126512128,2135425024,2137260032,2675431109
2119172096,2150629376,2142240768,2133852160,2127560704,2145386496,2141192192,2123366400,2136473600,2134376448,2675448001
2120220672,2142240768,2147483648,2125463552,2127560704,2144337920,2142240768,2123366400,2133852160,2134376448,2675464001
2124414976,2160066560,2153775104,2131755008,2129657856,2148532224,2145386496,2127560704,2142502912,2137784320,2675480001
2129657856,2160066560,2157969408,2132803584,2131755008,2150629376,2148532224,2131755008,2145124352,2140667904,2675496001
2124414976,2152726528,2153775104,2139095040,2132803584,2149580800,2147483648,2131755008,2142502912,2140405760,2675512023
2138046464,2152726528,2146435072,2126512128,2130706432,2147483648,2145386496,2126512128,2140930048,2137522176,2675528023
2119172096,2141192192,2143289344,2124414976,2127560704,2145386496,2142240768,2123366400,2132017152,2134638592,2675544023
2126512128,2139095040,2139095040,2118123520,2127560704,2144337920,2141192192,2122317824,2130706432,2133852160,2675560023
2122317824,2141192192,2136997888,2122317824,2129657856,2146435072,2144337920,2126512128,2130706432,2136735744,2675576046
2135949312,2139095040,2139095040,2121269248,2130706432,2150629376,2147483648,2130706432,2133852160,2139881472,2675592045
2143289344,2142240768,2141192192,2124414976,2132803584,2150629376,2148532224,2131755008,2137784320,2140930048,2675608044
2125463552,2144337920,2148532224,2128609280,2130706432,2148532224,2146435072,2129657856,2136735744,2138832896,2675624045
2129657856,2143289344,2142240768,2122317824,2128609280,2147483648,2143289344,2125463552,2134376448,2136211456,2675640066
2120220672,2155872256,2151677952,2136997888,2126512128,2144337920,2141192192,2122317824,2141192192,2133590016,2675656067
2131755008,2138046464,2134900736,2120220672,2128609280,2145386496,2144337920,2125463552,2131230720,2135949312,2675672065
2126512128,2156920832,2157969408,2138046464,2132803584,2147483648,2146435072,2128609280,2144862208,2138832896,2675688065
2123366400,2154823680,2156920832,2141192192,2131755008,2150629376,2149580800,2132803584,2144075776,2141192192,2675704089
2143289344,2152726528,2143289344,2128609280,2130706432,2149580800,2147483648,2130706432,2141978624,2139619328,2675720087
2128609280,2159017984,2159017984,2132803584,2128609280,2146435072,2144337920,2125463552,2144862208,2136211456,2675736087
2136997888,2138046464,2133852160,2118123520,2127560704,2144337920,2141192192,2123366400,2131755008,2134114304,2675752087
2119172096,2143289344,2139095040,2122317824,2127560704,2145386496,2142240768,2123366400,2130968576,2134638592,2675768109
2136997888,2139095040,2138046464,2117074944,2130706432,2147483648,2146435072,2128609280,2132803584,2138308608,2675784108
2125463552,2145386496,2147483648,2131755008,2132803584,2150629376,2148532224,2131755008,2137522176,2140930048,2675801001
2125463552,2159017984,2159017984,2144337920,2130706432,2150629376,2148532224,2130706432,2146959360,2140143616,2675817001
2140143616,2153775104,2146435072,2125463552,2129657856,2147483648,2145386496,2126512128,2141454336,2137260032,2675833001
2130706432,2143289344,2146435072,2118123520,2127560704,2145386496,2142240768,2123366400,2134638592,2134638592,2675849023
2139095040,2152726528,2143289344,2123366400,2128609280,2145386496,2142240768,2123366400,2139619328,2134900736,2675865023
2121269248,2159017984,2154823680,2138046464,2130706432,2148532224,2145386496,2127560704,2143289344,2138046464,2675881024
2133852160,2140143616,2140143616,2123366400,2132803584,2149580800,2147483648,2131755008,2134376448,2140405760,2675897023
2143289344,2146435072,2151677952,2125463552,2131755008,2150629376,2148532224,2131755008,2141716480,2140667904,2675913045
2141192192,2141192192,2139095040,2122317824,2129657856,2148532224,2145386496,2128609280,2135949312,2138046464,2675929044
2121269248,2151677952,2140143616,2134900736,2127560704,2145386496,2142240768,2123366400,2136997888,2134638592,2675945045
2139095040,2140143616,2140143616,2116026368,2126512128,2145386496,2142240768,2123366400,2133852160,2134376448,2675961044
2131755008,2138046464,2135949312,2120220672,2128609280,2147483648,2144337920,2127560704,2131492864,2136997888,2675977069
2129657856,2156920832,2152726528,2133852160,2131755008,2149580800,2147483648,2130706432,2143289344,2139881472,2675993065
2129657856,2164260864,2157969408,2143289344,2131755008,2150629376,2148532224,2131755008,2148794368,2140667904,2676009068
2126512128,2147483648,2149580800,2129657856,2130706432,2148532224,2147483648,2128609280,2138308608,2138832896,2676025066
2141192192,2146435072,2138046464,2117074944,2128609280,2145386496,2142240768,2124414976,2135687168,2135162880,2676041088
2127560704,2141192192,2136997888,2119172096,2127560704,2143289344,2142240768,2121269248,2131230720,2133590016,2676057086
2127560704,2153775104,2151677952,2127560704,2128609280,2146435072,2144337920,2125463552,2140143616,2136211456,2676073088
2123366400,2143289344,2141192192,2122317824,2131755008,2148532224,2146435072,2129657856,2132541440,2139095040,2676089088
2125463552,2155872256,2152726528,2139095040,2132803584,2149580800,2149580800,2131755008,2143289344,2140930048,2676105112
2138046464,2143289344,2140143616,2124414976,2130706432,2149580800,2147483648,2129657856,2136473600,2139357184,2676121108
2128609280,2154823680,2151677952,2133852160,2128609280,2146435072,2143289344,2125463552,2142240768,2135949312,2676138001
2121269248,2147483648,2143289344,2128609280,2127560704,2145386496,2141192192,2123366400,2135162880,2134376448,2676154001
2119172096,2149580800,2147483648,2134900736,2128609280,2145386496,2143289344,2124414976,2137784320,2135425024,2676170001
2127560704,2141192192,2136997888,2124414976,2131755008,2148532224,2146435072,2128609280,2132541440,2138832896,2676186001
2125463552,2148532224,2149580800,2133852160,2132803584,2150629376,2148532224,2131755008,2139357184,2140930048,2676202022
2127560704,2166358016,2160066560,2145386496,2130706432,2150629376,2147483648,2130706432,2149842944,2139881472,2676218023
2130706432,2156920832,2156920832,2138046464,2129657856,2146435072,2143289344,2125463552,2145648640,2136211456,2676234023
2119172096,2151677952,2147483648,2132803584,2126512128,2145386496,2142240768,2123366400,2137784320,2134376448,2676250022
2120220672,2147483648,2140143616,2130706432,2127560704,2145386496,2142240768,2124414976,2134638592,2134900736,2676266045
2126512128,2149580800,2154823680,2132803584,2130706432,2148532224,2145386496,2127560704,2140930048,2138046464,2676282045
2127560704,2151677952,2156920832,2135949312,2132803584,2149580800,2147483648,2131755008,2143027200,2140405760,2676298045
2131755008,2161115136,2156920832,2135949312,2131755008,2150629376,2147483648,2131755008,2146435072,2140405760,2676314045
2139095040,2141192192,2139095040,2119172096,2129657856,2147483648,2145386496,2127560704,2134638592,2137522176,2676330066
2121269248,2151677952,2147483648,2134900736,2127560704,2144337920,2143289344,2123366400,2138832896,2134638592,2676346066
2122317824,2155872256,2150629376,2129657856,2126512128,2145386496,2143289344,2123366400,2139619328,2134638592,2676362067
2136997888,2138046464,2134900736,2118123520,2129657856,2148532224,2145386496,2126512128,2132017152,2137522176,2676378065
2142240768,2154823680,2141192192,2128609280,2132803584,2149580800,2147483648,2130706432,2141716480,2140143616,2676394086
2132803584,2157969408,2155872256,2138046464,2131755008,2151677952,2148532224,2132803584,2146172928,2141192192,2676410087
2141192192,2151677952,2142240768,2124414976,2130706432,2148532224,2146435072,2128609280,2139881472,2138570752,2676426088
2131755008,2138046464,2138046464,2120220672,2127560704,2146435072,2142240768,2124414976,2132017152,2135162880,2676442085
2141192192,2144337920,2136997888,2123366400,2127560704,2144337920,2142240768,2122317824,2136473600,2134114304,2676458110
2119172096,2151677952,2147483648,2134900736,2128609280,2146435072,2144337920,2125463552,2138308608,2136211456,2676475001
2138046464,2138046464,2138046464,2121269248,2130706432,2150629376,2147483648,2131755008,2133852160,2140143616,2676491001
2139095040,2153775104,2153775104,2124414976,2131755008,2150629376,2148532224,2131755008,2142765056,2140667904,2676507001
2143289344,2146435072,2146435072,2122317824,2130706432,2149580800,2146435072,2129657856,2139619328,2139095040,2676523001
2122317824,2147483648,2149580800,2126512128,2128609280,2145386496,2144337920,2124414976,2136473600,2135687168,2676539024
2124414976,2157969408,2154823680,2130706432,2127560704,2145386496,2141192192,2123366400,2141978624,2134376448,2676555022
2117074944,2155872256,2143289344,2136997888,2128609280,2146435072,2143289344,2125463552,2138308608,2135949312,2676571023
2135949312,2146435072,2151677952,2121269248,2131755008,2149580800,2146435072,2128609280,2138832896,2139095040,2676587023
2138046464,2143289344,2140143616,2121269248,2132803584,2150629376,2148532224,2131755008,2135687168,2140930048,2676603047
2132803584,2142240768,2141192192,2127560704,2131755008,2148532224,2147483648,2129657856,2135949312,2139357184,2676619045
2123366400,2147483648,2153775104,2131755008,2128609280,2146435072,2144337920,2126512128,2139095040,2136473600,2676635044
2129657856,2138046464,2134900736,2117074944,2127560704,2144337920,2141192192,2122317824,2129920000,2133852160,2676651045
2123366400,2139095040,2133852160,2118123520,2128609280,2145386496,2142240768,2123366400,2128609280,2134900736,2676667069
2122317824,2150629376,2144337920,2133852160,2130706432,2148532224,2146435072,2128609280,2137784320,2138570752,2676683068
2136997888,2141192192,2141192192,2121269248,2131755008,2150629376,2147483648,2131755008,2135162880,2140405760,2676699066
2143289344,2151677952,2143289344,2128609280,2132803584,2149580800,2146435072,2130706432,2141716480,2139881472,2676715067
2124414976,2147483648,2145386496,2129657856,2129657856,2147483648,2144337920,2126512128,2136735744,2136997888,2676731089
2135949312,2141192192,2135949312,2119172096,2127560704,2144337920,2141192192,2123366400,2133065728,2134114304,2676747088
2119172096,2153775104,2143289344,2128609280,2127560704,2144337920,2142240768,2123366400,2136211456,2134376448,2676763085
2133852160,2139095040,2135949312,2116026368,2129657856,2146435072,2144337920,2125463552,2131230720,2136473600,2676779089
2128609280,2161115136,2159017984,2138046464,2132803584,2149580800,2148532224,2130706432,2146697216,2140405760,2676795110
2142240768,2143289344,2141192192,2123366400,2132803584,2149580800,2148532224,2130706432,2137522176,2140405760,2676811109
2124414976,2162163712,2155872256,2144337920,2129657856,2148532224,2146435072,2128609280,2146697216,2138308608,2676828001
2142240768,2140143616,2136997888,2118123520,2127560704,2146435072,2142240768,2123366400,2134376448,2134900736,2676844001
2120220672,2147483648,2140143616,2127560704,2127560704,2145386496,2141192192,2123366400,2133852160,2134376448,2676860001
2124414976,2155872256,2151677952,2131755008,2128609280,2146435072,2144337920,2126512128,2140930048,2136473600,2676876025
2146435072,2141192192,2139095040,2119172096,2131755008,2148532224,2146435072,2129657856,2136473600,2139095040,2676892022
2141192192,2142240768,2143289344,2125463552,2133852160,2150629376,2148532224,2131755008,2138046464,2141192192,2676908024
2132803584,2141192192,2139095040,2125463552,2131755008,2147483648,2146435072,2127560704,2134638592,2138308608,2676924023
2124414976,2159017984,2159017984,2136997888,2128609280,2145386496,2143289344,2124414976,2144862208,2135425024,2676940045
2120220672,2147483648,2142240768,2130706432,2126512128,2144337920,2141192192,2123366400,2135162880,2133852160,2676956045
2121269248,2154823680,2154823680,2131755008,2127560704,2146435072,2144337920,2125463552,2140667904,2135949312,2676972047
2134900736,2141192192,2138046464,2122317824,2131755008,2148532224,2146435072,2129657856,2134114304,2139095040,2676988045
2142240768,2143289344,2142240768,2124414976,2131755008,2150629376,2148532224,2132803584,2138046464,2140930048,2677004066
2135949312,2154823680,2157969408,2130706432,2131755008,2148532224,2147483648,2129657856,2144862208,2139357184,2677020065
2123366400,2149580800,2147483648,2132803584,2129657856,2145386496,2143289344,2125463552,2138308608,2135949312,2677036067
2120220672,2155872256,2143289344,2139095040,2127560704,2145386496,2141192192,2123366400,2139619328,2134376448,2677052068
2119172096,2152726528,2148532224,2133852160,2127560704,2146435072,2142240768,2125463552,2138570752,2135425024,2677068089
2135949312,2138046464,2138046464,2119172096,2130706432,2147483648,2145386496,2127560704,2132803584,2137784320,2677084086
2133852160,2154823680,2151677952,2135949312,2132803584,2151677952,2148532224,2132803584,2144075776,2141454336,2677100087
2124414976,2147483648,2147483648,2129657856,2130706432,2149580800,2147483648,2130706432,2137260032,2139619328,2677116089
2124414976,2155872256,2144337920,2139095040,2128609280,2147483648,2145386496,2126512128,2140930048,2136997888,2677132110
2136997888,2144337920,2136997888,2118123520,2128609280,2144337920,2141192192,2122317824,2134114304,2134114304,2677148107
2135949312,2136997888,2133852160,2113929216,2127560704,2145386496,2142240768,2124414976,2130182144,2134900736,2677165002
2131755008,2146435072,2146435072,2121269248,2129657856,2147483648,2145386496,2126512128,2136473600,2137260032,2677181001
2127560704,2164260864,2157969408,2143289344,2131755008,2150629376,2148532224,2130706432,2148270080,2140405760,2677197002
2141192192,2142240768,2141192192,2123366400,2132803584,2149580800,2147483648,2130706432,2136997888,2140143616,2677213002
2121269248,2152726528,2149580800,2139095040,2130706432,2147483648,2145386496,2127560704,2140667904,2137784320,2677229025
2121269248,2142240768,2144337920,2125463552,2127560704,2144337920,2142240768,2123366400,2133327872,2134376448,2677245025
2125463552,2140143616,2142240768,2118123520,2127560704,2144337920,2142240768,2122317824,2131492864,2134114304,2677261025
2123366400,2160066560,2153775104,2138046464,2128609280,2147483648,2144337920,2127560704,2143813632,2136997888,2677277024
2125463552,2146435072,2151677952,2129657856,2131755008,2150629376,2148532224,2130706432,2138308608,2140405760,2677293048
2139095040,2153775104,2154823680,2123366400,2131755008,2150629376,2149580800,2131755008,2142765056,2140930048,2677309048
2126512128,2147483648,2149580800,2131755008,2130706432,2148532224,2145386496,2128609280,2138832896,2138308608,2677325047
2135949312,2151677952,2143289344,2129657856,2129657856,2145386496,2142240768,2124414976,2140143616,2135425024,2677341048
2134900736,2153775104,2144337920,2126512128,2127560704,2144337920,2141192192,2122317824,2139881472,2133852160,2677357070
2136997888,2138046464,2133852160,2118123520,2128609280,2146435072,2144337920,2125463552,2131755008,2136211456,2677373072
2136997888,2139095040,2138046464,2119172096,2132803584,2149580800,2147483648,2129657856,2133327872,2139881472,2677389071
2133852160,2142240768,2140143616,2126512128,2132803584,2150629376,2147483648,2131755008,2135687168,2140667904,2677405068
2146435072,2145386496,2143289344,2124414976,2131755008,2148532224,2146435072,2129657856,2139881472,2139095040,2677421092
2122317824,2150629376,2145386496,2133852160,2127560704,2146435072,2143289344,2126512128,2138046464,2135949312,2677437090
2133852160,2135949312,2133852160,2117074944,2127560704,2145386496,2142240768,2123366400,2130182144,2134638592,2677453092
2124414976,2151677952,2156920832,2129657856,2128609280,2146435072,2143289344,2125463552,2140667904,2135949312,2677469092
2121269248,2157969408,2153775104,2139095040,2130706432,2148532224,2146435072,2129657856,2143027200,2138832896,2677485114
2127560704,2151677952,2152726528,2139095040,2132803584,2149580800,2148532224,2132803584,2142765056,2140930048,2677502003
2134900736,2160066560,2154823680,2135949312,2132803584,2150629376,2148532224,2130706432,2146435072,2140667904,2677518004
2124414976,2155872256,2152726528,2135949312,2129657856,2147483648,2144337920,2126512128,2142240768,2136997888,2677534003
2120220672,2155872256,2153775104,2134900736,2127560704,2145386496,2142240768,2123366400,2141192192,2134638592,2677550004
2119172096,2138046464,2139095040,2120220672,2127560704,2145386496,2142240768,2123366400,2129133568,2134638592,2677566027
2139095040,2139095040,2139095040,2117074944,2130706432,2148532224,2144337920,2127560704,2133590016,2137784320,2677582026
2127560704,2159017984,2159017984,2139095040,2132803584,2149580800,2148532224,2131755008,2146172928,2140667904,2677598027
2126512128,2147483648,2143289344,2129657856,2132803584,2149580800,2147483648,2130706432,2136735744,2140143616,2677614027
2125463552,2160066560,2161115136,2142240768,2128609280,2148532224,2145386496,2128609280,2147221504,2137784320,2677630048
2138046464,2140143616,2142240768,2118123520,2127560704,2145386496,2142240768,2123366400,2134638592,2134638592,2677646047
2131755008,2141192192,2132803584,2118123520,2127560704,2145386496,2142240768,2122317824,2130968576,2134376448,2677662047
2124414976,2155872256,2150629376,2131755008,2130706432,2147483648,2145386496,2126512128,2140667904,2137522176,2677678048
2129657856,2143289344,2139095040,2123366400,2131755008,2149580800,2148532224,2130706432,2133852160,2140143616,2677694069
2139095040,2160066560,2146435072,2134900736,2132803584,2150629376,2148532224,2131755008,2145124352,2140930048,2677710069
2124414976,2154823680,2154823680,2140143616,2130706432,2148532224,2146435072,2128609280,2143551488,2138570752,2677726069
2121269248,2157969408,2149580800,2141192192,2128609280,2145386496,2142240768,2124414976,2142502912,2135162880,2677742069
2120220672,2147483648,2150629376,2127560704,2127560704,2144337920,2141192192,2122317824,2136473600,2133852160,2677758089
2133852160,2150629376,2146435072,2121269248,2129657856,2146435072,2144337920,2125463552,2138046464,2136473600,2677774090
2131755008,2155872256,2150629376,2133852160,2130706432,2150629376,2147483648,2130706432,2143027200,2139881472,2677790088
2144337920,2151677952,2140143616,2125463552,2132803584,2150629376,2148532224,2131755008,2140405760,2140930048,2677806091
2139095040,2142240768,2140143616,2121269248,2131755008,2148532224,2147483648,2128609280,2135687168,2139095040,2677822113
2122317824,2148532224,2147483648,2131755008,2128609280,2146435072,2142240768,2124414976,2137522176,2135425024,2677838114
2131755008,2135949312,2134900736,2117074944,2127560704,2144337920,2141192192,2122317824,2129920000,2133852160,2677855004
2121269248,2155872256,2153775104,2135949312,2128609280,2147483648,2143289344,2125463552,2141716480,2136211456,2677871003
2140143616,2140143616,2141192192,2119172096,2130706432,2148532224,2146435072,2129657856,2135162880,2138832896,2677887004
2125463552,2164260864,2152726528,2145386496,2131755008,2149580800,2148532224,2131755008,2146959360,2140405760,2677903026
2128609280,2156920832,2154823680,2136997888,2130706432,2150629376,2147483648,2130706432,2144337920,2139881472,2677919026
2136997888,2152726528,2150629376,2125463552,2129657856,2146435072,2144337920,2124414976,2141454336,2136211456,2677935027
2133852160,2139095040,2134900736,2114977792,2127560704,2144337920,2141192192,2122317824,2130706432,2133852160,2677951026
2132803584,2144337920,2144337920,2118123520,2127560704,2145386496,2143289344,2124414976,2134900736,2135162880,2677967047
2140143616,2141192192,2136997888,2117074944,2130706432,2147483648,2145386496,2127560704,2133852160,2137784320,2677983048
2124414976,2151677952,2148532224,2135949312,2131755008,2149580800,2147483648,2130706432,2140143616,2139881472,2677999049
2123366400,2147483648,2143289344,2131755008,2131755008,2150629376,2148532224,2131755008,2136473600,2140667904,2678015048
2126512128,2160066560,2160066560,2138046464,2129657856,2148532224,2145386496,2127560704,2146172928,2137784320,2678031068
2139095040,2140143616,2141192192,2116026368,2127560704,2144337920,2141192192,2123366400,2134114304,2134114304,2678047071
2121269248,2140143616,2136997888,2122317824,2127560704,2145386496,2142240768,2123366400,2130182144,2134638592,2678063070
2119172096,2156920832,2149580800,2138046464,2130706432,2147483648,2145386496,2126512128,2140930048,2137522176,2678079070
2142240768,2143289344,2141192192,2122317824,2131755008,2150629376,2148532224,2131755008,2137260032,2140667904,2678095090
2144337920,2154823680,2141192192,2134900736,2132803584,2149580800,2147483648,2130706432,2143813632,2140143616,2678111091
2140143616,2145386496,2151677952,2126512128,2130706432,2148532224,2145386496,2128609280,2140930048,2138308608,2678127091
2139095040,2148532224,2135949312,2129657856,2127560704,2145386496,2143289344,2125463552,2138308608,2135425024,2678143091
2125463552,2133852160,2136997888,2116026368,2126512128,2145386496,2142240768,2123366400,2128084992,2134376448,2678159111
2131755008,2156920832,2146435072,2128609280,2128609280,2147483648,2144337920,2126512128,2140930048,2136735744,2678175110
2140143616,2152726528,2146435072,2134900736,2132803584,2149580800,2146435072,2130706432,2143551488,2139881472,2678192003
2125463552,2151677952,2147483648,2135949312,2131755008,2151677952,2148532224,2132803584,2140143616,2141192192,2678208003
2128609280,2159017984,2159017984,2138046464,2131755008,2148532224,2146435072,2128609280,2146172928,2138832896,2678224003
2122317824,2156920832,2152726528,2138046464,2128609280,2146435072,2143289344,2124414976,2142502912,2135687168,2678240004
2120220672,2154823680,2155872256,2135949312,2126512128,2145386496,2141192192,2123366400,2141716480,2134114304,2678256027
2134900736,2138046464,2142240768,2119172096,2127560704,2146435072,2144337920,2125463552,2133590016,2135949312,2678272027
2127560704,2156920832,2156920832,2133852160,2130706432,2149580800,2145386496,2129657856,2143813632,2138832896,2678288027
2140143616,2146435072,2154823680,2129657856,2131755008,2149580800,2148532224,2130706432,2142765056,2140143616,2678304026
2123366400,2147483648,2153775104,2131755008,2131755008,2148532224,2147483648,2129657856,2139095040,2139357184,2678320048
2141192192,2142240768,2139095040,2122317824,2129657856,2146435072,2143289344,2125463552,2136211456,2136211456,2678336047
2134900736,2150629376,2143289344,2125463552,2127560704,2144337920,2141192192,2122317824,2138570752,2133852160,2678352048
2120220672,2147483648,2147483648,2131755008,2128609280,2145386496,2142240768,2124414976,2136735744,2135162880,2678368046
2125463552,2141192192,2140143616,2122317824,2129657856,2148532224,2146435072,2128609280,2132279296,2138308608,2678384070
2124414976,2148532224,2147483648,2134900736,2131755008,2150629376,2148532224,2131755008,2138832896,2140667904,2678400071
2131755008,2163212288,2154823680,2136997888,2132803584,2149580800,2147483648,2130706432,2146697216,2140143616,2678416068
2126512128,2144337920,2142240768,2125463552,2129657856,2146435072,2145386496,2125463552,2134638592,2136735744,2678432068
2135949312,2146435072,2140143616,2120220672,2127560704,2145386496,2142240768,2123366400,2135687168,2134638592,2678448090
2138046464,2139095040,2134900736,2116026368,2127560704,2145386496,2142240768,2123366400,2132017152,2134638592,2678464090
2122317824,2143289344,2141192192,2124414976,2129657856,2147483648,2144337920,2126512128,2132803584,2136997888,2678480091
2132803584,2151677952,2154823680,2125463552,2131755008,2150629376,2148532224,2131755008,2141192192,2140667904,2678496089
2136997888,2157969408,2156920832,2132803584,2132803584,2149580800,2147483648,2131755008,2146172928,2140405760,2678512110
2145386496,2141192192,2139095040,2121269248,2130706432,2147483648,2144337920,2127560704,2136735744,2137522176,2678529001
2122317824,2143289344,2143289344,2126512128,2127560704,2145386496,2142240768,2124414976,2133852160,2134900736,2678545001
2134900736,2142240768,2138046464,2118123520,2127560704,2145386496,2142240768,2123366400,2133327872,2134638592,2678561001
2138046464,2138046464,2136997888,2118123520,2128609280,2147483648,2145386496,2126512128,2132803584,2136997888,2678577001
2123366400,2147483648,2140143616,2130706432,2131755008,2150629376,2147483648,2131755008,2135425024,2140405760,2678593027
2126512128,2147483648,2151677952,2130706432,2131755008,2150629376,2149580800,2131755008,2139095040,2140930048,2678609026
2127560704,2160066560,2161115136,2145386496,2129657856,2148532224,2147483648,2128609280,2148532224,2138570752,2678625026
2120220672,2152726528,2147483648,2135949312,2128609280,2145386496,2142240768,2124414976,2139095040,2135162880,2678641026
2136997888,2135949312,2134900736,2114977792,2127560704,2145386496,2141192192,2123366400,2130706432,2134376448,2678657048
2127560704,2149580800,2150629376,2127560704,2128609280,2146435072,2144337920,2125463552,2138832896,2136211456,2678673048
2124414976,2156920832,2156920832,2138046464,2131755008,2149580800,2147483648,2130706432,2144075776,2139881472,2678689047
2134900736,2155872256,2154823680,2129657856,2131755008,2150629376,2148532224,2130706432,2143813632,2140405760,2678705048
2143289344,2145386496,2146435072,2124414976,2131755008,2148532224,2146435072,2129657856,2139881472,2139095040,2678721068
2136997888,2143289344,2146435072,2120220672,2129657856,2146435072,2144337920,2125463552,2136735744,2136473600,2678737071
2136997888,2138046464,2134900736,2116026368,2127560704,2144337920,2141192192,2122317824,2131492864,2133852160,2678753069
2121269248,2140143616,2135949312,2120220672,2128609280,2144337920,2142240768,2124414976,2129395712,2134900736,2678769068
2130706432,2154823680,2152726528,2130706432,2131755008,2147483648,2145386496,2127560704,2142240768,2138046464,2678785090
2124414976,2164260864,2157969408,2140143616,2132803584,2150629376,2147483648,2131755008,2146697216,2140667904,2678801091
2125463552,2148532224,2147483648,2133852160,2131755008,2148532224,2147483648,2130706432,2138832896,2139619328,2678817092
2132803584,2144337920,2146435072,2124414976,2129657856,2146435072,2144337920,2126512128,2136997888,2136735744,2678833090
2133852160,2146435072,2146435072,2125463552,2127560704,2145386496,2141192192,2123366400,2138046464,2134376448,2678849112
2129657856,2139095040,2135949312,2118123520,2127560704,2145386496,2142240768,2123366400,2130706432,2134638592,2678865111
2125463552,2142240768,2138046464,2128609280,2130706432,2147483648,2145386496,2127560704,2133590016,2137784320,2678882000
2124414976,2168455168,2155872256,2143289344,2132803584,2150629376,2148532224,2131755008,2148007936,2140930048,2678898001
2132803584,2156920832,2161115136,2138046464,2131755008,2149580800,2148532224,2130706432,2147221504,2140143616,2678914001
2132803584,2159017984,2154823680,2133852160,2130706432,2147483648,2145386496,2127560704,2145124352,2137784320,2678930027
2138046464,2139095040,2136997888,2117074944,2128609280,2145386496,2141192192,2123366400,2132803584,2134638592,2678946026
2121269248,2138046464,2142240768,2121269248,2127560704,2144337920,2143289344,2123366400,2130706432,2134638592,2678962026
2120220672,2144337920,2136997888,2125463552,2129657856,2147483648,2145386496,2127560704,2131755008,2137522176,2678978026
2124414976,2160066560,2155872256,2143289344,2131755008,2149580800,2147483648,2130706432,2145910784,2139881472,2678994049
2132803584,2159017984,2160066560,2131755008,2131755008,2150629376,2147483648,2131755008,2145910784,2140405760,2679010047
2128609280,2160066560,2159017984,2141192192,2130706432,2149580800,2145386496,2128609280,2147221504,2138570752,2679026047
2126512128,2161115136,2154823680,2130706432,2127560704,2146435072,2142240768,2124414976,2143289344,2135162880,2679042048
2126512128,2153775104,2152726528,2125463552,2127560704,2145386496,2141192192,2123366400,2139619328,2134376448,2679058070
2126512128,2156920832,2150629376,2131755008,2128609280,2146435072,2143289344,2126512128,2141454336,2136211456,2679074067
2132803584,2143289344,2141192192,2122317824,2131755008,2149580800,2146435072,2130706432,2134900736,2139619328,2679090068
2143289344,2146435072,2144337920,2126512128,2132803584,2150629376,2148532224,2131755008,2140143616,2140930048,2679106070
2141192192,2152726528,2146435072,2132803584,2131755008,2148532224,2146435072,2129657856,2143289344,2139095040,2679122091
2134900736,2140143616,2138046464,2119172096,2128609280,2145386496,2143289344,2124414976,2133065728,2135425024,2679138088
2129657856,2146435072,2150629376,2114977792,2126512128,2144337920,2142240768,2123366400,2135425024,2134114304,2679154092
2134900736,2152726528,2144337920,2125463552,2127560704,2146435072,2143289344,2124414976,2139357184,2135425024,2679170089
2130706432,2156920832,2152726528,2133852160,2129657856,2149580800,2146435072,2129657856,2143551488,2138832896,2679186111
2126512128,2150629376,2154823680,2136997888,2131755008,2151677952,2148532224,2132803584,2142240768,2141192192,2679202112
2139095040,2152726528,2152726528,2131755008,2132803584,2148532224,2146435072,2129657856,2144075776,2139357184,2679219001
2122317824,2147483648,2138046464,2129657856,2129657856,2147483648,2143289344,2126512128,2134376448,2136735744,2679235001
2120220672,2150629376,2150629376,2132803584,2127560704,2145386496,2142240768,2123366400,2138570752,2134638592,2679251001
2119172096,2151677952,2147483648,2134900736,2128609280,2145386496,2142240768,2123366400,2138308608,2134900736,2679267001
2136997888,2142240768,2139095040,2122317824,2130706432,2147483648,2145386496,2128609280,2135162880,2138046464,2679283025
2142240768,2142240768,2144337920,2124414976,2132803584,2150629376,2149580800,2131755008,2138308608,2141192192,2679299026
2127560704,2163212288,2163212288,2141192192,2131755008,2149580800,2148532224,2130706432,2148794368,2140143616,2679315026
2129657856,2143289344,2140143616,2126512128,2129657856,2147483648,2144337920,2126512128,2134900736,2136997888,2679331025
2122317824,2150629376,2152726528,2131755008,2128609280,2145386496,2141192192,2123366400,2139357184,2134638592,2679347047
2119172096,2145386496,2132803584,2128609280,2126512128,2146435072,2141192192,2124414976,2131492864,2134638592,2679363049
2139095040,2140143616,2136997888,2117074944,2129657856,2148532224,2145386496,2127560704,2133327872,2137784320,2679379048
2127560704,2145386496,2141192192,2130706432,2132803584,2148532224,2147483648,2130706432,2136211456,2139881472,2679395049
2135949312,2143289344,2140143616,2124414976,2132803584,2149580800,2148532224,2130706432,2135949312,2140405760,2679411069
2144337920,2143289344,2145386496,2122317824,2129657856,2147483648,2146435072,2128609280,2138832896,2138046464,2679427070
2121269248,2149580800,2147483648,2132803584,2128609280,2145386496,2142240768,2123366400,2137784320,2134900736,2679443069
2124414976,2155872256,2155872256,2130706432,2127560704,2145386496,2142240768,2122317824,2141716480,2134376448,2679459069
2138046464,2139095040,2133852160,2116026368,2129657856,2146435072,2143289344,2126512128,2131755008,2136473600,2679475090
2145386496,2142240768,2140143616,2119172096,2131755008,2149580800,2147483648,2129657856,2136735744,2139619328,2679491091
2134900736,2161115136,2154823680,2140143616,2132803584,2150629376,2147483648,2131755008,2147745792,2140667904,2679507092
2143289344,2146435072,2144337920,2129657856,2130706432,2148532224,2147483648,2129657856,2140930048,2139095040,2679523089
2128609280,2144337920,2136997888,2124414976,2128609280,2145386496,2142240768,2124414976,2133590016,2135162880,2679539111
2135949312,2135949312,2133852160,2116026368,2127560704,2145386496,2141192192,2123366400,2130444288,2134376448,2679556001
2132803584,2150629376,2146435072,2129657856,2127560704,2146435072,2144337920,2126512128,2139881472,2136211456,2679572001
2143289344,2144337920,2140143616,2120220672,2130706432,2149580800,2146435072,2129657856,2136997888,2139095040,2679588001
2139095040,2153775104,2153775104,2129657856,2132803584,2150629376,2148532224,2130706432,2144075776,2140667904,2679604001
2124414976,2147483648,2144337920,2129657856,2132803584,2148532224,2146435072,2128609280,2136473600,2139095040,2679620026
2126512128,2156920832,2160066560,2139095040,2129657856,2145386496,2142240768,2125463552,2145648640,2135687168,2679636025
2119172096,2145386496,2139095040,2126512128,2126512128,2144337920,2141192192,2122317824,2132541440,2133590016,2679652024
2118123520,2154823680,2147483648,2138046464,2128609280,2145386496,2143289344,2124414976,2139619328,2135425024,2679668027
2134900736,2139095040,2139095040,2117074944,2130706432,2147483648,2146435072,2127560704,2132541440,2138046464,2679684049
2134900736,2142240768,2152726528,2125463552,2133852160,2149580800,2147483648,2131755008,2138832896,2140667904,2679700049
2129657856,2147483648,2142240768,2126512128,2131755008,2149580800,2148532224,2130706432,2136473600,2140143616,2679716046
2143289344,2141192192,2139095040,2119172096,2129657856,2147483648,2144337920,2126512128,2135687168,2136997888,2679732047
2141192192,2138046464,2135949312,2118123520,2128609280,2144337920,2141192192,2122317824,2133327872,2134114304,2679748071
2120220672,2147483648,2141192192,2129657856,2128609280,2145386496,2141192192,2124414976,2134638592,2134900736,2679764069
2120220672,2155872256,2153775104,2135949312,2129657856,2147483648,2145386496,2127560704,2141454336,2137522176,2679780068
2125463552,2149580800,2145386496,2134900736,2131755008,2150629376,2147483648,2131755008,2138832896,2140405760,2679796069
2127560704,2148532224,2159017984,2132803584,2132803584,2149580800,2148532224,2130706432,2141978624,2140405760,2679812091
2143289344,2146435072,2140143616,2121269248,2131755008,2147483648,2145386496,2127560704,2137784320,2138046464,2679828091
2129657856,2152726528,2152726528,2133852160,2128609280,2144337920,2142240768,2123366400,2142240768,2134638592,2679844089
2133852160,2135949312,2134900736,2116026368,2127560704,2145386496,2142240768,2123366400,2130182144,2134638592,2679860089
2122317824,2143289344,2134900736,2122317824,2129657856,2146435072,2144337920,2125463552,2130706432,2136473600,2679876112
2134900736,2141192192,2139095040,2122317824,2132803584,2148532224,2146435072,2129657856,2134376448,2139357184,2679892113
2134900736,2146435072,2162163712,2125463552,2132803584,2150629376,2149580800,2131755008,2142240768,2141192192,2679909000
2142240768,2143289344,2140143616,2123366400,2130706432,2148532224,2146435072,2128609280,2137260032,2138570752,2679925001
2136997888,2153775104,2146435072,2130706432,2128609280,2145386496,2142240768,2124414976,2141978624,2135162880,2679941001
2125463552,2139095040,2139095040,2118123520,2127560704,2144337920,2142240768,2123366400,2130444288,2134376448,2679957027
2125463552,2154823680,2156920832,2127560704,2128609280,2145386496,2144337920,2124414976,2141192192,2135687168,2679973025
2128609280,2156920832,2159017984,2133852160,2131755008,2148532224,2146435072,2129657856,2144600064,2139095040,2679989027
2135949312,2141192192,2140143616,2123366400,2132803584,2150629376,2147483648,2131755008,2135162880,2140667904,2680005028
2144337920,2144337920,2144337920,2122317824,2131755008,2149580800,2147483648,2129657856,2138832896,2139619328,2680021048
2121269248,2155872256,2148532224,2139095040,2128609280,2146435072,2143289344,2125463552,2141192192,2135949312,2680037048
2135949312,2142240768,2140143616,2117074944,2126512128,2145386496,2143289344,2123366400,2133852160,2134638592,2680053049
2120220672,2150629376,2142240768,2135949312,2128609280,2145386496,2142240768,2124414976,2137260032,2135162880,2680069049
2123366400,2145386496,2139095040,2126512128,2130706432,2147483648,2146435072,2128609280,2133590016,2138308608,2680085070
2125463552,2166358016,2153775104,2143289344,2132803584,2150629376,2148532224,2131755008,2147221504,2140930048,2680101068
2126512128,2149580800,2147483648,2133852160,2131755008,2149580800,2147483648,2130706432,2139357184,2139881472,2680117070
2138046464,2141192192,2139095040,2121269248,2129657856,2146435072,2144337920,2126512128,2134900736,2136735744,2680133069
2140143616,2142240768,2136997888,2118123520,2127560704,2144337920,2142240768,2122317824,2134376448,2134114304,2680149090
2127560704,2153775104,2146435072,2127560704,2127560704,2145386496,2142240768,2123366400,2138832896,2134638592,2680165089
2133852160,2140143616,2136997888,2122317824,2130706432,2146435072,2145386496,2126512128,2133327872,2137260032,2680181093
2124414976,2154823680,2147483648,2140143616,2132803584,2149580800,2147483648,2130706432,2141716480,2140143616,2680197091
2124414976,2154823680,2153775104,2141192192,2131755008,2150629376,2147483648,2132803584,2143551488,2140667904,2680213113
2144337920,2140143616,2140143616,2121269248,2129657856,2148532224,2145386496,2127560704,2136473600,2137784320,2680229108
2122317824,2157969408,2150629376,2131755008,2127560704,2146435072,2142240768,2124414976,2140667904,2135162880,2680246001
2124414976,2152726528,2148532224,2123366400,2127560704,2145386496,2142240768,2123366400,2137260032,2134638592,2680262001
2119172096,2147483648,2143289344,2130706432,2129657856,2146435072,2144337920,2126512128,2135162880,2136735744,2680278001
2134900736,2154823680,2151677952,2129657856,2132803584,2150629376,2147483648,2130706432,2142765056,2140405760,2680294001
2125463552,2155872256,2155872256,2139095040,2132803584,2150629376,2149580800,2131755008,2144075776,2141192192,2680310024
2128609280,2159017984,2160066560,2136997888,2130706432,2148532224,2145386496,2128609280,2146172928,2138308608,2680326024
2127560704,2155872256,2153775104,2129657856,2127560704,2145386496,2143289344,2123366400,2141716480,2134900736,2680342023
2123366400,2139095040,2141192192,2116026368,2126512128,2144337920,2142240768,2123366400,2129920000,2134114304,2680358023
2124414976,2151677952,2155872256,2132803584,2128609280,2146435072,2143289344,2125463552,2141192192,2135949312,2680374047
2145386496,2143289344,2141192192,2122317824,2130706432,2149580800,2147483648,2130706432,2138046464,2139619328,2680390047
2126512128,2144337920,2140143616,2127560704,2131755008,2151677952,2149580800,2132803584,2134638592,2141454336,2680406048
2142240768,2143289344,2141192192,2124414976,2131755008,2149580800,2146435072,2129657856,2137784320,2139357184,2680422048
2135949312,2141192192,2136997888,2122317824,2127560704,2146435072,2143289344,2125463552,2134114304,2135687168,2680438070
2124414976,2157969408,2153775104,2131755008,2126512128,2145386496,2142240768,2123366400,2141978624,2134376448,2680454069
2120220672,2153775104,2155872256,2128609280,2128609280,2146435072,2143289344,2124414976,2139619328,2135687168,2680470070
2122317824,2162163712,2155872256,2134900736,2130706432,2149580800,2146435072,2129657856,2143813632,2139095040,2680486068
2125463552,2166358016,2155872256,2139095040,2132803584,2150629376,2148532224,2131755008,2146697216,2140930048,2680502092
2126512128,2167406592,2155872256,2143289344,2131755008,2149580800,2148532224,2129657856,2148270080,2139881472,2680518091
2125463552,2147483648,2140143616,2130706432,2129657856,2147483648,2144337920,2126512128,2135949312,2136997888,2680534092
2127560704,2138046464,2136997888,2117074944,2127560704,2143289344,2142240768,2121269248,2129920000,2133590016,2680550092
2122317824,2138046464,2141192192,2121269248,2127560704,2146435072,2142240768,2124414976,2130706432,2135162880,2680566112
2126512128,2154823680,2153775104,2129657856,2129657856,2148532224,2145386496,2128609280,2141192192,2138046464,2680583001
2125463552,2147483648,2148532224,2131755008,2132803584,2150629376,2148532224,2131755008,2138308608,2140930048,2680599001
2126512128,2146435072,2143289344,2131755008,2131755008,2149580800,2148532224,2130706432,2136997888,2140143616,2680615001
2136997888,2159017984,2145386496,2132803584,2129657856,2147483648,2144337920,2127560704,2143551488,2137260032,2680631001
2121269248,2148532224,2149580800,2131755008,2127560704,2145386496,2142240768,2124414976,2137784320,2134900736,2680647025
2132803584,2138046464,2133852160,2117074944,2127560704,2145386496,2142240768,2123366400,2130444288,2134638592,2680663024
2124414976,2155872256,2157969408,2135949312,2129657856,2147483648,2144337920,2127560704,2143551488,2137260032,2680679024
2121269248,2154823680,2144337920,2141192192,2132803584,2149580800,2148532224,2129657856,2140405760,2140143616,2680695024
2138046464,2143289344,2144337920,2123366400,2132803584,2150629376,2147483648,2131755008,2137260032,2140667904,2680711048
2140143616,2153775104,2140143616,2125463552,2129657856,2148532224,2145386496,2128609280,2139881472,2138046464,2680727048
2122317824,2162163712,2153775104,2134900736,2127560704,2145386496,2142240768,2124414976,2143289344,2134900736,2680743047
2123366400,2154823680,2154823680,2125463552,2127560704,2144337920,2142240768,2123366400,2139619328,2134376448,2680759047
2124414976,2157969408,2154823680,2134900736,2128609280,2147483648,2143289344,2126512128,2143027200,2136473600,2680775071
2122317824,2144337920,2147483648,2125463552,2131755008,2149580800,2146435072,2130706432,2134900736,2139619328,2680791070
2139095040,2152726528,2150629376,2129657856,2132803584,2150629376,2148532224,2131755008,2143027200,2140930048,2680807069
2123366400,2153775104,2149580800,2138046464,2130706432,2149580800,2147483648,2129657856,2141192192,2139357184,2680823070
2123366400,2143289344,2147483648,2124414976,2128609280,2145386496,2143289344,2124414976,2134638592,2135425024,2680839089
2134900736,2135949312,2135949312,2114977792,2127560704,2145386496,2141192192,2123366400,2130444288,2134376448,2680855091
2122317824,2151677952,2153775104,2134900736,2127560704,2145386496,2143289344,2124414976,2140667904,2135162880,2680871089
2131755008,2154823680,2154823680,2134900736,2131755008,2148532224,2146435072,2129657856,2144075776,2139095040,2680887090
2133852160,2143289344,2145386496,2123366400,2132803584,2149580800,2148532224,2130706432,2136473600,2140405760,2680903111
2141192192,2146435072,2146435072,2125463552,2131755008,2150629376,2148532224,2130706432,2139881472,2140405760,2680919112
2125463552,2156920832,2159017984,2136997888,2128609280,2146435072,2144337920,2125463552,2144600064,2136211456,2680936001
2123366400,2157969408,2153775104,2133852160,2126512128,2145386496,2142240768,2123366400,2142240768,2134376448,2680952001
2119172096,2156920832,2141192192,2136997888,2127560704,2145386496,2143289344,2124414976,2138570752,2135162880,2680968001
2133852160,2138046464,2139095040,2120220672,2130706432,2148532224,2146435072,2128609280,2132803584,2138570752,2680984022
2125463552,2151677952,2152726528,2135949312,2132803584,2149580800,2148532224,2131755008,2141454336,2140667904,2681000024
2125463552,2146435072,2145386496,2129657856,2131755008,2150629376,2149580800,2130706432,2136735744,2140667904,2681016024
2126512128,2162163712,2159017984,2140143616,2129657856,2147483648,2144337920,2127560704,2146959360,2137260032,2681032023
2122317824,2138046464,2136997888,2121269248,2126512128,2144337920,2141192192,2122317824,2129657856,2133590016,2681048047
2121269248,2139095040,2138046464,2119172096,2127560704,2145386496,2142240768,2124414976,2129395712,2134900736,2681064048
2129657856,2138046464,2134900736,2120220672,2130706432,2147483648,2145386496,2126512128,2130706432,2137522176,2681080047
2140143616,2142240768,2140143616,2124414976,2132803584,2149580800,2147483648,2130706432,2136735744,2140143616,2681096047
2135949312,2144337920,2141192192,2128609280,2133852160,2148532224,2147483648,2129657856,2137522176,2139881472,2681112069
2139095040,2140143616,2139095040,2121269248,2129657856,2147483648,2145386496,2127560704,2134900736,2137522176,2681128068
2122317824,2153775104,2149580800,2134900736,2127560704,2144337920,2142240768,2123366400,2140143616,2134376448,2681144068
2135949312,2146435072,2133852160,2118123520,2126512128,2145386496,2142240768,2123366400,2133590016,2134376448,2681160069
2126512128,2157969408,2150629376,2131755008,2129657856,2147483648,2144337920,2126512128,2141716480,2136997888,2681176089
2134900736,2154823680,2152726528,2125463552,2130706432,2150629376,2147483648,2130706432,2141978624,2139881472,2681192088
2141192192,2142240768,2142240768,2123366400,2132803584,2150629376,2148532224,2130706432,2137260032,2140667904,2681208089
2144337920,2145386496,2140143616,2124414976,2130706432,2148532224,2146435072,2128609280,2138570752,2138570752,2681224092
2123366400,2161115136,2157969408,2141192192,2128609280,2146435072,2143289344,2125463552,2145910784,2135949312,2681240113
2127560704,2138046464,2133852160,2114977792,2127560704,2144337920,2141192192,2123366400,2128609280,2134114304,2681256111
2124414976,2157969408,2154823680,2136997888,2128609280,2146435072,2143289344,2125463552,2143551488,2135949312,2681273001
2123366400,2142240768,2139095040,2125463552,2131755008,2149580800,2146435072,2130706432,2132541440,2139619328,2681289001
2139095040,2145386496,2141192192,2126512128,2132803584,2149580800,2147483648,2131755008,2138046464,2140405760,2681305001
2124414976,2165309440,2151677952,2144337920,2131755008,2149580800,2147483648,2129657856,2146435072,2139619328,2681321001
2123366400,2147483648,2147483648,2131755008,2128609280,2145386496,2144337920,2124414976,2137522176,2135687168,2681337024
2129657856,2138046464,2133852160,2119172096,2126512128,2146435072,2142240768,2123366400,2130182144,2134638592,2681353023
2129657856,2139095040,2135949312,2118123520,2128609280,2145386496,2142240768,2124414976,2130706432,2135162880,2681369025
2122317824,2152726528,2148532224,2136997888,2130706432,2149580800,2147483648,2129657856,2140143616,2139357184,2681385022
2135949312,2142240768,2146435072,2126512128,2132803584,2149580800,2148532224,2131755008,2137784320,2140667904,2681401048
2140143616,2144337920,2142240768,2127560704,2131755008,2150629376,2147483648,2131755008,2138570752,2140405760,2681417047
2143289344,2146435072,2146435072,2123366400,2128609280,2146435072,2144337920,2126512128,2139881472,2136473600,2681433048
2128609280,2156920832,2153775104,2131755008,2127560704,2145386496,2142240768,2123366400,2142765056,2134638592,2681449046
2121269248,2147483648,2152726528,2126512128,2127560704,2144337920,2142240768,2123366400,2136997888,2134376448,2681465071
2138046464,2143289344,2146435072,2120220672,2129657856,2148532224,2145386496,2128609280,2136997888,2138046464,2681481070
2143289344,2145386496,2140143616,2123366400,2132803584,2150629376,2148532224,2130706432,2138046464,2140667904,2681497071
2130706432,2159017984,2159017984,2138046464,2131755008,2150629376,2148532224,2131755008,2146697216,2140667904,2681513069
2124414976,2150629376,2150629376,2135949312,2129657856,2148532224,2145386496,2128609280,2140405760,2138046464,2681529089
2121269248,2140143616,2147483648,2121269248,2127560704,2145386496,2142240768,2123366400,2132541440,2134638592,2681545092
2122317824,2147483648,2151677952,2126512128,2127560704,2144337920,2141192192,2123366400,2136997888,2134114304,2681561094
2138046464,2141192192,2135949312,2118123520,2129657856,2147483648,2144337920,2126512128,2133327872,2136997888,2681577088
2124414976,2150629376,2149580800,2135949312,2131755008,2149580800,2148532224,2130706432,2140143616,2140143616,2681593112
2133852160,2154823680,2154823680,2126512128,2131755008,2150629376,2148532224,2131755008,2142502912,2140667904,2681610001
2141192192,2144337920,2141192192,2125463552,2130706432,2147483648,2146435072,2127560704,2138046464,2138046464,2681626001
2138046464,2145386496,2138046464,2121269248,2128609280,2144337920,2142240768,2123366400,2135687168,2134638592,2681642001
2120220672,2141192192,2142240768,2124414976,2127560704,2144337920,2141192192,2122317824,2132017152,2133852160,2681658001
2127560704,2151677952,2146435072,2125463552,2128609280,2146435072,2144337920,2125463552,2137784320,2136211456,2681674023
2130706432,2146435072,2159017984,2121269248,2131755008,2149580800,2147483648,2130706432,2139357184,2139881472,2681690024
2125463552,2152726528,2147483648,2139095040,2132803584,2151677952,2147483648,2132803584,2141192192,2141192192,2681706024
2145386496,2146435072,2140143616,2126512128,2130706432,2149580800,2146435072,2130706432,2139619328,2139357184,2681722022
2125463552,2159017984,2156920832,2138046464,2128609280,2146435072,2143289344,2125463552,2144862208,2135949312,2681738049
2120220672,2150629376,2151677952,2131755008,2127560704,2144337920,2141192192,2122317824,2138570752,2133852160,2681754051
2123366400,2140143616,2136997888,2122317824,2128609280,2145386496,2143289344,2124414976,2130706432,2135425024,2681770044
2140143616,2140143616,2138046464,2120220672,2130706432,2149580800,2147483648,2129657856,2134638592,2139357184,2681786045
2126512128,2151677952,2152726528,2138046464,2132803584,2149580800,2148532224,2131755008,2142240768,2140667904,2681802070
2129657856,2147483648,2144337920,2131755008,2131755008,2149580800,2147483648,2130706432,2138308608,2139881472,2681818069
2135949312,2141192192,2139095040,2120220672,2129657856,2147483648,2143289344,2126512128,2134114304,2136735744,2681834068
2119172096,2155872256,2145386496,2134900736,2127560704,2144337920,2142240768,2122317824,2138832896,2134114304,2681850069
2139095040,2143289344,2145386496,2114977792,2128609280,2145386496,2142240768,2123366400,2135687168,2134900736,2681866090
2135949312,2151677952,2144337920,2121269248,2129657856,2149580800,2146435072,2128609280,2138308608,2138570752,2681882091
2131755008,2146435072,2141192192,2123366400,2132803584,2150629376,2148532224,2131755008,2135687168,2140930048,2681898089
2136997888,2145386496,2143289344,2126512128,2131755008,2150629376,2147483648,2131755008,2138046464,2140405760,2681914091
2125463552,2151677952,2157969408,2134900736,2129657856,2146435072,2145386496,2126512128,2142502912,2136997888,2681930113
2132803584,2150629376,2144337920,2127560704,2128609280,2144337920,2141192192,2123366400,2138832896,2134376448,2681946112
2124414976,2157969408,2152726528,2130706432,2126512128,2146435072,2142240768,2124414976,2141454336,2134900736,2681963001
2130706432,2139095040,2138046464,2118123520,2129657856,2148532224,2144337920,2127560704,2131492864,2137522176,2681979001
2138046464,2152726528,2153775104,2128609280,2132803584,2150629376,2148532224,2130706432,2143289344,2140667904,2681995001
2131755008,2142240768,2144337920,2127560704,2132803584,2150629376,2148532224,2131755008,2136473600,2140930048,2682011023
2140143616,2154823680,2146435072,2134900736,2130706432,2147483648,2144337920,2127560704,2144075776,2137522176,2682027024
2123366400,2139095040,2139095040,2122317824,2126512128,2146435072,2142240768,2125463552,2130968576,2135162880,2682043023
2141192192,2139095040,2134900736,2116026368,2127560704,2144337920,2142240768,2122317824,2132803584,2134114304,2682059026
2141192192,2145386496,2141192192,2117074944,2128609280,2147483648,2144337920,2126512128,2136211456,2136735744,2682075045
2140143616,2140143616,2138046464,2121269248,2131755008,2148532224,2146435072,2129657856,2134900736,2139095040,2682091046
2141192192,2154823680,2146435072,2131755008,2133852160,2149580800,2148532224,2131755008,2143551488,2140930048,2682107046
2125463552,2148532224,2147483648,2135949312,2130706432,2148532224,2146435072,2128609280,2139357184,2138570752,2682123047
2125463552,2162163712,2153775104,2132803584,2127560704,2147483648,2143289344,2125463552,2143551488,2135949312,2682139071
2120220672,2155872256,2152726528,2139095040,2127560704,2145386496,2141192192,2123366400,2141978624,2134376448,2682155069
2120220672,2147483648,2151677952,2127560704,2128609280,2146435072,2143289344,2125463552,2136735744,2135949312,2682171069
2125463552,2160066560,2155872256,2141192192,2130706432,2149580800,2146435072,2129657856,2145648640,2139095040,2682187070
2135949312,2161115136,2146435072,2131755008,2132803584,2150629376,2147483648,2131755008,2143813632,2140667904,2682203093
2123366400,2149580800,2144337920,2132803584,2131755008,2148532224,2147483648,2129657856,2137522176,2139357184,2682219089
2135949312,2140143616,2141192192,2121269248,2128609280,2146435072,2144337920,2126512128,2134638592,2136473600,2682235092
2128609280,2143289344,2149580800,2118123520,2126512128,2145386496,2142240768,2123366400,2134900736,2134376448,2682251090
2136997888,2144337920,2133852160,2114977792,2128609280,2145386496,2143289344,2123366400,2132541440,2135162880,2682267112
2140143616,2138046464,2135949312,2118123520,2130706432,2147483648,2145386496,2127560704,2133065728,2137784320,2682283111
2126512128,2150629376,2148532224,2138046464,2132803584,2150629376,2148532224,2131755008,2140930048,2140930048,2682300001
2124414976,2164260864,2145386496,2147483648,2131755008,2149580800,2148532224,2130706432,2145386496,2140143616,2682316001
2141192192,2140143616,2140143616,2121269248,2129657856,2146435072,2145386496,2126512128,2135687168,2136997888,2682332001
2135949312,2142240768,2138046464,2119172096,2127560704,2145386496,2141192192,2123366400,2133852160,2134376448,2682348000
2122317824,2141192192,2136997888,2126512128,2127560704,2145386496,2142240768,2123366400,2131755008,2134638592,2682364024
2131755008,2156920832,2150629376,2131755008,2130706432,2147483648,2145386496,2127560704,2142765056,2137784320,2682380024
2140143616,2145386496,2143289344,2122317824,2131755008,2150629376,2147483648,2131755008,2137784320,2140405760,2682396024
2141192192,2146435072,2142240768,2126512128,2131755008,2149580800,2148532224,2130706432,2139095040,2140143616,2682412024
2143289344,2144337920,2146435072,2123366400,2130706432,2148532224,2146435072,2127560704,2139357184,2138308608,2682428046
2141192192,2135949312,2139095040,2117074944,2127560704,2145386496,2143289344,2124414976,2133327872,2135162880,2682444048
2122317824,2147483648,2152726528,2128609280,2127560704,2145386496,2142240768,2123366400,2137784320,2134638592,2682460045
2120220672,2151677952,2147483648,2132803584,2129657856,2147483648,2143289344,2126512128,2138046464,2136735744,2682476045
2123366400,2157969408,2155872256,2143289344,2131755008,2149580800,2148532224,2130706432,2145124352,2140143616,2682492068
2126512128,2150629376,2143289344,2135949312,2132803584,2150629376,2148532224,2131755008,2139095040,2140930048,2682508069
2141192192,2144337920,2146435072,2124414976,2130706432,2148532224,2146435072,2128609280,2139095040,2138570752,2682524069
2122317824,2149580800,2147483648,2130706432,2128609280,2145386496,2142240768,2123366400,2137522176,2134900736,2682540069
2135949312,2144337920,2134900736,2116026368,2126512128,2145386496,2142240768,2123366400,2132803584,2134376448,2682556092
2134900736,2142240768,2145386496,2119172096,2129657856,2146435072,2143289344,2125463552,2135425024,2136211456,2682572091
2129657856,2143289344,2142240768,2122317824,2131755008,2148532224,2146435072,2128609280,2134376448,2138832896,2682588089
2139095040,2153775104,2151677952,2133852160,2132803584,2150629376,2149580800,2131755008,2144600064,2141192192,2682604088
2134900736,2146435072,2152726528,2127560704,2130706432,2149580800,2147483648,2130706432,2140405760,2139619328,2682620112
2122317824,2149580800,2152726528,2132803584,2129657856,2146435072,2144337920,2124414976,2139357184,2136211456,2682637001
2121269248,2159017984,2149580800,2139095040,2127560704,2145386496,2141192192,2122317824,2142240768,2134114304,2682653001
2127560704,2136997888,2138046464,2117074944,2129657856,2145386496,2143289344,2124414976,2129920000,2135687168,2682669001
2124414976,2143289344,2145386496,2123366400,2130706432,2148532224,2146435072,2128609280,2134114304,2138570752,2682685001
2125463552,2147483648,2140143616,2129657856,2132803584,2150629376,2148532224,2131755008,2135687168,2140930048,2682701024
2124414976,2166358016,2155872256,2143289344,2132803584,2149580800,2148532224,2130706432,2147483648,2140405760,2682717025
2134900736,2157969408,2146435072,2132803584,2129657856,2146435072,2144337920,2126512128,2143027200,2136735744,2682733023
2130706432,2152726528,2150629376,2129657856,2127560704,2144337920,2142240768,2122317824,2140930048,2134114304,2682749024
2141192192,2140143616,2139095040,2113929216,2128609280,2145386496,2142240768,2123366400,2133590016,2134900736,2682765045
2120220672,2148532224,2141192192,2131755008,2129657856,2147483648,2145386496,2128609280,2135425024,2137784320,2682781045
2134900736,2159017984,2151677952,2136997888,2131755008,2150629376,2148532224,2131755008,2145648640,2140667904,2682797046
2140143616,2143289344,2142240768,2126512128,2132803584,2150629376,2148532224,2131755008,2138046464,2140930048,2682813045
2127560704,2157969408,2160066560,2141192192,2129657856,2147483648,2145386496,2127560704,2146697216,2137522176,2682829072
2140143616,2141192192,2135949312,2118123520,2128609280,2145386496,2142240768,2123366400,2133852160,2134900736,2682845069
2119172096,2147483648,2141192192,2127560704,2127560704,2145386496,2143289344,2123366400,2133852160,2134900736,2682861069
2138046464,2138046464,2146435072,2118123520,2128609280,2147483648,2145386496,2126512128,2135162880,2136997888,2682877069
2129657856,2143289344,2141192192,2123366400,2131755008,2149580800,2147483648,2130706432,2134376448,2139881472,2682893091
2141192192,2142240768,2142240768,2125463552,2132803584,2150629376,2149580800,2131755008,2137784320,2141192192,2682909091
2139095040,2150629376,2146435072,2127560704,2130706432,2148532224,2146435072,2128609280,2140930048,2138570752,2682925089
2122317824,2160066560,2155872256,2133852160,2128609280,2146435072,2143289344,2124414976,2143027200,2135687168,2682941090
2129657856,2152726528,2148532224,2121269248,2127560704,2144337920,2142240768,2122317824,2138046464,2134114304,2682957113
2123366400,2140143616,2138046464,2122317824,2128609280,2146435072,2144337920,2125463552,2130968576,2136211456,2682973113
2130706432,2159017984,2153775104,2141192192,2131755008,2149580800,2147483648,2130706432,2146172928,2139881472,2682990001
2141192192,2156920832,2144337920,2133852160,2131755008,2151677952,2148532224,2131755008,2144075776,2140930048,2683006001
2123366400,2150629376,2148532224,2135949312,2131755008,2149580800,2146435072,2130706432,2139619328,2139619328,2683022001
2136997888,2140143616,2136997888,2121269248,2128609280,2146435072,2143289344,2125463552,2133852160,2135949312,2683038023
2120220672,2153775104,2145386496,2136997888,2127560704,2144337920,2141192192,2122317824,2139095040,2133852160,2683054022
2140143616,2135949312,2135949312,2114977792,2127560704,2146435072,2144337920,2125463552,2131755008,2135949312,2683070023
2124414976,2142240768,2144337920,2129657856,2130706432,2148532224,2147483648,2129657856,2135162880,2139095040,2683086024
2128609280,2157969408,2160066560,2135949312,2132803584,2150629376,2147483648,2131755008,2145648640,2140667904,2683102046
2125463552,2147483648,2147483648,2131755008,2132803584,2149580800,2147483648,2129657856,2138046464,2139881472,2683118044
2123366400,2159017984,2156920832,2141192192,2129657856,2147483648,2144337920,2126512128,2145124352,2136997888,2683134045
2134900736,2150629376,2146435072,2128609280,2126512128,2144337920,2142240768,2122317824,2140143616,2133852160,2683150046
2136997888,2136997888,2133852160,2118123520,2127560704,2145386496,2142240768,2124414976,2131492864,2134900736,2683166070
2135949312,2151677952,2142240768,2129657856,2130706432,2147483648,2146435072,2127560704,2139881472,2138046464,2683182064
2145386496,2141192192,2140143616,2124414976,2132803584,2150629376,2147483648,2131755008,2137784320,2140667904,2683198070
2125463552,2164260864,2159017984,2144337920,2132803584,2149580800,2147483648,2130706432,2148270080,2140143616,2683214069
2140143616,2140143616,2140143616,2121269248,2129657856,2147483648,2145386496,2126512128,2135425024,2137260032,2683230090
2136997888,2142240768,2135949312,2117074944,2127560704,2144337920,2143289344,2123366400,2133065728,2134638592,2683246089
2119172096,2141192192,2141192192,2126512128,2127560704,2145386496,2142240768,2123366400,2132017152,2134638592,2683262090
2128609280,2155872256,2151677952,2131755008,2129657856,2147483648,2144337920,2126512128,2141978624,2136997888,2683278092
2127560704,2160066560,2157969408,2134900736,2131755008,2150629376,2148532224,2130706432,2145124352,2140405760,2683294112
2125463552,2160066560,2160066560,2143289344,2131755008,2150629376,2148532224,2131755008,2147221504,2140667904,2683310110
2140143616,2145386496,2152726528,2124414976,2130706432,2147483648,2146435072,2128609280,2140667904,2138308608,2683327001
2130706432,2146435072,2154823680,2118123520,2128609280,2145386496,2143289344,2122317824,2137522176,2134900736,2683343001
2120220672,2143289344,2139095040,2126512128,2127560704,2144337920,2141192192,2123366400,2132279296,2134114304,2683359001
2129657856,2139095040,2136997888,2118123520,2129657856,2147483648,2145386496,2126512128,2130968576,2137260032,2683375001
2139095040,2151677952,2146435072,2127560704,2131755008,2149580800,2147483648,2130706432,2141192192,2139881472,2683391025
2144337920,2142240768,2141192192,2123366400,2132803584,2149580800,2148532224,2131755008,2137784320,2140667904,2683407023
2135949312,2143289344,2142240768,2124414976,2130706432,2149580800,2147483648,2129657856,2136473600,2139357184,2683423023
2124414976,2157969408,2155872256,2133852160,2128609280,2146435072,2143289344,2125463552,2143027200,2135949312,2683439023
2122317824,2154823680,2155872256,2135949312,2127560704,2145386496,2142240768,2123366400,2142240768,2134638592,2683455045
2142240768,2136997888,2134900736,2114977792,2128609280,2146435072,2143289344,2124414976,2132279296,2135687168,2683471044
2122317824,2147483648,2147483648,2127560704,2130706432,2149580800,2146435072,2130706432,2136211456,2139357184,2683487046
2124414976,2164260864,2157969408,2140143616,2132803584,2150629376,2147483648,2131755008,2146697216,2140667904,2683503044
2125463552,2165309440,2160066560,2145386496,2130706432,2149580800,2147483648,2130706432,2149056512,2139619328,2683519067
2123366400,2147483648,2147483648,2131755008,2128609280,2146435072,2144337920,2126512128,2137522176,2136473600,2683535068
2125463552,2152726528,2152726528,2132803584,2127560704,2144337920,2142240768,2123366400,2140930048,2134376448,2683551066
2127560704,2155872256,2149580800,2127560704,2127560704,2145386496,2142240768,2124414976,2140143616,2134900736,2683567065
2127560704,2143289344,2141192192,2122317824,2130706432,2148532224,2146435072,2128609280,2133590016,2138570752,2683583090
2141192192,2150629376,2145386496,2127560704,2132803584,2150629376,2148532224,2131755008,2141192192,2140930048,2683599094
2133852160,2143289344,2144337920,2124414976,2132803584,2149580800,2147483648,2131755008,2136473600,2140405760,2683615090
2139095040,2146435072,2154823680,2122317824,2129657856,2147483648,2145386496,2126512128,2140667904,2137260032,2683631092
2138046464,2142240768,2138046464,2117074944,2127560704,2145386496,2141192192,2123366400,2133852160,2134376448,2683647111
2131755008,2138046464,2132803584,2118123520,2128609280,2145386496,2142240768,2123366400,2130182144,2134900736,2683664001
2131755008,2141192192,2136997888,2122317824,2130706432,2147483648,2145386496,2127560704,2133065728,2137784320,2683680001
2141192192,2145386496,2146435072,2122317824,2131755008,2150629376,2147483648,2131755008,2138832896,2140405760,2683696001
2133852160,2142240768,2142240768,2125463552,2131755008,2150629376,2148532224,2131755008,2135949312,2140667904,2683712001
2142240768,2142240768,2141192192,2124414976,2130706432,2147483648,2145386496,2127560704,2137522176,2137784320,2683728022
2122317824,2160066560,2147483648,2139095040,2127560704,2145386496,2142240768,2124414976,2142240768,2134900736,2683744023
2138046464,2133852160,2134900736,2112880640,2128609280,2145386496,2141192192,2123366400,2129920000,2134638592,2683760023
2120220672,2150629376,2143289344,2135949312,2129657856,2146435072,2143289344,2126512128,2137522176,2136473600,2683776024
2128609280,2142240768,2142240768,2125463552,2131755008,2149580800,2147483648,2129657856,2134638592,2139619328,2683792045
2136997888,2145386496,2141192192,2124414976,2132803584,2150629376,2148532224,2131755008,2136997888,2140930048,2683808046
2143289344,2146435072,2146435072,2123366400,2130706432,2148532224,2146435072,2129657856,2139881472,2138832896,2683824046
2123366400,2156920832,2159017984,2138046464,2127560704,2145386496,2143289344,2124414976,2144337920,2135162880,2683840044
2119172096,2147483648,2139095040,2125463552,2126512128,2144337920,2141192192,2122317824,2132803584,2133590016,2683856066
2125463552,2139095040,2136997888,2118123520,2128609280,2146435072,2143289344,2125463552,2129920000,2135949312,2683872065
2123366400,2153775104,2140143616,2139095040,2131755008,2148532224,2146435072,2129657856,2139095040,2139095040,2683888067
2131755008,2159017984,2156920832,2138046464,2131755008,2151677952,2149580800,2132803584,2146435072,2141454336,2683904066
2145386496,2144337920,2146435072,2124414976,2131755008,2148532224,2147483648,2129657856,2140143616,2139357184,2683920091
2124414976,2164260864,2155872256,2140143616,2128609280,2146435072,2144337920,2126512128,2146172928,2136473600,2683936090
2118123520,2144337920,2141192192,2127560704,2125463552,2145386496,2141192192,2123366400,2132803584,2133852160,2683952089
2134900736,2154823680,2144337920,2124414976,2127560704,2146435072,2143289344,2124414976,2139619328,2135425024,2683968090
2140143616,2138046464,2138046464,2117074944,2130706432,2148532224,2145386496,2128609280,2133327872,2138308608,2683984114
2128609280,2155872256,2159017984,2129657856,2132803584,2149580800,2147483648,2131755008,2143289344,2140405760,2684000111
2143289344,2140143616,2141192192,2121269248,2131755008,2149580800,2147483648,2130706432,2136473600,2139881472,2684017001
2123366400,2147483648,2147483648,2127560704,2129657856,2146435072,2144337920,2126512128,2136473600,2136735744,2684033001
2130706432,2153775104,2146435072,2127560704,2127560704,2144337920,2141192192,2122317824,2139619328,2133852160,2684049001
2120220672,2147483648,2134900736,2128609280,2127560704,2144337920,2142240768,2123366400,2132803584,2134376448,2684065025
2128609280,2140143616,2133852160,2121269248,2130706432,2148532224,2145386496,2128609280,2130968576,2138308608,2684081023
2139095040,2153775104,2154823680,2123366400,2131755008,2149580800,2148532224,2130706432,2142765056,2140143616,2684097023
2125463552,2160066560,2155872256,2147483648,2131755008,2151677952,2148532224,2132803584,2147221504,2141192192,2684113024
2135949312,2152726528,2151677952,2127560704,2130706432,2148532224,2145386496,2127560704,2141978624,2138046464,2684129046
2119172096,2160066560,2147483648,2135949312,2126512128,2145386496,2142240768,2123366400,2140667904,2134376448,2684145044
2122317824,2141192192,2139095040,2119172096,2127560704,2145386496,2142240768,2123366400,2130444288,2134638592,2684161045
2123366400,2138046464,2138046464,2121269248,2129657856,2147483648,2145386496,2126512128,2130182144,2137260032,2684177046
2125463552,2143289344,2143289344,2123366400,2131755008,2149580800,2147483648,2130706432,2133852160,2139881472,2684193068
2146435072,2143289344,2140143616,2123366400,2132803584,2150629376,2148532224,2131755008,2138308608,2140930048,2684209066
2138046464,2144337920,2139095040,2122317824,2130706432,2147483648,2145386496,2127560704,2135949312,2137784320,2684225068
2142240768,2138046464,2136997888,2120220672,2127560704,2146435072,2143289344,2125463552,2134376448,2135687168,2684241068
2123366400,2140143616,2136997888,2118123520,2126512128,2145386496,2141192192,2123366400,2129657856,2134114304,2684257090
2130706432,2140143616,2146435072,2117074944,2129657856,2146435072,2144337920,2125463552,2133590016,2136473600,2684273089
2128609280,2143289344,2136997888,2123366400,2131755008,2148532224,2147483648,2128609280,2133065728,2139095040,2684289090
2136997888,2143289344,2142240768,2124414976,2132803584,2149580800,2149580800,2131755008,2136735744,2140930048,2684305092
2126512128,2147483648,2150629376,2131755008,2131755008,2149580800,2147483648,2130706432,2139095040,2139881472,2684321114
2134900736,2154823680,2146435072,2130706432,2129657856,2146435072,2144337920,2125463552,2141716480,2136473600,2684337110
2121269248,2152726528,2150629376,2132803584,2126512128,2144337920,2142240768,2123366400,2139357184,2134114304,2684354001
2131755008,2138046464,2135949312,2118123520,2128609280,2146435072,2142240768,2124414976,2130968576,2135425024,2684370001
2126512128,2159017984,2160066560,2138046464,2130706432,2148532224,2146435072,2128609280,2145910784,2138570752,2684386001
2125463552,2144337920,2151677952,2129657856,2132803584,2150629376,2149580800,2131755008,2137784320,2141192192,2684402001
2129657856,2142240768,2140143616,2125463552,2130706432,2150629376,2148532224,2130706432,2134376448,2140143616,2684418023
2140143616,2146435072,2140143616,2124414976,2129657856,2147483648,2144337920,2126512128,2137784320,2136997888,2684434024
2126512128,2155872256,2153775104,2131755008,2126512128,2145386496,2142240768,2123366400,2141978624,2134376448,2684450024
2128609280,2138046464,2133852160,2118123520,2127560704,2144337920,2142240768,2123366400,2129657856,2134376448,2684466024
2133852160,2138046464,2134900736,2120220672,2129657856,2147483648,2145386496,2127560704,2131755008,2137522176,2684482047
2135949312,2161115136,2152726528,2133852160,2132803584,2150629376,2148532224,2130706432,2145910784,2140667904,2684498047
2141192192,2154823680,2151677952,2133852160,2131755008,2150629376,2148532224,2131755008,2145386496,2140667904,2684514047
2135949312,2140143616,2139095040,2121269248,2129657856,2147483648,2145386496,2127560704,2134114304,2137522176,2684530044
2130706432,2146435072,2147483648,2121269248,2127560704,2144337920,2142240768,2123366400,2136473600,2134376448,2684546068
2134900736,2136997888,2151677952,2114977792,2127560704,2145386496,2141192192,2123366400,2134638592,2134376448,2684562067
2119172096,2154823680,2151677952,2138046464,2128609280,2147483648,2144337920,2126512128,2140930048,2136735744,2684578066
2126512128,2159017984,2154823680,2140143616,2131755008,2150629376,2147483648,2131755008,2145124352,2140405760,2684594064
2133852160,2142240768,2142240768,2127560704,2132803584,2150629376,2148532224,2131755008,2136473600,2140930048,2684610089
2126512128,2155872256,2155872256,2140143616,2130706432,2147483648,2146435072,2127560704,2144600064,2138046464,2684626090
2120220672,2151677952,2143289344,2130706432,2127560704,2145386496,2142240768,2123366400,2136473600,2134638592,2684642092
2134900736,2138046464,2141192192,2117074944,2127560704,2145386496,2142240768,2123366400,2132803584,2134638592,2684658089
2139095040,2145386496,2142240768,2118123520,2129657856,2146435072,2143289344,2125463552,2136211456,2136211456,2684674112
2121269248,2154823680,2149580800,2138046464,2132803584,2148532224,2146435072,2129657856,2140930048,2139357184,2684691001
2123366400,2165309440,2153775104,2146435072,2131755008,2150629376,2149580800,2132803584,2147221504,2141192192,2684707001
2131755008,2157969408,2156920832,2134900736,2131755008,2148532224,2146435072,2128609280,2145386496,2138832896,2684723001
2141192192,2150629376,2140143616,2127560704,2127560704,2146435072,2143289344,2125463552,2139881472,2135687168,2684739001
2139095040,2135949312,2133852160,2117074944,2127560704,2144337920,2141192192,2122317824,2131492864,2133852160,2684755024
2121269248,2145386496,2141192192,2124414976,2128609280,2145386496,2143289344,2124414976,2133065728,2135425024,2684771023
2136997888,2141192192,2136997888,2119172096,2130706432,2148532224,2146435072,2128609280,2133590016,2138570752,2684787024
2128609280,2142240768,2143289344,2125463552,2132803584,2150629376,2148532224,2131755008,2134900736,2140930048,2684803023
2128609280,2156920832,2157969408,2140143616,2131755008,2149580800,2147483648,2130706432,2145910784,2139881472,2684819045
2144337920,2142240768,2139095040,2122317824,2129657856,2146435072,2144337920,2125463552,2136997888,2136473600,2684835047
2130706432,2149580800,2154823680,2125463552,2127560704,2145386496,2142240768,2123366400,2140143616,2134638592,2684851046
2123366400,2155872256,2154823680,2128609280,2128609280,2145386496,2143289344,2123366400,2140667904,2135162880,2684867046
2140143616,2139095040,2136997888,2118123520,2130706432,2148532224,2145386496,2127560704,2133590016,2138046464,2684883067
2125463552,2148532224,2149580800,2131755008,2132803584,2149580800,2147483648,2131755008,2138832896,2140405760,2684899067
2140143616,2146435072,2150629376,2124414976,2132803584,2150629376,2147483648,2130706432,2140405760,2140405760,2684915067
2132803584,2141192192,2139095040,2124414976,2129657856,2148532224,2145386496,2127560704,2134376448,2137784320,2684931066
2120220672,2147483648,2138046464,2130706432,2127560704,2145386496,2142240768,2123366400,2134114304,2134638592,2684947087
2131755008,2142240768,2145386496,2116026368,2127560704,2146435072,2142240768,2123366400,2133852160,2134900736,2684963088
2120220672,2145386496,2139095040,2126512128,2129657856,2147483648,2144337920,2126512128,2132803584,2136997888,2684979085
2121269248,2161115136,2154823680,2138046464,2131755008,2149580800,2148532224,2130706432,2143813632,2140143616,2684995092
2125463552,2157969408,2155872256,2141192192,2131755008,2150629376,2148532224,2131755008,2145124352,2140667904,2685011113
2143289344,2146435072,2139095040,2125463552,2129657856,2148532224,2144337920,2127560704,2138570752,2137522176,2685027113
2139095040,2151677952,2140143616,2125463552,2127560704,2146435072,2142240768,2124414976,2139095040,2135162880,2685044000
2120220672,2141192192,2147483648,2123366400,2127560704,2145386496,2142240768,2123366400,2133065728,2134638592,2685060001
2121269248,2153775104,2151677952,2136997888,2128609280,2147483648,2144337920,2126512128,2140930048,2136735744,2685076001
2124414976,2154823680,2149580800,2138046464,2131755008,2149580800,2147483648,2130706432,2141716480,2139881472,2685092023
2124414976,2154823680,2148532224,2142240768,2131755008,2150629376,2149580800,2131755008,2142502912,2140930048,2685108023
2132803584,2159017984,2156920832,2138046464,2130706432,2148532224,2146435072,2128609280,2146697216,2138570752,2685124024
2134900736,2136997888,2139095040,2117074944,2127560704,2145386496,2142240768,2124414976,2132017152,2134900736,2685140023
2120220672,2155872256,2147483648,2134900736,2127560704,2145386496,2141192192,2123366400,2139619328,2134376448,2685156045
2120220672,2155872256,2148532224,2134900736,2128609280,2146435072,2143289344,2125463552,2139881472,2135949312,2685172045
2138046464,2141192192,2138046464,2122317824,2131755008,2148532224,2147483648,2129657856,2134900736,2139357184,2685188045
2135949312,2143289344,2142240768,2126512128,2132803584,2150629376,2149580800,2131755008,2136997888,2141192192,2685204045
2144337920,2143289344,2141192192,2123366400,2130706432,2149580800,2147483648,2129657856,2138046464,2139357184,2685220067
2123366400,2151677952,2155872256,2138046464,2128609280,2145386496,2144337920,2124414976,2142240768,2135687168,2685236065
2120220672,2151677952,2149580800,2134900736,2126512128,2144337920,2142240768,2122317824,2139095040,2133852160,2685252066
2121269248,2147483648,2151677952,2130706432,2128609280,2145386496,2143289344,2124414976,2137784320,2135425024,2685268067
2134900736,2154823680,2145386496,2129657856,2130706432,2147483648,2145386496,2127560704,2141192192,2137784320,2685284086
2128609280,2153775104,2155872256,2138046464,2132803584,2150629376,2148532224,2131755008,2144075776,2140930048,2685300086
2130706432,2156920832,2156920832,2136997888,2131755008,2149580800,2147483648,2130706432,2145386496,2139881472,2685316088
2121269248,2147483648,2143289344,2132803584,2128609280,2147483648,2144337920,2127560704,2136211456,2136997888,2685332087
2131755008,2138046464,2138046464,2118123520,2127560704,2145386496,2142240768,2123366400,2131492864,2134638592,2685348110
2131755008,2150629376,2148532224,2121269248,2127560704,2145386496,2142240768,2123366400,2138046464,2134638592,2685364109
2142240768,2143289344,2138046464,2120220672,2130706432,2147483648,2145386496,2127560704,2135949312,2137784320,2685381001
2136997888,2143289344,2140143616,2123366400,2132803584,2149580800,2148532224,2130706432,2135949312,2140405760,2685397001
2142240768,2145386496,2141192192,2125463552,2132803584,2149580800,2147483648,2131755008,2138570752,2140405760,2685413001
2138046464,2141192192,2138046464,2124414976,2130706432,2146435072,2145386496,2126512128,2135425024,2137260032,2685429001
2122317824,2150629376,2149580800,2133852160,2127560704,2145386496,2142240768,2123366400,2139095040,2134638592,2685445024
2135949312,2136997888,2132803584,2118123520,2127560704,2144337920,2142240768,2122317824,2130968576,2134114304,2685461023
2127560704,2153775104,2154823680,2125463552,2129657856,2147483648,2145386496,2126512128,2140405760,2137260032,2685477024
2124414976,2155872256,2157969408,2140143616,2131755008,2149580800,2148532224,2130706432,2144600064,2140143616,2685493022
2128609280,2157969408,2155872256,2136997888,2131755008,2150629376,2148532224,2131755008,2144862208,2140667904,2685509046
2141192192,2142240768,2142240768,2126512128,2130706432,2148532224,2146435072,2128609280,2138046464,2138570752,2685525045
2121269248,2156920832,2152726528,2139095040,2128609280,2145386496,2143289344,2124414976,2142502912,2135425024,2685541047
2121269248,2139095040,2136997888,2118123520,2127560704,2144337920,2141192192,2122317824,2128871424,2133852160,2685557044
2125463552,2138046464,2138046464,2121269248,2128609280,2146435072,2144337920,2125463552,2130706432,2136211456,2685573067
2139095040,2144337920,2146435072,2122317824,2131755008,2149580800,2147483648,2129657856,2138046464,2139619328,2685589066
2136997888,2143289344,2141192192,2123366400,2133852160,2149580800,2147483648,2131755008,2136211456,2140667904,2685605066
2133852160,2143289344,2142240768,2126512128,2131755008,2149580800,2146435072,2129657856,2136473600,2139357184,2685621065
2122317824,2162163712,2154823680,2134900736,2129657856,2146435072,2143289344,2125463552,2143551488,2136211456,2685637090
2135949312,2138046464,2133852160,2118123520,2127560704,2144337920,2141192192,2123366400,2131492864,2134114304,2685653090
2121269248,2143289344,2141192192,2123366400,2127560704,2146435072,2143289344,2124414976,2132279296,2135425024,2685669088
2124414976,2151677952,2153775104,2131755008,2130706432,2148532224,2146435072,2128609280,2140405760,2138570752,2685685085
2135949312,2160066560,2153775104,2135949312,2132803584,2149580800,2148532224,2131755008,2146435072,2140667904,2685701113
2135949312,2163212288,2154823680,2136997888,2132803584,2148532224,2147483648,2129657856,2147745792,2139619328,2685718001
2132803584,2143289344,2136997888,2124414976,2129657856,2147483648,2144337920,2125463552,2134376448,2136735744,2685734001
2132803584,2146435072,2146435072,2121269248,2127560704,2144337920,2142240768,2123366400,2136735744,2134376448,2685750001
2119172096,2142240768,2143289344,2124414976,2128609280,2145386496,2142240768,2123366400,2132279296,2134900736,2685766001
2124414976,2155872256,2157969408,2135949312,2129657856,2148532224,2145386496,2128609280,2143551488,2138046464,2685782023
2133852160,2154823680,2155872256,2134900736,2132803584,2150629376,2148532224,2131755008,2144862208,2140930048,2685798023
2130706432,2159017984,2159017984,2138046464,2131755008,2149580800,2148532224,2130706432,2146697216,2140143616,2685814023
2144337920,2143289344,2140143616,2120220672,2129657856,2148532224,2145386496,2127560704,2136997888,2137784320,2685830022
2121269248,2160066560,2153775104,2131755008,2127560704,2145386496,2142240768,2123366400,2141716480,2134638592,2685846046
2139095040,2139095040,2136997888,2113929216,2127560704,2145386496,2142240768,2123366400,2132279296,2134638592,2685862047
2123366400,2152726528,2153775104,2134900736,2129657856,2147483648,2144337920,2126512128,2141192192,2136997888,2685878044
2138046464,2141192192,2139095040,2121269248,2131755008,2150629376,2147483648,2130706432,2134900736,2140143616,2685894046
2129657856,2144337920,2143289344,2128609280,2132803584,2149580800,2148532224,2130706432,2136473600,2140405760,2685910066
2141192192,2140143616,2140143616,2121269248,2130706432,2148532224,2145386496,2128609280,2135687168,2138308608,2685926067
2121269248,2157969408,2153775104,2142240768,2128609280,2145386496,2143289344,2124414976,2143813632,2135425024,2685942065
2133852160,2150629376,2146435072,2128609280,2127560704,2143289344,2141192192,2122317824,2139881472,2133590016,2685958067
2138046464,2138046464,2140143616,2118123520,2129657856,2145386496,2144337920,2125463552,2133590016,2136211456,2685974086
2138046464,2145386496,2145386496,2121269248,2130706432,2149580800,2147483648,2129657856,2137522176,2139357184,2685990087
2124414976,2154823680,2152726528,2140143616,2133852160,2149580800,2148532224,2129657856,2143027200,2140405760,2686006086
2144337920,2140143616,2143289344,2123366400,2131755008,2149580800,2147483648,2129657856,2137784320,2139619328,2686022087
2125463552,2143289344,2136997888,2126512128,2128609280,2146435072,2143289344,2126512128,2133065728,2136211456,2686038110
2121269248,2157969408,2151677952,2135949312,2126512128,2145386496,2142240768,2123366400,2141716480,2134376448,2686054112
2120220672,2151677952,2152726528,2129657856,2128609280,2145386496,2143289344,2125463552,2138570752,2135687168,2686071001
2133852160,2151677952,2146435072,2129657856,2130706432,2149580800,2147483648,2129657856,2140405760,2139357184,2686087001
2127560704,2164260864,2150629376,2147483648,2133852160,2149580800,2148532224,2131755008,2147483648,2140930048,2686103001
2131755008,2160066560,2156920832,2141192192,2131755008,2149580800,2147483648,2129657856,2147483648,2139619328,2686119025
2142240768,2143289344,2140143616,2120220672,2129657856,2146435072,2144337920,2125463552,2136473600,2136473600,2686135024
2141192192,2135949312,2138046464,2114977792,2127560704,2144337920,2141192192,2122317824,2132541440,2133852160,2686151022
2121269248,2140143616,2135949312,2120220672,2127560704,2146435072,2143289344,2124414976,2129395712,2135425024,2686167024
2123366400,2147483648,2143289344,2126512128,2129657856,2149580800,2146435072,2128609280,2135162880,2138570752,2686183045
2136997888,2140143616,2138046464,2124414976,2131755008,2150629376,2147483648,2131755008,2134900736,2140405760,2686199044
2133852160,2162163712,2160066560,2135949312,2132803584,2150629376,2147483648,2130706432,2148007936,2140405760,2686215047
2142240768,2143289344,2142240768,2121269248,2130706432,2146435072,2145386496,2126512128,2137260032,2137260032,2686231046
2131755008,2140143616,2136997888,2118123520,2127560704,2145386496,2142240768,2123366400,2131755008,2134638592,2686247066
2121269248,2152726528,2153775104,2129657856,2127560704,2145386496,2142240768,2123366400,2139357184,2134638592,2686263068
2140143616,2143289344,2136997888,2120220672,2130706432,2147483648,2145386496,2127560704,2135162880,2137784320,2686279067
2145386496,2143289344,2142240768,2121269248,2132803584,2150629376,2147483648,2130706432,2138046464,2140405760,2686295066
2138046464,2145386496,2143289344,2128609280,2132803584,2149580800,2148532224,2130706432,2138832896,2140405760,2686311087
2125463552,2160066560,2160066560,2144337920,2130706432,2148532224,2146435072,2128609280,2147483648,2138570752,2686327088
2128609280,2138046464,2135949312,2120220672,2128609280,2145386496,2142240768,2122317824,2130706432,2134638592,2686343087
2121269248,2136997888,2139095040,2117074944,2126512128,2145386496,2142240768,2123366400,2128609280,2134376448,2686359089
2121269248,2163212288,2151677952,2138046464,2129657856,2146435072,2143289344,2125463552,2143551488,2136211456,2686375113
2124414976,2147483648,2145386496,2130706432,2131755008,2149580800,2148532224,2130706432,2136997888,2140143616,2686391107
2143289344,2146435072,2146435072,2124414976,2132803584,2150629376,2147483648,2132803584,2140143616,2140930048,2686408001
2124414976,2160066560,2155872256,2143289344,2130706432,2148532224,2146435072,2128609280,2145910784,2138570752,2686424001
2123366400,2142240768,2143289344,2125463552,2127560704,2145386496,2143289344,2124414976,2133590016,2135162880,2686440001
2141192192,2139095040,2135949312,2118123520,2127560704,2144337920,2142240768,2123366400,2133590016,2134376448,2686456001
2134900736,2136997888,2134900736,2118123520,2127560704,2146435072,2144337920,2125463552,2131230720,2135949312,2686472024
2143289344,2146435072,2142240768,2123366400,2130706432,2148532224,2147483648,2129657856,2138832896,2139095040,2686488023
2141192192,2146435072,2142240768,2125463552,2132803584,2150629376,2148532224,2131755008,2138832896,2140930048,2686504024
2130706432,2155872256,2163212288,2140143616,2131755008,2149580800,2146435072,2130706432,2147483648,2139619328,2686520023
2135949312,2138046464,2135949312,2120220672,2128609280,2146435072,2143289344,2124414976,2132541440,2135687168,2686536044
2138046464,2141192192,2135949312,2118123520,2127560704,2145386496,2141192192,2123366400,2133327872,2134376448,2686552046
2141192192,2135949312,2134900736,2114977792,2127560704,2146435072,2143289344,2124414976,2131755008,2135425024,2686568046
2124414976,2147483648,2139095040,2130706432,2129657856,2149580800,2145386496,2128609280,2135425024,2138308608,2686584045
2139095040,2143289344,2141192192,2123366400,2131755008,2150629376,2148532224,2131755008,2136735744,2140667904,2686600067
2138046464,2154823680,2146435072,2133852160,2131755008,2149580800,2147483648,2131755008,2143289344,2140143616,2686616065
2124414976,2148532224,2141192192,2133852160,2129657856,2147483648,2144337920,2126512128,2136997888,2136997888,2686632066
2136997888,2140143616,2135949312,2118123520,2128609280,2144337920,2141192192,2122317824,2132803584,2134114304,2686648065
2145386496,2139095040,2135949312,2114977792,2128609280,2145386496,2142240768,2123366400,2133852160,2134900736,2686664086
2139095040,2138046464,2142240768,2119172096,2129657856,2147483648,2145386496,2126512128,2134638592,2137260032,2686680087
2124414976,2153775104,2151677952,2138046464,2131755008,2150629376,2148532224,2131755008,2141978624,2140667904,2686696087
2145386496,2145386496,2143289344,2126512128,2132803584,2150629376,2148532224,2131755008,2140143616,2140930048,2686712086
2124414976,2150629376,2154823680,2136997888,2129657856,2148532224,2145386496,2127560704,2141716480,2137784320,2686728110
2125463552,2154823680,2156920832,2129657856,2128609280,2145386496,2142240768,2123366400,2141716480,2134900736,2686745001
2120220672,2155872256,2153775104,2136997888,2126512128,2145386496,2141192192,2123366400,2141716480,2134114304,2686761001
2121269248,2147483648,2139095040,2125463552,2129657856,2147483648,2144337920,2126512128,2133327872,2136997888,2686777001
2135949312,2143289344,2139095040,2122317824,2131755008,2149580800,2148532224,2130706432,2135162880,2140143616,2686793001
2132803584,2160066560,2160066560,2135949312,2132803584,2150629376,2147483648,2131755008,2147221504,2140667904,2686809023
2139095040,2142240768,2146435072,2122317824,2130706432,2148532224,2146435072,2128609280,2137522176,2138570752,2686825023
2139095040,2152726528,2144337920,2125463552,2128609280,2146435072,2143289344,2124414976,2140405760,2135687168,2686841023
2121269248,2145386496,2138046464,2124414976,2127560704,2145386496,2141192192,2123366400,2132279296,2134376448,2686857024
2134900736,2146435072,2144337920,2120220672,2128609280,2146435072,2144337920,2125463552,2136473600,2136211456,2686873046
2138046464,2140143616,2138046464,2120220672,2131755008,2148532224,2146435072,2129657856,2134114304,2139095040,2686889045
2125463552,2149580800,2147483648,2134900736,2132803584,2150629376,2148532224,2132803584,2139357184,2141192192,2686905044
2138046464,2140143616,2140143616,2121269248,2131755008,2149580800,2146435072,2129657856,2134900736,2139357184,2686921045
2123366400,2162163712,2154823680,2139095040,2128609280,2146435072,2144337920,2125463552,2144862208,2136211456,2686937066
