2123366400,2154823680,2151677952,2138046464,2130706432,2147483648,2144337920,2127560704,2141978624,2137522176,2688028088
2128609280,2160066560,2156920832,2136997888,2129657856,2147483648,2144337920,2127560704,2145648640,2137260032,2688044087
2124414976,2147483648,2147483648,2130706432,2129657856,2147483648,2145386496,2127560704,2137522176,2137522176,2688060086
2123366400,2142240768,2139095040,2121269248,2129657856,2148532224,2144337920,2127560704,2131492864,2137522176,2688076086
2131755008,2140143616,2138046464,2121269248,2129657856,2147483648,2145386496,2126512128,2132803584,2137260032,2688092111
2126512128,2157969408,2156920832,2141192192,2129657856,2147483648,2145386496,2127560704,2145648640,2137522176,2688108108
2121269248,2155872256,2143289344,2139095040,2128609280,2148532224,2145386496,2128609280,2139881472,2137784320,2688125001
2123366400,2148532224,2147483648,2132803584,2130706432,2147483648,2145386496,2126512128,2138046464,2137522176,2688141001
2122317824,2154823680,2150629376,2138046464,2129657856,2147483648,2146435072,2127560704,2141454336,2137784320,2688157001
2139095040,2140143616,2145386496,2119172096,2129657856,2147483648,2145386496,2127560704,2135949312,2137522176,2688173024
2134900736,2139095040,2136997888,2119172096,2129657856,2147483648,2145386496,2128609280,2132541440,2137784320,2688189023
2125463552,2156920832,2159017984,2136997888,2128609280,2148532224,2145386496,2128609280,2144600064,2137784320,2688205023
2121269248,2147483648,2147483648,2130706432,2128609280,2144337920,2142240768,2123366400,2136735744,2134638592,2688221024
2127560704,2136997888,2136997888,2114977792,2126512128,2143289344,2141192192,2121269248,2129133568,2133065728,2688237046
2126512128,2153775104,2150629376,2127560704,2129657856,2145386496,2143289344,2125463552,2139619328,2135949312,2688253044
2128609280,2143289344,2140143616,2122317824,2131755008,2149580800,2147483648,2129657856,2133590016,2139619328,2688269046
2130706432,2161115136,2156920832,2143289344,2132803584,2151677952,2149580800,2132803584,2148007936,2141716480,2688285046
2129657856,2143289344,2141192192,2125463552,2130706432,2148532224,2147483648,2129657856,2134900736,2139095040,2688301066
2123366400,2148532224,2152726528,2131755008,2128609280,2146435072,2143289344,2125463552,2139095040,2135949312,2688317065
2140143616,2138046464,2135949312,2118123520,2127560704,2143289344,2142240768,2121269248,2133065728,2133590016,2688333068
2129657856,2135949312,2132803584,2114977792,2127560704,2145386496,2142240768,2124414976,2128347136,2134900736,2688349067
2124414976,2160066560,2153775104,2134900736,2131755008,2148532224,2147483648,2128609280,2143289344,2139095040,2688365088
2142240768,2144337920,2142240768,2124414976,2132803584,2151677952,2149580800,2132803584,2138308608,2141716480,2688381086
2141192192,2157969408,2146435072,2135949312,2132803584,2149580800,2147483648,2130706432,2145386496,2140143616,2688397089
2124414976,2145386496,2142240768,2128609280,2129657856,2146435072,2144337920,2125463552,2135162880,2136473600,2688413089
2120220672,2152726528,2149580800,2133852160,2126512128,2145386496,2142240768,2122317824,2139095040,2134114304,2688429110
2136997888,2139095040,2134900736,2113929216,2127560704,2144337920,2141192192,2122317824,2131230720,2133852160,2688445106
2136997888,2139095040,2136997888,2117074944,2130706432,2147483648,2145386496,2127560704,2132541440,2137784320,2688462001
2124414976,2163212288,2160066560,2139095040,2132803584,2150629376,2149580800,2131755008,2146697216,2141192192,2688478001
2128609280,2160066560,2156920832,2140143616,2132803584,2149580800,2148532224,2131755008,2146435072,2140667904,2688494001
2135949312,2154823680,2146435072,2132803584,2130706432,2147483648,2145386496,2127560704,2142502912,2137784320,2688510001
2125463552,2154823680,2150629376,2134900736,2126512128,2145386496,2143289344,2123366400,2141454336,2134638592,2688526024
2119172096,2153775104,2144337920,2133852160,2126512128,2145386496,2142240768,2122317824,2137784320,2134114304,2688542024
2130706432,2150629376,2151677952,2120220672,2129657856,2147483648,2145386496,2126512128,2138308608,2137260032,2688558023
2145386496,2141192192,2139095040,2122317824,2132803584,2150629376,2148532224,2131755008,2136997888,2140930048,2688574022
2139095040,2147483648,2143289344,2127560704,2132803584,2150629376,2148532224,2131755008,2139357184,2140930048,2688590045
2124414976,2153775104,2151677952,2140143616,2128609280,2149580800,2147483648,2129657856,2142502912,2138832896,2688606045
2122317824,2143289344,2143289344,2126512128,2127560704,2145386496,2142240768,2124414976,2133852160,2134900736,2688622045
2121269248,2138046464,2133852160,2117074944,2127560704,2143289344,2141192192,2121269248,2127560704,2133327872,2688638045
2138046464,2138046464,2135949312,2118123520,2128609280,2145386496,2143289344,2125463552,2132541440,2135687168,2688654067
2138046464,2140143616,2139095040,2121269248,2132803584,2149580800,2147483648,2130706432,2134638592,2140143616,2688670067
2127560704,2164260864,2159017984,2142240768,2133852160,2150629376,2149580800,2131755008,2148270080,2141454336,2688686066
2126512128,2163212288,2159017984,2144337920,2131755008,2149580800,2147483648,2129657856,2148270080,2139619328,2688702065
2126512128,2155872256,2153775104,2135949312,2128609280,2146435072,2143289344,2124414976,2143027200,2135687168,2688718091
2125463552,2156920832,2154823680,2127560704,2126512128,2144337920,2141192192,2121269248,2141192192,2133327872,2688734088
2124414976,2153775104,2151677952,2128609280,2128609280,2145386496,2143289344,2124414976,2139619328,2135425024,2688750088
2140143616,2140143616,2136997888,2123366400,2130706432,2148532224,2146435072,2129657856,2135162880,2138832896,2688766086
2125463552,2148532224,2147483648,2134900736,2132803584,2150629376,2149580800,2132803584,2139095040,2141454336,2688782114
2144337920,2154823680,2143289344,2125463552,2132803584,2149580800,2147483648,2130706432,2141978624,2140143616,2688799001
2134900736,2139095040,2139095040,2121269248,2129657856,2146435072,2144337920,2125463552,2133590016,2136473600,2688815001
2122317824,2139095040,2135949312,2122317824,2126512128,2143289344,2141192192,2121269248,2129920000,2133065728,2688831001
2133852160,2135949312,2133852160,2113929216,2127560704,2145386496,2142240768,2123366400,2129395712,2134638592,2688847001
2135949312,2142240768,2142240768,2118123520,2129657856,2148532224,2146435072,2128609280,2134638592,2138308608,2688863026
2127560704,2142240768,2143289344,2125463552,2132803584,2151677952,2149580800,2132803584,2134638592,2141716480,2688879023
2130706432,2164260864,2162163712,2143289344,2133852160,2149580800,2149580800,2130706432,2150105088,2140930048,2688895024
2135949312,2141192192,2139095040,2122317824,2129657856,2147483648,2144337920,2126512128,2134638592,2136997888,2688911024
2127560704,2141192192,2133852160,2119172096,2127560704,2144337920,2141192192,2122317824,2130444288,2133852160,2688927046
2138046464,2138046464,2133852160,2116026368,2126512128,2145386496,2141192192,2123366400,2131492864,2134114304,2688943047
2125463552,2160066560,2153775104,2132803584,2129657856,2147483648,2145386496,2127560704,2143027200,2137522176,2688959045
2125463552,2142240768,2144337920,2125463552,2132803584,2149580800,2148532224,2131755008,2134376448,2140667904,2688975045
2126512128,2157969408,2151677952,2144337920,2133852160,2150629376,2149580800,2132803584,2145124352,2141716480,2688991069
2142240768,2144337920,2139095040,2124414976,2130706432,2147483648,2146435072,2127560704,2137522176,2138046464,2689007065
2131755008,2156920832,2146435072,2128609280,2127560704,2146435072,2143289344,2124414976,2140930048,2135425024,2689023066
2134900736,2134900736,2132803584,2113929216,2126512128,2144337920,2141192192,2122317824,2129133568,2133590016,2689039068
2120220672,2144337920,2142240768,2126512128,2129657856,2146435072,2143289344,2126512128,2133327872,2136473600,2689055087
2140143616,2143289344,2141192192,2122317824,2131755008,2150629376,2147483648,2130706432,2136735744,2140143616,2689071089
2124414976,2151677952,2147483648,2139095040,2132803584,2151677952,2149580800,2132803584,2140667904,2141716480,2689087087
2134900736,2159017984,2156920832,2139095040,2131755008,2148532224,2147483648,2128609280,2147483648,2139095040,2689103089
2123366400,2140143616,2136997888,2125463552,2127560704,2145386496,2143289344,2123366400,2131492864,2134900736,2689119110
2119172096,2147483648,2147483648,2128609280,2127560704,2144337920,2141192192,2121269248,2135687168,2133590016,2689135107
2121269248,2148532224,2141192192,2134900736,2129657856,2146435072,2143289344,2125463552,2136473600,2136211456,2689152001
2123366400,2155872256,2151677952,2139095040,2131755008,2148532224,2146435072,2129657856,2142502912,2139095040,2689168001
2126512128,2149580800,2145386496,2134900736,2132803584,2150629376,2149580800,2132803584,2139095040,2141454336,2689184001
2128609280,2157969408,2160066560,2136997888,2131755008,2149580800,2148532224,2130706432,2145910784,2140143616,2689200023
2138046464,2140143616,2138046464,2121269248,2128609280,2147483648,2143289344,2126512128,2134376448,2136473600,2689216023
2119172096,2147483648,2145386496,2126512128,2126512128,2144337920,2141192192,2122317824,2134638592,2133590016,2689232024
2121269248,2140143616,2135949312,2121269248,2128609280,2145386496,2142240768,2124414976,2129657856,2135162880,2689248022
2124414976,2143289344,2141192192,2126512128,2130706432,2148532224,2145386496,2128609280,2133852160,2138308608,2689264045
2143289344,2150629376,2140143616,2127560704,2133852160,2150629376,2149580800,2131755008,2140405760,2141454336,2689280046
2128609280,2154823680,2161115136,2141192192,2132803584,2149580800,2148532224,2131755008,2146435072,2140667904,2689296047
2141192192,2143289344,2138046464,2121269248,2129657856,2147483648,2145386496,2127560704,2135949312,2137522176,2689312046
2139095040,2146435072,2144337920,2119172096,2126512128,2145386496,2142240768,2122317824,2137260032,2134114304,2689328066
2120220672,2141192192,2140143616,2122317824,2127560704,2143289344,2142240768,2121269248,2130968576,2133590016,2689344066
2122317824,2151677952,2152726528,2134900736,2130706432,2147483648,2145386496,2127560704,2140405760,2137784320,2689360067
2134900736,2145386496,2143289344,2126512128,2133852160,2150629376,2148532224,2131755008,2137522176,2141192192,2689376066
2125463552,2161115136,2155872256,2146435072,2132803584,2151677952,2149580800,2132803584,2147221504,2141716480,2689392089
2127560704,2142240768,2141192192,2125463552,2130706432,2148532224,2145386496,2128609280,2134114304,2138308608,2689408087
2136997888,2140143616,2138046464,2120220672,2127560704,2145386496,2141192192,2123366400,2133852160,2134376448,2689424089
2120220672,2140143616,2134900736,2118123520,2126512128,2144337920,2141192192,2123366400,2128347136,2133852160,2689440086
2120220672,2152726528,2147483648,2133852160,2130706432,2145386496,2143289344,2126512128,2138570752,2136473600,2689456108
2124414976,2145386496,2147483648,2127560704,2132803584,2150629376,2147483648,2131755008,2136211456,2140667904,2689472107
2127560704,2155872256,2162163712,2143289344,2132803584,2150629376,2149580800,2132803584,2147221504,2141454336,2689489001
2126512128,2163212288,2157969408,2143289344,2130706432,2148532224,2146435072,2129657856,2147745792,2138832896,2689505001
2134900736,2142240768,2138046464,2120220672,2128609280,2145386496,2142240768,2123366400,2133852160,2134900736,2689521001
2125463552,2138046464,2135949312,2118123520,2126512128,2144337920,2141192192,2122317824,2129395712,2133590016,2689537000
2130706432,2150629376,2144337920,2125463552,2128609280,2146435072,2142240768,2125463552,2137784320,2135687168,2689553024
2129657856,2156920832,2157969408,2133852160,2131755008,2150629376,2148532224,2129657856,2144600064,2140143616,2689569024
2136997888,2142240768,2142240768,2126512128,2133852160,2151677952,2148532224,2132803584,2136997888,2141716480,2689585024
2127560704,2161115136,2164260864,2140143616,2131755008,2149580800,2147483648,2129657856,2148270080,2139619328,2689601023
2123366400,2150629376,2151677952,2139095040,2128609280,2146435072,2143289344,2125463552,2141192192,2135949312,2689617047
2127560704,2151677952,2146435072,2125463552,2126512128,2144337920,2141192192,2122317824,2137784320,2133590016,2689633046
2138046464,2146435072,2133852160,2114977792,2127560704,2146435072,2142240768,2124414976,2133327872,2135162880,2689649046
2127560704,2155872256,2155872256,2132803584,2130706432,2149580800,2147483648,2129657856,2143027200,2139357184,2689665044
2132803584,2145386496,2142240768,2127560704,2132803584,2150629376,2149580800,2132803584,2136997888,2141454336,2689681067
2125463552,2164260864,2155872256,2149580800,2132803584,2150629376,2148532224,2131755008,2148794368,2140930048,2689697066
2136997888,2142240768,2136997888,2122317824,2129657856,2147483648,2144337920,2125463552,2134638592,2136735744,2689713067
2119172096,2154823680,2147483648,2136997888,2126512128,2144337920,2141192192,2122317824,2139619328,2133590016,2689729065
2120220672,2138046464,2141192192,2120220672,2127560704,2144337920,2142240768,2123366400,2129920000,2134376448,2689745088
2126512128,2156920832,2151677952,2135949312,2130706432,2147483648,2144337920,2127560704,2142765056,2137522176,2689761087
2142240768,2150629376,2141192192,2124414976,2132803584,2150629376,2149580800,2131755008,2139619328,2141192192,2689777090
2128609280,2147483648,2141192192,2134900736,2131755008,2151677952,2148532224,2132803584,2138046464,2141192192,2689793087
2125463552,2149580800,2149580800,2132803584,2130706432,2147483648,2145386496,2127560704,2139357184,2137784320,2689809110
2130706432,2154823680,2150629376,2131755008,2127560704,2145386496,2142240768,2122317824,2141978624,2134376448,2689826001
2122317824,2148532224,2148532224,2130706432,2126512128,2144337920,2141192192,2123366400,2137522176,2133852160,2689842001
2142240768,2146435072,2139095040,2118123520,2129657856,2147483648,2144337920,2127560704,2136473600,2137260032,2689858001
2133852160,2143289344,2138046464,2123366400,2131755008,2150629376,2147483648,2131755008,2134638592,2140405760,2689874001
2126512128,2167406592,2156920832,2143289344,2132803584,2150629376,2149580800,2132803584,2148532224,2141454336,2689890024
2133852160,2142240768,2143289344,2126512128,2130706432,2148532224,2146435072,2127560704,2136473600,2138308608,2689906024
2142240768,2140143616,2141192192,2117074944,2127560704,2145386496,2143289344,2123366400,2135162880,2134900736,2689922024
2119172096,2147483648,2135949312,2125463552,2126512128,2144337920,2141192192,2122317824,2132017152,2133590016,2689938023
2121269248,2143289344,2136997888,2124414976,2128609280,2146435072,2144337920,2125463552,2131492864,2136211456,2689954045
2129657856,2160066560,2153775104,2133852160,2131755008,2149580800,2147483648,2130706432,2144337920,2139881472,2689970045
2126512128,2149580800,2147483648,2132803584,2132803584,2151677952,2149580800,2133852160,2139095040,2141978624,2689986045
2140143616,2153775104,2154823680,2134900736,2130706432,2149580800,2146435072,2130706432,2145910784,2139357184,2690002045
2141192192,2141192192,2138046464,2119172096,2128609280,2145386496,2143289344,2124414976,2134900736,2135425024,2690018066
2130706432,2146435072,2146435072,2121269248,2126512128,2144337920,2142240768,2122317824,2136211456,2133852160,2690034068
2138046464,2139095040,2135949312,2116026368,2128609280,2146435072,2143289344,2124414976,2132279296,2135687168,2690050064
2136997888,2155872256,2146435072,2127560704,2131755008,2148532224,2146435072,2129657856,2141716480,2139095040,2690066068
2145386496,2146435072,2144337920,2127560704,2132803584,2151677952,2149580800,2132803584,2140930048,2141716480,2690082087
2136997888,2159017984,2154823680,2127560704,2132803584,2149580800,2147483648,2130706432,2144600064,2140143616,2690098090
2124414976,2163212288,2159017984,2138046464,2129657856,2147483648,2144337920,2126512128,2146172928,2136997888,2690114086
2127560704,2139095040,2136997888,2117074944,2126512128,2144337920,2141192192,2121269248,2130182144,2133327872,2690130090
2122317824,2145386496,2148532224,2126512128,2127560704,2144337920,2142240768,2123366400,2135687168,2134376448,2690146108
2135949312,2141192192,2135949312,2118123520,2130706432,2147483648,2145386496,2128609280,2132803584,2138046464,2690162110
2134900736,2144337920,2140143616,2124414976,2131755008,2151677952,2150629376,2132803584,2135949312,2141716480,2690179001
2134900736,2147483648,2143289344,2130706432,2131755008,2150629376,2148532224,2131755008,2139095040,2140667904,2690195001
2127560704,2162163712,2161115136,2135949312,2129657856,2147483648,2145386496,2126512128,2146697216,2137260032,2690211001
2136997888,2140143616,2135949312,2114977792,2126512128,2145386496,2141192192,2123366400,2132017152,2134114304,2690227024
2119172096,2141192192,2141192192,2118123520,2127560704,2145386496,2141192192,2122317824,2129920000,2134114304,2690243024
2122317824,2143289344,2148532224,2126512128,2130706432,2146435072,2145386496,2126512128,2135162880,2137260032,2690259023
2128609280,2142240768,2143289344,2123366400,2132803584,2150629376,2147483648,2131755008,2134376448,2140667904,2690275024
2130706432,2159017984,2161115136,2140143616,2132803584,2150629376,2149580800,2132803584,2147745792,2141454336,2690291047
2126512128,2145386496,2140143616,2128609280,2130706432,2148532224,2146435072,2128609280,2135162880,2138570752,2690307044
2121269248,2159017984,2153775104,2141192192,2126512128,2146435072,2142240768,2124414976,2143813632,2134900736,2690323047
2138046464,2139095040,2134900736,2113929216,2127560704,2144337920,2141192192,2122317824,2131492864,2133852160,2690339046
2139095040,2151677952,2145386496,2125463552,2128609280,2146435072,2144337920,2126512128,2140405760,2136473600,2690355066
2128609280,2162163712,2157969408,2134900736,2131755008,2150629376,2147483648,2131755008,2145910784,2140405760,2690371065
2131755008,2161115136,2159017984,2142240768,2133852160,2150629376,2148532224,2132803584,2148532224,2141454336,2690387067
2141192192,2143289344,2141192192,2123366400,2131755008,2149580800,2147483648,2129657856,2137260032,2139619328,2690403067
2143289344,2141192192,2138046464,2121269248,2127560704,2146435072,2143289344,2124414976,2135949312,2135425024,2690419089
2119172096,2140143616,2139095040,2120220672,2126512128,2143289344,2141192192,2121269248,2129657856,2133065728,2690435088
2132803584,2135949312,2133852160,2116026368,2128609280,2146435072,2143289344,2124414976,2129657856,2135687168,2690451088
2123366400,2145386496,2136997888,2129657856,2131755008,2148532224,2147483648,2130706432,2133852160,2139619328,2690467088
2127560704,2154823680,2155872256,2140143616,2131755008,2151677952,2149580800,2133852160,2144600064,2141716480,2690483109
2129657856,2160066560,2163212288,2142240768,2131755008,2149580800,2148532224,2130706432,2148794368,2140143616,2690499108
2126512128,2144337920,2143289344,2128609280,2129657856,2146435072,2144337920,2125463552,2135687168,2136473600,2690516001
2127560704,2152726528,2146435072,2126512128,2127560704,2144337920,2141192192,2123366400,2138308608,2134114304,2690532001
2138046464,2142240768,2133852160,2114977792,2128609280,2145386496,2142240768,2123366400,2132279296,2134900736,2690548001
2132803584,2148532224,2152726528,2128609280,2131755008,2148532224,2146435072,2128609280,2140667904,2138832896,2690564001
2126512128,2147483648,2152726528,2130706432,2133852160,2150629376,2149580800,2132803584,2139357184,2141716480,2690580023
2141192192,2146435072,2142240768,2126512128,2131755008,2149580800,2148532224,2131755008,2139095040,2140405760,2690596023
2127560704,2161115136,2156920832,2140143616,2129657856,2147483648,2145386496,2127560704,2146435072,2137522176,2690612025
2126512128,2154823680,2152726528,2128609280,2127560704,2144337920,2141192192,2122317824,2140667904,2133852160,2690628023
2126512128,2154823680,2149580800,2125463552,2127560704,2145386496,2141192192,2123366400,2139095040,2134376448,2690644044
2129657856,2142240768,2135949312,2122317824,2129657856,2147483648,2145386496,2127560704,2132541440,2137522176,2690660047
2127560704,2159017984,2159017984,2141192192,2132803584,2149580800,2148532224,2131755008,2146697216,2140667904,2690676046
2126512128,2142240768,2147483648,2127560704,2132803584,2150629376,2148532224,2131755008,2135949312,2140930048,2690692045
2143289344,2143289344,2140143616,2122317824,2130706432,2147483648,2145386496,2127560704,2137260032,2137784320,2690708067
2140143616,2144337920,2135949312,2117074944,2127560704,2144337920,2142240768,2123366400,2134376448,2134376448,2690724068
2132803584,2135949312,2132803584,2113929216,2126512128,2145386496,2142240768,2123366400,2128871424,2134376448,2690740066
2138046464,2142240768,2146435072,2118123520,2128609280,2146435072,2144337920,2125463552,2136211456,2136211456,2690756066
2143289344,2142240768,2138046464,2121269248,2132803584,2149580800,2148532224,2130706432,2136211456,2140405760,2690772087
2131755008,2160066560,2163212288,2142240768,2132803584,2150629376,2148532224,2132803584,2149318656,2141192192,2690788089
2141192192,2142240768,2142240768,2126512128,2130706432,2149580800,2147483648,2129657856,2138046464,2139357184,2690804088
2122317824,2150629376,2149580800,2133852160,2127560704,2145386496,2143289344,2124414976,2139095040,2135162880,2690820086
2129657856,2134900736,2133852160,2114977792,2126512128,2144337920,2141192192,2122317824,2128347136,2133590016,2690836112
2134900736,2136997888,2136997888,2118123520,2128609280,2146435072,2143289344,2125463552,2131755008,2135949312,2690853001
2125463552,2141192192,2142240768,2128609280,2130706432,2148532224,2146435072,2129657856,2134376448,2138832896,2690869001
2124414976,2149580800,2143289344,2134900736,2132803584,2151677952,2149580800,2132803584,2138046464,2141716480,2690885001
2145386496,2146435072,2141192192,2126512128,2131755008,2149580800,2146435072,2130706432,2139881472,2139619328,2690901001
2122317824,2154823680,2156920832,2134900736,2128609280,2145386496,2143289344,2125463552,2142240768,2135687168,2690917024
2135949312,2152726528,2140143616,2127560704,2126512128,2144337920,2141192192,2122317824,2139095040,2133590016,2690933024
2139095040,2143289344,2146435072,2114977792,2128609280,2145386496,2142240768,2123366400,2135949312,2134900736,2690949024
2128609280,2152726528,2150629376,2135949312,2130706432,2148532224,2146435072,2129657856,2141978624,2138832896,2690965023
2126512128,2159017984,2164260864,2142240768,2133852160,2151677952,2149580800,2132803584,2148007936,2141978624,2690981045
2126512128,2160066560,2152726528,2147483648,2132803584,2149580800,2147483648,2130706432,2146697216,2140143616,2690997044
2129657856,2145386496,2140143616,2124414976,2128609280,2147483648,2144337920,2126512128,2134900736,2136735744,2691013044
2129657856,2138046464,2138046464,2117074944,2126512128,2144337920,2141192192,2122317824,2130706432,2133590016,2691029045
2134900736,2146435072,2144337920,2119172096,2127560704,2145386496,2142240768,2123366400,2136211456,2134638592,2691045067
2132803584,2143289344,2146435072,2120220672,2129657856,2147483648,2145386496,2127560704,2135687168,2137522176,2691061066
2130706432,2143289344,2144337920,2126512128,2132803584,2150629376,2148532224,2132803584,2136211456,2141192192,2691077065
2145386496,2145386496,2144337920,2124414976,2132803584,2150629376,2149580800,2131755008,2139881472,2141192192,2691093069
2136997888,2146435072,2150629376,2125463552,2130706432,2147483648,2145386496,2126512128,2139881472,2137522176,2691109090
2120220672,2155872256,2142240768,2139095040,2127560704,2144337920,2142240768,2123366400,2139357184,2134376448,2691125089
2120220672,2145386496,2144337920,2125463552,2126512128,2144337920,2141192192,2122317824,2133852160,2133590016,2691141086
2119172096,2157969408,2141192192,2139095040,2128609280,2147483648,2144337920,2127560704,2139357184,2136997888,2691157088
2125463552,2143289344,2142240768,2125463552,2131755008,2150629376,2148532224,2130706432,2134114304,2140405760,2691173108
2126512128,2148532224,2152726528,2129657856,2132803584,2150629376,2147483648,2131755008,2139357184,2140667904,2691189109
2124414976,2156920832,2163212288,2136997888,2130706432,2148532224,2146435072,2128609280,2145386496,2138570752,2691206001
2130706432,2152726528,2150629376,2125463552,2127560704,2146435072,2141192192,2124414976,2139881472,2134900736,2691222001
2120220672,2141192192,2138046464,2124414976,2126512128,2145386496,2141192192,2122317824,2130968576,2133852160,2691238001
2122317824,2143289344,2143289344,2124414976,2128609280,2145386496,2143289344,2124414976,2133327872,2135425024,2691254023
2133852160,2155872256,2151677952,2131755008,2130706432,2150629376,2147483648,2130706432,2143289344,2139881472,2691270023
2136997888,2145386496,2143289344,2128609280,2132803584,2151677952,2149580800,2132803584,2138570752,2141716480,2691286023
2146435072,2141192192,2143289344,2122317824,2131755008,2148532224,2147483648,2129657856,2138308608,2139357184,2691302023
2139095040,2157969408,2144337920,2128609280,2128609280,2146435072,2143289344,2124414976,2142502912,2135687168,2691318047
2120220672,2139095040,2139095040,2118123520,2126512128,2144337920,2140143616,2122317824,2129133568,2133327872,2691334045
2132803584,2139095040,2135949312,2118123520,2127560704,2147483648,2143289344,2124414976,2131492864,2135687168,2691350045
2126512128,2154823680,2161115136,2136997888,2131755008,2148532224,2146435072,2129657856,2144862208,2139095040,2691366044
2125463552,2156920832,2151677952,2145386496,2132803584,2151677952,2149580800,2133852160,2144862208,2141978624,2691382065
2143289344,2145386496,2141192192,2126512128,2132803584,2149580800,2147483648,2130706432,2139095040,2140143616,2691398066
2132803584,2157969408,2155872256,2131755008,2129657856,2146435072,2144337920,2125463552,2144600064,2136473600,2691414066
2121269248,2142240768,2151677952,2125463552,2126512128,2145386496,2142240768,2123366400,2135162880,2134376448,2691430067
2129657856,2150629376,2146435072,2128609280,2126512128,2145386496,2142240768,2123366400,2138832896,2134376448,2691446090
2138046464,2142240768,2138046464,2120220672,2130706432,2147483648,2145386496,2127560704,2134638592,2137784320,2691462086
2123366400,2151677952,2149580800,2138046464,2132803584,2151677952,2149580800,2132803584,2140667904,2141716480,2691478091
2144337920,2149580800,2144337920,2124414976,2132803584,2150629376,2148532224,2131755008,2140667904,2140930048,2691494088
2134900736,2155872256,2154823680,2135949312,2129657856,2148532224,2145386496,2127560704,2145386496,2137784320,2691510108
2120220672,2142240768,2145386496,2125463552,2126512128,2144337920,2141192192,2123366400,2133327872,2133852160,2691526107
2138046464,2139095040,2136997888,2114977792,2128609280,2144337920,2142240768,2122317824,2132279296,2134376448,2691543001
2135949312,2146435072,2136997888,2123366400,2129657856,2147483648,2144337920,2127560704,2135687168,2137260032,2691559001
2123366400,2161115136,2151677952,2142240768,2132803584,2150629376,2148532224,2131755008,2144600064,2140930048,2691575001
2134900736,2160066560,2159017984,2135949312,2132803584,2150629376,2148532224,2131755008,2147483648,2140930048,2691591001
2128609280,2161115136,2157969408,2143289344,2130706432,2148532224,2145386496,2128609280,2147745792,2138308608,2691607023
2136997888,2138046464,2135949312,2117074944,2127560704,2145386496,2141192192,2123366400,2132017152,2134376448,2691623024
2119172096,2149580800,2149580800,2129657856,2126512128,2144337920,2141192192,2122317824,2136997888,2133590016,2691639023
2134900736,2138046464,2135949312,2117074944,2128609280,2146435072,2144337920,2125463552,2131492864,2136211456,2691655023
2145386496,2140143616,2140143616,2122317824,2131755008,2149580800,2148532224,2131755008,2136997888,2140405760,2691671045
2132803584,2159017984,2160066560,2135949312,2132803584,2151677952,2148532224,2132803584,2146959360,2141454336,2691687044
2142240768,2155872256,2143289344,2131755008,2130706432,2149580800,2147483648,2129657856,2143289344,2139357184,2691703045
2122317824,2160066560,2153775104,2141192192,2127560704,2145386496,2143289344,2124414976,2144337920,2135162880,2691719044
2133852160,2147483648,2138046464,2128609280,2126512128,2144337920,2141192192,2122317824,2136997888,2133590016,2691735069
2121269248,2155872256,2140143616,2139095040,2128609280,2146435072,2143289344,2124414976,2139095040,2135687168,2691751066
2135949312,2138046464,2138046464,2124414976,2131755008,2149580800,2146435072,2129657856,2134114304,2139357184,2691767066
2130706432,2161115136,2161115136,2145386496,2131755008,2151677952,2149580800,2133852160,2149580800,2141716480,2691783066
2129657856,2143289344,2142240768,2129657856,2131755008,2149580800,2147483648,2130706432,2136211456,2139881472,2691799089
2123366400,2147483648,2141192192,2131755008,2129657856,2145386496,2143289344,2125463552,2135949312,2135949312,2691815087
2123366400,2140143616,2134900736,2119172096,2126512128,2144337920,2141192192,2122317824,2129395712,2133590016,2691831088
2121269248,2154823680,2154823680,2134900736,2128609280,2144337920,2142240768,2123366400,2141454336,2134638592,2691847087
2140143616,2140143616,2142240768,2120220672,2130706432,2148532224,2145386496,2128609280,2135687168,2138308608,2691863110
2124414976,2154823680,2154823680,2138046464,2132803584,2151677952,2149580800,2133852160,2143027200,2141978624,2691880001
2145386496,2144337920,2144337920,2126512128,2132803584,2149580800,2148532224,2130706432,2140143616,2140405760,2691896001
2124414976,2147483648,2139095040,2130706432,2129657856,2146435072,2145386496,2126512128,2135425024,2136997888,2691912001
2124414976,2154823680,2155872256,2132803584,2127560704,2144337920,2141192192,2122317824,2141978624,2133852160,2691928001
2119172096,2138046464,2136997888,2120220672,2126512128,2144337920,2141192192,2123366400,2128609280,2133852160,2691944023
2134900736,2142240768,2142240768,2119172096,2129657856,2147483648,2145386496,2127560704,2134638592,2137522176,2691960024
2142240768,2142240768,2144337920,2121269248,2132803584,2150629376,2148532224,2131755008,2137522176,2140930048,2691976023
2129657856,2147483648,2147483648,2130706432,2132803584,2150629376,2148532224,2131755008,2138832896,2140930048,2691992025
2134900736,2142240768,2142240768,2124414976,2129657856,2148532224,2145386496,2128609280,2135949312,2138046464,2692008045
2140143616,2142240768,2144337920,2119172096,2127560704,2144337920,2141192192,2123366400,2136473600,2134114304,2692024044
2125463552,2155872256,2151677952,2130706432,2126512128,2145386496,2141192192,2123366400,2140930048,2134114304,2692040045
2134900736,2140143616,2145386496,2119172096,2128609280,2147483648,2144337920,2126512128,2134900736,2136735744,2692056045
2136997888,2141192192,2136997888,2122317824,2131755008,2149580800,2148532224,2129657856,2134376448,2139881472,2692072068
2125463552,2164260864,2161115136,2146435072,2132803584,2151677952,2149580800,2133852160,2149318656,2141978624,2692088066
2124414976,2153775104,2147483648,2138046464,2131755008,2148532224,2146435072,2128609280,2140930048,2138832896,2692104066
2129657856,2156920832,2150629376,2131755008,2127560704,2145386496,2143289344,2124414976,2142240768,2135162880,2692120067
2128609280,2152726528,2150629376,2127560704,2126512128,2144337920,2141192192,2121269248,2139881472,2133327872,2692136088
2130706432,2151677952,2150629376,2124414976,2128609280,2145386496,2144337920,2124414976,2139357184,2135687168,2692152088
2122317824,2156920832,2155872256,2138046464,2131755008,2149580800,2148532224,2129657856,2143289344,2139881472,2692168087
2144337920,2146435072,2146435072,2125463552,2133852160,2150629376,2148532224,2132803584,2140667904,2141454336,2692184087
2129657856,2142240768,2143289344,2125463552,2131755008,2148532224,2147483648,2129657856,2135162880,2139357184,2692200109
2143289344,2141192192,2139095040,2119172096,2128609280,2146435072,2143289344,2125463552,2135687168,2135949312,2692216108
2122317824,2154823680,2152726528,2135949312,2126512128,2144337920,2141192192,2121269248,2141454336,2133327872,2692233001
2126512128,2150629376,2152726528,2125463552,2127560704,2145386496,2141192192,2123366400,2138832896,2134376448,2692249001
2125463552,2140143616,2136997888,2121269248,2130706432,2148532224,2146435072,2128609280,2130968576,2138570752,2692265001
2146435072,2142240768,2141192192,2121269248,2133852160,2151677952,2149580800,2133852160,2137784320,2142240768,2692281023
2124414976,2157969408,2147483648,2142240768,2131755008,2149580800,2147483648,2130706432,2143027200,2139881472,2692297024
2142240768,2141192192,2139095040,2122317824,2129657856,2147483648,2145386496,2126512128,2136211456,2137260032,2692313023
2131755008,2138046464,2133852160,2117074944,2126512128,2144337920,2141192192,2122317824,2130182144,2133590016,2692329023
2128609280,2136997888,2133852160,2118123520,2127560704,2144337920,2142240768,2123366400,2129395712,2134376448,2692345045
2141192192,2141192192,2138046464,2118123520,2130706432,2148532224,2145386496,2128609280,2134638592,2138308608,2692361046
2133852160,2143289344,2141192192,2124414976,2132803584,2150629376,2148532224,2131755008,2135687168,2140930048,2692377046
2124414976,2154823680,2157969408,2140143616,2132803584,2151677952,2148532224,2132803584,2144337920,2141454336,2692393047
2124414976,2151677952,2147483648,2136997888,2130706432,2148532224,2145386496,2127560704,2140143616,2138046464,2692409067
2136997888,2144337920,2150629376,2118123520,2127560704,2143289344,2141192192,2122317824,2137522176,2133590016,2692425065
2138046464,2138046464,2134900736,2116026368,2126512128,2143289344,2142240768,2122317824,2131755008,2133590016,2692441066
2135949312,2138046464,2135949312,2118123520,2128609280,2147483648,2144337920,2127560704,2132017152,2136997888,2692457066
2134900736,2153775104,2152726528,2122317824,2132803584,2150629376,2148532224,2130706432,2140930048,2140667904,2692473090
2134900736,2154823680,2153775104,2128609280,2132803584,2150629376,2149580800,2132803584,2143027200,2141454336,2692489090
2136997888,2144337920,2141192192,2126512128,2130706432,2149580800,2146435072,2129657856,2137260032,2139095040,2692505088
2141192192,2143289344,2138046464,2118123520,2127560704,2145386496,2142240768,2124414976,2135162880,2134900736,2692521088
2122317824,2139095040,2134900736,2117074944,2126512128,2144337920,2141192192,2122317824,2128347136,2133590016,2692537112
2133852160,2150629376,2142240768,2129657856,2128609280,2146435072,2144337920,2125463552,2139095040,2136211456,2692553110
2127560704,2161115136,2154823680,2134900736,2132803584,2149580800,2147483648,2129657856,2144600064,2139881472,2692570001
2135949312,2145386496,2142240768,2128609280,2133852160,2149580800,2149580800,2131755008,2138046464,2141192192,2692586001
2132803584,2159017984,2162163712,2141192192,2130706432,2149580800,2147483648,2129657856,2148794368,2139357184,2692602001
2122317824,2151677952,2147483648,2134900736,2129657856,2145386496,2142240768,2124414976,2139095040,2135425024,2692618001
2120220672,2151677952,2148532224,2132803584,2126512128,2144337920,2140143616,2122317824,2138308608,2133327872,2692634025
2127560704,2135949312,2133852160,2117074944,2128609280,2145386496,2142240768,2123366400,2128609280,2134900736,2692650023
2123366400,2159017984,2156920832,2138046464,2130706432,2148532224,2147483648,2129657856,2144337920,2139095040,2692666024
2141192192,2146435072,2146435072,2124414976,2133852160,2151677952,2149580800,2132803584,2139619328,2141978624,2692682022
2126512128,2163212288,2161115136,2143289344,2132803584,2149580800,2147483648,2131755008,2148532224,2140405760,2692698045
2124414976,2143289344,2138046464,2127560704,2129657856,2146435072,2144337920,2125463552,2133327872,2136473600,2692714045
2142240768,2140143616,2135949312,2117074944,2127560704,2143289344,2141192192,2121269248,2133852160,2133327872,2692730045
2132803584,2134900736,2134900736,2114977792,2127560704,2144337920,2142240768,2123366400,2129395712,2134376448,2692746043
2130706432,2150629376,2151677952,2128609280,2129657856,2148532224,2145386496,2128609280,2140405760,2138046464,2692762066
2136997888,2156920832,2150629376,2132803584,2132803584,2151677952,2148532224,2133852160,2144337920,2141716480,2692778066
2127560704,2142240768,2142240768,2129657856,2132803584,2150629376,2148532224,2131755008,2135425024,2140930048,2692794066
2134900736,2156920832,2153775104,2127560704,2130706432,2147483648,2145386496,2126512128,2143289344,2137522176,2692810066
2120220672,2149580800,2149580800,2131755008,2127560704,2145386496,2141192192,2123366400,2137784320,2134376448,2692826087
2126512128,2157969408,2149580800,2132803584,2126512128,2145386496,2141192192,2123366400,2141716480,2134114304,2692842088
2123366400,2138046464,2138046464,2121269248,2129657856,2146435072,2145386496,2126512128,2130182144,2136997888,2692858089
2140143616,2142240768,2146435072,2121269248,2132803584,2150629376,2148532224,2131755008,2137522176,2140930048,2692874087
2131755008,2144337920,2144337920,2128609280,2132803584,2150629376,2149580800,2132803584,2137260032,2141454336,2692890109
2135949312,2156920832,2151677952,2126512128,2130706432,2148532224,2146435072,2128609280,2142765056,2138570752,2692907001
2121269248,2147483648,2144337920,2128609280,2127560704,2144337920,2141192192,2122317824,2135425024,2133852160,2692923001
2120220672,2149580800,2148532224,2129657856,2126512128,2144337920,2140143616,2122317824,2136997888,2133327872,2692939001
2133852160,2135949312,2134900736,2117074944,2129657856,2145386496,2143289344,2124414976,2130444288,2135687168,2692955001
2123366400,2148532224,2147483648,2134900736,2131755008,2149580800,2147483648,2130706432,2138570752,2139881472,2692971023
2146435072,2151677952,2143289344,2129657856,2132803584,2150629376,2149580800,2132803584,2142765056,2141454336,2692987022
2139095040,2156920832,2154823680,2129657856,2131755008,2148532224,2147483648,2129657856,2145124352,2139357184,2693003024
2136997888,2142240768,2136997888,2120220672,2127560704,2146435072,2143289344,2125463552,2134114304,2135687168,2693019023
2123366400,2151677952,2154823680,2131755008,2126512128,2144337920,2142240768,2122317824,2140405760,2133852160,2693035047
2135949312,2139095040,2133852160,2114977792,2127560704,2146435072,2143289344,2124414976,2130968576,2135425024,2693051046
2121269248,2148532224,2147483648,2131755008,2130706432,2149580800,2146435072,2128609280,2137260032,2138832896,2693067044
2126512128,2152726528,2160066560,2138046464,2132803584,2150629376,2149580800,2132803584,2144337920,2141454336,2693083045
2139095040,2156920832,2154823680,2141192192,2132803584,2149580800,2147483648,2130706432,2148007936,2140143616,2693099068
2138046464,2153775104,2146435072,2123366400,2129657856,2146435072,2144337920,2125463552,2140405760,2136473600,2693115067
2130706432,2139095040,2135949312,2114977792,2127560704,2144337920,2141192192,2122317824,2130182144,2133852160,2693131066
2123366400,2140143616,2134900736,2118123520,2127560704,2145386496,2142240768,2123366400,2129133568,2134638592,2693147067
2135949312,2139095040,2136997888,2118123520,2129657856,2148532224,2146435072,2128609280,2132541440,2138308608,2693163088
2140143616,2146435072,2146435072,2126512128,2132803584,2150629376,2148532224,2132803584,2139881472,2141192192,2693179087
2125463552,2153775104,2151677952,2139095040,2131755008,2150629376,2148532224,2131755008,2142502912,2140667904,2693195085
2126512128,2150629376,2151677952,2135949312,2129657856,2147483648,2145386496,2126512128,2141192192,2137260032,2693211088
2121269248,2159017984,2147483648,2138046464,2127560704,2144337920,2141192192,2123366400,2141454336,2134114304,2693227112
2117074944,2154823680,2143289344,2135949312,2127560704,2145386496,2142240768,2123366400,2137784320,2134638592,2693243108
2126512128,2159017984,2154823680,2135949312,2129657856,2148532224,2145386496,2127560704,2144075776,2137784320,2693260001
2123366400,2159017984,2155872256,2141192192,2132803584,2150629376,2148532224,2131755008,2144862208,2140930048,2693276001
2128609280,2146435072,2147483648,2131755008,2132803584,2150629376,2149580800,2131755008,2138570752,2141192192,2693292001
2124414976,2160066560,2157969408,2145386496,2129657856,2148532224,2146435072,2127560704,2146959360,2138046464,2693308024
2138046464,2150629376,2146435072,2124414976,2127560704,2145386496,2142240768,2123366400,2139881472,2134638592,2693324023
2119172096,2151677952,2151677952,2130706432,2126512128,2144337920,2142240768,2122317824,2138308608,2133852160,2693340023
2127560704,2141192192,2133852160,2122317824,2128609280,2147483648,2144337920,2126512128,2131230720,2136735744,2693356023
2124414976,2147483648,2151677952,2127560704,2131755008,2150629376,2147483648,2130706432,2137784320,2140143616,2693372046
2125463552,2149580800,2144337920,2131755008,2132803584,2151677952,2149580800,2132803584,2137784320,2141716480,2693388045
2138046464,2143289344,2139095040,2123366400,2130706432,2149580800,2146435072,2129657856,2135949312,2139095040,2693404045
2123366400,2157969408,2156920832,2139095040,2127560704,2146435072,2142240768,2125463552,2144337920,2135425024,2693420045
2120220672,2139095040,2139095040,2118123520,2126512128,2144337920,2141192192,2122317824,2129133568,2133590016,2693436067
2125463552,2135949312,2135949312,2117074944,2127560704,2146435072,2143289344,2125463552,2128609280,2135687168,2693452066
2124414976,2152726528,2155872256,2135949312,2131755008,2149580800,2147483648,2129657856,2142240768,2139619328,2693468065
2138046464,2143289344,2142240768,2127560704,2132803584,2151677952,2148532224,2132803584,2137784320,2141454336,2693484066
2141192192,2154823680,2146435072,2132803584,2131755008,2149580800,2147483648,2130706432,2143813632,2139881472,2693500088
2142240768,2140143616,2140143616,2121269248,2128609280,2146435072,2143289344,2125463552,2135949312,2135949312,2693516088
2139095040,2139095040,2140143616,2116026368,2126512128,2144337920,2142240768,2122317824,2133590016,2133852160,2693532088
2120220672,2152726528,2151677952,2132803584,2127560704,2144337920,2142240768,2123366400,2139357184,2134376448,2693548088
2136997888,2138046464,2135949312,2120220672,2129657856,2148532224,2145386496,2129657856,2132803584,2138308608,2693564107
2142240768,2142240768,2141192192,2125463552,2133852160,2151677952,2148532224,2131755008,2137784320,2141454336,2693580106
2128609280,2143289344,2148532224,2125463552,2131755008,2150629376,2147483648,2131755008,2136473600,2140405760,2693597001
2123366400,2151677952,2147483648,2135949312,2128609280,2147483648,2144337920,2127560704,2139619328,2136997888,2693613001
2121269248,2138046464,2134900736,2121269248,2126512128,2144337920,2141192192,2122317824,2128871424,2133590016,2693629001
2140143616,2134900736,2134900736,2112880640,2126512128,2145386496,2142240768,2123366400,2130706432,2134376448,2693645001
2140143616,2146435072,2135949312,2117074944,2130706432,2147483648,2145386496,2127560704,2134900736,2137784320,2693661025
2128609280,2156920832,2153775104,2139095040,2132803584,2149580800,2147483648,2131755008,2144600064,2140405760,2693677023
2129657856,2163212288,2163212288,2139095040,2132803584,2151677952,2148532224,2132803584,2148794368,2141454336,2693693023
2123366400,2159017984,2154823680,2142240768,2129657856,2148532224,2146435072,2127560704,2144862208,2138046464,2693709023
2135949312,2138046464,2136997888,2119172096,2127560704,2144337920,2142240768,2122317824,2132541440,2134114304,2693725045
2134900736,2139095040,2133852160,2113929216,2127560704,2144337920,2141192192,2122317824,2130444288,2133852160,2693741045
2127560704,2146435072,2149580800,2121269248,2128609280,2147483648,2144337920,2126512128,2136211456,2136735744,2693757045
2133852160,2141192192,2142240768,2123366400,2130706432,2150629376,2148532224,2131755008,2135162880,2140405760,2693773044
2132803584,2142240768,2142240768,2125463552,2132803584,2150629376,2148532224,2131755008,2135687168,2140930048,2693789067
2124414976,2145386496,2143289344,2130706432,2130706432,2148532224,2146435072,2128609280,2135949312,2138570752,2693805069
2130706432,2157969408,2153775104,2136997888,2128609280,2144337920,2141192192,2123366400,2144862208,2134376448,2693821067
2121269248,2141192192,2136997888,2120220672,2127560704,2144337920,2140143616,2122317824,2129920000,2133590016,2693837067
2130706432,2155872256,2146435072,2126512128,2128609280,2146435072,2143289344,2125463552,2139881472,2135949312,2693853089
2123366400,2146435072,2147483648,2128609280,2130706432,2149580800,2147483648,2129657856,2136473600,2139357184,2693869089
2139095040,2146435072,2146435072,2128609280,2133852160,2150629376,2149580800,2131755008,2140143616,2141454336,2693885089
2138046464,2156920832,2153775104,2133852160,2131755008,2149580800,2147483648,2130706432,2145648640,2139881472,2693901085
2123366400,2145386496,2149580800,2126512128,2128609280,2145386496,2143289344,2124414976,2136211456,2135425024,2693917110
2126512128,2155872256,2148532224,2127560704,2126512128,2144337920,2141192192,2122317824,2139619328,2133590016,2693934001
2138046464,2136997888,2134900736,2118123520,2128609280,2144337920,2142240768,2123366400,2132017152,2134638592,2693950001
2135949312,2138046464,2135949312,2119172096,2130706432,2148532224,2146435072,2128609280,2132279296,2138570752,2693966000
2124414976,2156920832,2157969408,2140143616,2132803584,2151677952,2148532224,2132803584,2144862208,2141454336,2693982001
2141192192,2146435072,2154823680,2128609280,2131755008,2150629376,2148532224,2131755008,2142765056,2140667904,2693998023
2124414976,2165309440,2153775104,2143289344,2129657856,2146435072,2144337920,2125463552,2146697216,2136473600,2694014024
2140143616,2135949312,2134900736,2114977792,2126512128,2144337920,2141192192,2122317824,2131492864,2133590016,2694030025
2131755008,2135949312,2132803584,2116026368,2126512128,2145386496,2142240768,2124414976,2129133568,2134638592,2694046023
2135949312,2143289344,2139095040,2118123520,2129657856,2147483648,2145386496,2127560704,2134114304,2137522176,2694062045
2132803584,2159017984,2153775104,2133852160,2132803584,2150629376,2148532224,2132803584,2144862208,2141192192,2694078047
2140143616,2154823680,2150629376,2133852160,2132803584,2150629376,2148532224,2131755008,2144862208,2140930048,2694094044
2141192192,2141192192,2139095040,2124414976,2129657856,2147483648,2145386496,2127560704,2136473600,2137522176,2694110045
2136997888,2142240768,2144337920,2118123520,2128609280,2144337920,2141192192,2122317824,2135425024,2134114304,2694126069
2118123520,2154823680,2150629376,2133852160,2126512128,2145386496,2141192192,2123366400,2139357184,2134114304,2694142066
2125463552,2147483648,2151677952,2129657856,2129657856,2147483648,2144337920,2126512128,2138570752,2136997888,2694158066
2125463552,2147483648,2141192192,2131755008,2131755008,2150629376,2148532224,2131755008,2136473600,2140667904,2694174067
2126512128,2155872256,2154823680,2140143616,2132803584,2150629376,2149580800,2132803584,2144337920,2141454336,2694190088
2128609280,2164260864,2157969408,2136997888,2130706432,2148532224,2146435072,2128609280,2146959360,2138570752,2694206089
2132803584,2151677952,2150629376,2132803584,2127560704,2146435072,2142240768,2125463552,2141978624,2135425024,2694222086
2131755008,2136997888,2134900736,2113929216,2126512128,2144337920,2141192192,2122317824,2129395712,2133590016,2694238088
2127560704,2154823680,2149580800,2127560704,2127560704,2147483648,2143289344,2126512128,2139881472,2136211456,2694254109
2134900736,2143289344,2139095040,2122317824,2131755008,2149580800,2147483648,2131755008,2134900736,2140143616,2694270108
2127560704,2147483648,2144337920,2132803584,2132803584,2150629376,2149580800,2132803584,2138046464,2141454336,2694287001
2147483648,2142240768,2143289344,2124414976,2131755008,2148532224,2146435072,2128609280,2139357184,2138832896,2694303001
2133852160,2151677952,2151677952,2129657856,2128609280,2146435072,2143289344,2125463552,2141716480,2135949312,2694319001
2130706432,2152726528,2146435072,2125463552,2126512128,2144337920,2141192192,2122317824,2138832896,2133590016,2694335022
2136997888,2146435072,2142240768,2117074944,2127560704,2146435072,2143289344,2125463552,2135687168,2135687168,2694351024
2138046464,2141192192,2136997888,2121269248,2130706432,2148532224,2146435072,2128609280,2134376448,2138570752,2694367023
2128609280,2147483648,2142240768,2130706432,2132803584,2151677952,2149580800,2132803584,2137260032,2141716480,2694383023
2138046464,2146435072,2152726528,2125463552,2131755008,2149580800,2147483648,2130706432,2140667904,2139881472,2694399045
2143289344,2140143616,2144337920,2121269248,2128609280,2147483648,2143289344,2126512128,2137260032,2136473600,2694415045
2134900736,2139095040,2140143616,2114977792,2126512128,2144337920,2141192192,2122317824,2132279296,2133590016,2694431046
2122317824,2153775104,2151677952,2134900736,2127560704,2144337920,2142240768,2123366400,2140667904,2134376448,2694447046
2128609280,2154823680,2148532224,2135949312,2129657856,2148532224,2146435072,2128609280,2141978624,2138308608,2694463066
2144337920,2152726528,2142240768,2133852160,2132803584,2151677952,2148532224,2132803584,2143289344,2141454336,2694479066
2139095040,2145386496,2145386496,2124414976,2132803584,2150629376,2148532224,2131755008,2138570752,2140930048,2694495068
2126512128,2145386496,2145386496,2130706432,2129657856,2147483648,2145386496,2127560704,2136997888,2137522176,2694511066
2140143616,2146435072,2135949312,2125463552,2127560704,2144337920,2141192192,2123366400,2136997888,2134114304,2694527090
2118123520,2151677952,2142240768,2134900736,2127560704,2145386496,2141192192,2123366400,2136735744,2134376448,2694543086
2132803584,2139095040,2135949312,2118123520,2130706432,2146435072,2145386496,2126512128,2131492864,2137260032,2694559087
2123366400,2155872256,2141192192,2141192192,2132803584,2150629376,2148532224,2132803584,2140405760,2141192192,2694575087
2131755008,2161115136,2160066560,2138046464,2132803584,2150629376,2148532224,2132803584,2147745792,2141192192,2694591108
2143289344,2140143616,2141192192,2121269248,2130706432,2147483648,2145386496,2128609280,2136473600,2138046464,2694607109
2123366400,2141192192,2134900736,2124414976,2127560704,2144337920,2142240768,2123366400,2130968576,2134376448,2694624001
2122317824,2147483648,2151677952,2129657856,2127560704,2144337920,2142240768,2122317824,2137784320,2134114304,2694640001
2125463552,2140143616,2136997888,2120220672,2129657856,2146435072,2143289344,2126512128,2130706432,2136473600,2694656001
2141192192,2142240768,2138046464,2121269248,2131755008,2150629376,2148532224,2130706432,2135687168,2140405760,2694672001
2129657856,2146435072,2143289344,2130706432,2132803584,2151677952,2149580800,2132803584,2137522176,2141716480,2694688022
2139095040,2145386496,2142240768,2126512128,2130706432,2149580800,2146435072,2130706432,2138308608,2139357184,2694704024
2133852160,2146435072,2148532224,2121269248,2127560704,2145386496,2142240768,2124414976,2137522176,2134900736,2694720023
2121269248,2140143616,2140143616,2121269248,2127560704,2144337920,2141192192,2122317824,2130706432,2133852160,2694736023
2120220672,2155872256,2152726528,2129657856,2127560704,2146435072,2143289344,2124414976,2139619328,2135425024,2694752045
2124414976,2147483648,2141192192,2127560704,2131755008,2149580800,2146435072,2130706432,2135162880,2139619328,2694768046
2138046464,2142240768,2143289344,2124414976,2132803584,2150629376,2149580800,2132803584,2136997888,2141454336,2694784045
2132803584,2159017984,2156920832,2138046464,2132803584,2149580800,2147483648,2130706432,2146697216,2140143616,2694800044
2134900736,2152726528,2152726528,2128609280,2128609280,2146435072,2143289344,2125463552,2142240768,2135949312,2694816067
2119172096,2154823680,2147483648,2135949312,2126512128,2145386496,2142240768,2122317824,2139357184,2134114304,2694832066
2128609280,2135949312,2135949312,2116026368,2128609280,2143289344,2141192192,2123366400,2129133568,2134114304,2694848068
2135949312,2138046464,2135949312,2120220672,2130706432,2148532224,2145386496,2128609280,2132541440,2138308608,2694864065
2136997888,2142240768,2140143616,2123366400,2132803584,2150629376,2148532224,2131755008,2135687168,2140930048,2694880088
2126512128,2149580800,2151677952,2134900736,2132803584,2150629376,2148532224,2131755008,2140667904,2140930048,2694896087
2134900736,2143289344,2140143616,2122317824,2128609280,2148532224,2144337920,2128609280,2135162880,2137522176,2694912089
2130706432,2141192192,2146435072,2119172096,2127560704,2144337920,2141192192,2123366400,2134376448,2134114304,2694928087
2129657856,2135949312,2134900736,2117074944,2127560704,2144337920,2142240768,2123366400,2129395712,2134376448,2694944108
2135949312,2144337920,2135949312,2118123520,2129657856,2148532224,2145386496,2128609280,2133590016,2138046464,2694961001
2138046464,2143289344,2142240768,2124414976,2132803584,2149580800,2149580800,2131755008,2136997888,2140930048,2694977001
2129657856,2142240768,2141192192,2127560704,2132803584,2150629376,2148532224,2132803584,2135162880,2141192192,2694993001
2123366400,2159017984,2151677952,2141192192,2130706432,2147483648,2145386496,2127560704,2143813632,2137784320,2695009001
2131755008,2139095040,2139095040,2117074944,2127560704,2144337920,2141192192,2122317824,2131755008,2133852160,2695025023
2124414976,2136997888,2136997888,2116026368,2127560704,2144337920,2141192192,2122317824,2128609280,2133852160,2695041023
2124414976,2153775104,2153775104,2136997888,2128609280,2147483648,2144337920,2127560704,2142240768,2136997888,2695057023
2126512128,2159017984,2163212288,2138046464,2131755008,2149580800,2148532224,2130706432,2146697216,2140143616,2695073026
2142240768,2144337920,2146435072,2125463552,2132803584,2150629376,2149580800,2132803584,2139619328,2141454336,2695089045
2140143616,2145386496,2144337920,2126512128,2130706432,2148532224,2146435072,2128609280,2139095040,2138570752,2695105046
2133852160,2145386496,2146435072,2120220672,2127560704,2146435072,2143289344,2124414976,2136473600,2135425024,2695121044
2132803584,2146435072,2142240768,2125463552,2126512128,2143289344,2141192192,2122317824,2136735744,2133327872,2695137045
2121269248,2140143616,2139095040,2123366400,2128609280,2146435072,2143289344,2125463552,2130968576,2135949312,2695153066
2136997888,2140143616,2136997888,2119172096,2130706432,2150629376,2148532224,2130706432,2133327872,2140143616,2695169068
2141192192,2141192192,2142240768,2123366400,2132803584,2150629376,2149580800,2132803584,2136997888,2141454336,2695185068
2124414976,2147483648,2142240768,2131755008,2131755008,2149580800,2147483648,2130706432,2136473600,2139881472,2695201067
2141192192,2139095040,2136997888,2120220672,2128609280,2145386496,2142240768,2124414976,2134376448,2135162880,2695217088
2125463552,2135949312,2134900736,2116026368,2127560704,2144337920,2141192192,2122317824,2128084992,2133852160,2695233088
2131755008,2149580800,2144337920,2127560704,2127560704,2145386496,2143289344,2124414976,2138308608,2135162880,2695249086
2125463552,2143289344,2136997888,2126512128,2130706432,2149580800,2146435072,2128609280,2133065728,2138832896,2695265087
2132803584,2162163712,2154823680,2139095040,2132803584,2151677952,2149580800,2133852160,2147221504,2141978624,2695281108
2127560704,2163212288,2162163712,2144337920,2132803584,2150629376,2148532224,2131755008,2149318656,2140930048,2695297109
2140143616,2144337920,2139095040,2123366400,2129657856,2147483648,2144337920,2125463552,2136735744,2136735744,2695314001
2119172096,2148532224,2141192192,2131755008,2126512128,2144337920,2141192192,2122317824,2135162880,2133590016,2695330001
2133852160,2139095040,2132803584,2113929216,2128609280,2144337920,2141192192,2122317824,2129920000,2134114304,2695346001
2124414976,2159017984,2155872256,2136997888,2130706432,2148532224,2145386496,2128609280,2144075776,2138308608,2695362023
2144337920,2145386496,2144337920,2124414976,2132803584,2150629376,2148532224,2131755008,2139619328,2140930048,2695378022
2130706432,2160066560,2164260864,2138046464,2132803584,2150629376,2148532224,2131755008,2148270080,2140930048,2695394024
2125463552,2149580800,2155872256,2129657856,2130706432,2147483648,2145386496,2127560704,2140143616,2137784320,2695410024
2123366400,2149580800,2154823680,2130706432,2126512128,2144337920,2141192192,2123366400,2139619328,2133852160,2695426045
2133852160,2143289344,2142240768,2117074944,2127560704,2144337920,2141192192,2122317824,2134114304,2133852160,2695442044
2121269248,2154823680,2147483648,2138046464,2129657856,2147483648,2144337920,2126512128,2140405760,2136997888,2695458044
2130706432,2155872256,2150629376,2127560704,2132803584,2150629376,2148532224,2131755008,2141192192,2140930048,2695474045
2139095040,2140143616,2141192192,2125463552,2131755008,2151677952,2148532224,2132803584,2136473600,2141192192,2695490066
2136997888,2156920832,2156920832,2138046464,2130706432,2148532224,2145386496,2128609280,2147221504,2138308608,2695506066
2120220672,2154823680,2147483648,2138046464,2127560704,2145386496,2142240768,2123366400,2140143616,2134638592,2695522066
2120220672,2140143616,2147483648,2121269248,2126512128,2144337920,2140143616,2123366400,2132279296,2133590016,2695538066
2119172096,2148532224,2147483648,2130706432,2129657856,2146435072,2143289344,2126512128,2136473600,2136473600,2695554088
2125463552,2140143616,2138046464,2124414976,2131755008,2149580800,2147483648,2130706432,2132017152,2139881472,2695570086
2135949312,2146435072,2155872256,2127560704,2132803584,2150629376,2149580800,2132803584,2141454336,2141454336,2695586088
2129657856,2160066560,2157969408,2140143616,2131755008,2148532224,2146435072,2129657856,2146959360,2139095040,2695602086
2123366400,2147483648,2135949312,2130706432,2128609280,2145386496,2142240768,2124414976,2134376448,2135162880,2695618109
2120220672,2152726528,2150629376,2131755008,2127560704,2144337920,2141192192,2122317824,2138832896,2133852160,2695634108
2119172096,2147483648,2141192192,2128609280,2127560704,2146435072,2143289344,2125463552,2134114304,2135687168,2695651001
2140143616,2140143616,2136997888,2120220672,2130706432,2149580800,2146435072,2129657856,2134376448,2139095040,2695667001
2140143616,2142240768,2140143616,2124414976,2132803584,2151677952,2149580800,2131755008,2136735744,2141454336,2695683001
2126512128,2154823680,2159017984,2138046464,2132803584,2148532224,2147483648,2130706432,2144600064,2139881472,2695699000
2139095040,2139095040,2136997888,2119172096,2128609280,2146435072,2143289344,2125463552,2133590016,2135949312,2695715023
2123366400,2154823680,2152726528,2129657856,2125463552,2144337920,2142240768,2122317824,2140143616,2133590016,2695731023
2118123520,2151677952,2141192192,2132803584,2127560704,2144337920,2141192192,2123366400,2135949312,2134114304,2695747024
2132803584,2141192192,2141192192,2122317824,2130706432,2148532224,2146435072,2128609280,2134376448,2138570752,2695763024
2143289344,2142240768,2140143616,2124414976,2132803584,2150629376,2148532224,2132803584,2137522176,2141192192,2695779046
2125463552,2160066560,2160066560,2145386496,2131755008,2150629376,2148532224,2132803584,2147745792,2140930048,2695795045
2132803584,2153775104,2154823680,2131755008,2129657856,2147483648,2144337920,2126512128,2143289344,2136997888,2695811045
2122317824,2138046464,2135949312,2120220672,2127560704,2144337920,2140143616,2122317824,2129133568,2133590016,2695827045
2139095040,2136997888,2133852160,2113929216,2127560704,2144337920,2142240768,2122317824,2130968576,2134114304,2695843066
2131755008,2144337920,2153775104,2117074944,2129657856,2147483648,2145386496,2127560704,2136735744,2137522176,2695859066
2138046464,2143289344,2140143616,2124414976,2132803584,2150629376,2148532224,2131755008,2136473600,2140930048,2695875069
2129657856,2143289344,2143289344,2128609280,2132803584,2150629376,2148532224,2132803584,2136211456,2141192192,2695891065
2141192192,2145386496,2141192192,2126512128,2130706432,2147483648,2145386496,2127560704,2138570752,2137784320,2695907090
2138046464,2138046464,2141192192,2117074944,2127560704,2145386496,2142240768,2123366400,2133590016,2134638592,2695923088
2141192192,2135949312,2133852160,2113929216,2126512128,2144337920,2141192192,2122317824,2131230720,2133590016,2695939087
2136997888,2151677952,2138046464,2125463552,2128609280,2146435072,2144337920,2125463552,2138046464,2136211456,2695955084
2131755008,2144337920,2149580800,2124414976,2131755008,2149580800,2147483648,2130706432,2137522176,2139881472,2695971111
2142240768,2142240768,2143289344,2125463552,2132803584,2151677952,2149580800,2132803584,2138308608,2141716480,2695988001
2124414976,2153775104,2149580800,2136997888,2131755008,2148532224,2147483648,2129657856,2141192192,2139357184,2696004001
2142240768,2141192192,2138046464,2120220672,2127560704,2145386496,2143289344,2124414976,2135425024,2135162880,2696020001
2122317824,2148532224,2150629376,2130706432,2126512128,2144337920,2141192192,2121269248,2138046464,2133327872,2696036001
2120220672,2157969408,2153775104,2133852160,2127560704,2146435072,2143289344,2125463552,2141454336,2135687168,2696052022
2126512128,2156920832,2159017984,2135949312,2130706432,2149580800,2147483648,2130706432,2144600064,2139619328,2696068022
2141192192,2144337920,2141192192,2125463552,2133852160,2150629376,2148532224,2131755008,2138046464,2141192192,2696084022
2142240768,2144337920,2141192192,2123366400,2132803584,2149580800,2147483648,2130706432,2137784320,2140143616,2696100023
2133852160,2143289344,2139095040,2124414976,2128609280,2146435072,2143289344,2125463552,2135162880,2135949312,2696116045
2123366400,2148532224,2152726528,2130706432,2126512128,2145386496,2141192192,2123366400,2138832896,2134114304,2696132047
2118123520,2142240768,2139095040,2124414976,2127560704,2145386496,2142240768,2124414976,2130968576,2134900736,2696148045
2129657856,2135949312,2138046464,2119172096,2131755008,2148532224,2146435072,2128609280,2130706432,2138832896,2696164047
2125463552,2159017984,2157969408,2145386496,2133852160,2150629376,2148532224,2131755008,2146959360,2141192192,2696180066
2145386496,2142240768,2142240768,2124414976,2132803584,2150629376,2148532224,2131755008,2138570752,2140930048,2696196065
2123366400,2155872256,2154823680,2139095040,2129657856,2147483648,2144337920,2127560704,2143289344,2137260032,2696212066
2135949312,2139095040,2135949312,2114977792,2127560704,2144337920,2141192192,2122317824,2131492864,2133852160,2696228067
2121269248,2154823680,2152726528,2133852160,2126512128,2145386496,2142240768,2123366400,2140667904,2134376448,2696244088
2122317824,2155872256,2150629376,2139095040,2129657856,2147483648,2145386496,2127560704,2141978624,2137522176,2696260089
2136997888,2154823680,2149580800,2125463552,2132803584,2149580800,2148532224,2131755008,2141716480,2140667904,2696276085
2139095040,2145386496,2140143616,2128609280,2132803584,2150629376,2149580800,2132803584,2138308608,2141454336,2696292087
2134900736,2140143616,2141192192,2122317824,2130706432,2147483648,2145386496,2127560704,2134638592,2137784320,2696308109
2131755008,2138046464,2140143616,2117074944,2127560704,2144337920,2142240768,2123366400,2131755008,2134376448,2696324108
2119172096,2141192192,2143289344,2119172096,2126512128,2143289344,2141192192,2122317824,2130706432,2133327872,2696341001
2138046464,2136997888,2135949312,2114977792,2129657856,2146435072,2144337920,2126512128,2131492864,2136735744,2696357001
2140143616,2140143616,2140143616,2121269248,2131755008,2149580800,2147483648,2130706432,2135425024,2139881472,2696373001
2134900736,2153775104,2157969408,2127560704,2132803584,2150629376,2148532224,2132803584,2143551488,2141192192,2696389024
2127560704,2145386496,2140143616,2128609280,2130706432,2148532224,2146435072,2128609280,2135425024,2138570752,2696405023
2135949312,2140143616,2135949312,2122317824,2128609280,2144337920,2141192192,2123366400,2133590016,2134376448,2696421023
2134900736,2150629376,2144337920,2126512128,2126512128,2144337920,2141192192,2122317824,2139095040,2133590016,2696437024
2129657856,2135949312,2133852160,2117074944,2129657856,2144337920,2143289344,2124414976,2129133568,2135425024,2696453045
2123366400,2161115136,2148532224,2144337920,2132803584,2149580800,2147483648,2129657856,2144337920,2139881472,2696469044
2142240768,2144337920,2146435072,2125463552,2133852160,2151677952,2148532224,2133852160,2139619328,2141978624,2696485047
2141192192,2154823680,2149580800,2127560704,2130706432,2148532224,2146435072,2129657856,2143289344,2138832896,2696501045
2124414976,2159017984,2156920832,2136997888,2127560704,2146435072,2143289344,2124414976,2144337920,2135425024,2696517067
2119172096,2154823680,2150629376,2133852160,2125463552,2144337920,2141192192,2122317824,2139619328,2133327872,2696533067
2136997888,2138046464,2134900736,2118123520,2128609280,2144337920,2142240768,2123366400,2132017152,2134638592,2696549067
2122317824,2149580800,2151677952,2134900736,2130706432,2147483648,2146435072,2128609280,2139619328,2138308608,2696565068
2131755008,2162163712,2160066560,2135949312,2133852160,2150629376,2148532224,2132803584,2147483648,2141454336,2696581088
2124414976,2162163712,2159017984,2144337920,2132803584,2149580800,2147483648,2130706432,2147483648,2140143616,2696597086
2128609280,2161115136,2155872256,2135949312,2130706432,2146435072,2144337920,2125463552,2145386496,2136735744,2696613087
2126512128,2151677952,2152726528,2125463552,2126512128,2144337920,2141192192,2123366400,2139095040,2133852160,2696629089
2132803584,2144337920,2146435072,2118123520,2127560704,2144337920,2142240768,2123366400,2135425024,2134376448,2696645110
2124414976,2155872256,2155872256,2134900736,2129657856,2147483648,2145386496,2127560704,2142765056,2137522176,2696661106
2125463552,2149580800,2157969408,2135949312,2132803584,2150629376,2148532224,2131755008,2142240768,2140930048,2696678001
2126512128,2151677952,2152726528,2134900736,2132803584,2149580800,2147483648,2132803584,2141454336,2140667904,2696694001
2140143616,2152726528,2138046464,2134900736,2129657856,2147483648,2145386496,2127560704,2141454336,2137522176,2696710001
2132803584,2150629376,2146435072,2129657856,2127560704,2144337920,2141192192,2123366400,2139881472,2134114304,2696726001
2139095040,2139095040,2142240768,2114977792,2126512128,2145386496,2141192192,2123366400,2133852160,2134114304,2696742023
2124414976,2150629376,2154823680,2129657856,2129657856,2147483648,2145386496,2127560704,2139881472,2137522176,2696758023
2138046464,2143289344,2139095040,2123366400,2132803584,2149580800,2147483648,2131755008,2135949312,2140405760,2696774023
2126512128,2154823680,2147483648,2140143616,2133852160,2150629376,2147483648,2132803584,2142240768,2141192192,2696790022
2139095040,2141192192,2141192192,2122317824,2129657856,2148532224,2146435072,2129657856,2135949312,2138570752,2696806045
2120220672,2151677952,2151677952,2134900736,2128609280,2144337920,2142240768,2123366400,2139619328,2134638592,2696822045
2133852160,2136997888,2133852160,2116026368,2126512128,2144337920,2141192192,2121269248,2130182144,2133327872,2696838045
2130706432,2154823680,2146435072,2130706432,2128609280,2147483648,2144337920,2126512128,2140667904,2136735744,2696854043
2124414976,2151677952,2147483648,2134900736,2132803584,2149580800,2147483648,2129657856,2139619328,2139881472,2696870066
2129657856,2146435072,2147483648,2130706432,2132803584,2151677952,2149580800,2132803584,2138570752,2141716480,2696886068
2140143616,2144337920,2143289344,2123366400,2131755008,2149580800,2146435072,2129657856,2137784320,2139357184,2696902066
2121269248,2159017984,2154823680,2138046464,2127560704,2146435072,2143289344,2125463552,2143289344,2135687168,2696918065
2119172096,2156920832,2152726528,2134900736,2126512128,2145386496,2141192192,2123366400,2140930048,2134114304,2696934088
2124414976,2140143616,2139095040,2118123520,2127560704,2145386496,2143289344,2123366400,2130444288,2134900736,2696950089
2126512128,2160066560,2156920832,2135949312,2131755008,2149580800,2147483648,2129657856,2144862208,2139619328,2696966088
2131755008,2147483648,2142240768,2126512128,2132803584,2151677952,2149580800,2132803584,2136997888,2141716480,2696982087
2125463552,2151677952,2149580800,2134900736,2131755008,2149580800,2147483648,2130706432,2140405760,2139881472,2696998109
2123366400,2163212288,2159017984,2141192192,2128609280,2146435072,2144337920,2125463552,2146697216,2136211456,2697015001
2134900736,2136997888,2132803584,2114977792,2126512128,2144337920,2141192192,2122317824,2129920000,2133590016,2697031001
2127560704,2136997888,2134900736,2116026368,2128609280,2144337920,2142240768,2123366400,2128871424,2134638592,2697047001
2132803584,2139095040,2139095040,2117074944,2130706432,2148532224,2145386496,2128609280,2132017152,2138308608,2697063001
2127560704,2149580800,2161115136,2134900736,2132803584,2151677952,2149580800,2132803584,2143289344,2141716480,2697079023
2127560704,2147483648,2141192192,2130706432,2132803584,2150629376,2148532224,2131755008,2136735744,2140930048,2697095023
2124414976,2150629376,2143289344,2135949312,2129657856,2147483648,2144337920,2127560704,2138570752,2137260032,2697111022
2138046464,2146435072,2142240768,2121269248,2127560704,2145386496,2142240768,2123366400,2136997888,2134638592,2697127024
2123366400,2155872256,2151677952,2134900736,2127560704,2144337920,2141192192,2123366400,2141454336,2134114304,2697143046
2120220672,2148532224,2143289344,2129657856,2129657856,2146435072,2144337920,2126512128,2135425024,2136735744,2697159045
2129657856,2162163712,2156920832,2135949312,2131755008,2150629376,2148532224,2132803584,2146172928,2140930048,2697175045
2127560704,2155872256,2155872256,2139095040,2132803584,2151677952,2148532224,2132803584,2144600064,2141454336,2697191046
2124414976,2151677952,2147483648,2134900736,2130706432,2148532224,2146435072,2128609280,2139619328,2138570752,2697207067
2122317824,2147483648,2151677952,2130706432,2127560704,2145386496,2141192192,2123366400,2138046464,2134376448,2697223066
2123366400,2152726528,2149580800,2125463552,2126512128,2144337920,2142240768,2122317824,2137784320,2133852160,2697239066
2121269248,2156920832,2155872256,2139095040,2128609280,2148532224,2144337920,2126512128,2143289344,2136997888,2697255066
2139095040,2146435072,2146435072,2122317824,2131755008,2149580800,2147483648,2129657856,2138570752,2139619328,2697271089
2144337920,2143289344,2142240768,2125463552,2133852160,2151677952,2149580800,2132803584,2138832896,2141978624,2697287088
2132803584,2142240768,2144337920,2125463552,2130706432,2148532224,2147483648,2129657856,2136211456,2139095040,2697303087
2130706432,2155872256,2154823680,2130706432,2127560704,2146435072,2143289344,2125463552,2143027200,2135687168,2697319089
2123366400,2151677952,2152726528,2130706432,2126512128,2143289344,2141192192,2122317824,2139619328,2133327872,2697335111
2141192192,2141192192,2138046464,2119172096,2128609280,2145386496,2142240768,2124414976,2134900736,2135162880,2697351111
2123366400,2154823680,2149580800,2138046464,2132803584,2148532224,2147483648,2128609280,2141454336,2139357184,2697368001
2125463552,2161115136,2154823680,2142240768,2132803584,2151677952,2148532224,2132803584,2145910784,2141454336,2697384001
2126512128,2143289344,2143289344,2127560704,2130706432,2149580800,2147483648,2130706432,2135162880,2139619328,2697400001
2123366400,2147483648,2140143616,2130706432,2127560704,2146435072,2144337920,2126512128,2135425024,2136211456,2697416025
2120220672,2150629376,2147483648,2131755008,2126512128,2144337920,2141192192,2122317824,2137522176,2133590016,2697432023
2135949312,2143289344,2136997888,2116026368,2127560704,2145386496,2142240768,2124414976,2133065728,2134900736,2697448022
2135949312,2139095040,2136997888,2120220672,2131755008,2147483648,2146435072,2127560704,2133065728,2138308608,2697464023
2124414976,2160066560,2160066560,2142240768,2133852160,2151677952,2148532224,2132803584,2146697216,2141716480,2697480045
2139095040,2141192192,2141192192,2123366400,2132803584,2150629376,2148532224,2131755008,2136211456,2140930048,2697496045
2125463552,2144337920,2144337920,2129657856,2129657856,2146435072,2144337920,2125463552,2135949312,2136473600,2697512044
2129657856,2138046464,2135949312,2119172096,2126512128,2144337920,2142240768,2122317824,2130706432,2133852160,2697528045
2129657856,2139095040,2134900736,2113929216,2126512128,2144337920,2142240768,2122317824,2129395712,2133852160,2697544066
2122317824,2154823680,2150629376,2135949312,2129657856,2148532224,2145386496,2128609280,2140930048,2138046464,2697560065
2123366400,2143289344,2144337920,2127560704,2133852160,2150629376,2148532224,2131755008,2134638592,2141192192,2697576067
2125463552,2162163712,2155872256,2146435072,2132803584,2150629376,2149580800,2132803584,2147483648,2141454336,2697592066
2128609280,2155872256,2157969408,2133852160,2129657856,2148532224,2145386496,2128609280,2144075776,2138046464,2697608087
2140143616,2138046464,2135949312,2118123520,2127560704,2145386496,2141192192,2122317824,2133065728,2134114304,2697624088
2136997888,2141192192,2132803584,2116026368,2127560704,2144337920,2141192192,2123366400,2131755008,2134114304,2697640088
2121269248,2143289344,2147483648,2123366400,2128609280,2147483648,2144337920,2126512128,2133852160,2136735744,2697656088
2125463552,2147483648,2141192192,2130706432,2132803584,2149580800,2147483648,2130706432,2136211456,2140143616,2697672110
2139095040,2153775104,2157969408,2129657856,2133852160,2150629376,2148532224,2131755008,2145124352,2141192192,2697688108
2133852160,2156920832,2150629376,2133852160,2130706432,2147483648,2145386496,2128609280,2143813632,2138046464,2697705001
2134900736,2141192192,2139095040,2121269248,2127560704,2146435072,2142240768,2124414976,2134114304,2135162880,2697721001
2121269248,2139095040,2133852160,2119172096,2127560704,2143289344,2140143616,2121269248,2128347136,2133065728,2697737001
2120220672,2145386496,2144337920,2126512128,2128609280,2145386496,2142240768,2125463552,2134114304,2135425024,2697753001
2124414976,2148532224,2143289344,2131755008,2130706432,2149580800,2147483648,2130706432,2136997888,2139619328,2697769024
2128609280,2168455168,2160066560,2141192192,2133852160,2150629376,2149580800,2131755008,2149580800,2141454336,2697785023
2147483648,2144337920,2146435072,2124414976,2130706432,2150629376,2148532224,2131755008,2140667904,2140405760,2697801025
2142240768,2139095040,2140143616,2119172096,2128609280,2146435072,2143289344,2125463552,2135162880,2135949312,2697817022
2136997888,2136997888,2133852160,2113929216,2126512128,2144337920,2141192192,2121269248,2130444288,2133327872,2697833045
2120220672,2144337920,2135949312,2126512128,2127560704,2145386496,2143289344,2124414976,2131755008,2135162880,2697849045
2123366400,2155872256,2155872256,2139095040,2130706432,2149580800,2147483648,2129657856,2143551488,2139357184,2697865046
2147483648,2143289344,2146435072,2121269248,2133852160,2151677952,2148532224,2132803584,2139619328,2141716480,2697881043
2126512128,2149580800,2149580800,2134900736,2132803584,2149580800,2148532224,2131755008,2140143616,2140667904,2697897067
2129657856,2138046464,2139095040,2124414976,2128609280,2146435072,2143289344,2126512128,2132803584,2136211456,2697913067
2131755008,2152726528,2146435072,2129657856,2126512128,2145386496,2141192192,2123366400,2140143616,2134114304,2697929067
2122317824,2138046464,2135949312,2118123520,2127560704,2144337920,2142240768,2122317824,2128609280,2134114304,2697945066
2126512128,2150629376,2152726528,2133852160,2130706432,2147483648,2145386496,2127560704,2140930048,2137784320,2697961087
2125463552,2148532224,2149580800,2131755008,2132803584,2150629376,2148532224,2131755008,2138832896,2140930048,2697977087
2127560704,2152726528,2160066560,2138046464,2132803584,2150629376,2148532224,2131755008,2144600064,2140930048,2697993089
2126512128,2148532224,2147483648,2132803584,2129657856,2147483648,2145386496,2127560704,2138832896,2137522176,2698009087
2124414976,2155872256,2157969408,2133852160,2127560704,2144337920,2142240768,2123366400,2143027200,2134376448,2698025111
2140143616,2136997888,2134900736,2111832064,2127560704,2143289344,2140143616,2122317824,2130968576,2133327872,2698042001
2127560704,2154823680,2151677952,2130706432,2129657856,2147483648,2145386496,2127560704,2141192192,2137522176,2698058001
2124414976,2149580800,2145386496,2133852160,2132803584,2149580800,2148532224,2131755008,2138308608,2140667904,2698074000
2126512128,2150629376,2145386496,2134900736,2131755008,2151677952,2149580800,2132803584,2139357184,2141454336,2698090001
2139095040,2144337920,2143289344,2122317824,2131755008,2148532224,2146435072,2128609280,2137260032,2138832896,2698106023
2129657856,2140143616,2136997888,2122317824,2127560704,2145386496,2142240768,2123366400,2132279296,2134638592,2698122023
2126512128,2149580800,2154823680,2128609280,2127560704,2144337920,2141192192,2121269248,2139881472,2133590016,2698138023
2133852160,2133852160,2134900736,2112880640,2128609280,2146435072,2143289344,2125463552,2128871424,2135949312,2698154023
2138046464,2146435072,2138046464,2124414976,2132803584,2148532224,2146435072,2130706432,2136735744,2139619328,2698170046
2139095040,2142240768,2145386496,2125463552,2132803584,2151677952,2149580800,2132803584,2138046464,2141716480,2698186045
2140143616,2143289344,2141192192,2123366400,2131755008,2149580800,2147483648,2130706432,2136997888,2139881472,2698202044
2123366400,2147483648,2154823680,2130706432,2128609280,2146435072,2143289344,2125463552,2139095040,2135949312,2698218046
2134900736,2140143616,2144337920,2116026368,2127560704,2143289344,2141192192,2121269248,2133852160,2133327872,2698234066
2127560704,2155872256,2150629376,2127560704,2128609280,2145386496,2142240768,2123366400,2140405760,2134900736,2698250068
2132803584,2141192192,2136997888,2122317824,2131755008,2148532224,2146435072,2128609280,2133327872,2138832896,2698266067
2138046464,2140143616,2142240768,2124414976,2132803584,2151677952,2149580800,2132803584,2136211456,2141716480,2698282067
2132803584,2147483648,2141192192,2127560704,2132803584,2149580800,2147483648,2130706432,2137260032,2140143616,2698298088
2122317824,2151677952,2151677952,2136997888,2129657856,2146435072,2143289344,2125463552,2140667904,2136211456,2698314088
2120220672,2143289344,2140143616,2126512128,2126512128,2144337920,2141192192,2122317824,2132541440,2133590016,2698330086
2126512128,2154823680,2150629376,2131755008,2127560704,2145386496,2142240768,2123366400,2140930048,2134638592,2698346086
2121269248,2142240768,2140143616,2125463552,2130706432,2147483648,2145386496,2127560704,2132279296,2137784320,2698362111
2125463552,2148532224,2152726528,2134900736,2132803584,2150629376,2149580800,2131755008,2140405760,2141192192,2698378111
2140143616,2145386496,2152726528,2125463552,2131755008,2150629376,2148532224,2131755008,2140930048,2140667904,2698395001
2128609280,2157969408,2155872256,2138046464,2129657856,2148532224,2144337920,2127560704,2145124352,2137522176,2698411001
2121269248,2151677952,2149580800,2132803584,2126512128,2144337920,2141192192,2122317824,2138832896,2133590016,2698427001
2119172096,2151677952,2152726528,2134900736,2126512128,2145386496,2141192192,2123366400,2139619328,2134114304,2698443023
2129657856,2138046464,2136997888,2122317824,2130706432,2147483648,2145386496,2126512128,2131755008,2137522176,2698459024
2125463552,2144337920,2144337920,2125463552,2132803584,2150629376,2148532224,2132803584,2134900736,2141192192,2698475024
2142240768,2142240768,2142240768,2125463552,2132803584,2151677952,2149580800,2132803584,2138046464,2141716480,2698491023
2138046464,2142240768,2142240768,2124414976,2131755008,2148532224,2145386496,2128609280,2136735744,2138570752,2698507047
2122317824,2147483648,2149580800,2127560704,2127560704,2144337920,2142240768,2123366400,2136735744,2134376448,2698523046
2119172096,2138046464,2135949312,2119172096,2126512128,2143289344,2140143616,2121269248,2128084992,2132803584,2698539045
2136997888,2151677952,2142240768,2129657856,2129657856,2145386496,2143289344,2125463552,2140143616,2135949312,2698555046
2124414976,2164260864,2151677952,2147483648,2132803584,2149580800,2147483648,2130706432,2146959360,2140143616,2698571067
2133852160,2142240768,2142240768,2127560704,2133852160,2150629376,2148532224,2131755008,2136473600,2141192192,2698587068
2125463552,2159017984,2155872256,2142240768,2130706432,2149580800,2147483648,2129657856,2145648640,2139357184,2698603067
2121269248,2155872256,2147483648,2139095040,2128609280,2145386496,2143289344,2124414976,2140930048,2135425024,2698619067
2123366400,2141192192,2134900736,2120220672,2126512128,2143289344,2140143616,2122317824,2129920000,2133065728,2698635089
2136997888,2146435072,2134900736,2120220672,2127560704,2146435072,2143289344,2125463552,2134638592,2135687168,2698651086
2124414976,2149580800,2147483648,2132803584,2131755008,2148532224,2147483648,2129657856,2138570752,2139357184,2698667087
2126512128,2153775104,2151677952,2143289344,2133852160,2150629376,2149580800,2133852160,2143813632,2141978624,2698683090
2142240768,2144337920,2142240768,2126512128,2133852160,2148532224,2146435072,2129657856,2138832896,2139619328,2698699109
2139095040,2155872256,2142240768,2131755008,2129657856,2146435072,2143289344,2125463552,2142240768,2136211456,2698715107
2135949312,2136997888,2133852160,2114977792,2126512128,2144337920,2141192192,2122317824,2130444288,2133590016,2698732001
2136997888,2138046464,2134900736,2117074944,2127560704,2145386496,2142240768,2124414976,2131755008,2134900736,2698748001
2121269248,2157969408,2143289344,2142240768,2130706432,2148532224,2145386496,2128609280,2141192192,2138308608,2698764001
2143289344,2146435072,2152726528,2126512128,2133852160,2150629376,2148532224,2132803584,2142240768,2141454336,2698780001
2126512128,2146435072,2150629376,2134900736,2132803584,2149580800,2147483648,2131755008,2139619328,2140405760,2698796023
2125463552,2144337920,2139095040,2126512128,2129657856,2147483648,2144337920,2126512128,2133852160,2136997888,2698812024
2121269248,2138046464,2135949312,2120220672,2127560704,2144337920,2141192192,2122317824,2128871424,2133852160,2698828022
2124414976,2150629376,2151677952,2124414976,2127560704,2144337920,2141192192,2122317824,2137784320,2133852160,2698844022
2121269248,2151677952,2139095040,2134900736,2130706432,2148532224,2145386496,2127560704,2136735744,2138046464,2698860046
2127560704,2161115136,2161115136,2141192192,2132803584,2150629376,2147483648,2132803584,2147745792,2140930048,2698876045
2132803584,2162163712,2161115136,2140143616,2132803584,2150629376,2149580800,2132803584,2149056512,2141454336,2698892045
2139095040,2146435072,2152726528,2122317824,2129657856,2147483648,2146435072,2128609280,2140143616,2138046464,2698908045
2123366400,2141192192,2152726528,2123366400,2126512128,2145386496,2142240768,2123366400,2135162880,2134376448,2698924068
2119172096,2147483648,2147483648,2129657856,2126512128,2144337920,2141192192,2122317824,2135949312,2133590016,2698940066
2122317824,2154823680,2156920832,2136997888,2128609280,2147483648,2144337920,2126512128,2142765056,2136735744,2698956067
2123366400,2160066560,2152726528,2140143616,2132803584,2150629376,2146435072,2131755008,2144075776,2140405760,2698972066
2136997888,2145386496,2141192192,2129657856,2133852160,2151677952,2148532224,2132803584,2138308608,2141716480,2698988087
2124414976,2162163712,2155872256,2146435072,2130706432,2148532224,2146435072,2129657856,2147221504,2138832896,2699004089
2134900736,2146435072,2141192192,2122317824,2127560704,2144337920,2142240768,2123366400,2136211456,2134376448,2699020086
2122317824,2155872256,2151677952,2132803584,2126512128,2144337920,2141192192,2122317824,2140667904,2133590016,2699036085
2126512128,2159017984,2149580800,2129657856,2128609280,2146435072,2143289344,2125463552,2141192192,2135949312,2699052109
2125463552,2141192192,2139095040,2123366400,2131755008,2149580800,2147483648,2130706432,2132279296,2139881472,2699069001
2146435072,2143289344,2143289344,2123366400,2132803584,2151677952,2149580800,2133852160,2139095040,2141978624,2699085001
2127560704,2146435072,2147483648,2128609280,2130706432,2149580800,2147483648,2129657856,2137522176,2139357184,2699101001
2124414976,2144337920,2143289344,2128609280,2128609280,2146435072,2143289344,2125463552,2135162880,2135949312,2699117001
2128609280,2140143616,2134900736,2118123520,2126512128,2143289344,2141192192,2121269248,2130444288,2133065728,2699133024
2123366400,2136997888,2133852160,2118123520,2127560704,2145386496,2142240768,2123366400,2128084992,2134638592,2699149025
2130706432,2154823680,2150629376,2130706432,2130706432,2148532224,2146435072,2128609280,2141716480,2138570752,2699165023
2135949312,2157969408,2155872256,2138046464,2133852160,2151677952,2148532224,2133852160,2146959360,2141978624,2699181023
2144337920,2154823680,2142240768,2128609280,2132803584,2150629376,2147483648,2130706432,2142502912,2140405760,2699197045
2124414976,2149580800,2141192192,2134900736,2129657856,2146435072,2144337920,2126512128,2137522176,2136735744,2699213044
2126512128,2153775104,2150629376,2125463552,2127560704,2144337920,2141192192,2122317824,2139095040,2133852160,2699229044
2134900736,2138046464,2134900736,2116026368,2127560704,2145386496,2142240768,2123366400,2130968576,2134638592,2699245047
2138046464,2138046464,2135949312,2117074944,2129657856,2147483648,2145386496,2126512128,2132279296,2137260032,2699261067
2138046464,2153775104,2154823680,2125463552,2132803584,2150629376,2149580800,2131755008,2143027200,2141192192,2699277067
2126512128,2149580800,2148532224,2136997888,2132803584,2150629376,2148532224,2132803584,2140405760,2141192192,2699293066
2141192192,2146435072,2144337920,2122317824,2129657856,2148532224,2145386496,2128609280,2138570752,2138046464,2699309068
2135949312,2139095040,2134900736,2117074944,2127560704,2144337920,2141192192,2123366400,2131755008,2134114304,2699325087
2130706432,2149580800,2149580800,2125463552,2127560704,2144337920,2141192192,2122317824,2138832896,2133852160,2699341088
2122317824,2154823680,2155872256,2133852160,2129657856,2147483648,2144337920,2126512128,2141716480,2136997888,2699357085
2140143616,2152726528,2146435072,2125463552,2132803584,2150629376,2147483648,2131755008,2141192192,2140667904,2699373089
2126512128,2149580800,2150629376,2134900736,2132803584,2150629376,2148532224,2131755008,2140405760,2140930048,2699389111
2127560704,2163212288,2160066560,2138046464,2129657856,2148532224,2146435072,2129657856,2147221504,2138570752,2699405109
2141192192,2139095040,2136997888,2117074944,2127560704,2145386496,2141192192,2123366400,2133590016,2134376448,2699422001
2136997888,2136997888,2133852160,2114977792,2127560704,2144337920,2141192192,2122317824,2130706432,2133852160,2699438001
2132803584,2135949312,2134900736,2117074944,2128609280,2146435072,2143289344,2125463552,2130182144,2135949312,2699454001
2141192192,2143289344,2140143616,2122317824,2131755008,2149580800,2147483648,2130706432,2136735744,2139881472,2699470023
2146435072,2152726528,2143289344,2127560704,2132803584,2150629376,2149580800,2132803584,2142502912,2141454336,2699486023
2135949312,2146435072,2144337920,2126512128,2131755008,2149580800,2146435072,2129657856,2138308608,2139357184,2699502024
2143289344,2139095040,2139095040,2117074944,2128609280,2146435072,2143289344,2125463552,2134638592,2135949312,2699518023
2130706432,2150629376,2146435072,2126512128,2126512128,2144337920,2141192192,2122317824,2138570752,2133590016,2699534045
2122317824,2155872256,2152726528,2129657856,2128609280,2146435072,2143289344,2124414976,2140143616,2135687168,2699550047
2131755008,2154823680,2156920832,2138046464,2130706432,2149580800,2147483648,2129657856,2145386496,2139357184,2699566046
2126512128,2165309440,2163212288,2138046464,2132803584,2151677952,2148532224,2132803584,2148270080,2141454336,2699582045
2128609280,2145386496,2147483648,2130706432,2132803584,2148532224,2147483648,2129657856,2138046464,2139619328,2699598066
2127560704,2152726528,2157969408,2129657856,2127560704,2147483648,2144337920,2126512128,2141978624,2136473600,2699614066
2122317824,2156920832,2152726528,2130706432,2126512128,2144337920,2141192192,2122317824,2140667904,2133590016,2699630066
2119172096,2140143616,2136997888,2121269248,2126512128,2144337920,2142240768,2123366400,2129395712,2134114304,2699646067
2133852160,2154823680,2149580800,2133852160,2131755008,2147483648,2146435072,2127560704,2143027200,2138308608,2699662090
2124414976,2150629376,2147483648,2138046464,2132803584,2150629376,2148532224,2132803584,2140143616,2141192192,2699678088
2138046464,2145386496,2142240768,2126512128,2132803584,2150629376,2148532224,2131755008,2138046464,2140930048,2699694087
2129657856,2162163712,2157969408,2136997888,2130706432,2147483648,2144337920,2127560704,2146697216,2137522176,2699710088
2129657856,2151677952,2150629376,2121269248,2126512128,2145386496,2141192192,2123366400,2138308608,2134114304,2699726110
2119172096,2154823680,2150629376,2131755008,2127560704,2144337920,2141192192,2123366400,2139095040,2134114304,2699742107
2139095040,2138046464,2135949312,2117074944,2129657856,2148532224,2145386496,2127560704,2132541440,2137784320,2699759001
2140143616,2142240768,2146435072,2124414976,2131755008,2149580800,2148532224,2131755008,2138308608,2140405760,2699775001
2141192192,2156920832,2145386496,2133852160,2132803584,2150629376,2149580800,2131755008,2144337920,2141192192,2699791001
2134900736,2146435072,2154823680,2127560704,2129657856,2148532224,2146435072,2128609280,2140930048,2138308608,2699807001
2128609280,2152726528,2151677952,2129657856,2127560704,2144337920,2141192192,2123366400,2140667904,2134114304,2699823022
2119172096,2147483648,2139095040,2127560704,2127560704,2144337920,2141192192,2122317824,2133327872,2133852160,2699839024
2133852160,2138046464,2135949312,2117074944,2128609280,2147483648,2144337920,2125463552,2131230720,2136473600,2699855023
2130706432,2156920832,2153775104,2133852160,2131755008,2149580800,2147483648,2130706432,2143813632,2139881472,2699871023
2131755008,2161115136,2154823680,2135949312,2133852160,2150629376,2148532224,2132803584,2145910784,2141454336,2699887046
2129657856,2163212288,2160066560,2140143616,2131755008,2149580800,2147483648,2128609280,2148270080,2139357184,2699903046
2123366400,2147483648,2149580800,2130706432,2127560704,2146435072,2143289344,2124414976,2137784320,2135425024,2699919046
2136997888,2136997888,2134900736,2116026368,2127560704,2144337920,2140143616,2121269248,2131230720,2133327872,2699935045
2125463552,2155872256,2156920832,2132803584,2128609280,2146435072,2143289344,2125463552,2142765056,2135949312,2699951069
2135949312,2152726528,2144337920,2129657856,2131755008,2148532224,2145386496,2129657856,2140667904,2138832896,2699967066
2126512128,2147483648,2149580800,2130706432,2132803584,2150629376,2148532224,2131755008,2138570752,2140930048,2699983067
2140143616,2142240768,2142240768,2123366400,2130706432,2150629376,2147483648,2130706432,2136997888,2139881472,2699999065
2123366400,2151677952,2142240768,2136997888,2129657856,2146435072,2143289344,2125463552,2138570752,2136211456,2700015090
2139095040,2143289344,2135949312,2118123520,2127560704,2143289344,2140143616,2122317824,2134114304,2133327872,2700031088
2120220672,2155872256,2153775104,2134900736,2127560704,2145386496,2142240768,2124414976,2141192192,2134900736,2700047090
2123366400,2143289344,2142240768,2126512128,2130706432,2148532224,2145386496,2128609280,2133852160,2138308608,2700063087
2124414976,2160066560,2149580800,2143289344,2131755008,2150629376,2148532224,2131755008,2144337920,2140667904,2700079109
2125463552,2155872256,2149580800,2141192192,2132803584,2150629376,2147483648,2131755008,2143027200,2140667904,2700096001
2123366400,2157969408,2153775104,2138046464,2129657856,2147483648,2144337920,2126512128,2143289344,2136997888,2700112001
2120220672,2157969408,2150629376,2133852160,2127560704,2145386496,2141192192,2123366400,2140667904,2134376448,2700128000
2129657856,2152726528,2146435072,2119172096,2126512128,2145386496,2141192192,2123366400,2136997888,2134114304,2700144001
2124414976,2140143616,2133852160,2121269248,2129657856,2147483648,2145386496,2127560704,2129920000,2137522176,2700160024
2133852160,2143289344,2142240768,2124414976,2132803584,2150629376,2147483648,2131755008,2135949312,2140667904,2700176022
2129657856,2149580800,2141192192,2131755008,2131755008,2150629376,2148532224,2132803584,2138046464,2140930048,2700192022
2148532224,2141192192,2142240768,2122317824,2130706432,2148532224,2146435072,2127560704,2138570752,2138308608,2700208023
2120220672,2154823680,2152726528,2136997888,2126512128,2145386496,2143289344,2124414976,2141192192,2134900736,2700224046
2127560704,2142240768,2132803584,2119172096,2126512128,2144337920,2141192192,2123366400,2130444288,2133852160,2700240045
2118123520,2151677952,2147483648,2133852160,2128609280,2147483648,2144337920,2126512128,2137784320,2136735744,2700256045
2138046464,2146435072,2152726528,2122317824,2131755008,2149580800,2148532224,2130706432,2139881472,2140143616,2700272044
2146435072,2142240768,2142240768,2123366400,2132803584,2150629376,2149580800,2132803584,2138570752,2141454336,2700288066
2139095040,2141192192,2140143616,2122317824,2130706432,2148532224,2146435072,2129657856,2135687168,2138832896,2700304068
2122317824,2143289344,2143289344,2128609280,2127560704,2145386496,2143289344,2124414976,2134376448,2135162880,2700320066
2121269248,2143289344,2140143616,2122317824,2126512128,2144337920,2142240768,2121269248,2131755008,2133590016,2700336067
2135949312,2135949312,2135949312,2114977792,2128609280,2146435072,2143289344,2124414976,2130706432,2135687168,2700352088
2130706432,2156920832,2151677952,2134900736,2131755008,2149580800,2147483648,2129657856,2143551488,2139619328,2700368086
2123366400,2164260864,2152726528,2144337920,2132803584,2150629376,2149580800,2132803584,2146172928,2141454336,2700384085
2127560704,2163212288,2161115136,2143289344,2131755008,2149580800,2147483648,2130706432,2148794368,2139881472,2700400088
2123366400,2155872256,2150629376,2139095040,2128609280,2146435072,2143289344,2125463552,2142240768,2135949312,2700416112
2124414976,2150629376,2151677952,2121269248,2125463552,2144337920,2142240768,2122317824,2136997888,2133590016,2700432109
2119172096,2152726528,2145386496,2133852160,2127560704,2145386496,2142240768,2125463552,2137784320,2135162880,2700449001
2141192192,2140143616,2140143616,2119172096,2130706432,2148532224,2146435072,2128609280,2135162880,2138570752,2700465001
2130706432,2161115136,2155872256,2139095040,2132803584,2150629376,2150629376,2132803584,2146697216,2141716480,2700481001
2125463552,2149580800,2154823680,2134900736,2132803584,2149580800,2148532224,2131755008,2141192192,2140667904,2700497024
2124414976,2154823680,2155872256,2138046464,2128609280,2147483648,2144337920,2126512128,2143289344,2136735744,2700513022
2122317824,2143289344,2138046464,2124414976,2126512128,2144337920,2141192192,2123366400,2132017152,2133852160,2700529023
2123366400,2154823680,2155872256,2126512128,2126512128,2145386496,2142240768,2124414976,2140143616,2134638592,2700545023
2133852160,2139095040,2134900736,2118123520,2131755008,2147483648,2144337920,2127560704,2131492864,2137784320,2700561045
2126512128,2161115136,2157969408,2138046464,2132803584,2150629376,2148532224,2131755008,2145910784,2140930048,2700577046
2125463552,2156920832,2151677952,2142240768,2131755008,2150629376,2148532224,2131755008,2144075776,2140667904,2700593045
2124414976,2148532224,2147483648,2133852160,2130706432,2147483648,2144337920,2127560704,2138570752,2137522176,2700609045
2127560704,2157969408,2150629376,2130706432,2126512128,2145386496,2141192192,2123366400,2141716480,2134114304,2700625068
2130706432,2153775104,2146435072,2127560704,2126512128,2143289344,2141192192,2122317824,2139619328,2133327872,2700641067
2121269248,2141192192,2134900736,2122317824,2128609280,2147483648,2144337920,2126512128,2129920000,2136735744,2700657066
2141192192,2154823680,2140143616,2127560704,2131755008,2150629376,2148532224,2131755008,2140930048,2140667904,2700673068
2133852160,2143289344,2144337920,2127560704,2133852160,2150629376,2148532224,2131755008,2137260032,2141192192,2700689089
2125463552,2151677952,2153775104,2134900736,2130706432,2148532224,2146435072,2128609280,2141454336,2138570752,2700705087
2124414976,2156920832,2153775104,2139095040,2127560704,2145386496,2142240768,2123366400,2143551488,2134638592,2700721088
2119172096,2138046464,2140143616,2118123520,2126512128,2143289344,2141192192,2122317824,2128871424,2133327872,2700737087
2120220672,2143289344,2145386496,2123366400,2127560704,2147483648,2143289344,2126512128,2133065728,2136211456,2700753112
2142240768,2146435072,2139095040,2121269248,2131755008,2149580800,2146435072,2130706432,2137260032,2139619328,2700769106
2135949312,2163212288,2160066560,2141192192,2132803584,2151677952,2149580800,2133852160,2150105088,2141978624,2700786001
2126512128,2164260864,2157969408,2140143616,2131755008,2149580800,2147483648,2129657856,2147221504,2139619328,2700802001
2138046464,2146435072,2138046464,2122317824,2127560704,2146435072,2143289344,2125463552,2136211456,2135687168,2700818001
2136997888,2135949312,2134900736,2112880640,2127560704,2144337920,2141192192,2121269248,2130182144,2133590016,2700834000
2128609280,2133852160,2136997888,2114977792,2128609280,2145386496,2143289344,2124414976,2128609280,2135425024,2700850024
2122317824,2164260864,2147483648,2145386496,2131755008,2147483648,2145386496,2128609280,2144862208,2138308608,2700866022
2125463552,2150629376,2155872256,2133852160,2132803584,2151677952,2149580800,2132803584,2141454336,2141716480,2700882024
2139095040,2153775104,2150629376,2129657856,2131755008,2149580800,2147483648,2131755008,2143289344,2140143616,2700898023
2133852160,2146435072,2148532224,2122317824,2129657856,2146435072,2143289344,2125463552,2137784320,2136211456,2700914045
2139095040,2139095040,2134900736,2114977792,2126512128,2144337920,2140143616,2122317824,2132017152,2133327872,2700930046
2138046464,2136997888,2133852160,2116026368,2128609280,2144337920,2141192192,2123366400,2131230720,2134376448,2700946047
2138046464,2146435072,2146435072,2119172096,2130706432,2147483648,2145386496,2127560704,2137522176,2137784320,2700962045
2136997888,2154823680,2149580800,2133852160,2131755008,2151677952,2148532224,2132803584,2143813632,2141192192,2700978068
2132803584,2161115136,2161115136,2138046464,2133852160,2150629376,2148532224,2131755008,2148270080,2141192192,2700994066
2143289344,2143289344,2146435072,2124414976,2130706432,2147483648,2145386496,2127560704,2139357184,2137784320,2701010066
2123366400,2139095040,2135949312,2119172096,2127560704,2144337920,2141192192,2121269248,2129395712,2133590016,2701026064
2130706432,2151677952,2146435072,2125463552,2126512128,2145386496,2141192192,2123366400,2138570752,2134114304,2701042087
2141192192,2139095040,2138046464,2114977792,2129657856,2147483648,2145386496,2127560704,2133327872,2137522176,2701058087
2122317824,2156920832,2141192192,2142240768,2132803584,2150629376,2147483648,2131755008,2140667904,2140667904,2701074089
2126512128,2144337920,2149580800,2129657856,2132803584,2150629376,2148532224,2132803584,2137522176,2141192192,2701090086
2124414976,2153775104,2149580800,2138046464,2129657856,2148532224,2146435072,2128609280,2141454336,2138308608,2701106110
2130706432,2152726528,2150629376,2129657856,2127560704,2145386496,2142240768,2123366400,2140930048,2134638592,2701123001
2122317824,2149580800,2150629376,2131755008,2127560704,2144337920,2142240768,2123366400,2138570752,2134376448,2701139001
2136997888,2142240768,2146435072,2116026368,2128609280,2146435072,2144337920,2125463552,2135425024,2136211456,2701155001
2123366400,2147483648,2144337920,2131755008,2130706432,2149580800,2147483648,2130706432,2136735744,2139619328,2701171001
2134900736,2160066560,2159017984,2140143616,2132803584,2151677952,2149580800,2131755008,2148532224,2141454336,2701187023
2125463552,2149580800,2141192192,2132803584,2130706432,2149580800,2146435072,2130706432,2137260032,2139357184,2701203024
2134900736,2146435072,2146435072,2119172096,2127560704,2146435072,2143289344,2125463552,2136735744,2135687168,2701219023
2132803584,2138046464,2133852160,2116026368,2126512128,2144337920,2140143616,2122317824,2130182144,2133327872,2701235023
2119172096,2142240768,2140143616,2125463552,2128609280,2146435072,2143289344,2125463552,2131755008,2135949312,2701251045
2129657856,2140143616,2138046464,2121269248,2130706432,2149580800,2146435072,2129657856,2132279296,2139095040,2701267045
2124414976,2164260864,2155872256,2147483648,2132803584,2151677952,2149580800,2132803584,2148007936,2141716480,2701283044
2130706432,2155872256,2163212288,2141192192,2131755008,2149580800,2148532224,2130706432,2147745792,2140143616,2701299045
2126512128,2159017984,2154823680,2131755008,2128609280,2146435072,2143289344,2126512128,2143027200,2136211456,2701315068
2135949312,2146435072,2135949312,2123366400,2126512128,2144337920,2141192192,2122317824,2135425024,2133590016,2701331068
2122317824,2151677952,2152726528,2130706432,2127560704,2145386496,2142240768,2123366400,2139357184,2134638592,2701347065
2136997888,2144337920,2139095040,2120220672,2130706432,2148532224,2145386496,2128609280,2135162880,2138308608,2701363067
2136997888,2142240768,2140143616,2124414976,2132803584,2151677952,2149580800,2132803584,2135949312,2141716480,2701379089
2124414976,2154823680,2151677952,2142240768,2131755008,2151677952,2148532224,2131755008,2143289344,2140930048,2701395089
2139095040,2145386496,2150629376,2122317824,2129657856,2147483648,2145386496,2126512128,2139357184,2137260032,2701411086
2131755008,2138046464,2134900736,2120220672,2126512128,2145386496,2141192192,2123366400,2131230720,2134114304,2701427086
2124414976,2151677952,2150629376,2127560704,2127560704,2144337920,2141192192,2123366400,2138570752,2134114304,2701443110
2122317824,2152726528,2150629376,2133852160,2129657856,2146435072,2144337920,2127560704,2139881472,2136997888,2701459110
2134900736,2142240768,2144337920,2124414976,2132803584,2150629376,2149580800,2131755008,2136473600,2141192192,2701476001
2134900736,2160066560,2160066560,2133852160,2132803584,2151677952,2149580800,2132803584,2147221504,2141716480,2701492001
2135949312,2142240768,2142240768,2121269248,2130706432,2147483648,2145386496,2127560704,2135425024,2137784320,2701508001
2121269248,2157969408,2151677952,2141192192,2127560704,2144337920,2142240768,2123366400,2143027200,2134376448,2701524023
2122317824,2154823680,2151677952,2130706432,2126512128,2145386496,2141192192,2122317824,2139881472,2133852160,2701540022
2132803584,2150629376,2146435072,2123366400,2128609280,2147483648,2144337920,2126512128,2138308608,2136735744,2701556023
2126512128,2147483648,2146435072,2128609280,2132803584,2149580800,2147483648,2130706432,2137260032,2140143616,2701572023
2144337920,2146435072,2140143616,2124414976,2133852160,2151677952,2149580800,2132803584,2138832896,2141978624,2701588045
2139095040,2145386496,2144337920,2126512128,2130706432,2148532224,2146435072,2129657856,2138832896,2138832896,2701604045
2128609280,2157969408,2151677952,2133852160,2127560704,2145386496,2143289344,2124414976,2143027200,2135162880,2701620045
2135949312,2133852160,2133852160,2112880640,2126512128,2144337920,2141192192,2122317824,2129133568,2133590016,2701636046
2120220672,2147483648,2148532224,2128609280,2128609280,2146435072,2143289344,2124414976,2136211456,2135687168,2701652067
2139095040,2153775104,2150629376,2130706432,2131755008,2149580800,2147483648,2129657856,2143551488,2139619328,2701668065
2124414976,2153775104,2148532224,2140143616,2132803584,2151677952,2149580800,2133852160,2141716480,2141978624,2701684067
2123366400,2155872256,2152726528,2143289344,2131755008,2149580800,2147483648,2129657856,2143813632,2139619328,2701700068
2127560704,2141192192,2138046464,2126512128,2128609280,2146435072,2144337920,2125463552,2133327872,2136211456,2701716090
2135949312,2148532224,2133852160,2123366400,2126512128,2144337920,2141192192,2122317824,2135425024,2133590016,2701732086
2125463552,2138046464,2136997888,2117074944,2127560704,2145386496,2142240768,2123366400,2129395712,2134638592,2701748087
2123366400,2141192192,2138046464,2126512128,2129657856,2148532224,2146435072,2128609280,2132279296,2138308608,2701764089
2135949312,2144337920,2140143616,2126512128,2133852160,2150629376,2148532224,2131755008,2136735744,2141192192,2701780107
2141192192,2145386496,2143289344,2124414976,2132803584,2149580800,2148532224,2130706432,2138570752,2140405760,2701796105
2141192192,2143289344,2141192192,2119172096,2129657856,2146435072,2144337920,2125463552,2136211456,2136473600,2701813001
2122317824,2138046464,2139095040,2122317824,2126512128,2143289344,2141192192,2121269248,2130444288,2133065728,2701829001
2125463552,2146435072,2146435072,2121269248,2127560704,2144337920,2142240768,2122317824,2134900736,2134114304,2701845001
2121269248,2154823680,2154823680,2138046464,2129657856,2147483648,2145386496,2127560704,2142240768,2137522176,2701861001
2138046464,2143289344,2143289344,2122317824,2132803584,2150629376,2148532224,2131755008,2136735744,2140930048,2701877023
2142240768,2143289344,2144337920,2126512128,2132803584,2150629376,2148532224,2132803584,2139095040,2141192192,2701893025
2124414976,2154823680,2154823680,2141192192,2129657856,2148532224,2144337920,2128609280,2143813632,2137784320,2701909024
2139095040,2151677952,2142240768,2123366400,2127560704,2144337920,2141192192,2122317824,2139095040,2133852160,2701925023
2130706432,2139095040,2146435072,2114977792,2126512128,2144337920,2141192192,2122317824,2132803584,2133590016,2701941046
2140143616,2138046464,2135949312,2117074944,2130706432,2145386496,2144337920,2126512128,2132803584,2136735744,2701957045
2140143616,2139095040,2140143616,2121269248,2131755008,2149580800,2146435072,2131755008,2135162880,2139881472,2701973045
2141192192,2142240768,2144337920,2127560704,2133852160,2150629376,2148532224,2132803584,2138832896,2141454336,2701989047
2126512128,2146435072,2143289344,2128609280,2130706432,2149580800,2146435072,2128609280,2136211456,2138832896,2702005067
2135949312,2138046464,2136997888,2119172096,2127560704,2145386496,2143289344,2124414976,2132541440,2135162880,2702021068
2124414976,2138046464,2134900736,2120220672,2126512128,2145386496,2141192192,2122317824,2129395712,2133852160,2702037067
2139095040,2142240768,2136997888,2119172096,2128609280,2146435072,2143289344,2125463552,2134376448,2135949312,2702053065
2143289344,2141192192,2139095040,2122317824,2131755008,2149580800,2147483648,2129657856,2136473600,2139619328,2702069088
2125463552,2151677952,2149580800,2135949312,2132803584,2151677952,2150629376,2132803584,2140667904,2141978624,2702085087
2125463552,2161115136,2150629376,2145386496,2130706432,2149580800,2147483648,2129657856,2145648640,2139357184,2702101089
2121269248,2148532224,2143289344,2134900736,2129657856,2145386496,2143289344,2124414976,2136997888,2135687168,2702117086
2120220672,2138046464,2140143616,2120220672,2127560704,2144337920,2140143616,2121269248,2129657856,2133327872,2702133110
2139095040,2142240768,2135949312,2117074944,2128609280,2145386496,2143289344,2124414976,2133590016,2135425024,2702150001
2127560704,2160066560,2151677952,2139095040,2130706432,2149580800,2147483648,2129657856,2144600064,2139357184,2702166001
2131755008,2159017984,2157969408,2139095040,2132803584,2151677952,2149580800,2132803584,2146959360,2141716480,2702182001
2124414976,2165309440,2151677952,2144337920,2131755008,2149580800,2147483648,2130706432,2146435072,2139881472,2702198001
2132803584,2153775104,2151677952,2131755008,2129657856,2147483648,2144337920,2125463552,2142502912,2136735744,2702214023
2127560704,2138046464,2136997888,2117074944,2127560704,2144337920,2141192192,2121269248,2129920000,2133590016,2702230023
2120220672,2141192192,2135949312,2120220672,2127560704,2145386496,2142240768,2123366400,2129395712,2134638592,2702246024
2126512128,2154823680,2152726528,2134900736,2130706432,2147483648,2145386496,2127560704,2142240768,2137784320,2702262023
2123366400,2153775104,2143289344,2136997888,2132803584,2150629376,2148532224,2132803584,2139357184,2141192192,2702278045
2142240768,2154823680,2142240768,2135949312,2132803584,2150629376,2148532224,2131755008,2143813632,2140930048,2702294045
2139095040,2143289344,2150629376,2121269248,2129657856,2148532224,2145386496,2127560704,2138570752,2137784320,2702310045
2135949312,2144337920,2135949312,2120220672,2126512128,2145386496,2142240768,2123366400,2134114304,2134376448,2702326045
2124414976,2140143616,2134900736,2122317824,2127560704,2144337920,2142240768,2122317824,2130444288,2134114304,2702342066
2135949312,2138046464,2146435072,2117074944,2130706432,2146435072,2145386496,2125463552,2134376448,2136997888,2702358067
2139095040,2144337920,2141192192,2124414976,2132803584,2149580800,2147483648,2131755008,2137260032,2140405760,2702374065
2140143616,2145386496,2144337920,2128609280,2132803584,2150629376,2147483648,2132803584,2139619328,2140930048,2702390070
2123366400,2155872256,2147483648,2143289344,2130706432,2148532224,2146435072,2128609280,2142502912,2138570752,2702406087
2140143616,2139095040,2135949312,2117074944,2128609280,2144337920,2142240768,2123366400,2133065728,2134638592,2702422088
2121269248,2151677952,2153775104,2130706432,2126512128,2144337920,2141192192,2122317824,2139357184,2133590016,2702438086
2119172096,2157969408,2152726528,2131755008,2128609280,2145386496,2144337920,2125463552,2140405760,2135949312,2702454089
2134900736,2151677952,2152726528,2129657856,2130706432,2149580800,2148532224,2130706432,2142240768,2139881472,2702470111
2143289344,2153775104,2146435072,2126512128,2133852160,2150629376,2149580800,2131755008,2142502912,2141454336,2702486109
2123366400,2147483648,2144337920,2131755008,2131755008,2149580800,2146435072,2129657856,2136735744,2139357184,2702503001
2129657856,2139095040,2136997888,2121269248,2128609280,2146435072,2142240768,2124414976,2131755008,2135425024,2702519001
2124414976,2138046464,2139095040,2117074944,2126512128,2144337920,2141192192,2122317824,2129657856,2133590016,2702535001
2120220672,2147483648,2135949312,2130706432,2128609280,2145386496,2142240768,2124414976,2133590016,2135162880,2702551024
2123366400,2151677952,2144337920,2139095040,2131755008,2149580800,2147483648,2129657856,2139619328,2139619328,2702567026
2141192192,2146435072,2141192192,2126512128,2133852160,2151677952,2149580800,2132803584,2138832896,2141978624,2702583024
2138046464,2144337920,2141192192,2128609280,2131755008,2149580800,2147483648,2130706432,2138046464,2139881472,2702599024
2140143616,2150629376,2139095040,2122317824,2129657856,2146435072,2143289344,2125463552,2138046464,2136211456,2702615045
2138046464,2139095040,2133852160,2116026368,2127560704,2142240768,2140143616,2121269248,2131755008,2132803584,2702631046
2128609280,2146435072,2152726528,2117074944,2127560704,2145386496,2142240768,2123366400,2136211456,2134638592,2702647045
2121269248,2151677952,2143289344,2134900736,2130706432,2148532224,2145386496,2128609280,2137784320,2138308608,2702663046
2142240768,2145386496,2146435072,2123366400,2133852160,2150629376,2149580800,2130706432,2139357184,2141192192,2702679066
2127560704,2155872256,2155872256,2141192192,2133852160,2150629376,2148532224,2131755008,2145124352,2141192192,2702695065
2125463552,2142240768,2138046464,2125463552,2129657856,2146435072,2145386496,2126512128,2132803584,2136997888,2702711067
2119172096,2147483648,2141192192,2130706432,2126512128,2145386496,2141192192,2123366400,2134638592,2134114304,2702727067
2120220672,2156920832,2147483648,2133852160,2126512128,2145386496,2141192192,2123366400,2139619328,2134114304,2702743087
2128609280,2146435072,2151677952,2119172096,2128609280,2147483648,2145386496,2127560704,2136473600,2137260032,2702759085
2126512128,2157969408,2157969408,2138046464,2132803584,2150629376,2148532224,2131755008,2145124352,2140930048,2702775087
2129657856,2147483648,2143289344,2130706432,2132803584,2150629376,2148532224,2132803584,2137784320,2141192192,2702791088
2144337920,2146435072,2142240768,2124414976,2130706432,2146435072,2145386496,2126512128,2139357184,2137260032,2702807108
2134900736,2144337920,2144337920,2117074944,2127560704,2145386496,2142240768,2124414976,2135162880,2134900736,2702823108
2128609280,2139095040,2134900736,2114977792,2127560704,2144337920,2141192192,2122317824,2129395712,2133852160,2702840001
2141192192,2139095040,2139095040,2114977792,2129657856,2147483648,2144337920,2127560704,2133590016,2137260032,2702856001
2126512128,2163212288,2157969408,2139095040,2131755008,2150629376,2148532224,2131755008,2146697216,2140667904,2702872001
2129657856,2163212288,2163212288,2145386496,2133852160,2150629376,2149580800,2132803584,2150367232,2141716480,2702888000
2128609280,2164260864,2162163712,2142240768,2130706432,2148532224,2147483648,2129657856,2149318656,2139095040,2702904023
2133852160,2156920832,2146435072,2130706432,2128609280,2145386496,2143289344,2124414976,2141978624,2135425024,2702920023
2119172096,2145386496,2147483648,2126512128,2126512128,2144337920,2141192192,2122317824,2134638592,2133590016,2702936024
2122317824,2159017984,2154823680,2127560704,2127560704,2146435072,2143289344,2124414976,2140930048,2135425024,2702952023
2132803584,2154823680,2151677952,2131755008,2130706432,2149580800,2148532224,2129657856,2142765056,2139619328,2702968046
2144337920,2144337920,2144337920,2125463552,2132803584,2150629376,2149580800,2131755008,2139619328,2141192192,2702984045
2138046464,2145386496,2141192192,2127560704,2130706432,2149580800,2147483648,2130706432,2138046464,2139619328,2703000045
2128609280,2152726528,2154823680,2132803584,2128609280,2146435072,2145386496,2125463552,2142240768,2136473600,2703016045
2121269248,2147483648,2147483648,2130706432,2126512128,2144337920,2141192192,2122317824,2136735744,2133590016,2703032068
2121269248,2139095040,2138046464,2118123520,2127560704,2145386496,2143289344,2124414976,2129133568,2135162880,2703048069
2123366400,2159017984,2154823680,2139095040,2131755008,2148532224,2146435072,2128609280,2144075776,2138832896,2703064066
2130706432,2159017984,2157969408,2141192192,2133852160,2150629376,2148532224,2132803584,2147221504,2141454336,2703080066
2124414976,2157969408,2147483648,2143289344,2131755008,2149580800,2147483648,2131755008,2143289344,2140143616,2703096089
2139095040,2156920832,2146435072,2131755008,2129657856,2147483648,2144337920,2126512128,2143551488,2136997888,2703112086
2128609280,2135949312,2139095040,2117074944,2126512128,2145386496,2141192192,2123366400,2130182144,2134114304,2703128087
2124414976,2151677952,2149580800,2128609280,2126512128,2144337920,2142240768,2122317824,2138570752,2133852160,2703144088
2133852160,2141192192,2136997888,2120220672,2129657856,2146435072,2144337920,2126512128,2133065728,2136735744,2703160109
2126512128,2155872256,2160066560,2139095040,2132803584,2150629376,2148532224,2131755008,2145386496,2140930048,2703177001
2127560704,2154823680,2143289344,2147483648,2132803584,2150629376,2148532224,2131755008,2143289344,2140930048,2703193001
2130706432,2156920832,2159017984,2139095040,2129657856,2148532224,2145386496,2127560704,2146435072,2137784320,2703209000
2135949312,2149580800,2136997888,2124414976,2127560704,2145386496,2142240768,2123366400,2136735744,2134638592,2703225001
2120220672,2160066560,2151677952,2134900736,2126512128,2145386496,2142240768,2123366400,2141716480,2134376448,2703241023
2134900736,2140143616,2136997888,2116026368,2129657856,2146435072,2144337920,2125463552,2132017152,2136473600,2703257023
2123366400,2156920832,2160066560,2140143616,2131755008,2151677952,2149580800,2131755008,2145124352,2141192192,2703273022
2145386496,2144337920,2141192192,2123366400,2133852160,2150629376,2149580800,2132803584,2138570752,2141716480,2703289024
2124414976,2145386496,2144337920,2129657856,2129657856,2148532224,2147483648,2128609280,2135949312,2138570752,2703305047
2122317824,2159017984,2156920832,2135949312,2127560704,2145386496,2143289344,2124414976,2143551488,2135162880,2703321045
2134900736,2146435072,2145386496,2118123520,2126512128,2144337920,2140143616,2122317824,2136211456,2133327872,2703337044
2122317824,2153775104,2153775104,2138046464,2127560704,2146435072,2144337920,2125463552,2141978624,2135949312,2703353045
2122317824,2151677952,2143289344,2136997888,2131755008,2149580800,2147483648,2130706432,2138570752,2139881472,2703369068
2138046464,2143289344,2142240768,2126512128,2132803584,2151677952,2149580800,2132803584,2137522176,2141716480,2703385069
2124414976,2159017984,2160066560,2142240768,2130706432,2149580800,2147483648,2130706432,2146435072,2139619328,2703401066
2122317824,2147483648,2135949312,2130706432,2128609280,2146435072,2143289344,2124414976,2134114304,2135687168,2703417067
2120220672,2142240768,2139095040,2123366400,2126512128,2144337920,2141192192,2121269248,2131230720,2133327872,2703433087
2125463552,2138046464,2136997888,2118123520,2127560704,2145386496,2142240768,2123366400,2129657856,2134638592,2703449088
2133852160,2157969408,2146435072,2130706432,2130706432,2149580800,2146435072,2129657856,2142240768,2139095040,2703465086
2126512128,2146435072,2144337920,2130706432,2132803584,2150629376,2148532224,2131755008,2136997888,2140930048,2703481087
2138046464,2145386496,2143289344,2128609280,2132803584,2149580800,2147483648,2130706432,2138832896,2140143616,2703497110
2130706432,2156920832,2155872256,2135949312,2128609280,2146435072,2144337920,2126512128,2144862208,2136473600,2703513110
2119172096,2153775104,2143289344,2134900736,2127560704,2144337920,2141192192,2122317824,2137784320,2133852160,2703530000
2119172096,2141192192,2134900736,2122317824,2127560704,2144337920,2141192192,2124414976,2129395712,2134376448,2703546001
2121269248,2159017984,2156920832,2139095040,2130706432,2148532224,2145386496,2127560704,2144075776,2138046464,2703562001
2135949312,2154823680,2150629376,2131755008,2132803584,2150629376,2149580800,2131755008,2143289344,2141192192,2703578023
2140143616,2154823680,2152726528,2125463552,2132803584,2149580800,2149580800,2132803584,2143289344,2141192192,2703594023
2133852160,2141192192,2140143616,2122317824,2128609280,2147483648,2144337920,2127560704,2134376448,2136997888,2703610023
2130706432,2139095040,2139095040,2118123520,2126512128,2144337920,2142240768,2122317824,2131755008,2133852160,2703626023
2126512128,2152726528,2149580800,2131755008,2127560704,2145386496,2141192192,2123366400,2140143616,2134376448,2703642046
2130706432,2154823680,2153775104,2132803584,2129657856,2147483648,2144337920,2127560704,2143027200,2137260032,2703658044
2124414976,2148532224,2157969408,2134900736,2132803584,2149580800,2148532224,2130706432,2141454336,2140405760,2703674044
2141192192,2157969408,2146435072,2131755008,2133852160,2150629376,2148532224,2131755008,2144337920,2141192192,2703690045
2144337920,2151677952,2140143616,2129657856,2130706432,2148532224,2146435072,2128609280,2141454336,2138570752,2703706067
2136997888,2146435072,2152726528,2119172096,2127560704,2145386496,2142240768,2123366400,2138832896,2134638592,2703722064
2133852160,2133852160,2132803584,2112880640,2126512128,2144337920,2141192192,2122317824,2128347136,2133590016,2703738066
2141192192,2139095040,2135949312,2116026368,2129657856,2145386496,2144337920,2125463552,2133065728,2136211456,2703754066
2124414976,2146435072,2147483648,2130706432,2131755008,2149580800,2147483648,2130706432,2137260032,2139881472,2703770089
2135949312,2145386496,2141192192,2127560704,2132803584,2151677952,2148532224,2132803584,2137522176,2141454336,2703786089
2133852160,2142240768,2142240768,2124414976,2130706432,2149580800,2146435072,2129657856,2135687168,2139095040,2703802088
2124414976,2161115136,2154823680,2133852160,2128609280,2146435072,2142240768,2124414976,2143551488,2135425024,2703818088
2135949312,2136997888,2135949312,2116026368,2126512128,2144337920,2142240768,2122317824,2131230720,2133852160,2703834111
2119172096,2153775104,2149580800,2136997888,2128609280,2145386496,2142240768,2124414976,2139881472,2135162880,2703850106
2124414976,2157969408,2159017984,2141192192,2131755008,2149580800,2147483648,2129657856,2145648640,2139619328,2703867001
2129657856,2145386496,2142240768,2130706432,2133852160,2149580800,2147483648,2131755008,2136997888,2140667904,2703883001
2130706432,2161115136,2159017984,2143289344,2131755008,2150629376,2147483648,2130706432,2148532224,2140143616,2703899001
2128609280,2161115136,2153775104,2134900736,2129657856,2146435072,2144337920,2126512128,2144600064,2136735744,2703915001
2123366400,2156920832,2154823680,2136997888,2126512128,2144337920,2142240768,2122317824,2143027200,2133852160,2703931023
2138046464,2138046464,2134900736,2116026368,2127560704,2145386496,2142240768,2123366400,2131755008,2134638592,2703947023
2139095040,2146435072,2136997888,2122317824,2130706432,2148532224,2145386496,2128609280,2136211456,2138308608,2703963024
2126512128,2152726528,2150629376,2140143616,2133852160,2150629376,2149580800,2132803584,2142502912,2141716480,2703979023
2130706432,2155872256,2164260864,2141192192,2132803584,2150629376,2148532224,2131755008,2148007936,2140930048,2703995045
2125463552,2160066560,2159017984,2141192192,2129657856,2147483648,2145386496,2127560704,2146435072,2137522176,2704011045
2121269248,2157969408,2151677952,2138046464,2126512128,2145386496,2142240768,2123366400,2142240768,2134376448,2704027045
2131755008,2135949312,2133852160,2114977792,2127560704,2144337920,2141192192,2123366400,2129133568,2134114304,2704043043
2139095040,2140143616,2135949312,2118123520,2128609280,2147483648,2145386496,2127560704,2133327872,2137260032,2704059067
2125463552,2151677952,2148532224,2134900736,2132803584,2149580800,2148532224,2131755008,2140143616,2140667904,2704075067
2135949312,2142240768,2144337920,2125463552,2132803584,2150629376,2149580800,2132803584,2136997888,2141454336,2704091066
2135949312,2143289344,2139095040,2124414976,2129657856,2148532224,2146435072,2128609280,2135687168,2138308608,2704107066
2122317824,2142240768,2138046464,2125463552,2126512128,2145386496,2143289344,2123366400,2132017152,2134638592,2704123088
2119172096,2140143616,2141192192,2120220672,2126512128,2145386496,2141192192,2123366400,2130182144,2134114304,2704139087
2131755008,2139095040,2134900736,2116026368,2128609280,2146435072,2143289344,2126512128,2130444288,2136211456,2704155089
2140143616,2140143616,2138046464,2121269248,2131755008,2149580800,2147483648,2130706432,2134900736,2139881472,2704171085
2125463552,2167406592,2157969408,2146435072,2133852160,2150629376,2149580800,2132803584,2149318656,2141716480,2704187109
2123366400,2153775104,2149580800,2136997888,2131755008,2149580800,2146435072,2129657856,2140930048,2139357184,2704204001
2145386496,2141192192,2138046464,2118123520,2128609280,2146435072,2143289344,2124414976,2135687168,2135687168,2704220001
2140143616,2139095040,2136997888,2113929216,2126512128,2144337920,2141192192,2121269248,2132541440,2133327872,2704236001
2131755008,2138046464,2131755008,2118123520,2127560704,2146435072,2144337920,2124414976,2129920000,2135687168,2704252001
2122317824,2148532224,2148532224,2131755008,2131755008,2149580800,2147483648,2129657856,2137784320,2139619328,2704268024
2141192192,2142240768,2141192192,2123366400,2132803584,2150629376,2148532224,2132803584,2136997888,2141192192,2704284023
2146435072,2143289344,2143289344,2122317824,2131755008,2149580800,2147483648,2130706432,2138832896,2139881472,2704300023
2136997888,2138046464,2138046464,2121269248,2128609280,2145386496,2143289344,2125463552,2133590016,2135687168,2704316023
2130706432,2142240768,2144337920,2118123520,2126512128,2143289344,2141192192,2122317824,2133852160,2133327872,2704332044
2132803584,2134900736,2133852160,2114977792,2126512128,2146435072,2142240768,2124414976,2129133568,2134900736,2704348045
2141192192,2141192192,2134900736,2119172096,2131755008,2147483648,2146435072,2128609280,2134114304,2138570752,2704364043
2125463552,2151677952,2149580800,2139095040,2132803584,2150629376,2149580800,2131755008,2141454336,2141192192,2704380046
2140143616,2146435072,2141192192,2128609280,2131755008,2150629376,2148532224,2131755008,2139095040,2140667904,2704396068
2127560704,2156920832,2156920832,2140143616,2129657856,2147483648,2145386496,2127560704,2145386496,2137522176,2704412067
2135949312,2140143616,2146435072,2117074944,2127560704,2144337920,2141192192,2122317824,2134900736,2133852160,2704428065
2126512128,2154823680,2148532224,2131755008,2127560704,2145386496,2141192192,2123366400,2140405760,2134376448,2704444066
2121269248,2147483648,2139095040,2130706432,2129657856,2147483648,2145386496,2127560704,2134638592,2137522176,2704460088
2127560704,2159017984,2161115136,2138046464,2132803584,2151677952,2148532224,2132803584,2146435072,2141454336,2704476087
2140143616,2156920832,2146435072,2127560704,2132803584,2150629376,2149580800,2131755008,2142765056,2141192192,2704492086
2123366400,2156920832,2147483648,2142240768,2130706432,2147483648,2145386496,2127560704,2142502912,2137784320,2704508087
2138046464,2146435072,2135949312,2118123520,2126512128,2145386496,2142240768,2123366400,2134638592,2134376448,2704524109
2126512128,2152726528,2146435072,2123366400,2127560704,2144337920,2142240768,2122317824,2137260032,2134114304,2704540109
2120220672,2147483648,2143289344,2128609280,2129657856,2147483648,2143289344,2126512128,2134900736,2136735744,2704557001
2139095040,2155872256,2144337920,2129657856,2132803584,2149580800,2147483648,2131755008,2142240768,2140405760,2704573001
2145386496,2150629376,2144337920,2125463552,2132803584,2151677952,2149580800,2132803584,2141454336,2141716480,2704589001
2132803584,2162163712,2153775104,2138046464,2131755008,2147483648,2146435072,2128609280,2146697216,2138570752,2704605024
2121269248,2154823680,2151677952,2138046464,2128609280,2144337920,2141192192,2124414976,2141454336,2134638592,2704621022
2121269248,2138046464,2141192192,2119172096,2125463552,2145386496,2141192192,2123366400,2129920000,2133852160,2704637023
2143289344,2136997888,2136997888,2114977792,2128609280,2145386496,2144337920,2124414976,2133065728,2135687168,2704653023
2123366400,2163212288,2155872256,2139095040,2131755008,2150629376,2146435072,2130706432,2145386496,2139881472,2704669047
2139095040,2150629376,2150629376,2128609280,2132803584,2151677952,2148532224,2132803584,2142240768,2141454336,2704685045
2132803584,2159017984,2154823680,2133852160,2130706432,2149580800,2147483648,2130706432,2145124352,2139619328,2704701046
2144337920,2140143616,2139095040,2117074944,2128609280,2146435072,2143289344,2125463552,2135162880,2135949312,2704717045
2120220672,2143289344,2143289344,2126512128,2126512128,2144337920,2141192192,2122317824,2133327872,2133590016,2704733066
2128609280,2151677952,2146435072,2124414976,2128609280,2145386496,2142240768,2123366400,2137784320,2134900736,2704749065
2122317824,2154823680,2149580800,2138046464,2130706432,2149580800,2146435072,2129657856,2141192192,2139095040,2704765069
2124414976,2160066560,2155872256,2145386496,2132803584,2150629376,2149580800,2131755008,2146435072,2141192192,2704781067
2127560704,2164260864,2164260864,2142240768,2132803584,2150629376,2148532224,2131755008,2149580800,2140930048,2704797087
2134900736,2146435072,2148532224,2124414976,2128609280,2146435072,2144337920,2125463552,2138570752,2136211456,2704813088
2138046464,2141192192,2140143616,2114977792,2126512128,2144337920,2142240768,2122317824,2133590016,2133852160,2704829088
2132803584,2135949312,2133852160,2114977792,2127560704,2144337920,2142240768,2123366400,2129395712,2134376448,2704845090
2122317824,2147483648,2151677952,2134900736,2129657856,2147483648,2145386496,2127560704,2139095040,2137522176,2704861108
2132803584,2143289344,2142240768,2124414976,2132803584,2150629376,2148532224,2131755008,2135687168,2140930048,2704877107
2141192192,2142240768,2141192192,2125463552,2132803584,2150629376,2149580800,2132803584,2137522176,2141454336,2704894001
2139095040,2141192192,2139095040,2119172096,2130706432,2147483648,2145386496,2126512128,2134638592,2137522176,2704910001
2139095040,2146435072,2138046464,2121269248,2127560704,2144337920,2141192192,2122317824,2136211456,2133852160,2704926001
2134900736,2146435072,2138046464,2117074944,2127560704,2144337920,2141192192,2122317824,2134114304,2133852160,2704942001
2132803584,2154823680,2150629376,2126512128,2129657856,2146435072,2143289344,2126512128,2141192192,2136473600,2704958025
2134900736,2146435072,2156920832,2122317824,2132803584,2149580800,2148532224,2130706432,2140143616,2140405760,2704974023
2136997888,2145386496,2142240768,2130706432,2132803584,2150629376,2149580800,2131755008,2138832896,2141192192,2704990022
2142240768,2141192192,2141192192,2123366400,2129657856,2148532224,2146435072,2128609280,2136997888,2138308608,2705006022
2139095040,2142240768,2144337920,2120220672,2127560704,2145386496,2143289344,2123366400,2136473600,2134900736,2705022047
2135949312,2139095040,2133852160,2113929216,2126512128,2144337920,2141192192,2122317824,2130706432,2133590016,2705038045
2119172096,2145386496,2139095040,2126512128,2128609280,2146435072,2143289344,2125463552,2132541440,2135949312,2705054045
2138046464,2141192192,2138046464,2122317824,2130706432,2149580800,2147483648,2130706432,2134900736,2139619328,2705070045
2138046464,2145386496,2142240768,2126512128,2133852160,2150629376,2148532224,2132803584,2138046464,2141454336,2705086068
2133852160,2145386496,2141192192,2128609280,2131755008,2148532224,2147483648,2129657856,2137260032,2139357184,2705102066
2125463552,2145386496,2157969408,2126512128,2127560704,2145386496,2144337920,2125463552,2138832896,2135687168,2705118067
2135949312,2141192192,2136997888,2118123520,2126512128,2144337920,2140143616,2122317824,2133065728,2133327872,2705134067
2131755008,2139095040,2143289344,2114977792,2128609280,2145386496,2142240768,2123366400,2132279296,2134900736,2705150088
2129657856,2157969408,2148532224,2132803584,2131755008,2148532224,2146435072,2129657856,2142240768,2139095040,2705166086
2143289344,2144337920,2146435072,2123366400,2132803584,2150629376,2148532224,2132803584,2139357184,2141192192,2705182088
2132803584,2147483648,2141192192,2126512128,2132803584,2149580800,2147483648,2130706432,2136997888,2140143616,2705198085
2131755008,2154823680,2157969408,2133852160,2129657856,2147483648,2144337920,2126512128,2144600064,2136997888,2705214111
2135949312,2138046464,2132803584,2118123520,2127560704,2144337920,2141192192,2122317824,2131230720,2133852160,2705231001
2126512128,2153775104,2149580800,2132803584,2127560704,2145386496,2142240768,2123366400,2140667904,2134638592,2705247001
2122317824,2153775104,2153775104,2134900736,2130706432,2148532224,2145386496,2128609280,2141192192,2138308608,2705263001
2132803584,2159017984,2161115136,2140143616,2132803584,2150629376,2149580800,2132803584,2148270080,2141454336,2705279001
2125463552,2148532224,2147483648,2132803584,2132803584,2149580800,2148532224,2131755008,2138570752,2140667904,2705295023
2131755008,2154823680,2154823680,2132803584,2129657856,2148532224,2145386496,2127560704,2143551488,2137784320,2705311023
2120220672,2140143616,2135949312,2123366400,2127560704,2144337920,2141192192,2122317824,2129920000,2133852160,2705327022
2123366400,2154823680,2149580800,2132803584,2126512128,2144337920,2142240768,2122317824,2140143616,2133852160,2705343024
2122317824,2142240768,2141192192,2123366400,2130706432,2147483648,2144337920,2126512128,2132279296,2137260032,2705359047
2128609280,2154823680,2161115136,2126512128,2132803584,2149580800,2148532224,2130706432,2142765056,2140405760,2705375047
2125463552,2157969408,2159017984,2144337920,2132803584,2150629376,2149580800,2132803584,2146697216,2141454336,2705391045
2145386496,2144337920,2142240768,2122317824,2130706432,2148532224,2144337920,2127560704,2138570752,2137784320,2705407046
2138046464,2136997888,2138046464,2117074944,2128609280,2144337920,2141192192,2123366400,2132541440,2134376448,2705423067
2120220672,2141192192,2133852160,2122317824,2126512128,2144337920,2141192192,2122317824,2129395712,2133590016,2705439066
2120220672,2142240768,2140143616,2124414976,2128609280,2147483648,2145386496,2126512128,2131755008,2136997888,2705455067
2139095040,2139095040,2139095040,2121269248,2132803584,2149580800,2147483648,2130706432,2134638592,2140143616,2705471066
2140143616,2142240768,2141192192,2125463552,2133852160,2149580800,2148532224,2131755008,2137260032,2140930048,2705487087
2133852160,2143289344,2143289344,2125463552,2131755008,2149580800,2147483648,2130706432,2136473600,2139881472,2705503088
2134900736,2144337920,2146435072,2119172096,2128609280,2145386496,2141192192,2124414976,2136211456,2134900736,2705519088
2129657856,2156920832,2145386496,2128609280,2126512128,2144337920,2141192192,2121269248,2140143616,2133327872,2705535088
2121269248,2142240768,2140143616,2121269248,2127560704,2146435072,2143289344,2125463552,2131230720,2135687168,2705551112
2138046464,2138046464,2138046464,2125463552,2132803584,2148532224,2146435072,2129657856,2134900736,2139357184,2705567108
2139095040,2144337920,2143289344,2126512128,2133852160,2150629376,2148532224,2131755008,2138308608,2141192192,2705584001
2127560704,2163212288,2163212288,2139095040,2131755008,2149580800,2147483648,2129657856,2148270080,2139619328,2705600001
2136997888,2139095040,2136997888,2121269248,2129657856,2146435072,2143289344,2125463552,2133590016,2136211456,2705616001
2119172096,2147483648,2136997888,2128609280,2127560704,2143289344,2141192192,2121269248,2133065728,2133327872,2705632024
2129657856,2138046464,2134900736,2119172096,2128609280,2144337920,2141192192,2123366400,2130444288,2134376448,2705648022
2138046464,2140143616,2138046464,2118123520,2131755008,2147483648,2146435072,2127560704,2133590016,2138308608,2705664023
2132803584,2157969408,2157969408,2138046464,2132803584,2150629376,2149580800,2132803584,2146697216,2141454336,2705680024
2128609280,2144337920,2141192192,2127560704,2132803584,2149580800,2148532224,2130706432,2135425024,2140405760,2705696045
2133852160,2155872256,2152726528,2131755008,2129657856,2147483648,2143289344,2127560704,2143551488,2136997888,2705712045
2119172096,2147483648,2139095040,2130706432,2127560704,2144337920,2141192192,2122317824,2134114304,2133852160,2705728045
2120220672,2154823680,2148532224,2135949312,2128609280,2144337920,2141192192,2122317824,2139881472,2134114304,2705744047
2122317824,2143289344,2148532224,2126512128,2129657856,2148532224,2145386496,2127560704,2135162880,2137784320,2705760067
2143289344,2146435072,2141192192,2127560704,2133852160,2150629376,2148532224,2131755008,2139619328,2141192192,2705776066
2129657856,2162163712,2162163712,2139095040,2131755008,2150629376,2148532224,2131755008,2148270080,2140667904,2705792067
2124414976,2163212288,2155872256,2143289344,2130706432,2147483648,2145386496,2127560704,2146697216,2137784320,2705808066
2131755008,2139095040,2138046464,2116026368,2127560704,2145386496,2141192192,2123366400,2131230720,2134376448,2705824089
2120220672,2145386496,2147483648,2124414976,2126512128,2144337920,2141192192,2122317824,2134376448,2133590016,2705840087
2120220672,2148532224,2147483648,2130706432,2128609280,2146435072,2144337920,2125463552,2136735744,2136211456,2705856087
2123366400,2152726528,2149580800,2136997888,2130706432,2150629376,2148532224,2131755008,2140667904,2140405760,2705872086
2129657856,2162163712,2162163712,2139095040,2133852160,2150629376,2148532224,2132803584,2148270080,2141454336,2705888107
2126512128,2147483648,2148532224,2130706432,2130706432,2148532224,2147483648,2129657856,2138308608,2139095040,2705904109
2122317824,2145386496,2147483648,2128609280,2127560704,2145386496,2142240768,2123366400,2135949312,2134638592,2705921001
2124414976,2152726528,2152726528,2129657856,2126512128,2144337920,2141192192,2122317824,2139881472,2133590016,2705937001
2120220672,2147483648,2134900736,2131755008,2128609280,2145386496,2142240768,2125463552,2133590016,2135425024,2705953001
2136997888,2146435072,2152726528,2121269248,2131755008,2148532224,2147483648,2129657856,2139357184,2139357184,2705969001
2140143616,2146435072,2141192192,2126512128,2133852160,2150629376,2148532224,2131755008,2138570752,2141192192,2705985023
2144337920,2142240768,2141192192,2124414976,2131755008,2149580800,2147483648,2129657856,2138046464,2139619328,2706001024
2124414976,2160066560,2151677952,2141192192,2128609280,2147483648,2143289344,2126512128,2144337920,2136473600,2706017023
2138046464,2140143616,2135949312,2116026368,2127560704,2144337920,2141192192,2121269248,2132541440,2133590016,2706033022
2121269248,2141192192,2134900736,2122317824,2128609280,2145386496,2142240768,2123366400,2129920000,2134900736,2706049045
2123366400,2141192192,2144337920,2123366400,2130706432,2148532224,2146435072,2128609280,2133065728,2138570752,2706065045
2134900736,2159017984,2156920832,2140143616,2133852160,2150629376,2148532224,2131755008,2147745792,2141192192,2706081046
2126512128,2147483648,2147483648,2126512128,2132803584,2149580800,2147483648,2130706432,2136997888,2140143616,2706097045
2127560704,2154823680,2156920832,2136997888,2129657856,2147483648,2144337920,2126512128,2144075776,2136997888,2706113068
2129657856,2138046464,2135949312,2117074944,2126512128,2145386496,2141192192,2123366400,2130182144,2134114304,2706129067
2135949312,2135949312,2132803584,2114977792,2127560704,2145386496,2142240768,2122317824,2129920000,2134376448,2706145066
2123366400,2154823680,2153775104,2132803584,2130706432,2147483648,2145386496,2127560704,2141192192,2137784320,2706161065
2123366400,2147483648,2147483648,2134900736,2132803584,2150629376,2149580800,2131755008,2138308608,2141192192,2706177088
2142240768,2144337920,2142240768,2125463552,2132803584,2150629376,2149580800,2132803584,2138570752,2141454336,2706193088
2130706432,2162163712,2161115136,2140143616,2130706432,2148532224,2145386496,2127560704,2148532224,2138046464,2706209088
2121269248,2154823680,2151677952,2138046464,2126512128,2145386496,2143289344,2122317824,2141454336,2134376448,2706225087
2123366400,2138046464,2135949312,2118123520,2127560704,2144337920,2141192192,2122317824,2128871424,2133852160,2706241110
2128609280,2135949312,2139095040,2117074944,2130706432,2146435072,2144337920,2125463552,2130182144,2136735744,2706258001
2127560704,2159017984,2160066560,2140143616,2131755008,2150629376,2148532224,2131755008,2146697216,2140667904,2706274001
2138046464,2145386496,2142240768,2126512128,2133852160,2150629376,2147483648,2131755008,2138046464,2140930048,2706290001
2124414976,2152726528,2147483648,2139095040,2130706432,2148532224,2146435072,2128609280,2140930048,2138570752,2706306001
2138046464,2140143616,2139095040,2118123520,2128609280,2145386496,2142240768,2123366400,2133852160,2134900736,2706322025
2130706432,2151677952,2146435072,2125463552,2126512128,2144337920,2141192192,2121269248,2138570752,2133327872,2706338023
2124414976,2141192192,2135949312,2122317824,2128609280,2146435072,2144337920,2125463552,2130968576,2136211456,2706354023
2142240768,2152726528,2140143616,2126512128,2132803584,2149580800,2147483648,2130706432,2140405760,2140143616,2706370024
2124414976,2149580800,2148532224,2134900736,2132803584,2150629376,2148532224,2131755008,2139357184,2140930048,2706386045
2139095040,2140143616,2143289344,2121269248,2130706432,2149580800,2147483648,2130706432,2135949312,2139619328,2706402045
2143289344,2139095040,2140143616,2117074944,2128609280,2146435072,2142240768,2124414976,2134900736,2135425024,2706418045
2130706432,2151677952,2143289344,2125463552,2127560704,2143289344,2141192192,2121269248,2137784320,2133327872,2706434047
2122317824,2155872256,2150629376,2129657856,2127560704,2145386496,2143289344,2124414976,2139619328,2135162880,2706450067
2138046464,2150629376,2146435072,2127560704,2130706432,2149580800,2146435072,2129657856,2140667904,2139095040,2706466069
2135949312,2143289344,2142240768,2123366400,2131755008,2151677952,2149580800,2132803584,2136211456,2141454336,2706482065
2130706432,2160066560,2157969408,2138046464,2131755008,2150629376,2147483648,2131755008,2146697216,2140405760,2706498066
2135949312,2151677952,2145386496,2125463552,2128609280,2146435072,2144337920,2125463552,2139619328,2136211456,2706514088
2119172096,2153775104,2139095040,2132803584,2125463552,2145386496,2141192192,2123366400,2136211456,2133852160,2706530092
2119172096,2143289344,2143289344,2126512128,2127560704,2145386496,2142240768,2124414976,2133065728,2134900736,2706546087
2122317824,2149580800,2151677952,2134900736,2129657856,2148532224,2146435072,2128609280,2139619328,2138308608,2706562086
2128609280,2155872256,2155872256,2140143616,2132803584,2150629376,2149580800,2132803584,2145124352,2141454336,2706578108
2139095040,2143289344,2140143616,2123366400,2132803584,2150629376,2148532224,2131755008,2136473600,2140930048,2706594111
2123366400,2151677952,2151677952,2136997888,2129657856,2146435072,2145386496,2126512128,2140930048,2136997888,2706611001
2133852160,2155872256,2146435072,2127560704,2126512128,2145386496,2141192192,2123366400,2140930048,2134114304,2706627001
2120220672,2140143616,2139095040,2121269248,2127560704,2144337920,2141192192,2122317824,2130182144,2133852160,2706643001
2131755008,2153775104,2152726528,2129657856,2130706432,2146435072,2144337920,2126512128,2141978624,2136997888,2706659024
2143289344,2153775104,2140143616,2124414976,2132803584,2151677952,2148532224,2130706432,2140405760,2140930048,2706675022
2127560704,2150629376,2154823680,2134900736,2132803584,2150629376,2148532224,2132803584,2141978624,2141192192,2706691022
2146435072,2143289344,2142240768,2123366400,2130706432,2148532224,2145386496,2128609280,2138832896,2138308608,2706707024
2125463552,2161115136,2153775104,2132803584,2127560704,2145386496,2142240768,2124414976,2143289344,2134900736,2706723045
2134900736,2138046464,2142240768,2116026368,2127560704,2143289344,2141192192,2120220672,2132803584,2133065728,2706739046
2130706432,2141192192,2138046464,2119172096,2128609280,2146435072,2143289344,2125463552,2132279296,2135949312,2706755045
2130706432,2159017984,2154823680,2139095040,2131755008,2150629376,2148532224,2130706432,2145910784,2140405760,2706771047
2128609280,2167406592,2157969408,2145386496,2132803584,2150629376,2148532224,2132803584,2149842944,2141192192,2706787067
2127560704,2166358016,2163212288,2145386496,2130706432,2149580800,2147483648,2129657856,2150629376,2139357184,2706803065
2142240768,2139095040,2140143616,2118123520,2128609280,2145386496,2143289344,2124414976,2134900736,2135425024,2706819067
2121269248,2141192192,2136997888,2120220672,2126512128,2145386496,2141192192,2122317824,2129920000,2133852160,2706835068
2124414976,2157969408,2150629376,2130706432,2128609280,2145386496,2142240768,2124414976,2140930048,2135162880,2706851089
2125463552,2141192192,2142240768,2122317824,2130706432,2148532224,2146435072,2129657856,2132803584,2138832896,2706867087
2126512128,2151677952,2149580800,2141192192,2132803584,2151677952,2149580800,2132803584,2142240768,2141716480,2706883088
2144337920,2142240768,2141192192,2124414976,2132803584,2149580800,2148532224,2129657856,2138046464,2140143616,2706899090
2133852160,2140143616,2138046464,2121269248,2128609280,2146435072,2143289344,2125463552,2133327872,2135949312,2706915110
2131755008,2139095040,2134900736,2114977792,2126512128,2144337920,2141192192,2122317824,2130182144,2133590016,2706931106
2130706432,2146435072,2145386496,2121269248,2127560704,2145386496,2142240768,2124414976,2135949312,2134900736,2706948001
2122317824,2147483648,2140143616,2130706432,2130706432,2148532224,2146435072,2129657856,2135162880,2138832896,2706964001
2132803584,2159017984,2159017984,2133852160,2132803584,2150629376,2148532224,2132803584,2146172928,2141192192,2706980001
2141192192,2142240768,2141192192,2125463552,2131755008,2150629376,2147483648,2131755008,2137522176,2140405760,2706996001
2126512128,2159017984,2160066560,2138046464,2130706432,2146435072,2144337920,2126512128,2145910784,2136997888,2707012023
2120220672,2157969408,2151677952,2134900736,2127560704,2144337920,2141192192,2123366400,2141192192,2134114304,2707028025
2133852160,2135949312,2131755008,2112880640,2127560704,2145386496,2142240768,2122317824,2128609280,2134376448,2707044024
2125463552,2140143616,2136997888,2121269248,2129657856,2147483648,2144337920,2126512128,2130968576,2136997888,2707060022
2126512128,2151677952,2151677952,2135949312,2132803584,2151677952,2148532224,2132803584,2141454336,2141454336,2707076047
2139095040,2146435072,2155872256,2126512128,2133852160,2150629376,2149580800,2130706432,2141978624,2141192192,2707092046
2128609280,2145386496,2142240768,2126512128,2130706432,2147483648,2145386496,2127560704,2135687168,2137784320,2707108045
2125463552,2159017984,2153775104,2133852160,2127560704,2144337920,2142240768,2123366400,2143027200,2134376448,2707124043
2142240768,2141192192,2133852160,2114977792,2127560704,2144337920,2141192192,2122317824,2133065728,2133852160,2707140068
2120220672,2151677952,2147483648,2132803584,2128609280,2146435072,2143289344,2126512128,2138046464,2136211456,2707156067
2129657856,2142240768,2143289344,2124414976,2132803584,2149580800,2147483648,2130706432,2134900736,2140143616,2707172068
2136997888,2145386496,2145386496,2127560704,2133852160,2150629376,2149580800,2131755008,2138832896,2141454336,2707188066
2125463552,2155872256,2160066560,2143289344,2130706432,2149580800,2145386496,2129657856,2146172928,2138832896,2707204087
2135949312,2141192192,2136997888,2122317824,2128609280,2144337920,2142240768,2123366400,2134114304,2134638592,2707220089
2126512128,2151677952,2156920832,2130706432,2126512128,2143289344,2141192192,2121269248,2141454336,2133065728,2707236088
2122317824,2155872256,2153775104,2131755008,2128609280,2146435072,2144337920,2124414976,2140930048,2135949312,2707252086
2133852160,2143289344,2141192192,2122317824,2130706432,2149580800,2147483648,2129657856,2135162880,2139357184,2707268109
2126512128,2147483648,2151677952,2130706432,2133852160,2151677952,2149580800,2132803584,2139095040,2141978624,2707285001
2134900736,2161115136,2154823680,2139095040,2132803584,2149580800,2147483648,2129657856,2147483648,2139881472,2707301001
2124414976,2148532224,2150629376,2132803584,2128609280,2146435072,2143289344,2124414976,2139095040,2135687168,2707317001
2119172096,2153775104,2149580800,2133852160,2126512128,2144337920,2141192192,2121269248,2139095040,2133327872,2707333001
2139095040,2135949312,2134900736,2112880640,2127560704,2145386496,2142240768,2123366400,2130706432,2134638592,2707349025
2120220672,2157969408,2148532224,2135949312,2130706432,2149580800,2146435072,2129657856,2140667904,2139095040,2707365023
2142240768,2141192192,2142240768,2123366400,2133852160,2150629376,2149580800,2131755008,2137260032,2141454336,2707381023
2146435072,2145386496,2143289344,2127560704,2132803584,2149580800,2147483648,2130706432,2140667904,2140143616,2707397024
2126512128,2157969408,2157969408,2135949312,2128609280,2147483648,2145386496,2126512128,2144600064,2136997888,2707413045
2120220672,2143289344,2143289344,2124414976,2127560704,2143289344,2142240768,2121269248,2132803584,2133590016,2707429045
2120220672,2153775104,2147483648,2135949312,2126512128,2145386496,2142240768,2123366400,2139357184,2134376448,2707445045
2129657856,2142240768,2138046464,2120220672,2130706432,2147483648,2144337920,2127560704,2132541440,2137522176,2707461045
2146435072,2141192192,2141192192,2121269248,2132803584,2149580800,2148532224,2130706432,2137522176,2140405760,2707477068
2131755008,2157969408,2163212288,2141192192,2133852160,2150629376,2149580800,2131755008,2148532224,2141454336,2707493066
2123366400,2147483648,2151677952,2130706432,2129657856,2147483648,2146435072,2127560704,2138308608,2137784320,2707509066
2121269248,2155872256,2151677952,2136997888,2127560704,2145386496,2141192192,2123366400,2141454336,2134376448,2707525068
2133852160,2139095040,2132803584,2113929216,2127560704,2143289344,2141192192,2121269248,2129920000,2133327872,2707541088
2131755008,2139095040,2134900736,2118123520,2129657856,2147483648,2144337920,2126512128,2130968576,2136997888,2707557087
2125463552,2161115136,2159017984,2142240768,2132803584,2149580800,2148532224,2130706432,2146959360,2140405760,2707573089
2145386496,2146435072,2143289344,2124414976,2132803584,2151677952,2148532224,2132803584,2139881472,2141454336,2707589088
2125463552,2164260864,2157969408,2143289344,2130706432,2149580800,2146435072,2129657856,2147745792,2139095040,2707605109
2123366400,2147483648,2155872256,2130706432,2127560704,2144337920,2142240768,2123366400,2139357184,2134376448,2707621109
2121269248,2142240768,2149580800,2123366400,2127560704,2143289344,2141192192,2121269248,2134114304,2133327872,2707638001
2131755008,2138046464,2135949312,2117074944,2128609280,2146435072,2144337920,2125463552,2130706432,2136211456,2707654001
2146435072,2141192192,2141192192,2120220672,2132803584,2149580800,2148532224,2130706432,2137260032,2140405760,2707670001
2146435072,2140143616,2142240768,2123366400,2132803584,2150629376,2149580800,2132803584,2138046464,2141454336,2707686023
2144337920,2154823680,2142240768,2129657856,2131755008,2148532224,2147483648,2129657856,2142765056,2139357184,2707702024
2131755008,2153775104,2150629376,2132803584,2128609280,2145386496,2142240768,2124414976,2142240768,2135162880,2707718023
2134900736,2136997888,2135949312,2116026368,2127560704,2144337920,2140143616,2122317824,2130968576,2133590016,2707734024
2136997888,2138046464,2135949312,2116026368,2128609280,2146435072,2143289344,2124414976,2131755008,2135687168,2707750045
2121269248,2147483648,2143289344,2130706432,2131755008,2148532224,2146435072,2128609280,2135687168,2138832896,2707766046
2126512128,2150629376,2154823680,2133852160,2132803584,2151677952,2149580800,2133852160,2141454336,2141978624,2707782045
2127560704,2157969408,2161115136,2143289344,2131755008,2150629376,2147483648,2131755008,2147483648,2140405760,2707798046
2123366400,2156920832,2154823680,2145386496,2129657856,2146435072,2143289344,2125463552,2145124352,2136211456,2707814068
2121269248,2154823680,2154823680,2136997888,2125463552,2144337920,2141192192,2122317824,2141978624,2133327872,2707830064
2121269248,2157969408,2147483648,2128609280,2127560704,2145386496,2142240768,2123366400,2138832896,2134638592,2707846068
2129657856,2140143616,2138046464,2124414976,2130706432,2148532224,2145386496,2128609280,2133065728,2138308608,2707862065
2126512128,2160066560,2160066560,2138046464,2132803584,2150629376,2149580800,2131755008,2146172928,2141192192,2707878088
2125463552,2164260864,2153775104,2147483648,2131755008,2150629376,2149580800,2131755008,2147745792,2140930048,2707894085
2136997888,2140143616,2139095040,2121269248,2129657856,2148532224,2145386496,2127560704,2134376448,2137784320,2707910088
2141192192,2136997888,2136997888,2113929216,2127560704,2144337920,2141192192,2122317824,2132279296,2133852160,2707926089
2130706432,2144337920,2141192192,2118123520,2127560704,2145386496,2141192192,2122317824,2133590016,2134114304,2707942109
2133852160,2143289344,2143289344,2119172096,2130706432,2146435072,2145386496,2126512128,2134900736,2137260032,2707958107
2143289344,2150629376,2141192192,2124414976,2132803584,2150629376,2148532224,2131755008,2139881472,2140930048,2707975001
2140143616,2147483648,2140143616,2126512128,2132803584,2151677952,2149580800,2131755008,2138570752,2141454336,2707991001
2128609280,2148532224,2159017984,2131755008,2130706432,2147483648,2145386496,2127560704,2141978624,2137784320,2708007001
