2126512128,2157969408,2156920832,2141192192,2129657856,2148532224,2145386496,2128609280,2145648640,2138046464,2709114024
2142240768,2140143616,2138046464,2119172096,2129657856,2147483648,2145386496,2128609280,2134900736,2137784320,2709130046
2138046464,2139095040,2136997888,2119172096,2130706432,2147483648,2144337920,2126512128,2133327872,2137260032,2709146045
2125463552,2160066560,2154823680,2134900736,2129657856,2147483648,2145386496,2126512128,2143813632,2137260032,2709162045
2123366400,2156920832,2160066560,2129657856,2129657856,2148532224,2145386496,2127560704,2142502912,2137784320,2709178045
2142240768,2141192192,2138046464,2121269248,2129657856,2148532224,2145386496,2127560704,2135687168,2137784320,2709194067
2124414976,2143289344,2144337920,2128609280,2129657856,2147483648,2145386496,2127560704,2135162880,2137522176,2709210067
2141192192,2140143616,2140143616,2117074944,2130706432,2147483648,2144337920,2127560704,2134638592,2137522176,2709226067
2124414976,2159017984,2153775104,2134900736,2130706432,2147483648,2145386496,2127560704,2143027200,2137784320,2709242067
2126512128,2164260864,2154823680,2140143616,2129657856,2147483648,2145386496,2127560704,2146435072,2137522176,2709258087
2129657856,2142240768,2138046464,2127560704,2129657856,2147483648,2145386496,2127560704,2134376448,2137522176,2709274086
2138046464,2140143616,2138046464,2118123520,2130706432,2147483648,2145386496,2126512128,2133590016,2137522176,2709290091
2128609280,2138046464,2136997888,2120220672,2126512128,2144337920,2141192192,2122317824,2130968576,2133590016,2709306086
2119172096,2138046464,2133852160,2118123520,2126512128,2144337920,2140143616,2121269248,2127298560,2133065728,2709322110
2129657856,2139095040,2134900736,2118123520,2128609280,2147483648,2144337920,2126512128,2130444288,2136735744,2709339001
2123366400,2155872256,2147483648,2139095040,2133852160,2149580800,2147483648,2130706432,2141454336,2140405760,2709355001
2132803584,2147483648,2147483648,2126512128,2133852160,2151677952,2149580800,2132803584,2138570752,2141978624,2709371001
2125463552,2155872256,2155872256,2143289344,2130706432,2149580800,2146435072,2129657856,2145124352,2139095040,2709387001
2125463552,2148532224,2148532224,2131755008,2128609280,2145386496,2142240768,2123366400,2138570752,2134900736,2709403023
2121269248,2139095040,2132803584,2119172096,2126512128,2144337920,2141192192,2121269248,2128084992,2133327872,2709419024
2132803584,2135949312,2135949312,2116026368,2127560704,2145386496,2143289344,2124414976,2130182144,2135162880,2709435024
2134900736,2154823680,2152726528,2136997888,2132803584,2149580800,2147483648,2129657856,2144862208,2139881472,2709451023
2130706432,2161115136,2161115136,2142240768,2133852160,2151677952,2149580800,2132803584,2148794368,2141978624,2709467046
2133852160,2159017984,2154823680,2138046464,2131755008,2150629376,2148532224,2130706432,2146435072,2140405760,2709483046
2124414976,2160066560,2155872256,2143289344,2128609280,2146435072,2143289344,2125463552,2145910784,2135949312,2709499045
2128609280,2152726528,2146435072,2123366400,2126512128,2144337920,2140143616,2122317824,2137784320,2133327872,2709515044
2118123520,2157969408,2142240768,2136997888,2127560704,2145386496,2143289344,2123366400,2138832896,2134900736,2709531068
2134900736,2146435072,2134900736,2123366400,2130706432,2148532224,2147483648,2129657856,2134900736,2139095040,2709547068
2143289344,2146435072,2143289344,2127560704,2133852160,2151677952,2150629376,2133852160,2140143616,2142502912,2709563065
2146435072,2142240768,2143289344,2124414976,2132803584,2150629376,2149580800,2131755008,2139095040,2141192192,2709579066
2124414976,2149580800,2150629376,2133852160,2129657856,2146435072,2144337920,2126512128,2139619328,2136735744,2709595089
2125463552,2152726528,2152726528,2129657856,2127560704,2144337920,2141192192,2121269248,2140143616,2133590016,2709611091
2139095040,2133852160,2138046464,2112880640,2126512128,2144337920,2141192192,2122317824,2130968576,2133590016,2709627087
2121269248,2157969408,2151677952,2139095040,2130706432,2148532224,2145386496,2127560704,2142502912,2138046464,2709643086
2131755008,2152726528,2159017984,2124414976,2132803584,2151677952,2149580800,2132803584,2141978624,2141716480,2709659112
2128609280,2157969408,2163212288,2147483648,2133852160,2150629376,2149580800,2132803584,2149318656,2141716480,2709675111
2124414976,2147483648,2145386496,2131755008,2129657856,2147483648,2145386496,2127560704,2137260032,2137522176,2709692001
2124414976,2154823680,2154823680,2131755008,2127560704,2144337920,2141192192,2122317824,2141454336,2133852160,2709708001
2123366400,2153775104,2150629376,2132803584,2127560704,2143289344,2141192192,2122317824,2140143616,2133590016,2709724001
2126512128,2154823680,2150629376,2131755008,2130706432,2146435072,2144337920,2125463552,2140930048,2136735744,2709740024
2127560704,2152726528,2160066560,2138046464,2132803584,2150629376,2149580800,2131755008,2144600064,2141192192,2709756024
2134900736,2159017984,2159017984,2130706432,2132803584,2152726528,2149580800,2133852160,2145910784,2142240768,2709772023
2144337920,2146435072,2141192192,2126512128,2131755008,2148532224,2146435072,2128609280,2139619328,2138832896,2709788024
2123366400,2143289344,2136997888,2122317824,2127560704,2145386496,2142240768,2123366400,2131492864,2134638592,2709804046
2119172096,2155872256,2149580800,2134900736,2126512128,2143289344,2140143616,2121269248,2139881472,2132803584,2709820044
2116026368,2150629376,2141192192,2134900736,2128609280,2145386496,2143289344,2124414976,2135687168,2135425024,2709836046
2125463552,2161115136,2157969408,2141192192,2131755008,2150629376,2148532224,2131755008,2146435072,2140667904,2709852045
2130706432,2157969408,2160066560,2138046464,2133852160,2151677952,2150629376,2133852160,2146697216,2142502912,2709868067
2128609280,2157969408,2160066560,2142240768,2131755008,2150629376,2147483648,2130706432,2147221504,2140143616,2709884064
2124414976,2140143616,2136997888,2123366400,2128609280,2145386496,2143289344,2123366400,2131230720,2135162880,2709900067
2132803584,2149580800,2145386496,2125463552,2126512128,2144337920,2140143616,2121269248,2138308608,2133065728,2709916066
2119172096,2139095040,2136997888,2118123520,2127560704,2144337920,2142240768,2123366400,2128347136,2134376448,2709932092
2135949312,2146435072,2146435072,2120220672,2131755008,2149580800,2147483648,2129657856,2137260032,2139619328,2709948086
2125463552,2147483648,2145386496,2129657856,2133852160,2151677952,2149580800,2133852160,2136997888,2142240768,2709964088
2134900736,2160066560,2159017984,2133852160,2132803584,2149580800,2148532224,2130706432,2146959360,2140405760,2709980088
2139095040,2145386496,2146435072,2123366400,2128609280,2148532224,2145386496,2126512128,2138570752,2137260032,2709996109
2138046464,2145386496,2134900736,2117074944,2125463552,2144337920,2140143616,2122317824,2133852160,2133065728,2710012107
2123366400,2153775104,2153775104,2123366400,2128609280,2143289344,2141192192,2121269248,2138570752,2133590016,2710029001
2122317824,2147483648,2149580800,2130706432,2130706432,2148532224,2146435072,2128609280,2137522176,2138570752,2710045001
2142240768,2143289344,2142240768,2124414976,2132803584,2150629376,2148532224,2132803584,2138046464,2141192192,2710061001
2132803584,2165309440,2160066560,2142240768,2132803584,2150629376,2148532224,2132803584,2150105088,2141192192,2710077001
2143289344,2140143616,2141192192,2121269248,2130706432,2147483648,2144337920,2126512128,2136473600,2137260032,2710093023
2130706432,2154823680,2150629376,2128609280,2126512128,2144337920,2141192192,2122317824,2141192192,2133590016,2710109023
2133852160,2145386496,2144337920,2117074944,2125463552,2144337920,2141192192,2122317824,2135162880,2133327872,2710125023
2118123520,2150629376,2139095040,2133852160,2130706432,2146435072,2144337920,2126512128,2135425024,2136997888,2710141024
2126512128,2162163712,2161115136,2145386496,2132803584,2151677952,2149580800,2132803584,2148794368,2141716480,2710157046
2127560704,2162163712,2163212288,2146435072,2132803584,2151677952,2149580800,2132803584,2149842944,2141716480,2710173047
2141192192,2142240768,2140143616,2124414976,2130706432,2147483648,2146435072,2127560704,2136997888,2138046464,2710189044
2122317824,2155872256,2148532224,2139095040,2127560704,2144337920,2141192192,2122317824,2141454336,2133852160,2710205044
2131755008,2133852160,2132803584,2113929216,2126512128,2143289344,2141192192,2121269248,2128084992,2133065728,2710221067
2123366400,2152726528,2152726528,2129657856,2128609280,2146435072,2143289344,2125463552,2139619328,2135949312,2710237068
2122317824,2152726528,2150629376,2135949312,2131755008,2150629376,2148532224,2132803584,2140405760,2140930048,2710253067
2130706432,2163212288,2159017984,2135949312,2133852160,2150629376,2149580800,2132803584,2147221504,2141716480,2710269066
2146435072,2145386496,2143289344,2126512128,2131755008,2150629376,2147483648,2130706432,2140405760,2140143616,2710285090
2133852160,2151677952,2150629376,2129657856,2127560704,2146435072,2142240768,2125463552,2141454336,2135425024,2710301088
2120220672,2153775104,2153775104,2134900736,2126512128,2143289344,2140143616,2121269248,2140667904,2132803584,2710317090
2119172096,2143289344,2142240768,2124414976,2127560704,2145386496,2142240768,2123366400,2132279296,2134638592,2710333087
2138046464,2153775104,2146435072,2127560704,2131755008,2150629376,2148532224,2129657856,2141454336,2140143616,2710349110
2135949312,2151677952,2157969408,2126512128,2132803584,2152726528,2149580800,2133852160,2143027200,2142240768,2710366001
2126512128,2164260864,2152726528,2149580800,2131755008,2150629376,2147483648,2130706432,2148270080,2140143616,2710382001
2140143616,2140143616,2139095040,2119172096,2129657856,2146435072,2143289344,2124414976,2134638592,2135949312,2710398000
2121269248,2141192192,2138046464,2121269248,2126512128,2144337920,2140143616,2121269248,2130444288,2133065728,2710414001
2121269248,2143289344,2138046464,2125463552,2127560704,2144337920,2141192192,2123366400,2132017152,2134114304,2710430023
2125463552,2157969408,2154823680,2139095040,2130706432,2149580800,2147483648,2128609280,2144337920,2139095040,2710446023
2125463552,2151677952,2155872256,2139095040,2133852160,2150629376,2149580800,2132803584,2143027200,2141716480,2710462023
2130706432,2166358016,2160066560,2146435072,2133852160,2150629376,2148532224,2131755008,2150891520,2141192192,2710478024
2133852160,2143289344,2141192192,2123366400,2130706432,2146435072,2145386496,2126512128,2135425024,2137260032,2710494045
2118123520,2142240768,2135949312,2126512128,2126512128,2144337920,2140143616,2122317824,2130706432,2133327872,2710510045
2119172096,2155872256,2152726528,2136997888,2126512128,2143289344,2140143616,2122317824,2141192192,2133065728,2710526044
2121269248,2143289344,2136997888,2124414976,2129657856,2148532224,2144337920,2127560704,2131492864,2137522176,2710542045
2125463552,2159017984,2155872256,2139095040,2132803584,2150629376,2148532224,2131755008,2144862208,2140930048,2710558065
2143289344,2146435072,2145386496,2128609280,2133852160,2150629376,2148532224,2132803584,2140930048,2141454336,2710574066
2126512128,2156920832,2157969408,2141192192,2131755008,2147483648,2145386496,2128609280,2145648640,2138308608,2710590065
2125463552,2155872256,2154823680,2131755008,2126512128,2145386496,2142240768,2123366400,2141978624,2134376448,2710606067
2132803584,2135949312,2142240768,2114977792,2126512128,2144337920,2140143616,2122317824,2131492864,2133327872,2710622086
2133852160,2135949312,2133852160,2114977792,2129657856,2146435072,2144337920,2125463552,2129657856,2136473600,2710638087
2139095040,2154823680,2146435072,2127560704,2131755008,2150629376,2148532224,2131755008,2141978624,2140667904,2710654086
2142240768,2146435072,2143289344,2126512128,2132803584,2152726528,2150629376,2133852160,2139619328,2142502912,2710670088
2125463552,2147483648,2145386496,2134900736,2130706432,2150629376,2147483648,2130706432,2138308608,2139881472,2710686108
2123366400,2156920832,2156920832,2136997888,2128609280,2145386496,2142240768,2123366400,2143551488,2134900736,2710702109
2117074944,2154823680,2150629376,2133852160,2126512128,2143289344,2140143616,2120220672,2139095040,2132541440,2710719001
2140143616,2136997888,2133852160,2116026368,2128609280,2145386496,2143289344,2123366400,2131755008,2135162880,2710735001
2133852160,2139095040,2139095040,2120220672,2131755008,2150629376,2147483648,2130706432,2133065728,2140143616,2710751001
2136997888,2154823680,2154823680,2128609280,2133852160,2150629376,2149580800,2132803584,2143813632,2141716480,2710767023
2123366400,2161115136,2156920832,2144337920,2131755008,2149580800,2147483648,2130706432,2146435072,2139881472,2710783023
2141192192,2160066560,2144337920,2132803584,2128609280,2145386496,2143289344,2124414976,2144600064,2135425024,2710799024
2141192192,2133852160,2133852160,2114977792,2125463552,2143289344,2140143616,2121269248,2130968576,2132541440,2710815025
2123366400,2155872256,2155872256,2130706432,2127560704,2144337920,2142240768,2123366400,2141454336,2134376448,2710831045
2121269248,2145386496,2138046464,2126512128,2131755008,2148532224,2146435072,2128609280,2132803584,2138832896,2710847044
2127560704,2147483648,2141192192,2130706432,2132803584,2151677952,2149580800,2133852160,2136735744,2141978624,2710863046
2126512128,2150629376,2152726528,2138046464,2131755008,2151677952,2148532224,2132803584,2141978624,2141192192,2710879047
2139095040,2143289344,2140143616,2122317824,2128609280,2148532224,2144337920,2127560704,2136211456,2137260032,2710895066
2140143616,2138046464,2135949312,2116026368,2126512128,2143289344,2140143616,2121269248,2132541440,2132803584,2710911066
2138046464,2143289344,2138046464,2116026368,2126512128,2144337920,2142240768,2122317824,2133852160,2133852160,2710927066
2120220672,2147483648,2151677952,2130706432,2129657856,2147483648,2146435072,2127560704,2137522176,2137784320,2710943068
2129657856,2145386496,2144337920,2126512128,2132803584,2150629376,2149580800,2132803584,2136473600,2141454336,2710959088
2140143616,2143289344,2142240768,2125463552,2133852160,2150629376,2149580800,2131755008,2137784320,2141454336,2710975087
2138046464,2142240768,2140143616,2124414976,2129657856,2148532224,2146435072,2127560704,2136211456,2138046464,2710991087
2130706432,2146435072,2148532224,2117074944,2126512128,2144337920,2142240768,2122317824,2135687168,2133852160,2711007087
2118123520,2147483648,2148532224,2128609280,2126512128,2143289344,2140143616,2121269248,2135687168,2132803584,2711023110
2120220672,2144337920,2142240768,2125463552,2128609280,2146435072,2144337920,2126512128,2133065728,2136473600,2711039106
2124414976,2155872256,2147483648,2135949312,2132803584,2151677952,2148532224,2132803584,2140930048,2141454336,2711056001
2125463552,2157969408,2155872256,2143289344,2132803584,2152726528,2149580800,2134900736,2145648640,2142502912,2711072001
2126512128,2163212288,2160066560,2139095040,2130706432,2148532224,2147483648,2129657856,2147221504,2139095040,2711088001
2136997888,2140143616,2146435072,2120220672,2127560704,2144337920,2141192192,2123366400,2135949312,2134114304,2711104001
2119172096,2143289344,2135949312,2124414976,2126512128,2143289344,2141192192,2121269248,2130706432,2133065728,2711120025
2136997888,2143289344,2144337920,2117074944,2129657856,2145386496,2143289344,2124414976,2135425024,2135687168,2711136023
2144337920,2140143616,2139095040,2120220672,2131755008,2150629376,2148532224,2130706432,2135949312,2140405760,2711152024
2125463552,2148532224,2150629376,2133852160,2133852160,2151677952,2149580800,2132803584,2139619328,2141978624,2711168023
2138046464,2145386496,2141192192,2128609280,2131755008,2149580800,2147483648,2130706432,2138308608,2139881472,2711184046
2132803584,2154823680,2150629376,2135949312,2128609280,2145386496,2142240768,2124414976,2143551488,2135162880,2711200045
2133852160,2135949312,2134900736,2112880640,2126512128,2143289344,2141192192,2120220672,2129395712,2132803584,2711216045
2127560704,2146435072,2146435072,2124414976,2126512128,2145386496,2142240768,2123366400,2136211456,2134376448,2711232045
2122317824,2147483648,2139095040,2125463552,2130706432,2149580800,2146435072,2129657856,2133590016,2139095040,2711248067
2126512128,2151677952,2153775104,2134900736,2133852160,2150629376,2149580800,2132803584,2141716480,2141716480,2711264066
2129657856,2152726528,2161115136,2136997888,2132803584,2150629376,2147483648,2131755008,2145124352,2140667904,2711280067
2133852160,2140143616,2139095040,2123366400,2128609280,2147483648,2144337920,2126512128,2134114304,2136735744,2711296067
2121269248,2155872256,2153775104,2134900736,2125463552,2144337920,2141192192,2121269248,2141454336,2133065728,2711312088
2120220672,2141192192,2140143616,2122317824,2126512128,2144337920,2142240768,2121269248,2130968576,2133590016,2711328087
2123366400,2156920832,2154823680,2138046464,2130706432,2148532224,2145386496,2128609280,2143289344,2138308608,2711344089
2136997888,2142240768,2142240768,2124414976,2132803584,2150629376,2149580800,2131755008,2136473600,2141192192,2711360087
2144337920,2157969408,2144337920,2129657856,2132803584,2151677952,2148532224,2131755008,2144075776,2141192192,2711376108
2142240768,2142240768,2141192192,2121269248,2129657856,2147483648,2145386496,2126512128,2136735744,2137260032,2711393001
2142240768,2140143616,2136997888,2118123520,2126512128,2143289344,2140143616,2121269248,2134376448,2132803584,2711409001
2124414976,2139095040,2132803584,2116026368,2126512128,2144337920,2141192192,2121269248,2128084992,2133327872,2711425001
2130706432,2157969408,2150629376,2126512128,2129657856,2147483648,2144337920,2126512128,2141454336,2136997888,2711441001
2130706432,2154823680,2157969408,2134900736,2132803584,2150629376,2148532224,2132803584,2144600064,2141192192,2711457025
2135949312,2145386496,2143289344,2126512128,2132803584,2151677952,2149580800,2133852160,2137784320,2141978624,2711473025
2136997888,2159017984,2157969408,2133852160,2130706432,2149580800,2146435072,2128609280,2146959360,2138832896,2711489023
2130706432,2159017984,2150629376,2125463552,2126512128,2146435072,2142240768,2123366400,2141454336,2134638592,2711505022
2118123520,2157969408,2147483648,2130706432,2125463552,2144337920,2140143616,2121269248,2138570752,2132803584,2711521046
2139095040,2149580800,2135949312,2121269248,2128609280,2145386496,2143289344,2124414976,2136473600,2135425024,2711537046
2122317824,2149580800,2147483648,2134900736,2131755008,2149580800,2147483648,2130706432,2138570752,2139881472,2711553046
2126512128,2147483648,2142240768,2130706432,2132803584,2150629376,2149580800,2133852160,2136735744,2141716480,2711569047
2147483648,2142240768,2143289344,2123366400,2130706432,2150629376,2147483648,2130706432,2139095040,2139881472,2711585068
2136997888,2141192192,2138046464,2122317824,2127560704,2146435072,2143289344,2124414976,2134638592,2135425024,2711601067
2139095040,2136997888,2134900736,2113929216,2126512128,2143289344,2140143616,2120220672,2131230720,2132541440,2711617065
2116026368,2162163712,2147483648,2136997888,2128609280,2145386496,2142240768,2124414976,2140667904,2135162880,2711633067
2133852160,2159017984,2146435072,2129657856,2131755008,2149580800,2147483648,2129657856,2142240768,2139619328,2711649087
2135949312,2145386496,2141192192,2126512128,2132803584,2152726528,2150629376,2133852160,2137260032,2142502912,2711665090
2125463552,2160066560,2147483648,2147483648,2132803584,2149580800,2148532224,2130706432,2145124352,2140405760,2711681087
2143289344,2144337920,2143289344,2122317824,2128609280,2146435072,2144337920,2124414976,2138308608,2135949312,2711697087
2120220672,2140143616,2143289344,2122317824,2125463552,2144337920,2141192192,2121269248,2131492864,2133065728,2711713109
2133852160,2136997888,2139095040,2114977792,2126512128,2145386496,2142240768,2123366400,2131230720,2134376448,2711729110
2123366400,2162163712,2155872256,2136997888,2130706432,2149580800,2146435072,2129657856,2144600064,2139095040,2711746001
2135949312,2162163712,2154823680,2139095040,2132803584,2152726528,2149580800,2132803584,2148007936,2141978624,2711762001
2140143616,2144337920,2142240768,2125463552,2132803584,2150629376,2149580800,2131755008,2138046464,2141192192,2711778001
2130706432,2157969408,2154823680,2135949312,2129657856,2146435072,2145386496,2126512128,2144862208,2136997888,2711794023
2121269248,2142240768,2138046464,2121269248,2126512128,2144337920,2140143616,2122317824,2130706432,2133327872,2711810023
2133852160,2146435072,2133852160,2119172096,2126512128,2144337920,2141192192,2122317824,2133327872,2133590016,2711826024
2121269248,2143289344,2143289344,2122317824,2129657856,2148532224,2145386496,2127560704,2132541440,2137784320,2711842023
2124414976,2150629376,2150629376,2136997888,2133852160,2150629376,2148532224,2131755008,2140667904,2141192192,2711858045
2127560704,2151677952,2147483648,2136997888,2132803584,2151677952,2150629376,2133852160,2140930048,2142240768,2711874044
2124414976,2157969408,2155872256,2142240768,2130706432,2147483648,2146435072,2128609280,2145124352,2138308608,2711890046
2128609280,2160066560,2148532224,2131755008,2127560704,2144337920,2141192192,2122317824,2142240768,2133852160,2711906046
2134900736,2133852160,2132803584,2110783488,2126512128,2143289344,2140143616,2121269248,2128084992,2132803584,2711922067
2134900736,2146435072,2146435072,2117074944,2128609280,2147483648,2144337920,2126512128,2136211456,2136735744,2711938065
2123366400,2160066560,2155872256,2133852160,2132803584,2150629376,2148532224,2130706432,2143289344,2140667904,2711954066
2144337920,2142240768,2143289344,2126512128,2133852160,2151677952,2150629376,2133852160,2139095040,2142502912,2711970066
2134900736,2157969408,2154823680,2143289344,2132803584,2148532224,2146435072,2128609280,2147745792,2139095040,2711986091
2136997888,2146435072,2151677952,2122317824,2128609280,2145386496,2143289344,2123366400,2139357184,2135162880,2712002086
2121269248,2141192192,2131755008,2120220672,2125463552,2143289344,2141192192,2120220672,2128609280,2132541440,2712018088
2128609280,2154823680,2146435072,2132803584,2128609280,2145386496,2142240768,2124414976,2140667904,2135162880,2712034087
2124414976,2142240768,2140143616,2125463552,2131755008,2148532224,2146435072,2129657856,2133065728,2139095040,2712050109
2127560704,2160066560,2147483648,2147483648,2133852160,2151677952,2149580800,2133852160,2145648640,2142240768,2712066106
2125463552,2162163712,2161115136,2142240768,2132803584,2149580800,2147483648,2130706432,2147745792,2140143616,2712083001
2142240768,2141192192,2141192192,2122317824,2128609280,2145386496,2143289344,2124414976,2136735744,2135425024,2712099001
2129657856,2149580800,2148532224,2126512128,2126512128,2144337920,2141192192,2121269248,2138570752,2133327872,2712115001
2122317824,2146435072,2151677952,2117074944,2127560704,2145386496,2142240768,2123366400,2134376448,2134638592,2712131001
2141192192,2142240768,2142240768,2120220672,2130706432,2148532224,2146435072,2128609280,2136473600,2138570752,2712147022
2140143616,2146435072,2141192192,2126512128,2133852160,2151677952,2149580800,2132803584,2138570752,2141978624,2712163023
2129657856,2144337920,2143289344,2129657856,2132803584,2150629376,2148532224,2131755008,2136735744,2140930048,2712179024
2128609280,2159017984,2157969408,2135949312,2128609280,2147483648,2145386496,2126512128,2145386496,2136997888,2712195024
2131755008,2140143616,2144337920,2114977792,2126512128,2143289344,2140143616,2121269248,2132803584,2132803584,2712211045
2131755008,2139095040,2133852160,2113929216,2126512128,2145386496,2141192192,2123366400,2129657856,2134114304,2712227047
2129657856,2146435072,2149580800,2121269248,2130706432,2147483648,2145386496,2127560704,2136735744,2137784320,2712243045
2138046464,2146435072,2156920832,2128609280,2132803584,2150629376,2148532224,2132803584,2142502912,2141192192,2712259044
2135949312,2147483648,2142240768,2126512128,2133852160,2150629376,2149580800,2132803584,2138046464,2141716480,2712275067
2129657856,2162163712,2162163712,2139095040,2130706432,2149580800,2145386496,2127560704,2148270080,2138308608,2712291067
2121269248,2138046464,2143289344,2120220672,2126512128,2145386496,2141192192,2123366400,2130706432,2134114304,2712307068
2122317824,2155872256,2152726528,2132803584,2126512128,2144337920,2140143616,2121269248,2140930048,2133065728,2712323066
2138046464,2138046464,2135949312,2118123520,2129657856,2147483648,2145386496,2126512128,2132541440,2137260032,2712339087
2129657856,2142240768,2141192192,2126512128,2132803584,2150629376,2148532224,2131755008,2134900736,2140930048,2712355089
2128609280,2166358016,2164260864,2146435072,2132803584,2152726528,2149580800,2134900736,2151415808,2142502912,2712371089
2146435072,2142240768,2142240768,2126512128,2131755008,2148532224,2146435072,2129657856,2139357184,2139095040,2712387085
2133852160,2138046464,2139095040,2120220672,2127560704,2145386496,2142240768,2123366400,2132803584,2134638592,2712403111
2119172096,2143289344,2135949312,2124414976,2126512128,2143289344,2140143616,2121269248,2130706432,2132803584,2712420001
2127560704,2138046464,2132803584,2117074944,2127560704,2146435072,2143289344,2125463552,2128871424,2135687168,2712436001
2133852160,2139095040,2139095040,2121269248,2131755008,2149580800,2148532224,2130706432,2133327872,2140143616,2712452001
2127560704,2149580800,2153775104,2134900736,2133852160,2150629376,2149580800,2132803584,2141454336,2141716480,2712468001
2125463552,2149580800,2147483648,2136997888,2131755008,2149580800,2147483648,2130706432,2139881472,2139881472,2712484023
2133852160,2152726528,2146435072,2125463552,2128609280,2145386496,2142240768,2124414976,2139619328,2135162880,2712500024
2119172096,2143289344,2135949312,2119172096,2125463552,2143289344,2140143616,2120220672,2129395712,2132279296,2712516022
2117074944,2149580800,2143289344,2129657856,2127560704,2145386496,2142240768,2124414976,2134900736,2134900736,2712532023
2136997888,2150629376,2138046464,2121269248,2130706432,2148532224,2146435072,2129657856,2136735744,2138832896,2712548046
2125463552,2161115136,2157969408,2144337920,2132803584,2150629376,2149580800,2132803584,2147221504,2141454336,2712564046
2130706432,2159017984,2166358016,2142240768,2132803584,2150629376,2148532224,2131755008,2149580800,2140930048,2712580047
2122317824,2157969408,2155872256,2143289344,2128609280,2147483648,2144337920,2126512128,2144862208,2136735744,2712596047
2120220672,2159017984,2151677952,2136997888,2125463552,2144337920,2140143616,2122317824,2141978624,2133065728,2712612066
2120220672,2148532224,2151677952,2130706432,2127560704,2144337920,2141192192,2122317824,2137784320,2133852160,2712628066
2120220672,2150629376,2149580800,2131755008,2130706432,2148532224,2146435072,2127560704,2138046464,2138308608,2712644067
2131755008,2162163712,2159017984,2134900736,2132803584,2151677952,2149580800,2132803584,2146959360,2141716480,2712660065
2141192192,2142240768,2142240768,2127560704,2132803584,2151677952,2148532224,2132803584,2138308608,2141454336,2712676088
2134900736,2145386496,2140143616,2123366400,2130706432,2146435072,2144337920,2126512128,2135949312,2136997888,2712692087
2129657856,2139095040,2136997888,2116026368,2126512128,2144337920,2140143616,2122317824,2130444288,2133327872,2712708088
2131755008,2146435072,2140143616,2121269248,2125463552,2144337920,2141192192,2122317824,2134900736,2133327872,2712724088
2131755008,2139095040,2139095040,2118123520,2128609280,2146435072,2145386496,2126512128,2132017152,2136735744,2712740111
2143289344,2146435072,2141192192,2124414976,2132803584,2150629376,2148532224,2132803584,2138832896,2141192192,2712756108
2127560704,2163212288,2163212288,2138046464,2133852160,2150629376,2149580800,2132803584,2148007936,2141716480,2712773001
2144337920,2142240768,2142240768,2121269248,2130706432,2147483648,2146435072,2128609280,2137522176,2138308608,2712789001
2138046464,2136997888,2136997888,2114977792,2126512128,2144337920,2141192192,2123366400,2131755008,2133852160,2712805001
2126512128,2150629376,2149580800,2132803584,2126512128,2143289344,2140143616,2121269248,2139881472,2132803584,2712821024
2121269248,2143289344,2136997888,2122317824,2128609280,2146435072,2142240768,2125463552,2130968576,2135687168,2712837022
2121269248,2150629376,2148532224,2133852160,2131755008,2150629376,2148532224,2131755008,2138570752,2140667904,2712853024
2142240768,2146435072,2146435072,2125463552,2133852160,2150629376,2149580800,2132803584,2140143616,2141716480,2712869024
2139095040,2146435072,2150629376,2127560704,2131755008,2149580800,2147483648,2130706432,2140930048,2139881472,2712885045
2128609280,2138046464,2138046464,2122317824,2127560704,2145386496,2142240768,2124414976,2131755008,2134900736,2712901043
2135949312,2136997888,2134900736,2116026368,2126512128,2144337920,2140143616,2122317824,2130968576,2133327872,2712917047
2138046464,2139095040,2134900736,2113929216,2127560704,2145386496,2143289344,2123366400,2131492864,2134900736,2712933045
2131755008,2138046464,2135949312,2120220672,2131755008,2148532224,2147483648,2129657856,2131492864,2139357184,2712949068
2138046464,2151677952,2142240768,2126512128,2134900736,2151677952,2149580800,2132803584,2139619328,2142240768,2712965067
2131755008,2144337920,2147483648,2127560704,2131755008,2150629376,2147483648,2130706432,2137784320,2140143616,2712981069
2136997888,2143289344,2141192192,2122317824,2128609280,2146435072,2143289344,2125463552,2135949312,2135949312,2712997066
2122317824,2155872256,2153775104,2127560704,2126512128,2144337920,2141192192,2121269248,2139881472,2133327872,2713013088
2118123520,2141192192,2136997888,2122317824,2127560704,2144337920,2141192192,2122317824,2129657856,2133852160,2713029086
2122317824,2152726528,2147483648,2135949312,2130706432,2148532224,2145386496,2128609280,2139619328,2138308608,2713045090
2127560704,2156920832,2160066560,2142240768,2132803584,2151677952,2149580800,2132803584,2146697216,2141716480,2713061089
2128609280,2147483648,2150629376,2132803584,2131755008,2151677952,2148532224,2133852160,2139881472,2141454336,2713077110
2126512128,2153775104,2154823680,2138046464,2129657856,2147483648,2146435072,2126512128,2143289344,2137522176,2713093106
2122317824,2155872256,2151677952,2134900736,2126512128,2144337920,2141192192,2122317824,2141192192,2133590016,2713110001
2122317824,2147483648,2153775104,2126512128,2127560704,2144337920,2140143616,2121269248,2137522176,2133327872,2713126001
2123366400,2154823680,2154823680,2128609280,2129657856,2147483648,2145386496,2128609280,2140405760,2137784320,2713142001
2136997888,2142240768,2140143616,2124414976,2132803584,2150629376,2148532224,2131755008,2135949312,2140930048,2713158001
2135949312,2163212288,2155872256,2141192192,2133852160,2151677952,2149580800,2133852160,2149056512,2142240768,2713174023
2124414976,2163212288,2147483648,2146435072,2129657856,2149580800,2147483648,2129657856,2145386496,2139095040,2713190025
2119172096,2149580800,2152726528,2133852160,2127560704,2144337920,2142240768,2122317824,2138832896,2134114304,2713206023
2131755008,2134900736,2133852160,2111832064,2127560704,2143289344,2140143616,2120220672,2128084992,2132803584,2713222023
2125463552,2160066560,2154823680,2126512128,2128609280,2147483648,2144337920,2126512128,2141716480,2136735744,2713238045
2142240768,2146435072,2146435072,2127560704,2132803584,2150629376,2147483648,2131755008,2140667904,2140667904,2713254045
2138046464,2155872256,2154823680,2127560704,2132803584,2151677952,2149580800,2133852160,2144075776,2141978624,2713270045
2127560704,2155872256,2155872256,2140143616,2131755008,2148532224,2146435072,2128609280,2144862208,2138832896,2713286045
2142240768,2142240768,2139095040,2118123520,2128609280,2145386496,2142240768,2123366400,2135425024,2134900736,2713302068
2128609280,2135949312,2136997888,2116026368,2126512128,2143289344,2140143616,2120220672,2129395712,2132541440,2713318067
2119172096,2156920832,2151677952,2136997888,2128609280,2146435072,2142240768,2124414976,2141192192,2135425024,2713334068
2138046464,2143289344,2139095040,2122317824,2131755008,2150629376,2147483648,2131755008,2135687168,2140405760,2713350066
2136997888,2146435072,2144337920,2128609280,2133852160,2150629376,2150629376,2132803584,2139095040,2141978624,2713366090
2132803584,2159017984,2154823680,2142240768,2132803584,2150629376,2148532224,2130706432,2147221504,2140667904,2713382087
2121269248,2147483648,2147483648,2131755008,2128609280,2146435072,2143289344,2125463552,2136997888,2135949312,2713398088
2119172096,2143289344,2141192192,2124414976,2126512128,2143289344,2140143616,2121269248,2132017152,2132803584,2713414085
2119172096,2151677952,2135949312,2132803584,2126512128,2145386496,2142240768,2124414976,2134900736,2134638592,2713430109
2125463552,2155872256,2157969408,2139095040,2130706432,2149580800,2147483648,2129657856,2144600064,2139357184,2713447001
2144337920,2143289344,2141192192,2124414976,2133852160,2151677952,2149580800,2133852160,2138308608,2142240768,2713463001
2124414976,2155872256,2152726528,2139095040,2132803584,2150629376,2148532224,2131755008,2143027200,2140930048,2713479001
2122317824,2146435072,2147483648,2129657856,2128609280,2147483648,2143289344,2126512128,2136473600,2136473600,2713495001
2120220672,2142240768,2140143616,2125463552,2126512128,2144337920,2140143616,2121269248,2132017152,2133065728,2713511024
2122317824,2141192192,2134900736,2120220672,2126512128,2144337920,2141192192,2122317824,2129657856,2133590016,2713527023
2132803584,2141192192,2136997888,2122317824,2129657856,2148532224,2146435072,2128609280,2133327872,2138308608,2713543023
2130706432,2162163712,2159017984,2142240768,2132803584,2150629376,2149580800,2132803584,2148532224,2141454336,2713559023
2138046464,2147483648,2143289344,2128609280,2133852160,2150629376,2148532224,2131755008,2139357184,2141192192,2713575045
2139095040,2154823680,2152726528,2122317824,2129657856,2147483648,2145386496,2127560704,2142240768,2137522176,2713591045
2121269248,2143289344,2140143616,2124414976,2126512128,2145386496,2141192192,2123366400,2132279296,2134114304,2713607046
2122317824,2151677952,2153775104,2131755008,2126512128,2144337920,2141192192,2121269248,2139881472,2133327872,2713623045
2119172096,2148532224,2142240768,2130706432,2129657856,2147483648,2144337920,2125463552,2135162880,2136735744,2713639067
2126512128,2145386496,2141192192,2128609280,2131755008,2150629376,2148532224,2131755008,2135425024,2140667904,2713655067
2140143616,2146435072,2143289344,2129657856,2133852160,2151677952,2149580800,2133852160,2139881472,2142240768,2713671067
2125463552,2151677952,2151677952,2139095040,2130706432,2148532224,2145386496,2129657856,2141978624,2138570752,2713687067
2136997888,2140143616,2138046464,2120220672,2127560704,2145386496,2142240768,2123366400,2133852160,2134638592,2713703089
2119172096,2151677952,2151677952,2132803584,2125463552,2144337920,2141192192,2121269248,2138832896,2133065728,2713719087
2122317824,2147483648,2154823680,2125463552,2128609280,2146435072,2143289344,2125463552,2137522176,2135949312,2713735087
2131755008,2138046464,2141192192,2120220672,2130706432,2149580800,2147483648,2129657856,2132803584,2139357184,2713751089
2145386496,2143289344,2142240768,2125463552,2133852160,2151677952,2150629376,2132803584,2139095040,2142240768,2713767109
2126512128,2147483648,2142240768,2130706432,2131755008,2150629376,2148532224,2130706432,2136735744,2140405760,2713783108
2122317824,2150629376,2144337920,2133852160,2127560704,2145386496,2143289344,2124414976,2137784320,2135162880,2713800001
2121269248,2153775104,2154823680,2127560704,2125463552,2143289344,2140143616,2121269248,2139357184,2132541440,2713816001
2138046464,2149580800,2134900736,2121269248,2128609280,2145386496,2142240768,2123366400,2135949312,2134900736,2713832001
2129657856,2140143616,2140143616,2123366400,2130706432,2149580800,2146435072,2130706432,2133327872,2139357184,2713848023
2138046464,2142240768,2143289344,2124414976,2133852160,2151677952,2150629376,2132803584,2136997888,2142240768,2713864024
2124414976,2157969408,2147483648,2142240768,2132803584,2150629376,2148532224,2131755008,2143027200,2140930048,2713880023
2142240768,2143289344,2139095040,2123366400,2128609280,2147483648,2144337920,2127560704,2136997888,2136997888,2713896024
2122317824,2143289344,2136997888,2122317824,2127560704,2143289344,2140143616,2121269248,2131230720,2133065728,2713912045
2127560704,2155872256,2148532224,2127560704,2126512128,2144337920,2141192192,2122317824,2139881472,2133590016,2713928046
2136997888,2146435072,2142240768,2124414976,2130706432,2148532224,2145386496,2128609280,2137522176,2138308608,2713944044
2139095040,2152726528,2155872256,2127560704,2133852160,2150629376,2149580800,2131755008,2143813632,2141454336,2713960045
2142240768,2144337920,2143289344,2127560704,2132803584,2151677952,2149580800,2132803584,2139357184,2141716480,2713976066
2124414976,2149580800,2149580800,2129657856,2129657856,2147483648,2146435072,2127560704,2138308608,2137784320,2713992066
2139095040,2146435072,2135949312,2117074944,2127560704,2144337920,2141192192,2122317824,2134638592,2133852160,2714008066
2128609280,2136997888,2135949312,2116026368,2126512128,2144337920,2141192192,2121269248,2129395712,2133327872,2714024066
2133852160,2138046464,2136997888,2118123520,2130706432,2146435072,2144337920,2125463552,2131755008,2136735744,2714040086
2126512128,2150629376,2156920832,2133852160,2132803584,2150629376,2148532224,2131755008,2141978624,2140930048,2714056087
2126512128,2149580800,2150629376,2134900736,2132803584,2151677952,2149580800,2133852160,2140405760,2141978624,2714072089
2139095040,2142240768,2139095040,2123366400,2130706432,2149580800,2147483648,2129657856,2135949312,2139357184,2714088087
2136997888,2151677952,2144337920,2125463552,2127560704,2144337920,2142240768,2122317824,2139619328,2134114304,2714104112
2133852160,2150629376,2138046464,2117074944,2126512128,2144337920,2141192192,2122317824,2134900736,2133590016,2714120108
2119172096,2155872256,2141192192,2135949312,2128609280,2146435072,2143289344,2125463552,2138046464,2135949312,2714137001
2133852160,2141192192,2140143616,2124414976,2132803584,2149580800,2147483648,2130706432,2134900736,2140143616,2714153001
2125463552,2162163712,2155872256,2146435072,2132803584,2151677952,2149580800,2133852160,2147483648,2141978624,2714169001
2125463552,2163212288,2159017984,2145386496,2130706432,2150629376,2147483648,2130706432,2148270080,2139881472,2714185000
2121269248,2154823680,2147483648,2136997888,2128609280,2146435072,2142240768,2124414976,2140143616,2135425024,2714201026
2123366400,2153775104,2152726528,2129657856,2125463552,2144337920,2140143616,2121269248,2139881472,2132803584,2714217023
2138046464,2146435072,2138046464,2126512128,2127560704,2145386496,2142240768,2124414976,2137260032,2134900736,2714233023
2133852160,2142240768,2139095040,2120220672,2130706432,2149580800,2147483648,2129657856,2133852160,2139357184,2714249023
2125463552,2165309440,2161115136,2146435072,2132803584,2151677952,2150629376,2133852160,2149580800,2142240768,2714265046
2125463552,2148532224,2151677952,2132803584,2131755008,2149580800,2147483648,2130706432,2139619328,2139881472,2714281045
2130706432,2154823680,2155872256,2123366400,2129657856,2146435072,2144337920,2124414976,2141192192,2136211456,2714297046
2129657856,2156920832,2145386496,2126512128,2126512128,2143289344,2140143616,2121269248,2139619328,2132803584,2714313046
2136997888,2149580800,2138046464,2125463552,2127560704,2144337920,2141192192,2122317824,2137522176,2133852160,2714329066
2121269248,2151677952,2147483648,2139095040,2129657856,2148532224,2145386496,2128609280,2139881472,2138046464,2714345066
2125463552,2147483648,2147483648,2130706432,2132803584,2151677952,2149580800,2132803584,2137784320,2141716480,2714361071
2127560704,2148532224,2147483648,2132803584,2133852160,2150629376,2148532224,2132803584,2139095040,2141454336,2714377065
2126512128,2157969408,2159017984,2129657856,2128609280,2147483648,2145386496,2126512128,2143289344,2136997888,2714393087
2121269248,2154823680,2147483648,2138046464,2126512128,2144337920,2141192192,2122317824,2140405760,2133590016,2714409088
2118123520,2157969408,2148532224,2130706432,2126512128,2144337920,2141192192,2122317824,2138832896,2133590016,2714425088
2134900736,2151677952,2142240768,2125463552,2129657856,2147483648,2144337920,2127560704,2138570752,2137260032,2714441085
2132803584,2159017984,2152726528,2141192192,2133852160,2150629376,2148532224,2132803584,2146435072,2141454336,2714457108
2140143616,2156920832,2153775104,2138046464,2133852160,2150629376,2149580800,2132803584,2147221504,2141716480,2714474001
2125463552,2146435072,2143289344,2128609280,2130706432,2148532224,2145386496,2128609280,2135949312,2138308608,2714490001
2135949312,2144337920,2149580800,2117074944,2126512128,2145386496,2141192192,2123366400,2136735744,2134114304,2714506001
2117074944,2147483648,2141192192,2128609280,2126512128,2144337920,2140143616,2121269248,2133590016,2133065728,2714522001
2123366400,2141192192,2135949312,2118123520,2128609280,2146435072,2143289344,2126512128,2129657856,2136211456,2714538023
2132803584,2157969408,2154823680,2130706432,2132803584,2150629376,2148532224,2131755008,2144075776,2140930048,2714554023
2128609280,2168455168,2160066560,2146435072,2133852160,2151677952,2149580800,2132803584,2150891520,2141978624,2714570022
2130706432,2159017984,2159017984,2141192192,2130706432,2149580800,2147483648,2129657856,2147483648,2139357184,2714586023
2122317824,2149580800,2148532224,2133852160,2126512128,2145386496,2143289344,2123366400,2138570752,2134638592,2714602044
2127560704,2154823680,2146435072,2128609280,2125463552,2144337920,2141192192,2121269248,2139357184,2133065728,2714618047
2120220672,2149580800,2151677952,2134900736,2128609280,2146435072,2143289344,2124414976,2139095040,2135687168,2714634046
2140143616,2142240768,2139095040,2119172096,2130706432,2149580800,2147483648,2130706432,2135162880,2139619328,2714650046
2142240768,2143289344,2142240768,2123366400,2133852160,2151677952,2149580800,2133852160,2137784320,2142240768,2714666067
2141192192,2143289344,2141192192,2125463552,2131755008,2150629376,2148532224,2131755008,2137784320,2140667904,2714682068
2122317824,2160066560,2148532224,2143289344,2128609280,2146435072,2143289344,2125463552,2143551488,2135949312,2714698065
2121269248,2157969408,2153775104,2127560704,2126512128,2143289344,2140143616,2121269248,2140143616,2132803584,2714714067
2117074944,2159017984,2147483648,2130706432,2127560704,2145386496,2142240768,2123366400,2138570752,2134638592,2714730090
2123366400,2143289344,2140143616,2125463552,2130706432,2149580800,2146435072,2128609280,2133065728,2138832896,2714746089
2142240768,2140143616,2142240768,2121269248,2133852160,2150629376,2149580800,2132803584,2136473600,2141716480,2714762085
2145386496,2142240768,2143289344,2125463552,2132803584,2151677952,2148532224,2133852160,2139095040,2141716480,2714778088
2124414976,2156920832,2162163712,2131755008,2129657856,2147483648,2145386496,2126512128,2143813632,2137260032,2714794109
2120220672,2145386496,2147483648,2126512128,2126512128,2144337920,2140143616,2122317824,2134900736,2133327872,2714810108
2119172096,2147483648,2136997888,2130706432,2126512128,2145386496,2141192192,2123366400,2133590016,2134114304,2714827001
2128609280,2154823680,2151677952,2129657856,2129657856,2147483648,2145386496,2126512128,2141192192,2137260032,2714843001
2123366400,2149580800,2147483648,2136997888,2132803584,2151677952,2149580800,2132803584,2139357184,2141716480,2714859001
2135949312,2160066560,2156920832,2142240768,2133852160,2150629376,2149580800,2132803584,2148794368,2141716480,2714875023
2128609280,2160066560,2159017984,2138046464,2130706432,2147483648,2145386496,2127560704,2146435072,2137784320,2714891024
2119172096,2149580800,2139095040,2132803584,2127560704,2143289344,2141192192,2122317824,2135162880,2133590016,2714907024
2133852160,2133852160,2131755008,2112880640,2126512128,2143289344,2141192192,2121269248,2128084992,2133065728,2714923025
2119172096,2149580800,2141192192,2131755008,2128609280,2146435072,2144337920,2126512128,2135425024,2136473600,2714939045
2128609280,2156920832,2160066560,2133852160,2132803584,2150629376,2148532224,2131755008,2144862208,2140930048,2714955045
2134900736,2160066560,2159017984,2138046464,2133852160,2151677952,2149580800,2133852160,2148007936,2142240768,2714971045
2135949312,2144337920,2144337920,2126512128,2130706432,2149580800,2146435072,2129657856,2137784320,2139095040,2714987046
2128609280,2139095040,2134900736,2121269248,2127560704,2145386496,2141192192,2123366400,2130968576,2134376448,2715003067
2121269248,2138046464,2135949312,2120220672,2126512128,2144337920,2140143616,2121269248,2128871424,2133065728,2715019064
2125463552,2159017984,2153775104,2129657856,2129657856,2145386496,2143289344,2124414976,2141978624,2135687168,2715035068
2140143616,2142240768,2140143616,2121269248,2131755008,2149580800,2147483648,2130706432,2135949312,2139881472,2715051068
2126512128,2157969408,2161115136,2145386496,2132803584,2151677952,2149580800,2133852160,2147745792,2141978624,2715067089
2127560704,2163212288,2162163712,2143289344,2131755008,2150629376,2147483648,2131755008,2149056512,2140405760,2715083086
2123366400,2155872256,2155872256,2139095040,2128609280,2147483648,2143289344,2124414976,2143551488,2135949312,2715099091
2120220672,2154823680,2147483648,2134900736,2125463552,2144337920,2141192192,2121269248,2139357184,2133065728,2715115091
2120220672,2157969408,2151677952,2131755008,2126512128,2145386496,2142240768,2124414976,2140405760,2134638592,2715131112
2126512128,2150629376,2155872256,2131755008,2132803584,2148532224,2147483648,2128609280,2141192192,2139357184,2715147108
2132803584,2162163712,2159017984,2139095040,2132803584,2151677952,2149580800,2132803584,2148270080,2141716480,2715164001
2125463552,2157969408,2155872256,2143289344,2132803584,2150629376,2147483648,2131755008,2145648640,2140667904,2715180001
2140143616,2142240768,2141192192,2123366400,2129657856,2147483648,2144337920,2126512128,2136735744,2136997888,2715196001
2134900736,2135949312,2133852160,2114977792,2126512128,2143289344,2140143616,2121269248,2129920000,2132803584,2715212000
2125463552,2138046464,2136997888,2117074944,2126512128,2144337920,2141192192,2122317824,2129395712,2133590016,2715228025
2133852160,2153775104,2146435072,2129657856,2130706432,2147483648,2145386496,2128609280,2140930048,2138046464,2715244022
2127560704,2148532224,2145386496,2131755008,2132803584,2151677952,2149580800,2132803584,2138308608,2141716480,2715260024
2131755008,2161115136,2163212288,2141192192,2132803584,2150629376,2149580800,2132803584,2149318656,2141454336,2715276022
2128609280,2160066560,2159017984,2136997888,2130706432,2147483648,2145386496,2127560704,2146172928,2137784320,2715292045
2139095040,2150629376,2136997888,2119172096,2126512128,2144337920,2141192192,2122317824,2136473600,2133590016,2715308045
2118123520,2138046464,2136997888,2121269248,2125463552,2145386496,2141192192,2122317824,2128609280,2133590016,2715324046
2135949312,2136997888,2134900736,2114977792,2129657856,2146435072,2144337920,2126512128,2130706432,2136735744,2715340043
2123366400,2151677952,2153775104,2136997888,2132803584,2150629376,2149580800,2131755008,2141454336,2141192192,2715356066
2132803584,2144337920,2142240768,2129657856,2133852160,2150629376,2149580800,2133852160,2137260032,2141978624,2715372069
2125463552,2150629376,2154823680,2136997888,2130706432,2148532224,2146435072,2129657856,2141978624,2138832896,2715388068
2135949312,2135949312,2138046464,2117074944,2127560704,2144337920,2142240768,2123366400,2131755008,2134376448,2715404065
2134900736,2141192192,2138046464,2113929216,2127560704,2143289344,2141192192,2121269248,2132017152,2133327872,2715420087
2119172096,2151677952,2139095040,2134900736,2128609280,2146435072,2143289344,2124414976,2136211456,2135687168,2715436090
2127560704,2159017984,2153775104,2136997888,2131755008,2150629376,2148532224,2131755008,2144337920,2140667904,2715452086
2128609280,2160066560,2160066560,2143289344,2133852160,2151677952,2150629376,2133852160,2148007936,2142502912,2715468088
2132803584,2145386496,2147483648,2126512128,2131755008,2149580800,2147483648,2130706432,2138046464,2139881472,2715484110
2134900736,2140143616,2138046464,2121269248,2127560704,2145386496,2143289344,2124414976,2133590016,2135162880,2715501001
2132803584,2135949312,2133852160,2116026368,2126512128,2143289344,2140143616,2121269248,2129657856,2132803584,2715517001
2123366400,2154823680,2151677952,2133852160,2128609280,2144337920,2142240768,2123366400,2140930048,2134638592,2715533001
2124414976,2140143616,2136997888,2123366400,2131755008,2148532224,2147483648,2129657856,2131230720,2139357184,2715549001
2143289344,2143289344,2146435072,2125463552,2133852160,2151677952,2149580800,2132803584,2139619328,2141978624,2715565023
2126512128,2147483648,2149580800,2133852160,2131755008,2150629376,2148532224,2131755008,2139357184,2140667904,2715581024
2140143616,2152726528,2140143616,2122317824,2128609280,2146435072,2143289344,2125463552,2138832896,2135949312,2715597024
2121269248,2140143616,2142240768,2121269248,2126512128,2143289344,2140143616,2120220672,2131230720,2132541440,2715613025
2129657856,2139095040,2132803584,2118123520,2127560704,2144337920,2141192192,2122317824,2129920000,2133852160,2715629045
2129657856,2139095040,2135949312,2119172096,2130706432,2148532224,2145386496,2128609280,2130968576,2138308608,2715645045
2133852160,2157969408,2161115136,2138046464,2133852160,2151677952,2149580800,2133852160,2147745792,2142240768,2715661044
2140143616,2145386496,2142240768,2127560704,2133852160,2150629376,2148532224,2132803584,2138832896,2141454336,2715677046
2130706432,2162163712,2157969408,2141192192,2128609280,2148532224,2145386496,2127560704,2148007936,2137522176,2715693068
2138046464,2134900736,2135949312,2114977792,2126512128,2144337920,2140143616,2122317824,2130968576,2133327872,2715709066
2125463552,2134900736,2132803584,2114977792,2126512128,2144337920,2141192192,2121269248,2127036416,2133327872,2715725065
2129657856,2151677952,2146435072,2129657856,2128609280,2148532224,2145386496,2128609280,2139357184,2137784320,2715741066
2127560704,2157969408,2159017984,2138046464,2132803584,2150629376,2149580800,2131755008,2145648640,2141192192,2715757087
2140143616,2145386496,2157969408,2128609280,2132803584,2150629376,2149580800,2132803584,2143027200,2141454336,2715773088
2139095040,2143289344,2141192192,2123366400,2130706432,2148532224,2145386496,2128609280,2136735744,2138308608,2715789085
2125463552,2140143616,2142240768,2121269248,2126512128,2145386496,2142240768,2123366400,2132279296,2134376448,2715805088
2122317824,2156920832,2157969408,2128609280,2125463552,2144337920,2141192192,2122317824,2141454336,2133327872,2715821109
2136997888,2146435072,2143289344,2125463552,2128609280,2146435072,2143289344,2125463552,2138046464,2135949312,2715837109
2124414976,2150629376,2147483648,2139095040,2132803584,2149580800,2148532224,2131755008,2140405760,2140667904,2715854001
2146435072,2145386496,2144337920,2125463552,2133852160,2151677952,2149580800,2132803584,2140405760,2141978624,2715870001
2127560704,2160066560,2157969408,2143289344,2131755008,2149580800,2146435072,2129657856,2147221504,2139357184,2715886001
2141192192,2140143616,2136997888,2117074944,2128609280,2145386496,2143289344,2123366400,2133852160,2135162880,2715902024
2119172096,2143289344,2135949312,2122317824,2125463552,2143289344,2140143616,2120220672,2130182144,2132279296,2715918023
2119172096,2147483648,2143289344,2130706432,2128609280,2146435072,2143289344,2124414976,2135162880,2135687168,2715934023
2141192192,2141192192,2136997888,2122317824,2131755008,2149580800,2147483648,2130706432,2135425024,2139881472,2715950024
2128609280,2144337920,2142240768,2129657856,2133852160,2151677952,2150629376,2133852160,2136211456,2142502912,2715966046
2136997888,2142240768,2143289344,2126512128,2132803584,2149580800,2148532224,2130706432,2137260032,2140405760,2715982044
2135949312,2140143616,2138046464,2121269248,2128609280,2145386496,2143289344,2124414976,2133852160,2135425024,2715998045
2124414976,2151677952,2152726528,2126512128,2126512128,2143289344,2141192192,2121269248,2138832896,2133065728,2716014045
2133852160,2133852160,2132803584,2112880640,2126512128,2145386496,2141192192,2122317824,2128347136,2133852160,2716030066
2129657856,2140143616,2135949312,2119172096,2131755008,2147483648,2146435072,2128609280,2131230720,2138570752,2716046066
2139095040,2144337920,2140143616,2126512128,2133852160,2151677952,2149580800,2132803584,2137522176,2141978624,2716062068
2143289344,2146435072,2143289344,2128609280,2133852160,2150629376,2148532224,2131755008,2140405760,2141192192,2716078066
2139095040,2154823680,2146435072,2127560704,2129657856,2147483648,2144337920,2126512128,2141978624,2136997888,2716094088
2122317824,2148532224,2150629376,2129657856,2125463552,2144337920,2141192192,2122317824,2137784320,2133327872,2716110087
2129657856,2148532224,2143289344,2128609280,2126512128,2144337920,2141192192,2122317824,2137522176,2133590016,2716126089
2130706432,2154823680,2150629376,2128609280,2130706432,2146435072,2144337920,2126512128,2141192192,2136997888,2716142087
2143289344,2146435072,2141192192,2125463552,2132803584,2150629376,2148532224,2132803584,2139095040,2141192192,2716158109
2127560704,2147483648,2147483648,2130706432,2132803584,2151677952,2149580800,2133852160,2138308608,2141978624,2716174109
2126512128,2147483648,2141192192,2130706432,2130706432,2147483648,2145386496,2127560704,2136473600,2137784320,2716191001
2123366400,2156920832,2150629376,2131755008,2127560704,2143289344,2141192192,2122317824,2140667904,2133590016,2716207001
2139095040,2145386496,2138046464,2118123520,2126512128,2144337920,2141192192,2121269248,2135162880,2133327872,2716223001
2120220672,2143289344,2139095040,2126512128,2127560704,2147483648,2144337920,2127560704,2132279296,2136735744,2716239001
2132803584,2156920832,2159017984,2133852160,2131755008,2150629376,2148532224,2132803584,2145648640,2140930048,2716255022
2145386496,2144337920,2146435072,2125463552,2134900736,2150629376,2149580800,2132803584,2140405760,2141978624,2716271022
2124414976,2150629376,2148532224,2136997888,2131755008,2148532224,2146435072,2129657856,2140143616,2139095040,2716287023
2135949312,2151677952,2150629376,2128609280,2126512128,2146435072,2142240768,2124414976,2141716480,2134900736,2716303022
2119172096,2151677952,2149580800,2134900736,2126512128,2143289344,2140143616,2121269248,2138832896,2132803584,2716319045
2132803584,2154823680,2146435072,2129657856,2128609280,2145386496,2143289344,2124414976,2140930048,2135425024,2716335045
2127560704,2156920832,2155872256,2140143616,2131755008,2149580800,2147483648,2130706432,2145124352,2139881472,2716351047
2125463552,2148532224,2157969408,2133852160,2132803584,2151677952,2150629376,2134900736,2141454336,2142502912,2716367045
2139095040,2146435072,2154823680,2128609280,2131755008,2149580800,2147483648,2131755008,2142240768,2140143616,2716383068
2125463552,2141192192,2139095040,2124414976,2128609280,2146435072,2143289344,2124414976,2132541440,2135687168,2716399068
2134900736,2145386496,2142240768,2119172096,2126512128,2143289344,2141192192,2121269248,2135425024,2133065728,2716415067
2124414976,2150629376,2153775104,2126512128,2126512128,2144337920,2141192192,2123366400,2138832896,2133852160,2716431068
2124414976,2161115136,2160066560,2139095040,2130706432,2148532224,2146435072,2129657856,2146172928,2138832896,2716447088
2130706432,2155872256,2161115136,2141192192,2133852160,2151677952,2150629376,2134900736,2147221504,2142765056,2716463090
2125463552,2164260864,2154823680,2146435072,2133852160,2150629376,2148532224,2131755008,2147745792,2141192192,2716479088
2123366400,2155872256,2147483648,2139095040,2128609280,2146435072,2144337920,2126512128,2141454336,2136473600,2716495085
2122317824,2156920832,2151677952,2133852160,2126512128,2144337920,2140143616,2122317824,2141192192,2133327872,2716511109
2120220672,2141192192,2134900736,2126512128,2127560704,2144337920,2141192192,2122317824,2130706432,2133852160,2716528001
2123366400,2143289344,2140143616,2122317824,2129657856,2147483648,2145386496,2127560704,2132279296,2137522176,2716544001
2144337920,2143289344,2143289344,2123366400,2133852160,2150629376,2150629376,2132803584,2138570752,2141978624,2716560000
2146435072,2143289344,2143289344,2125463552,2133852160,2150629376,2149580800,2132803584,2139619328,2141716480,2716576001
2123366400,2154823680,2153775104,2138046464,2130706432,2147483648,2144337920,2126512128,2142502912,2137260032,2716592024
2128609280,2138046464,2139095040,2117074944,2126512128,2144337920,2141192192,2122317824,2130706432,2133590016,2716608022
2124414976,2152726528,2152726528,2129657856,2127560704,2143289344,2140143616,2121269248,2139881472,2133065728,2716624024
2118123520,2147483648,2141192192,2131755008,2129657856,2147483648,2144337920,2126512128,2134638592,2136997888,2716640023
2124414976,2144337920,2147483648,2129657856,2132803584,2150629376,2149580800,2131755008,2136473600,2141192192,2716656045
2146435072,2153775104,2143289344,2132803584,2133852160,2151677952,2149580800,2133852160,2144075776,2142240768,2716672044
2129657856,2142240768,2144337920,2125463552,2130706432,2148532224,2147483648,2128609280,2135425024,2138832896,2716688044
2135949312,2143289344,2145386496,2119172096,2127560704,2145386496,2142240768,2123366400,2135949312,2134638592,2716704045
2118123520,2148532224,2140143616,2130706432,2126512128,2143289344,2140143616,2121269248,2134376448,2132803584,2716720066
2138046464,2138046464,2138046464,2118123520,2128609280,2146435072,2143289344,2125463552,2133065728,2135949312,2716736066
2124414976,2162163712,2155872256,2141192192,2131755008,2150629376,2148532224,2130706432,2145910784,2140405760,2716752066
2146435072,2143289344,2142240768,2122317824,2132803584,2151677952,2149580800,2133852160,2138570752,2141978624,2716768065
2141192192,2142240768,2142240768,2125463552,2131755008,2149580800,2148532224,2129657856,2137784320,2139881472,2716784088
2124414976,2142240768,2140143616,2125463552,2128609280,2145386496,2143289344,2124414976,2133065728,2135425024,2716800089
2123366400,2152726528,2150629376,2131755008,2126512128,2143289344,2140143616,2121269248,2139619328,2132803584,2716816089
2121269248,2139095040,2134900736,2122317824,2127560704,2146435072,2142240768,2124414976,2129395712,2135162880,2716832088
2124414976,2159017984,2155872256,2138046464,2131755008,2148532224,2147483648,2129657856,2144337920,2139357184,2716848109
2124414976,2155872256,2149580800,2143289344,2133852160,2151677952,2149580800,2133852160,2143289344,2142240768,2716864110
2139095040,2147483648,2152726528,2126512128,2132803584,2149580800,2147483648,2131755008,2141454336,2140405760,2716881000
2121269248,2151677952,2143289344,2136997888,2128609280,2147483648,2144337920,2126512128,2138308608,2136735744,2716897001
2129657856,2146435072,2147483648,2120220672,2125463552,2144337920,2141192192,2121269248,2135949312,2133065728,2716913001
2130706432,2150629376,2146435072,2117074944,2127560704,2145386496,2142240768,2123366400,2136211456,2134638592,2716929023
2122317824,2155872256,2147483648,2139095040,2130706432,2148532224,2145386496,2128609280,2141192192,2138308608,2716945023
2141192192,2143289344,2152726528,2125463552,2133852160,2151677952,2149580800,2132803584,2140667904,2141978624,2716961023
2135949312,2159017984,2159017984,2135949312,2133852160,2150629376,2149580800,2131755008,2147483648,2141454336,2716977023
2138046464,2140143616,2139095040,2121269248,2129657856,2146435072,2145386496,2126512128,2134638592,2136997888,2716993045
2125463552,2157969408,2154823680,2131755008,2126512128,2144337920,2141192192,2122317824,2142502912,2133590016,2717009044
2125463552,2138046464,2136997888,2117074944,2126512128,2143289344,2141192192,2121269248,2129395712,2133065728,2717025045
2121269248,2142240768,2142240768,2123366400,2129657856,2147483648,2145386496,2126512128,2132279296,2137260032,2717041045
2125463552,2159017984,2159017984,2142240768,2132803584,2150629376,2148532224,2132803584,2146435072,2141192192,2717057069
2138046464,2142240768,2142240768,2125463552,2133852160,2151677952,2148532224,2132803584,2136997888,2141716480,2717073066
2126512128,2151677952,2149580800,2138046464,2130706432,2148532224,2146435072,2128609280,2141454336,2138570752,2717089066
2134900736,2142240768,2150629376,2120220672,2127560704,2145386496,2142240768,2123366400,2136997888,2134638592,2717105066
2120220672,2142240768,2134900736,2121269248,2126512128,2144337920,2140143616,2121269248,2129657856,2133065728,2717121089
2124414976,2141192192,2134900736,2122317824,2128609280,2146435072,2143289344,2125463552,2130706432,2135949312,2717137089
2130706432,2154823680,2157969408,2129657856,2132803584,2149580800,2147483648,2130706432,2143289344,2140143616,2717153088
2125463552,2151677952,2147483648,2139095040,2132803584,2151677952,2149580800,2133852160,2140930048,2141978624,2717169087
2125463552,2150629376,2147483648,2135949312,2131755008,2149580800,2147483648,2130706432,2139881472,2139881472,2717185110
2133852160,2138046464,2138046464,2120220672,2128609280,2145386496,2142240768,2123366400,2132541440,2134900736,2717201107
2125463552,2148532224,2149580800,2127560704,2125463552,2144337920,2140143616,2121269248,2137784320,2132803584,2717218001
2120220672,2154823680,2149580800,2136997888,2127560704,2146435072,2143289344,2125463552,2140405760,2135687168,2717234001
2122317824,2143289344,2141192192,2126512128,2131755008,2149580800,2147483648,2130706432,2133327872,2139881472,2717250001
2129657856,2161115136,2162163712,2138046464,2133852160,2151677952,2149580800,2133852160,2147745792,2142240768,2717266001
2142240768,2146435072,2141192192,2127560704,2131755008,2150629376,2149580800,2131755008,2139357184,2140930048,2717282023
2139095040,2151677952,2151677952,2129657856,2128609280,2146435072,2143289344,2125463552,2143027200,2135949312,2717298022
2129657856,2144337920,2146435072,2117074944,2126512128,2143289344,2140143616,2120220672,2134376448,2132541440,2717314023
2125463552,2135949312,2132803584,2114977792,2126512128,2144337920,2141192192,2123366400,2127298560,2133852160,2717330023
2136997888,2139095040,2134900736,2117074944,2130706432,2148532224,2146435072,2128609280,2132017152,2138570752,2717346045
2124414976,2151677952,2156920832,2136997888,2133852160,2151677952,2148532224,2133852160,2142502912,2141978624,2717362044
2146435072,2145386496,2143289344,2126512128,2132803584,2149580800,2148532224,2131755008,2140405760,2140667904,2717378047
2127560704,2148532224,2160066560,2131755008,2129657856,2146435072,2145386496,2126512128,2141978624,2136997888,2717394045
2121269248,2141192192,2151677952,2122317824,2126512128,2143289344,2141192192,2121269248,2134114304,2133065728,2717410067
2118123520,2145386496,2147483648,2125463552,2126512128,2144337920,2141192192,2122317824,2134114304,2133590016,2717426068
2139095040,2146435072,2144337920,2125463552,2129657856,2147483648,2144337920,2126512128,2138832896,2136997888,2717442067
2124414976,2147483648,2145386496,2132803584,2132803584,2151677952,2149580800,2131755008,2137522176,2141454336,2717458064
2125463552,2151677952,2147483648,2136997888,2132803584,2150629376,2149580800,2132803584,2140405760,2141454336,2717474088
2127560704,2154823680,2162163712,2138046464,2129657856,2148532224,2146435072,2128609280,2145648640,2138308608,2717490089
2122317824,2155872256,2154823680,2133852160,2126512128,2144337920,2141192192,2122317824,2141716480,2133590016,2717506087
2129657856,2139095040,2130706432,2116026368,2126512128,2144337920,2140143616,2122317824,2128871424,2133327872,2717522086
2120220672,2149580800,2150629376,2130706432,2129657856,2146435072,2143289344,2124414976,2137784320,2135949312,2717538108
2123366400,2148532224,2148532224,2134900736,2132803584,2150629376,2148532224,2131755008,2138832896,2140930048,2717555001
2131755008,2161115136,2156920832,2139095040,2132803584,2152726528,2150629376,2133852160,2147221504,2142502912,2717571001
2126512128,2156920832,2157969408,2142240768,2131755008,2148532224,2147483648,2128609280,2145910784,2139095040,2717587001
2121269248,2159017984,2156920832,2132803584,2127560704,2145386496,2142240768,2123366400,2142502912,2134638592,2717603001
2122317824,2152726528,2150629376,2131755008,2125463552,2144337920,2140143616,2122317824,2139357184,2133065728,2717619023
2129657856,2153775104,2146435072,2127560704,2127560704,2146435072,2142240768,2125463552,2139357184,2135425024,2717635024
2132803584,2154823680,2151677952,2127560704,2131755008,2150629376,2148532224,2130706432,2141716480,2140405760,2717651022
2144337920,2150629376,2143289344,2125463552,2133852160,2152726528,2150629376,2133852160,2140930048,2142765056,2717667023
2143289344,2144337920,2143289344,2125463552,2132803584,2149580800,2147483648,2130706432,2139095040,2140143616,2717683046
2138046464,2150629376,2140143616,2128609280,2128609280,2147483648,2143289344,2125463552,2139357184,2136211456,2717699046
2133852160,2138046464,2133852160,2114977792,2126512128,2144337920,2140143616,2122317824,2130182144,2133327872,2717715044
2139095040,2135949312,2140143616,2112880640,2127560704,2145386496,2141192192,2122317824,2132017152,2134114304,2717731046
2135949312,2151677952,2144337920,2127560704,2130706432,2148532224,2146435072,2128609280,2139881472,2138570752,2717747068
2143289344,2152726528,2142240768,2126512128,2133852160,2151677952,2149580800,2132803584,2141192192,2141978624,2717763068
2127560704,2163212288,2160066560,2146435072,2132803584,2150629376,2148532224,2132803584,2149318656,2141192192,2717779065
2125463552,2160066560,2151677952,2141192192,2129657856,2146435072,2143289344,2126512128,2144600064,2136473600,2717795066
2122317824,2156920832,2153775104,2129657856,2125463552,2144337920,2140143616,2122317824,2140667904,2133065728,2717811087
2130706432,2133852160,2134900736,2112880640,2126512128,2144337920,2141192192,2122317824,2128084992,2133590016,2717827089
2138046464,2140143616,2135949312,2119172096,2129657856,2148532224,2145386496,2127560704,2133327872,2137784320,2717843086
2134900736,2160066560,2154823680,2138046464,2132803584,2150629376,2149580800,2131755008,2146959360,2141192192,2717859088
2138046464,2142240768,2143289344,2125463552,2133852160,2149580800,2148532224,2132803584,2137260032,2141192192,2717875108
2125463552,2147483648,2144337920,2129657856,2131755008,2148532224,2145386496,2127560704,2136735744,2138308608,2717891108
2133852160,2148532224,2142240768,2129657856,2126512128,2143289344,2142240768,2122317824,2138570752,2133590016,2717908001
2119172096,2139095040,2140143616,2118123520,2126512128,2143289344,2141192192,2120220672,2129133568,2132803584,2717924001
2120220672,2147483648,2143289344,2127560704,2128609280,2146435072,2145386496,2126512128,2134638592,2136735744,2717940001
2140143616,2146435072,2141192192,2126512128,2132803584,2150629376,2148532224,2131755008,2138570752,2140930048,2717956023
2129657856,2145386496,2142240768,2128609280,2132803584,2152726528,2149580800,2133852160,2136473600,2142240768,2717972023
2132803584,2147483648,2142240768,2126512128,2130706432,2148532224,2146435072,2129657856,2137260032,2138832896,2717988023
2122317824,2142240768,2139095040,2123366400,2127560704,2145386496,2142240768,2122317824,2131755008,2134376448,2718004023
2117074944,2140143616,2138046464,2123366400,2125463552,2143289344,2140143616,2121269248,2129657856,2132541440,2718020045
2125463552,2153775104,2146435072,2127560704,2128609280,2146435072,2142240768,2124414976,2138308608,2135425024,2718036045
2130706432,2161115136,2154823680,2141192192,2131755008,2150629376,2148532224,2130706432,2146959360,2140405760,2718052045
2134900736,2164260864,2163212288,2140143616,2134900736,2150629376,2149580800,2132803584,2150629376,2141978624,2718068045
2146435072,2151677952,2144337920,2127560704,2131755008,2149580800,2147483648,2130706432,2142502912,2139881472,2718084068
2142240768,2140143616,2138046464,2121269248,2128609280,2145386496,2142240768,2124414976,2135425024,2135162880,2718100068
2122317824,2155872256,2150629376,2131755008,2126512128,2144337920,2140143616,2121269248,2140143616,2133065728,2718116067
2119172096,2151677952,2134900736,2132803584,2127560704,2145386496,2142240768,2123366400,2134638592,2134638592,2718132067
2129657856,2141192192,2136997888,2122317824,2130706432,2149580800,2147483648,2129657856,2132541440,2139357184,2718148086
2127560704,2153775104,2159017984,2138046464,2132803584,2151677952,2149580800,2133852160,2144600064,2141978624,2718164086
2125463552,2149580800,2149580800,2136997888,2132803584,2150629376,2148532224,2131755008,2140405760,2140930048,2718180088
2123366400,2150629376,2147483648,2133852160,2128609280,2146435072,2144337920,2125463552,2138832896,2136211456,2718196091
2123366400,2153775104,2154823680,2130706432,2126512128,2143289344,2141192192,2121269248,2140667904,2133065728,2718212109
2132803584,2140143616,2134900736,2116026368,2127560704,2144337920,2141192192,2122317824,2130968576,2133852160,2718228107
2142240768,2139095040,2138046464,2117074944,2129657856,2148532224,2146435072,2128609280,2134114304,2138308608,2718245001
2125463552,2149580800,2151677952,2134900736,2133852160,2150629376,2148532224,2131755008,2140405760,2141192192,2718261001
2129657856,2147483648,2141192192,2130706432,2133852160,2151677952,2149580800,2132803584,2137260032,2141978624,2718277001
2125463552,2153775104,2151677952,2139095040,2130706432,2147483648,2144337920,2127560704,2142502912,2137522176,2718293001
2122317824,2143289344,2143289344,2126512128,2126512128,2144337920,2141192192,2122317824,2133852160,2133590016,2718309023
2120220672,2139095040,2139095040,2122317824,2126512128,2143289344,2140143616,2121269248,2130182144,2132803584,2718325023
2118123520,2149580800,2143289344,2133852160,2129657856,2147483648,2144337920,2127560704,2136211456,2137260032,2718341024
2134900736,2143289344,2143289344,2122317824,2132803584,2151677952,2149580800,2132803584,2135949312,2141716480,2718357024
2125463552,2162163712,2151677952,2147483648,2132803584,2151677952,2149580800,2133852160,2146697216,2141978624,2718373047
2128609280,2161115136,2159017984,2142240768,2130706432,2148532224,2146435072,2128609280,2147745792,2138570752,2718389045
2130706432,2151677952,2150629376,2128609280,2127560704,2145386496,2142240768,2123366400,2140405760,2134638592,2718405046
2122317824,2153775104,2155872256,2129657856,2126512128,2143289344,2141192192,2121269248,2140405760,2133065728,2718421046
2138046464,2134900736,2134900736,2113929216,2128609280,2146435072,2143289344,2124414976,2130444288,2135687168,2718437067
2142240768,2143289344,2141192192,2122317824,2132803584,2149580800,2147483648,2130706432,2137260032,2140143616,2718453067
2132803584,2167406592,2161115136,2142240768,2134900736,2150629376,2149580800,2132803584,2150891520,2141978624,2718469067
2143289344,2143289344,2142240768,2126512128,2130706432,2150629376,2148532224,2130706432,2138832896,2140143616,2718485067
2123366400,2151677952,2147483648,2134900736,2127560704,2145386496,2142240768,2124414976,2139357184,2134900736,2718501090
2124414976,2151677952,2146435072,2129657856,2126512128,2143289344,2139095040,2121269248,2138046464,2132541440,2718517087
2120220672,2155872256,2149580800,2132803584,2128609280,2145386496,2143289344,2123366400,2139619328,2135162880,2718533090
2123366400,2152726528,2147483648,2139095040,2132803584,2148532224,2146435072,2129657856,2140667904,2139357184,2718549087
2133852160,2145386496,2145386496,2127560704,2133852160,2151677952,2149580800,2133852160,2138046464,2142240768,2718565110
2139095040,2142240768,2142240768,2126512128,2132803584,2150629376,2148532224,2131755008,2137522176,2140930048,2718582001
2123366400,2144337920,2147483648,2129657856,2128609280,2147483648,2143289344,2125463552,2136211456,2136211456,2718598001
2122317824,2155872256,2151677952,2134900736,2126512128,2143289344,2140143616,2120220672,2141192192,2132541440,2718614000
2118123520,2160066560,2148532224,2130706432,2126512128,2146435072,2142240768,2124414976,2139357184,2134900736,2718630001
2132803584,2152726528,2154823680,2125463552,2130706432,2148532224,2146435072,2129657856,2141454336,2138832896,2718646022
2125463552,2150629376,2149580800,2133852160,2133852160,2151677952,2149580800,2133852160,2139881472,2142240768,2718662025
2146435072,2143289344,2144337920,2125463552,2132803584,2150629376,2149580800,2132803584,2139881472,2141454336,2718678022
2124414976,2152726528,2151677952,2139095040,2128609280,2147483648,2145386496,2127560704,2141978624,2137260032,2718694024
2139095040,2146435072,2142240768,2117074944,2126512128,2144337920,2141192192,2122317824,2136211456,2133590016,2718710045
2136997888,2134900736,2133852160,2112880640,2127560704,2144337920,2141192192,2122317824,2129657856,2133852160,2718726045
2121269248,2138046464,2139095040,2120220672,2128609280,2148532224,2144337920,2127560704,2129657856,2137260032,2718742044
2139095040,2146435072,2151677952,2124414976,2131755008,2151677952,2149580800,2132803584,2140405760,2141454336,2718758047
2144337920,2144337920,2142240768,2127560704,2132803584,2151677952,2149580800,2132803584,2139619328,2141716480,2718774065
2145386496,2146435072,2146435072,2126512128,2130706432,2147483648,2145386496,2128609280,2141192192,2138046464,2718790068
2121269248,2138046464,2147483648,2121269248,2126512128,2145386496,2142240768,2122317824,2132017152,2134114304,2718806065
2123366400,2151677952,2145386496,2121269248,2127560704,2143289344,2140143616,2120220672,2135425024,2132803584,2718822066
2135949312,2141192192,2143289344,2117074944,2128609280,2146435072,2143289344,2125463552,2134376448,2135949312,2718838088
2140143616,2140143616,2139095040,2121269248,2131755008,2150629376,2148532224,2131755008,2135162880,2140667904,2718854088
2136997888,2166358016,2157969408,2135949312,2133852160,2151677952,2149580800,2133852160,2149318656,2142240768,2718870086
2126512128,2146435072,2143289344,2132803584,2131755008,2148532224,2147483648,2129657856,2137260032,2139357184,2718886088
2143289344,2143289344,2141192192,2122317824,2127560704,2145386496,2142240768,2124414976,2137522176,2134900736,2718902108
2122317824,2147483648,2151677952,2127560704,2126512128,2143289344,2139095040,2121269248,2137260032,2132541440,2718918109
2122317824,2147483648,2150629376,2128609280,2128609280,2146435072,2142240768,2124414976,2137260032,2135425024,2718935001
2122317824,2143289344,2148532224,2127560704,2131755008,2149580800,2147483648,2130706432,2135425024,2139881472,2718951001
2138046464,2145386496,2142240768,2128609280,2133852160,2151677952,2148532224,2133852160,2138570752,2141978624,2718967001
2127560704,2159017984,2159017984,2143289344,2131755008,2150629376,2147483648,2131755008,2147221504,2140405760,2718983022
2124414976,2159017984,2159017984,2135949312,2127560704,2146435072,2144337920,2125463552,2144600064,2135949312,2718999023
2118123520,2144337920,2143289344,2126512128,2125463552,2143289344,2141192192,2121269248,2133065728,2132803584,2719015023
2130706432,2154823680,2146435072,2128609280,2127560704,2145386496,2142240768,2123366400,2140143616,2134638592,2719031024
2121269248,2159017984,2153775104,2139095040,2131755008,2147483648,2146435072,2128609280,2143289344,2138570752,2719047045
2126512128,2147483648,2151677952,2134900736,2133852160,2151677952,2150629376,2133852160,2140143616,2142502912,2719063046
2126512128,2150629376,2145386496,2136997888,2132803584,2151677952,2149580800,2131755008,2139881472,2141454336,2719079045
2135949312,2143289344,2140143616,2122317824,2128609280,2147483648,2144337920,2126512128,2135425024,2136735744,2719095045
2133852160,2135949312,2133852160,2116026368,2126512128,2144337920,2141192192,2122317824,2129920000,2133590016,2719111066
2128609280,2135949312,2134900736,2117074944,2126512128,2144337920,2142240768,2122317824,2129133568,2133852160,2719127068
2121269248,2140143616,2135949312,2123366400,2130706432,2147483648,2145386496,2127560704,2130182144,2137784320,2719143068
2145386496,2146435072,2146435072,2126512128,2133852160,2150629376,2149580800,2132803584,2141192192,2141716480,2719159067
2139095040,2145386496,2143289344,2128609280,2132803584,2151677952,2148532224,2133852160,2139095040,2141716480,2719175086
2127560704,2146435072,2148532224,2130706432,2130706432,2148532224,2146435072,2128609280,2138308608,2138570752,2719191087
2134900736,2146435072,2146435072,2120220672,2127560704,2144337920,2141192192,2122317824,2136997888,2133852160,2719207087
2117074944,2151677952,2139095040,2132803584,2127560704,2143289344,2140143616,2121269248,2135162880,2133065728,2719223088
2134900736,2139095040,2134900736,2114977792,2128609280,2148532224,2144337920,2127560704,2130968576,2137260032,2719239110
2140143616,2146435072,2142240768,2124414976,2132803584,2150629376,2148532224,2131755008,2138308608,2140930048,2719255108
2141192192,2146435072,2146435072,2129657856,2133852160,2151677952,2149580800,2133852160,2140930048,2142240768,2719272001
2129657856,2160066560,2162163712,2136997888,2130706432,2148532224,2146435072,2128609280,2147221504,2138570752,2719288001
2122317824,2155872256,2154823680,2136997888,2127560704,2144337920,2143289344,2122317824,2142502912,2134376448,2719304001
2120220672,2135949312,2136997888,2116026368,2126512128,2143289344,2140143616,2121269248,2127298560,2132803584,2719320000
2130706432,2149580800,2145386496,2121269248,2128609280,2146435072,2143289344,2124414976,2136735744,2135687168,2719336024
2125463552,2141192192,2140143616,2126512128,2132803584,2149580800,2147483648,2130706432,2133327872,2140143616,2719352023
2143289344,2144337920,2143289344,2129657856,2133852160,2150629376,2148532224,2132803584,2140143616,2141454336,2719368023
2126512128,2152726528,2149580800,2138046464,2131755008,2149580800,2147483648,2130706432,2141716480,2139881472,2719384022
2132803584,2150629376,2154823680,2126512128,2127560704,2145386496,2143289344,2124414976,2141192192,2135162880,2719400045
2134900736,2153775104,2145386496,2126512128,2126512128,2144337920,2140143616,2121269248,2140143616,2133065728,2719416047
2117074944,2147483648,2147483648,2130706432,2127560704,2145386496,2143289344,2124414976,2135687168,2135162880,2719432045
2138046464,2138046464,2135949312,2119172096,2131755008,2148532224,2146435072,2128609280,2132803584,2138832896,2719448045
2126512128,2147483648,2147483648,2126512128,2133852160,2151677952,2149580800,2133852160,2136997888,2142240768,2719464067
2141192192,2154823680,2143289344,2133852160,2133852160,2149580800,2147483648,2130706432,2143289344,2140405760,2719480068
2125463552,2151677952,2155872256,2134900736,2128609280,2147483648,2144337920,2126512128,2141978624,2136735744,2719496067
2123366400,2148532224,2155872256,2130706432,2126512128,2143289344,2141192192,2121269248,2139619328,2133065728,2719512065
2120220672,2148532224,2143289344,2130706432,2126512128,2144337920,2141192192,2123366400,2135687168,2133852160,2719528086
2124414976,2142240768,2139095040,2124414976,2130706432,2147483648,2146435072,2127560704,2132541440,2138046464,2719544088
2140143616,2142240768,2143289344,2124414976,2133852160,2150629376,2149580800,2132803584,2137522176,2141716480,2719560089
2126512128,2149580800,2148532224,2134900736,2132803584,2151677952,2149580800,2132803584,2139881472,2141716480,2719576089
2131755008,2156920832,2155872256,2138046464,2130706432,2147483648,2145386496,2127560704,2145648640,2137784320,2719592111
2120220672,2154823680,2141192192,2135949312,2126512128,2143289344,2140143616,2122317824,2138046464,2133065728,2719609001
2139095040,2135949312,2141192192,2113929216,2126512128,2143289344,2141192192,2122317824,2132541440,2133327872,2719625001
2122317824,2150629376,2144337920,2133852160,2130706432,2147483648,2144337920,2126512128,2137784320,2137260032,2719641001
2143289344,2140143616,2141192192,2121269248,2133852160,2150629376,2149580800,2132803584,2136473600,2141716480,2719657001
2140143616,2142240768,2144337920,2125463552,2133852160,2151677952,2149580800,2133852160,2138046464,2142240768,2719673024
2126512128,2149580800,2147483648,2133852160,2130706432,2149580800,2145386496,2129657856,2139357184,2138832896,2719689023
2125463552,2140143616,2140143616,2120220672,2127560704,2145386496,2142240768,2123366400,2131492864,2134638592,2719705024
2138046464,2144337920,2138046464,2117074944,2127560704,2143289344,2140143616,2121269248,2134376448,2133065728,2719721024
2119172096,2155872256,2150629376,2129657856,2129657856,2147483648,2143289344,2125463552,2138832896,2136473600,2719737046
2125463552,2145386496,2143289344,2127560704,2131755008,2150629376,2148532224,2130706432,2135425024,2140405760,2719753047
2132803584,2162163712,2161115136,2138046464,2132803584,2152726528,2150629376,2133852160,2148532224,2142502912,2719769045
2126512128,2164260864,2164260864,2141192192,2131755008,2148532224,2148532224,2130706432,2149056512,2139881472,2719785046
2140143616,2139095040,2138046464,2119172096,2126512128,2146435072,2143289344,2124414976,2134114304,2135162880,2719801067
2136997888,2146435072,2139095040,2118123520,2126512128,2143289344,2140143616,2121269248,2135162880,2132803584,2719817068
2120220672,2157969408,2153775104,2134900736,2127560704,2145386496,2143289344,2124414976,2141716480,2135162880,2719833066
2139095040,2149580800,2142240768,2129657856,2131755008,2149580800,2147483648,2130706432,2140143616,2139881472,2719849066
2138046464,2143289344,2142240768,2125463552,2133852160,2151677952,2149580800,2133852160,2137260032,2142240768,2719865089
2127560704,2164260864,2156920832,2145386496,2132803584,2149580800,2148532224,2131755008,2148532224,2140667904,2719881088
2139095040,2141192192,2139095040,2120220672,2128609280,2146435072,2144337920,2125463552,2134900736,2136211456,2719897088
2124414976,2151677952,2147483648,2128609280,2126512128,2143289344,2140143616,2121269248,2138046464,2132803584,2719913090
2118123520,2162163712,2148532224,2132803584,2127560704,2144337920,2141192192,2122317824,2140405760,2133852160,2719929109
2120220672,2145386496,2141192192,2126512128,2130706432,2148532224,2146435072,2128609280,2133327872,2138570752,2719945110
2125463552,2147483648,2144337920,2129657856,2133852160,2150629376,2149580800,2131755008,2136735744,2141454336,2719962001
2129657856,2144337920,2147483648,2128609280,2132803584,2150629376,2149580800,2131755008,2137522176,2141192192,2719978001
2133852160,2146435072,2151677952,2124414976,2129657856,2146435072,2143289344,2126512128,2139095040,2136473600,2719994001
2120220672,2152726528,2150629376,2133852160,2126512128,2145386496,2141192192,2122317824,2139357184,2133852160,2720010024
2121269248,2136997888,2139095040,2118123520,2126512128,2144337920,2141192192,2121269248,2128871424,2133327872,2720026022
2136997888,2139095040,2136997888,2117074944,2129657856,2147483648,2145386496,2126512128,2132541440,2137260032,2720042023
2126512128,2150629376,2157969408,2135949312,2132803584,2150629376,2148532224,2132803584,2142765056,2141192192,2720058023
2133852160,2146435072,2143289344,2130706432,2132803584,2151677952,2150629376,2133852160,2138570752,2142240768,2720074046
2141192192,2145386496,2139095040,2126512128,2130706432,2148532224,2146435072,2129657856,2138046464,2138832896,2720090044
2123366400,2160066560,2155872256,2136997888,2127560704,2145386496,2141192192,2123366400,2144075776,2134376448,2720106047
2118123520,2139095040,2135949312,2121269248,2126512128,2143289344,2139095040,2122317824,2128609280,2132803584,2720122045
2135949312,2140143616,2134900736,2114977792,2129657856,2146435072,2143289344,2125463552,2131492864,2136211456,2720138068
2134900736,2142240768,2141192192,2124414976,2131755008,2151677952,2148532224,2131755008,2135687168,2140930048,2720154065
2146435072,2143289344,2143289344,2125463552,2133852160,2151677952,2149580800,2133852160,2139619328,2142240768,2720170067
2129657856,2147483648,2143289344,2126512128,2131755008,2148532224,2147483648,2129657856,2136735744,2139357184,2720186068
2129657856,2139095040,2139095040,2119172096,2128609280,2144337920,2141192192,2122317824,2131755008,2134114304,2720202087
2133852160,2133852160,2132803584,2113929216,2125463552,2144337920,2141192192,2121269248,2128609280,2133065728,2720218086
2125463552,2139095040,2135949312,2116026368,2128609280,2145386496,2142240768,2123366400,2129133568,2134900736,2720234088
2140143616,2141192192,2138046464,2120220672,2131755008,2149580800,2147483648,2130706432,2134900736,2139881472,2720250086
2146435072,2146435072,2146435072,2126512128,2133852160,2151677952,2149580800,2133852160,2141454336,2142240768,2720266111
2126512128,2149580800,2145386496,2134900736,2132803584,2149580800,2148532224,2130706432,2139095040,2140405760,2720282105
2138046464,2141192192,2140143616,2119172096,2127560704,2146435072,2143289344,2125463552,2134638592,2135687168,2720299001
2133852160,2144337920,2145386496,2117074944,2126512128,2143289344,2140143616,2121269248,2135162880,2132803584,2720315001
2130706432,2146435072,2145386496,2122317824,2127560704,2145386496,2141192192,2123366400,2136211456,2134376448,2720331001
2138046464,2140143616,2138046464,2119172096,2131755008,2147483648,2145386496,2128609280,2133852160,2138308608,2720347001
2126512128,2155872256,2150629376,2139095040,2132803584,2151677952,2149580800,2133852160,2143027200,2141978624,2720363023
2127560704,2147483648,2148532224,2130706432,2132803584,2150629376,2148532224,2131755008,2138570752,2140930048,2720379026
2130706432,2155872256,2162163712,2140143616,2129657856,2147483648,2145386496,2126512128,2147221504,2137260032,2720395023
2130706432,2152726528,2146435072,2127560704,2126512128,2144337920,2142240768,2121269248,2139357184,2133590016,2720411022
2117074944,2157969408,2148532224,2127560704,2127560704,2144337920,2141192192,2121269248,2137784320,2133590016,2720427045
2138046464,2138046464,2136997888,2119172096,2129657856,2147483648,2145386496,2127560704,2133065728,2137522176,2720443046
2126512128,2142240768,2141192192,2125463552,2133852160,2150629376,2148532224,2132803584,2133852160,2141454336,2720459045
2128609280,2163212288,2160066560,2145386496,2132803584,2151677952,2149580800,2132803584,2149318656,2141716480,2720475046
2138046464,2142240768,2139095040,2123366400,2129657856,2147483648,2145386496,2127560704,2135687168,2137522176,2720491066
2119172096,2149580800,2140143616,2134900736,2126512128,2144337920,2141192192,2122317824,2135949312,2133590016,2720507068
2134900736,2136997888,2131755008,2113929216,2127560704,2143289344,2141192192,2120220672,2129395712,2133065728,2720523066
2129657856,2146435072,2146435072,2120220672,2128609280,2147483648,2144337920,2126512128,2135687168,2136735744,2720539064
2135949312,2160066560,2151677952,2133852160,2132803584,2151677952,2148532224,2131755008,2145386496,2141192192,2720555086
2129657856,2163212288,2162163712,2143289344,2134900736,2150629376,2149580800,2132803584,2149580800,2141978624,2720571087
2132803584,2162163712,2156920832,2141192192,2131755008,2149580800,2146435072,2129657856,2148270080,2139357184,2720587087
2132803584,2138046464,2135949312,2121269248,2127560704,2144337920,2142240768,2123366400,2132017152,2134376448,2720603086
2118123520,2139095040,2132803584,2119172096,2126512128,2143289344,2140143616,2120220672,2127298560,2132541440,2720619109
2128609280,2139095040,2132803584,2118123520,2128609280,2146435072,2143289344,2124414976,2129657856,2135687168,2720636001
2138046464,2152726528,2150629376,2132803584,2131755008,2150629376,2147483648,2131755008,2143551488,2140405760,2720652001
2145386496,2157969408,2151677952,2135949312,2133852160,2151677952,2150629376,2133852160,2147745792,2142502912,2720668001
2140143616,2143289344,2143289344,2123366400,2132803584,2149580800,2147483648,2130706432,2137522176,2140143616,2720684001
2124414976,2163212288,2157969408,2136997888,2128609280,2145386496,2142240768,2124414976,2145648640,2135162880,2720700023
2120220672,2161115136,2151677952,2132803584,2126512128,2143289344,2140143616,2120220672,2141454336,2132541440,2720716023
2128609280,2154823680,2146435072,2125463552,2127560704,2145386496,2142240768,2124414976,2138832896,2134900736,2720732023
2131755008,2141192192,2138046464,2119172096,2131755008,2148532224,2146435072,2129657856,2132541440,2139095040,2720748024
2144337920,2146435072,2140143616,2127560704,2133852160,2151677952,2150629376,2132803584,2139619328,2142240768,2720764046
2143289344,2145386496,2144337920,2126512128,2132803584,2149580800,2148532224,2131755008,2139881472,2140667904,2720780044
2123366400,2147483648,2143289344,2130706432,2129657856,2146435072,2143289344,2126512128,2136211456,2136473600,2720796046
2127560704,2136997888,2135949312,2118123520,2126512128,2143289344,2140143616,2122317824,2129657856,2133065728,2720812046
2118123520,2152726528,2141192192,2132803584,2126512128,2144337920,2142240768,2122317824,2136211456,2133852160,2720828067
2125463552,2147483648,2155872256,2127560704,2129657856,2149580800,2146435072,2128609280,2139095040,2138570752,2720844065
2132803584,2144337920,2141192192,2126512128,2133852160,2150629376,2149580800,2132803584,2136211456,2141716480,2720860066
2126512128,2153775104,2149580800,2140143616,2132803584,2151677952,2149580800,2132803584,2142502912,2141716480,2720876066
2140143616,2142240768,2150629376,2124414976,2128609280,2148532224,2145386496,2127560704,2139357184,2137522176,2720892090
2133852160,2145386496,2133852160,2119172096,2126512128,2144337920,2141192192,2122317824,2133065728,2133590016,2720908088
2118123520,2143289344,2139095040,2124414976,2126512128,2143289344,2141192192,2121269248,2131230720,2133065728,2720924086
2120220672,2143289344,2140143616,2122317824,2128609280,2146435072,2145386496,2126512128,2131492864,2136735744,2720940089
2138046464,2151677952,2140143616,2126512128,2131755008,2151677952,2149580800,2132803584,2139095040,2141454336,2720956109
2134900736,2160066560,2160066560,2140143616,2134900736,2151677952,2150629376,2133852160,2148794368,2142765056,2720972110
2129657856,2142240768,2141192192,2127560704,2130706432,2148532224,2145386496,2129657856,2135162880,2138570752,2720989000
2127560704,2155872256,2153775104,2129657856,2126512128,2145386496,2141192192,2123366400,2141716480,2134114304,2721005001
2129657856,2134900736,2132803584,2113929216,2126512128,2143289344,2141192192,2121269248,2127822848,2133065728,2721021001
2128609280,2150629376,2146435072,2127560704,2128609280,2146435072,2144337920,2125463552,2138308608,2136211456,2721037024
2126512128,2163212288,2157969408,2135949312,2131755008,2149580800,2148532224,2130706432,2145910784,2140143616,2721053023
2127560704,2147483648,2147483648,2129657856,2133852160,2151677952,2149580800,2133852160,2138046464,2142240768,2721069023
2143289344,2144337920,2142240768,2125463552,2131755008,2149580800,2147483648,2129657856,2138832896,2139619328,2721085023
2127560704,2143289344,2139095040,2123366400,2128609280,2144337920,2141192192,2122317824,2133327872,2134114304,2721101047
2120220672,2138046464,2138046464,2122317824,2126512128,2143289344,2140143616,2121269248,2129657856,2132803584,2721117046
2120220672,2160066560,2152726528,2131755008,2127560704,2145386496,2142240768,2123366400,2141192192,2134638592,2721133048
2134900736,2153775104,2152726528,2129657856,2130706432,2149580800,2147483648,2129657856,2142765056,2139357184,2721149045
2125463552,2155872256,2149580800,2139095040,2133852160,2151677952,2149580800,2133852160,2142502912,2142240768,2721165067
2144337920,2145386496,2143289344,2127560704,2131755008,2150629376,2149580800,2131755008,2140143616,2140930048,2721181065
2123366400,2142240768,2143289344,2125463552,2128609280,2147483648,2144337920,2125463552,2133590016,2136473600,2721197067
2120220672,2142240768,2141192192,2125463552,2127560704,2143289344,2140143616,2121269248,2132279296,2133065728,2721213068
2120220672,2157969408,2151677952,2131755008,2126512128,2145386496,2142240768,2123366400,2140405760,2134376448,2721229089
2121269248,2142240768,2138046464,2125463552,2129657856,2149580800,2145386496,2128609280,2131755008,2138308608,2721245086
2130706432,2157969408,2156920832,2138046464,2133852160,2151677952,2148532224,2132803584,2145910784,2141716480,2721261090
2128609280,2163212288,2162163712,2145386496,2132803584,2151677952,2149580800,2132803584,2149842944,2141716480,2721277089
2129657856,2142240768,2140143616,2124414976,2129657856,2147483648,2145386496,2127560704,2134114304,2137522176,2721293110
2118123520,2150629376,2147483648,2134900736,2126512128,2144337920,2141192192,2122317824,2137784320,2133590016,2721309107
2135949312,2146435072,2133852160,2119172096,2126512128,2143289344,2139095040,2121269248,2133852160,2132541440,2721326001
2123366400,2143289344,2150629376,2122317824,2129657856,2147483648,2144337920,2126512128,2134900736,2136997888,2721342001
2140143616,2146435072,2140143616,2122317824,2133852160,2150629376,2148532224,2131755008,2137260032,2141192192,2721358001
2135949312,2146435072,2146435072,2129657856,2132803584,2149580800,2149580800,2131755008,2139619328,2140930048,2721374000
2132803584,2156920832,2154823680,2133852160,2130706432,2148532224,2146435072,2128609280,2144600064,2138570752,2721390023
2123366400,2154823680,2149580800,2138046464,2127560704,2144337920,2141192192,2122317824,2141454336,2133852160,2721406022
2123366400,2153775104,2149580800,2124414976,2125463552,2144337920,2140143616,2121269248,2137784320,2132803584,2721422023
2121269248,2140143616,2144337920,2120220672,2128609280,2146435072,2143289344,2125463552,2131492864,2135949312,2721438024
2139095040,2144337920,2139095040,2124414976,2132803584,2149580800,2148532224,2131755008,2136735744,2140667904,2721454047
2124414976,2155872256,2155872256,2143289344,2133852160,2152726528,2148532224,2133852160,2144862208,2142240768,2721470045
2138046464,2143289344,2140143616,2125463552,2130706432,2150629376,2146435072,2130706432,2136735744,2139619328,2721486046
2132803584,2143289344,2136997888,2122317824,2127560704,2145386496,2142240768,2123366400,2133852160,2134638592,2721502045
2120220672,2157969408,2147483648,2134900736,2126512128,2144337920,2139095040,2121269248,2140143616,2132803584,2721518068
2130706432,2151677952,2149580800,2130706432,2128609280,2145386496,2142240768,2124414976,2140667904,2135162880,2721534065
2142240768,2146435072,2143289344,2122317824,2131755008,2149580800,2147483648,2130706432,2138570752,2139881472,2721550067
2135949312,2143289344,2143289344,2127560704,2133852160,2151677952,2149580800,2133852160,2137522176,2142240768,2721566065
2146435072,2155872256,2144337920,2129657856,2132803584,2150629376,2147483648,2130706432,2144075776,2140405760,2721582087
2123366400,2147483648,2151677952,2129657856,2128609280,2146435072,2143289344,2125463552,2138046464,2135949312,2721598089
2128609280,2150629376,2151677952,2127560704,2126512128,2143289344,2140143616,2121269248,2139619328,2132803584,2721614088
2138046464,2136997888,2132803584,2114977792,2127560704,2145386496,2142240768,2123366400,2130706432,2134638592,2721630086
2134900736,2150629376,2146435072,2129657856,2130706432,2148532224,2146435072,2128609280,2140405760,2138570752,2721646110
2135949312,2146435072,2150629376,2128609280,2133852160,2150629376,2148532224,2132803584,2140405760,2141454336,2721663001
2136997888,2154823680,2153775104,2132803584,2132803584,2150629376,2148532224,2131755008,2144600064,2140930048,2721679001
2143289344,2142240768,2142240768,2121269248,2129657856,2147483648,2144337920,2126512128,2137260032,2136997888,2721695001
2120220672,2149580800,2147483648,2130706432,2126512128,2144337920,2140143616,2122317824,2136997888,2133327872,2721711001
2135949312,2133852160,2133852160,2112880640,2126512128,2144337920,2141192192,2122317824,2129133568,2133590016,2721727023
2135949312,2149580800,2144337920,2129657856,2129657856,2147483648,2144337920,2127560704,2139881472,2137260032,2721743023
2127560704,2142240768,2138046464,2127560704,2132803584,2150629376,2149580800,2132803584,2133852160,2141454336,2721759023
2135949312,2149580800,2163212288,2126512128,2132803584,2150629376,2149580800,2132803584,2143813632,2141454336,2721775023
2134900736,2144337920,2141192192,2126512128,2129657856,2148532224,2145386496,2128609280,2136735744,2138046464,2721791045
2119172096,2157969408,2150629376,2132803584,2126512128,2144337920,2141192192,2122317824,2140143616,2133590016,2721807045
2121269248,2149580800,2153775104,2130706432,2126512128,2143289344,2141192192,2121269248,2138832896,2133065728,2721823045
2133852160,2145386496,2133852160,2119172096,2128609280,2147483648,2144337920,2126512128,2133065728,2136735744,2721839046
2143289344,2146435072,2142240768,2123366400,2133852160,2149580800,2149580800,2130706432,2138832896,2140930048,2721855067
2125463552,2155872256,2147483648,2147483648,2133852160,2151677952,2149580800,2133852160,2144075776,2142240768,2721871067
2126512128,2146435072,2145386496,2129657856,2130706432,2147483648,2147483648,2128609280,2136997888,2138570752,2721887068
2123366400,2150629376,2148532224,2133852160,2126512128,2145386496,2142240768,2123366400,2139095040,2134376448,2721903066
2124414976,2146435072,2154823680,2117074944,2126512128,2143289344,2140143616,2121269248,2135687168,2132803584,2721919090
2126512128,2149580800,2149580800,2126512128,2128609280,2145386496,2142240768,2124414976,2138046464,2135162880,2721935087
2130706432,2154823680,2153775104,2129657856,2131755008,2150629376,2148532224,2130706432,2142240768,2140405760,2721951087
2138046464,2145386496,2142240768,2126512128,2133852160,2151677952,2150629376,2133852160,2138046464,2142502912,2721967090
2131755008,2147483648,2143289344,2130706432,2130706432,2150629376,2147483648,2131755008,2138308608,2140143616,2721983108
2127560704,2157969408,2155872256,2138046464,2127560704,2145386496,2143289344,2124414976,2144862208,2135162880,2721999109
2141192192,2142240768,2138046464,2112880640,2126512128,2143289344,2140143616,2121269248,2133590016,2132803584,2722016001
2130706432,2135949312,2132803584,2114977792,2128609280,2145386496,2142240768,2123366400,2128609280,2134900736,2722032001
2131755008,2155872256,2152726528,2129657856,2130706432,2149580800,2146435072,2128609280,2142502912,2138832896,2722048001
2134900736,2159017984,2155872256,2141192192,2133852160,2151677952,2150629376,2132803584,2147745792,2142240768,2722064024
2125463552,2147483648,2146435072,2128609280,2132803584,2150629376,2148532224,2131755008,2136997888,2140930048,2722080023
2125463552,2150629376,2145386496,2133852160,2128609280,2146435072,2144337920,2125463552,2138832896,2136211456,2722096022
2134900736,2146435072,2150629376,2118123520,2127560704,2144337920,2141192192,2121269248,2137522176,2133590016,2722112023
2141192192,2133852160,2134900736,2112880640,2127560704,2143289344,2141192192,2122317824,2130706432,2133590016,2722128045
2135949312,2138046464,2136997888,2117074944,2130706432,2148532224,2145386496,2128609280,2132017152,2138308608,2722144044
2126512128,2148532224,2143289344,2132803584,2133852160,2151677952,2148532224,2132803584,2137784320,2141716480,2722160045
2131755008,2163212288,2162163712,2140143616,2132803584,2151677952,2149580800,2132803584,2149318656,2141716480,2722176045
2126512128,2161115136,2162163712,2138046464,2129657856,2148532224,2145386496,2128609280,2146959360,2138046464,2722192067
2138046464,2139095040,2135949312,2116026368,2126512128,2144337920,2141192192,2122317824,2132279296,2133590016,2722208067
2134900736,2145386496,2134900736,2118123520,2126512128,2143289344,2140143616,2121269248,2133327872,2132803584,2722224067
2120220672,2147483648,2139095040,2130706432,2128609280,2147483648,2144337920,2126512128,2134376448,2136735744,2722240066
2142240768,2140143616,2146435072,2121269248,2133852160,2149580800,2149580800,2131755008,2137522176,2141192192,2722256087
2127560704,2147483648,2142240768,2132803584,2133852160,2150629376,2149580800,2132803584,2137522176,2141716480,2722272085
2129657856,2142240768,2141192192,2125463552,2130706432,2148532224,2147483648,2128609280,2134638592,2138832896,2722288088
2128609280,2140143616,2142240768,2120220672,2128609280,2143289344,2142240768,2121269248,2132803584,2133852160,2722304089
2123366400,2155872256,2152726528,2126512128,2126512128,2143289344,2141192192,2121269248,2139619328,2133065728,2722320109
2129657856,2141192192,2146435072,2114977792,2128609280,2145386496,2143289344,2124414976,2133065728,2135425024,2722336107
2123366400,2147483648,2143289344,2129657856,2131755008,2149580800,2147483648,2131755008,2135949312,2140143616,2722353001
2134900736,2159017984,2159017984,2141192192,2132803584,2152726528,2149580800,2133852160,2148532224,2142240768,2722369001
2134900736,2159017984,2154823680,2138046464,2131755008,2149580800,2146435072,2129657856,2146697216,2139357184,2722385001
2125463552,2142240768,2140143616,2125463552,2127560704,2145386496,2142240768,2124414976,2133327872,2134900736,2722401001
2130706432,2150629376,2150629376,2128609280,2126512128,2143289344,2140143616,2121269248,2140143616,2132803584,2722417023
2119172096,2144337920,2140143616,2126512128,2128609280,2145386496,2142240768,2123366400,2132541440,2134900736,2722433023
2125463552,2161115136,2157969408,2136997888,2131755008,2149580800,2147483648,2129657856,2145386496,2139619328,2722449023
2125463552,2168455168,2161115136,2146435072,2132803584,2151677952,2150629376,2133852160,2150367232,2142240768,2722465023
2139095040,2155872256,2159017984,2134900736,2133852160,2150629376,2148532224,2130706432,2147221504,2140930048,2722481045
2141192192,2144337920,2146435072,2120220672,2128609280,2146435072,2143289344,2125463552,2138046464,2135949312,2722497045
2122317824,2145386496,2151677952,2126512128,2126512128,2143289344,2141192192,2121269248,2136473600,2133065728,2722513046
2138046464,2136997888,2134900736,2110783488,2127560704,2145386496,2142240768,2123366400,2130182144,2134638592,2722529045
2132803584,2148532224,2146435072,2129657856,2130706432,2148532224,2145386496,2127560704,2139357184,2138046464,2722545066
2140143616,2143289344,2141192192,2124414976,2132803584,2151677952,2149580800,2132803584,2137260032,2141716480,2722561068
2127560704,2150629376,2160066560,2134900736,2132803584,2151677952,2149580800,2132803584,2143289344,2141716480,2722577067
2124414976,2159017984,2161115136,2138046464,2129657856,2147483648,2144337920,2127560704,2145648640,2137260032,2722593065
2124414976,2153775104,2152726528,2126512128,2127560704,2144337920,2140143616,2122317824,2139357184,2133590016,2722609089
2122317824,2151677952,2153775104,2129657856,2125463552,2144337920,2141192192,2122317824,2139357184,2133327872,2722625089
2124414976,2154823680,2153775104,2134900736,2129657856,2147483648,2145386496,2127560704,2141978624,2137522176,2722641088
2142240768,2143289344,2146435072,2123366400,2133852160,2149580800,2148532224,2131755008,2138832896,2140930048,2722657086
2143289344,2147483648,2142240768,2126512128,2133852160,2151677952,2150629376,2132803584,2139881472,2142240768,2722673110
2132803584,2159017984,2156920832,2135949312,2130706432,2148532224,2146435072,2128609280,2146172928,2138570752,2722690001
2121269248,2162163712,2151677952,2141192192,2126512128,2145386496,2142240768,2123366400,2144075776,2134376448,2722706001
2136997888,2133852160,2132803584,2112880640,2126512128,2144337920,2141192192,2121269248,2129133568,2133327872,2722722001
2120220672,2149580800,2139095040,2129657856,2128609280,2146435072,2144337920,2125463552,2134638592,2136211456,2722738001
2126512128,2157969408,2159017984,2141192192,2132803584,2150629376,2148532224,2131755008,2146172928,2140930048,2722754023
2124414976,2156920832,2156920832,2142240768,2133852160,2151677952,2150629376,2132803584,2145124352,2142240768,2722770024
2129657856,2143289344,2142240768,2127560704,2131755008,2149580800,2147483648,2129657856,2135687168,2139619328,2722786022
2141192192,2149580800,2136997888,2125463552,2127560704,2145386496,2142240768,2124414976,2138308608,2134900736,2722802023
2138046464,2136997888,2132803584,2114977792,2126512128,2144337920,2141192192,2121269248,2130706432,2133327872,2722818045
2129657856,2135949312,2133852160,2116026368,2127560704,2146435072,2143289344,2125463552,2128871424,2135687168,2722834046
2122317824,2149580800,2147483648,2134900736,2131755008,2149580800,2147483648,2130706432,2138570752,2139881472,2722850044
2130706432,2161115136,2164260864,2142240768,2133852160,2151677952,2149580800,2133852160,2149580800,2142240768,2722866045
2129657856,2147483648,2147483648,2127560704,2131755008,2149580800,2148532224,2130706432,2138046464,2140143616,2722882067
2141192192,2141192192,2139095040,2119172096,2129657856,2145386496,2143289344,2125463552,2135162880,2135949312,2722898068
2123366400,2161115136,2154823680,2130706432,2126512128,2143289344,2141192192,2121269248,2142502912,2133065728,2722914065
2119172096,2145386496,2133852160,2124414976,2127560704,2144337920,2141192192,2123366400,2130706432,2134114304,2722930068
2122317824,2149580800,2140143616,2129657856,2130706432,2148532224,2146435072,2128609280,2135425024,2138570752,2722946088
2127560704,2163212288,2163212288,2139095040,2132803584,2151677952,2149580800,2133852160,2148270080,2141978624,2722962088
2140143616,2147483648,2141192192,2128609280,2133852160,2150629376,2148532224,2131755008,2139357184,2141192192,2722978085
2124414976,2147483648,2147483648,2130706432,2129657856,2146435072,2144337920,2126512128,2137522176,2136735744,2722994088
2138046464,2138046464,2135949312,2118123520,2126512128,2143289344,2141192192,2121269248,2132541440,2133065728,2723010110
2131755008,2139095040,2144337920,2113929216,2126512128,2143289344,2141192192,2122317824,2132279296,2133327872,2723026111
2124414976,2145386496,2149580800,2121269248,2130706432,2147483648,2145386496,2126512128,2135162880,2137522176,2723043001
2126512128,2163212288,2157969408,2145386496,2133852160,2150629376,2149580800,2132803584,2148270080,2141716480,2723059001
2136997888,2154823680,2157969408,2130706432,2133852160,2151677952,2149580800,2132803584,2145124352,2141978624,2723075001
2138046464,2144337920,2141192192,2123366400,2130706432,2147483648,2145386496,2127560704,2136735744,2137784320,2723091024
2140143616,2146435072,2138046464,2121269248,2127560704,2144337920,2141192192,2121269248,2136473600,2133590016,2723107024
2133852160,2135949312,2131755008,2112880640,2126512128,2144337920,2141192192,2121269248,2128609280,2133327872,2723123024
2133852160,2148532224,2141192192,2123366400,2128609280,2146435072,2145386496,2125463552,2136735744,2136473600,2723139024
2123366400,2160066560,2149580800,2143289344,2131755008,2150629376,2148532224,2131755008,2144075776,2140667904,2723155047
2146435072,2146435072,2143289344,2127560704,2133852160,2151677952,2150629376,2132803584,2140930048,2142240768,2723171044
2134900736,2159017984,2157969408,2138046464,2130706432,2149580800,2146435072,2128609280,2147483648,2138832896,2723187045
2132803584,2153775104,2152726528,2129657856,2127560704,2146435072,2142240768,2124414976,2142240768,2135162880,2723203047
2133852160,2150629376,2138046464,2121269248,2126512128,2143289344,2140143616,2121269248,2135949312,2132803584,2723219068
2121269248,2144337920,2141192192,2124414976,2128609280,2145386496,2143289344,2124414976,2132803584,2135425024,2723235066
2140143616,2141192192,2139095040,2119172096,2131755008,2149580800,2147483648,2130706432,2134900736,2139881472,2723251066
2125463552,2150629376,2147483648,2135949312,2132803584,2151677952,2150629376,2133852160,2139881472,2142240768,2723267068
2132803584,2159017984,2156920832,2133852160,2132803584,2150629376,2148532224,2131755008,2145648640,2140930048,2723283087
2121269248,2152726528,2147483648,2134900736,2128609280,2146435072,2143289344,2124414976,2139095040,2135687168,2723299088
2140143616,2140143616,2134900736,2118123520,2125463552,2144337920,2140143616,2122317824,2133327872,2133065728,2723315088
2119172096,2139095040,2140143616,2117074944,2127560704,2145386496,2142240768,2123366400,2128871424,2134638592,2723331088
2126512128,2153775104,2156920832,2135949312,2130706432,2148532224,2146435072,2128609280,2143289344,2138570752,2723347110
2144337920,2144337920,2143289344,2124414976,2133852160,2151677952,2149580800,2133852160,2139095040,2142240768,2723363106
2126512128,2150629376,2150629376,2136997888,2132803584,2150629376,2148532224,2131755008,2141192192,2140930048,2723380001
2124414976,2145386496,2140143616,2127560704,2127560704,2146435072,2143289344,2126512128,2134376448,2135949312,2723396001
2119172096,2154823680,2150629376,2133852160,2126512128,2144337920,2141192192,2121269248,2139619328,2133327872,2723412001
2130706432,2153775104,2144337920,2128609280,2127560704,2145386496,2141192192,2122317824,2139357184,2134114304,2723428001
2141192192,2139095040,2136997888,2117074944,2130706432,2148532224,2144337920,2128609280,2133590016,2138046464,2723444023
2125463552,2147483648,2149580800,2131755008,2133852160,2151677952,2148532224,2132803584,2138570752,2141716480,2723460024
2145386496,2146435072,2142240768,2128609280,2133852160,2150629376,2149580800,2132803584,2140667904,2141716480,2723476023
2133852160,2155872256,2154823680,2135949312,2129657856,2148532224,2145386496,2128609280,2145124352,2138046464,2723492022
2131755008,2142240768,2148532224,2117074944,2126512128,2145386496,2141192192,2122317824,2134900736,2133852160,2723508047
2136997888,2138046464,2133852160,2113929216,2127560704,2143289344,2140143616,2121269248,2130706432,2133065728,2723524045
2119172096,2151677952,2148532224,2134900736,2128609280,2147483648,2145386496,2126512128,2138570752,2136997888,2723540046
2126512128,2157969408,2156920832,2141192192,2132803584,2151677952,2149580800,2132803584,2145648640,2141716480,2723556044
2135949312,2143289344,2141192192,2127560704,2133852160,2151677952,2150629376,2133852160,2136997888,2142502912,2723572068
2132803584,2162163712,2162163712,2139095040,2130706432,2149580800,2147483648,2129657856,2149056512,2139357184,2723588067
2132803584,2138046464,2138046464,2120220672,2127560704,2145386496,2141192192,2123366400,2132279296,2134376448,2723604067
2132803584,2149580800,2143289344,2121269248,2125463552,2144337920,2140143616,2121269248,2136735744,2132803584,2723620065
2119172096,2147483648,2147483648,2126512128,2127560704,2146435072,2143289344,2125463552,2135162880,2135687168,2723636088
2124414976,2159017984,2155872256,2143289344,2131755008,2151677952,2148532224,2131755008,2145648640,2140930048,2723652093
2130706432,2159017984,2162163712,2145386496,2133852160,2151677952,2150629376,2133852160,2149318656,2142502912,2723668088
2138046464,2154823680,2154823680,2130706432,2132803584,2149580800,2146435072,2129657856,2144600064,2139619328,2723684086
2119172096,2165309440,2148532224,2139095040,2127560704,2146435072,2143289344,2124414976,2143027200,2135425024,2723700109
2127560704,2148532224,2146435072,2123366400,2126512128,2143289344,2140143616,2121269248,2136473600,2132803584,2723717001
2120220672,2141192192,2134900736,2118123520,2127560704,2145386496,2142240768,2123366400,2128609280,2134638592,2723733001
2141192192,2138046464,2138046464,2119172096,2131755008,2149580800,2147483648,2130706432,2134114304,2139881472,2723749000
2140143616,2142240768,2140143616,2123366400,2133852160,2150629376,2149580800,2132803584,2136473600,2141716480,2723765001
2147483648,2145386496,2146435072,2126512128,2132803584,2149580800,2147483648,2131755008,2141454336,2140405760,2723781024
2133852160,2154823680,2152726528,2129657856,2129657856,2145386496,2143289344,2125463552,2142765056,2135949312,2723797023
2121269248,2150629376,2148532224,2131755008,2125463552,2145386496,2141192192,2122317824,2138046464,2133590016,2723813023
2129657856,2135949312,2133852160,2113929216,2127560704,2144337920,2142240768,2123366400,2128347136,2134376448,2723829023
2121269248,2144337920,2142240768,2125463552,2128609280,2149580800,2146435072,2129657856,2133327872,2138570752,2723845047
2125463552,2147483648,2145386496,2132803584,2132803584,2150629376,2149580800,2132803584,2137784320,2141454336,2723861045
2126512128,2151677952,2147483648,2139095040,2132803584,2149580800,2149580800,2131755008,2141192192,2140930048,2723877045
2126512128,2159017984,2160066560,2142240768,2129657856,2147483648,2145386496,2127560704,2146959360,2137522176,2723893045
2120220672,2147483648,2141192192,2127560704,2126512128,2144337920,2141192192,2122317824,2134114304,2133590016,2723909068
2131755008,2139095040,2131755008,2114977792,2126512128,2144337920,2141192192,2122317824,2129395712,2133590016,2723925066
2132803584,2135949312,2136997888,2117074944,2130706432,2146435072,2144337920,2126512128,2130706432,2136997888,2723941066
2124414976,2144337920,2148532224,2125463552,2132803584,2151677952,2148532224,2132803584,2135687168,2141454336,2723957067
2129657856,2147483648,2148532224,2130706432,2133852160,2151677952,2149580800,2132803584,2139095040,2141978624,2723973089
2140143616,2146435072,2141192192,2126512128,2130706432,2148532224,2146435072,2128609280,2138570752,2138570752,2723989088
2129657856,2155872256,2151677952,2133852160,2128609280,2145386496,2142240768,2123366400,2142765056,2134900736,2724005086
2136997888,2149580800,2135949312,2126512128,2125463552,2143289344,2140143616,2121269248,2137260032,2132541440,2724021088
2130706432,2152726528,2144337920,2125463552,2128609280,2146435072,2143289344,2124414976,2138308608,2135687168,2724037109
2122317824,2155872256,2148532224,2139095040,2132803584,2150629376,2148532224,2130706432,2141454336,2140667904,2724053110
2127560704,2148532224,2140143616,2134900736,2133852160,2150629376,2149580800,2132803584,2137784320,2141716480,2724070001
2142240768,2144337920,2142240768,2126512128,2131755008,2149580800,2146435072,2130706432,2138832896,2139619328,2724086001
2121269248,2155872256,2147483648,2139095040,2126512128,2145386496,2142240768,2124414976,2140930048,2134638592,2724102001
2119172096,2139095040,2135949312,2118123520,2126512128,2143289344,2140143616,2120220672,2128084992,2132541440,2724118024
2121269248,2154823680,2152726528,2134900736,2128609280,2145386496,2143289344,2124414976,2140930048,2135425024,2724134024
2123366400,2150629376,2144337920,2134900736,2131755008,2149580800,2146435072,2130706432,2138308608,2139619328,2724150023
2136997888,2144337920,2144337920,2126512128,2133852160,2151677952,2150629376,2132803584,2138046464,2142240768,2724166022
2141192192,2144337920,2145386496,2125463552,2131755008,2149580800,2148532224,2130706432,2139095040,2140143616,2724182046
2135949312,2141192192,2142240768,2120220672,2128609280,2145386496,2143289344,2124414976,2134900736,2135425024,2724198045
2136997888,2135949312,2135949312,2114977792,2126512128,2142240768,2140143616,2120220672,2130968576,2132279296,2724214045
2130706432,2146435072,2146435072,2123366400,2127560704,2144337920,2142240768,2123366400,2136735744,2134376448,2724230046
2121269248,2151677952,2147483648,2136997888,2130706432,2148532224,2145386496,2128609280,2139357184,2138308608,2724246067
2131755008,2161115136,2155872256,2138046464,2132803584,2152726528,2149580800,2133852160,2146697216,2142240768,2724262066
2140143616,2146435072,2155872256,2125463552,2132803584,2150629376,2149580800,2131755008,2141978624,2141192192,2724278066
2126512128,2159017984,2153775104,2135949312,2129657856,2146435072,2145386496,2126512128,2143813632,2136997888,2724294066
2124414976,2152726528,2150629376,2132803584,2125463552,2144337920,2141192192,2122317824,2140143616,2133327872,2724310087
2133852160,2138046464,2132803584,2117074944,2126512128,2144337920,2140143616,2122317824,2130444288,2133327872,2724326085
2123366400,2141192192,2136997888,2122317824,2128609280,2148532224,2144337920,2127560704,2130968576,2137260032,2724342088
2140143616,2154823680,2146435072,2133852160,2131755008,2151677952,2149580800,2132803584,2143813632,2141454336,2724358087
2130706432,2160066560,2161115136,2142240768,2133852160,2151677952,2149580800,2133852160,2148532224,2142240768,2724374108
2124414976,2144337920,2151677952,2128609280,2130706432,2148532224,2145386496,2127560704,2137260032,2138046464,2724390109
2138046464,2138046464,2136997888,2116026368,2127560704,2144337920,2141192192,2122317824,2132279296,2133852160,2724407001
2122317824,2153775104,2152726528,2129657856,2125463552,2144337920,2141192192,2122317824,2139619328,2133327872,2724423001
2118123520,2154823680,2143289344,2136997888,2128609280,2147483648,2144337920,2126512128,2138308608,2136735744,2724439001
2124414976,2160066560,2155872256,2143289344,2133852160,2149580800,2148532224,2130706432,2145910784,2140667904,2724455001
2127560704,2152726528,2155872256,2139095040,2133852160,2151677952,2149580800,2133852160,2143813632,2142240768,2724471023
2139095040,2150629376,2146435072,2126512128,2130706432,2148532224,2147483648,2128609280,2140667904,2138832896,2724487024
2121269248,2160066560,2153775104,2141192192,2128609280,2145386496,2142240768,2123366400,2144075776,2134900736,2724503023
2126512128,2151677952,2151677952,2127560704,2126512128,2143289344,2140143616,2120220672,2139357184,2132541440,2724519024
2131755008,2136997888,2134900736,2117074944,2128609280,2145386496,2142240768,2124414976,2130182144,2135162880,2724535046
2123366400,2143289344,2145386496,2126512128,2131755008,2149580800,2147483648,2130706432,2134638592,2139881472,2724551045
2134900736,2143289344,2142240768,2126512128,2133852160,2151677952,2150629376,2133852160,2136735744,2142502912,2724567045
2141192192,2147483648,2146435072,2124414976,2131755008,2149580800,2146435072,2130706432,2139881472,2139619328,2724583044
2122317824,2156920832,2155872256,2139095040,2128609280,2145386496,2143289344,2124414976,2143551488,2135425024,2724599067
2123366400,2138046464,2135949312,2118123520,2125463552,2143289344,2141192192,2121269248,2128871424,2132803584,2724615067
2132803584,2144337920,2146435072,2118123520,2128609280,2144337920,2142240768,2123366400,2135425024,2134638592,2724631067
2122317824,2147483648,2145386496,2126512128,2130706432,2149580800,2146435072,2129657856,2135425024,2139095040,2724647067
2126512128,2165309440,2162163712,2142240768,2133852160,2151677952,2150629376,2133852160,2149056512,2142502912,2724663087
2127560704,2165309440,2161115136,2146435072,2132803584,2150629376,2148532224,2131755008,2150105088,2140930048,2724679087
2123366400,2147483648,2149580800,2129657856,2129657856,2147483648,2144337920,2126512128,2137522176,2136997888,2724695088
2124414976,2138046464,2136997888,2117074944,2126512128,2145386496,2141192192,2121269248,2129133568,2133590016,2724711087
2120220672,2142240768,2149580800,2123366400,2126512128,2144337920,2141192192,2122317824,2133852160,2133590016,2724727109
2135949312,2139095040,2136997888,2118123520,2130706432,2147483648,2145386496,2128609280,2132541440,2138046464,2724744001
2124414976,2154823680,2147483648,2141192192,2132803584,2151677952,2149580800,2133852160,2141978624,2141978624,2724760001
2129657856,2160066560,2160066560,2143289344,2132803584,2151677952,2149580800,2133852160,2148270080,2141978624,2724776001
2132803584,2143289344,2141192192,2126512128,2130706432,2147483648,2144337920,2127560704,2135949312,2137522176,2724792001
2133852160,2135949312,2134900736,2116026368,2126512128,2144337920,2140143616,2122317824,2130182144,2133327872,2724808024
2134900736,2145386496,2141192192,2116026368,2127560704,2143289344,2139095040,2121269248,2134376448,2132803584,2724824025
2138046464,2138046464,2142240768,2118123520,2128609280,2147483648,2145386496,2126512128,2134114304,2136997888,2724840023
2124414976,2163212288,2155872256,2144337920,2132803584,2149580800,2148532224,2131755008,2146959360,2140667904,2724856023
2129657856,2147483648,2142240768,2132803584,2133852160,2150629376,2149580800,2132803584,2138046464,2141716480,2724872044
2126512128,2163212288,2162163712,2141192192,2131755008,2148532224,2147483648,2128609280,2148270080,2139095040,2724888045
2130706432,2146435072,2150629376,2124414976,2127560704,2145386496,2142240768,2123366400,2138046464,2134638592,2724904045
2138046464,2135949312,2131755008,2113929216,2125463552,2144337920,2140143616,2121269248,2129920000,2132803584,2724920047
2134900736,2139095040,2134900736,2116026368,2128609280,2147483648,2144337920,2125463552,2131230720,2136473600,2724936067
2139095040,2140143616,2138046464,2120220672,2132803584,2148532224,2147483648,2130706432,2134376448,2139881472,2724952066
2127560704,2159017984,2160066560,2143289344,2133852160,2151677952,2150629376,2133852160,2147483648,2142502912,2724968065
2139095040,2143289344,2141192192,2128609280,2131755008,2149580800,2146435072,2130706432,2138046464,2139619328,2724984068
2142240768,2141192192,2138046464,2121269248,2128609280,2146435072,2143289344,2124414976,2135687168,2135687168,2725000089
2120220672,2147483648,2145386496,2128609280,2125463552,2143289344,2141192192,2121269248,2135425024,2132803584,2725016086
2140143616,2135949312,2133852160,2112880640,2127560704,2144337920,2142240768,2122317824,2130706432,2134114304,2725032085
2141192192,2141192192,2136997888,2122317824,2131755008,2148532224,2146435072,2129657856,2135425024,2139095040,2725048088
2131755008,2160066560,2161115136,2138046464,2133852160,2151677952,2149580800,2132803584,2147745792,2141978624,2725064111
2127560704,2147483648,2147483648,2132803584,2131755008,2150629376,2148532224,2131755008,2138832896,2140667904,2725080109
2134900736,2152726528,2154823680,2127560704,2129657856,2146435072,2143289344,2125463552,2142502912,2136211456,2725097001
2127560704,2149580800,2150629376,2126512128,2126512128,2144337920,2141192192,2121269248,2138570752,2133327872,2725113001
2134900736,2147483648,2142240768,2123366400,2127560704,2144337920,2140143616,2122317824,2136997888,2133590016,2725129001
2131755008,2140143616,2136997888,2122317824,2129657856,2148532224,2146435072,2128609280,2132803584,2138308608,2725145025
2135949312,2146435072,2145386496,2127560704,2132803584,2151677952,2149580800,2133852160,2138832896,2141978624,2725161023
2138046464,2147483648,2147483648,2127560704,2133852160,2150629376,2148532224,2131755008,2140143616,2141192192,2725177023
2136997888,2141192192,2139095040,2123366400,2129657856,2148532224,2145386496,2127560704,2135162880,2137784320,2725193024
2139095040,2151677952,2142240768,2121269248,2127560704,2144337920,2141192192,2122317824,2138570752,2133852160,2725209045
2119172096,2138046464,2140143616,2120220672,2126512128,2144337920,2141192192,2122317824,2129395712,2133590016,2725225044
2133852160,2142240768,2134900736,2120220672,2129657856,2147483648,2144337920,2127560704,2132803584,2137260032,2725241047
2124414976,2150629376,2144337920,2135949312,2131755008,2150629376,2148532224,2131755008,2138832896,2140667904,2725257045
2136997888,2156920832,2153775104,2141192192,2132803584,2151677952,2150629376,2133852160,2147221504,2142240768,2725273067
2124414976,2147483648,2140143616,2130706432,2130706432,2148532224,2146435072,2129657856,2135687168,2138832896,2725289065
2123366400,2147483648,2155872256,2126512128,2126512128,2145386496,2143289344,2122317824,2138308608,2134376448,2725305066
2118123520,2147483648,2135949312,2128609280,2127560704,2142240768,2140143616,2120220672,2132541440,2132541440,2725321066
2122317824,2147483648,2152726528,2130706432,2129657856,2145386496,2143289344,2125463552,2138308608,2135949312,2725337088
2121269248,2160066560,2150629376,2142240768,2132803584,2149580800,2147483648,2130706432,2143551488,2140143616,2725353088
2144337920,2143289344,2143289344,2125463552,2134900736,2151677952,2149580800,2133852160,2139095040,2142502912,2725369087
2127560704,2147483648,2142240768,2131755008,2131755008,2149580800,2147483648,2129657856,2137260032,2139619328,2725385087
2126512128,2142240768,2139095040,2124414976,2128609280,2145386496,2142240768,2124414976,2133065728,2135162880,2725401110
2134900736,2135949312,2132803584,2112880640,2125463552,2144337920,2141192192,2121269248,2129133568,2133065728,2725417106
2126512128,2154823680,2146435072,2129657856,2127560704,2145386496,2143289344,2124414976,2139357184,2135162880,2725434001
2140143616,2140143616,2142240768,2119172096,2131755008,2149580800,2147483648,2130706432,2135425024,2139881472,2725450001
2131755008,2144337920,2141192192,2125463552,2132803584,2151677952,2150629376,2133852160,2135687168,2142240768,2725466001
2142240768,2144337920,2142240768,2128609280,2133852160,2149580800,2148532224,2130706432,2139357184,2140667904,2725482001
2122317824,2148532224,2147483648,2132803584,2127560704,2147483648,2144337920,2126512128,2137784320,2136473600,2725498025
2140143616,2136997888,2135949312,2116026368,2126512128,2144337920,2140143616,2121269248,2132279296,2133065728,2725514024
2139095040,2139095040,2135949312,2113929216,2127560704,2144337920,2142240768,2123366400,2132017152,2134376448,2725530024
2134900736,2138046464,2138046464,2123366400,2130706432,2149580800,2146435072,2129657856,2133590016,2139095040,2725546022
2143289344,2142240768,2142240768,2124414976,2134900736,2150629376,2148532224,2132803584,2138046464,2141716480,2725562044
2141192192,2142240768,2142240768,2125463552,2133852160,2150629376,2148532224,2132803584,2137784320,2141454336,2725578044
2122317824,2164260864,2157969408,2138046464,2129657856,2147483648,2145386496,2126512128,2145648640,2137260032,2725594045
2136997888,2138046464,2142240768,2119172096,2126512128,2144337920,2140143616,2122317824,2134114304,2133327872,2725610044
2135949312,2139095040,2132803584,2113929216,2126512128,2144337920,2141192192,2122317824,2130444288,2133590016,2725626065
2139095040,2149580800,2140143616,2125463552,2129657856,2147483648,2144337920,2127560704,2138570752,2137260032,2725642067
2145386496,2144337920,2142240768,2124414976,2132803584,2151677952,2148532224,2133852160,2139095040,2141716480,2725658068
2145386496,2153775104,2143289344,2129657856,2133852160,2151677952,2149580800,2133852160,2143027200,2142240768,2725674066
2138046464,2143289344,2139095040,2124414976,2130706432,2146435072,2145386496,2127560704,2136211456,2137522176,2725690087
2125463552,2154823680,2153775104,2134900736,2126512128,2144337920,2142240768,2122317824,2142240768,2133852160,2725706088
2134900736,2139095040,2142240768,2113929216,2126512128,2143289344,2141192192,2121269248,2132541440,2133065728,2725722089
2133852160,2136997888,2135949312,2113929216,2128609280,2147483648,2144337920,2126512128,2130182144,2136735744,2725738086
2143289344,2151677952,2146435072,2122317824,2132803584,2151677952,2148532224,2131755008,2140930048,2141192192,2725754108
2140143616,2144337920,2142240768,2125463552,2133852160,2151677952,2149580800,2132803584,2138046464,2141978624,2725771001
2145386496,2145386496,2146435072,2126512128,2131755008,2147483648,2146435072,2128609280,2140930048,2138570752,2725787001
2124414976,2139095040,2147483648,2121269248,2128609280,2144337920,2141192192,2123366400,2133065728,2134376448,2725803001
2119172096,2147483648,2149580800,2130706432,2126512128,2144337920,2140143616,2120220672,2136735744,2132803584,2725819001
2127560704,2157969408,2146435072,2130706432,2128609280,2146435072,2143289344,2124414976,2140667904,2135687168,2725835023
2124414976,2144337920,2142240768,2126512128,2131755008,2150629376,2147483648,2131755008,2134376448,2140405760,2725851024
2132803584,2159017984,2156920832,2132803584,2133852160,2151677952,2150629376,2133852160,2145386496,2142502912,2725867024
2126512128,2160066560,2153775104,2147483648,2131755008,2149580800,2147483648,2131755008,2146959360,2140143616,2725883025
2144337920,2139095040,2139095040,2119172096,2128609280,2146435072,2143289344,2124414976,2135425024,2135687168,2725899047
2120220672,2145386496,2138046464,2127560704,2126512128,2143289344,2140143616,2121269248,2132803584,2132803584,2725915045
2118123520,2151677952,2140143616,2132803584,2127560704,2145386496,2142240768,2123366400,2135687168,2134638592,2725931044
2129657856,2160066560,2150629376,2133852160,2130706432,2148532224,2146435072,2129657856,2143551488,2138832896,2725947045
2129657856,2146435072,2140143616,2130706432,2133852160,2151677952,2149580800,2133852160,2136735744,2142240768,2725963069
2135949312,2159017984,2155872256,2136997888,2132803584,2150629376,2148532224,2131755008,2146959360,2140930048,2725979066
2125463552,2147483648,2145386496,2125463552,2129657856,2146435072,2144337920,2125463552,2135949312,2136473600,2725995067
2119172096,2147483648,2136997888,2130706432,2126512128,2144337920,2140143616,2121269248,2133590016,2133065728,2726011066
2126512128,2152726528,2146435072,2119172096,2126512128,2144337920,2142240768,2122317824,2136211456,2133852160,2726027089
2120220672,2151677952,2147483648,2132803584,2129657856,2148532224,2145386496,2127560704,2138046464,2137784320,2726043087
2127560704,2163212288,2161115136,2142240768,2132803584,2150629376,2149580800,2132803584,2148532224,2141454336,2726059085
2146435072,2145386496,2142240768,2127560704,2132803584,2151677952,2148532224,2132803584,2140405760,2141454336,2726075088
2124414976,2161115136,2159017984,2138046464,2130706432,2148532224,2145386496,2127560704,2145648640,2138046464,2726091110
2128609280,2155872256,2146435072,2129657856,2127560704,2144337920,2141192192,2121269248,2140143616,2133590016,2726107108
2120220672,2138046464,2140143616,2120220672,2126512128,2143289344,2140143616,2121269248,2129657856,2132803584,2726124001
2136997888,2139095040,2138046464,2114977792,2128609280,2147483648,2144337920,2126512128,2132279296,2136735744,2726140001
2140143616,2155872256,2144337920,2131755008,2133852160,2150629376,2149580800,2131755008,2143027200,2141454336,2726156001
2138046464,2145386496,2145386496,2128609280,2133852160,2151677952,2149580800,2132803584,2139357184,2141978624,2726172024
2138046464,2145386496,2141192192,2126512128,2131755008,2148532224,2146435072,2128609280,2137784320,2138832896,2726188022
2125463552,2141192192,2139095040,2122317824,2127560704,2145386496,2142240768,2122317824,2132017152,2134376448,2726204024
2119172096,2154823680,2150629376,2133852160,2126512128,2144337920,2140143616,2121269248,2139619328,2133065728,2726220022
2119172096,2145386496,2145386496,2128609280,2128609280,2146435072,2142240768,2125463552,2134638592,2135687168,2726236045
2132803584,2152726528,2153775104,2132803584,2132803584,2149580800,2147483648,2129657856,2143027200,2139881472,2726252046
2127560704,2145386496,2147483648,2130706432,2133852160,2151677952,2149580800,2133852160,2137784320,2142240768,2726268046
2125463552,2148532224,2147483648,2133852160,2131755008,2149580800,2147483648,2130706432,2138832896,2139881472,2726284047
2133852160,2143289344,2139095040,2122317824,2128609280,2145386496,2143289344,2123366400,2134638592,2135162880,2726300065
2123366400,2154823680,2150629376,2127560704,2126512128,2143289344,2140143616,2120220672,2139095040,2132541440,2726316065
2136997888,2139095040,2135949312,2113929216,2127560704,2145386496,2142240768,2124414976,2131492864,2134900736,2726332066
2121269248,2148532224,2141192192,2134900736,2130706432,2148532224,2146435072,2129657856,2136473600,2138832896,2726348068
2144337920,2144337920,2143289344,2123366400,2133852160,2150629376,2149580800,2132803584,2138832896,2141716480,2726364088
2126512128,2155872256,2150629376,2139095040,2132803584,2151677952,2148532224,2132803584,2143027200,2141454336,2726380088
2122317824,2154823680,2148532224,2140143616,2128609280,2146435072,2144337920,2125463552,2141454336,2136211456,2726396088
2119172096,2149580800,2140143616,2132803584,2126512128,2145386496,2140143616,2122317824,2135425024,2133590016,2726412089
2125463552,2146435072,2149580800,2121269248,2127560704,2144337920,2141192192,2122317824,2135687168,2133852160,2726428109
2136997888,2141192192,2136997888,2117074944,2129657856,2148532224,2146435072,2128609280,2133065728,2138308608,2726444108
2127560704,2142240768,2147483648,2127560704,2133852160,2150629376,2149580800,2132803584,2136211456,2141716480,2726461001
2136997888,2145386496,2141192192,2129657856,2133852160,2150629376,2148532224,2131755008,2138308608,2141192192,2726477001
2136997888,2141192192,2140143616,2124414976,2129657856,2147483648,2145386496,2126512128,2135687168,2137260032,2726493001
2121269248,2157969408,2153775104,2139095040,2127560704,2144337920,2142240768,2122317824,2143027200,2134114304,2726509001
2122317824,2155872256,2150629376,2129657856,2126512128,2144337920,2141192192,2122317824,2139619328,2133590016,2726525025
2138046464,2141192192,2138046464,2118123520,2128609280,2147483648,2145386496,2126512128,2133852160,2136997888,2726541023
2124414976,2160066560,2155872256,2145386496,2131755008,2151677952,2149580800,2132803584,2146435072,2141454336,2726557023
2132803584,2166358016,2163212288,2141192192,2133852160,2151677952,2149580800,2133852160,2150891520,2142240768,2726573022
2123366400,2153775104,2151677952,2139095040,2130706432,2148532224,2146435072,2129657856,2141978624,2138832896,2726589045
2142240768,2139095040,2141192192,2114977792,2127560704,2144337920,2141192192,2122317824,2134376448,2133852160,2726605046
2128609280,2146435072,2147483648,2118123520,2126512128,2144337920,2141192192,2122317824,2135162880,2133590016,2726621045
2120220672,2150629376,2149580800,2133852160,2127560704,2146435072,2144337920,2125463552,2138570752,2135949312,2726637044
2139095040,2144337920,2146435072,2122317824,2131755008,2150629376,2148532224,2131755008,2138046464,2140667904,2726653067
2134900736,2160066560,2156920832,2144337920,2133852160,2151677952,2150629376,2133852160,2149056512,2142502912,2726669068
2125463552,2148532224,2147483648,2133852160,2132803584,2149580800,2147483648,2129657856,2138832896,2139881472,2726685067
2122317824,2151677952,2148532224,2134900736,2127560704,2145386496,2142240768,2125463552,2139357184,2135162880,2726701064
2126512128,2150629376,2148532224,2121269248,2126512128,2144337920,2141192192,2121269248,2136735744,2133327872,2726717087
2125463552,2156920832,2149580800,2130706432,2128609280,2145386496,2143289344,2123366400,2140667904,2135162880,2726733088
2133852160,2139095040,2139095040,2119172096,2131755008,2149580800,2147483648,2130706432,2132803584,2139881472,2726749087
2143289344,2146435072,2143289344,2126512128,2133852160,2151677952,2149580800,2133852160,2139881472,2142240768,2726765087
2144337920,2143289344,2143289344,2125463552,2132803584,2149580800,2148532224,2131755008,2139095040,2140667904,2726781110
2124414976,2149580800,2145386496,2128609280,2128609280,2146435072,2143289344,2125463552,2136997888,2135949312,2726798001
2134900736,2153775104,2141192192,2123366400,2126512128,2144337920,2140143616,2121269248,2138308608,2133065728,2726814001
2129657856,2139095040,2134900736,2113929216,2126512128,2144337920,2141192192,2122317824,2129395712,2133590016,2726830001
2140143616,2151677952,2140143616,2119172096,2130706432,2147483648,2145386496,2128609280,2137784320,2138046464,2726846001
2128609280,2162163712,2161115136,2136997888,2132803584,2151677952,2149580800,2134900736,2147221504,2142240768,2726862023
2126512128,2150629376,2155872256,2135949312,2132803584,2150629376,2148532224,2131755008,2142240768,2140930048,2726878023
2142240768,2143289344,2141192192,2122317824,2129657856,2147483648,2145386496,2126512128,2137260032,2137260032,2726894023
2135949312,2139095040,2134900736,2117074944,2126512128,2144337920,2141192192,2122317824,2131755008,2133590016,2726910024
2123366400,2154823680,2150629376,2128609280,2126512128,2144337920,2141192192,2122317824,2139357184,2133590016,2726926045
2130706432,2142240768,2146435072,2120220672,2131755008,2146435072,2144337920,2126512128,2134900736,2137260032,2726942045
2125463552,2151677952,2151677952,2136997888,2132803584,2150629376,2148532224,2132803584,2141454336,2141192192,2726958045
2127560704,2144337920,2147483648,2129657856,2133852160,2151677952,2149580800,2133852160,2137260032,2142240768,2726974045
2134900736,2146435072,2150629376,2123366400,2130706432,2148532224,2146435072,2128609280,2138832896,2138570752,2726990068
2138046464,2140143616,2146435072,2120220672,2127560704,2144337920,2142240768,2123366400,2136211456,2134376448,2727006068
2120220672,2147483648,2143289344,2126512128,2125463552,2144337920,2140143616,2122317824,2134376448,2133065728,2727022066
2141192192,2133852160,2134900736,2114977792,2128609280,2146435072,2144337920,2126512128,2131230720,2136473600,2727038069
2145386496,2139095040,2140143616,2120220672,2131755008,2151677952,2149580800,2131755008,2136211456,2141192192,2727054088
2138046464,2159017984,2157969408,2142240768,2133852160,2152726528,2149580800,2134900736,2149318656,2142765056,2727070088
2131755008,2143289344,2142240768,2127560704,2130706432,2148532224,2147483648,2129657856,2136211456,2139095040,2727086087
2133852160,2141192192,2138046464,2120220672,2127560704,2145386496,2143289344,2123366400,2133327872,2134900736,2727102087
2119172096,2153775104,2151677952,2134900736,2125463552,2144337920,2141192192,2122317824,2139881472,2133327872,2727118109
2126512128,2155872256,2146435072,2129657856,2127560704,2146435072,2142240768,2125463552,2139619328,2135425024,2727134114
2141192192,2140143616,2138046464,2120220672,2131755008,2149580800,2148532224,2130706432,2134900736,2140143616,2727151001
2126512128,2166358016,2159017984,2142240768,2133852160,2151677952,2149580800,2132803584,2148532224,2141978624,2727167001
2143289344,2142240768,2141192192,2121269248,2131755008,2149580800,2148532224,2130706432,2136997888,2140143616,2727183001
2143289344,2144337920,2140143616,2122317824,2128609280,2145386496,2143289344,2124414976,2137522176,2135425024,2727199023
2139095040,2143289344,2136997888,2117074944,2126512128,2143289344,2140143616,2121269248,2134114304,2132803584,2727215023
2121269248,2153775104,2149580800,2134900736,2126512128,2145386496,2142240768,2124414976,2139881472,2134638592,2727231023
2124414976,2160066560,2157969408,2133852160,2130706432,2148532224,2146435072,2128609280,2144075776,2138570752,2727247024
2129657856,2144337920,2147483648,2125463552,2133852160,2151677952,2149580800,2132803584,2136735744,2141978624,2727263045
2126512128,2151677952,2153775104,2136997888,2132803584,2150629376,2148532224,2132803584,2142240768,2141192192,2727279044
2135949312,2142240768,2151677952,2123366400,2129657856,2146435072,2144337920,2126512128,2138308608,2136735744,2727295047
2133852160,2140143616,2134900736,2118123520,2126512128,2144337920,2140143616,2121269248,2131755008,2133065728,2727311044
2129657856,2145386496,2142240768,2116026368,2126512128,2144337920,2141192192,2121269248,2133327872,2133327872,2727327065
2122317824,2154823680,2149580800,2135949312,2129657856,2148532224,2145386496,2127560704,2140667904,2137784320,2727343068
2126512128,2156920832,2157969408,2140143616,2133852160,2149580800,2149580800,2131755008,2145386496,2141192192,2727359066
2130706432,2155872256,2161115136,2142240768,2133852160,2150629376,2148532224,2131755008,2147483648,2141192192,2727375067
2124414976,2152726528,2142240768,2138046464,2130706432,2147483648,2145386496,2127560704,2139357184,2137784320,2727391089
2139095040,2139095040,2135949312,2118123520,2127560704,2144337920,2141192192,2122317824,2133065728,2133852160,2727407089
2122317824,2153775104,2152726528,2129657856,2126512128,2143289344,2140143616,2121269248,2139619328,2132803584,2727423089
2124414976,2150629376,2155872256,2131755008,2128609280,2147483648,2145386496,2126512128,2140667904,2136997888,2727439087
2138046464,2151677952,2150629376,2123366400,2132803584,2150629376,2148532224,2131755008,2140930048,2140930048,2727455107
2143289344,2154823680,2146435072,2128609280,2133852160,2150629376,2149580800,2131755008,2143289344,2141454336,2727471108
2127560704,2149580800,2157969408,2134900736,2130706432,2148532224,2146435072,2129657856,2142502912,2138832896,2727488001
2132803584,2141192192,2139095040,2122317824,2127560704,2145386496,2142240768,2123366400,2133852160,2134638592,2727504001
2121269248,2155872256,2151677952,2135949312,2125463552,2144337920,2141192192,2122317824,2141192192,2133327872,2727520001
2133852160,2136997888,2133852160,2114977792,2128609280,2146435072,2143289344,2125463552,2129920000,2135949312,2727536001
2133852160,2143289344,2139095040,2124414976,2131755008,2149580800,2148532224,2131755008,2135162880,2140405760,2727552024
2126512128,2147483648,2145386496,2132803584,2132803584,2151677952,2149580800,2133852160,2138046464,2141978624,2727568024
2134900736,2142240768,2142240768,2125463552,2131755008,2149580800,2147483648,2130706432,2136211456,2139881472,2727584023
2136997888,2150629376,2146435072,2132803584,2128609280,2145386496,2143289344,2124414976,2141716480,2135425024,2727600023
2128609280,2139095040,2136997888,2118123520,2125463552,2143289344,2140143616,2120220672,2130706432,2132279296,2727616045
2124414976,2150629376,2150629376,2129657856,2127560704,2145386496,2142240768,2124414976,2138832896,2134900736,2727632045
2123366400,2143289344,2147483648,2122317824,2131755008,2148532224,2146435072,2128609280,2134114304,2138832896,2727648044
2142240768,2145386496,2142240768,2125463552,2133852160,2151677952,2148532224,2133852160,2138832896,2141978624,2727664044
2126512128,2147483648,2145386496,2135949312,2132803584,2149580800,2149580800,2130706432,2138832896,2140667904,2727680065
2125463552,2157969408,2154823680,2140143616,2128609280,2147483648,2144337920,2126512128,2144600064,2136735744,2727696066
2130706432,2152726528,2150629376,2127560704,2125463552,2144337920,2141192192,2122317824,2140405760,2133327872,2727712066
2130706432,2157969408,2144337920,2123366400,2127560704,2144337920,2142240768,2122317824,2139095040,2134114304,2727728066
2129657856,2155872256,2146435072,2131755008,2130706432,2148532224,2145386496,2128609280,2140930048,2138308608,2727744088
2143289344,2138046464,2143289344,2121269248,2132803584,2151677952,2149580800,2132803584,2136473600,2141716480,2727760088
2147483648,2143289344,2144337920,2125463552,2133852160,2150629376,2149580800,2132803584,2140143616,2141716480,2727776089
2141192192,2143289344,2140143616,2122317824,2130706432,2147483648,2145386496,2126512128,2136735744,2137522176,2727792088
2136997888,2139095040,2136997888,2119172096,2126512128,2144337920,2141192192,2122317824,2133065728,2133590016,2727808110
2136997888,2136997888,2131755008,2113929216,2126512128,2143289344,2141192192,2121269248,2129920000,2133065728,2727825001
2132803584,2135949312,2136997888,2117074944,2129657856,2146435072,2145386496,2126512128,2130706432,2136997888,2727841001
2124414976,2147483648,2147483648,2127560704,2132803584,2150629376,2148532224,2132803584,2136735744,2141192192,2727857001
2141192192,2146435072,2142240768,2128609280,2133852160,2151677952,2149580800,2133852160,2139619328,2142240768,2727873001
2130706432,2159017984,2156920832,2138046464,2130706432,2148532224,2146435072,2128609280,2146172928,2138570752,2727889024
2125463552,2160066560,2155872256,2133852160,2127560704,2145386496,2142240768,2123366400,2143813632,2134638592,2727905024
2138046464,2138046464,2135949312,2116026368,2126512128,2143289344,2140143616,2121269248,2132017152,2132803584,2727921023
2133852160,2136997888,2134900736,2114977792,2129657856,2145386496,2143289344,2124414976,2130182144,2135687168,2727937023
2124414976,2162163712,2155872256,2146435072,2131755008,2149580800,2148532224,2131755008,2147221504,2140405760,2727953044
2140143616,2153775104,2155872256,2129657856,2133852160,2151677952,2149580800,2132803584,2144862208,2141978624,2727969046
2127560704,2145386496,2151677952,2129657856,2130706432,2150629376,2146435072,2130706432,2138570752,2139619328,2727985045
2124414976,2159017984,2157969408,2136997888,2127560704,2145386496,2142240768,2124414976,2144600064,2134900736,2728001047
2128609280,2135949312,2133852160,2116026368,2126512128,2143289344,2139095040,2120220672,2128609280,2132279296,2728017068
2123366400,2156920832,2154823680,2132803584,2128609280,2145386496,2142240768,2123366400,2141978624,2134900736,2728033067
2131755008,2143289344,2139095040,2122317824,2131755008,2149580800,2147483648,2129657856,2134114304,2139619328,2728049066
2131755008,2162163712,2154823680,2141192192,2132803584,2152726528,2149580800,2133852160,2147483648,2142240768,2728065068
2134900736,2144337920,2144337920,2128609280,2132803584,2149580800,2147483648,2130706432,2138046464,2140143616,2728081087
2124414976,2159017984,2156920832,2142240768,2129657856,2145386496,2143289344,2125463552,2145648640,2135949312,2728097088
2120220672,2155872256,2142240768,2139095040,2125463552,2143289344,2140143616,2121269248,2139357184,2132541440,2728113087
2131755008,2134900736,2132803584,2113929216,2127560704,2145386496,2142240768,2122317824,2128347136,2134376448,2728129089
2130706432,2154823680,2148532224,2133852160,2129657856,2149580800,2146435072,2129657856,2141978624,2138832896,2728145108
2126512128,2156920832,2159017984,2142240768,2133852160,2151677952,2150629376,2132803584,2146172928,2142240768,2728161111
2127560704,2152726528,2154823680,2140143616,2132803584,2150629376,2148532224,2132803584,2143813632,2141192192,2728178000
2141192192,2142240768,2146435072,2124414976,2129657856,2148532224,2145386496,2127560704,2138570752,2137784320,2728194001
2123366400,2150629376,2151677952,2132803584,2126512128,2143289344,2141192192,2121269248,2139619328,2133065728,2728210001
2122317824,2157969408,2147483648,2136997888,2126512128,2144337920,2141192192,2122317824,2141192192,2133590016,2728226022
2121269248,2141192192,2138046464,2121269248,2129657856,2147483648,2145386496,2127560704,2130444288,2137522176,2728242023
2132803584,2157969408,2155872256,2135949312,2132803584,2150629376,2148532224,2131755008,2145648640,2140930048,2728258023
2126512128,2155872256,2154823680,2141192192,2133852160,2150629376,2149580800,2132803584,2144600064,2141716480,2728274023
2133852160,2157969408,2155872256,2134900736,2129657856,2148532224,2145386496,2128609280,2145648640,2138046464,2728290047
2122317824,2160066560,2155872256,2134900736,2126512128,2145386496,2142240768,2123366400,2143289344,2134376448,2728306044
2136997888,2138046464,2140143616,2116026368,2125463552,2143289344,2139095040,2121269248,2132803584,2132279296,2728322045
2120220672,2152726528,2152726528,2131755008,2128609280,2146435072,2143289344,2126512128,2139357184,2136211456,2728338047
2124414976,2160066560,2159017984,2143289344,2131755008,2150629376,2149580800,2132803584,2146697216,2141192192,2728354068
2148532224,2142240768,2145386496,2126512128,2133852160,2151677952,2149580800,2132803584,2140667904,2141978624,2728370067
2126512128,2160066560,2143289344,2147483648,2130706432,2148532224,2146435072,2130706432,2144337920,2139095040,2728386067
2124414976,2157969408,2155872256,2133852160,2127560704,2145386496,2142240768,2124414976,2143027200,2134900736,2728402065
2119172096,2147483648,2134900736,2132803584,2126512128,2143289344,2141192192,2121269248,2133590016,2133065728,2728418090
2127560704,2138046464,2136997888,2117074944,2128609280,2146435072,2143289344,2124414976,2129920000,2135687168,2728434087
2134900736,2154823680,2151677952,2141192192,2130706432,2149580800,2148532224,2130706432,2145648640,2139881472,2728450088
2144337920,2151677952,2143289344,2129657856,2133852160,2151677952,2149580800,2133852160,2142240768,2142240768,2728466088
2125463552,2153775104,2157969408,2139095040,2132803584,2149580800,2147483648,2130706432,2144075776,2140143616,2728482110
2123366400,2147483648,2141192192,2129657856,2128609280,2146435072,2144337920,2125463552,2135425024,2136211456,2728498105
2136997888,2140143616,2136997888,2116026368,2126512128,2143289344,2141192192,2121269248,2132541440,2133065728,2728515001
2134900736,2153775104,2146435072,2128609280,2128609280,2145386496,2142240768,2123366400,2140930048,2134900736,2728531001
2125463552,2140143616,2140143616,2121269248,2130706432,2148532224,2146435072,2129657856,2131755008,2138832896,2728547001
2140143616,2151677952,2143289344,2133852160,2133852160,2151677952,2150629376,2133852160,2142240768,2142502912,2728563001
2126512128,2151677952,2147483648,2136997888,2131755008,2151677952,2148532224,2132803584,2140667904,2141192192,2728579023
2124414976,2145386496,2147483648,2128609280,2128609280,2147483648,2144337920,2126512128,2136473600,2136735744,2728595023
2120220672,2154823680,2152726528,2133852160,2125463552,2144337920,2140143616,2122317824,2140405760,2133065728,2728611022
2130706432,2151677952,2146435072,2124414976,2126512128,2144337920,2141192192,2122317824,2138308608,2133590016,2728627022
2129657856,2152726528,2150629376,2131755008,2129657856,2148532224,2145386496,2128609280,2141192192,2138046464,2728643044
2128609280,2157969408,2162163712,2140143616,2133852160,2150629376,2148532224,2132803584,2147221504,2141454336,2728659046
2131755008,2163212288,2160066560,2145386496,2132803584,2151677952,2150629376,2132803584,2150105088,2141978624,2728675045
2141192192,2144337920,2142240768,2126512128,2130706432,2147483648,2145386496,2127560704,2138570752,2137784320,2728691044
2136997888,2140143616,2136997888,2120220672,2127560704,2144337920,2141192192,2122317824,2133590016,2133852160,2728707068
2125463552,2135949312,2134900736,2114977792,2125463552,2143289344,2140143616,2121269248,2127822848,2132541440,2728723066
2132803584,2133852160,2134900736,2114977792,2128609280,2146435072,2144337920,2125463552,2129133568,2136211456,2728739066
2129657856,2144337920,2141192192,2126512128,2132803584,2150629376,2148532224,2131755008,2135425024,2140930048,2728755067
2125463552,2155872256,2155872256,2143289344,2133852160,2151677952,2149580800,2133852160,2145124352,2142240768,2728771088
2132803584,2149580800,2161115136,2125463552,2131755008,2148532224,2146435072,2129657856,2142240768,2139095040,2728787090
2133852160,2138046464,2139095040,2119172096,2127560704,2145386496,2142240768,2123366400,2132541440,2134638592,2728803089
2139095040,2134900736,2132803584,2112880640,2127560704,2143289344,2141192192,2121269248,2129920000,2133327872,2728819088
2123366400,2152726528,2157969408,2127560704,2128609280,2146435072,2144337920,2124414976,2140405760,2135949312,2728835108
2126512128,2162163712,2160066560,2135949312,2131755008,2149580800,2148532224,2130706432,2146172928,2140143616,2728852001
2126512128,2159017984,2159017984,2145386496,2134900736,2150629376,2149580800,2132803584,2147483648,2141978624,2728868001
2129657856,2163212288,2167406592,2141192192,2131755008,2149580800,2148532224,2130706432,2150367232,2140143616,2728884001
2124414976,2155872256,2157969408,2134900736,2127560704,2145386496,2143289344,2124414976,2143289344,2135162880,2728900001
2117074944,2156920832,2151677952,2133852160,2126512128,2143289344,2140143616,2121269248,2139881472,2132803584,2728916023
2122317824,2154823680,2152726528,2131755008,2127560704,2145386496,2142240768,2123366400,2140405760,2134638592,2728932024
2126512128,2159017984,2160066560,2136997888,2131755008,2148532224,2146435072,2128609280,2145648640,2138832896,2728948022
2129657856,2165309440,2163212288,2136997888,2132803584,2151677952,2150629376,2132803584,2148794368,2141978624,2728964023
2131755008,2166358016,2159017984,2143289344,2132803584,2149580800,2147483648,2131755008,2150105088,2140405760,2728980046
2131755008,2157969408,2150629376,2132803584,2129657856,2147483648,2144337920,2126512128,2143289344,2136997888,2728996045
2136997888,2148532224,2138046464,2125463552,2126512128,2144337920,2141192192,2122317824,2137260032,2133590016,2729012044
2130706432,2150629376,2143289344,2125463552,2127560704,2144337920,2141192192,2122317824,2137522176,2133852160,2729028046
2131755008,2135949312,2136997888,2116026368,2130706432,2148532224,2145386496,2128609280,2130182144,2138308608,2729044068
2139095040,2145386496,2141192192,2124414976,2133852160,2150629376,2149580800,2132803584,2137522176,2141716480,2729060067
2142240768,2146435072,2143289344,2129657856,2133852160,2151677952,2148532224,2133852160,2140405760,2141978624,2729076066
2143289344,2146435072,2146435072,2123366400,2130706432,2147483648,2145386496,2126512128,2139881472,2137522176,2729092067
