2123366400,2159017984,2156920832,2138046464,2129657856,2148532224,2146435072,2127560704,2144337920,2138046464,2730183088
2139095040,2143289344,2142240768,2119172096,2129657856,2147483648,2145386496,2127560704,2135949312,2137522176,2730199110
2122317824,2164260864,2151677952,2143289344,2130706432,2147483648,2144337920,2127560704,2145386496,2137522176,2730215109
2135949312,2146435072,2150629376,2121269248,2130706432,2147483648,2145386496,2127560704,2138570752,2137784320,2730232001
2124414976,2147483648,2140143616,2125463552,2129657856,2147483648,2144337920,2127560704,2134376448,2137260032,2730248001
2123366400,2145386496,2150629376,2128609280,2129657856,2148532224,2144337920,2127560704,2136997888,2137522176,2730264001
2122317824,2160066560,2157969408,2138046464,2128609280,2147483648,2145386496,2127560704,2144600064,2137260032,2730280023
2124414976,2147483648,2139095040,2129657856,2129657856,2148532224,2145386496,2127560704,2135162880,2137784320,2730296023
2122317824,2157969408,2147483648,2140143616,2129657856,2147483648,2145386496,2127560704,2141978624,2137522176,2730312023
2142240768,2139095040,2138046464,2118123520,2129657856,2147483648,2145386496,2128609280,2134376448,2137784320,2730328023
2123366400,2141192192,2141192192,2122317824,2129657856,2147483648,2145386496,2127560704,2132017152,2137522176,2730344045
2145386496,2139095040,2139095040,2119172096,2130706432,2147483648,2146435072,2127560704,2135687168,2138046464,2730360045
2122317824,2142240768,2147483648,2127560704,2128609280,2146435072,2142240768,2125463552,2134900736,2135687168,2730376046
2135949312,2136997888,2134900736,2116026368,2125463552,2142240768,2140143616,2120220672,2130968576,2132017152,2730392044
2124414976,2139095040,2132803584,2116026368,2127560704,2144337920,2140143616,2122317824,2128084992,2133590016,2730408067
2141192192,2139095040,2138046464,2117074944,2130706432,2149580800,2146435072,2129657856,2133852160,2139095040,2730424066
2126512128,2148532224,2155872256,2134900736,2133852160,2151677952,2150629376,2134900736,2141454336,2142765056,2730440067
2128609280,2171600896,2163212288,2146435072,2133852160,2151677952,2150629376,2133852160,2152464384,2142502912,2730456066
2126512128,2144337920,2141192192,2128609280,2129657856,2147483648,2144337920,2126512128,2135162880,2136997888,2730472087
2119172096,2141192192,2139095040,2122317824,2124414976,2143289344,2140143616,2121269248,2130444288,2132279296,2730488086
2119172096,2138046464,2138046464,2121269248,2126512128,2143289344,2140143616,2120220672,2129133568,2132541440,2730504087
2132803584,2139095040,2133852160,2116026368,2129657856,2146435072,2144337920,2126512128,2130444288,2136735744,2730520088
2139095040,2146435072,2146435072,2126512128,2132803584,2151677952,2149580800,2133852160,2139619328,2141978624,2730536109
2127560704,2157969408,2159017984,2143289344,2133852160,2152726528,2150629376,2134900736,2146959360,2143027200,2730552108
2126512128,2151677952,2152726528,2139095040,2130706432,2148532224,2146435072,2128609280,2142502912,2138570752,2730569001
2124414976,2154823680,2150629376,2132803584,2125463552,2143289344,2140143616,2121269248,2140667904,2132541440,2730585001
2135949312,2135949312,2133852160,2112880640,2125463552,2143289344,2140143616,2121269248,2129657856,2132541440,2730601001
2130706432,2150629376,2146435072,2122317824,2129657856,2146435072,2143289344,2125463552,2137522176,2136211456,2730617000
2124414976,2154823680,2148532224,2139095040,2132803584,2150629376,2148532224,2132803584,2141716480,2141192192,2730633022
2135949312,2145386496,2145386496,2129657856,2133852160,2152726528,2150629376,2134900736,2139095040,2143027200,2730649023
2127560704,2147483648,2145386496,2131755008,2130706432,2149580800,2147483648,2130706432,2138046464,2139619328,2730665024
2123366400,2156920832,2156920832,2134900736,2127560704,2144337920,2141192192,2122317824,2143027200,2133852160,2730681022
2138046464,2135949312,2131755008,2112880640,2126512128,2143289344,2139095040,2120220672,2129657856,2132279296,2730697045
2119172096,2147483648,2147483648,2126512128,2127560704,2145386496,2143289344,2123366400,2135162880,2134900736,2730713045
2141192192,2145386496,2139095040,2119172096,2131755008,2149580800,2148532224,2130706432,2136211456,2140143616,2730729046
2126512128,2155872256,2149580800,2141192192,2133852160,2152726528,2150629376,2134900736,2143289344,2143027200,2730745045
2135949312,2162163712,2156920832,2143289344,2132803584,2150629376,2149580800,2131755008,2149580800,2141192192,2730761065
2135949312,2139095040,2139095040,2119172096,2129657856,2145386496,2143289344,2124414976,2133327872,2135687168,2730777067
2118123520,2154823680,2148532224,2131755008,2125463552,2143289344,2140143616,2120220672,2138308608,2132279296,2730793066
2119172096,2147483648,2147483648,2130706432,2127560704,2144337920,2142240768,2122317824,2136211456,2134114304,2730809064
2139095040,2146435072,2135949312,2119172096,2130706432,2149580800,2147483648,2129657856,2135162880,2139357184,2730825089
2125463552,2153775104,2144337920,2143289344,2133852160,2152726528,2149580800,2134900736,2141716480,2142765056,2730841089
2127560704,2166358016,2159017984,2147483648,2133852160,2151677952,2148532224,2133852160,2150105088,2141978624,2730857090
2123366400,2147483648,2143289344,2127560704,2129657856,2147483648,2145386496,2126512128,2135425024,2137260032,2730873087
2117074944,2150629376,2136997888,2131755008,2125463552,2144337920,2140143616,2121269248,2134114304,2132803584,2730889110
2118123520,2138046464,2134900736,2120220672,2126512128,2143289344,2140143616,2122317824,2127822848,2133065728,2730906001
2131755008,2153775104,2146435072,2128609280,2129657856,2148532224,2146435072,2128609280,2140143616,2138308608,2730922001
2131755008,2152726528,2159017984,2128609280,2132803584,2152726528,2150629376,2134900736,2143027200,2142765056,2730938001
2127560704,2151677952,2156920832,2139095040,2133852160,2152726528,2150629376,2134900736,2143813632,2143027200,2730954001
2134900736,2143289344,2143289344,2123366400,2130706432,2147483648,2146435072,2127560704,2136211456,2138046464,2730970024
2120220672,2154823680,2149580800,2138046464,2126512128,2144337920,2141192192,2121269248,2140667904,2133327872,2730986023
2131755008,2132803584,2132803584,2110783488,2125463552,2143289344,2140143616,2120220672,2127036416,2132279296,2731002023
2140143616,2138046464,2133852160,2118123520,2129657856,2146435072,2144337920,2125463552,2132541440,2136473600,2731018023
2123366400,2153775104,2151677952,2139095040,2133852160,2151677952,2149580800,2131755008,2141978624,2141716480,2731034044
2126512128,2147483648,2149580800,2133852160,2133852160,2150629376,2150629376,2133852160,2139357184,2142240768,2731050047
2130706432,2157969408,2160066560,2143289344,2130706432,2149580800,2148532224,2130706432,2148007936,2139881472,2731066044
2138046464,2146435072,2135949312,2121269248,2127560704,2144337920,2142240768,2122317824,2135425024,2134114304,2731082045
2131755008,2136997888,2132803584,2116026368,2126512128,2141192192,2139095040,2119172096,2129395712,2131492864,2731098066
2124414976,2152726528,2150629376,2125463552,2128609280,2145386496,2142240768,2123366400,2138308608,2134900736,2731114066
2135949312,2141192192,2139095040,2121269248,2132803584,2149580800,2147483648,2130706432,2134376448,2140143616,2731130065
2144337920,2146435072,2145386496,2129657856,2134900736,2151677952,2150629376,2133852160,2141454336,2142765056,2731146066
2134900736,2162163712,2161115136,2140143616,2131755008,2150629376,2147483648,2131755008,2149580800,2140405760,2731162086
2123366400,2156920832,2154823680,2140143616,2128609280,2144337920,2142240768,2123366400,2143813632,2134638592,2731178088
2135949312,2135949312,2131755008,2112880640,2125463552,2144337920,2140143616,2120220672,2129133568,2132541440,2731194086
2126512128,2138046464,2135949312,2116026368,2127560704,2144337920,2142240768,2122317824,2129133568,2134114304,2731210086
2135949312,2146435072,2146435072,2120220672,2131755008,2148532224,2147483648,2128609280,2137260032,2139095040,2731226108
2127560704,2147483648,2145386496,2130706432,2133852160,2152726528,2150629376,2134900736,2137784320,2143027200,2731242109
2127560704,2157969408,2164260864,2144337920,2132803584,2150629376,2148532224,2132803584,2148532224,2141192192,2731259001
2130706432,2161115136,2156920832,2138046464,2128609280,2146435072,2144337920,2126512128,2146697216,2136473600,2731275001
2121269248,2141192192,2141192192,2122317824,2125463552,2143289344,2140143616,2120220672,2131492864,2132279296,2731291001
2128609280,2135949312,2133852160,2112880640,2126512128,2144337920,2141192192,2122317824,2127822848,2133590016,2731307024
2132803584,2139095040,2136997888,2120220672,2130706432,2147483648,2146435072,2127560704,2132279296,2138046464,2731323024
2127560704,2149580800,2141192192,2138046464,2133852160,2152726528,2150629376,2134900736,2139095040,2143027200,2731339023
2142240768,2154823680,2146435072,2135949312,2133852160,2151677952,2149580800,2133852160,2144862208,2142240768,2731355024
2124414976,2154823680,2152726528,2142240768,2129657856,2147483648,2145386496,2127560704,2143551488,2137522176,2731371045
2122317824,2147483648,2152726528,2130706432,2126512128,2143289344,2141192192,2121269248,2138308608,2133065728,2731387046
2125463552,2147483648,2150629376,2125463552,2126512128,2143289344,2139095040,2120220672,2137260032,2132279296,2731403045
2132803584,2135949312,2134900736,2114977792,2129657856,2147483648,2144337920,2126512128,2129657856,2136997888,2731419047
2133852160,2153775104,2152726528,2133852160,2133852160,2151677952,2149580800,2132803584,2143551488,2141978624,2731435067
2146435072,2146435072,2145386496,2128609280,2134900736,2152726528,2149580800,2134900736,2141716480,2143027200,2731451066
2141192192,2154823680,2144337920,2135949312,2131755008,2148532224,2146435072,2128609280,2144075776,2138832896,2731467067
2134900736,2138046464,2135949312,2120220672,2126512128,2144337920,2141192192,2122317824,2132279296,2133590016,2731483069
2119172096,2147483648,2142240768,2132803584,2126512128,2142240768,2140143616,2120220672,2135425024,2132279296,2731499088
2122317824,2154823680,2154823680,2131755008,2128609280,2145386496,2143289344,2125463552,2140930048,2135687168,2731515086
2133852160,2144337920,2141192192,2124414976,2132803584,2150629376,2148532224,2131755008,2135949312,2140930048,2731531087
2132803584,2165309440,2163212288,2143289344,2133852160,2152726528,2150629376,2134900736,2151153664,2143027200,2731547087
2144337920,2142240768,2143289344,2125463552,2132803584,2149580800,2147483648,2130706432,2138832896,2140143616,2731563109
2129657856,2141192192,2140143616,2122317824,2127560704,2144337920,2143289344,2123366400,2133327872,2134638592,2731579108
2119172096,2139095040,2136997888,2118123520,2125463552,2142240768,2139095040,2120220672,2128347136,2131755008,2731596001
2121269248,2136997888,2135949312,2116026368,2127560704,2145386496,2142240768,2123366400,2127560704,2134638592,2731612001
2125463552,2141192192,2143289344,2125463552,2130706432,2150629376,2148532224,2130706432,2133852160,2140143616,2731628001
2139095040,2156920832,2154823680,2138046464,2134900736,2152726528,2151677952,2134900736,2147221504,2143551488,2731644001
2142240768,2144337920,2142240768,2126512128,2132803584,2149580800,2148532224,2131755008,2138832896,2140667904,2731660023
2132803584,2154823680,2152726528,2127560704,2129657856,2146435072,2143289344,2124414976,2141978624,2135949312,2731676023
2126512128,2152726528,2146435072,2127560704,2125463552,2143289344,2139095040,2121269248,2138308608,2132279296,2731692023
2140143616,2138046464,2135949312,2114977792,2127560704,2143289344,2141192192,2121269248,2132279296,2133327872,2731708023
2135949312,2141192192,2135949312,2118123520,2130706432,2148532224,2145386496,2129657856,2132803584,2138570752,2731724045
2138046464,2156920832,2154823680,2134900736,2133852160,2152726528,2150629376,2133852160,2146172928,2142765056,2731740045
2139095040,2146435072,2146435072,2127560704,2133852160,2150629376,2150629376,2132803584,2139881472,2141978624,2731756046
2127560704,2145386496,2147483648,2126512128,2129657856,2148532224,2144337920,2127560704,2136735744,2137522176,2731772045
2138046464,2136997888,2134900736,2113929216,2127560704,2143289344,2140143616,2120220672,2130968576,2132803584,2731788067
2134900736,2144337920,2141192192,2118123520,2126512128,2143289344,2140143616,2121269248,2134638592,2132803584,2731804068
2121269248,2142240768,2139095040,2125463552,2129657856,2147483648,2145386496,2127560704,2132017152,2137522176,2731820068
2136997888,2146435072,2141192192,2126512128,2132803584,2151677952,2149580800,2133852160,2137784320,2141978624,2731836066
2145386496,2146435072,2144337920,2129657856,2133852160,2152726528,2150629376,2133852160,2141454336,2142765056,2731852087
2126512128,2166358016,2155872256,2143289344,2130706432,2148532224,2146435072,2128609280,2148007936,2138570752,2731868089
2124414976,2154823680,2153775104,2136997888,2126512128,2144337920,2141192192,2121269248,2142502912,2133327872,2731884088
2138046464,2132803584,2134900736,2110783488,2125463552,2143289344,2141192192,2120220672,2129133568,2132541440,2731900085
2123366400,2152726528,2148532224,2134900736,2128609280,2146435072,2144337920,2125463552,2139881472,2136211456,2731916107
2133852160,2141192192,2140143616,2122317824,2132803584,2150629376,2149580800,2131755008,2134376448,2141192192,2731933001
2140143616,2156920832,2154823680,2141192192,2134900736,2151677952,2151677952,2134900736,2148270080,2143289344,2731949001
2141192192,2143289344,2142240768,2123366400,2130706432,2149580800,2146435072,2130706432,2137522176,2139357184,2731965001
2129657856,2138046464,2139095040,2120220672,2127560704,2144337920,2142240768,2122317824,2131755008,2134114304,2731981001
2119172096,2151677952,2145386496,2130706432,2125463552,2143289344,2139095040,2120220672,2136735744,2132017152,2731997025
2135949312,2133852160,2132803584,2114977792,2128609280,2145386496,2143289344,2124414976,2129395712,2135425024,2732013023
2141192192,2150629376,2139095040,2129657856,2132803584,2149580800,2148532224,2130706432,2140143616,2140405760,2732029022
2126512128,2151677952,2147483648,2139095040,2134900736,2151677952,2149580800,2133852160,2141192192,2142502912,2732045024
2136997888,2156920832,2153775104,2130706432,2131755008,2150629376,2148532224,2131755008,2144600064,2140667904,2732061045
2139095040,2150629376,2150629376,2128609280,2128609280,2145386496,2142240768,2124414976,2142240768,2135162880,2732077046
2127560704,2155872256,2149580800,2126512128,2126512128,2143289344,2140143616,2119172096,2139881472,2132279296,2732093045
2128609280,2151677952,2146435072,2125463552,2126512128,2145386496,2141192192,2123366400,2138046464,2134114304,2732109046
2124414976,2148532224,2151677952,2131755008,2130706432,2148532224,2147483648,2128609280,2139095040,2138832896,2732125067
2135949312,2145386496,2147483648,2126512128,2133852160,2151677952,2149580800,2134900736,2138832896,2142502912,2732141067
2139095040,2153775104,2153775104,2131755008,2132803584,2150629376,2149580800,2133852160,2144600064,2141716480,2732157066
2138046464,2143289344,2139095040,2122317824,2129657856,2147483648,2145386496,2126512128,2135687168,2137260032,2732173069
2139095040,2144337920,2145386496,2118123520,2127560704,2143289344,2139095040,2120220672,2136735744,2132541440,2732189090
2132803584,2146435072,2132803584,2118123520,2126512128,2144337920,2140143616,2121269248,2132541440,2133065728,2732205088
2122317824,2152726528,2147483648,2135949312,2129657856,2146435072,2145386496,2127560704,2139619328,2137260032,2732221085
2127560704,2142240768,2144337920,2125463552,2133852160,2150629376,2149580800,2133852160,2134900736,2141978624,2732237088
2132803584,2161115136,2160066560,2140143616,2132803584,2151677952,2150629376,2133852160,2148532224,2142240768,2732253111
2125463552,2163212288,2155872256,2146435072,2130706432,2148532224,2146435072,2128609280,2147745792,2138570752,2732269109
2129657856,2157969408,2151677952,2132803584,2126512128,2144337920,2141192192,2121269248,2143027200,2133327872,2732286001
2114977792,2150629376,2147483648,2131755008,2126512128,2142240768,2140143616,2120220672,2136211456,2132279296,2732302001
2119172096,2147483648,2143289344,2127560704,2129657856,2146435072,2144337920,2126512128,2134376448,2136735744,2732318001
2127560704,2160066560,2163212288,2143289344,2132803584,2151677952,2149580800,2133852160,2148532224,2141978624,2732334023
2131755008,2163212288,2162163712,2146435072,2133852160,2151677952,2149580800,2133852160,2150891520,2142240768,2732350023
2127560704,2149580800,2142240768,2134900736,2130706432,2149580800,2147483648,2130706432,2138570752,2139619328,2732366024
2130706432,2155872256,2148532224,2129657856,2127560704,2144337920,2141192192,2122317824,2141192192,2133852160,2732382024
2117074944,2156920832,2143289344,2129657856,2125463552,2142240768,2139095040,2120220672,2136735744,2131755008,2732398047
2119172096,2143289344,2149580800,2122317824,2128609280,2145386496,2143289344,2124414976,2133590016,2135425024,2732414043
2122317824,2155872256,2150629376,2138046464,2131755008,2150629376,2148532224,2131755008,2141716480,2140667904,2732430046
2128609280,2147483648,2145386496,2131755008,2133852160,2152726528,2150629376,2135949312,2138308608,2143289344,2732446045
2127560704,2160066560,2150629376,2147483648,2132803584,2149580800,2148532224,2130706432,2146435072,2140405760,2732462067
2128609280,2138046464,2140143616,2120220672,2127560704,2146435072,2142240768,2124414976,2131755008,2135162880,2732478065
2125463552,2148532224,2146435072,2121269248,2125463552,2143289344,2139095040,2120220672,2135425024,2132017152,2732494068
2132803584,2148532224,2140143616,2126512128,2126512128,2145386496,2141192192,2123366400,2136997888,2134114304,2732510067
2142240768,2138046464,2136997888,2120220672,2131755008,2148532224,2146435072,2129657856,2134376448,2139095040,2732526088
2145386496,2145386496,2143289344,2127560704,2134900736,2151677952,2150629376,2133852160,2140405760,2142765056,2732542088
2132803584,2160066560,2156920832,2140143616,2133852160,2151677952,2149580800,2133852160,2147483648,2142240768,2732558088
2125463552,2150629376,2157969408,2138046464,2129657856,2146435072,2144337920,2125463552,2143027200,2136473600,2732574087
2134900736,2150629376,2144337920,2126512128,2125463552,2144337920,2140143616,2120220672,2139095040,2132541440,2732590109
2122317824,2139095040,2130706432,2118123520,2126512128,2143289344,2140143616,2120220672,2127560704,2132541440,2732606107
2128609280,2153775104,2152726528,2129657856,2130706432,2148532224,2146435072,2128609280,2141192192,2138570752,2732623001
2144337920,2141192192,2142240768,2122317824,2133852160,2151677952,2149580800,2134900736,2137522176,2142502912,2732639001
2125463552,2155872256,2147483648,2143289344,2133852160,2152726528,2149580800,2133852160,2143027200,2142502912,2732655001
2132803584,2159017984,2154823680,2138046464,2129657856,2147483648,2145386496,2127560704,2146172928,2137522176,2732671001
2119172096,2154823680,2143289344,2135949312,2126512128,2144337920,2140143616,2122317824,2138308608,2133327872,2732687024
2134900736,2140143616,2133852160,2113929216,2125463552,2144337920,2141192192,2121269248,2130706432,2133065728,2732703022
2121269248,2156920832,2151677952,2134900736,2129657856,2147483648,2144337920,2126512128,2141192192,2136997888,2732719023
2125463552,2162163712,2156920832,2145386496,2133852160,2151677952,2148532224,2133852160,2147483648,2141978624,2732735024
2143289344,2155872256,2155872256,2129657856,2133852160,2151677952,2150629376,2133852160,2146172928,2142502912,2732751045
2140143616,2154823680,2155872256,2125463552,2131755008,2148532224,2146435072,2127560704,2144075776,2138570752,2732767045
2122317824,2141192192,2147483648,2128609280,2126512128,2145386496,2141192192,2123366400,2134900736,2134114304,2732783045
2120220672,2153775104,2151677952,2127560704,2125463552,2143289344,2140143616,2120220672,2138308608,2132279296,2732799044
2122317824,2152726528,2150629376,2133852160,2127560704,2145386496,2142240768,2124414976,2139881472,2134900736,2732815067
2138046464,2142240768,2140143616,2121269248,2133852160,2149580800,2148532224,2130706432,2135425024,2140667904,2732831066
2142240768,2154823680,2142240768,2127560704,2133852160,2152726528,2150629376,2134900736,2141716480,2143027200,2732847068
2127560704,2147483648,2144337920,2131755008,2131755008,2149580800,2148532224,2131755008,2137784320,2140405760,2732863068
2140143616,2142240768,2142240768,2123366400,2128609280,2144337920,2142240768,2124414976,2136997888,2134900736,2732879088
2130706432,2144337920,2142240768,2121269248,2126512128,2142240768,2139095040,2121269248,2134638592,2132279296,2732895090
2138046464,2135949312,2133852160,2112880640,2127560704,2145386496,2142240768,2123366400,2130182144,2134638592,2732911087
2127560704,2152726528,2153775104,2128609280,2131755008,2149580800,2147483648,2130706432,2140667904,2139881472,2732927088
2127560704,2150629376,2155872256,2139095040,2134900736,2151677952,2150629376,2134900736,2143289344,2143027200,2732943112
2139095040,2156920832,2150629376,2141192192,2132803584,2150629376,2148532224,2132803584,2146959360,2141192192,2732960001
2122317824,2147483648,2144337920,2130706432,2128609280,2146435072,2143289344,2124414976,2136211456,2135687168,2732976001
2129657856,2136997888,2132803584,2116026368,2125463552,2143289344,2139095040,2120220672,2128871424,2132017152,2732992001
2130706432,2148532224,2146435072,2125463552,2127560704,2144337920,2141192192,2121269248,2137784320,2133590016,2733008001
2126512128,2156920832,2153775104,2130706432,2130706432,2148532224,2146435072,2128609280,2141978624,2138570752,2733024023
2126512128,2159017984,2147483648,2147483648,2133852160,2151677952,2149580800,2133852160,2145124352,2142240768,2733040023
2131755008,2147483648,2145386496,2132803584,2132803584,2151677952,2149580800,2133852160,2139357184,2141978624,2733056024
2131755008,2160066560,2152726528,2135949312,2129657856,2147483648,2145386496,2126512128,2145124352,2137260032,2733072023
2122317824,2143289344,2142240768,2126512128,2126512128,2143289344,2140143616,2121269248,2133590016,2132803584,2733088046
2118123520,2149580800,2143289344,2129657856,2127560704,2143289344,2140143616,2121269248,2135162880,2133065728,2733104047
2122317824,2143289344,2134900736,2124414976,2129657856,2147483648,2144337920,2126512128,2131230720,2136997888,2733120045
2135949312,2154823680,2155872256,2127560704,2132803584,2151677952,2148532224,2133852160,2143551488,2141716480,2733136046
2127560704,2163212288,2162163712,2146435072,2132803584,2152726528,2150629376,2134900736,2149842944,2142765056,2733152067
2125463552,2144337920,2145386496,2129657856,2131755008,2148532224,2145386496,2128609280,2136211456,2138570752,2733168068
2120220672,2154823680,2149580800,2133852160,2126512128,2144337920,2141192192,2122317824,2139619328,2133590016,2733184065
2117074944,2150629376,2145386496,2130706432,2126512128,2142240768,2139095040,2120220672,2135949312,2132017152,2733200067
2120220672,2147483648,2138046464,2127560704,2128609280,2146435072,2143289344,2124414976,2133327872,2135687168,2733216086
2136997888,2146435072,2151677952,2126512128,2132803584,2151677952,2149580800,2132803584,2140405760,2141716480,2733232088
2129657856,2147483648,2140143616,2131755008,2133852160,2151677952,2150629376,2134900736,2137260032,2142765056,2733248087
2140143616,2144337920,2145386496,2126512128,2131755008,2149580800,2146435072,2130706432,2139095040,2139619328,2733264088
2140143616,2138046464,2136997888,2119172096,2127560704,2146435072,2142240768,2124414976,2133590016,2135162880,2733280109
2126512128,2152726528,2146435072,2125463552,2126512128,2143289344,2139095040,2120220672,2137784320,2132279296,2733296110
2133852160,2146435072,2145386496,2117074944,2127560704,2145386496,2143289344,2123366400,2135687168,2134900736,2733313001
2132803584,2146435072,2149580800,2123366400,2132803584,2149580800,2147483648,2130706432,2138046464,2140143616,2733329001
2135949312,2146435072,2159017984,2130706432,2133852160,2152726528,2150629376,2135949312,2143027200,2143289344,2733345001
2127560704,2164260864,2164260864,2140143616,2132803584,2150629376,2148532224,2131755008,2149056512,2140930048,2733361024
2125463552,2145386496,2139095040,2127560704,2127560704,2145386496,2142240768,2124414976,2134376448,2134900736,2733377022
2127560704,2136997888,2130706432,2114977792,2125463552,2143289344,2139095040,2121269248,2127560704,2132279296,2733393023
2122317824,2152726528,2150629376,2131755008,2127560704,2144337920,2142240768,2122317824,2139357184,2134114304,2733409024
2135949312,2138046464,2136997888,2120220672,2131755008,2147483648,2146435072,2128609280,2132803584,2138570752,2733425046
2139095040,2154823680,2153775104,2133852160,2134900736,2151677952,2149580800,2133852160,2145386496,2142502912,2733441044
2139095040,2150629376,2146435072,2130706432,2133852160,2151677952,2149580800,2132803584,2141716480,2141978624,2733457045
2138046464,2142240768,2140143616,2124414976,2129657856,2147483648,2144337920,2126512128,2136211456,2136997888,2733473045
2132803584,2136997888,2138046464,2116026368,2126512128,2143289344,2140143616,2120220672,2130968576,2132541440,2733489066
2127560704,2135949312,2133852160,2112880640,2126512128,2143289344,2140143616,2120220672,2127560704,2132541440,2733505064
2120220672,2156920832,2152726528,2136997888,2129657856,2148532224,2145386496,2127560704,2141716480,2137784320,2733521068
2141192192,2144337920,2141192192,2126512128,2133852160,2151677952,2150629376,2133852160,2138308608,2142502912,2733537066
2142240768,2142240768,2143289344,2125463552,2133852160,2152726528,2149580800,2133852160,2138308608,2142502912,2733553091
2141192192,2146435072,2140143616,2126512128,2129657856,2148532224,2146435072,2128609280,2138570752,2138308608,2733569087
2129657856,2138046464,2133852160,2117074944,2126512128,2144337920,2141192192,2121269248,2129657856,2133327872,2733585088
2133852160,2133852160,2132803584,2112880640,2127560704,2142240768,2139095040,2120220672,2128347136,2132279296,2733601089
2130706432,2152726528,2152726528,2129657856,2128609280,2146435072,2143289344,2125463552,2141454336,2135949312,2733617111
2139095040,2140143616,2139095040,2123366400,2132803584,2150629376,2148532224,2131755008,2135425024,2140930048,2733633108
2139095040,2154823680,2160066560,2129657856,2133852160,2152726528,2150629376,2134900736,2145910784,2143027200,2733650001
2128609280,2163212288,2157969408,2140143616,2131755008,2149580800,2146435072,2129657856,2147483648,2139357184,2733666001
2122317824,2145386496,2139095040,2127560704,2126512128,2144337920,2141192192,2122317824,2133590016,2133590016,2733682001
2132803584,2144337920,2141192192,2119172096,2126512128,2142240768,2139095040,2119172096,2134376448,2131755008,2733698001
2131755008,2139095040,2133852160,2113929216,2127560704,2145386496,2142240768,2124414976,2129657856,2134900736,2733714023
2128609280,2140143616,2143289344,2123366400,2132803584,2149580800,2147483648,2131755008,2133852160,2140405760,2733730023
2126512128,2160066560,2160066560,2147483648,2134900736,2152726528,2151677952,2135949312,2148532224,2143813632,2733746024
2139095040,2147483648,2153775104,2126512128,2131755008,2150629376,2148532224,2131755008,2141716480,2140667904,2733762022
2123366400,2156920832,2154823680,2138046464,2127560704,2146435072,2143289344,2124414976,2143289344,2135425024,2733778046
2120220672,2143289344,2148532224,2123366400,2125463552,2143289344,2140143616,2120220672,2133852160,2132279296,2733794045
2119172096,2145386496,2139095040,2126512128,2126512128,2145386496,2142240768,2123366400,2132541440,2134376448,2733810045
2138046464,2146435072,2140143616,2119172096,2131755008,2149580800,2146435072,2129657856,2135949312,2139357184,2733826044
2139095040,2145386496,2142240768,2127560704,2133852160,2152726528,2149580800,2135949312,2138570752,2143027200,2733842067
2141192192,2159017984,2154823680,2133852160,2133852160,2150629376,2148532224,2131755008,2147221504,2141192192,2733858068
2133852160,2139095040,2139095040,2121269248,2129657856,2145386496,2143289344,2125463552,2133327872,2135949312,2733874069
2130706432,2150629376,2146435072,2123366400,2125463552,2144337920,2141192192,2121269248,2137784320,2133065728,2733890065
2124414976,2155872256,2154823680,2128609280,2125463552,2143289344,2141192192,2121269248,2140930048,2132803584,2733906086
2124414976,2148532224,2150629376,2131755008,2129657856,2148532224,2145386496,2128609280,2138832896,2138046464,2733922090
2131755008,2146435072,2140143616,2128609280,2132803584,2151677952,2149580800,2132803584,2136735744,2141716480,2733938089
2130706432,2166358016,2161115136,2145386496,2133852160,2151677952,2149580800,2133852160,2150891520,2142240768,2733954084
2133852160,2146435072,2152726528,2126512128,2129657856,2148532224,2145386496,2128609280,2139881472,2138046464,2733970109
2132803584,2150629376,2148532224,2117074944,2125463552,2144337920,2140143616,2121269248,2137260032,2132803584,2733987001
2116026368,2147483648,2141192192,2126512128,2125463552,2143289344,2140143616,2121269248,2132803584,2132541440,2734003001
2126512128,2152726528,2152726528,2132803584,2129657856,2147483648,2145386496,2126512128,2141192192,2137260032,2734019001
2125463552,2156920832,2150629376,2142240768,2132803584,2151677952,2148532224,2132803584,2143813632,2141454336,2734035001
2147483648,2145386496,2150629376,2125463552,2133852160,2152726528,2150629376,2133852160,2142240768,2142765056,2734051024
2143289344,2145386496,2144337920,2128609280,2131755008,2147483648,2146435072,2128609280,2140405760,2138570752,2734067022
2121269248,2147483648,2140143616,2129657856,2126512128,2144337920,2141192192,2122317824,2134638592,2133590016,2734083023
2127560704,2134900736,2134900736,2110783488,2125463552,2143289344,2140143616,2120220672,2127036416,2132279296,2734099024
2123366400,2154823680,2146435072,2124414976,2127560704,2146435072,2143289344,2124414976,2137260032,2135425024,2734115046
2140143616,2140143616,2140143616,2121269248,2132803584,2149580800,2148532224,2130706432,2135425024,2140405760,2734131045
2128609280,2147483648,2148532224,2130706432,2133852160,2152726528,2150629376,2134900736,2138832896,2143027200,2734147045
2144337920,2143289344,2143289344,2126512128,2132803584,2149580800,2146435072,2130706432,2139357184,2139881472,2734163045
2139095040,2141192192,2136997888,2122317824,2126512128,2146435072,2143289344,2124414976,2134900736,2135162880,2734179068
2127560704,2135949312,2135949312,2113929216,2125463552,2143289344,2140143616,2120220672,2128347136,2132279296,2734195066
2119172096,2139095040,2141192192,2118123520,2127560704,2144337920,2142240768,2123366400,2129395712,2134376448,2734211065
2141192192,2139095040,2135949312,2119172096,2131755008,2148532224,2146435072,2130706432,2133852160,2139357184,2734227067
2139095040,2147483648,2144337920,2126512128,2133852160,2152726528,2149580800,2134900736,2139357184,2142765056,2734243090
2138046464,2147483648,2144337920,2127560704,2132803584,2149580800,2149580800,2131755008,2139357184,2140930048,2734259089
2127560704,2143289344,2146435072,2124414976,2128609280,2146435072,2143289344,2125463552,2135425024,2135949312,2734275088
2136997888,2138046464,2131755008,2114977792,2126512128,2143289344,2139095040,2120220672,2130444288,2132279296,2734291089
2118123520,2157969408,2149580800,2133852160,2125463552,2144337920,2141192192,2122317824,2139881472,2133327872,2734307109
2128609280,2154823680,2149580800,2129657856,2129657856,2148532224,2145386496,2128609280,2140667904,2138046464,2734323110
2123366400,2159017984,2149580800,2147483648,2133852160,2152726528,2150629376,2134900736,2144862208,2143027200,2734340001
2147483648,2146435072,2154823680,2125463552,2132803584,2151677952,2149580800,2133852160,2143551488,2141978624,2734356001
2132803584,2144337920,2139095040,2124414976,2129657856,2146435072,2144337920,2126512128,2135162880,2136735744,2734372001
2122317824,2160066560,2156920832,2130706432,2125463552,2143289344,2139095040,2121269248,2142502912,2132279296,2734388022
2118123520,2138046464,2133852160,2121269248,2127560704,2143289344,2139095040,2120220672,2127822848,2132541440,2734404022
2123366400,2157969408,2156920832,2136997888,2129657856,2147483648,2146435072,2127560704,2143813632,2137784320,2734420024
2130706432,2152726528,2159017984,2128609280,2132803584,2152726528,2150629376,2133852160,2142765056,2142502912,2734436024
2147483648,2154823680,2144337920,2131755008,2134900736,2151677952,2149580800,2133852160,2144600064,2142502912,2734452045
2127560704,2163212288,2162163712,2142240768,2130706432,2148532224,2146435072,2128609280,2148794368,2138570752,2734468045
2139095040,2141192192,2136997888,2120220672,2127560704,2143289344,2141192192,2121269248,2134376448,2133327872,2734484044
2118123520,2139095040,2132803584,2118123520,2126512128,2143289344,2139095040,2120220672,2127036416,2132279296,2734500047
2133852160,2138046464,2134900736,2118123520,2128609280,2146435072,2144337920,2125463552,2131230720,2136211456,2734516066
2135949312,2140143616,2140143616,2121269248,2132803584,2150629376,2148532224,2131755008,2134376448,2140930048,2734532066
2130706432,2164260864,2168455168,2142240768,2134900736,2151677952,2150629376,2133852160,2151415808,2142765056,2734548068
2127560704,2151677952,2160066560,2138046464,2131755008,2148532224,2146435072,2130706432,2144337920,2139357184,2734564066
2125463552,2139095040,2136997888,2121269248,2127560704,2145386496,2142240768,2123366400,2130706432,2134638592,2734580088
2117074944,2151677952,2138046464,2136997888,2125463552,2143289344,2139095040,2120220672,2135949312,2132017152,2734596085
2118123520,2143289344,2134900736,2122317824,2126512128,2145386496,2142240768,2124414976,2129657856,2134638592,2734612088
2139095040,2153775104,2146435072,2129657856,2132803584,2150629376,2147483648,2131755008,2142240768,2140667904,2734628090
2133852160,2163212288,2155872256,2139095040,2134900736,2151677952,2150629376,2133852160,2148007936,2142765056,2734644109
2129657856,2146435072,2147483648,2130706432,2132803584,2149580800,2148532224,2131755008,2138570752,2140667904,2734660108
2135949312,2155872256,2146435072,2130706432,2128609280,2146435072,2142240768,2124414976,2142240768,2135425024,2734677001
2117074944,2155872256,2148532224,2134900736,2125463552,2144337920,2140143616,2121269248,2139095040,2132803584,2734693001
2128609280,2136997888,2136997888,2116026368,2127560704,2144337920,2141192192,2122317824,2129657856,2133852160,2734709001
2132803584,2141192192,2136997888,2122317824,2130706432,2148532224,2146435072,2128609280,2133327872,2138570752,2734725001
2133852160,2145386496,2143289344,2130706432,2133852160,2151677952,2150629376,2134900736,2138308608,2142765056,2734741024
2128609280,2157969408,2162163712,2143289344,2132803584,2150629376,2149580800,2132803584,2148007936,2141454336,2734757023
2124414976,2145386496,2150629376,2129657856,2130706432,2146435072,2144337920,2126512128,2137522176,2136997888,2734773025
2120220672,2138046464,2144337920,2121269248,2126512128,2142240768,2140143616,2120220672,2130968576,2132279296,2734789022
2121269248,2153775104,2149580800,2130706432,2126512128,2144337920,2140143616,2121269248,2138832896,2133065728,2734805046
2123366400,2157969408,2152726528,2138046464,2130706432,2148532224,2145386496,2127560704,2143027200,2138046464,2734821045
2125463552,2161115136,2161115136,2143289344,2134900736,2151677952,2150629376,2133852160,2147745792,2142765056,2734837046
2127560704,2159017984,2156920832,2147483648,2133852160,2151677952,2149580800,2133852160,2147745792,2142240768,2734853044
2125463552,2147483648,2139095040,2130706432,2130706432,2148532224,2146435072,2128609280,2135687168,2138570752,2734869066
2129657856,2141192192,2134900736,2118123520,2126512128,2143289344,2141192192,2121269248,2130968576,2133065728,2734885067
2133852160,2138046464,2130706432,2114977792,2126512128,2142240768,2139095040,2120220672,2129395712,2132017152,2734901067
2127560704,2154823680,2146435072,2129657856,2129657856,2146435072,2143289344,2125463552,2139619328,2136211456,2734917067
2127560704,2159017984,2159017984,2139095040,2132803584,2151677952,2149580800,2132803584,2146172928,2141716480,2734933090
2127560704,2147483648,2150629376,2131755008,2134900736,2151677952,2150629376,2133852160,2139357184,2142765056,2734949089
2139095040,2151677952,2151677952,2129657856,2132803584,2148532224,2147483648,2128609280,2143027200,2139357184,2734965089
2134900736,2135949312,2136997888,2117074944,2127560704,2144337920,2142240768,2123366400,2131230720,2134376448,2734981086
2120220672,2139095040,2136997888,2118123520,2125463552,2143289344,2140143616,2120220672,2128609280,2132279296,2734997109
2118123520,2143289344,2149580800,2123366400,2128609280,2144337920,2143289344,2123366400,2133590016,2134900736,2735014001
2133852160,2139095040,2141192192,2119172096,2132803584,2149580800,2148532224,2130706432,2133327872,2140405760,2735030001
2127560704,2147483648,2146435072,2132803584,2133852160,2152726528,2151677952,2134900736,2138570752,2143289344,2735046001
2134900736,2157969408,2159017984,2138046464,2132803584,2149580800,2147483648,2131755008,2147483648,2140405760,2735062001
2123366400,2150629376,2148532224,2134900736,2128609280,2145386496,2142240768,2124414976,2139357184,2135162880,2735078023
2119172096,2154823680,2150629376,2133852160,2126512128,2142240768,2139095040,2120220672,2139619328,2132017152,2735094024
2121269248,2136997888,2131755008,2122317824,2127560704,2144337920,2141192192,2122317824,2128084992,2133852160,2735110023
2121269248,2156920832,2155872256,2136997888,2130706432,2149580800,2146435072,2129657856,2142765056,2139095040,2735126024
2139095040,2146435072,2154823680,2126512128,2133852160,2152726528,2151677952,2134900736,2141716480,2143289344,2735142045
2140143616,2146435072,2142240768,2128609280,2133852160,2149580800,2148532224,2131755008,2139357184,2140930048,2735158045
2138046464,2140143616,2138046464,2122317824,2128609280,2147483648,2144337920,2125463552,2134638592,2136473600,2735174044
2122317824,2151677952,2155872256,2129657856,2126512128,2143289344,2140143616,2120220672,2139881472,2132541440,2735190045
2119172096,2138046464,2143289344,2120220672,2127560704,2144337920,2141192192,2122317824,2130182144,2133852160,2735206068
2120220672,2143289344,2140143616,2124414976,2129657856,2148532224,2146435072,2128609280,2132017152,2138308608,2735222067
2124414976,2156920832,2150629376,2142240768,2133852160,2151677952,2149580800,2133852160,2143551488,2142240768,2735238065
2141192192,2157969408,2146435072,2133852160,2134900736,2151677952,2149580800,2133852160,2144862208,2142502912,2735254068
2140143616,2152726528,2142240768,2133852160,2130706432,2148532224,2145386496,2128609280,2142240768,2138308608,2735270088
2129657856,2138046464,2136997888,2118123520,2126512128,2144337920,2140143616,2122317824,2130706432,2133327872,2735286087
2123366400,2153775104,2144337920,2125463552,2125463552,2143289344,2140143616,2121269248,2136735744,2132541440,2735302085
2135949312,2147483648,2134900736,2125463552,2129657856,2146435072,2144337920,2126512128,2135949312,2136735744,2735318087
2126512128,2142240768,2147483648,2128609280,2132803584,2150629376,2149580800,2132803584,2136211456,2141454336,2735334110
2128609280,2147483648,2147483648,2132803584,2133852160,2152726528,2150629376,2134900736,2139095040,2143027200,2735350109
2131755008,2143289344,2144337920,2123366400,2131755008,2148532224,2146435072,2128609280,2135687168,2138832896,2735367001
2135949312,2138046464,2138046464,2119172096,2127560704,2144337920,2142240768,2122317824,2132803584,2134114304,2735383001
2131755008,2132803584,2131755008,2108686336,2126512128,2142240768,2139095040,2119172096,2126249984,2131755008,2735399001
2139095040,2140143616,2134900736,2113929216,2128609280,2146435072,2143289344,2124414976,2132017152,2135687168,2735415023
2143289344,2140143616,2140143616,2119172096,2132803584,2151677952,2147483648,2132803584,2135687168,2141192192,2735431024
2124414976,2160066560,2160066560,2147483648,2134900736,2152726528,2151677952,2134900736,2148007936,2143551488,2735447024
2140143616,2152726528,2146435072,2128609280,2132803584,2149580800,2147483648,2130706432,2141978624,2140143616,2735463024
2139095040,2150629376,2145386496,2125463552,2128609280,2145386496,2143289344,2123366400,2140143616,2135162880,2735479044
2126512128,2136997888,2136997888,2116026368,2126512128,2143289344,2139095040,2120220672,2129133568,2132279296,2735495045
2124414976,2148532224,2146435072,2128609280,2128609280,2144337920,2142240768,2122317824,2136997888,2134376448,2735511045
2135949312,2143289344,2146435072,2119172096,2131755008,2149580800,2147483648,2130706432,2136211456,2139881472,2735527045
2142240768,2144337920,2143289344,2125463552,2134900736,2151677952,2150629376,2133852160,2138832896,2142765056,2735543066
2136997888,2145386496,2143289344,2132803584,2132803584,2150629376,2148532224,2131755008,2139619328,2140930048,2735559066
2127560704,2141192192,2141192192,2125463552,2128609280,2146435072,2144337920,2125463552,2133852160,2136211456,2735575067
2132803584,2138046464,2135949312,2116026368,2125463552,2143289344,2139095040,2121269248,2130706432,2132279296,2735591066
2122317824,2152726528,2150629376,2127560704,2126512128,2143289344,2141192192,2122317824,2138308608,2133327872,2735607088
2120220672,2151677952,2134900736,2133852160,2130706432,2148532224,2144337920,2129657856,2135162880,2138308608,2735623088
2125463552,2144337920,2147483648,2129657856,2134900736,2151677952,2149580800,2133852160,2136735744,2142502912,2735639090
2129657856,2147483648,2146435072,2134900736,2133852160,2151677952,2149580800,2133852160,2139619328,2142240768,2735655087
2144337920,2142240768,2141192192,2125463552,2130706432,2147483648,2145386496,2127560704,2138308608,2137784320,2735671110
2131755008,2144337920,2134900736,2120220672,2127560704,2144337920,2141192192,2121269248,2132803584,2133590016,2735687106
2124414976,2148532224,2146435072,2126512128,2125463552,2143289344,2141192192,2121269248,2136473600,2132803584,2735704001
2122317824,2151677952,2148532224,2134900736,2129657856,2146435072,2145386496,2126512128,2139357184,2136997888,2735720001
2138046464,2146435072,2139095040,2126512128,2133852160,2152726528,2149580800,2134900736,2137522176,2142765056,2735736001
2127560704,2155872256,2160066560,2143289344,2133852160,2151677952,2150629376,2133852160,2146697216,2142502912,2735752001
2125463552,2151677952,2155872256,2136997888,2129657856,2148532224,2147483648,2129657856,2142502912,2138832896,2735768024
2133852160,2138046464,2138046464,2119172096,2127560704,2144337920,2141192192,2122317824,2132279296,2133852160,2735784023
2118123520,2143289344,2143289344,2124414976,2124414976,2143289344,2140143616,2121269248,2132279296,2132279296,2735800024
2122317824,2155872256,2153775104,2136997888,2128609280,2145386496,2144337920,2125463552,2142240768,2135949312,2735816022
2138046464,2152726528,2146435072,2122317824,2132803584,2150629376,2149580800,2131755008,2139881472,2141192192,2735832045
2127560704,2153775104,2151677952,2141192192,2134900736,2152726528,2150629376,2134900736,2143551488,2143289344,2735848044
2144337920,2154823680,2144337920,2133852160,2131755008,2149580800,2147483648,2131755008,2144337920,2140143616,2735864045
2138046464,2145386496,2135949312,2117074944,2127560704,2145386496,2142240768,2123366400,2134114304,2134638592,2735880044
2118123520,2153775104,2147483648,2134900736,2125463552,2143289344,2139095040,2120220672,2138570752,2132017152,2735896068
2130706432,2153775104,2148532224,2123366400,2127560704,2144337920,2141192192,2123366400,2139095040,2134114304,2735912066
2139095040,2152726528,2145386496,2129657856,2130706432,2150629376,2147483648,2130706432,2141716480,2139881472,2735928066
2143289344,2144337920,2146435072,2125463552,2133852160,2152726528,2149580800,2134900736,2139881472,2142765056,2735944067
2130706432,2163212288,2161115136,2145386496,2132803584,2150629376,2149580800,2131755008,2150105088,2141192192,2735960086
2121269248,2157969408,2147483648,2143289344,2127560704,2146435072,2143289344,2125463552,2142502912,2135687168,2735976089
2136997888,2134900736,2132803584,2113929216,2126512128,2143289344,2139095040,2119172096,2129657856,2132017152,2735992088
2119172096,2140143616,2138046464,2119172096,2127560704,2143289344,2141192192,2121269248,2129133568,2133327872,2736008086
2122317824,2148532224,2153775104,2131755008,2130706432,2148532224,2146435072,2128609280,2139095040,2138570752,2736024110
2128609280,2147483648,2143289344,2130706432,2134900736,2151677952,2149580800,2133852160,2137522176,2142502912,2736041001
2128609280,2157969408,2160066560,2144337920,2133852160,2151677952,2149580800,2132803584,2147745792,2141978624,2736057001
2143289344,2142240768,2140143616,2124414976,2129657856,2146435072,2144337920,2126512128,2137522176,2136735744,2736073001
2127560704,2135949312,2131755008,2117074944,2126512128,2142240768,2140143616,2120220672,2128084992,2132279296,2736089001
2139095040,2135949312,2138046464,2112880640,2126512128,2144337920,2141192192,2121269248,2131492864,2133327872,2736105023
2121269248,2140143616,2139095040,2122317824,2130706432,2147483648,2145386496,2127560704,2130706432,2137784320,2736121024
2138046464,2138046464,2142240768,2121269248,2133852160,2151677952,2148532224,2133852160,2134900736,2141978624,2736137023
2129657856,2164260864,2162163712,2143289344,2133852160,2152726528,2149580800,2134900736,2149842944,2142765056,2736153023
2125463552,2142240768,2148532224,2125463552,2130706432,2147483648,2146435072,2128609280,2135425024,2138308608,2736169046
2139095040,2144337920,2134900736,2119172096,2126512128,2144337920,2140143616,2121269248,2134376448,2133065728,2736185046
2120220672,2140143616,2147483648,2120220672,2126512128,2142240768,2140143616,2120220672,2132017152,2132279296,2736201044
2119172096,2152726528,2147483648,2131755008,2128609280,2147483648,2144337920,2125463552,2137784320,2136473600,2736217046
2124414976,2155872256,2149580800,2143289344,2133852160,2150629376,2148532224,2131755008,2143289344,2141192192,2736233067
2129657856,2146435072,2150629376,2132803584,2134900736,2151677952,2149580800,2133852160,2139881472,2142502912,2736249069
2128609280,2162163712,2161115136,2146435072,2131755008,2149580800,2147483648,2130706432,2149580800,2139881472,2736265067
2132803584,2139095040,2140143616,2119172096,2126512128,2145386496,2142240768,2123366400,2132803584,2134376448,2736281066
2118123520,2156920832,2147483648,2134900736,2125463552,2143289344,2140143616,2120220672,2139357184,2132279296,2736297087
2133852160,2133852160,2132803584,2113929216,2128609280,2144337920,2142240768,2124414976,2128609280,2134900736,2736313092
2135949312,2142240768,2139095040,2124414976,2131755008,2149580800,2146435072,2131755008,2135425024,2139881472,2736329087
2142240768,2153775104,2153775104,2127560704,2133852160,2152726528,2150629376,2134900736,2144337920,2143027200,2736345087
2144337920,2143289344,2142240768,2125463552,2132803584,2149580800,2148532224,2130706432,2138832896,2140405760,2736361109
2133852160,2139095040,2139095040,2119172096,2127560704,2146435072,2143289344,2124414976,2132803584,2135425024,2736377111
2119172096,2143289344,2140143616,2122317824,2125463552,2143289344,2140143616,2120220672,2131230720,2132279296,2736394001
2132803584,2142240768,2142240768,2114977792,2127560704,2145386496,2142240768,2123366400,2133065728,2134638592,2736410001
2139095040,2141192192,2145386496,2120220672,2131755008,2148532224,2147483648,2129657856,2136473600,2139357184,2736426001
2127560704,2148532224,2144337920,2133852160,2133852160,2151677952,2150629376,2133852160,2138570752,2142502912,2736442023
2144337920,2154823680,2144337920,2135949312,2133852160,2150629376,2149580800,2132803584,2144862208,2141716480,2736458022
2136997888,2146435072,2149580800,2121269248,2128609280,2147483648,2144337920,2126512128,2138570752,2136735744,2736474025
2128609280,2151677952,2147483648,2131755008,2126512128,2143289344,2140143616,2120220672,2139881472,2132541440,2736490022
2118123520,2147483648,2141192192,2129657856,2126512128,2144337920,2141192192,2121269248,2134114304,2133327872,2736506045
2133852160,2138046464,2136997888,2119172096,2130706432,2148532224,2145386496,2127560704,2132017152,2138046464,2736522044
2126512128,2157969408,2157969408,2142240768,2132803584,2152726528,2149580800,2134900736,2146172928,2142502912,2736538045
2128609280,2163212288,2163212288,2142240768,2133852160,2151677952,2150629376,2133852160,2149318656,2142502912,2736554046
2133852160,2142240768,2141192192,2121269248,2129657856,2147483648,2144337920,2127560704,2134638592,2137260032,2736570067
2120220672,2147483648,2142240768,2126512128,2126512128,2145386496,2141192192,2121269248,2134114304,2133590016,2736586065
2136997888,2136997888,2142240768,2114977792,2126512128,2143289344,2140143616,2121269248,2132803584,2132803584,2736602068
2133852160,2138046464,2133852160,2118123520,2128609280,2147483648,2144337920,2126512128,2130968576,2136735744,2736618069
2123366400,2147483648,2147483648,2132803584,2132803584,2150629376,2149580800,2132803584,2137784320,2141454336,2736634089
2144337920,2146435072,2146435072,2126512128,2134900736,2151677952,2150629376,2133852160,2140930048,2142765056,2736650086
2134900736,2142240768,2142240768,2125463552,2132803584,2148532224,2146435072,2128609280,2136211456,2139095040,2736666088
2136997888,2146435072,2140143616,2119172096,2127560704,2144337920,2141192192,2122317824,2135687168,2133852160,2736682088
2122317824,2153775104,2152726528,2129657856,2124414976,2143289344,2140143616,2120220672,2139619328,2132017152,2736698110
2121269248,2154823680,2152726528,2133852160,2127560704,2145386496,2143289344,2124414976,2140667904,2135162880,2736714107
2124414976,2147483648,2145386496,2127560704,2131755008,2150629376,2147483648,2131755008,2136211456,2140405760,2736731001
2129657856,2146435072,2143289344,2134900736,2133852160,2151677952,2151677952,2134900736,2138570752,2143027200,2736747001
2128609280,2154823680,2161115136,2141192192,2131755008,2149580800,2148532224,2130706432,2146435072,2140143616,2736763001
2140143616,2141192192,2146435072,2122317824,2128609280,2144337920,2142240768,2123366400,2137522176,2134638592,2736779000
2123366400,2150629376,2150629376,2128609280,2125463552,2143289344,2140143616,2120220672,2138308608,2132279296,2736795023
2135949312,2135949312,2140143616,2114977792,2127560704,2145386496,2141192192,2123366400,2131755008,2134376448,2736811025
2134900736,2141192192,2140143616,2125463552,2130706432,2149580800,2147483648,2129657856,2135425024,2139357184,2736827023
2127560704,2146435072,2147483648,2129657856,2134900736,2151677952,2150629376,2134900736,2137784320,2143027200,2736843022
2128609280,2148532224,2143289344,2133852160,2133852160,2150629376,2148532224,2131755008,2138570752,2141192192,2736859045
2121269248,2155872256,2147483648,2141192192,2128609280,2146435072,2143289344,2126512128,2141454336,2136211456,2736875047
2134900736,2135949312,2133852160,2114977792,2126512128,2142240768,2139095040,2120220672,2129920000,2132017152,2736891047
2134900736,2138046464,2138046464,2116026368,2126512128,2143289344,2141192192,2121269248,2131755008,2133065728,2736907045
2136997888,2138046464,2135949312,2120220672,2130706432,2147483648,2145386496,2128609280,2132803584,2138046464,2736923066
2139095040,2146435072,2154823680,2124414976,2134900736,2150629376,2149580800,2133852160,2141192192,2142240768,2736939067
2126512128,2159017984,2160066560,2146435072,2133852160,2151677952,2149580800,2133852160,2148007936,2142240768,2736955066
2127560704,2162163712,2161115136,2140143616,2129657856,2148532224,2146435072,2127560704,2147745792,2138046464,2736971064
2127560704,2139095040,2135949312,2118123520,2125463552,2143289344,2140143616,2121269248,2130182144,2132541440,2736987088
2136997888,2135949312,2134900736,2112880640,2125463552,2144337920,2140143616,2121269248,2130182144,2132803584,2737003087
2131755008,2155872256,2144337920,2128609280,2129657856,2147483648,2145386496,2126512128,2140143616,2137260032,2737019088
2132803584,2161115136,2156920832,2135949312,2133852160,2151677952,2149580800,2133852160,2146697216,2142240768,2737035087
2135949312,2162163712,2152726528,2142240768,2134900736,2151677952,2149580800,2133852160,2148270080,2142502912,2737051108
2125463552,2155872256,2147483648,2143289344,2130706432,2148532224,2146435072,2128609280,2143027200,2138570752,2737068001
2129657856,2141192192,2135949312,2120220672,2126512128,2144337920,2141192192,2122317824,2131755008,2133590016,2737084001
2138046464,2134900736,2133852160,2110783488,2125463552,2142240768,2140143616,2119172096,2129395712,2131755008,2737100001
2130706432,2142240768,2145386496,2118123520,2128609280,2146435072,2143289344,2125463552,2134114304,2135949312,2737116001
2131755008,2157969408,2163212288,2133852160,2132803584,2150629376,2148532224,2132803584,2146697216,2141192192,2737132023
2143289344,2149580800,2146435072,2129657856,2132803584,2152726528,2150629376,2134900736,2142240768,2142765056,2737148023
2126512128,2163212288,2160066560,2145386496,2131755008,2149580800,2148532224,2130706432,2148794368,2140143616,2737164022
2120220672,2153775104,2145386496,2132803584,2127560704,2144337920,2141192192,2123366400,2138046464,2134114304,2737180023
2138046464,2135949312,2133852160,2113929216,2126512128,2142240768,2139095040,2119172096,2130444288,2131755008,2737196045
2119172096,2143289344,2143289344,2126512128,2127560704,2145386496,2142240768,2123366400,2133065728,2134638592,2737212045
2123366400,2140143616,2142240768,2121269248,2131755008,2148532224,2148532224,2129657856,2131755008,2139619328,2737228044
2125463552,2155872256,2148532224,2143289344,2134900736,2152726528,2151677952,2133852160,2143289344,2143289344,2737244045
2132803584,2162163712,2163212288,2145386496,2131755008,2150629376,2148532224,2131755008,2150891520,2140667904,2737260067
2131755008,2155872256,2152726528,2133852160,2128609280,2146435072,2143289344,2124414976,2143551488,2135687168,2737276067
2134900736,2134900736,2131755008,2113929216,2125463552,2143289344,2140143616,2121269248,2128871424,2132541440,2737292064
2120220672,2153775104,2149580800,2128609280,2126512128,2144337920,2142240768,2122317824,2138046464,2133852160,2737308066
2128609280,2155872256,2153775104,2133852160,2130706432,2148532224,2146435072,2128609280,2143027200,2138570752,2737324089
2135949312,2144337920,2142240768,2126512128,2134900736,2150629376,2148532224,2132803584,2137260032,2141716480,2737340088
2128609280,2149580800,2148532224,2134900736,2133852160,2150629376,2149580800,2132803584,2140405760,2141716480,2737356085
2143289344,2144337920,2141192192,2122317824,2129657856,2147483648,2144337920,2126512128,2137784320,2136997888,2737372088
2126512128,2151677952,2146435072,2132803584,2125463552,2144337920,2140143616,2121269248,2139357184,2132803584,2737388111
2128609280,2146435072,2146435072,2119172096,2126512128,2143289344,2140143616,2121269248,2135162880,2132803584,2737404109
2139095040,2135949312,2134900736,2116026368,2129657856,2147483648,2145386496,2127560704,2131492864,2137522176,2737421001
2125463552,2150629376,2149580800,2135949312,2133852160,2151677952,2149580800,2132803584,2140405760,2141978624,2737437001
2136997888,2147483648,2151677952,2127560704,2133852160,2151677952,2150629376,2133852160,2140930048,2142502912,2737453001
2126512128,2160066560,2156920832,2147483648,2130706432,2148532224,2145386496,2128609280,2147745792,2138308608,2737469022
2133852160,2139095040,2134900736,2116026368,2126512128,2143289344,2140143616,2122317824,2130968576,2133065728,2737485023
2124414976,2134900736,2134900736,2114977792,2126512128,2143289344,2140143616,2121269248,2127298560,2132803584,2737501023
2127560704,2138046464,2134900736,2124414976,2128609280,2146435072,2143289344,2125463552,2131230720,2135949312,2737517024
2143289344,2143289344,2140143616,2122317824,2132803584,2151677952,2148532224,2132803584,2137260032,2141454336,2737533046
2147483648,2155872256,2143289344,2135949312,2133852160,2152726528,2150629376,2134900736,2145648640,2143027200,2737549045
2143289344,2144337920,2150629376,2127560704,2131755008,2149580800,2147483648,2129657856,2141454336,2139619328,2737565046
2120220672,2163212288,2148532224,2142240768,2127560704,2145386496,2142240768,2123366400,2143551488,2134638592,2737581045
2118123520,2138046464,2135949312,2119172096,2126512128,2142240768,2139095040,2119172096,2127822848,2131755008,2737597067
2127560704,2153775104,2146435072,2124414976,2127560704,2145386496,2142240768,2124414976,2138046464,2134900736,2737613064
2123366400,2163212288,2157969408,2140143616,2130706432,2150629376,2148532224,2131755008,2146172928,2140405760,2737629068
2131755008,2160066560,2161115136,2135949312,2133852160,2152726528,2151677952,2134900736,2147221504,2143289344,2737645066
2133852160,2144337920,2142240768,2128609280,2132803584,2149580800,2148532224,2130706432,2137260032,2140405760,2737661087
2131755008,2154823680,2153775104,2133852160,2128609280,2146435072,2142240768,2124414976,2143551488,2135425024,2737677087
2136997888,2136997888,2142240768,2116026368,2126512128,2143289344,2140143616,2119172096,2133065728,2132279296,2737693087
2124414976,2151677952,2148532224,2125463552,2127560704,2144337920,2141192192,2122317824,2137522176,2133852160,2737709087
2131755008,2139095040,2140143616,2120220672,2130706432,2149580800,2146435072,2129657856,2132803584,2139095040,2737725109
2126512128,2149580800,2149580800,2135949312,2133852160,2151677952,2150629376,2133852160,2140405760,2142502912,2737741109
2141192192,2145386496,2143289344,2126512128,2132803584,2150629376,2148532224,2132803584,2139095040,2141192192,2737758001
2142240768,2146435072,2146435072,2124414976,2128609280,2147483648,2144337920,2126512128,2139881472,2136735744,2737774001
2120220672,2140143616,2139095040,2119172096,2125463552,2143289344,2141192192,2121269248,2129657856,2132803584,2737790001
2117074944,2149580800,2132803584,2128609280,2126512128,2144337920,2141192192,2122317824,2132017152,2133590016,2737806001
2142240768,2139095040,2138046464,2116026368,2130706432,2147483648,2145386496,2127560704,2133852160,2137784320,2737822024
2144337920,2152726528,2142240768,2125463552,2133852160,2151677952,2149580800,2133852160,2141192192,2142240768,2737838023
2127560704,2151677952,2147483648,2139095040,2133852160,2152726528,2149580800,2134900736,2141454336,2142765056,2737854024
2124414976,2157969408,2160066560,2141192192,2129657856,2147483648,2146435072,2127560704,2145910784,2137784320,2737870024
2124414976,2156920832,2155872256,2130706432,2126512128,2143289344,2140143616,2121269248,2141978624,2132803584,2737886045
2134900736,2140143616,2136997888,2113929216,2125463552,2143289344,2139095040,2121269248,2131492864,2132279296,2737902045
2123366400,2154823680,2153775104,2135949312,2129657856,2147483648,2144337920,2127560704,2141978624,2137260032,2737918045
2126512128,2163212288,2155872256,2143289344,2132803584,2151677952,2149580800,2132803584,2147221504,2141716480,2737934044
2143289344,2147483648,2143289344,2127560704,2133852160,2151677952,2150629376,2133852160,2140405760,2142502912,2737950066
2147483648,2146435072,2144337920,2124414976,2131755008,2148532224,2147483648,2129657856,2140667904,2139357184,2737966066
2122317824,2154823680,2154823680,2136997888,2127560704,2144337920,2141192192,2122317824,2142240768,2133852160,2737982068
2138046464,2133852160,2133852160,2110783488,2125463552,2144337920,2140143616,2121269248,2129133568,2132803584,2737998066
2129657856,2134900736,2134900736,2114977792,2127560704,2146435072,2143289344,2124414976,2128609280,2135425024,2738014088
2141192192,2145386496,2140143616,2121269248,2131755008,2150629376,2147483648,2131755008,2136997888,2140405760,2738030088
2143289344,2154823680,2143289344,2136997888,2133852160,2151677952,2151677952,2134900736,2144600064,2143027200,2738046087
2130706432,2164260864,2161115136,2142240768,2132803584,2149580800,2147483648,2130706432,2149580800,2140143616,2738062085
2122317824,2160066560,2144337920,2145386496,2127560704,2145386496,2141192192,2124414976,2143027200,2134638592,2738078108
2122317824,2150629376,2150629376,2127560704,2125463552,2143289344,2139095040,2120220672,2137784320,2132017152,2738095001
2118123520,2157969408,2147483648,2131755008,2127560704,2144337920,2142240768,2123366400,2138832896,2134376448,2738111001
2126512128,2156920832,2161115136,2133852160,2131755008,2149580800,2147483648,2130706432,2144600064,2139881472,2738127001
2127560704,2153775104,2156920832,2138046464,2133852160,2152726528,2150629376,2134900736,2144075776,2143027200,2738143001
2128609280,2147483648,2148532224,2130706432,2131755008,2150629376,2149580800,2132803584,2138832896,2141192192,2738159024
2136997888,2142240768,2139095040,2120220672,2128609280,2146435072,2144337920,2125463552,2134638592,2136211456,2738175025
2126512128,2148532224,2150629376,2123366400,2125463552,2143289344,2141192192,2121269248,2137260032,2132803584,2738191023
2124414976,2136997888,2135949312,2114977792,2126512128,2144337920,2141192192,2121269248,2128084992,2133327872,2738207022
2139095040,2138046464,2142240768,2118123520,2130706432,2148532224,2146435072,2128609280,2134376448,2138570752,2738223047
2127560704,2149580800,2152726528,2133852160,2132803584,2152726528,2150629376,2134900736,2140930048,2142765056,2738239046
2125463552,2164260864,2161115136,2146435072,2132803584,2151677952,2150629376,2133852160,2149318656,2142240768,2738255044
2125463552,2163212288,2156920832,2142240768,2129657856,2148532224,2146435072,2127560704,2146959360,2138046464,2738271046
2138046464,2139095040,2135949312,2117074944,2126512128,2143289344,2141192192,2121269248,2132541440,2133065728,2738287066
2131755008,2133852160,2131755008,2111832064,2125463552,2144337920,2141192192,2121269248,2127298560,2133065728,2738303066
2136997888,2135949312,2133852160,2116026368,2129657856,2147483648,2144337920,2126512128,2130706432,2136997888,2738319067
2124414976,2154823680,2149580800,2141192192,2133852160,2151677952,2149580800,2131755008,2142502912,2141716480,2738335066
2143289344,2160066560,2152726528,2135949312,2133852160,2151677952,2150629376,2133852160,2148007936,2142502912,2738351090
2136997888,2159017984,2153775104,2138046464,2131755008,2148532224,2147483648,2128609280,2146959360,2139095040,2738367087
2134900736,2149580800,2146435072,2128609280,2126512128,2144337920,2141192192,2122317824,2139881472,2133590016,2738383088
2122317824,2154823680,2153775104,2124414976,2126512128,2143289344,2140143616,2120220672,2138832896,2132541440,2738399091
2139095040,2138046464,2134900736,2119172096,2129657856,2145386496,2143289344,2123366400,2132803584,2135425024,2738415110
2122317824,2155872256,2152726528,2138046464,2131755008,2150629376,2149580800,2131755008,2142240768,2140930048,2738431109
2129657856,2147483648,2147483648,2130706432,2134900736,2152726528,2150629376,2135949312,2138832896,2143551488,2738448001
2140143616,2157969408,2154823680,2135949312,2131755008,2150629376,2147483648,2130706432,2147221504,2140143616,2738464001
2129657856,2152726528,2156920832,2125463552,2127560704,2144337920,2141192192,2122317824,2141192192,2133852160,2738480001
2127560704,2136997888,2132803584,2114977792,2126512128,2142240768,2139095040,2120220672,2128084992,2132017152,2738496022
2129657856,2133852160,2134900736,2113929216,2128609280,2144337920,2142240768,2123366400,2128084992,2134638592,2738512022
2123366400,2147483648,2147483648,2130706432,2132803584,2147483648,2147483648,2128609280,2137260032,2139095040,2738528023
2125463552,2164260864,2155872256,2146435072,2132803584,2152726528,2151677952,2135949312,2148007936,2143289344,2738544023
2130706432,2161115136,2163212288,2142240768,2132803584,2150629376,2149580800,2131755008,2149318656,2141192192,2738560045
2128609280,2162163712,2154823680,2132803584,2129657856,2146435072,2143289344,2124414976,2144600064,2135949312,2738576045
2120220672,2140143616,2147483648,2121269248,2125463552,2142240768,2140143616,2120220672,2132279296,2132017152,2738592045
2130706432,2133852160,2132803584,2111832064,2127560704,2143289344,2141192192,2121269248,2127298560,2133327872,2738608045
2121269248,2155872256,2149580800,2139095040,2130706432,2149580800,2145386496,2129657856,2141454336,2138832896,2738624067
2144337920,2145386496,2141192192,2123366400,2133852160,2152726528,2150629376,2134900736,2138570752,2143027200,2738640068
2131755008,2169503744,2163212288,2142240768,2132803584,2151677952,2148532224,2132803584,2151677952,2141454336,2738656065
2126512128,2145386496,2141192192,2130706432,2128609280,2147483648,2145386496,2127560704,2135949312,2137260032,2738672068
2136997888,2146435072,2144337920,2120220672,2125463552,2143289344,2140143616,2121269248,2136997888,2132541440,2738688087
2118123520,2141192192,2141192192,2121269248,2125463552,2144337920,2141192192,2121269248,2130444288,2133065728,2738704087
2121269248,2140143616,2142240768,2121269248,2129657856,2147483648,2145386496,2127560704,2131230720,2137522176,2738720090
2144337920,2143289344,2142240768,2125463552,2133852160,2151677952,2149580800,2133852160,2138832896,2142240768,2738736088
2139095040,2160066560,2156920832,2136997888,2134900736,2150629376,2150629376,2133852160,2148270080,2142502912,2738752109
2125463552,2157969408,2159017984,2144337920,2130706432,2148532224,2146435072,2127560704,2146697216,2138308608,2738768108
2130706432,2151677952,2151677952,2129657856,2126512128,2144337920,2141192192,2121269248,2140930048,2133327872,2738785001
2119172096,2154823680,2151677952,2136997888,2125463552,2143289344,2140143616,2121269248,2140667904,2132541440,2738801001
2140143616,2140143616,2138046464,2118123520,2128609280,2146435072,2144337920,2125463552,2134114304,2136211456,2738817001
2139095040,2143289344,2141192192,2122317824,2133852160,2150629376,2148532224,2131755008,2136473600,2141192192,2738833000
2132803584,2160066560,2159017984,2142240768,2133852160,2152726528,2151677952,2133852160,2148532224,2143027200,2738849023
2132803584,2159017984,2163212288,2138046464,2131755008,2149580800,2147483648,2129657856,2148270080,2139619328,2738865025
2139095040,2135949312,2139095040,2117074944,2126512128,2143289344,2142240768,2122317824,2132803584,2133590016,2738881025
2130706432,2135949312,2129657856,2113929216,2125463552,2142240768,2139095040,2119172096,2127560704,2131492864,2738897023
2118123520,2147483648,2136997888,2130706432,2127560704,2146435072,2143289344,2124414976,2133327872,2135425024,2738913046
2123366400,2147483648,2144337920,2130706432,2131755008,2149580800,2148532224,2130706432,2136473600,2140143616,2738929044
2130706432,2163212288,2163212288,2143289344,2135949312,2152726528,2150629376,2134900736,2150105088,2143551488,2738945046
2131755008,2163212288,2159017984,2141192192,2130706432,2151677952,2149580800,2132803584,2148794368,2141192192,2738961044
2135949312,2140143616,2142240768,2118123520,2128609280,2145386496,2143289344,2124414976,2134114304,2135425024,2738977066
2130706432,2145386496,2142240768,2120220672,2126512128,2142240768,2139095040,2119172096,2134638592,2131755008,2738993067
2121269248,2136997888,2138046464,2118123520,2127560704,2144337920,2140143616,2122317824,2128609280,2133590016,2739009069
2122317824,2156920832,2150629376,2138046464,2130706432,2148532224,2147483648,2129657856,2141978624,2139095040,2739025065
2138046464,2145386496,2141192192,2126512128,2133852160,2152726528,2151677952,2133852160,2137784320,2143027200,2739041088
2138046464,2143289344,2144337920,2125463552,2133852160,2152726528,2149580800,2132803584,2137784320,2142240768,2739057087
2136997888,2146435072,2139095040,2126512128,2129657856,2147483648,2144337920,2127560704,2137260032,2137260032,2739073087
2122317824,2151677952,2151677952,2132803584,2125463552,2143289344,2139095040,2121269248,2139619328,2132279296,2739089085
2139095040,2136997888,2130706432,2111832064,2126512128,2143289344,2140143616,2121269248,2129657856,2132803584,2739105109
2121269248,2155872256,2144337920,2139095040,2130706432,2148532224,2145386496,2127560704,2140143616,2138046464,2739122001
2135949312,2154823680,2154823680,2127560704,2133852160,2151677952,2150629376,2132803584,2143289344,2142240768,2739138001
2144337920,2145386496,2143289344,2127560704,2133852160,2152726528,2150629376,2133852160,2140143616,2142765056,2739154001
2125463552,2159017984,2162163712,2145386496,2131755008,2147483648,2145386496,2127560704,2148007936,2138046464,2739170001
2122317824,2149580800,2154823680,2130706432,2126512128,2143289344,2141192192,2121269248,2139357184,2133065728,2739186023
2135949312,2133852160,2131755008,2112880640,2126512128,2142240768,2140143616,2120220672,2128609280,2132279296,2739202024
2120220672,2151677952,2151677952,2131755008,2128609280,2147483648,2145386496,2126512128,2138832896,2136997888,2739218022
2126512128,2159017984,2156920832,2142240768,2131755008,2151677952,2150629376,2132803584,2146172928,2141716480,2739234024
2129657856,2147483648,2143289344,2132803584,2133852160,2152726528,2150629376,2134900736,2138308608,2143027200,2739250044
2132803584,2154823680,2163212288,2127560704,2131755008,2149580800,2147483648,2129657856,2144600064,2139619328,2739266045
2131755008,2157969408,2150629376,2127560704,2127560704,2144337920,2141192192,2123366400,2141978624,2134114304,2739282044
2122317824,2156920832,2150629376,2127560704,2126512128,2143289344,2140143616,2120220672,2139357184,2132541440,2739298044
2125463552,2136997888,2132803584,2118123520,2128609280,2145386496,2143289344,2124414976,2128347136,2135425024,2739314067
2128609280,2148532224,2156920832,2131755008,2131755008,2150629376,2149580800,2132803584,2141454336,2141192192,2739330067
2139095040,2161115136,2153775104,2139095040,2134900736,2152726528,2150629376,2134900736,2148270080,2143289344,2739346066
2144337920,2142240768,2142240768,2125463552,2132803584,2150629376,2148532224,2130706432,2138570752,2140667904,2739362067
2143289344,2140143616,2146435072,2119172096,2128609280,2145386496,2143289344,2123366400,2137260032,2135162880,2739378086
2118123520,2154823680,2143289344,2136997888,2125463552,2143289344,2140143616,2120220672,2138308608,2132279296,2739394088
2122317824,2146435072,2146435072,2114977792,2127560704,2145386496,2141192192,2122317824,2132541440,2134114304,2739410084
2129657856,2139095040,2135949312,2121269248,2131755008,2148532224,2147483648,2129657856,2131492864,2139357184,2739426087
2142240768,2145386496,2146435072,2125463552,2133852160,2152726528,2151677952,2134900736,2139881472,2143289344,2739442109
2138046464,2152726528,2152726528,2128609280,2133852160,2150629376,2149580800,2132803584,2143027200,2141716480,2739458110
2135949312,2151677952,2139095040,2129657856,2128609280,2146435072,2144337920,2125463552,2139095040,2136211456,2739475001
2121269248,2138046464,2133852160,2117074944,2125463552,2143289344,2140143616,2120220672,2127560704,2132279296,2739491001
2130706432,2147483648,2141192192,2125463552,2126512128,2145386496,2141192192,2122317824,2136211456,2133852160,2739507001
2123366400,2155872256,2159017984,2130706432,2130706432,2149580800,2145386496,2129657856,2142240768,2138832896,2739523024
2126512128,2167406592,2155872256,2143289344,2133852160,2151677952,2149580800,2133852160,2148270080,2142240768,2739539023
2130706432,2164260864,2161115136,2146435072,2133852160,2151677952,2149580800,2132803584,2150629376,2141978624,2739555023
2140143616,2142240768,2141192192,2124414976,2130706432,2148532224,2145386496,2127560704,2136997888,2138046464,2739571023
2130706432,2150629376,2146435072,2128609280,2126512128,2143289344,2140143616,2120220672,2139095040,2132541440,2739587045
2133852160,2136997888,2131755008,2113929216,2126512128,2143289344,2140143616,2121269248,2129133568,2132803584,2739603044
2123366400,2155872256,2156920832,2132803584,2129657856,2147483648,2145386496,2126512128,2142240768,2137260032,2739619045
2125463552,2154823680,2151677952,2138046464,2133852160,2151677952,2149580800,2133852160,2142502912,2142240768,2739635047
2146435072,2146435072,2145386496,2128609280,2134900736,2151677952,2149580800,2133852160,2141716480,2142502912,2739651069
2143289344,2157969408,2144337920,2129657856,2131755008,2149580800,2146435072,2129657856,2143813632,2139357184,2739667065
2139095040,2150629376,2138046464,2117074944,2126512128,2144337920,2141192192,2122317824,2136211456,2133590016,2739683068
2132803584,2149580800,2144337920,2122317824,2125463552,2143289344,2140143616,2120220672,2137260032,2132279296,2739699066
2132803584,2139095040,2134900736,2113929216,2128609280,2146435072,2143289344,2125463552,2130182144,2135949312,2739715087
2139095040,2143289344,2146435072,2123366400,2132803584,2150629376,2148532224,2130706432,2138046464,2140667904,2739731086
2133852160,2142240768,2144337920,2125463552,2134900736,2151677952,2150629376,2133852160,2136473600,2142765056,2739747089
2144337920,2157969408,2145386496,2131755008,2131755008,2149580800,2147483648,2130706432,2144862208,2139881472,2739763090
2122317824,2150629376,2144337920,2133852160,2127560704,2145386496,2144337920,2123366400,2137784320,2135162880,2739779108
2128609280,2136997888,2133852160,2116026368,2126512128,2142240768,2139095040,2120220672,2128871424,2132017152,2739795109
2130706432,2136997888,2133852160,2113929216,2127560704,2145386496,2142240768,2123366400,2128871424,2134638592,2739812001
2132803584,2150629376,2156920832,2124414976,2131755008,2149580800,2147483648,2130706432,2141192192,2139881472,2739828001
2128609280,2163212288,2157969408,2146435072,2134900736,2151677952,2149580800,2133852160,2149056512,2142502912,2739844001
2127560704,2162163712,2157969408,2142240768,2132803584,2150629376,2147483648,2131755008,2147483648,2140667904,2739860000
2135949312,2143289344,2138046464,2122317824,2128609280,2146435072,2143289344,2124414976,2134900736,2135687168,2739876023
2134900736,2136997888,2131755008,2113929216,2125463552,2143289344,2139095040,2120220672,2129395712,2132017152,2739892023
2130706432,2138046464,2146435072,2114977792,2126512128,2144337920,2141192192,2122317824,2132541440,2133590016,2739908022
2123366400,2142240768,2143289344,2123366400,2130706432,2148532224,2146435072,2128609280,2133065728,2138570752,2739924025
2129657856,2164260864,2160066560,2145386496,2133852160,2152726528,2150629376,2134900736,2149842944,2143027200,2739940046
2136997888,2147483648,2148532224,2126512128,2133852160,2151677952,2149580800,2132803584,2139881472,2141978624,2739956045
2123366400,2151677952,2143289344,2139095040,2129657856,2147483648,2145386496,2126512128,2139357184,2137260032,2739972046
2136997888,2141192192,2142240768,2117074944,2125463552,2143289344,2141192192,2120220672,2134376448,2132541440,2739988046
2118123520,2147483648,2141192192,2128609280,2126512128,2143289344,2139095040,2121269248,2133852160,2132541440,2740004066
2136997888,2138046464,2142240768,2120220672,2128609280,2147483648,2144337920,2127560704,2134376448,2136997888,2740020068
2127560704,2163212288,2163212288,2140143616,2133852160,2151677952,2149580800,2132803584,2148532224,2141978624,2740036067
2130706432,2162163712,2163212288,2146435072,2133852160,2153775104,2151677952,2134900736,2150629376,2143551488,2740052067
2126512128,2147483648,2153775104,2130706432,2131755008,2147483648,2145386496,2127560704,2139619328,2138046464,2740068088
2136997888,2140143616,2135949312,2118123520,2126512128,2144337920,2141192192,2122317824,2132803584,2133590016,2740084089
2120220672,2153775104,2151677952,2132803584,2126512128,2142240768,2139095040,2120220672,2139619328,2132017152,2740100088
2135949312,2142240768,2132803584,2118123520,2129657856,2146435072,2144337920,2125463552,2132279296,2136473600,2740116085
2124414976,2147483648,2150629376,2133852160,2132803584,2150629376,2148532224,2132803584,2139095040,2141192192,2740132111
2129657856,2166358016,2164260864,2143289344,2134900736,2151677952,2150629376,2133852160,2150891520,2142765056,2740149001
2134900736,2161115136,2159017984,2135949312,2131755008,2149580800,2147483648,2130706432,2147745792,2139881472,2740165001
2141192192,2138046464,2140143616,2117074944,2127560704,2144337920,2142240768,2122317824,2134114304,2134114304,2740181001
2135949312,2133852160,2132803584,2112880640,2125463552,2142240768,2139095040,2119172096,2128871424,2131492864,2740197001
2125463552,2146435072,2150629376,2118123520,2126512128,2146435072,2143289344,2124414976,2135162880,2135162880,2740213024
2140143616,2141192192,2139095040,2119172096,2132803584,2149580800,2147483648,2130706432,2134900736,2140143616,2740229022
2126512128,2149580800,2151677952,2134900736,2134900736,2151677952,2150629376,2134900736,2140667904,2143027200,2740245022
2146435072,2146435072,2144337920,2124414976,2132803584,2150629376,2148532224,2131755008,2140405760,2140930048,2740261023
2121269248,2157969408,2153775104,2141192192,2127560704,2145386496,2142240768,2124414976,2143551488,2134900736,2740277045
2118123520,2154823680,2150629376,2134900736,2125463552,2142240768,2139095040,2119172096,2139619328,2131492864,2740293045
2136997888,2146435072,2132803584,2118123520,2127560704,2144337920,2141192192,2122317824,2133590016,2133852160,2740309045
2120220672,2160066560,2151677952,2136997888,2130706432,2149580800,2146435072,2129657856,2142240768,2139095040,2740325045
2139095040,2145386496,2145386496,2124414976,2133852160,2153775104,2150629376,2134900736,2138570752,2143289344,2740341067
2141192192,2159017984,2154823680,2142240768,2132803584,2151677952,2149580800,2133852160,2149318656,2141978624,2740357067
2126512128,2147483648,2143289344,2129657856,2129657856,2146435072,2143289344,2125463552,2136735744,2136211456,2740373065
2121269248,2150629376,2148532224,2134900736,2125463552,2143289344,2140143616,2120220672,2138832896,2132279296,2740389067
2119172096,2145386496,2147483648,2124414976,2126512128,2143289344,2140143616,2121269248,2134114304,2132803584,2740405089
2130706432,2149580800,2149580800,2127560704,2129657856,2148532224,2145386496,2128609280,2139357184,2138046464,2740421090
2134900736,2146435072,2157969408,2125463552,2133852160,2150629376,2150629376,2132803584,2141192192,2141978624,2740437086
2132803584,2157969408,2166358016,2142240768,2133852160,2151677952,2150629376,2133852160,2149842944,2142502912,2740453087
2124414976,2157969408,2155872256,2143289344,2130706432,2147483648,2146435072,2127560704,2145386496,2138046464,2740469112
2132803584,2139095040,2136997888,2118123520,2126512128,2144337920,2141192192,2121269248,2131755008,2133327872,2740485108
2120220672,2133852160,2132803584,2114977792,2125463552,2143289344,2139095040,2120220672,2125463552,2132017152,2740502001
2130706432,2150629376,2148532224,2130706432,2128609280,2146435072,2144337920,2125463552,2140143616,2136211456,2740518001
2139095040,2145386496,2146435072,2122317824,2132803584,2150629376,2148532224,2131755008,2138308608,2140930048,2740534001
2143289344,2143289344,2145386496,2125463552,2134900736,2151677952,2149580800,2133852160,2139357184,2142502912,2740550023
2140143616,2144337920,2144337920,2124414976,2132803584,2147483648,2146435072,2127560704,2138308608,2138570752,2740566022
2130706432,2138046464,2142240768,2121269248,2126512128,2144337920,2142240768,2123366400,2133065728,2134114304,2740582024
2120220672,2136997888,2143289344,2117074944,2125463552,2143289344,2140143616,2120220672,2129395712,2132279296,2740598023
2119172096,2140143616,2139095040,2121269248,2127560704,2146435072,2142240768,2124414976,2129920000,2135162880,2740614044
2126512128,2143289344,2144337920,2127560704,2131755008,2150629376,2148532224,2131755008,2135425024,2140667904,2740630044
2141192192,2149580800,2150629376,2127560704,2133852160,2151677952,2149580800,2134900736,2142240768,2142502912,2740646046
2127560704,2148532224,2148532224,2133852160,2131755008,2150629376,2148532224,2131755008,2139619328,2140667904,2740662046
2121269248,2153775104,2143289344,2136997888,2128609280,2146435072,2143289344,2124414976,2138832896,2135687168,2740678068
2127560704,2138046464,2134900736,2118123520,2125463552,2142240768,2140143616,2119172096,2129657856,2131755008,2740694066
2121269248,2135949312,2135949312,2117074944,2126512128,2144337920,2141192192,2122317824,2127560704,2133590016,2740710067
2122317824,2142240768,2141192192,2125463552,2131755008,2147483648,2146435072,2128609280,2132803584,2138570752,2740726066
2142240768,2145386496,2143289344,2128609280,2134900736,2152726528,2149580800,2133852160,2139881472,2142765056,2740742088
2134900736,2160066560,2162163712,2140143616,2132803584,2150629376,2149580800,2132803584,2149318656,2141454336,2740758086
2141192192,2143289344,2141192192,2123366400,2128609280,2146435072,2144337920,2126512128,2137260032,2136473600,2740774087
2126512128,2152726528,2150629376,2129657856,2125463552,2143289344,2141192192,2120220672,2139881472,2132541440,2740790088
2120220672,2151677952,2153775104,2132803584,2126512128,2144337920,2141192192,2122317824,2139619328,2133590016,2740806109
2127560704,2146435072,2151677952,2119172096,2130706432,2147483648,2145386496,2127560704,2136211456,2137784320,2740822107
2130706432,2162163712,2162163712,2138046464,2133852160,2152726528,2150629376,2133852160,2148270080,2142765056,2740839001
2138046464,2156920832,2154823680,2133852160,2133852160,2151677952,2149580800,2133852160,2145910784,2142240768,2740855001
2125463552,2155872256,2142240768,2141192192,2130706432,2147483648,2145386496,2127560704,2141192192,2137784320,2740871001
2122317824,2152726528,2154823680,2132803584,2125463552,2143289344,2140143616,2121269248,2140667904,2132541440,2740887000
2120220672,2139095040,2141192192,2118123520,2126512128,2143289344,2140143616,2121269248,2129657856,2132803584,2740903023
2123366400,2138046464,2135949312,2120220672,2128609280,2146435072,2144337920,2126512128,2129395712,2136473600,2740919024
2123366400,2161115136,2153775104,2146435072,2133852160,2150629376,2148532224,2132803584,2146172928,2141454336,2740935023
2142240768,2145386496,2143289344,2130706432,2133852160,2152726528,2150629376,2133852160,2140405760,2142765056,2740951023
2127560704,2155872256,2163212288,2140143616,2130706432,2148532224,2146435072,2129657856,2146697216,2138832896,2740967045
2132803584,2139095040,2138046464,2119172096,2126512128,2144337920,2142240768,2121269248,2132279296,2133590016,2740983048
2131755008,2134900736,2130706432,2110783488,2125463552,2143289344,2140143616,2120220672,2127036416,2132279296,2740999045
2134900736,2133852160,2134900736,2112880640,2128609280,2145386496,2143289344,2124414976,2129133568,2135425024,2741015046
2135949312,2154823680,2150629376,2135949312,2132803584,2150629376,2149580800,2131755008,2144337920,2141192192,2741031068
2144337920,2153775104,2142240768,2129657856,2133852160,2152726528,2150629376,2133852160,2142502912,2142765056,2741047067
2144337920,2153775104,2150629376,2131755008,2132803584,2149580800,2148532224,2129657856,2145124352,2140143616,2741063066
2122317824,2147483648,2147483648,2127560704,2127560704,2145386496,2142240768,2124414976,2136211456,2134900736,2741079068
2118123520,2143289344,2131755008,2122317824,2125463552,2142240768,2139095040,2119172096,2128871424,2131492864,2741095089
2122317824,2147483648,2154823680,2126512128,2126512128,2145386496,2143289344,2124414976,2137784320,2134900736,2741111088
2139095040,2146435072,2142240768,2122317824,2131755008,2149580800,2147483648,2130706432,2137522176,2139881472,2741127087
2144337920,2144337920,2142240768,2124414976,2134900736,2151677952,2149580800,2134900736,2138832896,2142765056,2741143089
2142240768,2154823680,2146435072,2138046464,2132803584,2150629376,2149580800,2131755008,2145386496,2141192192,2741159111
2124414976,2148532224,2151677952,2133852160,2128609280,2146435072,2143289344,2125463552,2139619328,2135949312,2741176001
2117074944,2147483648,2143289344,2128609280,2125463552,2143289344,2140143616,2121269248,2134114304,2132541440,2741192001
2119172096,2139095040,2136997888,2116026368,2126512128,2144337920,2140143616,2121269248,2127822848,2133065728,2741208001
2138046464,2146435072,2144337920,2117074944,2130706432,2148532224,2146435072,2128609280,2136473600,2138570752,2741224001
2136997888,2147483648,2141192192,2130706432,2134900736,2151677952,2150629376,2133852160,2139095040,2142765056,2741240025
2129657856,2159017984,2164260864,2147483648,2133852160,2150629376,2149580800,2132803584,2150105088,2141716480,2741256023
2134900736,2140143616,2141192192,2121269248,2129657856,2146435072,2144337920,2126512128,2134376448,2136735744,2741272023
2121269248,2139095040,2138046464,2117074944,2126512128,2143289344,2140143616,2120220672,2128871424,2132541440,2741288025
2118123520,2147483648,2142240768,2125463552,2126512128,2144337920,2141192192,2121269248,2133327872,2133327872,2741304045
2119172096,2150629376,2147483648,2133852160,2129657856,2147483648,2145386496,2127560704,2137784320,2137522176,2741320044
2124414976,2147483648,2147483648,2131755008,2133852160,2150629376,2148532224,2132803584,2137784320,2141454336,2741336044
2127560704,2162163712,2164260864,2143289344,2133852160,2151677952,2150629376,2133852160,2149318656,2142502912,2741352046
2139095040,2146435072,2150629376,2127560704,2131755008,2147483648,2146435072,2127560704,2140930048,2138308608,2741368067
2121269248,2139095040,2143289344,2119172096,2126512128,2144337920,2142240768,2121269248,2130706432,2133590016,2741384069
2121269248,2151677952,2149580800,2124414976,2125463552,2143289344,2139095040,2121269248,2136735744,2132279296,2741400067
2119172096,2147483648,2133852160,2130706432,2127560704,2145386496,2143289344,2125463552,2132803584,2135425024,2741416068
2124414976,2148532224,2150629376,2133852160,2132803584,2150629376,2148532224,2131755008,2139357184,2140930048,2741432087
2140143616,2147483648,2152726528,2126512128,2134900736,2151677952,2150629376,2133852160,2141716480,2142765056,2741448088
2124414976,2159017984,2154823680,2144337920,2131755008,2149580800,2147483648,2129657856,2145648640,2139619328,2741464087
2123366400,2148532224,2147483648,2131755008,2127560704,2144337920,2141192192,2123366400,2137784320,2134114304,2741480086
2118123520,2155872256,2142240768,2134900736,2125463552,2143289344,2139095040,2120220672,2137784320,2132017152,2741496108
2124414976,2146435072,2149580800,2121269248,2127560704,2145386496,2142240768,2123366400,2135425024,2134638592,2741512110
2138046464,2153775104,2145386496,2126512128,2132803584,2149580800,2147483648,2130706432,2140930048,2140143616,2741529001
2145386496,2145386496,2146435072,2128609280,2133852160,2151677952,2151677952,2133852160,2141454336,2142765056,2741545001
2136997888,2147483648,2142240768,2130706432,2132803584,2149580800,2148532224,2130706432,2139357184,2140405760,2741561001
2121269248,2161115136,2153775104,2138046464,2127560704,2145386496,2143289344,2124414976,2143551488,2135162880,2741577024
2124414976,2133852160,2136997888,2114977792,2126512128,2143289344,2140143616,2120220672,2127560704,2132541440,2741593023
2118123520,2148532224,2141192192,2129657856,2127560704,2144337920,2142240768,2122317824,2134376448,2134114304,2741609024
2128609280,2154823680,2151677952,2134900736,2130706432,2148532224,2146435072,2129657856,2142502912,2138832896,2741625024
2126512128,2150629376,2147483648,2138046464,2134900736,2151677952,2150629376,2133852160,2140667904,2142765056,2741641047
2129657856,2147483648,2147483648,2130706432,2132803584,2151677952,2149580800,2132803584,2138832896,2141716480,2741657043
2123366400,2161115136,2153775104,2142240768,2128609280,2146435072,2144337920,2125463552,2145124352,2136211456,2741673046
2119172096,2153775104,2147483648,2134900736,2125463552,2143289344,2141192192,2121269248,2138832896,2132803584,2741689045
2133852160,2141192192,2142240768,2114977792,2126512128,2143289344,2140143616,2121269248,2133065728,2132803584,2741705067
2133852160,2150629376,2138046464,2129657856,2129657856,2147483648,2145386496,2127560704,2138046464,2137522176,2741721065
2126512128,2165309440,2157969408,2142240768,2133852160,2151677952,2150629376,2133852160,2148007936,2142502912,2741737068
2125463552,2159017984,2151677952,2144337920,2133852160,2151677952,2150629376,2133852160,2145124352,2142502912,2741753066
2133852160,2143289344,2141192192,2123366400,2129657856,2148532224,2146435072,2128609280,2135425024,2138308608,2741769088
2139095040,2151677952,2135949312,2121269248,2126512128,2144337920,2141192192,2122317824,2136997888,2133590016,2741785087
2124414976,2152726528,2151677952,2125463552,2126512128,2143289344,2141192192,2121269248,2138570752,2133065728,2741801086
2120220672,2162163712,2147483648,2138046464,2128609280,2146435072,2143289344,2125463552,2141978624,2135949312,2741817088
2126512128,2157969408,2162163712,2141192192,2133852160,2151677952,2148532224,2132803584,2146959360,2141716480,2741833112
2128609280,2149580800,2146435072,2134900736,2134900736,2151677952,2150629376,2134900736,2139881472,2143027200,2741849107
2133852160,2146435072,2144337920,2126512128,2130706432,2149580800,2146435072,2129657856,2137784320,2139095040,2741866001
2130706432,2155872256,2150629376,2134900736,2127560704,2145386496,2142240768,2123366400,2143027200,2134638592,2741882001
2135949312,2136997888,2142240768,2116026368,2126512128,2142240768,2139095040,2120220672,2132803584,2132017152,2741898001
2130706432,2134900736,2136997888,2113929216,2128609280,2145386496,2143289344,2123366400,2129133568,2135162880,2741914000
2123366400,2161115136,2160066560,2136997888,2131755008,2151677952,2148532224,2132803584,2145386496,2141192192,2741930025
2127560704,2149580800,2147483648,2132803584,2134900736,2152726528,2150629376,2133852160,2139357184,2143027200,2741946023
2135949312,2147483648,2143289344,2130706432,2133852160,2148532224,2148532224,2129657856,2139357184,2140143616,2741962023
2142240768,2138046464,2139095040,2120220672,2127560704,2145386496,2143289344,2123366400,2134900736,2134900736,2741978022
2123366400,2135949312,2134900736,2114977792,2126512128,2142240768,2139095040,2118123520,2127298560,2131492864,2741994047
2135949312,2136997888,2133852160,2112880640,2127560704,2144337920,2142240768,2122317824,2129920000,2134114304,2742010047
2133852160,2141192192,2141192192,2122317824,2131755008,2149580800,2146435072,2130706432,2134638592,2139619328,2742026045
2126512128,2149580800,2152726528,2133852160,2133852160,2152726528,2151677952,2133852160,2140667904,2143027200,2742042043
2145386496,2143289344,2145386496,2125463552,2132803584,2151677952,2150629376,2132803584,2139881472,2141978624,2742058067
2124414976,2159017984,2156920832,2138046464,2128609280,2146435072,2143289344,2126512128,2144600064,2136211456,2742074066
2134900736,2136997888,2135949312,2116026368,2125463552,2143289344,2140143616,2120220672,2130968576,2132279296,2742090066
2122317824,2151677952,2151677952,2130706432,2126512128,2143289344,2141192192,2121269248,2139095040,2133065728,2742106065
2134900736,2138046464,2134900736,2117074944,2130706432,2147483648,2146435072,2127560704,2131230720,2138046464,2742122087
2126512128,2148532224,2145386496,2132803584,2133852160,2151677952,2148532224,2132803584,2138308608,2141716480,2742138088
2127560704,2154823680,2156920832,2142240768,2133852160,2151677952,2150629376,2132803584,2145386496,2142240768,2742154089
2132803584,2156920832,2160066560,2136997888,2130706432,2147483648,2146435072,2127560704,2146697216,2138046464,2742170086
2136997888,2141192192,2143289344,2117074944,2126512128,2143289344,2140143616,2121269248,2134638592,2132803584,2742186108
2119172096,2145386496,2140143616,2126512128,2126512128,2143289344,2140143616,2121269248,2132803584,2132803584,2742203001
2127560704,2153775104,2148532224,2128609280,2128609280,2148532224,2145386496,2127560704,2139619328,2137522176,2742219001
2129657856,2161115136,2159017984,2134900736,2133852160,2151677952,2150629376,2132803584,2146172928,2142240768,2742235001
2147483648,2147483648,2143289344,2126512128,2133852160,2152726528,2150629376,2134900736,2141192192,2143027200,2742251001
2136997888,2161115136,2156920832,2134900736,2130706432,2148532224,2146435072,2128609280,2147483648,2138570752,2742267026
2132803584,2150629376,2148532224,2125463552,2127560704,2144337920,2141192192,2122317824,2139357184,2133852160,2742283024
2134900736,2150629376,2140143616,2123366400,2125463552,2143289344,2140143616,2121269248,2137260032,2132541440,2742299022
2124414976,2155872256,2152726528,2132803584,2128609280,2146435072,2143289344,2125463552,2141454336,2135949312,2742315025
2124414976,2147483648,2142240768,2129657856,2131755008,2150629376,2147483648,2131755008,2135949312,2140405760,2742331046
2138046464,2144337920,2144337920,2128609280,2134900736,2151677952,2150629376,2133852160,2138832896,2142765056,2742347047
2140143616,2146435072,2143289344,2128609280,2132803584,2149580800,2148532224,2130706432,2139619328,2140405760,2742363044
2130706432,2157969408,2153775104,2129657856,2127560704,2145386496,2142240768,2123366400,2143027200,2134638592,2742379045
2133852160,2133852160,2131755008,2114977792,2126512128,2143289344,2139095040,2119172096,2128609280,2132017152,2742395068
2121269248,2135949312,2131755008,2117074944,2126512128,2145386496,2142240768,2123366400,2126512128,2134376448,2742411068
2135949312,2151677952,2140143616,2129657856,2131755008,2148532224,2146435072,2129657856,2139357184,2139095040,2742427065
2141192192,2146435072,2157969408,2126512128,2133852160,2152726528,2150629376,2134900736,2143027200,2143027200,2742443068
2125463552,2161115136,2157969408,2147483648,2132803584,2151677952,2149580800,2132803584,2148007936,2141716480,2742459090
2129657856,2161115136,2157969408,2139095040,2128609280,2147483648,2144337920,2125463552,2146959360,2136473600,2742475087
2132803584,2135949312,2133852160,2114977792,2125463552,2143289344,2140143616,2121269248,2129395712,2132541440,2742491086
2120220672,2139095040,2132803584,2122317824,2127560704,2144337920,2141192192,2121269248,2128609280,2133590016,2742507087
2122317824,2150629376,2149580800,2133852160,2129657856,2148532224,2145386496,2128609280,2139095040,2138046464,2742523110
2127560704,2147483648,2146435072,2131755008,2134900736,2152726528,2150629376,2133852160,2138308608,2143027200,2742539110
2144337920,2146435072,2144337920,2126512128,2133852160,2151677952,2149580800,2133852160,2140405760,2142240768,2742556001
2139095040,2144337920,2141192192,2125463552,2129657856,2146435072,2145386496,2126512128,2137522176,2136997888,2742572001
2141192192,2142240768,2135949312,2118123520,2126512128,2143289344,2140143616,2120220672,2134376448,2132541440,2742588001
2120220672,2138046464,2131755008,2119172096,2127560704,2142240768,2139095040,2120220672,2127298560,2132279296,2742604024
2140143616,2139095040,2135949312,2114977792,2130706432,2146435072,2145386496,2126512128,2132541440,2137260032,2742620024
2126512128,2160066560,2159017984,2141192192,2132803584,2151677952,2149580800,2132803584,2146697216,2141716480,2742636024
2139095040,2145386496,2147483648,2129657856,2133852160,2151677952,2150629376,2133852160,2140405760,2142502912,2742652025
2131755008,2147483648,2143289344,2126512128,2129657856,2148532224,2146435072,2128609280,2137260032,2138308608,2742668046
2134900736,2138046464,2135949312,2119172096,2127560704,2143289344,2140143616,2121269248,2132017152,2133065728,2742684044
2129657856,2148532224,2145386496,2123366400,2126512128,2143289344,2139095040,2120220672,2136735744,2132279296,2742700047
2129657856,2138046464,2136997888,2118123520,2128609280,2146435072,2143289344,2125463552,2130706432,2135949312,2742716045
2140143616,2140143616,2143289344,2121269248,2131755008,2151677952,2148532224,2132803584,2136211456,2141192192,2742732065
2131755008,2164260864,2159017984,2140143616,2133852160,2152726528,2150629376,2134900736,2148794368,2143027200,2742748065
2126512128,2146435072,2147483648,2130706432,2132803584,2149580800,2147483648,2129657856,2137784320,2139881472,2742764066
2126512128,2149580800,2152726528,2132803584,2126512128,2146435072,2142240768,2124414976,2140405760,2134900736,2742780069
2119172096,2151677952,2147483648,2132803584,2125463552,2143289344,2140143616,2120220672,2137784320,2132279296,2742796088
2138046464,2135949312,2136997888,2114977792,2127560704,2145386496,2142240768,2123366400,2131492864,2134638592,2742812087
2124414976,2145386496,2147483648,2129657856,2132803584,2149580800,2147483648,2130706432,2136735744,2140143616,2742828088
2139095040,2162163712,2157969408,2144337920,2133852160,2152726528,2150629376,2134900736,2150891520,2143027200,2742844089
2136997888,2159017984,2154823680,2141192192,2132803584,2150629376,2148532224,2131755008,2148007936,2140930048,2742860107
2140143616,2146435072,2136997888,2122317824,2129657856,2146435072,2142240768,2125463552,2136473600,2135949312,2742876106
2130706432,2150629376,2144337920,2127560704,2125463552,2143289344,2140143616,2120220672,2138308608,2132279296,2742893001
2117074944,2150629376,2135949312,2132803584,2126512128,2145386496,2142240768,2123366400,2134114304,2134376448,2742909001
2128609280,2138046464,2139095040,2119172096,2131755008,2147483648,2146435072,2128609280,2131230720,2138570752,2742925001
2140143616,2143289344,2143289344,2123366400,2133852160,2152726528,2150629376,2133852160,2137522176,2142765056,2742941001
2124414976,2152726528,2151677952,2138046464,2132803584,2151677952,2149580800,2132803584,2141716480,2141716480,2742957024
2128609280,2155872256,2159017984,2139095040,2130706432,2146435072,2145386496,2125463552,2145648640,2136997888,2742973023
2126512128,2153775104,2151677952,2124414976,2126512128,2143289344,2140143616,2120220672,2139095040,2132541440,2742989024
2119172096,2141192192,2131755008,2122317824,2125463552,2144337920,2141192192,2121269248,2128609280,2133065728,2743005022
2119172096,2156920832,2147483648,2135949312,2129657856,2147483648,2145386496,2127560704,2139881472,2137522176,2743021046
2125463552,2163212288,2159017984,2143289344,2133852160,2151677952,2150629376,2133852160,2147745792,2142502912,2743037045
2129657856,2159017984,2161115136,2144337920,2133852160,2152726528,2150629376,2134900736,2148532224,2143027200,2743053046
2146435072,2144337920,2142240768,2124414976,2129657856,2148532224,2145386496,2128609280,2139357184,2138046464,2743069044
2124414976,2155872256,2153775104,2133852160,2127560704,2143289344,2140143616,2121269248,2141978624,2133065728,2743085067
2119172096,2147483648,2141192192,2127560704,2125463552,2144337920,2140143616,2121269248,2133852160,2132803584,2743101066
2118123520,2150629376,2145386496,2133852160,2129657856,2146435072,2143289344,2125463552,2136997888,2136211456,2743117065
2130706432,2159017984,2151677952,2134900736,2132803584,2151677952,2148532224,2132803584,2144075776,2141454336,2743133065
2132803584,2159017984,2159017984,2139095040,2133852160,2152726528,2151677952,2134900736,2147483648,2143289344,2743149090
2145386496,2146435072,2146435072,2123366400,2131755008,2149580800,2147483648,2129657856,2140405760,2139619328,2743165089
2143289344,2139095040,2140143616,2114977792,2127560704,2144337920,2141192192,2122317824,2134376448,2133852160,2743181088
2128609280,2143289344,2144337920,2113929216,2125463552,2143289344,2140143616,2121269248,2132541440,2132541440,2743197087
2128609280,2153775104,2145386496,2125463552,2127560704,2146435072,2143289344,2124414976,2138308608,2135425024,2743213111
2126512128,2159017984,2159017984,2138046464,2132803584,2149580800,2148532224,2131755008,2145648640,2140667904,2743230001
2125463552,2161115136,2161115136,2146435072,2133852160,2152726528,2151677952,2134900736,2148532224,2143289344,2743246001
2127560704,2163212288,2161115136,2142240768,2131755008,2149580800,2148532224,2130706432,2148532224,2140143616,2743262001
2136997888,2146435072,2146435072,2120220672,2128609280,2144337920,2142240768,2122317824,2137522176,2134376448,2743278001
2130706432,2150629376,2146435072,2127560704,2125463552,2143289344,2140143616,2120220672,2138832896,2132279296,2743294023
2124414976,2150629376,2148532224,2129657856,2126512128,2145386496,2142240768,2123366400,2138308608,2134376448,2743310024
2135949312,2138046464,2138046464,2120220672,2131755008,2148532224,2146435072,2128609280,2133065728,2138832896,2743326022
2132803584,2161115136,2162163712,2135949312,2133852160,2151677952,2151677952,2133852160,2148007936,2142765056,2743342022
2147483648,2142240768,2146435072,2125463552,2133852160,2150629376,2149580800,2132803584,2140405760,2141716480,2743358045
2142240768,2146435072,2139095040,2121269248,2128609280,2146435072,2144337920,2125463552,2137260032,2136211456,2743374046
2119172096,2147483648,2140143616,2130706432,2126512128,2142240768,2139095040,2120220672,2134376448,2132017152,2743390045
2118123520,2155872256,2148532224,2129657856,2125463552,2145386496,2141192192,2122317824,2138046464,2133590016,2743406046
2134900736,2139095040,2136997888,2119172096,2130706432,2147483648,2145386496,2127560704,2132541440,2137784320,2743422067
2138046464,2156920832,2154823680,2134900736,2133852160,2150629376,2150629376,2132803584,2146172928,2141978624,2743438065
2140143616,2142240768,2142240768,2125463552,2133852160,2152726528,2150629376,2133852160,2137522176,2142765056,2743454065
2138046464,2142240768,2143289344,2124414976,2130706432,2147483648,2145386496,2127560704,2136997888,2137784320,2743470069
2123366400,2147483648,2150629376,2128609280,2126512128,2143289344,2141192192,2121269248,2137522176,2133065728,2743486090
2120220672,2139095040,2136997888,2117074944,2125463552,2142240768,2139095040,2120220672,2128347136,2131755008,2743502088
2133852160,2146435072,2146435072,2127560704,2129657856,2146435072,2145386496,2125463552,2138570752,2136735744,2743518087
2143289344,2140143616,2141192192,2121269248,2133852160,2149580800,2148532224,2131755008,2136473600,2140930048,2743534087
2138046464,2142240768,2144337920,2127560704,2133852160,2151677952,2150629376,2133852160,2138046464,2142502912,2743550110
2124414976,2149580800,2143289344,2134900736,2130706432,2149580800,2146435072,2129657856,2138046464,2139095040,2743566111
2119172096,2160066560,2148532224,2134900736,2127560704,2144337920,2141192192,2122317824,2140667904,2133852160,2743583001
2117074944,2155872256,2141192192,2131755008,2125463552,2143289344,2140143616,2120220672,2136473600,2132279296,2743599001
2138046464,2140143616,2134900736,2120220672,2128609280,2145386496,2143289344,2124414976,2133327872,2135425024,2743615001
2139095040,2156920832,2144337920,2131755008,2132803584,2150629376,2148532224,2131755008,2143027200,2140930048,2743631023
2131755008,2147483648,2143289344,2132803584,2133852160,2152726528,2150629376,2134900736,2138832896,2143027200,2743647024
2128609280,2166358016,2165309440,2140143616,2131755008,2149580800,2148532224,2130706432,2150105088,2140143616,2743663024
2133852160,2139095040,2136997888,2119172096,2128609280,2145386496,2142240768,2123366400,2132279296,2134900736,2743679024
2121269248,2154823680,2153775104,2126512128,2125463552,2143289344,2140143616,2121269248,2139095040,2132541440,2743695045
2130706432,2144337920,2144337920,2118123520,2127560704,2144337920,2141192192,2122317824,2134376448,2133852160,2743711046
2122317824,2147483648,2144337920,2130706432,2132803584,2149580800,2146435072,2129657856,2136211456,2139619328,2743727045
2149580800,2143289344,2144337920,2123366400,2133852160,2152726528,2151677952,2134900736,2140143616,2143289344,2743743044
2132803584,2169503744,2162163712,2141192192,2132803584,2151677952,2149580800,2131755008,2151415808,2141454336,2743759067
2122317824,2157969408,2155872256,2138046464,2128609280,2146435072,2143289344,2125463552,2143551488,2135949312,2743775065
2133852160,2135949312,2132803584,2113929216,2125463552,2143289344,2140143616,2120220672,2129133568,2132279296,2743791067
2117074944,2151677952,2148532224,2129657856,2126512128,2144337920,2141192192,2122317824,2136735744,2133590016,2743807067
2120220672,2147483648,2142240768,2130706432,2129657856,2148532224,2145386496,2128609280,2135162880,2138046464,2743823088
2133852160,2154823680,2155872256,2130706432,2133852160,2152726528,2150629376,2133852160,2143813632,2142765056,2743839089
2129657856,2146435072,2144337920,2132803584,2133852160,2150629376,2149580800,2132803584,2138308608,2141716480,2743855089
2142240768,2146435072,2145386496,2125463552,2129657856,2147483648,2145386496,2127560704,2139881472,2137522176,2743871088
2121269248,2143289344,2147483648,2125463552,2126512128,2144337920,2141192192,2121269248,2134376448,2133327872,2743887109
2129657856,2139095040,2132803584,2113929216,2125463552,2144337920,2140143616,2121269248,2128871424,2132803584,2743903111
2133852160,2135949312,2134900736,2117074944,2130706432,2147483648,2143289344,2127560704,2130444288,2137260032,2743920001
2123366400,2157969408,2149580800,2142240768,2133852160,2150629376,2149580800,2133852160,2143289344,2141978624,2743936001
2147483648,2146435072,2146435072,2127560704,2134900736,2151677952,2149580800,2133852160,2141978624,2142502912,2743952001
2133852160,2160066560,2152726528,2138046464,2129657856,2148532224,2145386496,2129657856,2146172928,2138308608,2743968001
2133852160,2149580800,2146435072,2123366400,2126512128,2143289344,2141192192,2121269248,2138308608,2133065728,2743984025
2116026368,2151677952,2136997888,2132803584,2126512128,2143289344,2139095040,2120220672,2134376448,2132279296,2744000022
2120220672,2157969408,2156920832,2130706432,2127560704,2147483648,2145386496,2125463552,2141454336,2136473600,2744016024
2123366400,2160066560,2150629376,2143289344,2132803584,2150629376,2148532224,2132803584,2144337920,2141192192,2744032022
2145386496,2144337920,2144337920,2128609280,2134900736,2151677952,2149580800,2134900736,2140667904,2142765056,2744048045
2144337920,2145386496,2143289344,2125463552,2131755008,2149580800,2147483648,2130706432,2139619328,2139881472,2744064047
2126512128,2154823680,2154823680,2138046464,2127560704,2145386496,2143289344,2124414976,2143551488,2135162880,2744080046
2128609280,2147483648,2146435072,2125463552,2126512128,2142240768,2140143616,2120220672,2136997888,2132279296,2744096046
2121269248,2148532224,2149580800,2130706432,2128609280,2145386496,2142240768,2123366400,2137522176,2134900736,2744112067
2122317824,2149580800,2143289344,2133852160,2131755008,2150629376,2147483648,2130706432,2137260032,2140143616,2744128066
2135949312,2145386496,2146435072,2125463552,2134900736,2150629376,2150629376,2133852160,2138308608,2142502912,2744144066
2143289344,2154823680,2145386496,2129657856,2132803584,2150629376,2148532224,2131755008,2143289344,2140930048,2744160066
2122317824,2156920832,2152726528,2138046464,2128609280,2146435072,2143289344,2124414976,2142502912,2135687168,2744176089
2118123520,2147483648,2141192192,2130706432,2126512128,2142240768,2139095040,2120220672,2134376448,2132017152,2744192087
2130706432,2146435072,2149580800,2117074944,2126512128,2144337920,2142240768,2122317824,2135949312,2133852160,2744208086
2128609280,2152726528,2150629376,2133852160,2131755008,2148532224,2145386496,2128609280,2141454336,2138570752,2744224087
2126512128,2150629376,2155872256,2135949312,2134900736,2151677952,2150629376,2133852160,2142240768,2142765056,2744240109
2134900736,2159017984,2163212288,2138046464,2133852160,2150629376,2149580800,2132803584,2148794368,2141716480,2744257001
2143289344,2156920832,2146435072,2125463552,2129657856,2146435072,2144337920,2125463552,2143027200,2136473600,2744273001
2133852160,2136997888,2136997888,2113929216,2126512128,2143289344,2140143616,2120220672,2130444288,2132541440,2744289001
2119172096,2147483648,2147483648,2128609280,2125463552,2144337920,2141192192,2121269248,2135687168,2133065728,2744305001
2124414976,2154823680,2156920832,2133852160,2129657856,2147483648,2145386496,2127560704,2142502912,2137522176,2744321023
2135949312,2146435072,2153775104,2129657856,2133852160,2151677952,2150629376,2132803584,2141454336,2142240768,2744337023
2140143616,2156920832,2156920832,2129657856,2133852160,2151677952,2150629376,2133852160,2145910784,2142502912,2744353022
2139095040,2146435072,2146435072,2126512128,2129657856,2148532224,2146435072,2129657856,2139619328,2138570752,2744369024
2139095040,2146435072,2135949312,2119172096,2127560704,2143289344,2140143616,2120220672,2135162880,2132803584,2744385045
2126512128,2146435072,2152726528,2117074944,2126512128,2143289344,2141192192,2120220672,2135687168,2132803584,2744401044
2131755008,2146435072,2151677952,2122317824,2128609280,2146435072,2144337920,2125463552,2138046464,2136211456,2744417044
2124414976,2157969408,2160066560,2141192192,2133852160,2150629376,2148532224,2130706432,2145910784,2140930048,2744433046
2147483648,2150629376,2146435072,2129657856,2134900736,2151677952,2150629376,2133852160,2143551488,2142765056,2744449066
2143289344,2159017984,2143289344,2133852160,2130706432,2149580800,2147483648,2130706432,2144862208,2139619328,2744465067
2124414976,2162163712,2157969408,2134900736,2127560704,2145386496,2141192192,2123366400,2144862208,2134376448,2744481064
2132803584,2136997888,2132803584,2116026368,2126512128,2143289344,2139095040,2120220672,2129657856,2132279296,2744497067
2132803584,2139095040,2134900736,2114977792,2127560704,2146435072,2142240768,2124414976,2130444288,2135162880,2744513089
2136997888,2140143616,2135949312,2120220672,2131755008,2150629376,2148532224,2130706432,2133327872,2140405760,2744529087
2139095040,2150629376,2153775104,2130706432,2134900736,2152726528,2150629376,2135949312,2143551488,2143551488,2744545088
2125463552,2153775104,2147483648,2139095040,2132803584,2150629376,2148532224,2130706432,2141454336,2140667904,2744561089
2121269248,2154823680,2149580800,2138046464,2128609280,2146435072,2143289344,2125463552,2140930048,2135949312,2744577110
2125463552,2139095040,2139095040,2113929216,2125463552,2143289344,2139095040,2121269248,2129395712,2132279296,2744593110
2121269248,2147483648,2151677952,2130706432,2127560704,2144337920,2142240768,2122317824,2137784320,2134114304,2744610000
2126512128,2153775104,2155872256,2131755008,2130706432,2148532224,2147483648,2129657856,2141978624,2139095040,2744626001
2130706432,2159017984,2161115136,2135949312,2133852160,2151677952,2150629376,2133852160,2146697216,2142502912,2744642001
2129657856,2160066560,2163212288,2145386496,2132803584,2151677952,2148532224,2132803584,2149580800,2141454336,2744658023
2130706432,2159017984,2159017984,2138046464,2128609280,2146435072,2144337920,2125463552,2146697216,2136211456,2744674024
2136997888,2135949312,2134900736,2114977792,2125463552,2143289344,2140143616,2120220672,2130706432,2132279296,2744690024
2123366400,2155872256,2148532224,2132803584,2126512128,2144337920,2140143616,2121269248,2140143616,2133065728,2744706022
2140143616,2149580800,2136997888,2125463552,2129657856,2148532224,2145386496,2127560704,2138046464,2137784320,2744722045
2146435072,2145386496,2143289344,2125463552,2133852160,2152726528,2149580800,2134900736,2140143616,2142765056,2744738044
2135949312,2146435072,2144337920,2130706432,2133852160,2151677952,2149580800,2133852160,2139357184,2142240768,2744754045
2129657856,2156920832,2162163712,2136997888,2128609280,2148532224,2145386496,2128609280,2146435072,2137784320,2744770047
2122317824,2140143616,2133852160,2120220672,2125463552,2144337920,2140143616,2121269248,2129133568,2132803584,2744786068
2121269248,2151677952,2148532224,2130706432,2125463552,2143289344,2140143616,2120220672,2138046464,2132279296,2744802065
2120220672,2143289344,2139095040,2126512128,2129657856,2147483648,2144337920,2126512128,2132279296,2136997888,2744818067
2133852160,2157969408,2155872256,2133852160,2132803584,2150629376,2149580800,2132803584,2145386496,2141454336,2744834066
2132803584,2165309440,2160066560,2145386496,2132803584,2152726528,2150629376,2134900736,2150891520,2142765056,2744850087
2144337920,2143289344,2143289344,2123366400,2131755008,2148532224,2147483648,2128609280,2138570752,2139095040,2744866085
2122317824,2143289344,2154823680,2124414976,2126512128,2145386496,2142240768,2123366400,2136211456,2134376448,2744882088
2120220672,2152726528,2152726528,2129657856,2126512128,2142240768,2139095040,2119172096,2138832896,2131755008,2744898087
2124414976,2152726528,2146435072,2125463552,2127560704,2146435072,2143289344,2124414976,2137260032,2135425024,2744914108
2130706432,2155872256,2153775104,2132803584,2132803584,2150629376,2147483648,2131755008,2143289344,2140667904,2744930105
2128609280,2164260864,2160066560,2147483648,2134900736,2152726528,2150629376,2134900736,2150105088,2143289344,2744947001
2145386496,2145386496,2144337920,2125463552,2131755008,2149580800,2147483648,2130706432,2140143616,2139881472,2744963001
2142240768,2138046464,2138046464,2120220672,2127560704,2145386496,2143289344,2123366400,2134638592,2134900736,2744979001
2129657856,2149580800,2149580800,2125463552,2125463552,2143289344,2139095040,2120220672,2138570752,2132017152,2744995001
2138046464,2136997888,2133852160,2110783488,2128609280,2144337920,2141192192,2122317824,2129920000,2134114304,2745011022
2128609280,2139095040,2139095040,2122317824,2130706432,2149580800,2147483648,2130706432,2132279296,2139619328,2745027023
2131755008,2145386496,2142240768,2130706432,2133852160,2151677952,2151677952,2133852160,2137522176,2142765056,2745043024
2126512128,2159017984,2164260864,2145386496,2132803584,2150629376,2148532224,2131755008,2148794368,2140930048,2745059022
2130706432,2157969408,2154823680,2132803584,2129657856,2146435072,2144337920,2124414976,2144075776,2136211456,2745075045
2119172096,2139095040,2139095040,2121269248,2126512128,2143289344,2140143616,2120220672,2129657856,2132541440,2745091046
2118123520,2142240768,2135949312,2123366400,2127560704,2143289344,2141192192,2122317824,2129920000,2133590016,2745107047
2134900736,2140143616,2136997888,2120220672,2129657856,2149580800,2146435072,2128609280,2133065728,2138570752,2745123044
2146435072,2146435072,2143289344,2126512128,2134900736,2151677952,2150629376,2132803584,2140667904,2142502912,2745139066
2144337920,2152726528,2142240768,2133852160,2132803584,2151677952,2150629376,2133852160,2143289344,2142240768,2745155068
2125463552,2155872256,2154823680,2141192192,2129657856,2147483648,2145386496,2126512128,2144337920,2137260032,2745171068
2124414976,2156920832,2152726528,2131755008,2126512128,2143289344,2140143616,2121269248,2141454336,2132803584,2745187064
2138046464,2136997888,2133852160,2113929216,2126512128,2142240768,2140143616,2120220672,2130706432,2132279296,2745203086
2134900736,2139095040,2134900736,2114977792,2129657856,2146435072,2144337920,2126512128,2130968576,2136735744,2745219089
2124414976,2147483648,2147483648,2127560704,2133852160,2151677952,2149580800,2133852160,2136735744,2142240768,2745235089
2130706432,2159017984,2162163712,2145386496,2133852160,2151677952,2150629376,2134900736,2149318656,2142765056,2745251086
2144337920,2156920832,2144337920,2130706432,2130706432,2149580800,2146435072,2129657856,2144075776,2139095040,2745267108
2121269248,2160066560,2155872256,2139095040,2126512128,2145386496,2140143616,2123366400,2144075776,2133852160,2745284001
2140143616,2134900736,2133852160,2110783488,2125463552,2142240768,2139095040,2120220672,2129920000,2131755008,2745300001
2119172096,2141192192,2139095040,2122317824,2128609280,2145386496,2143289344,2125463552,2130444288,2135687168,2745316001
2141192192,2143289344,2142240768,2123366400,2132803584,2150629376,2148532224,2131755008,2137522176,2140930048,2745332001
2133852160,2154823680,2159017984,2129657856,2133852160,2152726528,2150629376,2134900736,2144337920,2143027200,2745348024
2126512128,2163212288,2163212288,2145386496,2132803584,2149580800,2147483648,2129657856,2149580800,2139881472,2745364023
2122317824,2160066560,2151677952,2139095040,2126512128,2145386496,2143289344,2124414976,2143289344,2134900736,2745380023
2133852160,2146435072,2142240768,2126512128,2125463552,2142240768,2140143616,2119172096,2137260032,2131755008,2745396023
2119172096,2147483648,2149580800,2128609280,2128609280,2145386496,2142240768,2123366400,2136211456,2134900736,2745412047
2142240768,2140143616,2138046464,2121269248,2132803584,2149580800,2147483648,2130706432,2135425024,2140143616,2745428045
2146435072,2146435072,2144337920,2126512128,2133852160,2152726528,2150629376,2134900736,2140930048,2143027200,2745444044
2125463552,2155872256,2151677952,2144337920,2132803584,2150629376,2148532224,2131755008,2144337920,2140930048,2745460047
2124414976,2152726528,2148532224,2139095040,2128609280,2145386496,2143289344,2124414976,2141192192,2135425024,2745476069
2138046464,2138046464,2134900736,2116026368,2125463552,2143289344,2139095040,2120220672,2131755008,2132017152,2745492067
2131755008,2136997888,2135949312,2113929216,2127560704,2144337920,2141192192,2122317824,2129657856,2133852160,2745508064
2134900736,2154823680,2146435072,2128609280,2130706432,2148532224,2146435072,2127560704,2141192192,2138308608,2745524067
2127560704,2153775104,2156920832,2138046464,2134900736,2151677952,2150629376,2134900736,2144075776,2143027200,2745540088
2127560704,2153775104,2149580800,2139095040,2132803584,2151677952,2149580800,2132803584,2142502912,2141716480,2745556088
2143289344,2140143616,2139095040,2120220672,2129657856,2147483648,2144337920,2126512128,2135687168,2136997888,2745572086
2135949312,2146435072,2146435072,2117074944,2126512128,2143289344,2140143616,2120220672,2136473600,2132541440,2745588087
2121269248,2139095040,2136997888,2118123520,2126512128,2144337920,2140143616,2121269248,2128871424,2133065728,2745604108
2126512128,2152726528,2152726528,2131755008,2130706432,2147483648,2145386496,2127560704,2140930048,2137784320,2745620107
2144337920,2142240768,2143289344,2126512128,2133852160,2151677952,2149580800,2133852160,2139095040,2142240768,2745637000
2127560704,2166358016,2157969408,2151677952,2133852160,2151677952,2149580800,2134900736,2150891520,2142502912,2745653001
2123366400,2151677952,2149580800,2134900736,2131755008,2148532224,2145386496,2128609280,2139881472,2138570752,2745669001
2127560704,2154823680,2145386496,2129657856,2126512128,2144337920,2140143616,2122317824,2139357184,2133327872,2745685024
2133852160,2133852160,2133852160,2111832064,2125463552,2143289344,2140143616,2121269248,2128347136,2132541440,2745701024
2141192192,2135949312,2136997888,2112880640,2128609280,2146435072,2143289344,2125463552,2131755008,2135949312,2745717025
2143289344,2142240768,2141192192,2121269248,2131755008,2151677952,2149580800,2132803584,2136997888,2141454336,2745733023
2126512128,2153775104,2157969408,2141192192,2132803584,2152726528,2151677952,2134900736,2144862208,2143027200,2745749046
2134900736,2162163712,2154823680,2135949312,2131755008,2149580800,2147483648,2129657856,2146959360,2139619328,2745765045
2124414976,2154823680,2150629376,2127560704,2127560704,2145386496,2142240768,2123366400,2139357184,2134638592,2745781045
2123366400,2151677952,2151677952,2123366400,2126512128,2143289344,2140143616,2120220672,2137522176,2132541440,2745797045
2118123520,2138046464,2136997888,2120220672,2127560704,2145386496,2143289344,2124414976,2128347136,2135162880,2745813067
2128609280,2143289344,2143289344,2124414976,2131755008,2149580800,2147483648,2130706432,2134900736,2139881472,2745829065
2143289344,2157969408,2152726528,2133852160,2134900736,2152726528,2150629376,2133852160,2146959360,2143027200,2745845069
2126512128,2149580800,2151677952,2134900736,2132803584,2150629376,2148532224,2131755008,2140667904,2140930048,2745861068
2125463552,2147483648,2157969408,2127560704,2128609280,2145386496,2142240768,2124414976,2139619328,2135162880,2745877091
2118123520,2143289344,2142240768,2124414976,2126512128,2142240768,2139095040,2119172096,2132017152,2131755008,2745893089
2120220672,2155872256,2152726528,2126512128,2127560704,2144337920,2141192192,2122317824,2138832896,2133852160,2745909088
2130706432,2144337920,2150629376,2119172096,2130706432,2148532224,2146435072,2129657856,2136211456,2138832896,2745925090
2126512128,2148532224,2155872256,2135949312,2133852160,2151677952,2150629376,2134900736,2141716480,2142765056,2745941110
2128609280,2155872256,2163212288,2143289344,2133852160,2150629376,2148532224,2132803584,2147745792,2141454336,2745957110
2135949312,2152726528,2152726528,2121269248,2129657856,2146435072,2144337920,2126512128,2140667904,2136735744,2745974001
2136997888,2133852160,2135949312,2112880640,2125463552,2143289344,2140143616,2121269248,2129920000,2132541440,2745990001
2118123520,2145386496,2134900736,2125463552,2126512128,2144337920,2140143616,2122317824,2130968576,2133327872,2746006001
2138046464,2138046464,2136997888,2118123520,2130706432,2147483648,2145386496,2127560704,2132803584,2137784320,2746022001
2132803584,2145386496,2146435072,2126512128,2133852160,2151677952,2149580800,2134900736,2137784320,2142502912,2746038024
2148532224,2145386496,2151677952,2125463552,2133852160,2151677952,2149580800,2133852160,2142765056,2142240768,2746054023
2142240768,2142240768,2140143616,2124414976,2129657856,2148532224,2145386496,2128609280,2137260032,2138046464,2746070023
2141192192,2139095040,2135949312,2114977792,2125463552,2144337920,2141192192,2122317824,2132803584,2133327872,2746086023
2119172096,2133852160,2135949312,2114977792,2126512128,2142240768,2140143616,2120220672,2125987840,2132279296,2746102045
2138046464,2136997888,2134900736,2114977792,2129657856,2147483648,2144337920,2126512128,2131230720,2136997888,2746118045
2142240768,2150629376,2139095040,2127560704,2132803584,2151677952,2149580800,2132803584,2139881472,2141716480,2746134045
2144337920,2142240768,2143289344,2125463552,2134900736,2151677952,2150629376,2134900736,2138832896,2143027200,2746150044
2146435072,2144337920,2141192192,2123366400,2131755008,2149580800,2146435072,2129657856,2138832896,2139357184,2746166068
2139095040,2138046464,2139095040,2117074944,2126512128,2144337920,2142240768,2123366400,2133327872,2134114304,2746182067
2130706432,2148532224,2144337920,2127560704,2125463552,2143289344,2140143616,2121269248,2137784320,2132541440,2746198065
2130706432,2144337920,2143289344,2118123520,2128609280,2146435072,2143289344,2124414976,2134114304,2135687168,2746214065
2133852160,2143289344,2141192192,2120220672,2131755008,2150629376,2148532224,2131755008,2134638592,2140667904,2746230087
2142240768,2146435072,2155872256,2128609280,2133852160,2152726528,2151677952,2134900736,2143289344,2143289344,2746246088
2141192192,2156920832,2146435072,2134900736,2132803584,2149580800,2147483648,2130706432,2144862208,2140143616,2746262087
2126512128,2157969408,2154823680,2133852160,2128609280,2144337920,2142240768,2123366400,2143289344,2134638592,2746278088
2133852160,2145386496,2131755008,2113929216,2125463552,2143289344,2140143616,2120220672,2131230720,2132279296,2746294109
2121269248,2135949312,2135949312,2114977792,2127560704,2144337920,2142240768,2123366400,2127036416,2134376448,2746311001
2138046464,2142240768,2146435072,2124414976,2131755008,2149580800,2148532224,2130706432,2137784320,2140143616,2746327001
2129657856,2147483648,2144337920,2129657856,2133852160,2151677952,2150629376,2134900736,2137784320,2142765056,2746343001
2138046464,2145386496,2143289344,2125463552,2133852160,2151677952,2149580800,2132803584,2138046464,2141978624,2746359001
2135949312,2144337920,2141192192,2122317824,2129657856,2146435072,2144337920,2125463552,2135949312,2136473600,2746375024
2118123520,2148532224,2143289344,2131755008,2125463552,2143289344,2140143616,2120220672,2135425024,2132279296,2746391025
2124414976,2154823680,2152726528,2125463552,2126512128,2144337920,2142240768,2121269248,2139357184,2133590016,2746407023
2120220672,2147483648,2151677952,2130706432,2130706432,2148532224,2146435072,2127560704,2137522176,2138308608,2746423024
2125463552,2151677952,2147483648,2139095040,2133852160,2151677952,2149580800,2133852160,2140930048,2142240768,2746439045
2127560704,2152726528,2152726528,2139095040,2133852160,2151677952,2149580800,2133852160,2143027200,2142240768,2746455046
2142240768,2139095040,2141192192,2119172096,2129657856,2147483648,2145386496,2127560704,2135425024,2137522176,2746471044
2126512128,2157969408,2151677952,2136997888,2126512128,2143289344,2140143616,2121269248,2143289344,2132803584,2746487045
2139095040,2145386496,2132803584,2113929216,2126512128,2143289344,2140143616,2121269248,2132803584,2132803584,2746503066
2121269248,2147483648,2145386496,2128609280,2129657856,2146435072,2144337920,2125463552,2135687168,2136473600,2746519070
2128609280,2162163712,2160066560,2140143616,2133852160,2150629376,2149580800,2132803584,2147745792,2141716480,2746535066
2142240768,2142240768,2142240768,2125463552,2133852160,2152726528,2150629376,2133852160,2138046464,2142765056,2746551066
2141192192,2146435072,2146435072,2127560704,2130706432,2149580800,2147483648,2129657856,2140405760,2139357184,2746567087
2131755008,2138046464,2139095040,2117074944,2127560704,2144337920,2141192192,2122317824,2131492864,2133852160,2746583088
2135949312,2134900736,2131755008,2111832064,2125463552,2143289344,2139095040,2120220672,2128609280,2132017152,2746599089
2131755008,2139095040,2131755008,2118123520,2127560704,2146435072,2143289344,2124414976,2130182144,2135425024,2746615090
2126512128,2156920832,2156920832,2139095040,2131755008,2150629376,2148532224,2131755008,2144862208,2140667904,2746631110
2124414976,2159017984,2153775104,2147483648,2134900736,2152726528,2150629376,2134900736,2146172928,2143289344,2746647108
2127560704,2147483648,2149580800,2131755008,2131755008,2149580800,2147483648,2130706432,2139095040,2139881472,2746664000
2139095040,2150629376,2146435072,2128609280,2127560704,2145386496,2142240768,2123366400,2141192192,2134638592,2746680001
2121269248,2157969408,2150629376,2134900736,2125463552,2143289344,2140143616,2120220672,2141192192,2132279296,2746696001
2120220672,2141192192,2135949312,2122317824,2126512128,2145386496,2141192192,2124414976,2129920000,2134376448,2746712024
2123366400,2142240768,2140143616,2126512128,2131755008,2149580800,2147483648,2131755008,2133065728,2140143616,2746728025
2126512128,2164260864,2166358016,2142240768,2133852160,2152726528,2150629376,2134900736,2149842944,2143027200,2746744025
2132803584,2146435072,2141192192,2131755008,2132803584,2150629376,2147483648,2131755008,2138046464,2140667904,2746760024
2134900736,2144337920,2136997888,2124414976,2128609280,2146435072,2143289344,2125463552,2135162880,2135949312,2746776045
2134900736,2134900736,2133852160,2114977792,2125463552,2143289344,2140143616,2120220672,2129657856,2132279296,2746792045
2127560704,2135949312,2131755008,2116026368,2127560704,2144337920,2141192192,2122317824,2127822848,2133852160,2746808045
2128609280,2141192192,2139095040,2119172096,2129657856,2148532224,2146435072,2129657856,2132017152,2138570752,2746824044
2130706432,2162163712,2159017984,2144337920,2133852160,2151677952,2150629376,2134900736,2149056512,2142765056,2746840066
2143289344,2157969408,2145386496,2138046464,2133852160,2151677952,2149580800,2133852160,2146172928,2142240768,2746856065
2142240768,2142240768,2139095040,2121269248,2128609280,2147483648,2145386496,2126512128,2136211456,2136997888,2746872069
2138046464,2151677952,2135949312,2121269248,2126512128,2143289344,2141192192,2121269248,2136735744,2133065728,2746888067
2124414976,2146435072,2150629376,2124414976,2126512128,2143289344,2140143616,2120220672,2136473600,2132541440,2746904089
2138046464,2146435072,2135949312,2114977792,2130706432,2147483648,2144337920,2126512128,2133852160,2137260032,2746920086
2126512128,2153775104,2144337920,2139095040,2132803584,2151677952,2148532224,2133852160,2140930048,2141716480,2746936090
2127560704,2154823680,2153775104,2141192192,2134900736,2151677952,2150629376,2133852160,2144337920,2142765056,2746952088
2135949312,2145386496,2141192192,2128609280,2131755008,2147483648,2145386496,2127560704,2137784320,2138046464,2746968109
2120220672,2151677952,2139095040,2134900736,2127560704,2143289344,2141192192,2121269248,2136473600,2133327872,2746984108
2119172096,2151677952,2140143616,2134900736,2126512128,2142240768,2139095040,2120220672,2136473600,2132017152,2747001001
2120220672,2142240768,2142240768,2125463552,2128609280,2146435072,2144337920,2126512128,2132541440,2136473600,2747017001
2126512128,2151677952,2157969408,2134900736,2132803584,2150629376,2149580800,2131755008,2142765056,2141192192,2747033001
2145386496,2145386496,2146435072,2125463552,2134900736,2152726528,2150629376,2134900736,2140667904,2143289344,2747049001
2144337920,2144337920,2146435072,2128609280,2132803584,2149580800,2146435072,2129657856,2140930048,2139619328,2747065023
2122317824,2149580800,2151677952,2132803584,2127560704,2145386496,2142240768,2122317824,2139095040,2134376448,2747081023
2135949312,2138046464,2144337920,2112880640,2126512128,2142240768,2140143616,2119172096,2132803584,2132017152,2747097024
2122317824,2150629376,2146435072,2129657856,2127560704,2146435072,2142240768,2124414976,2137260032,2135162880,2747113023
2134900736,2152726528,2149580800,2133852160,2131755008,2149580800,2147483648,2130706432,2142765056,2139881472,2747129044
2142240768,2143289344,2144337920,2123366400,2133852160,2152726528,2150629376,2134900736,2138308608,2143027200,2747145045
2127560704,2155872256,2151677952,2143289344,2131755008,2151677952,2148532224,2132803584,2144600064,2141192192,2747161047
2122317824,2156920832,2147483648,2139095040,2128609280,2145386496,2143289344,2124414976,2141454336,2135425024,2747177046
2118123520,2154823680,2151677952,2132803584,2124414976,2143289344,2139095040,2120220672,2139357184,2131755008,2747193067
2122317824,2155872256,2148532224,2125463552,2126512128,2144337920,2141192192,2122317824,2138046464,2133590016,2747209069
2122317824,2143289344,2143289344,2124414976,2131755008,2149580800,2147483648,2129657856,2133327872,2139619328,2747225068
2126512128,2148532224,2149580800,2129657856,2134900736,2151677952,2149580800,2134900736,2138570752,2142765056,2747241067
2127560704,2150629376,2151677952,2138046464,2133852160,2151677952,2148532224,2132803584,2141978624,2141716480,2747257088
2139095040,2162163712,2152726528,2134900736,2129657856,2147483648,2144337920,2126512128,2147221504,2136997888,2747273089
2122317824,2147483648,2149580800,2130706432,2126512128,2143289344,2139095040,2121269248,2137522176,2132541440,2747289089
2126512128,2149580800,2145386496,2125463552,2126512128,2144337920,2141192192,2121269248,2136735744,2133327872,2747305086
2121269248,2142240768,2135949312,2124414976,2129657856,2147483648,2145386496,2127560704,2130968576,2137522176,2747321110
2125463552,2159017984,2160066560,2142240768,2133852160,2152726528,2149580800,2133852160,2146697216,2142502912,2747338001
2140143616,2149580800,2143289344,2130706432,2134900736,2151677952,2149580800,2133852160,2140930048,2142502912,2747354001
2125463552,2143289344,2151677952,2125463552,2129657856,2148532224,2145386496,2127560704,2136473600,2137784320,2747370001
2121269248,2151677952,2135949312,2132803584,2126512128,2143289344,2141192192,2121269248,2135425024,2133065728,2747386001
2133852160,2134900736,2132803584,2113929216,2126512128,2142240768,2140143616,2119172096,2128871424,2132017152,2747402023
2131755008,2139095040,2134900736,2118123520,2129657856,2146435072,2144337920,2125463552,2130968576,2136473600,2747418024
2143289344,2152726528,2146435072,2123366400,2133852160,2150629376,2149580800,2132803584,2141454336,2141716480,2747434024
2142240768,2147483648,2154823680,2127560704,2133852160,2152726528,2150629376,2134900736,2143027200,2143027200,2747450022
2141192192,2150629376,2154823680,2129657856,2130706432,2149580800,2147483648,2129657856,2144075776,2139357184,2747466045
2122317824,2149580800,2149580800,2133852160,2127560704,2144337920,2141192192,2123366400,2138832896,2134114304,2747482046
2136997888,2143289344,2132803584,2112880640,2125463552,2142240768,2139095040,2119172096,2131492864,2131492864,2747498043
2132803584,2139095040,2132803584,2116026368,2128609280,2145386496,2142240768,2124414976,2130182144,2135162880,2747514045
2129657856,2160066560,2156920832,2135949312,2132803584,2150629376,2148532224,2130706432,2145648640,2140667904,2747530068
2145386496,2153775104,2144337920,2129657856,2133852160,2152726528,2150629376,2134900736,2143289344,2143027200,2747546066
2128609280,2147483648,2143289344,2132803584,2132803584,2150629376,2148532224,2130706432,2138046464,2140667904,2747562065
2135949312,2138046464,2138046464,2119172096,2128609280,2145386496,2143289344,2124414976,2132803584,2135425024,2747578067
2129657856,2134900736,2134900736,2113929216,2125463552,2142240768,2139095040,2120220672,2128347136,2131755008,2747594088
2119172096,2152726528,2152726528,2124414976,2127560704,2144337920,2141192192,2123366400,2137260032,2134114304,2747610089
2132803584,2143289344,2139095040,2122317824,2131755008,2149580800,2147483648,2129657856,2134376448,2139619328,2747626086
2140143616,2144337920,2143289344,2127560704,2133852160,2152726528,2150629376,2134900736,2138832896,2143027200,2747642088
2142240768,2142240768,2142240768,2125463552,2133852160,2150629376,2149580800,2131755008,2138046464,2141454336,2747658110
2125463552,2151677952,2155872256,2135949312,2129657856,2146435072,2144337920,2125463552,2142240768,2136473600,2747674109
2119172096,2147483648,2148532224,2130706432,2125463552,2143289344,2139095040,2120220672,2136473600,2132017152,2747691001
2135949312,2135949312,2133852160,2112880640,2126512128,2144337920,2140143616,2122317824,2129657856,2133327872,2747707001
2136997888,2138046464,2135949312,2119172096,2130706432,2148532224,2145386496,2129657856,2132541440,2138570752,2747723001
2126512128,2166358016,2163212288,2140143616,2133852160,2152726528,2150629376,2133852160,2149056512,2142765056,2747739023
2136997888,2159017984,2154823680,2135949312,2133852160,2150629376,2149580800,2132803584,2146697216,2141716480,2747755024
2124414976,2164260864,2159017984,2144337920,2129657856,2148532224,2145386496,2127560704,2148007936,2137784320,2747771024
2127560704,2138046464,2134900736,2120220672,2126512128,2144337920,2140143616,2121269248,2130182144,2133065728,2747787025
2130706432,2145386496,2142240768,2113929216,2125463552,2144337920,2140143616,2121269248,2133065728,2132803584,2747803046
2138046464,2136997888,2135949312,2114977792,2129657856,2146435072,2144337920,2126512128,2131492864,2136735744,2747819046
2135949312,2156920832,2154823680,2136997888,2133852160,2151677952,2150629376,2132803584,2146172928,2142240768,2747835044
2127560704,2151677952,2145386496,2139095040,2132803584,2152726528,2149580800,2134900736,2140930048,2142502912,2747851046
2126512128,2142240768,2149580800,2125463552,2130706432,2148532224,2146435072,2128609280,2135949312,2138570752,2747867068
2138046464,2140143616,2136997888,2118123520,2127560704,2144337920,2141192192,2122317824,2133327872,2133852160,2747883065
2122317824,2150629376,2150629376,2125463552,2125463552,2143289344,2139095040,2120220672,2137260032,2132017152,2747899067
2119172096,2143289344,2143289344,2129657856,2127560704,2145386496,2143289344,2125463552,2133852160,2135425024,2747915068
2126512128,2161115136,2159017984,2135949312,2133852160,2149580800,2148532224,2130706432,2145648640,2140667904,2747931089
2146435072,2142240768,2144337920,2126512128,2133852160,2152726528,2151677952,2134900736,2139881472,2143289344,2747947085
2142240768,2156920832,2153775104,2140143616,2130706432,2151677952,2147483648,2132803584,2148270080,2140667904,2747963088
2141192192,2135949312,2139095040,2117074944,2127560704,2145386496,2142240768,2123366400,2133327872,2134638592,2747979088
2128609280,2151677952,2146435072,2127560704,2125463552,2142240768,2140143616,2119172096,2138570752,2131755008,2747995111
2133852160,2139095040,2132803584,2114977792,2127560704,2145386496,2142240768,2122317824,2130182144,2134376448,2748011106
2125463552,2141192192,2147483648,2124414976,2131755008,2149580800,2147483648,2130706432,2134638592,2139881472,2748028001
2133852160,2160066560,2156920832,2139095040,2133852160,2152726528,2150629376,2134900736,2147483648,2143027200,2748044001
2138046464,2140143616,2145386496,2125463552,2132803584,2150629376,2148532224,2131755008,2137260032,2140930048,2748060001
2124414976,2155872256,2148532224,2139095040,2128609280,2146435072,2143289344,2124414976,2141978624,2135687168,2748076000
2133852160,2134900736,2132803584,2113929216,2125463552,2142240768,2140143616,2119172096,2128871424,2131755008,2748092023
2130706432,2146435072,2141192192,2121269248,2126512128,2144337920,2141192192,2122317824,2134900736,2133590016,2748108025
2141192192,2141192192,2136997888,2119172096,2130706432,2149580800,2146435072,2129657856,2134638592,2139095040,2748124023
2146435072,2144337920,2142240768,2126512128,2133852160,2152726528,2150629376,2133852160,2139881472,2142765056,2748140022
2142240768,2145386496,2142240768,2128609280,2133852160,2151677952,2150629376,2132803584,2139619328,2142240768,2748156047
2124414976,2160066560,2150629376,2143289344,2129657856,2147483648,2144337920,2126512128,2144600064,2136997888,2748172047
2135949312,2138046464,2136997888,2118123520,2125463552,2144337920,2141192192,2121269248,2132279296,2133065728,2748188046
2124414976,2153775104,2147483648,2125463552,2126512128,2143289344,2140143616,2121269248,2137784320,2132803584,2748204044
2120220672,2143289344,2140143616,2124414976,2130706432,2147483648,2145386496,2126512128,2132017152,2137522176,2748220066
2145386496,2143289344,2141192192,2124414976,2133852160,2150629376,2149580800,2132803584,2138570752,2141716480,2748236067
2140143616,2161115136,2156920832,2143289344,2133852160,2152726528,2150629376,2134900736,2150367232,2143027200,2748252069
2139095040,2142240768,2141192192,2122317824,2130706432,2148532224,2146435072,2128609280,2136211456,2138570752,2748268066
2121269248,2147483648,2147483648,2130706432,2126512128,2144337920,2140143616,2122317824,2136735744,2133327872,2748284087
2119172096,2136997888,2138046464,2118123520,2124414976,2144337920,2141192192,2121269248,2128084992,2132803584,2748300089
2120220672,2159017984,2151677952,2138046464,2128609280,2145386496,2144337920,2125463552,2142240768,2135949312,2748316088
2124414976,2154823680,2151677952,2138046464,2132803584,2150629376,2149580800,2131755008,2142240768,2141192192,2748332085
2138046464,2147483648,2144337920,2127560704,2133852160,2151677952,2150629376,2133852160,2139357184,2142502912,2748348110
2143289344,2152726528,2153775104,2125463552,2132803584,2148532224,2146435072,2129657856,2143813632,2139357184,2748365001
2120220672,2159017984,2154823680,2138046464,2127560704,2144337920,2142240768,2123366400,2143027200,2134376448,2748381001
2119172096,2138046464,2139095040,2120220672,2125463552,2142240768,2140143616,2119172096,2129133568,2131755008,2748397001
2133852160,2135949312,2132803584,2112880640,2128609280,2145386496,2142240768,2123366400,2128871424,2134900736,2748413001
2123366400,2160066560,2152726528,2139095040,2132803584,2150629376,2148532224,2131755008,2143813632,2140930048,2748429024
2148532224,2142240768,2146435072,2125463552,2133852160,2152726528,2150629376,2134900736,2140667904,2143027200,2748445024
2143289344,2146435072,2146435072,2129657856,2132803584,2150629376,2148532224,2131755008,2141454336,2140930048,2748461022
2129657856,2143289344,2139095040,2124414976,2128609280,2144337920,2143289344,2123366400,2134114304,2134900736,2748477025
2134900736,2135949312,2133852160,2113929216,2125463552,2144337920,2140143616,2121269248,2129657856,2132803584,2748493045
2119172096,2151677952,2151677952,2130706432,2126512128,2144337920,2141192192,2122317824,2138308608,2133590016,2748509047
2121269248,2159017984,2152726528,2138046464,2129657856,2149580800,2146435072,2130706432,2142765056,2139095040,2748525045
2132803584,2156920832,2154823680,2140143616,2134900736,2152726528,2150629376,2134900736,2146172928,2143289344,2748541046
2127560704,2151677952,2147483648,2134900736,2132803584,2152726528,2150629376,2133852160,2140405760,2142502912,2748557066
2138046464,2143289344,2140143616,2122317824,2128609280,2146435072,2143289344,2126512128,2135949312,2136211456,2748573068
2133852160,2150629376,2142240768,2123366400,2126512128,2143289344,2139095040,2121269248,2137522176,2132541440,2748589066
2133852160,2133852160,2129657856,2112880640,2126512128,2143289344,2141192192,2121269248,2127560704,2133065728,2748605069
2122317824,2140143616,2134900736,2123366400,2129657856,2147483648,2144337920,2127560704,2130182144,2137260032,2748621088
2122317824,2164260864,2152726528,2145386496,2132803584,2152726528,2150629376,2134900736,2146172928,2142765056,2748637087
2143289344,2156920832,2154823680,2133852160,2134900736,2151677952,2150629376,2133852160,2147221504,2142765056,2748653087
2124414976,2160066560,2154823680,2142240768,2130706432,2148532224,2146435072,2128609280,2145386496,2138570752,2748669090
2130706432,2138046464,2138046464,2117074944,2126512128,2144337920,2141192192,2122317824,2130968576,2133590016,2748685109
2135949312,2138046464,2133852160,2112880640,2125463552,2143289344,2140143616,2120220672,2130182144,2132279296,2748701109
2140143616,2138046464,2135949312,2116026368,2129657856,2147483648,2143289344,2126512128,2132541440,2136735744,2748718001
2134900736,2154823680,2150629376,2126512128,2132803584,2150629376,2149580800,2131755008,2141716480,2141192192,2748734001
2129657856,2156920832,2161115136,2142240768,2134900736,2152726528,2151677952,2134900736,2147483648,2143551488,2748750001
2129657856,2144337920,2145386496,2129657856,2130706432,2148532224,2146435072,2129657856,2137260032,2138832896,2748766025
2130706432,2148532224,2153775104,2125463552,2126512128,2145386496,2141192192,2123366400,2139619328,2134114304,2748782023
2131755008,2146435072,2142240768,2117074944,2125463552,2142240768,2139095040,2120220672,2134376448,2131755008,2748798024
2122317824,2152726528,2146435072,2127560704,2127560704,2147483648,2142240768,2125463552,2137260032,2135687168,2748814024
2142240768,2150629376,2138046464,2127560704,2132803584,2149580800,2148532224,2130706432,2139619328,2140405760,2748830045
2132803584,2147483648,2142240768,2130706432,2134900736,2151677952,2149580800,2134900736,2138308608,2142765056,2748846044
2146435072,2145386496,2142240768,2125463552,2132803584,2150629376,2147483648,2131755008,2139881472,2140667904,2748862045
2122317824,2160066560,2155872256,2140143616,2128609280,2145386496,2142240768,2124414976,2144600064,2135162880,2748878046
2121269248,2155872256,2149580800,2134900736,2125463552,2143289344,2140143616,2120220672,2140405760,2132279296,2748894067
2118123520,2142240768,2139095040,2122317824,2127560704,2145386496,2142240768,2123366400,2130444288,2134638592,2748910065
2122317824,2145386496,2147483648,2126512128,2130706432,2149580800,2147483648,2130706432,2135425024,2139619328,2748926066
2144337920,2144337920,2143289344,2125463552,2134900736,2151677952,2149580800,2134900736,2139357184,2142765056,2748942066
2127560704,2152726528,2150629376,2136997888,2132803584,2151677952,2149580800,2132803584,2141978624,2141716480,2748958087
2132803584,2141192192,2139095040,2122317824,2129657856,2145386496,2143289344,2125463552,2133852160,2135949312,2748974088
2119172096,2138046464,2140143616,2121269248,2125463552,2144337920,2140143616,2121269248,2129657856,2132803584,2748990088
2122317824,2150629376,2146435072,2128609280,2126512128,2143289344,2140143616,2121269248,2136997888,2132803584,2749006088
2128609280,2157969408,2152726528,2133852160,2129657856,2148532224,2145386496,2128609280,2143289344,2138046464,2749022108
2127560704,2153775104,2162163712,2139095040,2133852160,2151677952,2149580800,2133852160,2145648640,2142240768,2749038107
2136997888,2155872256,2159017984,2138046464,2133852160,2150629376,2149580800,2132803584,2147483648,2141716480,2749055001
2125463552,2161115136,2159017984,2142240768,2130706432,2147483648,2145386496,2126512128,2146959360,2137522176,2749071001
2120220672,2157969408,2147483648,2139095040,2127560704,2143289344,2140143616,2121269248,2141192192,2133065728,2749087001
2117074944,2149580800,2139095040,2129657856,2125463552,2143289344,2140143616,2121269248,2133852160,2132541440,2749103001
2127560704,2157969408,2147483648,2130706432,2129657856,2147483648,2145386496,2127560704,2140930048,2137522176,2749119024
2142240768,2140143616,2142240768,2121269248,2133852160,2150629376,2148532224,2132803584,2136473600,2141454336,2749135023
2142240768,2146435072,2144337920,2130706432,2133852160,2151677952,2150629376,2134900736,2140930048,2142765056,2749151024
2142240768,2144337920,2141192192,2126512128,2131755008,2148532224,2146435072,2128609280,2138570752,2138832896,2749167023
2133852160,2138046464,2139095040,2117074944,2127560704,2144337920,2140143616,2122317824,2132017152,2133590016,2749183045
2117074944,2142240768,2135949312,2123366400,2125463552,2143289344,2139095040,2120220672,2129657856,2132017152,2749199047
2133852160,2139095040,2133852160,2114977792,2128609280,2146435072,2143289344,2124414976,2130444288,2135687168,2749215046
2122317824,2157969408,2157969408,2136997888,2131755008,2150629376,2148532224,2131755008,2143813632,2140667904,2749231044
2133852160,2145386496,2147483648,2129657856,2134900736,2151677952,2149580800,2133852160,2139095040,2142502912,2749247066
2144337920,2146435072,2143289344,2125463552,2132803584,2149580800,2147483648,2130706432,2139881472,2140143616,2749263069
2122317824,2149580800,2151677952,2132803584,2127560704,2145386496,2143289344,2123366400,2139095040,2134900736,2749279066
2139095040,2139095040,2136997888,2113929216,2126512128,2143289344,2138046464,2120220672,2132279296,2132017152,2749295067
2119172096,2147483648,2148532224,2126512128,2127560704,2145386496,2142240768,2123366400,2135425024,2134638592,2749311089
2132803584,2139095040,2135949312,2121269248,2131755008,2149580800,2147483648,2129657856,2132279296,2139619328,2749327088
2126512128,2164260864,2159017984,2146435072,2134900736,2151677952,2150629376,2133852160,2149056512,2142765056,2749343088
2127560704,2147483648,2143289344,2130706432,2132803584,2150629376,2148532224,2131755008,2137260032,2140930048,2749359086
2125463552,2144337920,2144337920,2126512128,2129657856,2145386496,2143289344,2124414976,2135162880,2135687168,2749375109
2141192192,2133852160,2135949312,2112880640,2125463552,2144337920,2141192192,2120220672,2130968576,2132803584,2749392001
2130706432,2146435072,2144337920,2114977792,2126512128,2144337920,2141192192,2122317824,2134114304,2133590016,2749408001
2128609280,2157969408,2155872256,2131755008,2130706432,2148532224,2146435072,2128609280,2143551488,2138570752,2749424000
2136997888,2143289344,2145386496,2123366400,2133852160,2151677952,2149580800,2133852160,2137260032,2142240768,2749440001
2130706432,2161115136,2159017984,2145386496,2133852160,2151677952,2149580800,2132803584,2149056512,2141978624,2749456023
2141192192,2140143616,2140143616,2121269248,2130706432,2146435072,2144337920,2126512128,2135687168,2136997888,2749472023
2139095040,2140143616,2138046464,2116026368,2126512128,2143289344,2140143616,2120220672,2133327872,2132541440,2749488023
2133852160,2142240768,2130706432,2113929216,2126512128,2143289344,2140143616,2121269248,2130182144,2132803584,2749504023
2130706432,2152726528,2153775104,2132803584,2129657856,2147483648,2145386496,2127560704,2142502912,2137522176,2749520045
2135949312,2144337920,2141192192,2126512128,2133852160,2151677952,2149580800,2133852160,2136997888,2142240768,2749536045
2127560704,2149580800,2147483648,2131755008,2133852160,2152726528,2150629376,2133852160,2139095040,2142765056,2749552044
2127560704,2162163712,2156920832,2143289344,2131755008,2148532224,2146435072,2128609280,2147483648,2138832896,2749568047
2120220672,2156920832,2148532224,2135949312,2126512128,2144337920,2140143616,2122317824,2140405760,2133327872,2749584066
2120220672,2142240768,2133852160,2123366400,2126512128,2143289344,2139095040,2120220672,2129920000,2132279296,2749600067
2126512128,2154823680,2146435072,2125463552,2128609280,2146435072,2143289344,2126512128,2138308608,2136211456,2749616065
2144337920,2145386496,2139095040,2122317824,2132803584,2151677952,2148532224,2132803584,2137784320,2141454336,2749632067
2127560704,2160066560,2152726528,2147483648,2134900736,2152726528,2150629376,2134900736,2146959360,2143289344,2749648087
2129657856,2156920832,2159017984,2140143616,2131755008,2150629376,2148532224,2130706432,2146435072,2140405760,2749664088
2130706432,2152726528,2152726528,2129657856,2126512128,2145386496,2142240768,2123366400,2141454336,2134376448,2749680087
2122317824,2155872256,2153775104,2125463552,2125463552,2143289344,2140143616,2121269248,2139357184,2132541440,2749696087
2132803584,2135949312,2132803584,2116026368,2128609280,2144337920,2142240768,2123366400,2129395712,2134638592,2749712109
2139095040,2143289344,2139095040,2122317824,2131755008,2149580800,2147483648,2130706432,2135949312,2139881472,2749728108
2133852160,2163212288,2153775104,2142240768,2134900736,2152726528,2150629376,2134900736,2148270080,2143289344,2749745001
2127560704,2149580800,2144337920,2134900736,2132803584,2149580800,2147483648,2131755008,2139095040,2140405760,2749761001
2124414976,2159017984,2152726528,2133852160,2128609280,2145386496,2143289344,2124414976,2142502912,2135425024,2749777001
2131755008,2136997888,2131755008,2113929216,2125463552,2143289344,2140143616,2121269248,2128609280,2132541440,2749793024
2119172096,2139095040,2135949312,2122317824,2127560704,2144337920,2141192192,2123366400,2129133568,2134114304,2749809024
2123366400,2155872256,2150629376,2134900736,2131755008,2149580800,2146435072,2128609280,2141192192,2139095040,2749825024
2127560704,2161115136,2161115136,2143289344,2134900736,2151677952,2149580800,2133852160,2148270080,2142502912,2749841024
2134900736,2155872256,2156920832,2131755008,2132803584,2151677952,2149580800,2132803584,2144862208,2141716480,2749857047
2131755008,2142240768,2141192192,2126512128,2128609280,2147483648,2144337920,2126512128,2135425024,2136735744,2749873046
2138046464,2143289344,2133852160,2116026368,2126512128,2143289344,2140143616,2121269248,2132803584,2132803584,2749889044
2117074944,2153775104,2147483648,2134900736,2125463552,2143289344,2140143616,2121269248,2138308608,2132541440,2749905046
2134900736,2138046464,2134900736,2120220672,2130706432,2147483648,2145386496,2126512128,2132017152,2137522176,2749921067
2126512128,2147483648,2144337920,2130706432,2132803584,2151677952,2150629376,2133852160,2137260032,2142240768,2749937065
2147483648,2153775104,2145386496,2134900736,2134900736,2151677952,2149580800,2133852160,2145386496,2142502912,2749953067
2141192192,2154823680,2146435072,2133852160,2130706432,2149580800,2145386496,2129657856,2144075776,2138832896,2749969067
2139095040,2141192192,2135949312,2119172096,2126512128,2144337920,2141192192,2122317824,2133852160,2133590016,2749985088
2121269248,2136997888,2132803584,2117074944,2126512128,2143289344,2140143616,2120220672,2127036416,2132541440,2750001086
2121269248,2141192192,2135949312,2122317824,2128609280,2147483648,2143289344,2126512128,2130182144,2136473600,2750017088
2144337920,2151677952,2139095040,2127560704,2132803584,2151677952,2149580800,2132803584,2140667904,2141716480,2750033090
2145386496,2155872256,2142240768,2127560704,2134900736,2152726528,2150629376,2133852160,2142765056,2143027200,2750049110
2125463552,2150629376,2153775104,2135949312,2130706432,2150629376,2147483648,2130706432,2141454336,2139881472,2750065108
2124414976,2151677952,2150629376,2134900736,2126512128,2145386496,2142240768,2122317824,2140405760,2134114304,2750082001
2121269248,2154823680,2152726528,2129657856,2125463552,2143289344,2139095040,2120220672,2139619328,2132017152,2750098001
2123366400,2154823680,2152726528,2134900736,2127560704,2146435072,2143289344,2124414976,2141454336,2135425024,2750114001
2123366400,2142240768,2147483648,2126512128,2132803584,2149580800,2149580800,2130706432,2134900736,2140667904,2750130000
2143289344,2153775104,2143289344,2128609280,2133852160,2152726528,2151677952,2134900736,2142240768,2143289344,2750146024
2126512128,2151677952,2149580800,2136997888,2132803584,2149580800,2147483648,2129657856,2141192192,2139881472,2750162022
2135949312,2142240768,2139095040,2122317824,2128609280,2145386496,2143289344,2124414976,2134900736,2135425024,2750178025
