2138046464,2142240768,2145386496,2124414976,2129657856,2147483648,2146435072,2127560704,2137522176,2137784320,2751269045
2135949312,2138046464,2136997888,2119172096,2129657856,2148532224,2145386496,2127560704,2132541440,2137784320,2751285045
2139095040,2146435072,2146435072,2122317824,2129657856,2147483648,2146435072,2127560704,2138570752,2137784320,2751301069
2125463552,2150629376,2147483648,2135949312,2130706432,2147483648,2145386496,2127560704,2139881472,2137784320,2751317068
2132803584,2155872256,2153775104,2133852160,2129657856,2148532224,2145386496,2127560704,2144075776,2137784320,2751333067
2141192192,2148532224,2140143616,2121269248,2129657856,2147483648,2145386496,2128609280,2137784320,2137784320,2751349064
2122317824,2160066560,2160066560,2133852160,2130706432,2146435072,2145386496,2126512128,2144075776,2137260032,2751365089
2142240768,2143289344,2140143616,2121269248,2130706432,2147483648,2145386496,2126512128,2136735744,2137522176,2751381087
2132803584,2154823680,2153775104,2134900736,2129657856,2147483648,2145386496,2127560704,2144075776,2137522176,2751397087
2141192192,2143289344,2136997888,2122317824,2130706432,2147483648,2145386496,2126512128,2135949312,2137522176,2751413085
2143289344,2140143616,2139095040,2117074944,2129657856,2148532224,2144337920,2127560704,2134900736,2137522176,2751429110
2138046464,2139095040,2138046464,2119172096,2130706432,2148532224,2145386496,2127560704,2133590016,2138046464,2751446001
2122317824,2143289344,2141192192,2124414976,2128609280,2145386496,2142240768,2124414976,2132803584,2135162880,2751462001
2132803584,2133852160,2133852160,2112880640,2124414976,2142240768,2139095040,2119172096,2128347136,2131230720,2751478001
2119172096,2135949312,2142240768,2118123520,2125463552,2144337920,2141192192,2121269248,2128871424,2133065728,2751494001
2122317824,2143289344,2144337920,2126512128,2131755008,2147483648,2146435072,2128609280,2134114304,2138570752,2751510023
2133852160,2159017984,2160066560,2138046464,2134900736,2153775104,2151677952,2134900736,2147745792,2143813632,2751526022
2143289344,2146435072,2154823680,2129657856,2134900736,2152726528,2150629376,2134900736,2143551488,2143289344,2751542022
2145386496,2146435072,2140143616,2122317824,2129657856,2147483648,2144337920,2126512128,2138570752,2136997888,2751558026
2121269248,2142240768,2136997888,2124414976,2125463552,2142240768,2139095040,2120220672,2131230720,2131755008,2751574045
2125463552,2134900736,2132803584,2114977792,2125463552,2142240768,2139095040,2120220672,2127036416,2131755008,2751590046
2135949312,2151677952,2142240768,2121269248,2129657856,2146435072,2145386496,2126512128,2137784320,2136997888,2751606045
2134900736,2160066560,2152726528,2135949312,2133852160,2152726528,2150629376,2134900736,2145910784,2143027200,2751622046
2147483648,2151677952,2154823680,2127560704,2134900736,2152726528,2151677952,2135949312,2145386496,2143813632,2751638067
2141192192,2146435072,2146435072,2127560704,2131755008,2148532224,2146435072,2129657856,2140405760,2139095040,2751654068
2121269248,2142240768,2147483648,2125463552,2126512128,2143289344,2141192192,2120220672,2134114304,2132803584,2751670067
2134900736,2138046464,2142240768,2112880640,2124414976,2143289344,2140143616,2119172096,2132017152,2131755008,2751686068
2120220672,2152726528,2147483648,2131755008,2128609280,2145386496,2143289344,2125463552,2138046464,2135687168,2751702089
2136997888,2152726528,2152726528,2132803584,2133852160,2151677952,2148532224,2132803584,2143813632,2141716480,2751718090
2146435072,2144337920,2144337920,2127560704,2134900736,2152726528,2152726528,2134900736,2140667904,2143813632,2751734089
2127560704,2150629376,2148532224,2136997888,2131755008,2150629376,2147483648,2130706432,2140930048,2140143616,2751750090
2125463552,2161115136,2153775104,2136997888,2126512128,2145386496,2142240768,2123366400,2144337920,2134376448,2751766111
2126512128,2146435072,2148532224,2122317824,2124414976,2142240768,2139095040,2119172096,2135949312,2131230720,2751782110
2139095040,2139095040,2138046464,2110783488,2127560704,2145386496,2142240768,2123366400,2131755008,2134638592,2751799004
2132803584,2141192192,2141192192,2122317824,2133852160,2148532224,2147483648,2130706432,2134376448,2140143616,2751815004
2134900736,2147483648,2144337920,2130706432,2134900736,2153775104,2151677952,2135949312,2139357184,2144075776,2751831004
2139095040,2146435072,2145386496,2129657856,2132803584,2150629376,2149580800,2132803584,2140143616,2141454336,2751847025
2140143616,2140143616,2138046464,2122317824,2128609280,2145386496,2144337920,2124414976,2135162880,2135687168,2751863027
2135949312,2135949312,2134900736,2112880640,2125463552,2142240768,2139095040,2118123520,2129920000,2131230720,2751879026
2134900736,2136997888,2142240768,2110783488,2126512128,2144337920,2140143616,2122317824,2131230720,2133327872,2751895027
2124414976,2156920832,2154823680,2136997888,2130706432,2148532224,2146435072,2130706432,2143289344,2139095040,2751911048
2126512128,2152726528,2154823680,2140143616,2135949312,2152726528,2151677952,2135949312,2143551488,2144075776,2751927048
2139095040,2156920832,2162163712,2138046464,2133852160,2151677952,2150629376,2133852160,2149056512,2142502912,2751943049
2133852160,2160066560,2150629376,2134900736,2129657856,2147483648,2144337920,2127560704,2144862208,2137260032,2751959048
2120220672,2155872256,2147483648,2136997888,2125463552,2142240768,2140143616,2120220672,2140143616,2132017152,2751975069
2118123520,2152726528,2149580800,2127560704,2125463552,2142240768,2140143616,2120220672,2136997888,2132017152,2751991069
2121269248,2141192192,2141192192,2124414976,2129657856,2147483648,2145386496,2126512128,2132017152,2137260032,2752007070
2135949312,2143289344,2141192192,2125463552,2134900736,2151677952,2151677952,2133852160,2136473600,2143027200,2752023071
2144337920,2143289344,2144337920,2125463552,2134900736,2152726528,2151677952,2134900736,2139357184,2143551488,2752039090
2126512128,2149580800,2143289344,2139095040,2131755008,2147483648,2146435072,2128609280,2139619328,2138570752,2752055091
2121269248,2141192192,2139095040,2120220672,2126512128,2143289344,2140143616,2121269248,2130444288,2132803584,2752071091
2129657856,2134900736,2132803584,2112880640,2124414976,2142240768,2138046464,2119172096,2127560704,2130968576,2752087093
2125463552,2139095040,2132803584,2118123520,2128609280,2146435072,2143289344,2125463552,2128871424,2135949312,2752103111
2124414976,2147483648,2142240768,2130706432,2132803584,2150629376,2149580800,2132803584,2136211456,2141454336,2752119112
2136997888,2159017984,2159017984,2143289344,2135949312,2152726528,2150629376,2135949312,2149580800,2143813632,2752136004
2143289344,2154823680,2151677952,2126512128,2131755008,2149580800,2147483648,2129657856,2144075776,2139619328,2752152004
2135949312,2140143616,2135949312,2118123520,2126512128,2144337920,2141192192,2122317824,2132541440,2133590016,2752168004
2135949312,2133852160,2129657856,2111832064,2125463552,2141192192,2139095040,2118123520,2127822848,2130968576,2752184004
2130706432,2142240768,2132803584,2113929216,2128609280,2145386496,2143289344,2124414976,2129920000,2135425024,2752200026
2124414976,2142240768,2142240768,2125463552,2132803584,2150629376,2148532224,2131755008,2133590016,2140930048,2752216025
2125463552,2168455168,2161115136,2144337920,2135949312,2152726528,2151677952,2135949312,2149842944,2144075776,2752232025
2128609280,2149580800,2147483648,2134900736,2132803584,2150629376,2148532224,2132803584,2140143616,2141192192,2752248025
2126512128,2156920832,2154823680,2138046464,2127560704,2145386496,2143289344,2124414976,2144075776,2135162880,2752264047
2120220672,2140143616,2142240768,2119172096,2124414976,2142240768,2139095040,2118123520,2130444288,2130968576,2752280049
2136997888,2146435072,2133852160,2119172096,2126512128,2144337920,2141192192,2122317824,2134114304,2133590016,2752296048
2122317824,2139095040,2143289344,2123366400,2131755008,2148532224,2146435072,2129657856,2132017152,2139095040,2752312046
2138046464,2142240768,2142240768,2128609280,2134900736,2152726528,2151677952,2135949312,2137784320,2143813632,2752328069
2143289344,2145386496,2144337920,2128609280,2133852160,2151677952,2150629376,2133852160,2140405760,2142502912,2752344071
2122317824,2151677952,2147483648,2134900736,2129657856,2146435072,2144337920,2125463552,2139095040,2136473600,2752360070
2138046464,2141192192,2135949312,2116026368,2125463552,2142240768,2138046464,2119172096,2132803584,2131230720,2752376068
2126512128,2146435072,2147483648,2121269248,2126512128,2142240768,2140143616,2120220672,2135425024,2132279296,2752392090
2126512128,2151677952,2153775104,2121269248,2130706432,2148532224,2145386496,2127560704,2138308608,2138046464,2752408092
2135949312,2144337920,2143289344,2129657856,2134900736,2151677952,2150629376,2134900736,2138308608,2143027200,2752424091
2142240768,2159017984,2154823680,2133852160,2134900736,2152726528,2150629376,2134900736,2147483648,2143289344,2752440089
2138046464,2142240768,2144337920,2126512128,2129657856,2148532224,2145386496,2128609280,2137784320,2138046464,2752456112
2122317824,2151677952,2148532224,2131755008,2125463552,2142240768,2139095040,2120220672,2138570752,2131755008,2752473004
2117074944,2147483648,2141192192,2130706432,2124414976,2142240768,2139095040,2120220672,2134114304,2131492864,2752489004
2122317824,2145386496,2148532224,2126512128,2129657856,2146435072,2144337920,2126512128,2135687168,2136735744,2752505004
2126512128,2152726528,2160066560,2135949312,2133852160,2151677952,2150629376,2133852160,2143813632,2142502912,2752521004
2136997888,2164260864,2156920832,2144337920,2134900736,2152726528,2152726528,2135949312,2150629376,2144075776,2752537027
2125463552,2152726528,2143289344,2139095040,2130706432,2149580800,2147483648,2130706432,2140143616,2139619328,2752553026
2129657856,2138046464,2135949312,2119172096,2126512128,2144337920,2141192192,2122317824,2130706432,2133590016,2752569025
2118123520,2140143616,2135949312,2120220672,2124414976,2142240768,2138046464,2119172096,2128609280,2130968576,2752585026
2119172096,2147483648,2139095040,2126512128,2128609280,2145386496,2142240768,2123366400,2133065728,2134900736,2752601048
2139095040,2153775104,2146435072,2131755008,2132803584,2151677952,2148532224,2132803584,2142765056,2141454336,2752617047
2143289344,2161115136,2154823680,2138046464,2135949312,2152726528,2151677952,2135949312,2149318656,2144075776,2752633049
2127560704,2160066560,2157969408,2145386496,2131755008,2150629376,2147483648,2131755008,2147745792,2140405760,2752649048
2131755008,2152726528,2151677952,2127560704,2127560704,2145386496,2143289344,2123366400,2140930048,2134900736,2752665071
2129657856,2134900736,2134900736,2112880640,2124414976,2141192192,2138046464,2119172096,2128084992,2130706432,2752681069
2117074944,2147483648,2139095040,2126512128,2127560704,2143289344,2140143616,2121269248,2132541440,2133065728,2752697069
2130706432,2152726528,2151677952,2132803584,2131755008,2149580800,2147483648,2129657856,2141978624,2139619328,2752713071
2132803584,2159017984,2159017984,2143289344,2133852160,2153775104,2151677952,2135949312,2148532224,2143813632,2752729090
2135949312,2156920832,2159017984,2142240768,2132803584,2151677952,2149580800,2133852160,2148532224,2141978624,2752745092
2127560704,2143289344,2139095040,2123366400,2128609280,2146435072,2143289344,2124414976,2133327872,2135687168,2752761089
2132803584,2144337920,2142240768,2117074944,2125463552,2143289344,2139095040,2119172096,2134114304,2131755008,2752777092
2129657856,2135949312,2130706432,2111832064,2126512128,2143289344,2140143616,2120220672,2127036416,2132541440,2752793112
2131755008,2139095040,2135949312,2119172096,2131755008,2147483648,2145386496,2127560704,2131492864,2138046464,2752809114
2130706432,2156920832,2159017984,2143289344,2134900736,2153775104,2151677952,2135949312,2147483648,2144075776,2752826003
2127560704,2149580800,2147483648,2135949312,2133852160,2151677952,2150629376,2134900736,2140143616,2142765056,2752842004
2140143616,2143289344,2142240768,2122317824,2130706432,2148532224,2145386496,2126512128,2136997888,2137784320,2752858001
2126512128,2147483648,2148532224,2129657856,2125463552,2142240768,2139095040,2120220672,2138046464,2131755008,2752874026
2128609280,2146435072,2144337920,2116026368,2125463552,2143289344,2139095040,2120220672,2133852160,2132017152,2752890026
2124414976,2155872256,2151677952,2136997888,2129657856,2148532224,2145386496,2127560704,2142240768,2137784320,2752906025
2125463552,2162163712,2157969408,2138046464,2133852160,2152726528,2150629376,2134900736,2145910784,2143027200,2752922025
2136997888,2144337920,2144337920,2129657856,2134900736,2152726528,2151677952,2135949312,2138832896,2143813632,2752938048
2139095040,2145386496,2141192192,2127560704,2130706432,2147483648,2146435072,2128609280,2138308608,2138308608,2752954047
2141192192,2146435072,2135949312,2121269248,2126512128,2142240768,2140143616,2120220672,2136211456,2132279296,2752970047
2125463552,2149580800,2146435072,2125463552,2125463552,2142240768,2139095040,2119172096,2136735744,2131492864,2752986048
2134900736,2138046464,2133852160,2116026368,2128609280,2146435072,2144337920,2125463552,2130706432,2136211456,2753002070
2135949312,2154823680,2153775104,2133852160,2132803584,2150629376,2150629376,2132803584,2144600064,2141716480,2753018067
2146435072,2146435072,2146435072,2129657856,2135949312,2153775104,2151677952,2135949312,2142240768,2144337920,2753034070
2128609280,2149580800,2143289344,2135949312,2131755008,2149580800,2148532224,2130706432,2139357184,2140143616,2753050069
2129657856,2141192192,2141192192,2122317824,2126512128,2145386496,2142240768,2123366400,2133590016,2134376448,2753066091
2133852160,2139095040,2130706432,2111832064,2124414976,2143289344,2139095040,2120220672,2128871424,2131755008,2753082088
2124414976,2146435072,2146435072,2121269248,2127560704,2144337920,2141192192,2122317824,2134638592,2133852160,2753098090
2132803584,2140143616,2134900736,2122317824,2131755008,2149580800,2147483648,2130706432,2132541440,2139881472,2753114090
2142240768,2144337920,2142240768,2127560704,2135949312,2152726528,2151677952,2135949312,2139095040,2144075776,2753130112
2141192192,2145386496,2144337920,2130706432,2132803584,2151677952,2148532224,2133852160,2140405760,2141716480,2753146109
2124414976,2149580800,2152726528,2133852160,2127560704,2145386496,2142240768,2124414976,2140143616,2134900736,2753163001
2119172096,2144337920,2136997888,2125463552,2125463552,2141192192,2136997888,2119172096,2131492864,2130706432,2753179001
2139095040,2144337920,2132803584,2120220672,2126512128,2144337920,2140143616,2121269248,2134114304,2133065728,2753195001
2141192192,2141192192,2136997888,2120220672,2131755008,2149580800,2146435072,2129657856,2134900736,2139357184,2753211001
2127560704,2151677952,2147483648,2139095040,2134900736,2153775104,2150629376,2135949312,2141454336,2143813632,2753227025
2129657856,2163212288,2165309440,2149580800,2134900736,2151677952,2150629376,2133852160,2151940096,2142765056,2753243028
2126512128,2161115136,2157969408,2142240768,2129657856,2146435072,2144337920,2126512128,2146959360,2136735744,2753259027
2141192192,2140143616,2132803584,2113929216,2125463552,2143289344,2139095040,2120220672,2132017152,2132017152,2753275028
2127560704,2151677952,2144337920,2123366400,2125463552,2142240768,2139095040,2120220672,2136735744,2131755008,2753291047
2123366400,2156920832,2152726528,2134900736,2129657856,2148532224,2145386496,2128609280,2141978624,2138046464,2753307047
2129657856,2144337920,2142240768,2129657856,2134900736,2152726528,2150629376,2134900736,2136473600,2143289344,2753323049
2130706432,2151677952,2159017984,2139095040,2133852160,2152726528,2151677952,2134900736,2145124352,2143289344,2753339046
2125463552,2149580800,2150629376,2134900736,2130706432,2148532224,2146435072,2129657856,2140143616,2138832896,2753355069
2138046464,2138046464,2142240768,2121269248,2126512128,2143289344,2140143616,2121269248,2134900736,2132803584,2753371070
2128609280,2132803584,2132803584,2112880640,2125463552,2142240768,2139095040,2119172096,2126774272,2131492864,2753387070
2122317824,2145386496,2151677952,2127560704,2128609280,2146435072,2143289344,2125463552,2136735744,2135949312,2753403068
2126512128,2153775104,2156920832,2138046464,2133852160,2150629376,2149580800,2132803584,2143813632,2141716480,2753419090
2141192192,2159017984,2161115136,2133852160,2135949312,2152726528,2151677952,2135949312,2148794368,2144075776,2753435092
2130706432,2159017984,2162163712,2142240768,2131755008,2149580800,2148532224,2131755008,2148532224,2140405760,2753451092
2122317824,2154823680,2147483648,2135949312,2126512128,2145386496,2141192192,2123366400,2140143616,2134114304,2753467087
2126512128,2146435072,2146435072,2125463552,2125463552,2141192192,2139095040,2118123520,2136211456,2130968576,2753483111
2121269248,2135949312,2132803584,2116026368,2127560704,2145386496,2143289344,2123366400,2126512128,2134900736,2753500001
2135949312,2156920832,2146435072,2131755008,2132803584,2151677952,2148532224,2132803584,2142765056,2141454336,2753516001
2127560704,2163212288,2163212288,2146435072,2134900736,2153775104,2152726528,2135949312,2150105088,2144337920,2753532001
2131755008,2163212288,2163212288,2139095040,2132803584,2150629376,2148532224,2132803584,2149318656,2141192192,2753548001
2123366400,2155872256,2155872256,2139095040,2127560704,2145386496,2142240768,2124414976,2143551488,2134900736,2753564026
2121269248,2156920832,2154823680,2124414976,2124414976,2142240768,2139095040,2119172096,2139357184,2131230720,2753580025
2135949312,2136997888,2130706432,2113929216,2127560704,2144337920,2141192192,2122317824,2129395712,2133852160,2753596025
2130706432,2154823680,2154823680,2130706432,2130706432,2149580800,2147483648,2130706432,2142765056,2139619328,2753612025
2132803584,2163212288,2160066560,2140143616,2134900736,2152726528,2151677952,2135949312,2149056512,2143813632,2753628048
2149580800,2146435072,2146435072,2128609280,2133852160,2152726528,2149580800,2133852160,2142765056,2142502912,2753644047
2132803584,2154823680,2152726528,2136997888,2128609280,2146435072,2143289344,2126512128,2144337920,2136211456,2753660048
2133852160,2134900736,2131755008,2113929216,2126512128,2141192192,2138046464,2119172096,2128609280,2131230720,2753676049
2124414976,2153775104,2146435072,2126512128,2125463552,2144337920,2141192192,2121269248,2137784320,2133065728,2753692070
2126512128,2156920832,2150629376,2129657856,2130706432,2148532224,2145386496,2127560704,2140930048,2138046464,2753708068
2136997888,2142240768,2141192192,2129657856,2134900736,2152726528,2150629376,2135949312,2137522176,2143551488,2753724067
2144337920,2146435072,2145386496,2130706432,2134900736,2152726528,2150629376,2134900736,2141716480,2143289344,2753740068
2135949312,2142240768,2144337920,2125463552,2129657856,2148532224,2146435072,2127560704,2136997888,2138046464,2753756093
2131755008,2150629376,2150629376,2123366400,2126512128,2143289344,2139095040,2120220672,2139095040,2132279296,2753772089
2133852160,2133852160,2141192192,2110783488,2125463552,2141192192,2138046464,2119172096,2129920000,2130968576,2753788088
2125463552,2139095040,2133852160,2116026368,2129657856,2146435072,2144337920,2125463552,2128609280,2136473600,2753804089
2125463552,2155872256,2155872256,2141192192,2132803584,2151677952,2150629376,2133852160,2144600064,2142240768,2753820113
2132803584,2151677952,2150629376,2135949312,2134900736,2152726528,2151677952,2134900736,2142765056,2143551488,2753836110
2142240768,2146435072,2141192192,2126512128,2130706432,2149580800,2147483648,2129657856,2139095040,2139357184,2753853001
2139095040,2141192192,2142240768,2114977792,2126512128,2143289344,2139095040,2121269248,2134376448,2132541440,2753869001
2120220672,2151677952,2146435072,2127560704,2125463552,2142240768,2139095040,2118123520,2136473600,2131230720,2753885001
2124414976,2150629376,2151677952,2128609280,2126512128,2146435072,2144337920,2125463552,2138832896,2135687168,2753901027
2139095040,2143289344,2140143616,2122317824,2131755008,2151677952,2149580800,2132803584,2136211456,2141454336,2753917025
2140143616,2147483648,2144337920,2126512128,2134900736,2152726528,2150629376,2134900736,2139619328,2143289344,2753933026
2130706432,2155872256,2161115136,2143289344,2132803584,2150629376,2148532224,2131755008,2147745792,2140930048,2753949026
2125463552,2160066560,2157969408,2139095040,2127560704,2144337920,2142240768,2123366400,2145648640,2134376448,2753965048
2126512128,2151677952,2146435072,2125463552,2125463552,2141192192,2138046464,2118123520,2137522176,2130706432,2753981046
2116026368,2148532224,2145386496,2129657856,2126512128,2144337920,2141192192,2122317824,2134900736,2133590016,2753997048
2134900736,2139095040,2135949312,2120220672,2131755008,2148532224,2147483648,2129657856,2132541440,2139357184,2754013049
2136997888,2156920832,2154823680,2131755008,2134900736,2152726528,2151677952,2135949312,2145124352,2143813632,2754029069
2129657856,2159017984,2155872256,2147483648,2133852160,2150629376,2150629376,2132803584,2148007936,2141978624,2754045069
2128609280,2156920832,2155872256,2133852160,2128609280,2146435072,2143289344,2125463552,2143813632,2135949312,2754061071
2123366400,2150629376,2153775104,2125463552,2125463552,2142240768,2140143616,2119172096,2138308608,2131755008,2754077069
2119172096,2140143616,2138046464,2120220672,2126512128,2143289344,2141192192,2120220672,2129395712,2132803584,2754093090
2139095040,2138046464,2142240768,2118123520,2130706432,2148532224,2146435072,2129657856,2134376448,2138832896,2754109091
2130706432,2157969408,2160066560,2141192192,2134900736,2153775104,2151677952,2135949312,2147483648,2144075776,2754125090
2130706432,2157969408,2164260864,2143289344,2133852160,2152726528,2150629376,2134900736,2149056512,2143027200,2754141092
2144337920,2145386496,2141192192,2123366400,2130706432,2147483648,2145386496,2127560704,2138570752,2137784320,2754157112
2119172096,2143289344,2145386496,2122317824,2125463552,2143289344,2139095040,2120220672,2132541440,2132017152,2754173108
2125463552,2132803584,2134900736,2113929216,2126512128,2142240768,2139095040,2119172096,2126774272,2131755008,2754190001
2136997888,2139095040,2134900736,2117074944,2129657856,2147483648,2144337920,2127560704,2132017152,2137260032,2754206001
2139095040,2146435072,2143289344,2125463552,2133852160,2152726528,2150629376,2134900736,2138570752,2143027200,2754222001
2129657856,2155872256,2148532224,2143289344,2134900736,2152726528,2150629376,2135949312,2144337920,2143551488,2754238001
2126512128,2150629376,2152726528,2138046464,2131755008,2148532224,2146435072,2128609280,2141978624,2138832896,2754254027
2135949312,2141192192,2135949312,2116026368,2126512128,2143289344,2141192192,2120220672,2132279296,2132803584,2754270025
2140143616,2132803584,2134900736,2109734912,2125463552,2143289344,2139095040,2119172096,2129395712,2131755008,2754286025
2131755008,2152726528,2149580800,2121269248,2128609280,2145386496,2143289344,2124414976,2138832896,2135425024,2754302024
2124414976,2147483648,2142240768,2132803584,2133852160,2149580800,2149580800,2131755008,2136735744,2141192192,2754318048
2128609280,2163212288,2162163712,2138046464,2134900736,2152726528,2152726528,2135949312,2148007936,2144075776,2754334049
2126512128,2153775104,2153775104,2139095040,2131755008,2149580800,2147483648,2130706432,2143289344,2139881472,2754350049
2141192192,2149580800,2138046464,2128609280,2126512128,2145386496,2141192192,2123366400,2139357184,2134114304,2754366049
2130706432,2144337920,2149580800,2112880640,2125463552,2141192192,2138046464,2118123520,2134376448,2130706432,2754382069
2129657856,2133852160,2132803584,2112880640,2128609280,2144337920,2141192192,2121269248,2127298560,2133852160,2754398070
2125463552,2155872256,2153775104,2139095040,2132803584,2149580800,2148532224,2129657856,2143551488,2140143616,2754414069
2129657856,2161115136,2161115136,2144337920,2134900736,2153775104,2151677952,2136997888,2149056512,2144337920,2754430069
2145386496,2146435072,2146435072,2130706432,2132803584,2151677952,2149580800,2132803584,2142240768,2141716480,2754446092
2130706432,2156920832,2156920832,2135949312,2129657856,2145386496,2143289344,2124414976,2145124352,2135687168,2754462090
2130706432,2144337920,2149580800,2118123520,2124414976,2142240768,2140143616,2119172096,2135687168,2131492864,2754478091
2133852160,2135949312,2141192192,2112880640,2127560704,2143289344,2140143616,2120220672,2130968576,2132803584,2754494090
2139095040,2141192192,2141192192,2116026368,2130706432,2147483648,2146435072,2128609280,2134376448,2138308608,2754510114
2128609280,2147483648,2145386496,2132803584,2134900736,2153775104,2151677952,2134900736,2138570752,2143813632,2754527001
2143289344,2148532224,2146435072,2127560704,2133852160,2151677952,2150629376,2133852160,2141454336,2142502912,2754543001
2146435072,2141192192,2141192192,2121269248,2128609280,2147483648,2144337920,2126512128,2137522176,2136735744,2754559001
2120220672,2155872256,2152726528,2129657856,2125463552,2143289344,2139095040,2119172096,2139619328,2131755008,2754575001
2120220672,2156920832,2151677952,2129657856,2125463552,2143289344,2140143616,2120220672,2139619328,2132279296,2754591022
2129657856,2152726528,2146435072,2128609280,2129657856,2147483648,2145386496,2127560704,2139357184,2137522176,2754607024
2126512128,2151677952,2159017984,2139095040,2133852160,2151677952,2150629376,2134900736,2144075776,2142765056,2754623024
2128609280,2147483648,2148532224,2134900736,2134900736,2152726528,2150629376,2134900736,2139881472,2143289344,2754639024
2126512128,2150629376,2148532224,2135949312,2129657856,2148532224,2145386496,2128609280,2140405760,2138046464,2754655048
2139095040,2146435072,2134900736,2117074944,2126512128,2143289344,2140143616,2121269248,2134376448,2132803584,2754671049
2117074944,2152726528,2147483648,2130706432,2125463552,2142240768,2139095040,2119172096,2136997888,2131492864,2754687047
2120220672,2149580800,2152726528,2130706432,2128609280,2146435072,2143289344,2125463552,2138308608,2135949312,2754703050
2134900736,2153775104,2150629376,2131755008,2133852160,2150629376,2149580800,2132803584,2142765056,2141716480,2754719070
2127560704,2160066560,2155872256,2147483648,2134900736,2152726528,2151677952,2135949312,2147745792,2143813632,2754735070
2124414976,2152726528,2151677952,2138046464,2132803584,2148532224,2148532224,2129657856,2141716480,2139881472,2754751069
2136997888,2140143616,2136997888,2121269248,2126512128,2144337920,2141192192,2122317824,2133852160,2133590016,2754767070
2134900736,2145386496,2138046464,2113929216,2125463552,2142240768,2139095040,2119172096,2133065728,2131492864,2754783092
2117074944,2154823680,2148532224,2131755008,2125463552,2145386496,2142240768,2124414976,2138046464,2134376448,2754799091
2135949312,2143289344,2139095040,2122317824,2132803584,2149580800,2148532224,2130706432,2135162880,2140405760,2754815089
2141192192,2152726528,2150629376,2129657856,2134900736,2152726528,2150629376,2135949312,2143551488,2143551488,2754831092
2128609280,2155872256,2154823680,2142240768,2132803584,2150629376,2148532224,2132803584,2145386496,2141192192,2754847110
2132803584,2143289344,2141192192,2122317824,2128609280,2145386496,2142240768,2123366400,2134900736,2134900736,2754863112
2131755008,2133852160,2131755008,2112880640,2125463552,2142240768,2139095040,2119172096,2127560704,2131492864,2754880001
2136997888,2134900736,2131755008,2108686336,2127560704,2144337920,2141192192,2122317824,2128084992,2133852160,2754896001
2128609280,2141192192,2140143616,2122317824,2132803584,2149580800,2147483648,2129657856,2133065728,2139881472,2754912001
2143289344,2145386496,2143289344,2125463552,2134900736,2152726528,2150629376,2134900736,2139357184,2143289344,2754928023
2131755008,2163212288,2160066560,2140143616,2133852160,2151677952,2149580800,2133852160,2148794368,2142240768,2754944022
2143289344,2146435072,2140143616,2124414976,2129657856,2146435072,2144337920,2125463552,2138570752,2136473600,2754960023
2124414976,2156920832,2152726528,2130706432,2124414976,2143289344,2139095040,2120220672,2141192192,2131755008,2754976022
2135949312,2135949312,2133852160,2109734912,2125463552,2143289344,2140143616,2121269248,2128871424,2132541440,2754992048
2120220672,2147483648,2147483648,2132803584,2130706432,2148532224,2145386496,2127560704,2136997888,2138046464,2755008047
2140143616,2153775104,2143289344,2131755008,2134900736,2152726528,2150629376,2134900736,2142240768,2143289344,2755024048
2144337920,2147483648,2146435072,2127560704,2133852160,2152726528,2151677952,2134900736,2141454336,2143289344,2755040049
2131755008,2159017984,2159017984,2139095040,2130706432,2148532224,2146435072,2128609280,2147221504,2138570752,2755056072
2132803584,2144337920,2151677952,2119172096,2125463552,2143289344,2140143616,2120220672,2136997888,2132279296,2755072068
2120220672,2152726528,2148532224,2127560704,2125463552,2142240768,2139095040,2119172096,2137260032,2131492864,2755088069
2122317824,2154823680,2152726528,2129657856,2128609280,2146435072,2144337920,2125463552,2139881472,2136211456,2755104072
2129657856,2145386496,2143289344,2128609280,2133852160,2151677952,2149580800,2133852160,2136735744,2142240768,2755120091
2127560704,2152726528,2149580800,2140143616,2134900736,2151677952,2151677952,2134900736,2142502912,2143289344,2755136091
2127560704,2147483648,2151677952,2129657856,2130706432,2149580800,2147483648,2130706432,2139095040,2139619328,2755152091
2122317824,2147483648,2140143616,2126512128,2126512128,2144337920,2141192192,2122317824,2134114304,2133590016,2755168093
2119172096,2147483648,2149580800,2128609280,2124414976,2142240768,2138046464,2119172096,2136211456,2130968576,2755184111
2134900736,2146435072,2136997888,2121269248,2127560704,2145386496,2142240768,2124414976,2134900736,2134900736,2755200110
2139095040,2154823680,2141192192,2123366400,2133852160,2150629376,2148532224,2131755008,2139619328,2141192192,2755217001
2147483648,2157969408,2144337920,2129657856,2135949312,2152726528,2151677952,2135949312,2144862208,2144075776,2755233001
2127560704,2164260864,2163212288,2147483648,2131755008,2150629376,2148532224,2132803584,2150629376,2140930048,2755249001
2142240768,2141192192,2138046464,2119172096,2127560704,2144337920,2142240768,2122317824,2135162880,2134114304,2755265001
2119172096,2138046464,2141192192,2118123520,2125463552,2141192192,2138046464,2118123520,2129133568,2130706432,2755281023
2120220672,2141192192,2138046464,2122317824,2126512128,2145386496,2141192192,2122317824,2130444288,2133852160,2755297025
2133852160,2143289344,2139095040,2122317824,2131755008,2149580800,2147483648,2129657856,2134638592,2139619328,2755313024
2144337920,2144337920,2146435072,2125463552,2135949312,2152726528,2151677952,2135949312,2140143616,2144075776,2755329023
2128609280,2159017984,2156920832,2147483648,2133852160,2151677952,2149580800,2133852160,2148007936,2142240768,2755345048
2122317824,2151677952,2147483648,2134900736,2128609280,2146435072,2144337920,2126512128,2139095040,2136473600,2755361047
2120220672,2153775104,2147483648,2132803584,2125463552,2142240768,2139095040,2119172096,2138570752,2131492864,2755377049
2124414976,2152726528,2147483648,2124414976,2126512128,2143289344,2140143616,2120220672,2137260032,2132541440,2755393047
2119172096,2152726528,2143289344,2134900736,2130706432,2147483648,2145386496,2128609280,2137522176,2138046464,2755409070
2127560704,2149580800,2143289344,2133852160,2134900736,2152726528,2151677952,2134900736,2138570752,2143551488,2755425072
2129657856,2150629376,2146435072,2138046464,2134900736,2151677952,2150629376,2133852160,2141192192,2142765056,2755441069
2130706432,2159017984,2154823680,2135949312,2130706432,2147483648,2145386496,2127560704,2145124352,2137784320,2755457068
2126512128,2153775104,2146435072,2126512128,2125463552,2144337920,2139095040,2121269248,2138308608,2132541440,2755473091
2133852160,2132803584,2131755008,2110783488,2124414976,2142240768,2139095040,2120220672,2127298560,2131492864,2755489090
2119172096,2141192192,2140143616,2122317824,2129657856,2146435072,2144337920,2126512128,2130706432,2136735744,2755505092
2125463552,2147483648,2151677952,2132803584,2133852160,2151677952,2150629376,2133852160,2139357184,2142502912,2755521089
2128609280,2151677952,2155872256,2134900736,2134900736,2153775104,2151677952,2135949312,2142765056,2144075776,2755537112
2142240768,2153775104,2142240768,2133852160,2130706432,2148532224,2146435072,2129657856,2143027200,2138832896,2755554001
2129657856,2138046464,2134900736,2117074944,2127560704,2142240768,2140143616,2120220672,2129920000,2132541440,2755570001
2119172096,2149580800,2147483648,2130706432,2124414976,2142240768,2138046464,2119172096,2136735744,2130968576,2755586001
2121269248,2138046464,2132803584,2118123520,2129657856,2145386496,2142240768,2123366400,2127560704,2135162880,2755602001
2143289344,2141192192,2141192192,2119172096,2133852160,2152726528,2150629376,2133852160,2136211456,2142765056,2755618023
2128609280,2168455168,2159017984,2143289344,2134900736,2152726528,2151677952,2135949312,2149842944,2143813632,2755634023
2127560704,2149580800,2147483648,2134900736,2132803584,2149580800,2148532224,2130706432,2139881472,2140405760,2755650024
2126512128,2155872256,2152726528,2133852160,2127560704,2145386496,2142240768,2122317824,2142240768,2134376448,2755666023
2117074944,2142240768,2143289344,2124414976,2124414976,2142240768,2139095040,2119172096,2131755008,2131230720,2755682048
2122317824,2157969408,2153775104,2130706432,2126512128,2145386496,2142240768,2123366400,2141192192,2134376448,2755698051
2124414976,2160066560,2153775104,2133852160,2130706432,2150629376,2148532224,2132803584,2143027200,2140667904,2755714047
2142240768,2144337920,2144337920,2128609280,2134900736,2153775104,2152726528,2135949312,2139881472,2144337920,2755730049
2135949312,2144337920,2147483648,2129657856,2133852160,2151677952,2149580800,2132803584,2139357184,2141978624,2755746069
2124414976,2160066560,2161115136,2134900736,2127560704,2145386496,2144337920,2125463552,2145124352,2135687168,2755762070
2135949312,2146435072,2143289344,2116026368,2125463552,2143289344,2139095040,2119172096,2135425024,2131755008,2755778067
2135949312,2134900736,2131755008,2109734912,2126512128,2144337920,2141192192,2122317824,2128084992,2133590016,2755794069
2120220672,2156920832,2155872256,2133852160,2130706432,2148532224,2146435072,2129657856,2141716480,2138832896,2755810091
2125463552,2151677952,2149580800,2136997888,2134900736,2152726528,2151677952,2135949312,2140930048,2143813632,2755826090
2128609280,2163212288,2160066560,2151677952,2133852160,2152726528,2150629376,2134900736,2150891520,2143027200,2755842087
2147483648,2142240768,2144337920,2123366400,2129657856,2147483648,2144337920,2127560704,2139357184,2137260032,2755858090
2132803584,2140143616,2132803584,2116026368,2125463552,2142240768,2138046464,2120220672,2130444288,2131492864,2755874111
2139095040,2135949312,2133852160,2112880640,2125463552,2143289344,2140143616,2120220672,2130444288,2132279296,2755890112
2122317824,2160066560,2152726528,2134900736,2129657856,2148532224,2145386496,2127560704,2142502912,2137784320,2755907001
2135949312,2156920832,2153775104,2125463552,2133852160,2152726528,2150629376,2135949312,2143027200,2143289344,2755923001
2131755008,2148532224,2144337920,2132803584,2134900736,2152726528,2150629376,2134900736,2139357184,2143289344,2755939001
2128609280,2159017984,2157969408,2132803584,2130706432,2149580800,2146435072,2128609280,2144600064,2138832896,2755955023
2120220672,2160066560,2155872256,2139095040,2126512128,2143289344,2140143616,2120220672,2143813632,2132541440,2755971025
2131755008,2146435072,2138046464,2125463552,2124414976,2143289344,2139095040,2120220672,2135425024,2131755008,2755987024
2119172096,2147483648,2143289344,2129657856,2128609280,2146435072,2144337920,2125463552,2134900736,2136211456,2756003023
2135949312,2145386496,2150629376,2123366400,2133852160,2151677952,2149580800,2133852160,2138832896,2142240768,2756019047
2126512128,2151677952,2147483648,2139095040,2134900736,2153775104,2151677952,2135949312,2141192192,2144075776,2756035048
2138046464,2154823680,2154823680,2127560704,2131755008,2150629376,2147483648,2130706432,2143813632,2140143616,2756051050
2127560704,2157969408,2152726528,2134900736,2126512128,2144337920,2141192192,2122317824,2143289344,2133590016,2756067048
2124414976,2149580800,2145386496,2124414976,2124414976,2142240768,2139095040,2118123520,2135949312,2130968576,2756083070
2130706432,2149580800,2146435072,2123366400,2127560704,2144337920,2142240768,2123366400,2137522176,2134376448,2756099069
2123366400,2145386496,2144337920,2127560704,2132803584,2149580800,2147483648,2130706432,2135162880,2140143616,2756115069
2133852160,2147483648,2144337920,2130706432,2135949312,2152726528,2151677952,2135949312,2139095040,2144075776,2756131069
2141192192,2144337920,2144337920,2127560704,2133852160,2150629376,2149580800,2131755008,2139357184,2141454336,2756147091
2123366400,2160066560,2155872256,2140143616,2128609280,2145386496,2143289344,2124414976,2144862208,2135425024,2756163089
2136997888,2136997888,2138046464,2112880640,2125463552,2141192192,2139095040,2118123520,2131230720,2130968576,2756179091
2117074944,2147483648,2147483648,2128609280,2127560704,2143289344,2140143616,2121269248,2135162880,2133065728,2756195092
2121269248,2142240768,2139095040,2123366400,2130706432,2148532224,2146435072,2129657856,2131492864,2138832896,2756211113
2140143616,2143289344,2144337920,2125463552,2134900736,2152726528,2150629376,2135949312,2138308608,2143551488,2756227110
2143289344,2146435072,2152726528,2129657856,2133852160,2151677952,2150629376,2132803584,2143027200,2142240768,2756244001
2123366400,2147483648,2145386496,2129657856,2128609280,2146435072,2144337920,2126512128,2136473600,2136473600,2756260001
2140143616,2134900736,2134900736,2112880640,2125463552,2142240768,2139095040,2119172096,2130706432,2131492864,2756276001
2121269248,2155872256,2152726528,2128609280,2125463552,2143289344,2140143616,2120220672,2139619328,2132279296,2756292000
2138046464,2141192192,2135949312,2117074944,2130706432,2148532224,2145386496,2128609280,2133065728,2138308608,2756308025
2138046464,2151677952,2152726528,2127560704,2134900736,2152726528,2150629376,2134900736,2142502912,2143289344,2756324023
2142240768,2146435072,2144337920,2129657856,2133852160,2152726528,2150629376,2134900736,2140667904,2143027200,2756340023
2124414976,2157969408,2150629376,2136997888,2130706432,2147483648,2145386496,2127560704,2142502912,2137784320,2756356022
2130706432,2139095040,2133852160,2118123520,2126512128,2142240768,2139095040,2119172096,2130444288,2131755008,2756372044
2133852160,2135949312,2138046464,2112880640,2124414976,2142240768,2139095040,2119172096,2130182144,2131230720,2756388046
2118123520,2160066560,2147483648,2140143616,2128609280,2146435072,2143289344,2126512128,2141454336,2136211456,2756404044
2139095040,2155872256,2154823680,2129657856,2133852160,2151677952,2150629376,2132803584,2144862208,2142240768,2756420044
2145386496,2147483648,2145386496,2127560704,2133852160,2153775104,2151677952,2135949312,2141454336,2143813632,2756436069
2126512128,2147483648,2147483648,2131755008,2131755008,2149580800,2146435072,2129657856,2138308608,2139357184,2756452070
2140143616,2138046464,2135949312,2117074944,2126512128,2144337920,2141192192,2122317824,2132803584,2133590016,2756468071
2131755008,2132803584,2130706432,2110783488,2124414976,2142240768,2136997888,2119172096,2126512128,2130706432,2756484067
2119172096,2143289344,2136997888,2122317824,2127560704,2145386496,2141192192,2123366400,2130444288,2134376448,2756500091
2130706432,2156920832,2161115136,2136997888,2133852160,2149580800,2148532224,2131755008,2146435072,2140930048,2756516092
2144337920,2156920832,2146435072,2134900736,2134900736,2152726528,2150629376,2135949312,2145648640,2143551488,2756532091
2126512128,2148532224,2150629376,2133852160,2132803584,2150629376,2148532224,2131755008,2139881472,2140930048,2756548088
2124414976,2148532224,2149580800,2130706432,2127560704,2145386496,2142240768,2123366400,2138308608,2134638592,2756564110
2132803584,2135949312,2138046464,2112880640,2125463552,2143289344,2139095040,2119172096,2129920000,2131755008,2756581001
2120220672,2147483648,2148532224,2130706432,2127560704,2144337920,2141192192,2123366400,2136735744,2134114304,2756597001
2131755008,2160066560,2150629376,2136997888,2131755008,2149580800,2147483648,2130706432,2144862208,2139881472,2756613001
2140143616,2144337920,2143289344,2125463552,2134900736,2152726528,2150629376,2134900736,2138308608,2143289344,2756629001
2141192192,2153775104,2154823680,2134900736,2132803584,2152726528,2150629376,2133852160,2146172928,2142502912,2756645024
2125463552,2156920832,2159017984,2140143616,2128609280,2147483648,2144337920,2125463552,2145386496,2136473600,2756661023
2129657856,2139095040,2132803584,2116026368,2125463552,2143289344,2139095040,2119172096,2129395712,2131755008,2756677024
2121269248,2133852160,2130706432,2114977792,2126512128,2143289344,2140143616,2120220672,2125201408,2132541440,2756693023
2132803584,2138046464,2138046464,2117074944,2130706432,2148532224,2146435072,2128609280,2131492864,2138570752,2756709045
2141192192,2144337920,2141192192,2126512128,2134900736,2152726528,2150629376,2134900736,2138308608,2143289344,2756725045
2146435072,2146435072,2145386496,2131755008,2134900736,2152726528,2149580800,2133852160,2142502912,2142765056,2756741044
2125463552,2148532224,2147483648,2130706432,2129657856,2148532224,2146435072,2128609280,2138046464,2138308608,2756757045
2119172096,2147483648,2149580800,2130706432,2125463552,2143289344,2140143616,2120220672,2136735744,2132279296,2756773070
2122317824,2148532224,2148532224,2122317824,2126512128,2143289344,2139095040,2119172096,2135425024,2132017152,2756789070
2135949312,2149580800,2142240768,2117074944,2129657856,2147483648,2144337920,2126512128,2136211456,2136997888,2756805067
2141192192,2141192192,2141192192,2123366400,2133852160,2151677952,2150629376,2133852160,2136735744,2142502912,2756821070
2140143616,2147483648,2146435072,2127560704,2135949312,2152726528,2150629376,2134900736,2140405760,2143551488,2756837089
2135949312,2145386496,2141192192,2126512128,2131755008,2148532224,2146435072,2129657856,2137260032,2139095040,2756853090
2125463552,2155872256,2154823680,2134900736,2127560704,2144337920,2140143616,2120220672,2142765056,2133065728,2756869089
2138046464,2134900736,2131755008,2109734912,2125463552,2143289344,2139095040,2119172096,2128609280,2131755008,2756885091
2119172096,2139095040,2135949312,2121269248,2127560704,2145386496,2143289344,2124414976,2128871424,2135162880,2756901115
2133852160,2142240768,2143289344,2126512128,2132803584,2151677952,2148532224,2132803584,2136473600,2141454336,2756917112
2142240768,2156920832,2152726528,2133852160,2134900736,2153775104,2151677952,2135949312,2146435072,2144075776,2756934001
2140143616,2151677952,2145386496,2131755008,2132803584,2149580800,2147483648,2130706432,2142240768,2140143616,2756950001
2122317824,2147483648,2148532224,2126512128,2126512128,2145386496,2142240768,2123366400,2136211456,2134376448,2756966001
2118123520,2135949312,2141192192,2116026368,2124414976,2142240768,2138046464,2119172096,2127822848,2130968576,2756982024
2118123520,2143289344,2147483648,2123366400,2127560704,2144337920,2142240768,2122317824,2133065728,2134114304,2756998023
2126512128,2156920832,2159017984,2138046464,2131755008,2149580800,2148532224,2130706432,2145124352,2140143616,2757014024
2141192192,2145386496,2145386496,2126512128,2135949312,2152726528,2151677952,2135949312,2139619328,2144075776,2757030023
2132803584,2161115136,2159017984,2142240768,2132803584,2151677952,2149580800,2133852160,2148794368,2141978624,2757046047
2140143616,2141192192,2141192192,2121269248,2128609280,2146435072,2143289344,2125463552,2135949312,2135949312,2757062044
2136997888,2134900736,2132803584,2112880640,2124414976,2142240768,2138046464,2119172096,2129395712,2130968576,2757078045
2135949312,2133852160,2130706432,2112880640,2125463552,2144337920,2141192192,2122317824,2128347136,2133327872,2757094045
2134900736,2141192192,2142240768,2119172096,2131755008,2147483648,2146435072,2128609280,2134376448,2138570752,2757110069
2140143616,2142240768,2143289344,2125463552,2134900736,2152726528,2151677952,2134900736,2137784320,2143551488,2757126067
2132803584,2164260864,2159017984,2144337920,2134900736,2152726528,2149580800,2134900736,2150105088,2143027200,2757142071
2142240768,2153775104,2144337920,2127560704,2129657856,2147483648,2144337920,2127560704,2141978624,2137260032,2757158068
2119172096,2147483648,2147483648,2128609280,2126512128,2142240768,2139095040,2119172096,2135687168,2131755008,2757174089
2133852160,2131755008,2131755008,2110783488,2125463552,2142240768,2139095040,2120220672,2127036416,2131755008,2757190089
2120220672,2147483648,2140143616,2125463552,2129657856,2147483648,2144337920,2127560704,2133327872,2137260032,2757206093
2142240768,2140143616,2142240768,2123366400,2132803584,2152726528,2151677952,2134900736,2136997888,2143027200,2757222090
2146435072,2146435072,2145386496,2130706432,2133852160,2152726528,2151677952,2134900736,2142240768,2143289344,2757238110
2125463552,2151677952,2147483648,2139095040,2130706432,2147483648,2145386496,2128609280,2140930048,2138046464,2757254110
2133852160,2140143616,2133852160,2118123520,2125463552,2143289344,2140143616,2121269248,2131492864,2132541440,2757271001
2131755008,2147483648,2143289344,2125463552,2124414976,2142240768,2139095040,2119172096,2136997888,2131230720,2757287001
2120220672,2149580800,2145386496,2129657856,2128609280,2145386496,2143289344,2124414976,2136211456,2135425024,2757303001
2125463552,2143289344,2150629376,2126512128,2133852160,2151677952,2150629376,2132803584,2136473600,2142240768,2757319001
2141192192,2146435072,2145386496,2129657856,2134900736,2153775104,2151677952,2134900736,2140667904,2143813632,2757335024
2130706432,2155872256,2161115136,2141192192,2131755008,2149580800,2147483648,2130706432,2147221504,2139881472,2757351024
2133852160,2138046464,2136997888,2119172096,2126512128,2144337920,2141192192,2122317824,2132017152,2133590016,2757367025
2120220672,2143289344,2140143616,2124414976,2125463552,2142240768,2138046464,2119172096,2132017152,2131230720,2757383023
2118123520,2148532224,2140143616,2131755008,2127560704,2144337920,2142240768,2123366400,2134638592,2134376448,2757399045
2134900736,2154823680,2150629376,2134900736,2132803584,2149580800,2148532224,2130706432,2143813632,2140405760,2757415045
2127560704,2157969408,2149580800,2147483648,2134900736,2152726528,2151677952,2136997888,2145648640,2144075776,2757431047
2129657856,2147483648,2147483648,2131755008,2133852160,2150629376,2149580800,2132803584,2139095040,2141716480,2757447045
2127560704,2157969408,2155872256,2139095040,2128609280,2145386496,2142240768,2124414976,2145124352,2135162880,2757463070
2120220672,2143289344,2147483648,2124414976,2125463552,2142240768,2139095040,2119172096,2133852160,2131492864,2757479070
2118123520,2155872256,2144337920,2131755008,2125463552,2145386496,2141192192,2122317824,2137522176,2133590016,2757495071
2131755008,2143289344,2136997888,2120220672,2130706432,2149580800,2146435072,2129657856,2133065728,2139095040,2757511069
2141192192,2145386496,2143289344,2126512128,2134900736,2152726528,2151677952,2135949312,2139095040,2143813632,2757527090
2145386496,2146435072,2146435072,2129657856,2133852160,2151677952,2150629376,2133852160,2141978624,2142502912,2757543090
2127560704,2160066560,2162163712,2143289344,2128609280,2146435072,2144337920,2125463552,2148270080,2136211456,2757559090
2139095040,2146435072,2133852160,2120220672,2126512128,2142240768,2139095040,2119172096,2134900736,2131755008,2757575089
2122317824,2152726528,2150629376,2124414976,2125463552,2142240768,2140143616,2120220672,2137522176,2132017152,2757591112
2139095040,2145386496,2138046464,2121269248,2130706432,2147483648,2145386496,2127560704,2135949312,2137784320,2757608001
2146435072,2144337920,2141192192,2123366400,2133852160,2152726528,2150629376,2134900736,2138832896,2143027200,2757624001
2127560704,2148532224,2152726528,2131755008,2134900736,2152726528,2151677952,2134900736,2140143616,2143551488,2757640000
2126512128,2148532224,2141192192,2130706432,2130706432,2147483648,2145386496,2127560704,2136735744,2137784320,2757656001
2129657856,2139095040,2132803584,2118123520,2126512128,2143289344,2140143616,2120220672,2129920000,2132541440,2757672022
2134900736,2143289344,2133852160,2110783488,2125463552,2143289344,2139095040,2119172096,2130706432,2131755008,2757688023
2139095040,2141192192,2140143616,2114977792,2129657856,2146435072,2144337920,2126512128,2133852160,2136735744,2757704023
2141192192,2146435072,2151677952,2125463552,2134900736,2150629376,2150629376,2132803584,2141192192,2142240768,2757720024
2126512128,2151677952,2157969408,2134900736,2134900736,2153775104,2152726528,2135949312,2142765056,2144337920,2757736045
2130706432,2162163712,2161115136,2146435072,2131755008,2149580800,2147483648,2129657856,2150105088,2139619328,2757752045
2122317824,2156920832,2151677952,2138046464,2127560704,2144337920,2141192192,2122317824,2142240768,2133852160,2757768046
2129657856,2133852160,2131755008,2111832064,2124414976,2142240768,2139095040,2119172096,2126774272,2131230720,2757784045
2134900736,2138046464,2138046464,2113929216,2128609280,2145386496,2142240768,2123366400,2131230720,2134900736,2757800067
2121269248,2155872256,2141192192,2139095040,2131755008,2151677952,2148532224,2132803584,2139357184,2141192192,2757816067
2126512128,2167406592,2159017984,2146435072,2134900736,2153775104,2151677952,2135949312,2149842944,2144075776,2757832066
2140143616,2142240768,2144337920,2127560704,2132803584,2149580800,2148532224,2131755008,2138570752,2140667904,2757848067
2126512128,2157969408,2160066560,2133852160,2128609280,2146435072,2142240768,2124414976,2144600064,2135425024,2757864092
2134900736,2138046464,2134900736,2113929216,2125463552,2142240768,2139095040,2118123520,2130444288,2131230720,2757880089
2131755008,2146435072,2142240768,2112880640,2126512128,2144337920,2141192192,2122317824,2133327872,2133590016,2757896089
2123366400,2154823680,2155872256,2138046464,2131755008,2149580800,2147483648,2130706432,2143027200,2139881472,2757912090
2128609280,2152726528,2149580800,2136997888,2134900736,2152726528,2151677952,2135949312,2141978624,2143813632,2757928110
2144337920,2157969408,2144337920,2130706432,2133852160,2152726528,2151677952,2133852160,2144337920,2143027200,2757944112
2125463552,2147483648,2148532224,2130706432,2128609280,2146435072,2142240768,2125463552,2138046464,2135687168,2757961001
2120220672,2151677952,2152726528,2131755008,2125463552,2143289344,2139095040,2119172096,2139095040,2131755008,2757977001
2126512128,2150629376,2146435072,2121269248,2125463552,2144337920,2140143616,2121269248,2136211456,2132803584,2757993001
2139095040,2141192192,2138046464,2118123520,2130706432,2148532224,2145386496,2128609280,2134114304,2138308608,2758009024
2128609280,2162163712,2161115136,2140143616,2133852160,2152726528,2151677952,2135949312,2148007936,2143551488,2758025022
2136997888,2160066560,2161115136,2140143616,2133852160,2152726528,2151677952,2134900736,2149580800,2143289344,2758041023
2126512128,2148532224,2145386496,2132803584,2130706432,2147483648,2145386496,2126512128,2138308608,2137522176,2758057024
2132803584,2136997888,2133852160,2114977792,2125463552,2142240768,2140143616,2119172096,2129657856,2131755008,2758073046
2129657856,2149580800,2138046464,2126512128,2125463552,2142240768,2139095040,2120220672,2135949312,2131755008,2758089045
2135949312,2152726528,2138046464,2128609280,2129657856,2147483648,2144337920,2126512128,2138832896,2136997888,2758105046
2125463552,2151677952,2144337920,2136997888,2133852160,2151677952,2150629376,2133852160,2139619328,2142502912,2758121045
2143289344,2162163712,2150629376,2136997888,2134900736,2152726528,2151677952,2135949312,2148270080,2143813632,2758137067
2127560704,2159017984,2165309440,2139095040,2131755008,2149580800,2147483648,2129657856,2147745792,2139619328,2758153065
2122317824,2140143616,2140143616,2122317824,2126512128,2144337920,2141192192,2121269248,2131230720,2133327872,2758169069
2129657856,2131755008,2131755008,2110783488,2124414976,2143289344,2139095040,2119172096,2125987840,2131492864,2758185066
2138046464,2140143616,2134900736,2114977792,2127560704,2145386496,2142240768,2124414976,2132017152,2134900736,2758201093
2125463552,2160066560,2159017984,2135949312,2132803584,2150629376,2149580800,2132803584,2145124352,2141454336,2758217088
2139095040,2161115136,2154823680,2138046464,2134900736,2152726528,2152726528,2134900736,2148270080,2143813632,2758233091
2129657856,2156920832,2163212288,2143289344,2131755008,2150629376,2148532224,2131755008,2148270080,2140667904,2758249090
2135949312,2138046464,2138046464,2122317824,2127560704,2144337920,2142240768,2123366400,2133590016,2134376448,2758265112
2133852160,2133852160,2131755008,2110783488,2125463552,2142240768,2139095040,2118123520,2127560704,2131230720,2758281110
2124414976,2150629376,2150629376,2124414976,2127560704,2144337920,2141192192,2122317824,2137522176,2133852160,2758298001
2134900736,2154823680,2153775104,2133852160,2131755008,2150629376,2148532224,2130706432,2144337920,2140405760,2758314001
2145386496,2147483648,2146435072,2126512128,2134900736,2152726528,2151677952,2135949312,2141454336,2143813632,2758330001
2141192192,2150629376,2144337920,2130706432,2133852160,2150629376,2148532224,2132803584,2141716480,2141454336,2758346001
2142240768,2151677952,2142240768,2129657856,2129657856,2146435072,2144337920,2124414976,2141454336,2136211456,2758362024
2129657856,2141192192,2143289344,2114977792,2125463552,2142240768,2139095040,2118123520,2132279296,2131230720,2758378022
2136997888,2133852160,2132803584,2111832064,2126512128,2142240768,2140143616,2120220672,2128871424,2132279296,2758394023
2127560704,2157969408,2147483648,2131755008,2130706432,2149580800,2146435072,2128609280,2141192192,2138832896,2758410022
2141192192,2146435072,2151677952,2124414976,2134900736,2152726528,2151677952,2134900736,2140930048,2143551488,2758426045
2133852160,2147483648,2145386496,2130706432,2133852160,2151677952,2150629376,2133852160,2139357184,2142502912,2758442047
2133852160,2146435072,2159017984,2125463552,2129657856,2147483648,2144337920,2126512128,2141192192,2136997888,2758458045
2138046464,2135949312,2133852160,2114977792,2125463552,2142240768,2140143616,2119172096,2130706432,2131755008,2758474043
2127560704,2149580800,2146435072,2124414976,2125463552,2142240768,2140143616,2119172096,2136997888,2131755008,2758490066
2121269248,2159017984,2152726528,2135949312,2130706432,2146435072,2144337920,2126512128,2142240768,2136997888,2758506067
2127560704,2161115136,2156920832,2138046464,2133852160,2151677952,2150629376,2133852160,2145910784,2142502912,2758522066
2129657856,2161115136,2164260864,2146435072,2134900736,2152726528,2151677952,2134900736,2150367232,2143551488,2758538064
2134900736,2159017984,2159017984,2135949312,2130706432,2148532224,2146435072,2128609280,2147221504,2138570752,2758554090
2121269248,2142240768,2138046464,2125463552,2126512128,2143289344,2140143616,2121269248,2131755008,2132803584,2758570089
2120220672,2148532224,2146435072,2128609280,2124414976,2142240768,2139095040,2119172096,2135949312,2131230720,2758586093
2119172096,2154823680,2150629376,2133852160,2127560704,2146435072,2143289344,2124414976,2139619328,2135425024,2758602088
2138046464,2153775104,2146435072,2129657856,2133852160,2151677952,2149580800,2132803584,2141978624,2141978624,2758618112
2129657856,2168455168,2162163712,2149580800,2134900736,2153775104,2151677952,2136997888,2152464384,2144337920,2758635001
2125463552,2157969408,2152726528,2145386496,2131755008,2150629376,2147483648,2130706432,2145386496,2140143616,2758651001
2122317824,2156920832,2155872256,2135949312,2127560704,2144337920,2141192192,2122317824,2142765056,2133852160,2758667001
2130706432,2146435072,2142240768,2124414976,2125463552,2142240768,2139095040,2118123520,2135949312,2131230720,2758683001
2116026368,2150629376,2142240768,2132803584,2126512128,2145386496,2142240768,2124414976,2135425024,2134638592,2758699023
2126512128,2143289344,2140143616,2124414976,2131755008,2149580800,2148532224,2131755008,2133590016,2140405760,2758715024
2142240768,2145386496,2144337920,2127560704,2134900736,2152726528,2151677952,2135949312,2139881472,2143813632,2758731022
2135949312,2147483648,2147483648,2127560704,2132803584,2150629376,2149580800,2131755008,2139619328,2141192192,2758747023
2123366400,2151677952,2147483648,2136997888,2127560704,2146435072,2143289344,2125463552,2139881472,2135687168,2758763046
2132803584,2148532224,2133852160,2125463552,2125463552,2142240768,2139095040,2119172096,2135162880,2131492864,2758779046
2117074944,2149580800,2150629376,2129657856,2127560704,2143289344,2141192192,2121269248,2136735744,2133327872,2758795044
2133852160,2140143616,2150629376,2119172096,2131755008,2148532224,2147483648,2128609280,2135949312,2139095040,2758811045
2140143616,2144337920,2142240768,2126512128,2133852160,2152726528,2151677952,2135949312,2138308608,2143551488,2758827067
2138046464,2157969408,2162163712,2142240768,2134900736,2152726528,2150629376,2133852160,2150105088,2143027200,2758843067
2146435072,2141192192,2141192192,2122317824,2129657856,2146435072,2144337920,2126512128,2137784320,2136735744,2758859065
2136997888,2138046464,2134900736,2116026368,2125463552,2142240768,2139095040,2120220672,2131492864,2131755008,2758875066
2133852160,2133852160,2131755008,2112880640,2125463552,2143289344,2140143616,2120220672,2128084992,2132279296,2758891091
2122317824,2148532224,2150629376,2129657856,2129657856,2147483648,2145386496,2127560704,2137784320,2137522176,2758907090
2125463552,2152726528,2147483648,2138046464,2134900736,2151677952,2150629376,2134900736,2140930048,2143027200,2758923089
2130706432,2164260864,2166358016,2146435072,2134900736,2153775104,2151677952,2134900736,2151940096,2143813632,2758939092
2133852160,2154823680,2152726528,2128609280,2129657856,2148532224,2147483648,2129657856,2142502912,2138832896,2758955113
2134900736,2148532224,2146435072,2127560704,2126512128,2143289344,2140143616,2121269248,2139357184,2132803584,2758971115
2125463552,2152726528,2146435072,2122317824,2125463552,2143289344,2139095040,2120220672,2136735744,2132017152,2758988001
2122317824,2155872256,2155872256,2129657856,2128609280,2146435072,2144337920,2125463552,2140930048,2136211456,2759004001
2123366400,2147483648,2147483648,2134900736,2132803584,2151677952,2149580800,2133852160,2138308608,2141978624,2759020001
2146435072,2156920832,2146435072,2135949312,2134900736,2153775104,2151677952,2135949312,2146435072,2144075776,2759036023
2145386496,2146435072,2146435072,2128609280,2131755008,2148532224,2147483648,2129657856,2141716480,2139357184,2759052022
2133852160,2140143616,2136997888,2120220672,2126512128,2144337920,2142240768,2122317824,2132803584,2133852160,2759068023
2120220672,2151677952,2150629376,2131755008,2125463552,2142240768,2139095040,2118123520,2138570752,2131230720,2759084022
2138046464,2136997888,2134900736,2113929216,2127560704,2145386496,2142240768,2124414976,2130968576,2134900736,2759100046
2142240768,2141192192,2140143616,2122317824,2133852160,2149580800,2148532224,2130706432,2136473600,2140667904,2759116044
2149580800,2147483648,2145386496,2126512128,2135949312,2152726528,2151677952,2134900736,2142240768,2143813632,2759132045
2128609280,2152726528,2157969408,2140143616,2133852160,2149580800,2148532224,2130706432,2144862208,2140667904,2759148045
2131755008,2155872256,2151677952,2130706432,2128609280,2144337920,2142240768,2123366400,2142502912,2134638592,2759164069
2121269248,2136997888,2132803584,2118123520,2125463552,2142240768,2139095040,2118123520,2127298560,2131230720,2759180065
2119172096,2139095040,2147483648,2119172096,2127560704,2143289344,2141192192,2121269248,2131230720,2133327872,2759196068
2124414976,2142240768,2148532224,2126512128,2130706432,2149580800,2147483648,2130706432,2135425024,2139619328,2759212066
2127560704,2154823680,2149580800,2142240768,2134900736,2152726528,2151677952,2135949312,2143551488,2143813632,2759228091
2127560704,2151677952,2156920832,2139095040,2133852160,2151677952,2149580800,2133852160,2143813632,2142240768,2759244086
2126512128,2163212288,2157969408,2143289344,2129657856,2146435072,2143289344,2125463552,2147745792,2136211456,2759260092
2129657856,2139095040,2131755008,2113929216,2125463552,2142240768,2139095040,2119172096,2128609280,2131492864,2759276091
2132803584,2136997888,2134900736,2112880640,2126512128,2142240768,2139095040,2120220672,2129395712,2132017152,2759292111
2135949312,2136997888,2135949312,2120220672,2129657856,2148532224,2145386496,2128609280,2132279296,2138046464,2759308110
2126512128,2159017984,2155872256,2144337920,2134900736,2152726528,2150629376,2134900736,2146435072,2143289344,2759325001
2128609280,2153775104,2149580800,2139095040,2134900736,2151677952,2150629376,2133852160,2142765056,2142765056,2759341001
2144337920,2146435072,2145386496,2126512128,2129657856,2148532224,2145386496,2127560704,2140667904,2137784320,2759357001
2122317824,2155872256,2153775104,2134900736,2126512128,2143289344,2140143616,2120220672,2141716480,2132541440,2759373000
2116026368,2149580800,2134900736,2130706432,2125463552,2142240768,2139095040,2119172096,2132803584,2131492864,2759389023
2141192192,2140143616,2134900736,2114977792,2129657856,2147483648,2144337920,2126512128,2132803584,2136997888,2759405023
2124414976,2148532224,2144337920,2132803584,2133852160,2151677952,2149580800,2133852160,2137522176,2142240768,2759421024
2142240768,2146435072,2144337920,2130706432,2134900736,2152726528,2150629376,2135949312,2140930048,2143551488,2759437023
2127560704,2164260864,2159017984,2142240768,2131755008,2149580800,2147483648,2129657856,2148270080,2139619328,2759453047
2138046464,2146435072,2141192192,2119172096,2127560704,2142240768,2140143616,2120220672,2136211456,2132541440,2759469045
2117074944,2138046464,2134900736,2120220672,2125463552,2141192192,2138046464,2119172096,2127560704,2130968576,2759485046
2120220672,2155872256,2154823680,2128609280,2128609280,2145386496,2142240768,2124414976,2139881472,2135162880,2759501046
2124414976,2155872256,2147483648,2139095040,2132803584,2150629376,2147483648,2132803584,2141716480,2140930048,2759517066
2144337920,2151677952,2154823680,2133852160,2134900736,2153775104,2151677952,2135949312,2146172928,2144075776,2759533066
2146435072,2146435072,2145386496,2128609280,2132803584,2150629376,2149580800,2131755008,2141716480,2141192192,2759549069
2125463552,2140143616,2140143616,2124414976,2126512128,2145386496,2142240768,2123366400,2132541440,2134376448,2759565064
2136997888,2138046464,2138046464,2112880640,2124414976,2142240768,2138046464,2119172096,2131492864,2130968576,2759581089
2119172096,2138046464,2135949312,2117074944,2125463552,2144337920,2141192192,2122317824,2127560704,2133327872,2759597090
2132803584,2155872256,2149580800,2129657856,2131755008,2149580800,2147483648,2130706432,2141978624,2139881472,2759613089
2126512128,2162163712,2160066560,2146435072,2134900736,2153775104,2151677952,2135949312,2148794368,2144075776,2759629087
2138046464,2146435072,2144337920,2129657856,2132803584,2151677952,2151677952,2132803584,2139619328,2142240768,2759645114
2135949312,2142240768,2139095040,2123366400,2128609280,2146435072,2143289344,2125463552,2135162880,2135949312,2759662001
2117074944,2143289344,2134900736,2126512128,2124414976,2142240768,2139095040,2119172096,2130444288,2131230720,2759678001
2128609280,2132803584,2132803584,2110783488,2126512128,2143289344,2140143616,2120220672,2126249984,2132541440,2759694001
2131755008,2138046464,2135949312,2120220672,2131755008,2148532224,2145386496,2128609280,2131492864,2138570752,2759710001
2141192192,2148532224,2146435072,2126512128,2134900736,2152726528,2151677952,2134900736,2140667904,2143551488,2759726023
2128609280,2149580800,2148532224,2134900736,2133852160,2152726528,2150629376,2134900736,2140405760,2143027200,2759742024
2147483648,2142240768,2146435072,2124414976,2129657856,2147483648,2144337920,2127560704,2140143616,2137260032,2759758023
2130706432,2150629376,2145386496,2122317824,2124414976,2143289344,2140143616,2119172096,2137260032,2131755008,2759774024
2117074944,2150629376,2143289344,2132803584,2125463552,2143289344,2139095040,2120220672,2135949312,2132017152,2759790045
2135949312,2151677952,2142240768,2127560704,2129657856,2146435072,2144337920,2126512128,2139357184,2136735744,2759806044
2148532224,2142240768,2145386496,2123366400,2134900736,2151677952,2150629376,2133852160,2139881472,2142765056,2759822044
2140143616,2155872256,2146435072,2133852160,2135949312,2152726528,2151677952,2134900736,2144075776,2143813632,2759838045
2129657856,2156920832,2159017984,2133852160,2130706432,2147483648,2146435072,2128609280,2144862208,2138308608,2759854068
2123366400,2153775104,2154823680,2133852160,2126512128,2143289344,2140143616,2121269248,2141454336,2132803584,2759870068
2116026368,2139095040,2141192192,2118123520,2126512128,2142240768,2138046464,2118123520,2128609280,2131230720,2759886064
2127560704,2141192192,2145386496,2116026368,2128609280,2145386496,2142240768,2124414976,2132541440,2135162880,2759902068
2121269248,2154823680,2151677952,2136997888,2132803584,2151677952,2149580800,2132803584,2141192192,2141716480,2759918088
2149580800,2153775104,2145386496,2128609280,2134900736,2153775104,2151677952,2135949312,2144337920,2144075776,2759934088
2144337920,2144337920,2144337920,2127560704,2132803584,2149580800,2148532224,2130706432,2140143616,2140405760,2759950086
2132803584,2141192192,2138046464,2120220672,2127560704,2145386496,2141192192,2122317824,2133065728,2134114304,2759966089
2135949312,2139095040,2131755008,2110783488,2125463552,2142240768,2138046464,2118123520,2129395712,2130968576,2759982111
2119172096,2139095040,2135949312,2118123520,2127560704,2144337920,2141192192,2121269248,2128084992,2133590016,2759998111
2122317824,2151677952,2147483648,2134900736,2131755008,2150629376,2148532224,2131755008,2139095040,2140667904,2760015001
2138046464,2147483648,2146435072,2129657856,2134900736,2152726528,2151677952,2134900736,2140405760,2143551488,2760031001
2144337920,2144337920,2145386496,2129657856,2133852160,2150629376,2149580800,2132803584,2140930048,2141716480,2760047001
2135949312,2146435072,2151677952,2125463552,2128609280,2145386496,2143289344,2124414976,2139881472,2135425024,2760063024
2135949312,2142240768,2131755008,2112880640,2125463552,2143289344,2139095040,2119172096,2130706432,2131755008,2760079023
2119172096,2143289344,2147483648,2122317824,2127560704,2143289344,2140143616,2121269248,2133065728,2133065728,2760095025
2130706432,2146435072,2154823680,2125463552,2131755008,2148532224,2147483648,2129657856,2139357184,2139357184,2760111023
2126512128,2154823680,2150629376,2142240768,2134900736,2152726528,2151677952,2135949312,2143551488,2143813632,2760127046
2147483648,2144337920,2145386496,2125463552,2134900736,2151677952,2149580800,2133852160,2140667904,2142502912,2760143046
2125463552,2145386496,2148532224,2129657856,2129657856,2146435072,2145386496,2126512128,2137260032,2136997888,2760159045
2131755008,2150629376,2144337920,2125463552,2124414976,2143289344,2139095040,2121269248,2138046464,2132017152,2760175046
2135949312,2133852160,2129657856,2112880640,2125463552,2143289344,2139095040,2120220672,2128084992,2132017152,2760191068
2134900736,2138046464,2134900736,2118123520,2131755008,2147483648,2143289344,2126512128,2131492864,2137260032,2760207066
2128609280,2165309440,2164260864,2139095040,2134900736,2152726528,2150629376,2134900736,2149318656,2143289344,2760223066
2131755008,2152726528,2164260864,2138046464,2133852160,2152726528,2151677952,2134900736,2146697216,2143289344,2760239067
2131755008,2159017984,2155872256,2141192192,2130706432,2148532224,2146435072,2128609280,2146959360,2138570752,2760255088
2136997888,2144337920,2138046464,2116026368,2126512128,2143289344,2140143616,2120220672,2133852160,2132541440,2760271087
2119172096,2153775104,2150629376,2125463552,2125463552,2142240768,2139095040,2119172096,2137260032,2131492864,2760287089
2119172096,2151677952,2147483648,2134900736,2128609280,2146435072,2144337920,2125463552,2138308608,2136211456,2760303086
2131755008,2142240768,2142240768,2125463552,2133852160,2150629376,2149580800,2132803584,2135425024,2141716480,2760319110
2128609280,2164260864,2161115136,2147483648,2134900736,2152726528,2151677952,2135949312,2150367232,2143813632,2760335110
2129657856,2144337920,2147483648,2128609280,2131755008,2148532224,2146435072,2129657856,2137522176,2139095040,2760352001
2125463552,2148532224,2147483648,2133852160,2127560704,2144337920,2141192192,2121269248,2138832896,2133590016,2760368001
2114977792,2147483648,2141192192,2128609280,2124414976,2142240768,2138046464,2119172096,2133065728,2130968576,2760384001
2120220672,2153775104,2152726528,2127560704,2128609280,2145386496,2142240768,2123366400,2138570752,2134900736,2760400001
2133852160,2144337920,2141192192,2124414976,2131755008,2150629376,2149580800,2132803584,2135949312,2141192192,2760416025
2149580800,2152726528,2146435072,2129657856,2135949312,2152726528,2151677952,2135949312,2144600064,2144075776,2760432023
2127560704,2149580800,2147483648,2135949312,2133852160,2149580800,2148532224,2131755008,2140143616,2140930048,2760448023
2134900736,2154823680,2152726528,2128609280,2127560704,2145386496,2142240768,2124414976,2142765056,2134900736,2760464023
2129657856,2136997888,2133852160,2114977792,2123366400,2142240768,2138046464,2119172096,2128871424,2130706432,2760480045
2118123520,2152726528,2148532224,2132803584,2126512128,2145386496,2141192192,2122317824,2138046464,2133852160,2760496047
2133852160,2141192192,2141192192,2122317824,2131755008,2149580800,2147483648,2130706432,2134638592,2139881472,2760512045
2141192192,2147483648,2154823680,2125463552,2134900736,2152726528,2151677952,2134900736,2142240768,2143551488,2760528045
2143289344,2146435072,2145386496,2129657856,2133852160,2151677952,2149580800,2133852160,2141192192,2142240768,2760544066
2124414976,2147483648,2147483648,2126512128,2129657856,2146435072,2144337920,2125463552,2136473600,2136473600,2760560066
2119172096,2154823680,2151677952,2135949312,2125463552,2143289344,2139095040,2120220672,2140405760,2132017152,2760576066
2121269248,2136997888,2135949312,2116026368,2125463552,2143289344,2139095040,2120220672,2127560704,2132017152,2760592065
2138046464,2148532224,2135949312,2127560704,2130706432,2148532224,2145386496,2128609280,2137522176,2138308608,2760608087
2125463552,2161115136,2164260864,2145386496,2134900736,2153775104,2150629376,2134900736,2149056512,2143551488,2760624087
2129657856,2147483648,2149580800,2130706432,2132803584,2152726528,2151677952,2135949312,2139357184,2143289344,2760640086
2130706432,2159017984,2153775104,2138046464,2130706432,2148532224,2145386496,2127560704,2145386496,2138046464,2760656087
2120220672,2147483648,2143289344,2126512128,2125463552,2144337920,2140143616,2121269248,2134376448,2132803584,2760672113
2122317824,2154823680,2146435072,2130706432,2125463552,2142240768,2140143616,2119172096,2138570752,2131755008,2760689001
2121269248,2155872256,2153775104,2127560704,2129657856,2146435072,2143289344,2126512128,2139619328,2136473600,2760705001
2141192192,2144337920,2142240768,2123366400,2134900736,2151677952,2150629376,2132803584,2137784320,2142502912,2760721001
2130706432,2170552320,2164260864,2148532224,2134900736,2153775104,2152726528,2134900736,2153512960,2144075776,2760737001
2127560704,2161115136,2156920832,2147483648,2131755008,2148532224,2147483648,2128609280,2148270080,2139095040,2760753024
2134900736,2150629376,2146435072,2129657856,2126512128,2143289344,2141192192,2121269248,2140405760,2133065728,2760769026
2133852160,2135949312,2130706432,2112880640,2125463552,2142240768,2139095040,2119172096,2128347136,2131492864,2760785022
2121269248,2140143616,2147483648,2119172096,2127560704,2145386496,2143289344,2124414976,2132017152,2135162880,2760801024
2133852160,2143289344,2141192192,2123366400,2133852160,2151677952,2148532224,2132803584,2135425024,2141716480,2760817047
2128609280,2151677952,2150629376,2139095040,2135949312,2153775104,2150629376,2135949312,2142502912,2144075776,2760833046
2140143616,2152726528,2145386496,2131755008,2132803584,2150629376,2149580800,2131755008,2142502912,2141192192,2760849044
2139095040,2151677952,2146435072,2129657856,2127560704,2145386496,2142240768,2123366400,2141716480,2134638592,2760865045
2138046464,2133852160,2133852160,2112880640,2125463552,2142240768,2138046464,2118123520,2129657856,2130968576,2760881066
2120220672,2142240768,2153775104,2125463552,2126512128,2144337920,2141192192,2123366400,2135425024,2133852160,2760897068
2134900736,2151677952,2146435072,2129657856,2132803584,2150629376,2147483648,2130706432,2140667904,2140405760,2760913064
2135949312,2159017984,2159017984,2142240768,2134900736,2152726528,2150629376,2135949312,2149056512,2143551488,2760929066
2130706432,2161115136,2166358016,2145386496,2133852160,2151677952,2149580800,2132803584,2150891520,2141978624,2760945086
2123366400,2147483648,2147483648,2126512128,2128609280,2145386496,2143289344,2124414976,2136211456,2135425024,2760961089
2118123520,2148532224,2147483648,2129657856,2125463552,2142240768,2139095040,2119172096,2135949312,2131492864,2760977087
2128609280,2136997888,2135949312,2113929216,2126512128,2143289344,2140143616,2121269248,2128871424,2132803584,2760993086
2131755008,2152726528,2149580800,2129657856,2130706432,2148532224,2145386496,2128609280,2140930048,2138308608,2761009108
2144337920,2142240768,2142240768,2125463552,2134900736,2153775104,2151677952,2134900736,2138570752,2143813632,2761025114
2129657856,2168455168,2162163712,2151677952,2133852160,2152726528,2151677952,2134900736,2152988672,2143289344,2761042001
2135949312,2143289344,2140143616,2126512128,2129657856,2147483648,2145386496,2127560704,2136473600,2137522176,2761058001
2136997888,2152726528,2144337920,2123366400,2125463552,2143289344,2139095040,2119172096,2139357184,2131755008,2761074001
2121269248,2135949312,2130706432,2116026368,2126512128,2142240768,2139095040,2119172096,2125987840,2131755008,2761090022
2124414976,2152726528,2154823680,2131755008,2130706432,2146435072,2144337920,2126512128,2140930048,2136997888,2761106022
2126512128,2151677952,2141192192,2140143616,2133852160,2151677952,2150629376,2134900736,2139881472,2142765056,2761122022
2129657856,2155872256,2153775104,2141192192,2133852160,2153775104,2151677952,2135949312,2145124352,2143813632,2761138023
2134900736,2154823680,2155872256,2129657856,2130706432,2148532224,2147483648,2129657856,2143813632,2139095040,2761154045
2124414976,2140143616,2134900736,2120220672,2126512128,2143289344,2142240768,2121269248,2129920000,2133327872,2761170044
2124414976,2147483648,2150629376,2123366400,2124414976,2142240768,2139095040,2119172096,2136473600,2131230720,2761186046
2120220672,2142240768,2147483648,2125463552,2128609280,2145386496,2143289344,2124414976,2133852160,2135425024,2761202047
2134900736,2142240768,2143289344,2124414976,2132803584,2150629376,2148532224,2132803584,2136211456,2141192192,2761218066
2146435072,2146435072,2144337920,2130706432,2136997888,2152726528,2151677952,2135949312,2141978624,2144337920,2761234065
2138046464,2145386496,2143289344,2129657856,2132803584,2148532224,2147483648,2130706432,2139095040,2139881472,2761250065
2123366400,2147483648,2151677952,2129657856,2127560704,2144337920,2142240768,2122317824,2138046464,2134114304,2761266066
2120220672,2141192192,2140143616,2122317824,2125463552,2142240768,2136997888,2119172096,2130968576,2130968576,2761282087
2133852160,2136997888,2131755008,2111832064,2127560704,2145386496,2142240768,2123366400,2128609280,2134638592,2761298086
2123366400,2155872256,2149580800,2139095040,2131755008,2149580800,2148532224,2131755008,2141978624,2140405760,2761314088
2146435072,2145386496,2143289344,2128609280,2134900736,2153775104,2151677952,2135949312,2140930048,2144075776,2761330088
2140143616,2147483648,2143289344,2126512128,2134900736,2150629376,2148532224,2132803584,2139357184,2141716480,2761346112
2124414976,2161115136,2160066560,2142240768,2128609280,2146435072,2142240768,2125463552,2146959360,2135687168,2761362105
2118123520,2147483648,2145386496,2126512128,2124414976,2142240768,2139095040,2119172096,2134376448,2131230720,2761379001
2117074944,2148532224,2145386496,2130706432,2126512128,2144337920,2140143616,2121269248,2135425024,2133065728,2761395001
2122317824,2163212288,2151677952,2134900736,2131755008,2148532224,2147483648,2129657856,2143027200,2139357184,2761411001
2141192192,2147483648,2141192192,2127560704,2134900736,2152726528,2151677952,2135949312,2139357184,2143813632,2761427001
2130706432,2149580800,2144337920,2141192192,2134900736,2150629376,2149580800,2132803584,2141454336,2141978624,2761443024
2129657856,2150629376,2162163712,2135949312,2129657856,2147483648,2144337920,2127560704,2144600064,2137260032,2761459024
2138046464,2135949312,2133852160,2114977792,2125463552,2142240768,2140143616,2119172096,2130706432,2131755008,2761475023
2117074944,2152726528,2150629376,2128609280,2126512128,2142240768,2139095040,2120220672,2137260032,2132017152,2761491022
2135949312,2141192192,2134900736,2117074944,2129657856,2147483648,2145386496,2127560704,2132279296,2137522176,2761507045
2123366400,2148532224,2147483648,2134900736,2133852160,2151677952,2150629376,2134900736,2138570752,2142765056,2761523047
2135949312,2157969408,2161115136,2145386496,2134900736,2152726528,2150629376,2134900736,2150105088,2143289344,2761539045
2124414976,2156920832,2151677952,2141192192,2130706432,2148532224,2146435072,2128609280,2143551488,2138570752,2761555043
2126512128,2151677952,2149580800,2129657856,2126512128,2143289344,2139095040,2120220672,2139357184,2132279296,2761571067
2124414976,2133852160,2129657856,2112880640,2125463552,2142240768,2139095040,2119172096,2125201408,2131492864,2761587067
2121269248,2147483648,2148532224,2127560704,2127560704,2146435072,2144337920,2125463552,2136211456,2135949312,2761603068
2134900736,2156920832,2152726528,2135949312,2132803584,2150629376,2149580800,2132803584,2145124352,2141454336,2761619065
2145386496,2146435072,2145386496,2129657856,2134900736,2153775104,2151677952,2135949312,2141716480,2144075776,2761635087
2145386496,2145386496,2143289344,2125463552,2132803584,2149580800,2147483648,2130706432,2139881472,2140143616,2761651089
2124414976,2142240768,2141192192,2125463552,2127560704,2144337920,2140143616,2122317824,2133327872,2133590016,2761667089
2117074944,2140143616,2143289344,2119172096,2125463552,2142240768,2138046464,2119172096,2129920000,2131230720,2761683086
2121269248,2154823680,2149580800,2134900736,2127560704,2145386496,2142240768,2124414976,2140143616,2134900736,2761699111
2130706432,2154823680,2154823680,2131755008,2131755008,2150629376,2149580800,2132803584,2143027200,2141192192,2761716001
2131755008,2159017984,2163212288,2145386496,2134900736,2153775104,2151677952,2136997888,2149842944,2144337920,2761732001
2147483648,2144337920,2146435072,2127560704,2132803584,2151677952,2149580800,2132803584,2141454336,2141716480,2761748001
2136997888,2153775104,2154823680,2127560704,2127560704,2145386496,2143289344,2123366400,2143289344,2134900736,2761764001
2118123520,2143289344,2147483648,2123366400,2124414976,2142240768,2138046464,2119172096,2133065728,2130968576,2761780024
2140143616,2135949312,2135949312,2111832064,2126512128,2144337920,2141192192,2122317824,2130968576,2133590016,2761796023
2125463552,2140143616,2139095040,2121269248,2132803584,2148532224,2146435072,2128609280,2131492864,2139095040,2761812022
2143289344,2156920832,2146435072,2139095040,2134900736,2153775104,2151677952,2135949312,2146435072,2144075776,2761828022
2133852160,2151677952,2148532224,2132803584,2134900736,2151677952,2149580800,2132803584,2141716480,2142240768,2761844046
2129657856,2157969408,2155872256,2133852160,2128609280,2147483648,2144337920,2125463552,2144337920,2136473600,2761860045
2122317824,2155872256,2154823680,2129657856,2124414976,2143289344,2139095040,2120220672,2140667904,2131755008,2761876044
2117074944,2155872256,2148532224,2129657856,2125463552,2143289344,2140143616,2120220672,2137784320,2132279296,2761892046
2133852160,2140143616,2135949312,2119172096,2129657856,2148532224,2146435072,2128609280,2132279296,2138308608,2761908066
2139095040,2159017984,2153775104,2140143616,2134900736,2152726528,2151677952,2134900736,2148007936,2143551488,2761924067
2151677952,2145386496,2146435072,2127560704,2133852160,2152726528,2151677952,2135949312,2142765056,2143551488,2761940067
2133852160,2156920832,2157969408,2133852160,2129657856,2148532224,2146435072,2128609280,2145648640,2138308608,2761956068
2132803584,2140143616,2133852160,2119172096,2125463552,2143289344,2140143616,2120220672,2131492864,2132279296,2761972087
2125463552,2142240768,2144337920,2116026368,2125463552,2142240768,2139095040,2119172096,2132017152,2131492864,2761988088
2138046464,2135949312,2133852160,2116026368,2128609280,2145386496,2144337920,2125463552,2130968576,2135949312,2762004085
2125463552,2152726528,2141192192,2134900736,2133852160,2151677952,2149580800,2133852160,2138570752,2142240768,2762020088
2127560704,2148532224,2147483648,2134900736,2134900736,2152726528,2150629376,2134900736,2139619328,2143289344,2762036111
2128609280,2161115136,2160066560,2142240768,2131755008,2150629376,2148532224,2130706432,2148007936,2140405760,2762052111
2133852160,2138046464,2135949312,2117074944,2125463552,2144337920,2141192192,2122317824,2131230720,2133327872,2762069001
2128609280,2147483648,2144337920,2126512128,2124414976,2142240768,2139095040,2119172096,2136735744,2131230720,2762085001
2119172096,2150629376,2152726528,2132803584,2128609280,2146435072,2142240768,2124414976,2138832896,2135425024,2762101001
2123366400,2162163712,2147483648,2141192192,2133852160,2150629376,2148532224,2132803584,2143551488,2141454336,2762117024
2130706432,2166358016,2166358016,2144337920,2134900736,2152726528,2151677952,2136997888,2151940096,2144075776,2762133022
2136997888,2146435072,2147483648,2129657856,2131755008,2150629376,2148532224,2130706432,2140143616,2140405760,2762149023
2122317824,2151677952,2154823680,2135949312,2128609280,2144337920,2141192192,2122317824,2141192192,2134114304,2762165022
2138046464,2146435072,2131755008,2116026368,2124414976,2142240768,2139095040,2119172096,2133065728,2131230720,2762181045
2130706432,2149580800,2146435072,2121269248,2126512128,2144337920,2141192192,2122317824,2136997888,2133590016,2762197045
2135949312,2151677952,2149580800,2123366400,2131755008,2150629376,2148532224,2130706432,2140143616,2140405760,2762213046
2142240768,2142240768,2143289344,2125463552,2134900736,2153775104,2152726528,2135949312,2138308608,2144337920,2762229045
2127560704,2151677952,2155872256,2134900736,2133852160,2152726528,2150629376,2132803584,2142502912,2142502912,2762245068
2123366400,2149580800,2147483648,2133852160,2128609280,2147483648,2143289344,2125463552,2138570752,2136211456,2762261067
2131755008,2139095040,2132803584,2113929216,2125463552,2142240768,2139095040,2119172096,2129395712,2131492864,2762277067
2122317824,2148532224,2146435072,2128609280,2125463552,2143289344,2141192192,2121269248,2136473600,2132803584,2762293066
2122317824,2151677952,2138046464,2134900736,2130706432,2148532224,2145386496,2128609280,2136735744,2138308608,2762309088
2131755008,2146435072,2147483648,2128609280,2134900736,2152726528,2152726528,2134900736,2138570752,2143813632,2762325087
2148532224,2151677952,2146435072,2128609280,2133852160,2152726528,2150629376,2135949312,2143813632,2143289344,2762341090
2138046464,2144337920,2143289344,2123366400,2129657856,2148532224,2145386496,2127560704,2137260032,2137784320,2762357089
2121269248,2155872256,2154823680,2133852160,2126512128,2144337920,2140143616,2121269248,2141454336,2133065728,2762373109
2135949312,2133852160,2133852160,2111832064,2125463552,2142240768,2138046464,2119172096,2128871424,2131230720,2762389106
2121269248,2163212288,2153775104,2132803584,2130706432,2147483648,2144337920,2127560704,2142765056,2137522176,2762406001
2128609280,2156920832,2157969408,2141192192,2134900736,2152726528,2150629376,2134900736,2146172928,2143289344,2762422001
2143289344,2142240768,2145386496,2129657856,2134900736,2152726528,2151677952,2135949312,2140143616,2143813632,2762438001
2125463552,2155872256,2143289344,2140143616,2130706432,2149580800,2146435072,2128609280,2141192192,2138832896,2762454001
2122317824,2155872256,2147483648,2139095040,2125463552,2145386496,2141192192,2122317824,2141192192,2133590016,2762470026
2117074944,2148532224,2141192192,2128609280,2126512128,2142240768,2139095040,2119172096,2133852160,2131755008,2762486025
2120220672,2153775104,2151677952,2134900736,2127560704,2145386496,2143289344,2124414976,2140143616,2135162880,2762502023
2133852160,2157969408,2152726528,2133852160,2133852160,2151677952,2149580800,2132803584,2144600064,2141978624,2762518022
2141192192,2145386496,2145386496,2127560704,2134900736,2153775104,2151677952,2136997888,2139881472,2144337920,2762534045
2131755008,2163212288,2159017984,2141192192,2132803584,2150629376,2148532224,2131755008,2148794368,2140930048,2762550045
2132803584,2141192192,2136997888,2122317824,2127560704,2143289344,2141192192,2121269248,2133327872,2133327872,2762566045
2117074944,2157969408,2152726528,2129657856,2124414976,2142240768,2139095040,2119172096,2139357184,2131230720,2762582044
2119172096,2151677952,2147483648,2131755008,2127560704,2145386496,2141192192,2123366400,2137522176,2134376448,2762598068
2133852160,2140143616,2138046464,2120220672,2131755008,2150629376,2148532224,2131755008,2133065728,2140667904,2762614067
2139095040,2144337920,2143289344,2125463552,2134900736,2153775104,2152726528,2135949312,2138046464,2144337920,2762630067
2147483648,2146435072,2152726528,2129657856,2133852160,2151677952,2149580800,2132803584,2144075776,2141978624,2762646066
2128609280,2149580800,2151677952,2132803584,2127560704,2146435072,2144337920,2125463552,2140667904,2135949312,2762662088
2119172096,2141192192,2139095040,2120220672,2124414976,2143289344,2139095040,2119172096,2129920000,2131492864,2762678089
2138046464,2142240768,2138046464,2109734912,2126512128,2142240768,2140143616,2120220672,2132017152,2132279296,2762694087
2134900736,2146435072,2144337920,2122317824,2130706432,2148532224,2146435072,2129657856,2136997888,2138832896,2762710086
2145386496,2146435072,2141192192,2126512128,2134900736,2152726528,2151677952,2135949312,2139881472,2143813632,2762726109
2139095040,2162163712,2161115136,2134900736,2133852160,2152726528,2150629376,2133852160,2149318656,2142765056,2762743001
2138046464,2140143616,2140143616,2123366400,2129657856,2147483648,2143289344,2127560704,2135425024,2136997888,2762759001
2123366400,2133852160,2133852160,2117074944,2125463552,2143289344,2139095040,2119172096,2127036416,2131755008,2762775001
2131755008,2133852160,2131755008,2112880640,2125463552,2143289344,2139095040,2121269248,2127560704,2132279296,2762791001
2125463552,2139095040,2134900736,2118123520,2129657856,2148532224,2145386496,2128609280,2129395712,2138046464,2762807024
2123366400,2159017984,2149580800,2142240768,2134900736,2151677952,2150629376,2133852160,2143551488,2142765056,2762823024
2145386496,2157969408,2146435072,2135949312,2135949312,2152726528,2150629376,2134900736,2146435072,2143551488,2762839023
2134900736,2146435072,2162163712,2125463552,2131755008,2148532224,2145386496,2128609280,2142240768,2138570752,2762855023
2123366400,2147483648,2155872256,2127560704,2126512128,2143289344,2140143616,2121269248,2138570752,2132803584,2762871045
2133852160,2133852160,2131755008,2114977792,2125463552,2141192192,2139095040,2118123520,2128609280,2130968576,2762887044
2134900736,2146435072,2140143616,2118123520,2129657856,2145386496,2143289344,2124414976,2134900736,2135687168,2762903047
2141192192,2152726528,2145386496,2132803584,2133852160,2150629376,2149580800,2132803584,2143027200,2141716480,2762919046
2128609280,2159017984,2157969408,2147483648,2135949312,2151677952,2150629376,2135949312,2148270080,2143551488,2762935067
2138046464,2146435072,2144337920,2128609280,2131755008,2149580800,2148532224,2130706432,2139357184,2140143616,2762951066
2123366400,2140143616,2140143616,2121269248,2126512128,2144337920,2141192192,2123366400,2131230720,2133852160,2762967066
2119172096,2133852160,2143289344,2114977792,2125463552,2142240768,2139095040,2118123520,2127822848,2131230720,2762983068
2118123520,2155872256,2151677952,2129657856,2127560704,2145386496,2142240768,2123366400,2138832896,2134638592,2762999086
2136997888,2142240768,2138046464,2119172096,2132803584,2150629376,2148532224,2131755008,2134114304,2140930048,2763015089
2127560704,2147483648,2147483648,2130706432,2134900736,2153775104,2151677952,2135949312,2138308608,2144075776,2763031087
2148532224,2156920832,2145386496,2133852160,2132803584,2151677952,2148532224,2132803584,2146172928,2141454336,2763047087
2143289344,2142240768,2136997888,2119172096,2128609280,2145386496,2142240768,2124414976,2135425024,2135162880,2763063109
2128609280,2149580800,2146435072,2120220672,2124414976,2142240768,2139095040,2119172096,2136211456,2131230720,2763079108
2119172096,2136997888,2131755008,2117074944,2126512128,2144337920,2141192192,2121269248,2126249984,2133327872,2763096001
2128609280,2151677952,2154823680,2128609280,2131755008,2148532224,2147483648,2129657856,2140930048,2139357184,2763112001
2126512128,2165309440,2160066560,2143289344,2134900736,2153775104,2152726528,2135949312,2148794368,2144337920,2763128001
2126512128,2155872256,2147483648,2139095040,2133852160,2151677952,2149580800,2133852160,2142240768,2142240768,2763144022
2135949312,2155872256,2150629376,2133852160,2129657856,2145386496,2143289344,2125463552,2144075776,2135949312,2763160024
2129657856,2135949312,2135949312,2116026368,2125463552,2142240768,2138046464,2119172096,2129395712,2131230720,2763176023
2118123520,2141192192,2130706432,2122317824,2125463552,2143289344,2140143616,2120220672,2128084992,2132279296,2763192022
2129657856,2141192192,2139095040,2119172096,2131755008,2147483648,2146435072,2128609280,2132279296,2138570752,2763208045
2129657856,2142240768,2144337920,2129657856,2134900736,2152726528,2150629376,2134900736,2136473600,2143289344,2763224043
2127560704,2155872256,2162163712,2143289344,2134900736,2152726528,2151677952,2135949312,2147221504,2143813632,2763240044
2140143616,2144337920,2142240768,2126512128,2130706432,2147483648,2145386496,2127560704,2138308608,2137784320,2763256045
2133852160,2138046464,2133852160,2119172096,2126512128,2143289344,2140143616,2120220672,2131230720,2132541440,2763272068
2138046464,2146435072,2133852160,2120220672,2125463552,2142240768,2139095040,2119172096,2134638592,2131492864,2763288065
2124414976,2152726528,2152726528,2130706432,2129657856,2146435072,2143289344,2125463552,2140143616,2136211456,2763304067
2127560704,2166358016,2159017984,2138046464,2133852160,2150629376,2149580800,2132803584,2147745792,2141716480,2763320067
2133852160,2147483648,2146435072,2130706432,2133852160,2153775104,2151677952,2136997888,2139619328,2144075776,2763336089
2127560704,2147483648,2147483648,2130706432,2131755008,2149580800,2147483648,2129657856,2138308608,2139619328,2763352087
2130706432,2146435072,2146435072,2124414976,2126512128,2144337920,2140143616,2122317824,2136997888,2133327872,2763368090
2121269248,2144337920,2148532224,2125463552,2124414976,2143289344,2139095040,2119172096,2134900736,2131492864,2763384089
2135949312,2145386496,2131755008,2121269248,2126512128,2145386496,2142240768,2124414976,2133590016,2134638592,2763400109
2125463552,2151677952,2152726528,2134900736,2132803584,2150629376,2148532224,2131755008,2141192192,2140930048,2763416108
2140143616,2146435072,2146435072,2130706432,2134900736,2153775104,2152726528,2135949312,2140930048,2144337920,2763433001
2126512128,2164260864,2160066560,2144337920,2132803584,2151677952,2148532224,2131755008,2148794368,2141192192,2763449001
2134900736,2146435072,2149580800,2123366400,2127560704,2145386496,2142240768,2123366400,2138570752,2134638592,2763465001
2119172096,2155872256,2151677952,2130706432,2125463552,2142240768,2138046464,2118123520,2139357184,2130968576,2763481001
2119172096,2148532224,2148532224,2127560704,2127560704,2144337920,2141192192,2121269248,2135949312,2133590016,2763497024
2131755008,2139095040,2141192192,2119172096,2131755008,2149580800,2148532224,2129657856,2132803584,2139881472,2763513023
2142240768,2146435072,2154823680,2129657856,2134900736,2153775104,2151677952,2135949312,2143289344,2144075776,2763529026
2143289344,2149580800,2146435072,2129657856,2134900736,2150629376,2149580800,2132803584,2142240768,2141978624,2763545023
2135949312,2154823680,2151677952,2141192192,2129657856,2146435072,2144337920,2125463552,2145910784,2136473600,2763561046
2119172096,2140143616,2133852160,2123366400,2124414976,2142240768,2139095040,2119172096,2129133568,2131230720,2763577044
2134900736,2131755008,2130706432,2108686336,2125463552,2144337920,2141192192,2121269248,2126512128,2133065728,2763593046
2126512128,2154823680,2152726528,2127560704,2130706432,2149580800,2145386496,2129657856,2140405760,2138832896,2763609044
2138046464,2145386496,2142240768,2126512128,2134900736,2152726528,2149580800,2134900736,2138046464,2143027200,2763625067
2127560704,2149580800,2151677952,2133852160,2134900736,2152726528,2151677952,2134900736,2140667904,2143551488,2763641065
2124414976,2165309440,2159017984,2143289344,2129657856,2148532224,2145386496,2127560704,2148007936,2137784320,2763657067
2118123520,2154823680,2143289344,2135949312,2125463552,2143289344,2139095040,2120220672,2138046464,2132017152,2763673065
2117074944,2138046464,2138046464,2119172096,2124414976,2142240768,2139095040,2119172096,2128084992,2131230720,2763689087
2120220672,2151677952,2142240768,2131755008,2129657856,2147483648,2145386496,2126512128,2136473600,2137260032,2763705088
2124414976,2162163712,2148532224,2146435072,2133852160,2152726528,2150629376,2133852160,2145386496,2142765056,2763721089
2142240768,2160066560,2161115136,2135949312,2135949312,2153775104,2150629376,2134900736,2149842944,2143813632,2763737087
2129657856,2147483648,2144337920,2130706432,2130706432,2149580800,2147483648,2130706432,2138046464,2139619328,2763753109
2132803584,2152726528,2146435072,2124414976,2126512128,2144337920,2141192192,2121269248,2139095040,2133327872,2763770001
2119172096,2133852160,2133852160,2114977792,2125463552,2142240768,2139095040,2119172096,2125463552,2131492864,2763786001
2122317824,2157969408,2152726528,2134900736,2128609280,2146435072,2143289344,2125463552,2141978624,2135949312,2763802001
2123366400,2147483648,2144337920,2132803584,2132803584,2151677952,2149580800,2133852160,2136997888,2141978624,2763818001
2128609280,2167406592,2163212288,2146435072,2134900736,2153775104,2151677952,2135949312,2151415808,2144075776,2763834023
2139095040,2154823680,2155872256,2133852160,2132803584,2149580800,2148532224,2130706432,2145910784,2140405760,2763850024
2135949312,2139095040,2135949312,2117074944,2126512128,2145386496,2142240768,2123366400,2132017152,2134376448,2763866022
2117074944,2147483648,2139095040,2126512128,2124414976,2142240768,2139095040,2119172096,2132541440,2131230720,2763882023
2118123520,2143289344,2143289344,2126512128,2127560704,2145386496,2141192192,2123366400,2132803584,2134376448,2763898046
2129657856,2141192192,2136997888,2124414976,2131755008,2149580800,2148532224,2131755008,2133065728,2140405760,2763914045
2143289344,2153775104,2152726528,2129657856,2135949312,2152726528,2150629376,2135949312,2144862208,2143813632,2763930044
2134900736,2159017984,2159017984,2140143616,2133852160,2150629376,2149580800,2132803584,2148270080,2141716480,2763946045
2134900736,2141192192,2139095040,2122317824,2127560704,2146435072,2143289344,2125463552,2134376448,2135687168,2763962066
2123366400,2152726528,2150629376,2128609280,2125463552,2142240768,2139095040,2119172096,2138832896,2131492864,2763978068
2119172096,2142240768,2147483648,2123366400,2126512128,2144337920,2140143616,2120220672,2133065728,2132803584,2763994065
2121269248,2143289344,2148532224,2126512128,2130706432,2149580800,2146435072,2129657856,2134900736,2139095040,2764010068
2125463552,2155872256,2151677952,2139095040,2134900736,2153775104,2151677952,2135949312,2143027200,2144075776,2764026088
2146435072,2146435072,2145386496,2130706432,2134900736,2151677952,2148532224,2133852160,2142240768,2142240768,2764042087
2134900736,2161115136,2154823680,2136997888,2129657856,2147483648,2145386496,2127560704,2146959360,2137522176,2764058085
2131755008,2146435072,2146435072,2117074944,2125463552,2143289344,2140143616,2120220672,2135425024,2132279296,2764074087
2141192192,2133852160,2134900736,2110783488,2125463552,2142240768,2139095040,2119172096,2130182144,2131492864,2764090110
2127560704,2138046464,2134900736,2118123520,2129657856,2147483648,2144337920,2126512128,2129657856,2136997888,2764106110
2140143616,2155872256,2146435072,2135949312,2134900736,2151677952,2150629376,2133852160,2144600064,2142765056,2764123001
2128609280,2155872256,2164260864,2143289344,2134900736,2153775104,2150629376,2135949312,2148007936,2143813632,2764139001
2142240768,2144337920,2150629376,2124414976,2130706432,2148532224,2146435072,2128609280,2140405760,2138570752,2764155001
2121269248,2152726528,2154823680,2133852160,2125463552,2143289344,2140143616,2121269248,2140667904,2132541440,2764171023
2139095040,2139095040,2133852160,2110783488,2125463552,2142240768,2140143616,2119172096,2130706432,2131755008,2764187023
2132803584,2151677952,2144337920,2123366400,2127560704,2146435072,2143289344,2125463552,2138046464,2135687168,2764203023
2129657856,2141192192,2141192192,2123366400,2132803584,2151677952,2149580800,2132803584,2133852160,2141716480,2764219024
2130706432,2163212288,2162163712,2141192192,2134900736,2154823680,2151677952,2136997888,2149318656,2144600064,2764235047
2140143616,2143289344,2145386496,2125463552,2132803584,2148532224,2147483648,2129657856,2138570752,2139619328,2764251044
2133852160,2139095040,2138046464,2118123520,2126512128,2144337920,2141192192,2122317824,2132279296,2133590016,2764267046
2135949312,2149580800,2132803584,2119172096,2125463552,2142240768,2139095040,2119172096,2134376448,2131492864,2764283046
2123366400,2154823680,2152726528,2128609280,2127560704,2144337920,2142240768,2122317824,2139881472,2134114304,2764299066
2124414976,2143289344,2150629376,2126512128,2131755008,2149580800,2149580800,2131755008,2136211456,2140667904,2764315065
2141192192,2152726528,2145386496,2131755008,2134900736,2153775104,2151677952,2136997888,2142765056,2144337920,2764331066
2146435072,2153775104,2144337920,2133852160,2132803584,2150629376,2148532224,2132803584,2144600064,2141192192,2764347067
2125463552,2150629376,2157969408,2133852160,2128609280,2145386496,2142240768,2124414976,2141978624,2135162880,2764363087
2118123520,2140143616,2139095040,2121269248,2124414976,2141192192,2138046464,2119172096,2129657856,2130706432,2764379087
2134900736,2150629376,2140143616,2119172096,2126512128,2143289344,2140143616,2121269248,2136211456,2132803584,2764395088
2143289344,2139095040,2144337920,2117074944,2130706432,2149580800,2146435072,2130706432,2135949312,2139357184,2764411089
2127560704,2147483648,2142240768,2130706432,2134900736,2152726528,2152726528,2135949312,2136997888,2144075776,2764427110
2128609280,2151677952,2149580800,2139095040,2134900736,2150629376,2150629376,2133852160,2142240768,2142502912,2764443108
2139095040,2146435072,2146435072,2123366400,2128609280,2147483648,2144337920,2126512128,2138832896,2136735744,2764460001
2126512128,2150629376,2155872256,2126512128,2125463552,2143289344,2139095040,2119172096,2139881472,2131755008,2764476001
2128609280,2131755008,2132803584,2108686336,2125463552,2143289344,2140143616,2120220672,2125463552,2132279296,2764492001
2135949312,2142240768,2135949312,2117074944,2130706432,2147483648,2144337920,2127560704,2132803584,2137522176,2764508001
2127560704,2152726528,2160066560,2139095040,2134900736,2152726528,2150629376,2134900736,2144862208,2143289344,2764524022
2136997888,2146435072,2150629376,2132803584,2134900736,2152726528,2151677952,2135949312,2141716480,2143813632,2764540023
2133852160,2157969408,2151677952,2136997888,2130706432,2148532224,2145386496,2127560704,2145124352,2138046464,2764556024
2121269248,2163212288,2153775104,2136997888,2126512128,2142240768,2140143616,2120220672,2143813632,2132279296,2764572022
2119172096,2136997888,2134900736,2113929216,2125463552,2142240768,2139095040,2119172096,2126249984,2131492864,2764588044
2132803584,2136997888,2134900736,2113929216,2128609280,2146435072,2144337920,2125463552,2129657856,2136211456,2764604047
2126512128,2156920832,2155872256,2126512128,2133852160,2151677952,2150629376,2133852160,2141454336,2142502912,2764620045
2146435072,2145386496,2146435072,2129657856,2134900736,2152726528,2151677952,2135949312,2141978624,2143813632,2764636045
2131755008,2161115136,2159017984,2138046464,2130706432,2149580800,2147483648,2130706432,2147483648,2139619328,2764652066
2120220672,2151677952,2147483648,2136997888,2125463552,2145386496,2141192192,2123366400,2139095040,2133852160,2764668068
2117074944,2140143616,2139095040,2122317824,2124414976,2143289344,2139095040,2120220672,2129657856,2131755008,2764684065
2120220672,2138046464,2136997888,2121269248,2127560704,2144337920,2142240768,2123366400,2129133568,2134376448,2764700067
2126512128,2162163712,2157969408,2140143616,2131755008,2150629376,2149580800,2131755008,2146697216,2140930048,2764716087
2132803584,2146435072,2144337920,2132803584,2135949312,2152726528,2150629376,2135949312,2139095040,2143813632,2764732089
2139095040,2142240768,2144337920,2126512128,2132803584,2150629376,2148532224,2131755008,2138046464,2140930048,2764748087
2134900736,2143289344,2136997888,2119172096,2127560704,2145386496,2142240768,2124414976,2133590016,2134900736,2764764086
2118123520,2141192192,2143289344,2122317824,2124414976,2142240768,2138046464,2118123520,2131230720,2130706432,2764780108
2120220672,2147483648,2143289344,2126512128,2127560704,2144337920,2140143616,2122317824,2134376448,2133590016,2764797001
2139095040,2143289344,2146435072,2122317824,2131755008,2149580800,2147483648,2130706432,2137784320,2139881472,2764813001
2128609280,2166358016,2156920832,2148532224,2134900736,2153775104,2151677952,2134900736,2150105088,2143813632,2764829000
2126512128,2167406592,2155872256,2149580800,2132803584,2151677952,2149580800,2133852160,2149842944,2141978624,2764845001
2127560704,2152726528,2159017984,2135949312,2128609280,2146435072,2144337920,2125463552,2143813632,2136211456,2764861024
2130706432,2139095040,2144337920,2114977792,2124414976,2142240768,2139095040,2119172096,2132279296,2131230720,2764877023
2130706432,2146435072,2141192192,2113929216,2126512128,2142240768,2140143616,2120220672,2133065728,2132279296,2764893024
2124414976,2151677952,2152726528,2131755008,2130706432,2148532224,2146435072,2127560704,2140143616,2138308608,2764909024
2132803584,2162163712,2160066560,2138046464,2135949312,2152726528,2150629376,2134900736,2148270080,2143551488,2764925046
2127560704,2155872256,2147483648,2147483648,2134900736,2152726528,2150629376,2134900736,2144600064,2143289344,2764941045
2125463552,2155872256,2155872256,2141192192,2128609280,2147483648,2145386496,2128609280,2144600064,2137522176,2764957045
2121269248,2147483648,2149580800,2130706432,2125463552,2143289344,2139095040,2120220672,2137260032,2132017152,2764973046
2133852160,2136997888,2130706432,2112880640,2125463552,2143289344,2139095040,2119172096,2128609280,2131755008,2764989068
2119172096,2154823680,2149580800,2132803584,2128609280,2147483648,2144337920,2127560704,2139095040,2136997888,2765005067
2144337920,2142240768,2142240768,2125463552,2133852160,2151677952,2149580800,2133852160,2138570752,2142240768,2765021065
2128609280,2156920832,2148532224,2147483648,2134900736,2152726528,2151677952,2135949312,2145386496,2143813632,2765037068
2133852160,2144337920,2142240768,2127560704,2130706432,2149580800,2147483648,2129657856,2136997888,2139357184,2765053088
2129657856,2141192192,2136997888,2122317824,2127560704,2144337920,2140143616,2121269248,2132541440,2133327872,2765069087
2123366400,2150629376,2150629376,2125463552,2125463552,2142240768,2138046464,2119172096,2137522176,2131230720,2765085085
2119172096,2139095040,2136997888,2118123520,2128609280,2145386496,2143289344,2124414976,2128347136,2135425024,2765101090
2135949312,2146435072,2146435072,2126512128,2132803584,2150629376,2148532224,2132803584,2138832896,2141192192,2765117111
2128609280,2148532224,2147483648,2133852160,2134900736,2153775104,2151677952,2136997888,2139619328,2144337920,2765133108
2138046464,2150629376,2161115136,2125463552,2131755008,2150629376,2148532224,2131755008,2143813632,2140667904,2765150001
2123366400,2155872256,2151677952,2139095040,2127560704,2144337920,2142240768,2123366400,2142502912,2134376448,2765166001
2135949312,2133852160,2133852160,2112880640,2125463552,2142240768,2136997888,2119172096,2129133568,2130968576,2765182001
2119172096,2147483648,2142240768,2130706432,2126512128,2145386496,2141192192,2123366400,2134900736,2134114304,2765198023
2127560704,2138046464,2142240768,2124414976,2131755008,2150629376,2148532224,2131755008,2133065728,2140667904,2765214023
2128609280,2159017984,2161115136,2142240768,2134900736,2152726528,2151677952,2135949312,2147745792,2143813632,2765230024
2127560704,2149580800,2151677952,2135949312,2132803584,2150629376,2149580800,2132803584,2141192192,2141454336,2765246024
2123366400,2142240768,2143289344,2125463552,2127560704,2147483648,2143289344,2125463552,2133590016,2135949312,2765262045
2127560704,2144337920,2142240768,2118123520,2124414976,2142240768,2138046464,2119172096,2133065728,2130968576,2765278043
2118123520,2155872256,2149580800,2130706432,2125463552,2144337920,2140143616,2121269248,2138570752,2132803584,2765294047
2127560704,2153775104,2153775104,2127560704,2131755008,2149580800,2145386496,2128609280,2140667904,2138832896,2765310045
2127560704,2149580800,2153775104,2130706432,2133852160,2153775104,2151677952,2135949312,2140405760,2143813632,2765326065
2141192192,2147483648,2144337920,2127560704,2134900736,2151677952,2149580800,2133852160,2140143616,2142502912,2765342065
2129657856,2162163712,2159017984,2138046464,2129657856,2147483648,2145386496,2126512128,2147221504,2137260032,2765358066
2118123520,2145386496,2141192192,2126512128,2124414976,2143289344,2139095040,2120220672,2132803584,2131755008,2765374066
2123366400,2134900736,2132803584,2113929216,2124414976,2144337920,2140143616,2120220672,2126249984,2132279296,2765390090
2130706432,2146435072,2150629376,2119172096,2129657856,2147483648,2145386496,2127560704,2136735744,2137522176,2765406086
2124414976,2162163712,2159017984,2142240768,2133852160,2152726528,2150629376,2134900736,2146959360,2143027200,2765422088
2140143616,2147483648,2144337920,2132803584,2134900736,2153775104,2151677952,2135949312,2141192192,2144075776,2765438088
2140143616,2143289344,2142240768,2123366400,2130706432,2148532224,2146435072,2128609280,2137260032,2138570752,2765454109
2126512128,2152726528,2149580800,2132803584,2124414976,2144337920,2141192192,2122317824,2140405760,2133065728,2765470107
2119172096,2148532224,2148532224,2128609280,2124414976,2142240768,2139095040,2119172096,2136211456,2131230720,2765487001
2119172096,2156920832,2147483648,2133852160,2128609280,2146435072,2144337920,2125463552,2139357184,2136211456,2765503001
2131755008,2143289344,2142240768,2126512128,2133852160,2150629376,2149580800,2132803584,2135949312,2141716480,2765519001
2145386496,2154823680,2146435072,2129657856,2134900736,2152726528,2151677952,2134900736,2144075776,2143551488,2765535001
2130706432,2160066560,2165309440,2142240768,2131755008,2150629376,2147483648,2131755008,2149580800,2140405760,2765551022
2141192192,2138046464,2138046464,2119172096,2126512128,2144337920,2141192192,2122317824,2134114304,2133590016,2765567023
2121269248,2154823680,2153775104,2129657856,2125463552,2141192192,2139095040,2118123520,2139881472,2130968576,2765583022
2134900736,2138046464,2135949312,2114977792,2127560704,2145386496,2141192192,2123366400,2130968576,2134376448,2765599023
2125463552,2155872256,2155872256,2139095040,2132803584,2150629376,2149580800,2130706432,2144075776,2140930048,2765615047
2127560704,2164260864,2155872256,2151677952,2135949312,2153775104,2151677952,2135949312,2149842944,2144337920,2765631048
2125463552,2157969408,2153775104,2143289344,2132803584,2150629376,2149580800,2132803584,2145124352,2141454336,2765647046
2121269248,2154823680,2153775104,2136997888,2127560704,2145386496,2142240768,2124414976,2141716480,2134900736,2765663045
2122317824,2155872256,2150629376,2128609280,2125463552,2142240768,2138046464,2119172096,2139357184,2131230720,2765679066
2135949312,2140143616,2131755008,2113929216,2127560704,2143289344,2141192192,2121269248,2130444288,2133327872,2765695066
2139095040,2139095040,2135949312,2117074944,2131755008,2148532224,2146435072,2128609280,2132803584,2138832896,2765711068
2126512128,2149580800,2147483648,2134900736,2134900736,2152726528,2151677952,2134900736,2139619328,2143551488,2765727065
2138046464,2161115136,2159017984,2142240768,2133852160,2152726528,2149580800,2133852160,2150105088,2142502912,2765743088
2124414976,2155872256,2152726528,2139095040,2129657856,2147483648,2145386496,2126512128,2143027200,2137260032,2765759087
2121269248,2157969408,2152726528,2131755008,2124414976,2144337920,2140143616,2121269248,2140930048,2132541440,2765775090
2132803584,2135949312,2136997888,2110783488,2125463552,2142240768,2140143616,2120220672,2129133568,2132017152,2765791087
2120220672,2139095040,2139095040,2120220672,2129657856,2148532224,2146435072,2127560704,2129657856,2138046464,2765807113
2140143616,2143289344,2143289344,2127560704,2134900736,2151677952,2150629376,2134900736,2138570752,2143027200,2765824001
2149580800,2159017984,2146435072,2138046464,2134900736,2152726528,2151677952,2135949312,2148270080,2143813632,2765840001
2127560704,2147483648,2148532224,2130706432,2129657856,2148532224,2146435072,2127560704,2138570752,2138046464,2765856001
2140143616,2138046464,2134900736,2117074944,2125463552,2143289344,2140143616,2121269248,2132541440,2132541440,2765872001
2125463552,2151677952,2151677952,2125463552,2125463552,2142240768,2139095040,2119172096,2138570752,2131492864,2765888023
2131755008,2136997888,2133852160,2118123520,2128609280,2146435072,2143289344,2125463552,2130182144,2135949312,2765904025
2142240768,2144337920,2146435072,2122317824,2133852160,2151677952,2149580800,2133852160,2138832896,2142240768,2765920023
2141192192,2147483648,2144337920,2127560704,2135949312,2152726528,2151677952,2134900736,2140143616,2143813632,2765936025
2142240768,2152726528,2142240768,2129657856,2131755008,2149580800,2147483648,2130706432,2141716480,2139881472,2765952045
2124414976,2157969408,2153775104,2136997888,2126512128,2144337920,2141192192,2122317824,2143289344,2133590016,2765968047
2131755008,2131755008,2131755008,2111832064,2125463552,2142240768,2138046464,2118123520,2126774272,2130968576,2765984046
2121269248,2151677952,2149580800,2130706432,2126512128,2145386496,2143289344,2124414976,2138308608,2134900736,2766000047
2129657856,2142240768,2139095040,2124414976,2133852160,2150629376,2148532224,2131755008,2133852160,2141192192,2766016065
2125463552,2163212288,2157969408,2146435072,2134900736,2154823680,2151677952,2136997888,2148270080,2144600064,2766032066
2127560704,2153775104,2149580800,2140143616,2132803584,2149580800,2148532224,2131755008,2142765056,2140667904,2766048065
2121269248,2147483648,2143289344,2132803584,2127560704,2144337920,2141192192,2123366400,2136211456,2134114304,2766064065
2135949312,2134900736,2135949312,2113929216,2124414976,2142240768,2139095040,2118123520,2130182144,2130968576,2766080088
2136997888,2136997888,2139095040,2111832064,2125463552,2144337920,2141192192,2122317824,2131230720,2133327872,2766096087
2122317824,2141192192,2140143616,2123366400,2131755008,2149580800,2147483648,2130706432,2131755008,2139881472,2766112087
2129657856,2164260864,2160066560,2140143616,2134900736,2152726528,2151677952,2135949312,2148532224,2143813632,2766128088
2144337920,2149580800,2144337920,2127560704,2133852160,2151677952,2149580800,2133852160,2141454336,2142240768,2766144111
2124414976,2161115136,2159017984,2136997888,2129657856,2146435072,2143289344,2125463552,2145386496,2136211456,2766160107
2139095040,2139095040,2144337920,2113929216,2125463552,2141192192,2140143616,2118123520,2134114304,2131230720,2766177001
2131755008,2133852160,2130706432,2110783488,2126512128,2143289344,2140143616,2120220672,2126774272,2132541440,2766193001
2132803584,2149580800,2145386496,2125463552,2130706432,2149580800,2146435072,2128609280,2138308608,2138832896,2766209001
2128609280,2166358016,2160066560,2140143616,2133852160,2152726528,2150629376,2134900736,2148794368,2143027200,2766225023
2128609280,2155872256,2150629376,2147483648,2133852160,2152726528,2150629376,2134900736,2145648640,2143027200,2766241024
2129657856,2156920832,2159017984,2140143616,2130706432,2147483648,2145386496,2127560704,2146435072,2137784320,2766257022
2133852160,2146435072,2144337920,2116026368,2125463552,2144337920,2139095040,2120220672,2135162880,2132279296,2766273024
2119172096,2154823680,2150629376,2126512128,2125463552,2142240768,2139095040,2120220672,2137784320,2131755008,2766289046
2123366400,2157969408,2151677952,2134900736,2128609280,2147483648,2144337920,2126512128,2141978624,2136735744,2766305044
2144337920,2142240768,2140143616,2121269248,2133852160,2152726528,2150629376,2134900736,2136997888,2143027200,2766321045
2128609280,2159017984,2156920832,2147483648,2135949312,2151677952,2150629376,2134900736,2148007936,2143289344,2766337046
2126512128,2164260864,2159017984,2141192192,2131755008,2148532224,2147483648,2129657856,2147745792,2139357184,2766353067
2129657856,2139095040,2134900736,2119172096,2126512128,2143289344,2140143616,2121269248,2130706432,2132803584,2766369067
2130706432,2142240768,2141192192,2116026368,2125463552,2142240768,2138046464,2119172096,2132541440,2131230720,2766385068
2121269248,2154823680,2154823680,2130706432,2127560704,2145386496,2143289344,2123366400,2140405760,2134900736,2766401069
2123366400,2152726528,2151677952,2139095040,2132803584,2150629376,2148532224,2131755008,2141716480,2140930048,2766417091
2147483648,2146435072,2144337920,2130706432,2135949312,2152726528,2151677952,2135949312,2142240768,2144075776,2766433085
2131755008,2163212288,2161115136,2141192192,2132803584,2149580800,2148532224,2130706432,2149318656,2140405760,2766449087
2142240768,2146435072,2139095040,2124414976,2126512128,2145386496,2142240768,2123366400,2138046464,2134376448,2766465087
2135949312,2133852160,2133852160,2111832064,2125463552,2142240768,2138046464,2119172096,2128871424,2131230720,2766481109
2136997888,2146435072,2136997888,2111832064,2126512128,2144337920,2141192192,2122317824,2133065728,2133590016,2766497106
2124414976,2157969408,2153775104,2139095040,2131755008,2150629376,2148532224,2130706432,2143813632,2140405760,2766514001
2133852160,2163212288,2159017984,2139095040,2134900736,2152726528,2151677952,2135949312,2148794368,2143813632,2766530001
2149580800,2142240768,2149580800,2125463552,2133852160,2151677952,2149580800,2132803584,2141716480,2141978624,2766546001
2122317824,2155872256,2147483648,2139095040,2127560704,2146435072,2143289344,2125463552,2141192192,2135687168,2766562001
2132803584,2149580800,2138046464,2123366400,2125463552,2142240768,2139095040,2118123520,2135949312,2131230720,2766578023
2125463552,2135949312,2134900736,2113929216,2125463552,2143289344,2140143616,2121269248,2127560704,2132541440,2766594023
2122317824,2147483648,2149580800,2126512128,2130706432,2149580800,2146435072,2129657856,2136473600,2139095040,2766610023
2124414976,2164260864,2160066560,2146435072,2133852160,2153775104,2151677952,2135949312,2148794368,2143813632,2766626023
2130706432,2165309440,2164260864,2146435072,2134900736,2151677952,2149580800,2133852160,2151677952,2142502912,2766642045
2123366400,2155872256,2151677952,2139095040,2129657856,2147483648,2144337920,2126512128,2142502912,2136997888,2766658045
2119172096,2154823680,2148532224,2136997888,2125463552,2143289344,2140143616,2120220672,2139881472,2132279296,2766674047
2119172096,2136997888,2131755008,2118123520,2125463552,2142240768,2138046464,2120220672,2126512128,2131492864,2766690044
2121269248,2151677952,2147483648,2132803584,2129657856,2148532224,2145386496,2127560704,2138308608,2137784320,2766706067
2124414976,2152726528,2151677952,2139095040,2133852160,2151677952,2149580800,2133852160,2141978624,2142240768,2766722067
2141192192,2156920832,2153775104,2129657856,2134900736,2152726528,2150629376,2134900736,2145386496,2143289344,2766738067
2134900736,2160066560,2156920832,2138046464,2130706432,2148532224,2146435072,2129657856,2147483648,2138832896,2766754065
2125463552,2141192192,2134900736,2120220672,2126512128,2143289344,2140143616,2121269248,2130444288,2132803584,2766770087
2127560704,2134900736,2132803584,2111832064,2126512128,2141192192,2136997888,2118123520,2126774272,2130706432,2766786087
2139095040,2138046464,2140143616,2113929216,2129657856,2146435072,2143289344,2124414976,2132803584,2135949312,2766802089
2125463552,2161115136,2160066560,2140143616,2133852160,2151677952,2149580800,2132803584,2146697216,2141978624,2766818087
2132803584,2161115136,2166358016,2143289344,2134900736,2153775104,2151677952,2135949312,2150891520,2144075776,2766834110
2140143616,2154823680,2145386496,2131755008,2130706432,2150629376,2148532224,2130706432,2143027200,2140143616,2766851001
2123366400,2156920832,2154823680,2134900736,2126512128,2144337920,2140143616,2122317824,2142502912,2133327872,2766867001
2132803584,2150629376,2146435072,2120220672,2125463552,2142240768,2139095040,2118123520,2137522176,2131230720,2766883001
2127560704,2147483648,2147483648,2127560704,2127560704,2145386496,2142240768,2123366400,2137522176,2134638592,2766899001
2122317824,2164260864,2153775104,2141192192,2132803584,2150629376,2148532224,2131755008,2145386496,2140930048,2766915024
2140143616,2151677952,2156920832,2129657856,2135949312,2152726528,2151677952,2135949312,2144600064,2144075776,2766931024
2146435072,2143289344,2144337920,2126512128,2133852160,2150629376,2148532224,2131755008,2140143616,2141192192,2766947023
2133852160,2156920832,2152726528,2138046464,2128609280,2145386496,2143289344,2123366400,2145386496,2135162880,2766963024
2118123520,2151677952,2139095040,2134900736,2124414976,2142240768,2139095040,2119172096,2135949312,2131230720,2766979045
2135949312,2144337920,2131755008,2112880640,2126512128,2143289344,2140143616,2120220672,2131230720,2132541440,2766995046
2121269248,2147483648,2152726528,2127560704,2131755008,2148532224,2147483648,2129657856,2137260032,2139357184,2767011046
2125463552,2155872256,2160066560,2143289344,2135949312,2151677952,2151677952,2134900736,2146172928,2143551488,2767027045
2140143616,2146435072,2147483648,2130706432,2133852160,2152726528,2149580800,2133852160,2141192192,2142502912,2767043066
2139095040,2145386496,2150629376,2124414976,2130706432,2146435072,2144337920,2126512128,2139881472,2136997888,2767059068
2132803584,2141192192,2133852160,2116026368,2125463552,2143289344,2139095040,2120220672,2130968576,2132017152,2767075065
2122317824,2155872256,2149580800,2125463552,2125463552,2143289344,2140143616,2120220672,2138308608,2132279296,2767091066
2120220672,2142240768,2139095040,2126512128,2130706432,2147483648,2145386496,2127560704,2132017152,2137784320,2767107089
2132803584,2144337920,2143289344,2128609280,2132803584,2152726528,2150629376,2135949312,2137260032,2143027200,2767123090
2142240768,2151677952,2157969408,2129657856,2134900736,2152726528,2150629376,2134900736,2145386496,2143289344,2767139088
2138046464,2143289344,2142240768,2124414976,2129657856,2147483648,2146435072,2128609280,2136997888,2138046464,2767155087
2135949312,2139095040,2134900736,2113929216,2126512128,2142240768,2140143616,2120220672,2130968576,2132279296,2767171112
2119172096,2157969408,2147483648,2129657856,2124414976,2143289344,2139095040,2120220672,2138570752,2131755008,2767187109
2117074944,2151677952,2144337920,2132803584,2128609280,2146435072,2144337920,2126512128,2136473600,2136473600,2767204001
2129657856,2143289344,2140143616,2126512128,2133852160,2150629376,2149580800,2132803584,2134900736,2141716480,2767220001
2141192192,2156920832,2157969408,2128609280,2134900736,2152726528,2151677952,2135949312,2146172928,2143813632,2767236001
2130706432,2160066560,2163212288,2143289344,2131755008,2149580800,2147483648,2129657856,2149318656,2139619328,2767252023
2119172096,2160066560,2155872256,2140143616,2126512128,2143289344,2141192192,2122317824,2143813632,2133327872,2767268022
2130706432,2136997888,2140143616,2112880640,2124414976,2142240768,2139095040,2119172096,2130182144,2131230720,2767284023
2126512128,2135949312,2135949312,2116026368,2127560704,2145386496,2142240768,2123366400,2128609280,2134638592,2767300023
2135949312,2152726528,2152726528,2121269248,2132803584,2150629376,2148532224,2131755008,2140667904,2140930048,2767316045
2142240768,2142240768,2144337920,2127560704,2133852160,2153775104,2152726528,2136997888,2139095040,2144337920,2767332045
2131755008,2161115136,2164260864,2142240768,2131755008,2151677952,2150629376,2132803584,2149842944,2141716480,2767348045
2126512128,2157969408,2156920832,2133852160,2127560704,2145386496,2143289344,2123366400,2143813632,2134900736,2767364047
2138046464,2136997888,2129657856,2111832064,2124414976,2142240768,2139095040,2118123520,2129133568,2130968576,2767380066
2125463552,2133852160,2133852160,2112880640,2126512128,2143289344,2141192192,2122317824,2126512128,2133327872,2767396065
2123366400,2147483648,2154823680,2126512128,2131755008,2149580800,2147483648,2129657856,2138046464,2139619328,2767412066
2136997888,2157969408,2157969408,2132803584,2134900736,2153775104,2151677952,2135949312,2146435072,2144075776,2767428068
2128609280,2164260864,2160066560,2149580800,2132803584,2152726528,2149580800,2134900736,2150629376,2142502912,2767444088
2123366400,2161115136,2153775104,2144337920,2129657856,2145386496,2144337920,2125463552,2145648640,2136211456,2767460086
2120220672,2148532224,2141192192,2131755008,2125463552,2142240768,2140143616,2119172096,2135425024,2131755008,2767476087
2132803584,2146435072,2138046464,2123366400,2126512128,2142240768,2139095040,2119172096,2135162880,2131755008,2767492087
2138046464,2138046464,2135949312,2118123520,2129657856,2147483648,2145386496,2128609280,2132541440,2137784320,2767508108
2125463552,2144337920,2149580800,2128609280,2134900736,2151677952,2150629376,2134900736,2136997888,2143027200,2767524106
2143289344,2146435072,2150629376,2129657856,2133852160,2151677952,2150629376,2133852160,2142502912,2142502912,2767541001
2125463552,2157969408,2148532224,2141192192,2130706432,2147483648,2144337920,2126512128,2143289344,2137260032,2767557001
2120220672,2157969408,2151677952,2131755008,2126512128,2142240768,2139095040,2120220672,2140405760,2132017152,2767573001
2130706432,2146435072,2142240768,2114977792,2125463552,2142240768,2139095040,2120220672,2133590016,2131755008,2767589001
2126512128,2150629376,2151677952,2125463552,2129657856,2146435072,2145386496,2126512128,2138570752,2136997888,2767605024
2131755008,2142240768,2142240768,2123366400,2134900736,2151677952,2150629376,2133852160,2134900736,2142765056,2767621022
2141192192,2161115136,2157969408,2144337920,2133852160,2153775104,2151677952,2135949312,2151153664,2143813632,2767637024
2125463552,2151677952,2148532224,2139095040,2130706432,2148532224,2146435072,2129657856,2141192192,2138832896,2767653023
2124414976,2143289344,2135949312,2124414976,2127560704,2144337920,2141192192,2122317824,2132017152,2133852160,2767669046
2135949312,2135949312,2132803584,2112880640,2125463552,2142240768,2139095040,2119172096,2129395712,2131492864,2767685047
2125463552,2155872256,2152726528,2126512128,2127560704,2146435072,2143289344,2124414976,2140143616,2135425024,2767701045
2123366400,2160066560,2156920832,2138046464,2132803584,2150629376,2148532224,2131755008,2144600064,2140930048,2767717044
2132803584,2162163712,2167406592,2146435072,2135949312,2152726528,2151677952,2135949312,2152202240,2144075776,2767733067
2147483648,2144337920,2146435072,2125463552,2133852160,2150629376,2148532224,2131755008,2140930048,2141192192,2767749070
2123366400,2151677952,2155872256,2134900736,2128609280,2144337920,2142240768,2123366400,2141454336,2134638592,2767765066
2119172096,2135949312,2131755008,2116026368,2124414976,2142240768,2139095040,2119172096,2125725696,2131230720,2767781065
2118123520,2151677952,2132803584,2132803584,2126512128,2144337920,2141192192,2122317824,2133852160,2133590016,2767797092
2134900736,2138046464,2139095040,2122317824,2131755008,2149580800,2147483648,2129657856,2133590016,2139619328,2767813089
2138046464,2145386496,2145386496,2129657856,2134900736,2153775104,2151677952,2135949312,2139619328,2144075776,2767829089
2138046464,2147483648,2145386496,2131755008,2133852160,2150629376,2149580800,2132803584,2140667904,2141716480,2767845088
2141192192,2143289344,2140143616,2121269248,2128609280,2146435072,2143289344,2125463552,2136473600,2135949312,2767861111
2121269248,2139095040,2132803584,2120220672,2124414976,2143289344,2140143616,2119172096,2128347136,2131755008,2767878001
2126512128,2151677952,2144337920,2125463552,2126512128,2143289344,2140143616,2120220672,2136997888,2132541440,2767894001
2124414976,2152726528,2150629376,2131755008,2131755008,2147483648,2145386496,2128609280,2139881472,2138308608,2767910001
2129657856,2143289344,2149580800,2127560704,2134900736,2153775104,2151677952,2134900736,2137522176,2143813632,2767926001
2147483648,2150629376,2154823680,2127560704,2133852160,2152726528,2151677952,2134900736,2145124352,2143289344,2767942024
2127560704,2163212288,2160066560,2140143616,2129657856,2148532224,2145386496,2127560704,2147745792,2137784320,2767958023
2135949312,2139095040,2134900736,2113929216,2125463552,2142240768,2138046464,2119172096,2130968576,2131230720,2767974025
2133852160,2144337920,2130706432,2116026368,2125463552,2143289344,2139095040,2120220672,2131230720,2132017152,2767990026
2127560704,2136997888,2134900736,2117074944,2128609280,2147483648,2144337920,2127560704,2129133568,2136997888,2768006045
2125463552,2147483648,2152726528,2132803584,2133852160,2152726528,2151677952,2133852160,2139619328,2143027200,2768022045
2130706432,2154823680,2163212288,2143289344,2133852160,2152726528,2151677952,2134900736,2148007936,2143289344,2768038045
2126512128,2168455168,2157969408,2142240768,2131755008,2149580800,2146435072,2128609280,2148794368,2139095040,2768054045
2122317824,2150629376,2145386496,2133852160,2125463552,2144337920,2141192192,2121269248,2138046464,2133065728,2768070067
2119172096,2139095040,2132803584,2118123520,2124414976,2142240768,2138046464,2119172096,2127298560,2130968576,2768086065
2122317824,2149580800,2154823680,2132803584,2128609280,2146435072,2144337920,2124414976,2139881472,2135949312,2768102065
2145386496,2143289344,2139095040,2120220672,2133852160,2151677952,2149580800,2132803584,2136997888,2141978624,2768118067
2142240768,2147483648,2143289344,2130706432,2134900736,2153775104,2151677952,2135949312,2140930048,2144075776,2768134090
2146435072,2142240768,2143289344,2124414976,2132803584,2149580800,2148532224,2129657856,2139095040,2140143616,2768150087
2125463552,2141192192,2142240768,2123366400,2126512128,2144337920,2141192192,2122317824,2133065728,2133590016,2768166087
2127560704,2146435072,2146435072,2122317824,2125463552,2142240768,2138046464,2118123520,2135687168,2130968576,2768182090
2120220672,2157969408,2153775104,2128609280,2126512128,2144337920,2142240768,2122317824,2140143616,2133852160,2768198108
2136997888,2139095040,2136997888,2117074944,2132803584,2150629376,2147483648,2130706432,2132541440,2140405760,2768214111
2134900736,2160066560,2156920832,2146435072,2134900736,2153775104,2151677952,2135949312,2149580800,2144075776,2768231001
2128609280,2147483648,2147483648,2131755008,2133852160,2151677952,2148532224,2132803584,2138832896,2141716480,2768247001
2128609280,2160066560,2156920832,2138046464,2128609280,2145386496,2143289344,2124414976,2145910784,2135425024,2768263001
2136997888,2146435072,2132803584,2112880640,2125463552,2142240768,2139095040,2119172096,2132279296,2131492864,2768279022
2117074944,2149580800,2140143616,2128609280,2126512128,2144337920,2141192192,2121269248,2133852160,2133327872,2768295023
2134900736,2146435072,2140143616,2122317824,2131755008,2148532224,2146435072,2128609280,2135949312,2138832896,2768311024
2146435072,2143289344,2144337920,2123366400,2134900736,2152726528,2150629376,2135949312,2139357184,2143551488,2768327022
2140143616,2154823680,2146435072,2130706432,2132803584,2152726528,2149580800,2134900736,2143027200,2142502912,2768343044
2125463552,2161115136,2159017984,2138046464,2129657856,2147483648,2145386496,2127560704,2145910784,2137522176,2768359045
2139095040,2136997888,2133852160,2113929216,2126512128,2141192192,2139095040,2119172096,2130968576,2131492864,2768375045
2128609280,2134900736,2134900736,2110783488,2126512128,2143289344,2139095040,2120220672,2127298560,2132279296,2768391044
2136997888,2141192192,2135949312,2116026368,2130706432,2146435072,2144337920,2126512128,2132541440,2136997888,2768407066
2124414976,2147483648,2155872256,2131755008,2134900736,2152726528,2150629376,2134900736,2139881472,2143289344,2768423068
2129657856,2152726528,2152726528,2140143616,2134900736,2152726528,2151677952,2134900736,2143813632,2143551488,2768439067
2144337920,2144337920,2142240768,2126512128,2131755008,2148532224,2146435072,2128609280,2139357184,2138832896,2768455067
2125463552,2154823680,2149580800,2128609280,2126512128,2144337920,2140143616,2121269248,2139619328,2133065728,2768471088
2138046464,2136997888,2133852160,2111832064,2125463552,2142240768,2139095040,2118123520,2130182144,2131230720,2768487088
2132803584,2139095040,2145386496,2113929216,2129657856,2145386496,2143289344,2124414976,2132803584,2135687168,2768503088
2136997888,2160066560,2152726528,2136997888,2133852160,2150629376,2149580800,2132803584,2146697216,2141716480,2768519088
2144337920,2153775104,2144337920,2128609280,2134900736,2153775104,2150629376,2135949312,2142765056,2143813632,2768535109
2139095040,2145386496,2145386496,2128609280,2131755008,2150629376,2148532224,2130706432,2139619328,2140405760,2768551109
2126512128,2154823680,2155872256,2127560704,2126512128,2144337920,2141192192,2121269248,2141192192,2133327872,2768568001
2118123520,2145386496,2139095040,2126512128,2124414976,2142240768,2139095040,2119172096,2132279296,2131230720,2768584001
2129657856,2135949312,2133852160,2113929216,2127560704,2145386496,2142240768,2124414976,2128347136,2134900736,2768600001
2125463552,2160066560,2161115136,2140143616,2132803584,2151677952,2148532224,2132803584,2146697216,2141454336,2768616001
2127560704,2161115136,2164260864,2144337920,2134900736,2153775104,2151677952,2135949312,2149318656,2144075776,2768632023
2147483648,2145386496,2151677952,2127560704,2132803584,2150629376,2148532224,2131755008,2143027200,2140930048,2768648024
2123366400,2146435072,2141192192,2128609280,2127560704,2145386496,2142240768,2123366400,2134900736,2134638592,2768664023
2129657856,2145386496,2144337920,2116026368,2125463552,2141192192,2138046464,2118123520,2133852160,2130706432,2768680022
2132803584,2150629376,2142240768,2121269248,2126512128,2144337920,2140143616,2122317824,2136735744,2133327872,2768696047
2138046464,2138046464,2138046464,2123366400,2131755008,2148532224,2147483648,2129657856,2134376448,2139357184,2768712044
2146435072,2145386496,2142240768,2124414976,2135949312,2152726528,2151677952,2134900736,2139619328,2143813632,2768728044
2139095040,2147483648,2144337920,2130706432,2133852160,2152726528,2150629376,2134900736,2140405760,2143027200,2768744045
2138046464,2156920832,2146435072,2129657856,2129657856,2146435072,2143289344,2125463552,2142765056,2136211456,2768760067
2124414976,2139095040,2132803584,2118123520,2124414976,2142240768,2140143616,2119172096,2128609280,2131492864,2768776067
2134900736,2149580800,2140143616,2123366400,2126512128,2142240768,2139095040,2119172096,2136997888,2131755008,2768792068
2142240768,2133852160,2140143616,2114977792,2129657856,2147483648,2145386496,2128609280,2132803584,2137784320,2768808065
2125463552,2164260864,2164260864,2142240768,2133852160,2153775104,2150629376,2134900736,2149056512,2143289344,2768824089
2131755008,2165309440,2160066560,2146435072,2133852160,2151677952,2150629376,2133852160,2150891520,2142502912,2768840088
2144337920,2146435072,2146435072,2126512128,2129657856,2148532224,2146435072,2128609280,2140930048,2138308608,2768856088
2120220672,2142240768,2138046464,2123366400,2125463552,2143289344,2140143616,2120220672,2130968576,2132279296,2768872087
2129657856,2136997888,2132803584,2113929216,2124414976,2142240768,2139095040,2119172096,2128347136,2131230720,2768888108
2121269248,2148532224,2143289344,2131755008,2128609280,2147483648,2144337920,2127560704,2136211456,2136997888,2768905001
2140143616,2141192192,2141192192,2124414976,2133852160,2151677952,2149580800,2133852160,2136735744,2142240768,2768921001
2127560704,2155872256,2147483648,2143289344,2134900736,2152726528,2151677952,2135949312,2143551488,2143813632,2768937000
2125463552,2152726528,2153775104,2138046464,2131755008,2148532224,2146435072,2129657856,2142502912,2139095040,2768953001
2126512128,2150629376,2155872256,2133852160,2126512128,2144337920,2141192192,2122317824,2141716480,2133590016,2768969023
2114977792,2155872256,2147483648,2129657856,2124414976,2142240768,2139095040,2119172096,2136997888,2131230720,2768985023
2121269248,2138046464,2147483648,2121269248,2127560704,2146435072,2143289344,2124414976,2132017152,2135425024,2769001023
2125463552,2143289344,2147483648,2127560704,2132803584,2150629376,2149580800,2131755008,2135949312,2141192192,2769017024
2138046464,2161115136,2159017984,2142240768,2135949312,2152726528,2151677952,2135949312,2150105088,2144075776,2769033045
2136997888,2146435072,2144337920,2131755008,2132803584,2149580800,2148532224,2130706432,2139881472,2140405760,2769049046
2126512128,2141192192,2139095040,2122317824,2127560704,2145386496,2142240768,2123366400,2132279296,2134638592,2769065044
2127560704,2136997888,2133852160,2113929216,2125463552,2141192192,2136997888,2118123520,2128084992,2130444288,2769081046
2135949312,2146435072,2138046464,2118123520,2126512128,2144337920,2140143616,2122317824,2134638592,2133327872,2769097066
2134900736,2138046464,2136997888,2120220672,2131755008,2149580800,2146435072,2130706432,2132541440,2139619328,2769113067
2149580800,2144337920,2145386496,2125463552,2135949312,2152726528,2150629376,2135949312,2141192192,2143813632,2769129066
2128609280,2161115136,2161115136,2145386496,2132803584,2151677952,2149580800,2132803584,2149056512,2141716480,2769145066
2144337920,2141192192,2140143616,2121269248,2128609280,2146435072,2142240768,2125463552,2136735744,2135687168,2769161088
2136997888,2136997888,2132803584,2112880640,2125463552,2142240768,2138046464,2118123520,2129920000,2130968576,2769177089
2138046464,2133852160,2129657856,2112880640,2126512128,2143289344,2140143616,2120220672,2128609280,2132541440,2769193088
2122317824,2143289344,2145386496,2126512128,2130706432,2148532224,2145386496,2128609280,2134376448,2138308608,2769209087
2125463552,2148532224,2151677952,2133852160,2134900736,2151677952,2150629376,2133852160,2139881472,2142765056,2769225110
2136997888,2160066560,2160066560,2144337920,2134900736,2151677952,2150629376,2134900736,2150367232,2143027200,2769241110
2139095040,2144337920,2146435072,2126512128,2130706432,2146435072,2145386496,2126512128,2139095040,2137260032,2769258001
2123366400,2149580800,2150629376,2129657856,2125463552,2144337920,2139095040,2120220672,2138308608,2132279296,2769274001
2119172096,2139095040,2131755008,2117074944,2125463552,2142240768,2140143616,2119172096,2126774272,2131755008,2769290001
2135949312,2139095040,2133852160,2116026368,2130706432,2147483648,2145386496,2126512128,2131230720,2137522176,2769306024
2128609280,2160066560,2162163712,2143289344,2134900736,2151677952,2150629376,2133852160,2148532224,2142765056,2769322022
2126512128,2168455168,2155872256,2152726528,2134900736,2152726528,2150629376,2134900736,2150891520,2143289344,2769338023
2136997888,2146435072,2154823680,2128609280,2129657856,2148532224,2147483648,2128609280,2141716480,2138570752,2769354025
2120220672,2147483648,2145386496,2130706432,2125463552,2144337920,2141192192,2122317824,2135949312,2133327872,2769370046
2120220672,2154823680,2152726528,2132803584,2124414976,2142240768,2139095040,2119172096,2140143616,2131230720,2769386045
2119172096,2154823680,2152726528,2141192192,2127560704,2146435072,2143289344,2124414976,2141978624,2135425024,2769402045
2124414976,2151677952,2147483648,2134900736,2133852160,2150629376,2149580800,2132803584,2139619328,2141716480,2769418046
2147483648,2146435072,2146435072,2129657856,2135949312,2152726528,2151677952,2134900736,2142502912,2143813632,2769434066
2138046464,2142240768,2144337920,2125463552,2132803584,2149580800,2147483648,2130706432,2137522176,2140143616,2769450064
2123366400,2156920832,2148532224,2140143616,2128609280,2143289344,2142240768,2122317824,2142240768,2134114304,2769466068
2133852160,2146435072,2133852160,2113929216,2125463552,2142240768,2138046464,2118123520,2132017152,2130968576,2769482068
2118123520,2155872256,2147483648,2129657856,2127560704,2145386496,2141192192,2123366400,2137784320,2134376448,2769498090
2123366400,2153775104,2143289344,2139095040,2131755008,2150629376,2147483648,2131755008,2139881472,2140405760,2769514089
2146435072,2144337920,2143289344,2128609280,2134900736,2152726528,2151677952,2135949312,2140667904,2143813632,2769530088
2125463552,2163212288,2155872256,2151677952,2132803584,2151677952,2149580800,2132803584,2149056512,2141716480,2769546087
2125463552,2147483648,2147483648,2126512128,2128609280,2145386496,2143289344,2124414976,2136735744,2135425024,2769562109
2129657856,2139095040,2132803584,2113929216,2124414976,2142240768,2138046464,2119172096,2128871424,2130968576,2769578107
2126512128,2148532224,2146435072,2123366400,2126512128,2143289344,2141192192,2121269248,2136211456,2133065728,2769595001
2138046464,2146435072,2135949312,2117074944,2131755008,2148532224,2147483648,2129657856,2134376448,2139357184,2769611001
2145386496,2146435072,2143289344,2127560704,2134900736,2153775104,2150629376,2135949312,2140667904,2143813632,2769627001
2136997888,2157969408,2159017984,2138046464,2133852160,2151677952,2150629376,2132803584,2148007936,2142240768,2769643000
2125463552,2142240768,2140143616,2128609280,2129657856,2146435072,2144337920,2125463552,2134114304,2136473600,2769659024
2121269248,2138046464,2138046464,2116026368,2125463552,2142240768,2139095040,2119172096,2128347136,2131492864,2769675023
2118123520,2148532224,2142240768,2127560704,2125463552,2142240768,2140143616,2120220672,2134114304,2132017152,2769691024
2122317824,2138046464,2139095040,2122317824,2129657856,2148532224,2145386496,2127560704,2130444288,2137784320,2769707023
2130706432,2163212288,2160066560,2141192192,2133852160,2152726528,2149580800,2134900736,2148794368,2142765056,2769723046
2143289344,2154823680,2156920832,2133852160,2134900736,2152726528,2151677952,2134900736,2147221504,2143551488,2769739045
2125463552,2165309440,2159017984,2144337920,2129657856,2148532224,2146435072,2128609280,2148532224,2138308608,2769755045
2122317824,2141192192,2133852160,2122317824,2125463552,2143289344,2140143616,2120220672,2129920000,2132279296,2769771046
2138046464,2135949312,2132803584,2109734912,2124414976,2142240768,2139095040,2119172096,2129133568,2131230720,2769787069
2120220672,2150629376,2152726528,2132803584,2128609280,2146435072,2144337920,2125463552,2139095040,2136211456,2769803066
2138046464,2154823680,2151677952,2129657856,2133852160,2151677952,2150629376,2133852160,2143551488,2142502912,2769819068
2129657856,2147483648,2147483648,2131755008,2134900736,2153775104,2151677952,2135949312,2139095040,2144075776,2769835065
2127560704,2160066560,2157969408,2145386496,2131755008,2149580800,2147483648,2130706432,2147745792,2139881472,2769851088
2134900736,2139095040,2134900736,2117074944,2127560704,2144337920,2141192192,2122317824,2131492864,2133852160,2769867089
2119172096,2140143616,2142240768,2121269248,2124414976,2142240768,2139095040,2119172096,2130706432,2131230720,2769883088
2135949312,2138046464,2130706432,2113929216,2127560704,2145386496,2142240768,2123366400,2129657856,2134638592,2769899086
2122317824,2162163712,2148532224,2145386496,2130706432,2150629376,2148532224,2131755008,2144600064,2140405760,2769915109
2143289344,2150629376,2157969408,2130706432,2134900736,2153775104,2152726528,2135949312,2145648640,2144337920,2769932001
2147483648,2152726528,2146435072,2127560704,2132803584,2150629376,2148532224,2131755008,2143551488,2140930048,2769948001
2123366400,2147483648,2151677952,2130706432,2128609280,2145386496,2143289344,2124414976,2138308608,2135425024,2769964001
2131755008,2133852160,2131755008,2112880640,2124414976,2142240768,2139095040,2118123520,2127560704,2130968576,2769980001
2116026368,2144337920,2141192192,2124414976,2125463552,2145386496,2141192192,2123366400,2131492864,2133852160,2769996024
2121269248,2156920832,2150629376,2138046464,2131755008,2150629376,2146435072,2130706432,2141716480,2139881472,2770012024
2141192192,2146435072,2153775104,2129657856,2134900736,2152726528,2151677952,2135949312,2142765056,2143813632,2770028024
2130706432,2159017984,2162163712,2144337920,2133852160,2151677952,2149580800,2132803584,2149056512,2141978624,2770044024
2138046464,2140143616,2139095040,2121269248,2129657856,2147483648,2143289344,2125463552,2134638592,2136473600,2770060046
2132803584,2139095040,2133852160,2116026368,2125463552,2142240768,2139095040,2119172096,2130444288,2131492864,2770076046
2119172096,2140143616,2133852160,2121269248,2126512128,2143289344,2140143616,2121269248,2128609280,2132803584,2770092044
2140143616,2135949312,2135949312,2116026368,2130706432,2147483648,2144337920,2127560704,2132017152,2137522176,2770108046
2125463552,2150629376,2147483648,2139095040,2134900736,2152726528,2150629376,2135949312,2140667904,2143551488,2770124066
2128609280,2164260864,2161115136,2146435072,2133852160,2152726528,2150629376,2134900736,2150105088,2143027200,2770140065
2132803584,2160066560,2153775104,2138046464,2129657856,2149580800,2145386496,2129657856,2146172928,2138570752,2770156065
2120220672,2160066560,2148532224,2134900736,2125463552,2143289344,2140143616,2120220672,2140930048,2132279296,2770172066
2119172096,2143289344,2138046464,2125463552,2124414976,2143289344,2139095040,2120220672,2131492864,2131755008,2770188087
2136997888,2139095040,2134900736,2114977792,2129657856,2146435072,2143289344,2126512128,2131492864,2136473600,2770204087
2124414976,2148532224,2146435072,2133852160,2132803584,2152726528,2150629376,2133852160,2138308608,2142502912,2770220086
2128609280,2157969408,2152726528,2141192192,2135949312,2153775104,2151677952,2135949312,2145124352,2144337920,2770236088
2125463552,2151677952,2148532224,2139095040,2131755008,2148532224,2146435072,2129657856,2141192192,2139095040,2770252108
2123366400,2156920832,2156920832,2133852160,2126512128,2144337920,2141192192,2121269248,2142765056,2133327872,2770268108
2117074944,2150629376,2145386496,2133852160,2125463552,2142240768,2139095040,2119172096,2136735744,2131492864,2770285000
2122317824,2151677952,2146435072,2117074944,2127560704,2146435072,2143289344,2124414976,2134376448,2135425024,2770301001
2123366400,2151677952,2141192192,2135949312,2132803584,2150629376,2148532224,2131755008,2138046464,2140930048,2770317001
2130706432,2159017984,2164260864,2146435072,2135949312,2152726528,2151677952,2135949312,2150105088,2144075776,2770333023
2131755008,2163212288,2163212288,2139095040,2132803584,2150629376,2147483648,2131755008,2149318656,2140667904,2770349022
2142240768,2143289344,2141192192,2118123520,2127560704,2145386496,2141192192,2123366400,2136211456,2134376448,2770365026
2120220672,2151677952,2151677952,2130706432,2124414976,2143289344,2139095040,2120220672,2138570752,2131755008,2770381023
2130706432,2144337920,2141192192,2117074944,2127560704,2145386496,2141192192,2122317824,2133327872,2134114304,2770397045
2124414976,2160066560,2155872256,2136997888,2130706432,2150629376,2147483648,2131755008,2144337920,2140143616,2770413045
2127560704,2163212288,2162163712,2146435072,2135949312,2153775104,2151677952,2135949312,2149842944,2144337920,2770429045
2129657856,2147483648,2145386496,2130706432,2133852160,2151677952,2150629376,2132803584,2138308608,2142240768,2770445045
2142240768,2142240768,2142240768,2122317824,2128609280,2146435072,2142240768,2125463552,2137260032,2135687168,2770461068
2129657856,2134900736,2131755008,2114977792,2125463552,2143289344,2138046464,2119172096,2127822848,2131492864,2770477067
2119172096,2138046464,2133852160,2119172096,2125463552,2144337920,2140143616,2121269248,2127560704,2132803584,2770493068
2122317824,2142240768,2140143616,2125463552,2130706432,2149580800,2146435072,2128609280,2132541440,2138832896,2770509066
2145386496,2145386496,2144337920,2127560704,2134900736,2153775104,2151677952,2135949312,2140667904,2144075776,2770525087
2145386496,2146435072,2146435072,2130706432,2133852160,2152726528,2150629376,2134900736,2142240768,2143027200,2770541087
2141192192,2142240768,2140143616,2124414976,2129657856,2147483648,2145386496,2127560704,2136997888,2137522176,2770557088
2118123520,2141192192,2140143616,2122317824,2125463552,2143289344,2140143616,2120220672,2130444288,2132279296,2770573087
2129657856,2133852160,2130706432,2108686336,2126512128,2142240768,2138046464,2119172096,2125725696,2131492864,2770589110
2120220672,2159017984,2152726528,2133852160,2129657856,2148532224,2144337920,2127560704,2141454336,2137522176,2770605105
2125463552,2151677952,2160066560,2135949312,2132803584,2152726528,2150629376,2134900736,2143289344,2142765056,2770622001
2140143616,2163212288,2154823680,2141192192,2133852160,2152726528,2151677952,2134900736,2149842944,2143289344,2770638001
2140143616,2142240768,2142240768,2126512128,2131755008,2147483648,2146435072,2128609280,2137784320,2138570752,2770654001
2120220672,2148532224,2141192192,2131755008,2127560704,2143289344,2140143616,2121269248,2135425024,2133065728,2770670001
2130706432,2135949312,2132803584,2113929216,2125463552,2142240768,2138046464,2119172096,2128347136,2131230720,2770686023
2119172096,2143289344,2147483648,2122317824,2127560704,2146435072,2143289344,2124414976,2133065728,2135425024,2770702024
2135949312,2150629376,2149580800,2122317824,2132803584,2150629376,2149580800,2132803584,2139619328,2141454336,2770718022
2136997888,2161115136,2162163712,2134900736,2134900736,2152726528,2151677952,2134900736,2148794368,2143551488,2770734023
2127560704,2147483648,2148532224,2131755008,2131755008,2150629376,2148532224,2130706432,2138832896,2140405760,2770750048
2131755008,2155872256,2146435072,2131755008,2127560704,2145386496,2142240768,2123366400,2141454336,2134638592,2770766046
2129657856,2135949312,2133852160,2112880640,2125463552,2142240768,2139095040,2118123520,2128084992,2131230720,2770782046
2136997888,2138046464,2133852160,2116026368,2127560704,2145386496,2141192192,2123366400,2131230720,2134376448,2770798044
2141192192,2141192192,2136997888,2122317824,2132803584,2149580800,2147483648,2130706432,2135425024,2140143616,2770814066
2129657856,2146435072,2145386496,2134900736,2134900736,2152726528,2151677952,2135949312,2139095040,2143813632,2770830065
2129657856,2153775104,2156920832,2141192192,2133852160,2151677952,2149580800,2132803584,2145386496,2141978624,2770846066
2122317824,2159017984,2152726528,2142240768,2128609280,2146435072,2142240768,2125463552,2144075776,2135687168,2770862065
2119172096,2139095040,2133852160,2118123520,2124414976,2143289344,2138046464,2120220672,2127560704,2131492864,2770878089
2118123520,2141192192,2132803584,2122317824,2127560704,2143289344,2140143616,2120220672,2128609280,2132803584,2770894089
2131755008,2141192192,2134900736,2119172096,2130706432,2149580800,2146435072,2128609280,2131755008,2138832896,2770910089
2126512128,2148532224,2147483648,2134900736,2134900736,2152726528,2151677952,2135949312,2139357184,2143813632,2770926086
2140143616,2147483648,2144337920,2130706432,2133852160,2151677952,2150629376,2134900736,2140667904,2142765056,2770942109
2125463552,2151677952,2149580800,2136997888,2129657856,2147483648,2144337920,2126512128,2140930048,2136997888,2770959001
2120220672,2151677952,2143289344,2134900736,2125463552,2142240768,2139095040,2120220672,2137522176,2131755008,2770975001
2126512128,2138046464,2146435072,2114977792,2125463552,2143289344,2140143616,2121269248,2131492864,2132541440,2770991001
2134900736,2140143616,2134900736,2116026368,2130706432,2146435072,2145386496,2127560704,2131492864,2137522176,2771007001
2131755008,2161115136,2161115136,2143289344,2134900736,2152726528,2150629376,2135949312,2149318656,2143551488,2771023023
2146435072,2145386496,2146435072,2126512128,2134900736,2152726528,2150629376,2134900736,2141192192,2143289344,2771039023
2146435072,2141192192,2143289344,2123366400,2131755008,2147483648,2145386496,2128609280,2138570752,2138308608,2771055024
2128609280,2155872256,2151677952,2126512128,2126512128,2143289344,2140143616,2121269248,2140667904,2132803584,2771071023
2129657856,2133852160,2129657856,2111832064,2125463552,2142240768,2139095040,2119172096,2126249984,2131492864,2771087045
2130706432,2148532224,2146435072,2123366400,2129657856,2146435072,2143289344,2125463552,2137260032,2136211456,2771103046
2124414976,2155872256,2144337920,2139095040,2133852160,2150629376,2149580800,2132803584,2140930048,2141716480,2771119045
2125463552,2152726528,2148532224,2139095040,2134900736,2153775104,2151677952,2134900736,2141454336,2143813632,2771135045
2147483648,2146435072,2144337920,2127560704,2131755008,2150629376,2147483648,2130706432,2141454336,2140143616,2771151067
2128609280,2143289344,2136997888,2122317824,2126512128,2144337920,2142240768,2122317824,2132803584,2133852160,2771167067
2136997888,2135949312,2133852160,2112880640,2125463552,2141192192,2138046464,2118123520,2129920000,2130706432,2771183065
2139095040,2136997888,2138046464,2113929216,2127560704,2145386496,2141192192,2124414976,2132017152,2134638592,2771199067
2143289344,2150629376,2144337920,2127560704,2132803584,2149580800,2148532224,2131755008,2141454336,2140667904,2771215087
2126512128,2166358016,2154823680,2151677952,2135949312,2152726528,2151677952,2135949312,2149842944,2144075776,2771231088
2140143616,2143289344,2143289344,2125463552,2132803584,2150629376,2149580800,2131755008,2138046464,2141192192,2771247088
2122317824,2164260864,2152726528,2140143616,2128609280,2146435072,2143289344,2124414976,2144862208,2135687168,2771263089
