2145386496,2138046464,2139095040,2120220672,2129657856,2147483648,2144337920,2127560704,2135687168,2137260032,2772355001
2144337920,2141192192,2140143616,2120220672,2130706432,2148532224,2144337920,2127560704,2136473600,2137784320,2772371001
2136997888,2139095040,2139095040,2121269248,2129657856,2147483648,2146435072,2126512128,2134114304,2137522176,2772387024
2132803584,2155872256,2153775104,2131755008,2130706432,2147483648,2145386496,2127560704,2143551488,2137784320,2772403024
2132803584,2143289344,2135949312,2122317824,2130706432,2147483648,2145386496,2127560704,2133590016,2137784320,2772419023
2122317824,2149580800,2143289344,2134900736,2129657856,2148532224,2145386496,2128609280,2137522176,2138046464,2772435023
2136997888,2154823680,2146435072,2127560704,2129657856,2147483648,2145386496,2127560704,2141454336,2137522176,2772451046
2123366400,2159017984,2155872256,2138046464,2130706432,2147483648,2145386496,2127560704,2144075776,2137784320,2772467046
2142240768,2140143616,2140143616,2120220672,2130706432,2147483648,2145386496,2127560704,2135687168,2137784320,2772483046
2142240768,2149580800,2139095040,2125463552,2130706432,2147483648,2144337920,2127560704,2139095040,2137522176,2772499047
2133852160,2152726528,2150629376,2127560704,2129657856,2147483648,2145386496,2126512128,2141192192,2137260032,2772515068
2122317824,2150629376,2150629376,2133852160,2129657856,2147483648,2145386496,2128609280,2139357184,2137784320,2772531066
2125463552,2142240768,2145386496,2124414976,2128609280,2146435072,2144337920,2125463552,2134376448,2136211456,2772547068
2120220672,2140143616,2142240768,2120220672,2124414976,2141192192,2138046464,2117074944,2130706432,2130182144,2772563066
2134900736,2135949312,2135949312,2109734912,2125463552,2142240768,2139095040,2120220672,2129133568,2131755008,2772579088
2119172096,2154823680,2152726528,2135949312,2131755008,2148532224,2145386496,2128609280,2140667904,2138570752,2772595085
2127560704,2146435072,2147483648,2132803584,2134900736,2153775104,2152726528,2136997888,2138570752,2144600064,2772611088
2149580800,2147483648,2146435072,2129657856,2134900736,2152726528,2152726528,2135949312,2143289344,2144075776,2772627091
2130706432,2157969408,2161115136,2140143616,2130706432,2147483648,2145386496,2127560704,2147483648,2137784320,2772643113
2122317824,2147483648,2152726528,2129657856,2124414976,2143289344,2139095040,2120220672,2138046464,2131755008,2772659106
2135949312,2144337920,2130706432,2109734912,2125463552,2142240768,2138046464,2118123520,2130182144,2130968576,2772676001
2119172096,2150629376,2143289344,2131755008,2128609280,2147483648,2144337920,2127560704,2136211456,2136997888,2772692001
2141192192,2146435072,2152726528,2125463552,2134900736,2153775104,2151677952,2135949312,2141454336,2144075776,2772708001
2146435072,2149580800,2146435072,2130706432,2136997888,2153775104,2152726528,2136997888,2143289344,2145124352,2772724001
2127560704,2144337920,2152726528,2129657856,2130706432,2149580800,2148532224,2130706432,2138570752,2139881472,2772740023
2136997888,2139095040,2135949312,2114977792,2125463552,2142240768,2139095040,2120220672,2131755008,2131755008,2772756024
2114977792,2150629376,2141192192,2130706432,2125463552,2141192192,2136997888,2117074944,2134376448,2130182144,2772772023
2119172096,2157969408,2151677952,2128609280,2128609280,2145386496,2142240768,2123366400,2139357184,2134900736,2772788022
2138046464,2153775104,2146435072,2135949312,2133852160,2151677952,2149580800,2133852160,2143551488,2142240768,2772804045
2128609280,2152726528,2150629376,2138046464,2135949312,2154823680,2153775104,2136997888,2142502912,2145386496,2772820045
2140143616,2147483648,2144337920,2126512128,2132803584,2150629376,2148532224,2131755008,2139619328,2140930048,2772836047
2142240768,2141192192,2140143616,2118123520,2127560704,2144337920,2141192192,2122317824,2135425024,2133852160,2772852046
2117074944,2140143616,2139095040,2121269248,2124414976,2141192192,2138046464,2117074944,2129395712,2130182144,2772868068
2118123520,2138046464,2136997888,2116026368,2126512128,2144337920,2141192192,2121269248,2127298560,2133327872,2772884068
2124414976,2145386496,2138046464,2129657856,2131755008,2150629376,2148532224,2131755008,2134376448,2140667904,2772900067
2138046464,2144337920,2145386496,2129657856,2135949312,2153775104,2152726528,2136997888,2139357184,2144862208,2772916066
2132803584,2164260864,2166358016,2144337920,2134900736,2151677952,2150629376,2133852160,2151940096,2142765056,2772932088
2143289344,2143289344,2141192192,2122317824,2127560704,2146435072,2143289344,2125463552,2137522176,2135687168,2772948088
2133852160,2143289344,2142240768,2112880640,2124414976,2142240768,2139095040,2117074944,2133065728,2130706432,2772964088
2119172096,2135949312,2147483648,2118123520,2125463552,2143289344,2140143616,2120220672,2130182144,2132279296,2772980086
2123366400,2156920832,2157969408,2131755008,2131755008,2147483648,2145386496,2128609280,2142502912,2138308608,2772996107
2125463552,2155872256,2147483648,2143289344,2136997888,2153775104,2151677952,2136997888,2143027200,2144862208,2773013001
2128609280,2150629376,2147483648,2136997888,2134900736,2152726528,2151677952,2135949312,2140930048,2143813632,2773029001
2141192192,2146435072,2150629376,2125463552,2129657856,2147483648,2145386496,2126512128,2140930048,2137260032,2773045001
2118123520,2143289344,2131755008,2122317824,2124414976,2142240768,2138046464,2118123520,2128871424,2130706432,2773061001
2118123520,2138046464,2135949312,2117074944,2124414976,2142240768,2138046464,2118123520,2127298560,2130706432,2773077023
2139095040,2136997888,2133852160,2114977792,2129657856,2147483648,2144337920,2127560704,2131230720,2137260032,2773093022
2140143616,2146435072,2154823680,2125463552,2134900736,2153775104,2150629376,2135949312,2141716480,2143813632,2773109023
2130706432,2157969408,2163212288,2145386496,2134900736,2153775104,2152726528,2136997888,2149318656,2144600064,2773125025
2135949312,2146435072,2153775104,2129657856,2130706432,2148532224,2146435072,2128609280,2141454336,2138570752,2773141045
2139095040,2144337920,2135949312,2119172096,2125463552,2143289344,2139095040,2120220672,2134638592,2132017152,2773157045
2119172096,2136997888,2130706432,2113929216,2124414976,2141192192,2136997888,2118123520,2125201408,2130182144,2773173044
2133852160,2134900736,2133852160,2112880640,2128609280,2145386496,2143289344,2124414976,2128871424,2135425024,2773189045
2129657856,2150629376,2156920832,2133852160,2134900736,2151677952,2149580800,2133852160,2142765056,2142502912,2773205067
2135949312,2146435072,2145386496,2132803584,2135949312,2153775104,2152726528,2136997888,2140143616,2144862208,2773221066
2145386496,2154823680,2144337920,2131755008,2132803584,2150629376,2148532224,2131755008,2144075776,2140930048,2773237065
2124414976,2141192192,2139095040,2122317824,2127560704,2144337920,2140143616,2122317824,2131755008,2133590016,2773253068
2124414976,2136997888,2131755008,2113929216,2123366400,2141192192,2138046464,2117074944,2126774272,2129920000,2773269087
2121269248,2147483648,2151677952,2126512128,2126512128,2144337920,2140143616,2121269248,2136735744,2133065728,2773285088
2136997888,2140143616,2138046464,2120220672,2132803584,2149580800,2148532224,2131755008,2133852160,2140667904,2773301086
2127560704,2165309440,2162163712,2146435072,2135949312,2153775104,2153775104,2138046464,2150367232,2145386496,2773317089
2145386496,2146435072,2146435072,2131755008,2132803584,2151677952,2149580800,2133852160,2142502912,2141978624,2773333110
2140143616,2142240768,2138046464,2122317824,2127560704,2146435072,2143289344,2124414976,2135687168,2135425024,2773349110
2119172096,2140143616,2138046464,2119172096,2124414976,2141192192,2136997888,2117074944,2129133568,2129920000,2773366001
2134900736,2133852160,2132803584,2112880640,2125463552,2143289344,2140143616,2120220672,2128609280,2132279296,2773382001
2136997888,2153775104,2144337920,2129657856,2130706432,2149580800,2147483648,2129657856,2141192192,2139357184,2773398001
2126512128,2153775104,2159017984,2141192192,2134900736,2153775104,2152726528,2136997888,2145124352,2144600064,2773414024
2141192192,2146435072,2155872256,2132803584,2133852160,2152726528,2150629376,2134900736,2144075776,2143027200,2773430024
2128609280,2142240768,2141192192,2124414976,2129657856,2146435072,2144337920,2125463552,2134114304,2136473600,2773446023
2120220672,2148532224,2133852160,2130706432,2124414976,2142240768,2138046464,2118123520,2133327872,2130706432,2773462024
2118123520,2142240768,2135949312,2123366400,2125463552,2141192192,2138046464,2119172096,2129920000,2130968576,2773478045
2132803584,2135949312,2134900736,2114977792,2130706432,2147483648,2145386496,2126512128,2129657856,2137522176,2773494044
2142240768,2144337920,2143289344,2127560704,2135949312,2153775104,2151677952,2135949312,2139357184,2144337920,2773510045
2146435072,2154823680,2146435072,2129657856,2135949312,2153775104,2151677952,2135949312,2144337920,2144337920,2773526045
2142240768,2143289344,2143289344,2123366400,2130706432,2148532224,2146435072,2128609280,2138046464,2138570752,2773542067
2121269248,2145386496,2155872256,2125463552,2125463552,2143289344,2139095040,2120220672,2136997888,2132017152,2773558067
2116026368,2136997888,2139095040,2116026368,2123366400,2142240768,2138046464,2118123520,2127036416,2130444288,2773574067
2126512128,2151677952,2150629376,2125463552,2129657856,2146435072,2143289344,2125463552,2138570752,2136211456,2773590066
2142240768,2145386496,2139095040,2122317824,2134900736,2151677952,2149580800,2133852160,2137260032,2142502912,2773606088
2128609280,2153775104,2148532224,2142240768,2134900736,2154823680,2152726528,2138046464,2143289344,2145124352,2773622084
2127560704,2149580800,2144337920,2134900736,2131755008,2149580800,2147483648,2130706432,2139095040,2139881472,2773638089
2134900736,2141192192,2145386496,2116026368,2126512128,2144337920,2141192192,2122317824,2134376448,2133590016,2773654087
2129657856,2132803584,2131755008,2108686336,2124414976,2142240768,2138046464,2118123520,2125725696,2130706432,2773670110
2118123520,2157969408,2151677952,2132803584,2127560704,2145386496,2141192192,2124414976,2140143616,2134638592,2773686107
2123366400,2147483648,2142240768,2132803584,2132803584,2151677952,2149580800,2132803584,2136473600,2141716480,2773703001
2143289344,2161115136,2161115136,2142240768,2135949312,2154823680,2153775104,2138046464,2151940096,2145648640,2773719001
2142240768,2151677952,2159017984,2129657856,2133852160,2151677952,2149580800,2133852160,2145648640,2142240768,2773735001
2123366400,2147483648,2141192192,2132803584,2127560704,2144337920,2141192192,2123366400,2136211456,2134114304,2773751000
2117074944,2142240768,2138046464,2125463552,2123366400,2142240768,2136997888,2118123520,2130706432,2130182144,2773767024
2135949312,2133852160,2129657856,2110783488,2125463552,2144337920,2141192192,2122317824,2127560704,2133327872,2773783024
2122317824,2147483648,2140143616,2130706432,2131755008,2149580800,2148532224,2130706432,2135162880,2140143616,2773799023
2141192192,2162163712,2156920832,2142240768,2135949312,2154823680,2152726528,2138046464,2150629376,2145386496,2773815024
2130706432,2155872256,2159017984,2143289344,2134900736,2151677952,2150629376,2133852160,2147221504,2142765056,2773831047
2126512128,2161115136,2156920832,2138046464,2128609280,2147483648,2144337920,2125463552,2145648640,2136473600,2773847046
2122317824,2147483648,2152726528,2129657856,2124414976,2141192192,2138046464,2118123520,2138046464,2130444288,2773863044
2120220672,2135949312,2129657856,2116026368,2125463552,2141192192,2139095040,2118123520,2125463552,2130968576,2773879044
2138046464,2139095040,2136997888,2114977792,2130706432,2148532224,2145386496,2127560704,2132279296,2138046464,2773895067
2143289344,2145386496,2142240768,2129657856,2135949312,2153775104,2152726528,2136997888,2140143616,2144862208,2773911067
2149580800,2146435072,2144337920,2130706432,2134900736,2153775104,2151677952,2135949312,2142765056,2144075776,2773927067
2139095040,2148532224,2154823680,2125463552,2130706432,2148532224,2145386496,2128609280,2141978624,2138308608,2773943065
2120220672,2151677952,2147483648,2131755008,2124414976,2142240768,2140143616,2119172096,2137784320,2131492864,2773959087
2129657856,2132803584,2129657856,2108686336,2124414976,2142240768,2139095040,2118123520,2125201408,2130968576,2773975087
2120220672,2139095040,2138046464,2118123520,2128609280,2146435072,2144337920,2126512128,2128871424,2136473600,2773991088
2136997888,2154823680,2150629376,2129657856,2134900736,2151677952,2150629376,2134900736,2143027200,2143027200,2774007087
2143289344,2150629376,2152726528,2131755008,2134900736,2154823680,2153775104,2136997888,2144600064,2145124352,2774023108
2144337920,2142240768,2154823680,2128609280,2131755008,2148532224,2146435072,2129657856,2142502912,2139095040,2774040001
2129657856,2138046464,2135949312,2119172096,2126512128,2142240768,2140143616,2119172096,2130706432,2132017152,2774056001
2123366400,2146435072,2143289344,2121269248,2124414976,2141192192,2136997888,2118123520,2133590016,2130182144,2774072001
2119172096,2154823680,2150629376,2129657856,2127560704,2145386496,2142240768,2124414976,2138570752,2134900736,2774088001
2125463552,2143289344,2144337920,2125463552,2133852160,2151677952,2150629376,2132803584,2134638592,2142240768,2774104022
2140143616,2157969408,2156920832,2142240768,2135949312,2154823680,2153775104,2138046464,2149318656,2145648640,2774120025
2130706432,2147483648,2149580800,2132803584,2132803584,2150629376,2148532224,2132803584,2140143616,2141192192,2774136022
2122317824,2154823680,2150629376,2135949312,2127560704,2144337920,2141192192,2122317824,2140930048,2133852160,2774152025
2123366400,2152726528,2143289344,2128609280,2124414976,2141192192,2138046464,2117074944,2136997888,2130182144,2774168045
2124414976,2133852160,2130706432,2111832064,2126512128,2144337920,2141192192,2122317824,2125201408,2133590016,2774184045
2123366400,2150629376,2149580800,2133852160,2132803584,2150629376,2148532224,2131755008,2139357184,2140930048,2774200045
2128609280,2155872256,2147483648,2143289344,2135949312,2154823680,2152726528,2136997888,2143813632,2145124352,2774216045
2138046464,2149580800,2147483648,2132803584,2133852160,2151677952,2150629376,2133852160,2141978624,2142502912,2774232068
2125463552,2157969408,2159017984,2143289344,2128609280,2145386496,2143289344,2125463552,2146435072,2135687168,2774248067
2121269248,2135949312,2133852160,2114977792,2124414976,2141192192,2138046464,2118123520,2126512128,2130444288,2774264065
2118123520,2147483648,2136997888,2126512128,2125463552,2143289344,2140143616,2120220672,2132279296,2132279296,2774280068
2130706432,2155872256,2146435072,2128609280,2130706432,2148532224,2146435072,2128609280,2140405760,2138570752,2774296087
2143289344,2154823680,2142240768,2131755008,2134900736,2153775104,2151677952,2136997888,2143027200,2144337920,2774312087
2129657856,2151677952,2144337920,2136997888,2134900736,2151677952,2151677952,2135949312,2140667904,2143551488,2774328085
2139095040,2144337920,2141192192,2127560704,2130706432,2147483648,2145386496,2127560704,2138046464,2137784320,2774344086
2124414976,2147483648,2150629376,2128609280,2124414976,2143289344,2139095040,2119172096,2137784320,2131492864,2774360108
2117074944,2139095040,2130706432,2118123520,2124414976,2142240768,2138046464,2119172096,2126249984,2130968576,2774376107
2122317824,2157969408,2155872256,2136997888,2130706432,2147483648,2145386496,2127560704,2143289344,2137784320,2774393001
2138046464,2156920832,2154823680,2136997888,2134900736,2153775104,2151677952,2135949312,2146697216,2144075776,2774409001
2145386496,2148532224,2150629376,2132803584,2134900736,2153775104,2152726528,2136997888,2144337920,2144600064,2774425001
2127560704,2157969408,2160066560,2144337920,2130706432,2149580800,2146435072,2129657856,2147483648,2139095040,2774441023
2132803584,2149580800,2146435072,2123366400,2125463552,2144337920,2140143616,2120220672,2138046464,2132541440,2774457024
2123366400,2153775104,2143289344,2127560704,2124414976,2142240768,2136997888,2118123520,2136997888,2130444288,2774473023
2139095040,2134900736,2135949312,2110783488,2128609280,2145386496,2143289344,2124414976,2130182144,2135425024,2774489024
2133852160,2156920832,2150629376,2133852160,2133852160,2151677952,2149580800,2133852160,2143813632,2142240768,2774505048
2128609280,2157969408,2154823680,2147483648,2136997888,2153775104,2152726528,2136997888,2147221504,2145124352,2774521046
2136997888,2161115136,2161115136,2144337920,2132803584,2151677952,2149580800,2132803584,2150891520,2141716480,2774537045
2135949312,2136997888,2139095040,2117074944,2126512128,2144337920,2141192192,2122317824,2132279296,2133590016,2774553044
2116026368,2139095040,2140143616,2118123520,2123366400,2140143616,2136997888,2117074944,2128347136,2129395712,2774569068
2119172096,2141192192,2148532224,2122317824,2126512128,2144337920,2141192192,2122317824,2132803584,2133590016,2774585068
2123366400,2161115136,2151677952,2138046464,2132803584,2150629376,2148532224,2131755008,2143551488,2140930048,2774601065
2144337920,2144337920,2144337920,2128609280,2136997888,2152726528,2151677952,2136997888,2140405760,2144600064,2774617066
2143289344,2151677952,2152726528,2130706432,2133852160,2151677952,2150629376,2132803584,2144600064,2142240768,2774633089
2135949312,2156920832,2152726528,2133852160,2128609280,2145386496,2143289344,2124414976,2144862208,2135425024,2774649087
2120220672,2136997888,2134900736,2118123520,2124414976,2141192192,2138046464,2117074944,2127560704,2130182144,2774665088
2121269248,2147483648,2146435072,2125463552,2126512128,2142240768,2139095040,2120220672,2135162880,2132017152,2774681086
2123366400,2160066560,2155872256,2136997888,2131755008,2149580800,2146435072,2129657856,2144075776,2139357184,2774697110
2142240768,2148532224,2146435072,2127560704,2134900736,2154823680,2151677952,2138046464,2141192192,2144862208,2774713108
2129657856,2149580800,2155872256,2134900736,2134900736,2151677952,2151677952,2134900736,2142502912,2143289344,2774730001
2127560704,2159017984,2160066560,2139095040,2129657856,2146435072,2144337920,2125463552,2146435072,2136473600,2774746001
2119172096,2138046464,2134900736,2120220672,2124414976,2141192192,2138046464,2119172096,2128084992,2130706432,2774762001
2134900736,2134900736,2129657856,2109734912,2125463552,2142240768,2138046464,2119172096,2127298560,2131230720,2774778001
2120220672,2141192192,2143289344,2122317824,2130706432,2147483648,2144337920,2127560704,2131755008,2137522176,2774794023
2145386496,2144337920,2143289344,2127560704,2135949312,2152726528,2151677952,2135949312,2140143616,2144075776,2774810023
2128609280,2167406592,2163212288,2152726528,2134900736,2153775104,2151677952,2136997888,2152988672,2144337920,2774826022
2127560704,2160066560,2160066560,2143289344,2130706432,2148532224,2145386496,2128609280,2147745792,2138308608,2774842022
2131755008,2138046464,2134900736,2117074944,2125463552,2142240768,2139095040,2119172096,2130444288,2131492864,2774858047
2127560704,2134900736,2131755008,2110783488,2124414976,2142240768,2138046464,2118123520,2126249984,2130706432,2774874046
2123366400,2151677952,2151677952,2128609280,2127560704,2147483648,2143289344,2126512128,2138832896,2136211456,2774890046
2127560704,2166358016,2160066560,2143289344,2133852160,2152726528,2149580800,2135949312,2149318656,2143027200,2774906045
2129657856,2164260864,2156920832,2151677952,2134900736,2154823680,2152726528,2138046464,2150629376,2145124352,2774922068
2139095040,2156920832,2155872256,2132803584,2131755008,2150629376,2148532224,2130706432,2146172928,2140405760,2774938067
2136997888,2136997888,2135949312,2117074944,2126512128,2143289344,2140143616,2121269248,2131755008,2132803584,2774954067
2128609280,2146435072,2140143616,2117074944,2123366400,2142240768,2138046464,2117074944,2133065728,2130182144,2774970064
2123366400,2155872256,2145386496,2126512128,2127560704,2144337920,2141192192,2122317824,2137784320,2133852160,2774986087
2133852160,2152726528,2151677952,2126512128,2133852160,2151677952,2149580800,2132803584,2141192192,2141978624,2775002090
2129657856,2150629376,2148532224,2138046464,2135949312,2153775104,2151677952,2136997888,2141716480,2144600064,2775018088
2131755008,2166358016,2167406592,2143289344,2133852160,2151677952,2149580800,2132803584,2152202240,2141978624,2775034087
2142240768,2142240768,2142240768,2122317824,2127560704,2145386496,2142240768,2123366400,2137260032,2134638592,2775050111
2118123520,2147483648,2140143616,2130706432,2124414976,2141192192,2138046464,2117074944,2134114304,2130182144,2775067001
2117074944,2150629376,2149580800,2129657856,2126512128,2144337920,2141192192,2121269248,2136735744,2133327872,2775083001
2124414976,2156920832,2156920832,2141192192,2131755008,2149580800,2147483648,2130706432,2144862208,2139881472,2775099001
2145386496,2154823680,2146435072,2134900736,2135949312,2154823680,2152726528,2138046464,2145386496,2145386496,2775115001
2141192192,2146435072,2146435072,2132803584,2134900736,2151677952,2150629376,2133852160,2141716480,2142765056,2775131024
2124414976,2148532224,2151677952,2133852160,2128609280,2146435072,2143289344,2125463552,2139619328,2135949312,2775147022
2119172096,2155872256,2149580800,2130706432,2124414976,2141192192,2139095040,2117074944,2138832896,2130444288,2775163022
2117074944,2154823680,2150629376,2129657856,2125463552,2142240768,2139095040,2119172096,2138046464,2131492864,2775179023
2134900736,2146435072,2144337920,2123366400,2130706432,2148532224,2145386496,2128609280,2137260032,2138308608,2775195046
2127560704,2147483648,2143289344,2131755008,2134900736,2153775104,2151677952,2136997888,2137522176,2144337920,2775211046
2130706432,2163212288,2164260864,2151677952,2134900736,2152726528,2152726528,2135949312,2152464384,2144075776,2775227044
2135949312,2156920832,2154823680,2138046464,2130706432,2146435072,2145386496,2127560704,2146435072,2137522176,2775243044
2128609280,2150629376,2146435072,2129657856,2125463552,2142240768,2139095040,2119172096,2138832896,2131492864,2775259068
2132803584,2138046464,2133852160,2112880640,2124414976,2141192192,2138046464,2117074944,2129395712,2130182144,2775275068
2119172096,2138046464,2133852160,2120220672,2128609280,2147483648,2144337920,2126512128,2127822848,2136735744,2775291066
2126512128,2163212288,2157969408,2143289344,2133852160,2152726528,2150629376,2134900736,2147745792,2143027200,2775307067
2142240768,2146435072,2145386496,2131755008,2135949312,2153775104,2152726528,2136997888,2141454336,2144862208,2775323089
2142240768,2145386496,2145386496,2126512128,2132803584,2150629376,2147483648,2130706432,2139881472,2140405760,2775339089
2125463552,2138046464,2143289344,2119172096,2125463552,2144337920,2141192192,2121269248,2131492864,2133065728,2775355087
2114977792,2151677952,2138046464,2132803584,2124414976,2141192192,2138046464,2118123520,2134376448,2130444288,2775371089
2128609280,2150629376,2144337920,2126512128,2127560704,2145386496,2142240768,2123366400,2137522176,2134638592,2775387109
2131755008,2141192192,2142240768,2120220672,2133852160,2150629376,2149580800,2131755008,2133852160,2141454336,2775403108
2139095040,2163212288,2163212288,2144337920,2135949312,2154823680,2152726528,2138046464,2152464384,2145386496,2775420001
2134900736,2163212288,2162163712,2146435072,2132803584,2151677952,2148532224,2132803584,2151677952,2141454336,2775436001
2134900736,2138046464,2139095040,2120220672,2127560704,2144337920,2140143616,2122317824,2133065728,2133590016,2775452001
2135949312,2133852160,2138046464,2112880640,2124414976,2141192192,2136997888,2116026368,2130182144,2129657856,2775468023
2124414976,2148532224,2146435072,2121269248,2126512128,2144337920,2140143616,2122317824,2135162880,2133327872,2775484022
2121269248,2142240768,2148532224,2125463552,2131755008,2149580800,2148532224,2131755008,2134376448,2140405760,2775500024
2128609280,2159017984,2157969408,2150629376,2135949312,2153775104,2152726528,2138046464,2149056512,2145124352,2775516023
2129657856,2163212288,2168455168,2140143616,2133852160,2152726528,2150629376,2134900736,2150367232,2143027200,2775532045
2135949312,2142240768,2138046464,2124414976,2128609280,2145386496,2143289344,2124414976,2135162880,2135425024,2775548045
2127560704,2136997888,2131755008,2114977792,2124414976,2141192192,2138046464,2117074944,2127822848,2130182144,2775564045
2125463552,2151677952,2142240768,2122317824,2125463552,2143289344,2140143616,2120220672,2135425024,2132279296,2775580045
2125463552,2142240768,2135949312,2120220672,2131755008,2148532224,2146435072,2128609280,2130968576,2138832896,2775596067
2146435072,2143289344,2144337920,2125463552,2135949312,2154823680,2151677952,2136997888,2139881472,2144862208,2775612065
2139095040,2166358016,2157969408,2146435072,2135949312,2153775104,2151677952,2135949312,2152464384,2144337920,2775628067
2136997888,2141192192,2142240768,2126512128,2129657856,2147483648,2146435072,2127560704,2136735744,2137784320,2775644067
2119172096,2155872256,2147483648,2135949312,2125463552,2142240768,2139095040,2119172096,2139619328,2131492864,2775660086
2117074944,2136997888,2139095040,2113929216,2125463552,2142240768,2138046464,2119172096,2126774272,2131230720,2775676086
2121269248,2155872256,2151677952,2134900736,2128609280,2147483648,2144337920,2127560704,2140930048,2136997888,2775692088
2138046464,2141192192,2140143616,2124414976,2133852160,2152726528,2151677952,2134900736,2135949312,2143289344,2775708089
2138046464,2148532224,2147483648,2132803584,2135949312,2154823680,2151677952,2138046464,2141716480,2145124352,2775724108
2126512128,2155872256,2149580800,2138046464,2130706432,2149580800,2146435072,2130706432,2142502912,2139357184,2775740106
2122317824,2138046464,2141192192,2121269248,2125463552,2143289344,2139095040,2120220672,2130706432,2132017152,2775757001
2123366400,2150629376,2149580800,2122317824,2122317824,2143289344,2138046464,2119172096,2136473600,2130706432,2775773001
2124414976,2133852160,2135949312,2114977792,2127560704,2146435072,2142240768,2125463552,2127298560,2135425024,2775789001
2141192192,2141192192,2140143616,2122317824,2133852160,2151677952,2149580800,2133852160,2136211456,2142240768,2775805001
2147483648,2154823680,2146435072,2134900736,2136997888,2154823680,2152726528,2138046464,2145910784,2145648640,2775821024
2144337920,2147483648,2144337920,2128609280,2131755008,2150629376,2149580800,2130706432,2141192192,2140667904,2775837023
2124414976,2156920832,2156920832,2136997888,2127560704,2144337920,2141192192,2122317824,2143813632,2133852160,2775853024
2119172096,2136997888,2131755008,2113929216,2124414976,2141192192,2138046464,2118123520,2125463552,2130444288,2775869024
2114977792,2147483648,2147483648,2128609280,2126512128,2144337920,2141192192,2122317824,2134638592,2133590016,2775885046
2124414976,2147483648,2145386496,2131755008,2131755008,2151677952,2148532224,2132803584,2137260032,2141192192,2775901046
2130706432,2163212288,2164260864,2146435072,2135949312,2154823680,2152726528,2138046464,2151153664,2145386496,2775917044
2136997888,2161115136,2159017984,2133852160,2133852160,2151677952,2149580800,2132803584,2147745792,2141978624,2775933044
2125463552,2141192192,2147483648,2122317824,2127560704,2146435072,2142240768,2124414976,2134114304,2135162880,2775949067
2125463552,2139095040,2130706432,2116026368,2124414976,2141192192,2138046464,2117074944,2127822848,2130182144,2775965066
2132803584,2143289344,2131755008,2110783488,2125463552,2143289344,2140143616,2121269248,2129657856,2132541440,2775981068
2128609280,2155872256,2152726528,2129657856,2131755008,2149580800,2147483648,2129657856,2141716480,2139619328,2775997067
2132803584,2159017984,2163212288,2141192192,2135949312,2154823680,2152726528,2138046464,2149056512,2145386496,2776013088
2140143616,2147483648,2149580800,2130706432,2134900736,2152726528,2150629376,2135949312,2141978624,2143551488,2776029089
2142240768,2142240768,2142240768,2126512128,2129657856,2147483648,2145386496,2126512128,2138308608,2137260032,2776045089
2134900736,2140143616,2135949312,2116026368,2125463552,2142240768,2138046464,2118123520,2131755008,2130968576,2776061088
2118123520,2136997888,2139095040,2116026368,2125463552,2142240768,2139095040,2119172096,2127560704,2131492864,2776077109
2127560704,2150629376,2150629376,2132803584,2130706432,2147483648,2144337920,2127560704,2140405760,2137522176,2776094001
2146435072,2144337920,2144337920,2127560704,2134900736,2152726528,2152726528,2135949312,2140667904,2144075776,2776110001
2142240768,2145386496,2144337920,2129657856,2134900736,2153775104,2151677952,2135949312,2140405760,2144075776,2776126000
2132803584,2159017984,2155872256,2136997888,2129657856,2149580800,2146435072,2129657856,2146172928,2138832896,2776142001
2136997888,2141192192,2134900736,2117074944,2124414976,2143289344,2139095040,2120220672,2132541440,2131755008,2776158022
2132803584,2132803584,2128609280,2111832064,2124414976,2143289344,2138046464,2119172096,2126512128,2131230720,2776174023
2124414976,2155872256,2151677952,2129657856,2128609280,2146435072,2144337920,2125463552,2140405760,2136211456,2776190025
2144337920,2142240768,2142240768,2121269248,2133852160,2152726528,2150629376,2134900736,2137522176,2143027200,2776206023
2140143616,2147483648,2149580800,2129657856,2136997888,2153775104,2152726528,2136997888,2141716480,2145124352,2776222044
2125463552,2167406592,2161115136,2149580800,2131755008,2150629376,2147483648,2130706432,2150891520,2140143616,2776238046
2124414976,2155872256,2155872256,2136997888,2126512128,2145386496,2141192192,2121269248,2143289344,2133590016,2776254044
2120220672,2134900736,2135949312,2113929216,2123366400,2141192192,2136997888,2118123520,2126249984,2129920000,2776270047
2130706432,2142240768,2146435072,2114977792,2126512128,2144337920,2142240768,2122317824,2133590016,2133852160,2776286068
2128609280,2157969408,2157969408,2133852160,2133852160,2150629376,2149580800,2132803584,2144600064,2141716480,2776302066
2129657856,2169503744,2166358016,2145386496,2135949312,2153775104,2153775104,2138046464,2152726528,2145386496,2776318068
2143289344,2146435072,2144337920,2130706432,2133852160,2151677952,2149580800,2133852160,2141192192,2142240768,2776334067
2122317824,2153775104,2148532224,2136997888,2126512128,2145386496,2142240768,2123366400,2140405760,2134376448,2776350087
2134900736,2142240768,2141192192,2117074944,2124414976,2142240768,2138046464,2118123520,2133852160,2130706432,2776366088
2127560704,2146435072,2143289344,2116026368,2126512128,2143289344,2140143616,2120220672,2133327872,2132541440,2776382088
2122317824,2153775104,2147483648,2138046464,2131755008,2149580800,2146435072,2129657856,2140405760,2139357184,2776398090
2129657856,2156920832,2163212288,2133852160,2136997888,2153775104,2152726528,2135949312,2145910784,2144862208,2776414108
2146435072,2154823680,2146435072,2132803584,2134900736,2152726528,2151677952,2134900736,2145124352,2143551488,2776430111
2126512128,2147483648,2143289344,2129657856,2128609280,2146435072,2144337920,2125463552,2136735744,2136211456,2776447001
2129657856,2136997888,2132803584,2116026368,2124414976,2142240768,2136997888,2118123520,2128871424,2130444288,2776463001
2116026368,2155872256,2147483648,2128609280,2125463552,2142240768,2139095040,2120220672,2136997888,2131755008,2776479001
2126512128,2153775104,2151677952,2131755008,2130706432,2147483648,2144337920,2127560704,2140930048,2137522176,2776495023
2133852160,2157969408,2161115136,2134900736,2134900736,2154823680,2151677952,2136997888,2146959360,2144600064,2776511024
2132803584,2161115136,2163212288,2149580800,2134900736,2153775104,2152726528,2136997888,2151677952,2144600064,2776527024
2124414976,2152726528,2153775104,2139095040,2130706432,2147483648,2146435072,2128609280,2142502912,2138308608,2776543024
2127560704,2150629376,2145386496,2123366400,2124414976,2143289344,2139095040,2119172096,2136735744,2131492864,2776559045
2128609280,2146435072,2144337920,2118123520,2124414976,2142240768,2138046464,2118123520,2134376448,2130706432,2776575045
2120220672,2154823680,2154823680,2132803584,2128609280,2147483648,2144337920,2126512128,2140667904,2136735744,2776591047
2132803584,2161115136,2153775104,2134900736,2134900736,2151677952,2149580800,2134900736,2145648640,2142765056,2776607046
2147483648,2151677952,2146435072,2130706432,2135949312,2154823680,2153775104,2136997888,2144075776,2145386496,2776623069
2129657856,2146435072,2145386496,2132803584,2131755008,2149580800,2147483648,2130706432,2138570752,2139881472,2776639066
2138046464,2144337920,2138046464,2117074944,2126512128,2143289344,2140143616,2121269248,2134376448,2132803584,2776655066
2124414976,2146435072,2146435072,2124414976,2124414976,2142240768,2138046464,2118123520,2135425024,2130706432,2776671067
2124414976,2153775104,2146435072,2127560704,2127560704,2144337920,2141192192,2122317824,2138046464,2133852160,2776687086
2123366400,2161115136,2154823680,2142240768,2132803584,2151677952,2149580800,2133852160,2145386496,2141978624,2776703087
2133852160,2148532224,2147483648,2134900736,2136997888,2153775104,2152726528,2138046464,2141192192,2145386496,2776719087
2140143616,2157969408,2159017984,2142240768,2132803584,2150629376,2148532224,2132803584,2149842944,2141192192,2776735087
2129657856,2143289344,2144337920,2122317824,2127560704,2145386496,2142240768,2123366400,2134900736,2134638592,2776751112
2119172096,2141192192,2143289344,2122317824,2124414976,2141192192,2138046464,2118123520,2131492864,2130444288,2776767106
2132803584,2139095040,2131755008,2111832064,2126512128,2144337920,2141192192,2122317824,2128871424,2133590016,2776784001
2140143616,2149580800,2136997888,2125463552,2132803584,2150629376,2148532224,2131755008,2138046464,2140930048,2776800001
2131755008,2149580800,2149580800,2132803584,2136997888,2154823680,2152726528,2136997888,2140930048,2145386496,2776816001
2130706432,2166358016,2164260864,2146435072,2132803584,2152726528,2150629376,2134900736,2151940096,2142765056,2776832001
2135949312,2143289344,2141192192,2124414976,2128609280,2146435072,2144337920,2125463552,2136211456,2136211456,2776848024
2134900736,2139095040,2133852160,2110783488,2124414976,2141192192,2138046464,2117074944,2129657856,2130182144,2776864023
2135949312,2132803584,2129657856,2106589184,2125463552,2143289344,2139095040,2119172096,2126249984,2131755008,2776880024
2124414976,2154823680,2152726528,2127560704,2130706432,2149580800,2146435072,2129657856,2139881472,2139095040,2776896022
2128609280,2154823680,2159017984,2141192192,2135949312,2154823680,2151677952,2136997888,2145910784,2144862208,2776912047
2129657856,2166358016,2162163712,2152726528,2134900736,2153775104,2151677952,2135949312,2152726528,2144075776,2776928045
2144337920,2146435072,2142240768,2123366400,2129657856,2148532224,2145386496,2127560704,2139095040,2137784320,2776944046
2138046464,2138046464,2131755008,2114977792,2125463552,2141192192,2139095040,2118123520,2130706432,2130968576,2776960045
2117074944,2140143616,2143289344,2122317824,2124414976,2142240768,2138046464,2119172096,2130706432,2130968576,2776976065
2127560704,2146435072,2146435072,2119172096,2129657856,2147483648,2144337920,2126512128,2134900736,2136997888,2776992068
2136997888,2144337920,2144337920,2126512128,2133852160,2153775104,2151677952,2135949312,2138046464,2143813632,2777008066
2131755008,2166358016,2168455168,2148532224,2134900736,2153775104,2152726528,2136997888,2153775104,2144600064,2777024066
2130706432,2159017984,2162163712,2138046464,2131755008,2148532224,2146435072,2128609280,2147483648,2138832896,2777040087
2122317824,2146435072,2139095040,2124414976,2125463552,2143289344,2140143616,2120220672,2133065728,2132279296,2777056089
2119172096,2139095040,2142240768,2118123520,2124414976,2142240768,2138046464,2118123520,2129657856,2130706432,2777072090
2120220672,2141192192,2134900736,2122317824,2127560704,2145386496,2142240768,2124414976,2129657856,2134900736,2777088086
2123366400,2145386496,2142240768,2129657856,2133852160,2150629376,2149580800,2133852160,2135162880,2141978624,2777104108
2138046464,2165309440,2163212288,2143289344,2135949312,2154823680,2152726528,2136997888,2152464384,2145124352,2777121001
2127560704,2151677952,2146435072,2139095040,2132803584,2150629376,2148532224,2131755008,2141192192,2140930048,2777137001
2136997888,2152726528,2146435072,2131755008,2126512128,2144337920,2141192192,2122317824,2141978624,2133590016,2777153000
2119172096,2143289344,2147483648,2122317824,2124414976,2141192192,2136997888,2117074944,2133065728,2129920000,2777169001
2124414976,2133852160,2131755008,2113929216,2126512128,2144337920,2140143616,2122317824,2125987840,2133327872,2777185023
2132803584,2138046464,2139095040,2121269248,2133852160,2149580800,2148532224,2130706432,2132803584,2140667904,2777201023
2143289344,2146435072,2145386496,2129657856,2135949312,2153775104,2152726528,2136997888,2141192192,2144862208,2777217024
2144337920,2147483648,2152726528,2129657856,2133852160,2151677952,2149580800,2133852160,2143551488,2142240768,2777233024
2124414976,2153775104,2149580800,2139095040,2127560704,2145386496,2142240768,2124414976,2141716480,2134900736,2777249047
2120220672,2154823680,2151677952,2129657856,2124414976,2142240768,2138046464,2118123520,2139095040,2130706432,2777265045
2132803584,2131755008,2129657856,2108686336,2126512128,2142240768,2139095040,2120220672,2125725696,2132017152,2777281045
2122317824,2141192192,2143289344,2124414976,2130706432,2149580800,2146435072,2129657856,2132803584,2139095040,2777297045
2126512128,2164260864,2154823680,2147483648,2135949312,2152726528,2150629376,2135949312,2148270080,2143813632,2777313066
2149580800,2146435072,2148532224,2129657856,2134900736,2152726528,2150629376,2134900736,2143551488,2143289344,2777329066
2140143616,2141192192,2141192192,2122317824,2129657856,2146435072,2144337920,2126512128,2136211456,2136735744,2777345066
2136997888,2141192192,2141192192,2114977792,2125463552,2142240768,2139095040,2118123520,2133590016,2131230720,2777361068
2125463552,2147483648,2144337920,2121269248,2125463552,2142240768,2138046464,2118123520,2134638592,2130968576,2777377089
2131755008,2139095040,2134900736,2114977792,2129657856,2147483648,2145386496,2127560704,2130182144,2137522176,2777393088
2129657856,2163212288,2161115136,2143289344,2135949312,2151677952,2150629376,2134900736,2149318656,2143289344,2777409087
2129657856,2150629376,2154823680,2138046464,2134900736,2154823680,2152726528,2136997888,2143289344,2144862208,2777425088
2141192192,2145386496,2146435072,2125463552,2130706432,2148532224,2146435072,2129657856,2139619328,2138832896,2777441110
2138046464,2140143616,2134900736,2120220672,2125463552,2143289344,2139095040,2120220672,2133327872,2132017152,2777457111
2118123520,2149580800,2147483648,2130706432,2125463552,2141192192,2138046464,2118123520,2136473600,2130706432,2777474001
2121269248,2153775104,2149580800,2124414976,2127560704,2146435072,2144337920,2126512128,2137260032,2136211456,2777490001
2132803584,2140143616,2149580800,2123366400,2134900736,2152726528,2150629376,2134900736,2136473600,2143289344,2777506001
2139095040,2162163712,2162163712,2141192192,2135949312,2153775104,2152726528,2138046464,2151153664,2145124352,2777522022
2129657856,2163212288,2163212288,2146435072,2131755008,2150629376,2147483648,2131755008,2150629376,2140405760,2777538023
2124414976,2162163712,2153775104,2139095040,2125463552,2144337920,2141192192,2122317824,2144862208,2133327872,2777554022
2125463552,2134900736,2130706432,2110783488,2123366400,2141192192,2138046464,2117074944,2125463552,2129920000,2777570023
2134900736,2144337920,2146435072,2116026368,2126512128,2145386496,2141192192,2122317824,2135425024,2133852160,2777586047
2134900736,2156920832,2150629376,2136997888,2132803584,2151677952,2149580800,2132803584,2144862208,2141716480,2777602044
2129657856,2163212288,2160066560,2149580800,2135949312,2153775104,2152726528,2136997888,2150629376,2144862208,2777618046
2129657856,2148532224,2144337920,2133852160,2133852160,2151677952,2149580800,2133852160,2139095040,2142240768,2777634045
2123366400,2150629376,2142240768,2135949312,2128609280,2145386496,2142240768,2123366400,2138046464,2134900736,2777650066
2122317824,2148532224,2152726528,2126512128,2123366400,2141192192,2138046464,2118123520,2137522176,2130182144,2777666065
2129657856,2135949312,2130706432,2109734912,2125463552,2143289344,2140143616,2121269248,2126512128,2132541440,2777682068
2122317824,2147483648,2153775104,2130706432,2131755008,2149580800,2146435072,2130706432,2138570752,2139619328,2777698068
2130706432,2163212288,2164260864,2145386496,2135949312,2153775104,2152726528,2136997888,2150891520,2144862208,2777714087
2127560704,2168455168,2161115136,2146435072,2134900736,2152726528,2150629376,2134900736,2150891520,2143289344,2777730086
2128609280,2142240768,2145386496,2125463552,2127560704,2147483648,2144337920,2126512128,2135425024,2136473600,2777746088
2119172096,2147483648,2140143616,2128609280,2124414976,2142240768,2138046464,2118123520,2133852160,2130706432,2777762090
2117074944,2147483648,2143289344,2122317824,2125463552,2142240768,2138046464,2119172096,2132541440,2131230720,2777778108
2121269248,2155872256,2153775104,2136997888,2129657856,2147483648,2146435072,2127560704,2141978624,2137784320,2777794108
2144337920,2144337920,2150629376,2125463552,2134900736,2152726528,2152726528,2135949312,2141192192,2144075776,2777811001
2147483648,2152726528,2154823680,2132803584,2134900736,2152726528,2150629376,2135949312,2146959360,2143551488,2777827001
2125463552,2155872256,2156920832,2140143616,2129657856,2148532224,2146435072,2128609280,2144600064,2138308608,2777843001
2132803584,2154823680,2144337920,2127560704,2124414976,2142240768,2139095040,2119172096,2139881472,2131230720,2777859000
2122317824,2152726528,2147483648,2122317824,2123366400,2142240768,2138046464,2118123520,2136211456,2130444288,2777875023
2123366400,2152726528,2149580800,2124414976,2128609280,2146435072,2143289344,2126512128,2137522176,2136211456,2777891025
2142240768,2142240768,2146435072,2126512128,2134900736,2151677952,2150629376,2134900736,2139357184,2143027200,2777907022
2132803584,2161115136,2165309440,2146435072,2135949312,2154823680,2152726528,2136997888,2151415808,2145124352,2777923023
2126512128,2152726528,2152726528,2139095040,2131755008,2150629376,2148532224,2130706432,2142765056,2140405760,2777939045
2133852160,2138046464,2134900736,2117074944,2125463552,2143289344,2140143616,2121269248,2130968576,2132541440,2777955046
2126512128,2133852160,2129657856,2112880640,2123366400,2142240768,2136997888,2118123520,2125725696,2130182144,2777971046
2120220672,2136997888,2131755008,2117074944,2127560704,2144337920,2142240768,2123366400,2126512128,2134376448,2777987045
2123366400,2151677952,2149580800,2136997888,2133852160,2151677952,2149580800,2133852160,2140405760,2142240768,2778003068
2129657856,2167406592,2164260864,2149580800,2135949312,2154823680,2153775104,2138046464,2152726528,2145648640,2778019067
2139095040,2161115136,2156920832,2138046464,2133852160,2150629376,2148532224,2131755008,2148794368,2141192192,2778035069
2121269248,2147483648,2143289344,2131755008,2127560704,2145386496,2142240768,2123366400,2135949312,2134638592,2778051065
2119172096,2150629376,2149580800,2126512128,2124414976,2141192192,2138046464,2117074944,2136473600,2130182144,2778067086
2127560704,2134900736,2130706432,2112880640,2126512128,2143289344,2141192192,2121269248,2126512128,2133065728,2778083090
2141192192,2141192192,2138046464,2118123520,2132803584,2149580800,2147483648,2129657856,2134638592,2139881472,2778099087
2127560704,2150629376,2163212288,2139095040,2134900736,2154823680,2153775104,2138046464,2145124352,2145386496,2778115086
2142240768,2147483648,2146435072,2129657856,2133852160,2152726528,2150629376,2134900736,2141454336,2143027200,2778131107
2122317824,2163212288,2149580800,2145386496,2128609280,2146435072,2143289344,2125463552,2145124352,2135949312,2778148001
2117074944,2155872256,2144337920,2133852160,2124414976,2141192192,2136997888,2118123520,2137784320,2130182144,2778164001
2133852160,2135949312,2131755008,2111832064,2126512128,2143289344,2139095040,2120220672,2128347136,2132279296,2778180001
2134900736,2142240768,2146435072,2117074944,2130706432,2149580800,2146435072,2128609280,2135162880,2138832896,2778196001
2147483648,2146435072,2146435072,2125463552,2135949312,2153775104,2151677952,2136997888,2141454336,2144600064,2778212024
2127560704,2165309440,2157969408,2148532224,2135949312,2152726528,2151677952,2135949312,2149842944,2144075776,2778228024
2126512128,2149580800,2145386496,2134900736,2128609280,2147483648,2145386496,2127560704,2139095040,2137260032,2778244024
2140143616,2138046464,2134900736,2113929216,2125463552,2142240768,2139095040,2119172096,2131755008,2131492864,2778260024
2118123520,2134900736,2138046464,2113929216,2124414976,2142240768,2138046464,2118123520,2126249984,2130706432,2778276045
2125463552,2150629376,2150629376,2128609280,2129657856,2146435072,2144337920,2126512128,2138832896,2136735744,2778292045
2130706432,2161115136,2155872256,2140143616,2134900736,2152726528,2150629376,2135949312,2146959360,2143551488,2778308045
2126512128,2161115136,2155872256,2148532224,2135949312,2154823680,2151677952,2138046464,2148007936,2145124352,2778324044
2139095040,2151677952,2154823680,2127560704,2131755008,2149580800,2146435072,2130706432,2143289344,2139619328,2778340068
2124414976,2154823680,2154823680,2133852160,2125463552,2143289344,2140143616,2120220672,2141978624,2132279296,2778356066
2114977792,2147483648,2141192192,2126512128,2124414976,2141192192,2138046464,2116026368,2132541440,2129920000,2778372064
2126512128,2139095040,2132803584,2116026368,2127560704,2145386496,2142240768,2123366400,2128609280,2134638592,2778388067
2146435072,2139095040,2141192192,2117074944,2134900736,2150629376,2149580800,2132803584,2135949312,2141978624,2778404088
2129657856,2147483648,2147483648,2133852160,2134900736,2153775104,2152726528,2136997888,2139619328,2144600064,2778420088
2127560704,2161115136,2155872256,2145386496,2132803584,2150629376,2148532224,2131755008,2147483648,2140930048,2778436086
2125463552,2140143616,2141192192,2121269248,2126512128,2145386496,2141192192,2123366400,2132017152,2134114304,2778452087
2130706432,2138046464,2141192192,2112880640,2123366400,2141192192,2136997888,2117074944,2130706432,2129657856,2778468109
2133852160,2145386496,2138046464,2117074944,2125463552,2145386496,2141192192,2122317824,2133590016,2133590016,2778484109
2140143616,2140143616,2141192192,2120220672,2131755008,2151677952,2148532224,2131755008,2135425024,2140930048,2778501001
2129657856,2166358016,2157969408,2150629376,2135949312,2154823680,2152726528,2138046464,2151153664,2145386496,2778517001
2130706432,2155872256,2164260864,2142240768,2133852160,2150629376,2150629376,2132803584,2148270080,2141978624,2778533001
2134900736,2153775104,2151677952,2132803584,2128609280,2145386496,2141192192,2124414976,2143289344,2134900736,2778549023
2126512128,2150629376,2144337920,2123366400,2124414976,2141192192,2136997888,2117074944,2136211456,2129920000,2778565022
2118123520,2155872256,2147483648,2129657856,2125463552,2143289344,2139095040,2120220672,2137784320,2132017152,2778581024
2121269248,2144337920,2141192192,2127560704,2130706432,2148532224,2146435072,2128609280,2133590016,2138570752,2778597024
2125463552,2155872256,2151677952,2143289344,2134900736,2153775104,2152726528,2136997888,2144075776,2144600064,2778613045
2138046464,2146435072,2148532224,2132803584,2134900736,2152726528,2151677952,2134900736,2141454336,2143551488,2778629046
2140143616,2140143616,2140143616,2121269248,2129657856,2146435072,2144337920,2126512128,2135425024,2136735744,2778645046
2127560704,2135949312,2131755008,2116026368,2124414976,2141192192,2138046464,2119172096,2127822848,2130706432,2778661045
2124414976,2146435072,2145386496,2123366400,2125463552,2141192192,2138046464,2118123520,2134900736,2130706432,2778677067
2119172096,2139095040,2143289344,2119172096,2130706432,2146435072,2144337920,2126512128,2130182144,2136997888,2778693064
2129657856,2142240768,2147483648,2128609280,2134900736,2153775104,2151677952,2135949312,2136997888,2144075776,2778709066
2127560704,2151677952,2155872256,2134900736,2134900736,2153775104,2151677952,2136997888,2142502912,2144337920,2778725067
2135949312,2157969408,2153775104,2138046464,2131755008,2149580800,2146435072,2129657856,2146435072,2139357184,2778741087
2119172096,2149580800,2139095040,2129657856,2126512128,2142240768,2139095040,2120220672,2134376448,2132017152,2778757087
2116026368,2147483648,2136997888,2125463552,2123366400,2141192192,2138046464,2118123520,2131492864,2130182144,2778773088
2129657856,2135949312,2133852160,2113929216,2128609280,2145386496,2143289344,2124414976,2128347136,2135425024,2778789088
2140143616,2141192192,2138046464,2123366400,2133852160,2151677952,2149580800,2133852160,2135687168,2142240768,2778805108
2138046464,2146435072,2147483648,2132803584,2135949312,2153775104,2152726528,2138046464,2141192192,2145124352,2778821107
2142240768,2144337920,2144337920,2128609280,2131755008,2149580800,2147483648,2130706432,2139881472,2139881472,2778838001
2122317824,2160066560,2155872256,2139095040,2126512128,2143289344,2141192192,2121269248,2144337920,2133065728,2778854001
2131755008,2135949312,2129657856,2111832064,2123366400,2141192192,2138046464,2118123520,2127298560,2130182144,2778870001
2130706432,2135949312,2132803584,2112880640,2126512128,2144337920,2141192192,2123366400,2128084992,2133852160,2778886001
2134900736,2152726528,2150629376,2134900736,2133852160,2150629376,2148532224,2132803584,2143289344,2141454336,2778902024
2135949312,2164260864,2156920832,2142240768,2134900736,2154823680,2152726528,2138046464,2149842944,2145124352,2778918024
2125463552,2163212288,2157969408,2148532224,2132803584,2151677952,2149580800,2133852160,2148794368,2141978624,2778934023
2135949312,2156920832,2146435072,2134900736,2127560704,2145386496,2142240768,2123366400,2143551488,2134638592,2778950022
2126512128,2134900736,2132803584,2114977792,2124414976,2141192192,2136997888,2118123520,2127298560,2130182144,2778966046
2129657856,2133852160,2128609280,2110783488,2126512128,2143289344,2139095040,2120220672,2125725696,2132279296,2778982044
2129657856,2141192192,2134900736,2119172096,2131755008,2150629376,2146435072,2130706432,2131230720,2139881472,2778998045
2128609280,2147483648,2150629376,2131755008,2134900736,2153775104,2152726528,2138046464,2139619328,2144862208,2779014043
2128609280,2152726528,2160066560,2139095040,2134900736,2151677952,2149580800,2134900736,2145124352,2142765056,2779030067
2124414976,2161115136,2153775104,2144337920,2128609280,2146435072,2144337920,2126512128,2145910784,2136473600,2779046066
2123366400,2151677952,2146435072,2123366400,2124414976,2142240768,2138046464,2119172096,2136211456,2130968576,2779062066
2127560704,2134900736,2129657856,2112880640,2125463552,2142240768,2139095040,2119172096,2126249984,2131492864,2779078067
2119172096,2142240768,2135949312,2127560704,2129657856,2148532224,2145386496,2128609280,2131230720,2138046464,2779094087
2129657856,2145386496,2146435072,2130706432,2135949312,2152726528,2151677952,2134900736,2138046464,2143813632,2779110090
2130706432,2153775104,2151677952,2141192192,2134900736,2153775104,2151677952,2136997888,2144337920,2144337920,2779126088
2125463552,2147483648,2147483648,2134900736,2130706432,2148532224,2145386496,2128609280,2138832896,2138308608,2779142088
2139095040,2133852160,2134900736,2112880640,2125463552,2142240768,2139095040,2119172096,2130182144,2131492864,2779158110
2120220672,2147483648,2149580800,2125463552,2124414976,2142240768,2139095040,2118123520,2135687168,2130968576,2779175001
2124414976,2139095040,2135949312,2116026368,2128609280,2146435072,2144337920,2125463552,2128871424,2136211456,2779191001
2125463552,2157969408,2162163712,2141192192,2133852160,2152726528,2151677952,2135949312,2146697216,2143551488,2779207001
2128609280,2153775104,2147483648,2141192192,2134900736,2153775104,2151677952,2136997888,2142765056,2144337920,2779223001
2126512128,2151677952,2147483648,2139095040,2131755008,2148532224,2147483648,2130706432,2141192192,2139619328,2779239024
2119172096,2147483648,2140143616,2130706432,2126512128,2143289344,2140143616,2121269248,2134376448,2132803584,2779255023
2136997888,2134900736,2135949312,2110783488,2124414976,2141192192,2138046464,2118123520,2129657856,2130444288,2779271023
2121269248,2138046464,2130706432,2119172096,2126512128,2145386496,2142240768,2123366400,2127298560,2134376448,2779287023
2123366400,2160066560,2153775104,2139095040,2132803584,2151677952,2149580800,2132803584,2144075776,2141716480,2779303045
2144337920,2145386496,2145386496,2128609280,2134900736,2154823680,2153775104,2138046464,2140930048,2145386496,2779319046
2130706432,2165309440,2166358016,2146435072,2131755008,2151677952,2150629376,2133852160,2152202240,2141978624,2779335045
2125463552,2156920832,2156920832,2136997888,2127560704,2144337920,2141192192,2123366400,2144075776,2134114304,2779351045
2125463552,2151677952,2145386496,2123366400,2123366400,2142240768,2136997888,2118123520,2136473600,2130182144,2779367065
2119172096,2143289344,2147483648,2124414976,2126512128,2143289344,2140143616,2121269248,2133590016,2132803584,2779383067
2132803584,2154823680,2153775104,2133852160,2131755008,2149580800,2147483648,2130706432,2143813632,2139881472,2779399066
2136997888,2159017984,2159017984,2143289344,2135949312,2153775104,2152726528,2136997888,2149580800,2144862208,2779415067
2144337920,2147483648,2145386496,2127560704,2134900736,2151677952,2151677952,2133852160,2141192192,2143027200,2779431088
2121269248,2151677952,2147483648,2136997888,2128609280,2146435072,2143289344,2125463552,2139357184,2135949312,2779447088
2120220672,2157969408,2147483648,2132803584,2124414976,2140143616,2138046464,2118123520,2139619328,2130182144,2779463089
2127560704,2150629376,2145386496,2121269248,2125463552,2142240768,2139095040,2119172096,2136211456,2131492864,2779479087
2128609280,2135949312,2139095040,2117074944,2130706432,2147483648,2146435072,2127560704,2130182144,2138046464,2779495111
2125463552,2160066560,2143289344,2145386496,2134900736,2153775104,2152726528,2136997888,2143551488,2144600064,2779511108
2146435072,2146435072,2146435072,2129657856,2134900736,2152726528,2151677952,2134900736,2142240768,2143551488,2779528001
2142240768,2143289344,2140143616,2123366400,2129657856,2147483648,2144337920,2126512128,2137260032,2136997888,2779544001
2123366400,2154823680,2155872256,2129657856,2124414976,2142240768,2139095040,2118123520,2140930048,2130968576,2779560001
2117074944,2139095040,2133852160,2119172096,2125463552,2141192192,2136997888,2118123520,2127298560,2130444288,2779576023
2138046464,2141192192,2133852160,2116026368,2129657856,2146435072,2143289344,2126512128,2132279296,2136473600,2779592023
2126512128,2152726528,2147483648,2140143616,2134900736,2152726528,2151677952,2135949312,2141716480,2143813632,2779608025
2142240768,2157969408,2152726528,2136997888,2135949312,2153775104,2151677952,2136997888,2147483648,2144600064,2779624023
2136997888,2156920832,2152726528,2138046464,2130706432,2148532224,2145386496,2129657856,2146172928,2138570752,2779640045
2121269248,2141192192,2147483648,2124414976,2125463552,2143289344,2140143616,2121269248,2133590016,2132541440,2779656045
2121269248,2134900736,2130706432,2113929216,2124414976,2141192192,2138046464,2117074944,2125201408,2130182144,2779672045
2125463552,2153775104,2150629376,2130706432,2127560704,2146435072,2143289344,2124414976,2140143616,2135425024,2779688044
2129657856,2155872256,2159017984,2135949312,2132803584,2151677952,2149580800,2133852160,2145124352,2141978624,2779704066
2134900736,2166358016,2164260864,2146435072,2134900736,2155872256,2152726528,2139095040,2152988672,2145648640,2779720065
2128609280,2152726528,2157969408,2140143616,2132803584,2150629376,2148532224,2132803584,2144862208,2141192192,2779736067
2138046464,2139095040,2139095040,2119172096,2126512128,2144337920,2142240768,2122317824,2133852160,2133852160,2779752067
2122317824,2135949312,2132803584,2116026368,2124414976,2141192192,2136997888,2118123520,2126774272,2130182144,2779768089
2131755008,2146435072,2138046464,2113929216,2126512128,2144337920,2141192192,2121269248,2132541440,2133327872,2779784087
2135949312,2144337920,2135949312,2122317824,2131755008,2150629376,2147483648,2131755008,2134638592,2140405760,2779800086
2140143616,2157969408,2153775104,2140143616,2135949312,2153775104,2152726528,2136997888,2148007936,2144862208,2779816087
2132803584,2157969408,2162163712,2147483648,2133852160,2152726528,2150629376,2133852160,2150105088,2142765056,2779832109
2124414976,2145386496,2149580800,2126512128,2128609280,2146435072,2143289344,2124414976,2136473600,2135687168,2779848107
2117074944,2156920832,2140143616,2133852160,2124414976,2141192192,2136997888,2118123520,2136997888,2130182144,2779865001
2120220672,2154823680,2148532224,2124414976,2126512128,2142240768,2140143616,2119172096,2136997888,2132017152,2779881001
2122317824,2152726528,2155872256,2133852160,2130706432,2149580800,2147483648,2129657856,2141192192,2139357184,2779897001
2143289344,2153775104,2151677952,2129657856,2135949312,2153775104,2151677952,2136997888,2144600064,2144600064,2779913001
2140143616,2157969408,2155872256,2142240768,2133852160,2152726528,2150629376,2135949312,2149056512,2143289344,2779929023
2126512128,2143289344,2142240768,2129657856,2129657856,2147483648,2144337920,2126512128,2135425024,2136997888,2779945024
2128609280,2152726528,2145386496,2129657856,2124414976,2141192192,2138046464,2118123520,2139095040,2130444288,2779961024
2116026368,2140143616,2136997888,2120220672,2125463552,2142240768,2138046464,2118123520,2128347136,2130968576,2779977024
2134900736,2133852160,2133852160,2112880640,2129657856,2147483648,2144337920,2126512128,2128871424,2136997888,2779993045
2144337920,2142240768,2142240768,2124414976,2134900736,2153775104,2151677952,2135949312,2138308608,2144075776,2780009045
2136997888,2161115136,2166358016,2141192192,2135949312,2153775104,2152726528,2136997888,2151415808,2144862208,2780025046
2134900736,2156920832,2155872256,2135949312,2131755008,2148532224,2145386496,2128609280,2145910784,2138570752,2780041045
2123366400,2154823680,2152726528,2129657856,2125463552,2143289344,2140143616,2120220672,2140143616,2132279296,2780057067
2134900736,2142240768,2130706432,2112880640,2124414976,2142240768,2138046464,2118123520,2130182144,2130706432,2780073068
2129657856,2139095040,2131755008,2117074944,2127560704,2146435072,2143289344,2125463552,2129395712,2135687168,2780089067
2125463552,2146435072,2143289344,2132803584,2134900736,2151677952,2150629376,2133852160,2136997888,2142765056,2780105065
2146435072,2159017984,2146435072,2132803584,2134900736,2154823680,2152726528,2138046464,2146172928,2145124352,2780121088
2135949312,2147483648,2144337920,2130706432,2131755008,2150629376,2148532224,2131755008,2139619328,2140667904,2780137088
2125463552,2156920832,2155872256,2132803584,2126512128,2144337920,2140143616,2121269248,2142765056,2133065728,2780153088
2130706432,2134900736,2132803584,2109734912,2123366400,2141192192,2136997888,2118123520,2127036416,2129920000,2780169086
2133852160,2140143616,2129657856,2110783488,2127560704,2144337920,2141192192,2122317824,2128609280,2133852160,2780185108
2143289344,2141192192,2140143616,2119172096,2132803584,2150629376,2148532224,2132803584,2135949312,2141192192,2780202001
2144337920,2151677952,2145386496,2130706432,2135949312,2154823680,2153775104,2138046464,2143027200,2145648640,2780218001
2148532224,2144337920,2146435072,2129657856,2133852160,2150629376,2149580800,2133852160,2142240768,2141978624,2780234001
2131755008,2146435072,2149580800,2122317824,2127560704,2144337920,2142240768,2123366400,2137522176,2134376448,2780250001
2135949312,2133852160,2132803584,2112880640,2124414976,2141192192,2138046464,2118123520,2128871424,2130444288,2780266023
2122317824,2149580800,2149580800,2128609280,2126512128,2143289344,2139095040,2120220672,2137522176,2132279296,2780282024
2141192192,2138046464,2136997888,2120220672,2131755008,2149580800,2147483648,2130706432,2134114304,2139881472,2780298024
2140143616,2147483648,2143289344,2127560704,2136997888,2152726528,2152726528,2135949312,2139619328,2144600064,2780314023
2129657856,2160066560,2157969408,2149580800,2134900736,2152726528,2150629376,2135949312,2149318656,2143551488,2780330045
2124414976,2151677952,2154823680,2139095040,2128609280,2147483648,2144337920,2126512128,2142502912,2136735744,2780346046
2118123520,2151677952,2145386496,2132803584,2124414976,2141192192,2138046464,2118123520,2136997888,2130444288,2780362045
2117074944,2139095040,2147483648,2118123520,2124414976,2142240768,2139095040,2119172096,2130444288,2131230720,2780378045
2122317824,2155872256,2148532224,2135949312,2130706432,2147483648,2145386496,2127560704,2140667904,2137784320,2780394066
2127560704,2157969408,2151677952,2145386496,2134900736,2152726528,2151677952,2135949312,2145648640,2143813632,2780410066
2142240768,2157969408,2150629376,2142240768,2135949312,2153775104,2151677952,2136997888,2148270080,2144600064,2780426064
2145386496,2157969408,2146435072,2133852160,2130706432,2148532224,2146435072,2128609280,2145910784,2138570752,2780442067
2120220672,2141192192,2141192192,2123366400,2124414976,2142240768,2139095040,2119172096,2131492864,2131230720,2780458086
2118123520,2134900736,2132803584,2113929216,2125463552,2141192192,2138046464,2117074944,2124939264,2130444288,2780474089
2119172096,2150629376,2144337920,2130706432,2128609280,2146435072,2143289344,2125463552,2136211456,2135949312,2780490085
2125463552,2151677952,2155872256,2134900736,2133852160,2152726528,2150629376,2134900736,2141978624,2143027200,2780506088
2128609280,2148532224,2150629376,2135949312,2135949312,2153775104,2152726528,2136997888,2140930048,2144862208,2780522108
2141192192,2147483648,2145386496,2127560704,2131755008,2150629376,2148532224,2131755008,2140405760,2140667904,2780538111
2122317824,2147483648,2139095040,2128609280,2126512128,2142240768,2139095040,2120220672,2134376448,2132017152,2780555001
2135949312,2138046464,2130706432,2109734912,2124414976,2141192192,2136997888,2117074944,2128609280,2129920000,2780571001
2119172096,2150629376,2147483648,2131755008,2127560704,2144337920,2142240768,2123366400,2137260032,2134376448,2780587001
2138046464,2143289344,2139095040,2122317824,2133852160,2151677952,2148532224,2132803584,2135687168,2141716480,2780603023
2128609280,2159017984,2157969408,2147483648,2135949312,2154823680,2151677952,2138046464,2148270080,2145124352,2780619023
2129657856,2146435072,2144337920,2134900736,2133852160,2150629376,2148532224,2131755008,2138832896,2141192192,2780635024
2124414976,2162163712,2155872256,2139095040,2126512128,2145386496,2142240768,2123366400,2145386496,2134376448,2780651024
2135949312,2134900736,2131755008,2111832064,2124414976,2141192192,2136997888,2117074944,2128609280,2129920000,2780667045
2133852160,2133852160,2129657856,2111832064,2127560704,2143289344,2140143616,2120220672,2127298560,2132803584,2780683044
2129657856,2155872256,2152726528,2133852160,2131755008,2149580800,2146435072,2130706432,2143027200,2139619328,2780699045
2128609280,2153775104,2151677952,2139095040,2135949312,2153775104,2152726528,2136997888,2143289344,2144862208,2780715046
2144337920,2145386496,2145386496,2130706432,2133852160,2152726528,2151677952,2134900736,2141454336,2143289344,2780731067
2142240768,2150629376,2144337920,2127560704,2129657856,2145386496,2143289344,2125463552,2141192192,2135949312,2780747068
2127560704,2150629376,2151677952,2119172096,2123366400,2142240768,2138046464,2119172096,2137260032,2130706432,2780763068
2123366400,2152726528,2146435072,2122317824,2125463552,2142240768,2139095040,2119172096,2136211456,2131492864,2780779066
2132803584,2136997888,2134900736,2117074944,2130706432,2148532224,2145386496,2128609280,2130444288,2138308608,2780795089
2136997888,2157969408,2154823680,2138046464,2134900736,2153775104,2151677952,2136997888,2146959360,2144337920,2780811089
2135949312,2157969408,2163212288,2135949312,2135949312,2152726528,2151677952,2135949312,2148270080,2144075776,2780827090
2131755008,2162163712,2159017984,2138046464,2130706432,2147483648,2145386496,2127560704,2147745792,2137784320,2780843087
2135949312,2144337920,2133852160,2117074944,2124414976,2142240768,2138046464,2119172096,2132803584,2130968576,2780859108
2118123520,2150629376,2149580800,2124414976,2124414976,2141192192,2138046464,2118123520,2135687168,2130444288,2780875106
2119172096,2152726528,2147483648,2139095040,2128609280,2146435072,2144337920,2126512128,2139619328,2136473600,2780892001
2129657856,2145386496,2144337920,2129657856,2133852160,2152726528,2151677952,2135949312,2137260032,2143551488,2780908001
2132803584,2159017984,2164260864,2146435072,2136997888,2153775104,2152726528,2136997888,2150629376,2145124352,2780924001
2126512128,2159017984,2152726528,2144337920,2131755008,2149580800,2147483648,2129657856,2145648640,2139619328,2780940001
2135949312,2139095040,2134900736,2114977792,2125463552,2143289344,2140143616,2120220672,2131230720,2132279296,2780956024
2135949312,2136997888,2131755008,2109734912,2124414976,2142240768,2138046464,2118123520,2128609280,2130706432,2780972024
2129657856,2134900736,2130706432,2113929216,2128609280,2145386496,2142240768,2123366400,2127298560,2134900736,2780988024
2145386496,2143289344,2144337920,2123366400,2134900736,2150629376,2149580800,2132803584,2139095040,2141978624,2781004022
2136997888,2164260864,2159017984,2142240768,2135949312,2154823680,2152726528,2138046464,2150629376,2145386496,2781020045
2144337920,2145386496,2143289344,2127560704,2133852160,2150629376,2149580800,2131755008,2140143616,2141454336,2781036045
2122317824,2160066560,2155872256,2135949312,2126512128,2145386496,2142240768,2122317824,2143551488,2134114304,2781052045
2131755008,2135949312,2129657856,2112880640,2124414976,2141192192,2138046464,2117074944,2127560704,2130182144,2781068045
2135949312,2146435072,2131755008,2119172096,2126512128,2144337920,2140143616,2122317824,2133327872,2133327872,2781084066
2125463552,2142240768,2133852160,2125463552,2132803584,2149580800,2147483648,2131755008,2131755008,2140405760,2781100066
2134900736,2147483648,2144337920,2130706432,2134900736,2154823680,2153775104,2138046464,2139357184,2145386496,2781116069
2141192192,2147483648,2146435072,2130706432,2134900736,2151677952,2149580800,2133852160,2141454336,2142502912,2781132066
2139095040,2138046464,2139095040,2119172096,2127560704,2146435072,2142240768,2124414976,2133852160,2135162880,2781148089
2118123520,2142240768,2140143616,2123366400,2124414976,2141192192,2136997888,2117074944,2130968576,2129920000,2781164087
2116026368,2143289344,2138046464,2123366400,2125463552,2142240768,2140143616,2118123520,2130182144,2131492864,2781180087
2121269248,2147483648,2143289344,2127560704,2130706432,2148532224,2146435072,2128609280,2134900736,2138570752,2781196086
2126512128,2164260864,2151677952,2147483648,2134900736,2153775104,2151677952,2136997888,2147483648,2144337920,2781212108
2131755008,2159017984,2159017984,2147483648,2133852160,2152726528,2151677952,2135949312,2149318656,2143551488,2781229001
2145386496,2142240768,2141192192,2123366400,2130706432,2146435072,2144337920,2126512128,2138046464,2136997888,2781245001
2122317824,2150629376,2153775104,2131755008,2126512128,2141192192,2138046464,2118123520,2139619328,2130968576,2781261000
2125463552,2146435072,2144337920,2112880640,2124414976,2142240768,2138046464,2119172096,2132279296,2130968576,2781277001
2132803584,2142240768,2142240768,2118123520,2129657856,2147483648,2145386496,2126512128,2133852160,2137260032,2781293024
2126512128,2151677952,2149580800,2135949312,2135949312,2152726528,2151677952,2135949312,2140930048,2144075776,2781309024
2129657856,2165309440,2156920832,2151677952,2134900736,2153775104,2151677952,2136997888,2150891520,2144337920,2781325022
2127560704,2160066560,2160066560,2143289344,2131755008,2148532224,2146435072,2128609280,2147745792,2138832896,2781341024
2122317824,2157969408,2155872256,2131755008,2125463552,2143289344,2139095040,2120220672,2141978624,2132017152,2781357047
2118123520,2151677952,2147483648,2125463552,2124414976,2141192192,2138046464,2117074944,2135687168,2130182144,2781373045
2122317824,2151677952,2154823680,2130706432,2128609280,2146435072,2142240768,2125463552,2139881472,2135687168,2781389044
2125463552,2162163712,2159017984,2138046464,2134900736,2150629376,2150629376,2133852160,2146172928,2142502912,2781405045
2144337920,2160066560,2152726528,2131755008,2134900736,2154823680,2153775104,2138046464,2147221504,2145386496,2781421068
2143289344,2146435072,2145386496,2129657856,2131755008,2150629376,2148532224,2132803584,2141192192,2140930048,2781437066
2141192192,2144337920,2139095040,2118123520,2126512128,2144337920,2141192192,2121269248,2135687168,2133327872,2781453064
2118123520,2147483648,2147483648,2125463552,2123366400,2141192192,2136997888,2118123520,2134638592,2129920000,2781469068
2118123520,2151677952,2147483648,2130706432,2126512128,2144337920,2140143616,2122317824,2136997888,2133327872,2781485088
2135949312,2138046464,2136997888,2120220672,2132803584,2150629376,2149580800,2131755008,2132803584,2141192192,2781501086
2129657856,2147483648,2151677952,2131755008,2135949312,2153775104,2151677952,2136997888,2140143616,2144600064,2781517087
2130706432,2163212288,2166358016,2144337920,2133852160,2151677952,2149580800,2133852160,2151153664,2142240768,2781533089
2123366400,2151677952,2153775104,2132803584,2127560704,2146435072,2142240768,2125463552,2140405760,2135425024,2781549112
2125463552,2133852160,2127560704,2114977792,2124414976,2141192192,2136997888,2118123520,2125463552,2130182144,2781565109
2133852160,2146435072,2133852160,2119172096,2125463552,2144337920,2140143616,2121269248,2133327872,2132803584,2781582001
2130706432,2157969408,2149580800,2131755008,2131755008,2149580800,2147483648,2129657856,2142502912,2139619328,2781598001
2127560704,2160066560,2149580800,2147483648,2135949312,2153775104,2151677952,2136997888,2146172928,2144600064,2781614001
2138046464,2146435072,2144337920,2129657856,2135949312,2151677952,2151677952,2134900736,2139619328,2143551488,2781630022
2123366400,2147483648,2143289344,2134900736,2129657856,2146435072,2143289344,2125463552,2137260032,2136211456,2781646023
2130706432,2141192192,2142240768,2114977792,2124414976,2141192192,2138046464,2118123520,2132279296,2130444288,2781662022
2117074944,2145386496,2143289344,2126512128,2124414976,2142240768,2139095040,2119172096,2133065728,2131230720,2781678025
2122317824,2147483648,2152726528,2130706432,2129657856,2147483648,2145386496,2127560704,2138308608,2137522176,2781694045
2124414976,2149580800,2149580800,2130706432,2135949312,2152726528,2150629376,2135949312,2138570752,2143813632,2781710043
2131755008,2165309440,2163212288,2152726528,2135949312,2153775104,2152726528,2135949312,2153250816,2144600064,2781726045
2127560704,2152726528,2155872256,2139095040,2130706432,2147483648,2146435072,2127560704,2143813632,2138046464,2781742045
2136997888,2135949312,2135949312,2114977792,2124414976,2142240768,2139095040,2120220672,2130968576,2131492864,2781758067
2132803584,2131755008,2129657856,2109734912,2123366400,2141192192,2138046464,2118123520,2125987840,2130182144,2781774065
2121269248,2151677952,2149580800,2130706432,2129657856,2146435072,2142240768,2125463552,2138308608,2135949312,2781790068
2125463552,2157969408,2154823680,2143289344,2133852160,2153775104,2150629376,2134900736,2145386496,2143289344,2781806069
2145386496,2149580800,2146435072,2132803584,2135949312,2152726528,2152726528,2135949312,2143551488,2144337920,2781822087
2139095040,2147483648,2143289344,2127560704,2131755008,2150629376,2148532224,2131755008,2139357184,2140667904,2781838088
2121269248,2147483648,2147483648,2130706432,2125463552,2144337920,2141192192,2121269248,2136735744,2133065728,2781854088
2119172096,2151677952,2148532224,2114977792,2124414976,2141192192,2136997888,2117074944,2133590016,2129920000,2781870090
2127560704,2136997888,2132803584,2113929216,2127560704,2144337920,2142240768,2123366400,2127822848,2134376448,2781886110
2133852160,2143289344,2136997888,2124414976,2132803584,2150629376,2148532224,2132803584,2134638592,2141192192,2781902107
2134900736,2154823680,2165309440,2132803584,2134900736,2153775104,2152726528,2136997888,2146959360,2144600064,2781919001
2138046464,2162163712,2157969408,2141192192,2132803584,2151677952,2147483648,2132803584,2149842944,2141192192,2781935001
2135949312,2141192192,2138046464,2120220672,2126512128,2145386496,2142240768,2122317824,2133852160,2134114304,2781951001
2120220672,2139095040,2128609280,2114977792,2123366400,2142240768,2136997888,2118123520,2125725696,2130182144,2781967001
2131755008,2132803584,2130706432,2110783488,2126512128,2143289344,2140143616,2121269248,2126512128,2132803584,2781983022
2120220672,2159017984,2151677952,2142240768,2131755008,2149580800,2147483648,2130706432,2143289344,2139881472,2781999023
2140143616,2150629376,2156920832,2127560704,2135949312,2153775104,2152726528,2136997888,2143813632,2144862208,2782015024
2128609280,2148532224,2147483648,2135949312,2134900736,2151677952,2150629376,2134900736,2140143616,2143027200,2782031023
2125463552,2157969408,2155872256,2143289344,2128609280,2147483648,2144337920,2125463552,2145648640,2136473600,2782047045
2129657856,2133852160,2134900736,2111832064,2124414976,2140143616,2136997888,2117074944,2127560704,2129657856,2782063044
2119172096,2135949312,2130706432,2113929216,2125463552,2142240768,2138046464,2119172096,2124939264,2131230720,2782079046
2135949312,2139095040,2136997888,2116026368,2130706432,2148532224,2145386496,2128609280,2132017152,2138308608,2782095046
2133852160,2159017984,2155872256,2138046464,2134900736,2153775104,2150629376,2136997888,2146697216,2144075776,2782111068
2129657856,2161115136,2155872256,2151677952,2134900736,2153775104,2152726528,2136997888,2149580800,2144600064,2782127068
2127560704,2159017984,2167406592,2138046464,2130706432,2147483648,2145386496,2127560704,2148007936,2137784320,2782143068
2139095040,2145386496,2138046464,2119172096,2125463552,2142240768,2139095040,2118123520,2135425024,2131230720,2782159066
2120220672,2155872256,2149580800,2126512128,2124414976,2142240768,2139095040,2118123520,2138046464,2130968576,2782175088
2122317824,2154823680,2152726528,2129657856,2128609280,2146435072,2144337920,2125463552,2139881472,2136211456,2782191086
2123366400,2165309440,2154823680,2144337920,2133852160,2152726528,2150629376,2134900736,2146959360,2143027200,2782207088
2146435072,2149580800,2146435072,2132803584,2136997888,2153775104,2152726528,2136997888,2143813632,2145124352,2782223086
2126512128,2154823680,2149580800,2144337920,2131755008,2149580800,2146435072,2130706432,2143813632,2139619328,2782239109
2129657856,2141192192,2133852160,2122317824,2126512128,2143289344,2139095040,2120220672,2131755008,2132279296,2782256001
2118123520,2148532224,2147483648,2125463552,2123366400,2141192192,2136997888,2117074944,2134900736,2129657856,2782272001
2135949312,2136997888,2134900736,2111832064,2128609280,2145386496,2142240768,2123366400,2129920000,2134900736,2782288001
2131755008,2143289344,2140143616,2123366400,2133852160,2151677952,2149580800,2133852160,2134638592,2142240768,2782304001
2130706432,2148532224,2145386496,2134900736,2135949312,2153775104,2152726528,2138046464,2139881472,2145124352,2782320025
2130706432,2157969408,2164260864,2145386496,2132803584,2150629376,2148532224,2131755008,2149580800,2140930048,2782336023
2123366400,2160066560,2152726528,2132803584,2126512128,2144337920,2141192192,2122317824,2142240768,2133590016,2782352023
2130706432,2139095040,2135949312,2110783488,2123366400,2141192192,2138046464,2117074944,2129133568,2129920000,2782368023
2124414976,2139095040,2132803584,2113929216,2126512128,2143289344,2140143616,2121269248,2127560704,2132803584,2782384045
2135949312,2140143616,2136997888,2121269248,2131755008,2150629376,2148532224,2130706432,2133590016,2140405760,2782400047
2144337920,2146435072,2144337920,2129657856,2135949312,2153775104,2152726528,2138046464,2141192192,2145124352,2782416044
2149580800,2146435072,2149580800,2131755008,2133852160,2152726528,2150629376,2134900736,2144337920,2143027200,2782432045
2132803584,2155872256,2151677952,2134900736,2127560704,2147483648,2143289344,2125463552,2143813632,2135949312,2782448065
2134900736,2135949312,2132803584,2112880640,2124414976,2141192192,2136997888,2118123520,2129133568,2130182144,2782464066
2119172096,2152726528,2146435072,2124414976,2125463552,2142240768,2139095040,2119172096,2135687168,2131492864,2782480064
2122317824,2156920832,2149580800,2138046464,2130706432,2148532224,2146435072,2129657856,2141716480,2138832896,2782496067
2126512128,2156920832,2147483648,2147483648,2135949312,2153775104,2151677952,2138046464,2144600064,2144862208,2782512088
2128609280,2154823680,2157969408,2142240768,2135949312,2152726528,2152726528,2134900736,2145910784,2144075776,2782528088
2138046464,2145386496,2141192192,2125463552,2128609280,2148532224,2145386496,2128609280,2137522176,2137784320,2782544087
2130706432,2149580800,2149580800,2125463552,2123366400,2142240768,2139095040,2119172096,2138832896,2130968576,2782560087
2119172096,2133852160,2129657856,2113929216,2125463552,2141192192,2138046464,2118123520,2124152832,2130706432,2782576109
2120220672,2153775104,2152726528,2131755008,2129657856,2147483648,2144337920,2126512128,2139619328,2136997888,2782592112
2126512128,2168455168,2157969408,2144337920,2134900736,2153775104,2150629376,2136997888,2149318656,2144075776,2782609000
2131755008,2152726528,2150629376,2139095040,2134900736,2153775104,2152726528,2136997888,2143551488,2144600064,2782625001
2126512128,2164260864,2153775104,2147483648,2130706432,2149580800,2146435072,2128609280,2148007936,2138832896,2782641001
2122317824,2151677952,2154823680,2134900736,2125463552,2142240768,2140143616,2120220672,2140930048,2132017152,2782657025
2117074944,2134900736,2134900736,2114977792,2124414976,2142240768,2138046464,2119172096,2125463552,2130968576,2782673023
2122317824,2154823680,2156920832,2127560704,2127560704,2145386496,2143289344,2124414976,2140405760,2135162880,2782689025
2130706432,2159017984,2154823680,2131755008,2134900736,2150629376,2148532224,2132803584,2144075776,2141716480,2782705023
2131755008,2147483648,2151677952,2131755008,2134900736,2154823680,2153775104,2139095040,2140667904,2145648640,2782721045
2134900736,2161115136,2163212288,2146435072,2132803584,2150629376,2148532224,2131755008,2151415808,2140930048,2782737044
2138046464,2141192192,2136997888,2119172096,2126512128,2145386496,2141192192,2122317824,2133852160,2133852160,2782753045
2117074944,2143289344,2147483648,2124414976,2124414976,2141192192,2136997888,2117074944,2133065728,2129920000,2782769044
2118123520,2138046464,2134900736,2120220672,2127560704,2144337920,2141192192,2122317824,2127822848,2133852160,2782785068
2121269248,2154823680,2153775104,2136997888,2132803584,2150629376,2148532224,2131755008,2141716480,2140930048,2782801065
2127560704,2150629376,2151677952,2138046464,2135949312,2154823680,2151677952,2138046464,2141978624,2145124352,2782817068
2138046464,2159017984,2153775104,2132803584,2134900736,2151677952,2149580800,2133852160,2145910784,2142502912,2782833067
2126512128,2143289344,2139095040,2126512128,2127560704,2145386496,2142240768,2124414976,2133852160,2134900736,2782849090
2129657856,2139095040,2131755008,2116026368,2123366400,2142240768,2138046464,2118123520,2129133568,2130444288,2782865085
2116026368,2150629376,2139095040,2129657856,2126512128,2142240768,2139095040,2119172096,2133852160,2131755008,2782881087
2138046464,2139095040,2136997888,2117074944,2131755008,2148532224,2146435072,2129657856,2132803584,2139095040,2782897088
2131755008,2145386496,2148532224,2129657856,2134900736,2154823680,2152726528,2138046464,2138832896,2145124352,2782913111
2146435072,2148532224,2146435072,2131755008,2135949312,2152726528,2150629376,2135949312,2143289344,2143813632,2782929106
2130706432,2159017984,2156920832,2136997888,2129657856,2146435072,2144337920,2125463552,2145910784,2136473600,2782946001
2134900736,2136997888,2141192192,2114977792,2124414976,2142240768,2138046464,2118123520,2132017152,2130706432,2782962001
2118123520,2150629376,2143289344,2130706432,2124414976,2143289344,2139095040,2120220672,2135687168,2131755008,2782978001
2139095040,2135949312,2135949312,2114977792,2130706432,2148532224,2145386496,2127560704,2131492864,2138046464,2782994001
2134900736,2157969408,2154823680,2138046464,2135949312,2152726528,2151677952,2135949312,2146435072,2144075776,2783010025
2142240768,2156920832,2156920832,2144337920,2135949312,2153775104,2152726528,2136997888,2150105088,2144862208,2783026024
2128609280,2154823680,2161115136,2142240768,2129657856,2148532224,2145386496,2128609280,2146697216,2138046464,2783042024
2138046464,2135949312,2135949312,2118123520,2125463552,2143289344,2139095040,2120220672,2132017152,2132017152,2783058023
2129657856,2133852160,2129657856,2111832064,2124414976,2142240768,2138046464,2118123520,2126249984,2130706432,2783074045
2139095040,2134900736,2132803584,2110783488,2128609280,2146435072,2143289344,2125463552,2129395712,2135949312,2783090046
2135949312,2152726528,2154823680,2128609280,2134900736,2151677952,2149580800,2133852160,2143027200,2142502912,2783106046
2150629376,2152726528,2147483648,2130706432,2136997888,2153775104,2152726528,2136997888,2145386496,2145124352,2783122043
2145386496,2144337920,2144337920,2128609280,2132803584,2149580800,2147483648,2130706432,2140667904,2140143616,2783138067
2136997888,2151677952,2136997888,2127560704,2126512128,2143289344,2140143616,2121269248,2138308608,2132803584,2783154065
2125463552,2133852160,2133852160,2111832064,2123366400,2142240768,2138046464,2118123520,2126249984,2130444288,2783170069
2119172096,2155872256,2150629376,2125463552,2126512128,2146435072,2142240768,2123366400,2137784320,2134638592,2783186065
2134900736,2153775104,2154823680,2129657856,2132803584,2150629376,2149580800,2132803584,2143289344,2141454336,2783202087
2139095040,2162163712,2154823680,2139095040,2135949312,2153775104,2152726528,2136997888,2148794368,2144862208,2783218089
2136997888,2149580800,2143289344,2131755008,2133852160,2151677952,2149580800,2132803584,2140405760,2141978624,2783234087
2124414976,2145386496,2147483648,2128609280,2128609280,2144337920,2142240768,2122317824,2136473600,2134376448,2783250085
2130706432,2151677952,2142240768,2122317824,2123366400,2142240768,2138046464,2118123520,2136735744,2130444288,2783266108
2134900736,2145386496,2131755008,2121269248,2126512128,2144337920,2139095040,2121269248,2133327872,2132803584,2783283001
2123366400,2147483648,2148532224,2128609280,2131755008,2149580800,2147483648,2129657856,2136997888,2139619328,2783299001
2130706432,2163212288,2159017984,2146435072,2135949312,2153775104,2152726528,2136997888,2149842944,2144862208,2783315001
2128609280,2150629376,2149580800,2138046464,2133852160,2152726528,2151677952,2135949312,2141716480,2143551488,2783331001
2141192192,2152726528,2142240768,2124414976,2128609280,2146435072,2143289344,2125463552,2140143616,2135949312,2783347023
2118123520,2151677952,2142240768,2134900736,2125463552,2141192192,2138046464,2118123520,2136735744,2130706432,2783363026
2118123520,2139095040,2138046464,2118123520,2125463552,2143289344,2139095040,2120220672,2128347136,2132017152,2783379023
2141192192,2139095040,2135949312,2118123520,2130706432,2148532224,2144337920,2128609280,2133590016,2138046464,2783395023
2141192192,2146435072,2143289344,2126512128,2134900736,2153775104,2151677952,2136997888,2139357184,2144337920,2783411045
2142240768,2146435072,2146435072,2129657856,2135949312,2152726528,2151677952,2135949312,2141192192,2144075776,2783427046
2145386496,2146435072,2145386496,2123366400,2129657856,2148532224,2146435072,2128609280,2140143616,2138308608,2783443044
2134900736,2146435072,2144337920,2121269248,2125463552,2142240768,2140143616,2119172096,2136735744,2131755008,2783459047
2118123520,2133852160,2130706432,2114977792,2124414976,2141192192,2138046464,2118123520,2124414976,2130444288,2783475067
2121269248,2136997888,2135949312,2119172096,2129657856,2146435072,2143289344,2125463552,2128347136,2136211456,2783491066
2132803584,2145386496,2144337920,2126512128,2134900736,2152726528,2150629376,2134900736,2137260032,2143289344,2783507067
2131755008,2147483648,2147483648,2133852160,2135949312,2153775104,2151677952,2136997888,2140143616,2144600064,2783523066
2139095040,2146435072,2145386496,2128609280,2131755008,2149580800,2147483648,2130706432,2139881472,2139881472,2783539089
2140143616,2151677952,2140143616,2126512128,2125463552,2143289344,2140143616,2120220672,2139619328,2132279296,2783555089
2128609280,2134900736,2132803584,2110783488,2124414976,2140143616,2136997888,2117074944,2126774272,2129657856,2783571087
2131755008,2133852160,2130706432,2114977792,2128609280,2144337920,2142240768,2123366400,2127822848,2134638592,2783587090
2133852160,2154823680,2154823680,2129657856,2132803584,2150629376,2149580800,2131755008,2143289344,2141192192,2783603111
2146435072,2154823680,2146435072,2133852160,2134900736,2154823680,2152726528,2138046464,2145386496,2145124352,2783619111
2128609280,2169503744,2162163712,2144337920,2132803584,2151677952,2149580800,2132803584,2151153664,2141716480,2783636001
2136997888,2138046464,2138046464,2120220672,2127560704,2144337920,2141192192,2122317824,2133327872,2133852160,2783652001
2123366400,2157969408,2149580800,2130706432,2124414976,2141192192,2136997888,2117074944,2140405760,2129920000,2783668001
2117074944,2138046464,2136997888,2117074944,2126512128,2144337920,2141192192,2122317824,2127298560,2133590016,2783684023
2127560704,2141192192,2139095040,2120220672,2131755008,2150629376,2147483648,2131755008,2132017152,2140405760,2783700022
2127560704,2155872256,2157969408,2140143616,2135949312,2153775104,2152726528,2138046464,2145386496,2145124352,2783716025
2146435072,2146435072,2146435072,2129657856,2133852160,2151677952,2150629376,2133852160,2142240768,2142502912,2783732024
2126512128,2150629376,2154823680,2135949312,2128609280,2144337920,2143289344,2123366400,2141978624,2134900736,2783748044
2129657856,2133852160,2131755008,2112880640,2124414976,2141192192,2136997888,2117074944,2127036416,2129920000,2783764044
2132803584,2133852160,2138046464,2108686336,2126512128,2142240768,2139095040,2119172096,2128347136,2131755008,2783780045
2123366400,2142240768,2134900736,2125463552,2130706432,2148532224,2145386496,2129657856,2131492864,2138570752,2783796046
2130706432,2162163712,2164260864,2142240768,2135949312,2154823680,2152726528,2136997888,2149842944,2145124352,2783812066
2139095040,2159017984,2156920832,2142240768,2134900736,2153775104,2152726528,2135949312,2149318656,2144337920,2783828065
2141192192,2144337920,2142240768,2126512128,2129657856,2147483648,2145386496,2127560704,2138570752,2137522176,2783844067
2122317824,2153775104,2154823680,2128609280,2124414976,2142240768,2138046464,2119172096,2139881472,2130968576,2783860068
2132803584,2138046464,2140143616,2112880640,2124414976,2142240768,2139095040,2118123520,2130968576,2130968576,2783876087
2131755008,2141192192,2142240768,2114977792,2129657856,2146435072,2144337920,2125463552,2132541440,2136473600,2783892086
2146435072,2141192192,2145386496,2122317824,2134900736,2152726528,2151677952,2134900736,2138832896,2143551488,2783908090
2142240768,2149580800,2146435072,2132803584,2135949312,2153775104,2152726528,2136997888,2142765056,2144862208,2783924088
2139095040,2160066560,2146435072,2138046464,2131755008,2148532224,2146435072,2129657856,2145910784,2139095040,2783940108
2138046464,2139095040,2133852160,2116026368,2126512128,2142240768,2139095040,2120220672,2131755008,2132017152,2783956107
2116026368,2147483648,2138046464,2126512128,2124414976,2141192192,2136997888,2118123520,2132017152,2130182144,2783973001
2125463552,2133852160,2136997888,2113929216,2127560704,2145386496,2143289344,2124414976,2127560704,2135162880,2783989001
2125463552,2142240768,2138046464,2127560704,2134900736,2151677952,2149580800,2133852160,2133327872,2142502912,2784005001
2145386496,2162163712,2154823680,2138046464,2135949312,2153775104,2153775104,2136997888,2150105088,2145124352,2784021001
2147483648,2144337920,2145386496,2127560704,2133852160,2149580800,2147483648,2130706432,2141192192,2140405760,2784037024
2122317824,2145386496,2147483648,2128609280,2126512128,2144337920,2141192192,2122317824,2135949312,2133590016,2784053023
2128609280,2146435072,2142240768,2112880640,2124414976,2141192192,2138046464,2117074944,2132541440,2130182144,2784069024
2121269248,2157969408,2151677952,2128609280,2126512128,2145386496,2141192192,2122317824,2139881472,2133852160,2784085024
2122317824,2149580800,2147483648,2134900736,2131755008,2150629376,2149580800,2132803584,2138570752,2141192192,2784101047
2127560704,2148532224,2148532224,2133852160,2134900736,2153775104,2152726528,2136997888,2139619328,2144600064,2784117045
2129657856,2149580800,2147483648,2136997888,2134900736,2150629376,2149580800,2132803584,2140930048,2141978624,2784133046
2123366400,2147483648,2139095040,2130706432,2128609280,2144337920,2142240768,2123366400,2135162880,2134638592,2784149045
2122317824,2151677952,2150629376,2127560704,2123366400,2142240768,2139095040,2117074944,2138046464,2130444288,2784165067
2127560704,2143289344,2146435072,2112880640,2125463552,2143289344,2140143616,2121269248,2132541440,2132541440,2784181066
2122317824,2145386496,2136997888,2126512128,2131755008,2149580800,2146435072,2129657856,2132803584,2139357184,2784197066
2127560704,2159017984,2161115136,2145386496,2134900736,2154823680,2153775104,2138046464,2148270080,2145386496,2784213066
2140143616,2157969408,2154823680,2138046464,2134900736,2152726528,2151677952,2134900736,2147745792,2143551488,2784229089
2124414976,2155872256,2147483648,2141192192,2129657856,2147483648,2145386496,2126512128,2142240768,2137260032,2784245091
2138046464,2136997888,2134900736,2113929216,2126512128,2140143616,2136997888,2117074944,2130968576,2130182144,2784261089
2123366400,2131755008,2134900736,2108686336,2124414976,2142240768,2139095040,2118123520,2124677120,2130968576,2784277086
2122317824,2157969408,2155872256,2134900736,2130706432,2147483648,2145386496,2127560704,2142765056,2137784320,2784293110
2126512128,2157969408,2154823680,2144337920,2133852160,2154823680,2152726528,2136997888,2145910784,2144600064,2784310001
2136997888,2148532224,2145386496,2133852160,2134900736,2153775104,2153775104,2136997888,2141192192,2144862208,2784326001
2146435072,2152726528,2144337920,2125463552,2130706432,2148532224,2145386496,2128609280,2142240768,2138308608,2784342001
2130706432,2153775104,2151677952,2129657856,2125463552,2142240768,2140143616,2119172096,2141454336,2131755008,2784358001
2134900736,2132803584,2130706432,2107637760,2124414976,2141192192,2138046464,2118123520,2126512128,2130444288,2784374023
2126512128,2150629376,2151677952,2127560704,2128609280,2146435072,2143289344,2124414976,2139095040,2135687168,2784390023
2127560704,2162163712,2160066560,2138046464,2135949312,2151677952,2150629376,2134900736,2146959360,2143289344,2784406022
2146435072,2155872256,2145386496,2130706432,2135949312,2153775104,2152726528,2136997888,2144600064,2144862208,2784422024
2127560704,2149580800,2144337920,2132803584,2131755008,2150629376,2148532224,2130706432,2138570752,2140405760,2784438044
2126512128,2154823680,2154823680,2128609280,2127560704,2143289344,2141192192,2121269248,2141192192,2133327872,2784454046
2135949312,2133852160,2133852160,2110783488,2124414976,2141192192,2136997888,2117074944,2128609280,2129920000,2784470045
2119172096,2138046464,2147483648,2117074944,2127560704,2144337920,2141192192,2122317824,2130444288,2133852160,2784486045
2129657856,2140143616,2139095040,2121269248,2132803584,2151677952,2148532224,2132803584,2132541440,2141454336,2784502068
2147483648,2154823680,2144337920,2134900736,2134900736,2154823680,2153775104,2138046464,2145386496,2145386496,2784518067
2143289344,2153775104,2145386496,2129657856,2133852160,2150629376,2149580800,2132803584,2143027200,2141716480,2784534066
2141192192,2142240768,2143289344,2123366400,2128609280,2145386496,2142240768,2123366400,2137522176,2134900736,2784550068
2117074944,2149580800,2131755008,2128609280,2125463552,2141192192,2136997888,2117074944,2131755008,2130182144,2784566089
2133852160,2133852160,2132803584,2110783488,2127560704,2143289344,2140143616,2120220672,2127822848,2132803584,2784582088
2136997888,2140143616,2145386496,2119172096,2131755008,2149580800,2147483648,2130706432,2135425024,2139881472,2784598086
2143289344,2147483648,2146435072,2127560704,2134900736,2154823680,2152726528,2138046464,2141192192,2145124352,2784614089
2128609280,2156920832,2157969408,2147483648,2134900736,2151677952,2150629376,2134900736,2147745792,2143027200,2784630108
2138046464,2142240768,2141192192,2121269248,2129657856,2145386496,2143289344,2125463552,2135687168,2135949312,2784646107
2118123520,2147483648,2147483648,2127560704,2124414976,2141192192,2138046464,2117074944,2135162880,2130182144,2784663001
2125463552,2133852160,2131755008,2112880640,2124414976,2142240768,2139095040,2119172096,2125987840,2131230720,2784679001
2129657856,2138046464,2135949312,2120220672,2129657856,2148532224,2145386496,2127560704,2130968576,2137784320,2784695001
2131755008,2156920832,2156920832,2136997888,2135949312,2152726528,2151677952,2134900736,2145648640,2143813632,2784711024
2143289344,2165309440,2160066560,2140143616,2134900736,2152726528,2152726528,2135949312,2152202240,2144075776,2784727023
2141192192,2145386496,2143289344,2126512128,2129657856,2148532224,2146435072,2127560704,2139095040,2138046464,2784743024
2138046464,2135949312,2134900736,2114977792,2125463552,2142240768,2139095040,2118123520,2130968576,2131230720,2784759023
2138046464,2135949312,2133852160,2106589184,2124414976,2141192192,2138046464,2118123520,2128609280,2130444288,2784775045
2129657856,2140143616,2135949312,2118123520,2129657856,2146435072,2143289344,2125463552,2130968576,2136211456,2784791045
2134900736,2152726528,2155872256,2128609280,2133852160,2152726528,2150629376,2134900736,2143027200,2143027200,2784807045
2132803584,2149580800,2152726528,2134900736,2134900736,2154823680,2152726528,2138046464,2142502912,2145124352,2784823045
2131755008,2166358016,2160066560,2141192192,2131755008,2149580800,2147483648,2129657856,2149842944,2139619328,2784839065
2142240768,2138046464,2135949312,2117074944,2126512128,2143289344,2140143616,2121269248,2133327872,2132803584,2784855067
2127560704,2146435072,2144337920,2124414976,2123366400,2142240768,2138046464,2118123520,2135687168,2130444288,2784871068
2122317824,2152726528,2148532224,2128609280,2127560704,2144337920,2142240768,2123366400,2138046464,2134376448,2784887067
2129657856,2142240768,2141192192,2121269248,2133852160,2151677952,2149580800,2132803584,2133590016,2141978624,2784903087
2146435072,2147483648,2146435072,2126512128,2134900736,2154823680,2152726528,2138046464,2141716480,2145124352,2784919086
2146435072,2146435072,2144337920,2129657856,2134900736,2150629376,2149580800,2130706432,2141716480,2141454336,2784935088
2124414976,2151677952,2147483648,2134900736,2127560704,2145386496,2142240768,2123366400,2139619328,2134638592,2784951090
2121269248,2156920832,2146435072,2122317824,2123366400,2142240768,2138046464,2117074944,2136735744,2130182144,2784967108
2127560704,2142240768,2143289344,2112880640,2127560704,2143289344,2141192192,2121269248,2131492864,2133327872,2784983107
2140143616,2146435072,2142240768,2124414976,2132803584,2150629376,2148532224,2131755008,2138308608,2140930048,2785000001
2127560704,2149580800,2147483648,2130706432,2135949312,2154823680,2153775104,2138046464,2138832896,2145648640,2785016001
2127560704,2162163712,2159017984,2145386496,2133852160,2152726528,2151677952,2134900736,2148532224,2143289344,2785032001
2144337920,2151677952,2141192192,2125463552,2128609280,2145386496,2143289344,2123366400,2140667904,2135162880,2785048001
2119172096,2151677952,2150629376,2132803584,2123366400,2142240768,2138046464,2118123520,2138570752,2130444288,2785064022
2117074944,2149580800,2149580800,2127560704,2125463552,2142240768,2139095040,2119172096,2135949312,2131492864,2785080023
2129657856,2139095040,2139095040,2122317824,2130706432,2148532224,2146435072,2128609280,2132541440,2138570752,2785096023
2138046464,2148532224,2153775104,2127560704,2135949312,2153775104,2151677952,2135949312,2141978624,2144337920,2785112023
2142240768,2146435072,2147483648,2129657856,2135949312,2152726528,2151677952,2135949312,2141454336,2144075776,2785128045
2127560704,2144337920,2143289344,2125463552,2129657856,2147483648,2144337920,2127560704,2135162880,2137260032,2785144044
2135949312,2140143616,2131755008,2118123520,2125463552,2142240768,2138046464,2119172096,2131492864,2131230720,2785160044
2117074944,2150629376,2149580800,2126512128,2124414976,2141192192,2138046464,2117074944,2135949312,2130182144,2785176045
2125463552,2154823680,2153775104,2130706432,2128609280,2147483648,2145386496,2127560704,2141192192,2137260032,2785192066
2138046464,2154823680,2146435072,2138046464,2133852160,2152726528,2150629376,2135949312,2144337920,2143289344,2785208066
2144337920,2147483648,2147483648,2129657856,2135949312,2153775104,2152726528,2135949312,2142240768,2144600064,2785224065
2138046464,2142240768,2142240768,2127560704,2130706432,2149580800,2147483648,2129657856,2137522176,2139357184,2785240065
2136997888,2138046464,2134900736,2117074944,2126512128,2143289344,2140143616,2120220672,2131755008,2132541440,2785256088
2122317824,2153775104,2149580800,2126512128,2124414976,2142240768,2138046464,2118123520,2138046464,2130706432,2785272086
2130706432,2136997888,2133852160,2113929216,2128609280,2145386496,2143289344,2124414976,2128871424,2135425024,2785288088
2125463552,2152726528,2152726528,2135949312,2133852160,2151677952,2150629376,2133852160,2141716480,2142502912,2785304087
2138046464,2148532224,2148532224,2130706432,2136997888,2154823680,2152726528,2138046464,2141454336,2145648640,2785320110
2129657856,2149580800,2143289344,2130706432,2131755008,2150629376,2147483648,2131755008,2138308608,2140405760,2785337001
2127560704,2156920832,2154823680,2130706432,2126512128,2144337920,2141192192,2122317824,2142502912,2133590016,2785353001
2118123520,2151677952,2147483648,2126512128,2123366400,2141192192,2138046464,2118123520,2135949312,2130182144,2785369001
2127560704,2138046464,2133852160,2113929216,2127560704,2144337920,2141192192,2123366400,2128347136,2134114304,2785385001
2123366400,2144337920,2139095040,2128609280,2131755008,2150629376,2149580800,2131755008,2133852160,2140930048,2785401024
2129657856,2163212288,2163212288,2146435072,2135949312,2154823680,2152726528,2136997888,2150629376,2145124352,2785417025
2132803584,2164260864,2168455168,2146435072,2133852160,2151677952,2149580800,2133852160,2152988672,2142240768,2785433022
2140143616,2141192192,2140143616,2120220672,2128609280,2144337920,2142240768,2123366400,2135425024,2134638592,2785449024
2119172096,2139095040,2132803584,2118123520,2124414976,2142240768,2138046464,2117074944,2127298560,2130444288,2785465047
2116026368,2150629376,2147483648,2129657856,2126512128,2143289344,2139095040,2120220672,2135949312,2132279296,2785481047
2142240768,2141192192,2136997888,2118123520,2131755008,2148532224,2147483648,2128609280,2134638592,2139095040,2785497045
2127560704,2153775104,2155872256,2140143616,2134900736,2154823680,2152726528,2138046464,2144337920,2145124352,2785513044
2129657856,2148532224,2150629376,2136997888,2135949312,2152726528,2151677952,2133852160,2141454336,2143551488,2785529066
2138046464,2142240768,2141192192,2126512128,2130706432,2146435072,2143289344,2126512128,2136997888,2136735744,2785545066
2128609280,2149580800,2146435072,2127560704,2124414976,2142240768,2139095040,2118123520,2138046464,2130968576,2785561065
2116026368,2150629376,2145386496,2128609280,2124414976,2142240768,2138046464,2119172096,2135162880,2130968576,2785577068
2141192192,2133852160,2136997888,2112880640,2129657856,2147483648,2145386496,2126512128,2131230720,2137260032,2785593087
2132803584,2162163712,2155872256,2140143616,2134900736,2152726528,2151677952,2135949312,2147745792,2143813632,2785609087
2130706432,2170552320,2165309440,2149580800,2134900736,2154823680,2152726528,2136997888,2154037248,2144862208,2785625087
2144337920,2144337920,2143289344,2126512128,2130706432,2148532224,2146435072,2128609280,2139619328,2138570752,2785641090
2133852160,2146435072,2149580800,2117074944,2124414976,2143289344,2140143616,2120220672,2136735744,2132017152,2785657109
2116026368,2141192192,2139095040,2121269248,2124414976,2141192192,2138046464,2117074944,2129395712,2130182144,2785673109
2131755008,2133852160,2132803584,2113929216,2129657856,2146435072,2143289344,2125463552,2128084992,2136211456,2785690001
2124414976,2147483648,2147483648,2130706432,2134900736,2151677952,2150629376,2133852160,2137522176,2142765056,2785706001
2147483648,2148532224,2154823680,2129657856,2136997888,2153775104,2153775104,2136997888,2145124352,2145386496,2785722001
2145386496,2147483648,2144337920,2127560704,2131755008,2149580800,2147483648,2131755008,2141192192,2140143616,2785738024
2135949312,2141192192,2139095040,2118123520,2128609280,2143289344,2140143616,2121269248,2133590016,2133327872,2785754023
2116026368,2152726528,2151677952,2127560704,2124414976,2141192192,2138046464,2118123520,2136997888,2130444288,2785770023
2129657856,2136997888,2130706432,2113929216,2127560704,2144337920,2141192192,2123366400,2127822848,2134114304,2785786022
2125463552,2160066560,2159017984,2138046464,2132803584,2150629376,2149580800,2132803584,2145648640,2141454336,2785802046
2138046464,2160066560,2159017984,2142240768,2136997888,2153775104,2153775104,2136997888,2149842944,2145386496,2785818046
2140143616,2146435072,2145386496,2131755008,2133852160,2150629376,2149580800,2132803584,2140930048,2141716480,2785834044
2124414976,2144337920,2139095040,2127560704,2127560704,2145386496,2142240768,2123366400,2133852160,2134638592,2785850045
2131755008,2146435072,2140143616,2114977792,2123366400,2141192192,2136997888,2117074944,2133327872,2129657856,2785866067
2116026368,2146435072,2149580800,2117074944,2125463552,2144337920,2140143616,2121269248,2132279296,2132803584,2785882066
2123366400,2139095040,2143289344,2121269248,2130706432,2150629376,2147483648,2131755008,2131755008,2140143616,2785898067
2140143616,2156920832,2154823680,2138046464,2135949312,2153775104,2151677952,2136997888,2147483648,2144600064,2785914066
2134900736,2160066560,2163212288,2147483648,2134900736,2152726528,2150629376,2134900736,2151415808,2143289344,2785930087
2125463552,2151677952,2152726528,2134900736,2128609280,2147483648,2144337920,2126512128,2141192192,2136735744,2785946085
2121269248,2154823680,2154823680,2127560704,2124414976,2142240768,2139095040,2119172096,2139619328,2131230720,2785962090
2118123520,2140143616,2130706432,2118123520,2124414976,2142240768,2138046464,2119172096,2126774272,2130968576,2785978088
2135949312,2138046464,2135949312,2118123520,2129657856,2148532224,2145386496,2127560704,2132017152,2137784320,2785994109
2138046464,2144337920,2144337920,2125463552,2134900736,2153775104,2152726528,2135949312,2138046464,2144337920,2786010106
2130706432,2151677952,2153775104,2143289344,2134900736,2153775104,2152726528,2135949312,2144862208,2144337920,2786027001
2125463552,2150629376,2149580800,2135949312,2130706432,2148532224,2144337920,2128609280,2140405760,2138046464,2786043001
2135949312,2138046464,2132803584,2118123520,2125463552,2142240768,2138046464,2119172096,2131230720,2131230720,2786059001
2117074944,2147483648,2149580800,2126512128,2125463552,2140143616,2138046464,2117074944,2135162880,2130182144,2786075001
2130706432,2148532224,2148532224,2128609280,2128609280,2147483648,2144337920,2126512128,2139095040,2136735744,2786091024
2125463552,2151677952,2145386496,2134900736,2133852160,2152726528,2151677952,2135949312,2139357184,2143551488,2786107023
2146435072,2149580800,2145386496,2130706432,2135949312,2153775104,2152726528,2136997888,2143027200,2144862208,2786123024
2131755008,2161115136,2161115136,2144337920,2131755008,2149580800,2147483648,2129657856,2149580800,2139619328,2786139024
2139095040,2139095040,2140143616,2116026368,2126512128,2143289344,2140143616,2121269248,2133590016,2132803584,2786155045
2119172096,2147483648,2149580800,2128609280,2123366400,2141192192,2138046464,2117074944,2136211456,2129920000,2786171044
2141192192,2133852160,2133852160,2111832064,2127560704,2145386496,2143289344,2123366400,2130182144,2134900736,2786187045
2124414976,2149580800,2152726528,2136997888,2132803584,2151677952,2149580800,2133852160,2140930048,2141978624,2786203047
2140143616,2148532224,2143289344,2134900736,2134900736,2154823680,2152726528,2136997888,2141716480,2144862208,2786219068
2135949312,2163212288,2156920832,2145386496,2133852160,2150629376,2148532224,2131755008,2150367232,2141192192,2786235068
2140143616,2139095040,2138046464,2117074944,2126512128,2144337920,2142240768,2122317824,2133590016,2133852160,2786251068
2124414976,2146435072,2146435072,2125463552,2123366400,2141192192,2138046464,2117074944,2135687168,2129920000,2786267065
2133852160,2144337920,2132803584,2121269248,2126512128,2143289344,2140143616,2121269248,2133065728,2132803584,2786283088
2122317824,2162163712,2151677952,2139095040,2131755008,2149580800,2148532224,2130706432,2143813632,2140143616,2786299090
2133852160,2147483648,2145386496,2129657856,2135949312,2153775104,2152726528,2136997888,2139095040,2144862208,2786315090
2147483648,2148532224,2146435072,2132803584,2133852160,2152726528,2150629376,2134900736,2143813632,2143027200,2786331087
2141192192,2146435072,2141192192,2122317824,2128609280,2146435072,2143289344,2124414976,2137784320,2135687168,2786347109
2127560704,2153775104,2151677952,2124414976,2125463552,2141192192,2138046464,2118123520,2139357184,2130706432,2786364001
2133852160,2133852160,2136997888,2111832064,2125463552,2142240768,2138046464,2119172096,2129133568,2131230720,2786380001
2123366400,2156920832,2153775104,2133852160,2130706432,2148532224,2147483648,2127560704,2141978624,2138570752,2786396001
2128609280,2164260864,2156920832,2147483648,2134900736,2154823680,2153775104,2136997888,2149318656,2145124352,2786412001
2129657856,2149580800,2151677952,2132803584,2134900736,2152726528,2152726528,2135949312,2140930048,2144075776,2786428025
2142240768,2157969408,2144337920,2132803584,2129657856,2148532224,2145386496,2127560704,2144337920,2137784320,2786444025
2130706432,2152726528,2147483648,2128609280,2124414976,2142240768,2139095040,2119172096,2139881472,2131230720,2786460024
2118123520,2139095040,2142240768,2119172096,2125463552,2141192192,2138046464,2118123520,2129657856,2130706432,2786476024
2134900736,2135949312,2133852160,2114977792,2128609280,2146435072,2144337920,2126512128,2129920000,2136473600,2786492046
2126512128,2147483648,2141192192,2132803584,2134900736,2152726528,2150629376,2134900736,2136997888,2143289344,2786508045
2129657856,2166358016,2165309440,2142240768,2135949312,2153775104,2151677952,2136997888,2150891520,2144600064,2786524045
2125463552,2162163712,2157969408,2146435072,2131755008,2148532224,2147483648,2129657856,2148007936,2139357184,2786540045
2125463552,2139095040,2139095040,2119172096,2125463552,2143289344,2139095040,2120220672,2130706432,2132017152,2786556069
2131755008,2134900736,2129657856,2109734912,2124414976,2141192192,2136997888,2117074944,2126512128,2129920000,2786572065
2119172096,2138046464,2147483648,2118123520,2128609280,2145386496,2143289344,2123366400,2130706432,2135162880,2786588064
2123366400,2147483648,2144337920,2131755008,2132803584,2152726528,2150629376,2133852160,2136735744,2142502912,2786604065
2148532224,2159017984,2146435072,2134900736,2135949312,2153775104,2152726528,2136997888,2147221504,2144862208,2786620089
2126512128,2165309440,2156920832,2148532224,2132803584,2151677952,2149580800,2131755008,2149318656,2141454336,2786636088
2123366400,2156920832,2154823680,2140143616,2127560704,2144337920,2142240768,2122317824,2143813632,2134114304,2786652086
2118123520,2141192192,2136997888,2121269248,2124414976,2141192192,2136997888,2117074944,2129395712,2129920000,2786668088
2129657856,2133852160,2132803584,2112880640,2126512128,2144337920,2140143616,2121269248,2127298560,2133065728,2786684109
2126512128,2154823680,2156920832,2135949312,2132803584,2150629376,2148532224,2131755008,2143551488,2140930048,2786700108
2127560704,2157969408,2155872256,2145386496,2135949312,2153775104,2152726528,2136997888,2146697216,2144862208,2786717001
2128609280,2157969408,2159017984,2143289344,2134900736,2151677952,2149580800,2133852160,2147221504,2142502912,2786733001
2122317824,2159017984,2152726528,2142240768,2127560704,2145386496,2143289344,2124414976,2144075776,2135162880,2786749001
2121269248,2135949312,2138046464,2114977792,2124414976,2141192192,2139095040,2117074944,2127560704,2130444288,2786765024
2122317824,2146435072,2146435072,2119172096,2125463552,2142240768,2140143616,2120220672,2133590016,2132017152,2786781022
2121269248,2143289344,2134900736,2124414976,2130706432,2149580800,2146435072,2129657856,2130968576,2139095040,2786797023
2146435072,2147483648,2146435072,2126512128,2135949312,2152726528,2152726528,2135949312,2141716480,2144337920,2786813024
2142240768,2148532224,2147483648,2130706432,2135949312,2152726528,2151677952,2135949312,2142240768,2144075776,2786829045
2130706432,2157969408,2163212288,2138046464,2129657856,2146435072,2145386496,2126512128,2147483648,2136997888,2786845046
2123366400,2151677952,2149580800,2128609280,2124414976,2142240768,2138046464,2119172096,2138308608,2130968576,2786861046
2123366400,2147483648,2146435072,2123366400,2124414976,2142240768,2139095040,2118123520,2135162880,2130968576,2786877045
2120220672,2147483648,2147483648,2131755008,2129657856,2147483648,2145386496,2126512128,2136735744,2137260032,2786893068
2139095040,2143289344,2142240768,2125463552,2134900736,2152726528,2151677952,2134900736,2137522176,2143551488,2786909065
2131755008,2165309440,2165309440,2146435072,2135949312,2152726528,2152726528,2135949312,2152202240,2144337920,2786925066
2140143616,2146435072,2146435072,2128609280,2130706432,2148532224,2145386496,2128609280,2140405760,2138308608,2786941069
2130706432,2141192192,2136997888,2118123520,2125463552,2142240768,2139095040,2120220672,2131755008,2131755008,2786957088
2117074944,2138046464,2140143616,2122317824,2124414976,2141192192,2138046464,2117074944,2129395712,2130182144,2786973087
2139095040,2135949312,2134900736,2110783488,2127560704,2146435072,2143289344,2124414976,2130182144,2135425024,2786989088
2130706432,2155872256,2161115136,2139095040,2134900736,2152726528,2150629376,2133852160,2146697216,2143027200,2787005089
2147483648,2160066560,2154823680,2139095040,2135949312,2154823680,2152726528,2138046464,2150367232,2145386496,2787021110
2127560704,2150629376,2160066560,2139095040,2132803584,2150629376,2148532224,2131755008,2144337920,2140930048,2787037106
2125463552,2141192192,2135949312,2122317824,2126512128,2144337920,2140143616,2121269248,2131230720,2133065728,2787054001
2131755008,2132803584,2130706432,2111832064,2124414976,2141192192,2138046464,2118123520,2126774272,2130444288,2787070001
2128609280,2152726528,2146435072,2121269248,2127560704,2145386496,2141192192,2123366400,2137260032,2134376448,2787086001
2123366400,2157969408,2152726528,2141192192,2132803584,2150629376,2148532224,2132803584,2143813632,2141192192,2787102000
2143289344,2151677952,2155872256,2129657856,2135949312,2154823680,2153775104,2136997888,2145124352,2145386496,2787118023
2141192192,2146435072,2143289344,2129657856,2133852160,2151677952,2149580800,2132803584,2140143616,2141978624,2787134023
2126512128,2149580800,2150629376,2132803584,2127560704,2145386496,2142240768,2124414976,2139881472,2134900736,2787150023
2132803584,2148532224,2139095040,2121269248,2124414976,2141192192,2138046464,2117074944,2135425024,2130182144,2787166024
2117074944,2138046464,2131755008,2119172096,2126512128,2143289344,2140143616,2120220672,2126512128,2132541440,2787182045
2122317824,2147483648,2153775104,2126512128,2131755008,2149580800,2146435072,2129657856,2137522176,2139357184,2787198045
2140143616,2159017984,2156920832,2130706432,2135949312,2153775104,2152726528,2136997888,2146697216,2144862208,2787214045
2140143616,2147483648,2148532224,2130706432,2134900736,2151677952,2150629376,2133852160,2141716480,2142765056,2787230045
2128609280,2144337920,2140143616,2126512128,2128609280,2146435072,2145386496,2125463552,2134900736,2136473600,2787246067
2125463552,2146435072,2146435072,2122317824,2124414976,2141192192,2138046464,2118123520,2135162880,2130444288,2787262065
2119172096,2135949312,2130706432,2114977792,2124414976,2142240768,2138046464,2120220672,2125201408,2131230720,2787278067
2129657856,2136997888,2136997888,2117074944,2129657856,2147483648,2145386496,2127560704,2130182144,2137522176,2787294064
2127560704,2149580800,2152726528,2134900736,2135949312,2153775104,2152726528,2135949312,2141192192,2144600064,2787310089
2142240768,2157969408,2156920832,2142240768,2134900736,2152726528,2151677952,2136997888,2149842944,2144075776,2787326089
2138046464,2146435072,2155872256,2125463552,2130706432,2148532224,2146435072,2128609280,2141454336,2138570752,2787342090
2120220672,2154823680,2153775104,2136997888,2125463552,2141192192,2139095040,2119172096,2141454336,2131230720,2787358085
2119172096,2149580800,2146435072,2126512128,2123366400,2143289344,2138046464,2119172096,2135425024,2130968576,2787374111
2125463552,2139095040,2134900736,2118123520,2129657856,2146435072,2143289344,2125463552,2129395712,2136211456,2787391001
2136997888,2157969408,2153775104,2131755008,2133852160,2152726528,2151677952,2135949312,2145124352,2143551488,2787407001
2128609280,2165309440,2164260864,2148532224,2135949312,2153775104,2152726528,2136997888,2151677952,2144862208,2787423001
2129657856,2148532224,2145386496,2134900736,2131755008,2148532224,2147483648,2129657856,2139619328,2139357184,2787439001
2121269248,2155872256,2149580800,2139095040,2125463552,2144337920,2140143616,2121269248,2141454336,2132803584,2787455023
2117074944,2139095040,2131755008,2114977792,2123366400,2141192192,2136997888,2117074944,2125725696,2129657856,2787471023
2121269248,2136997888,2131755008,2117074944,2127560704,2145386496,2141192192,2123366400,2126774272,2134376448,2787487023
2140143616,2150629376,2141192192,2122317824,2133852160,2150629376,2149580800,2132803584,2138570752,2141716480,2787503023
2131755008,2148532224,2146435072,2133852160,2135949312,2153775104,2152726528,2136997888,2140143616,2144862208,2787519047
2143289344,2147483648,2145386496,2127560704,2133852160,2150629376,2148532224,2132803584,2140930048,2141454336,2787535045
2131755008,2138046464,2139095040,2118123520,2126512128,2144337920,2142240768,2122317824,2131755008,2133852160,2787551046
2119172096,2151677952,2143289344,2132803584,2124414976,2141192192,2136997888,2118123520,2136735744,2130182144,2787567045
2129657856,2134900736,2130706432,2110783488,2126512128,2143289344,2141192192,2121269248,2126512128,2133065728,2787583066
2136997888,2138046464,2135949312,2119172096,2131755008,2149580800,2147483648,2130706432,2132541440,2139881472,2787599067
2127560704,2147483648,2147483648,2132803584,2134900736,2153775104,2153775104,2136997888,2138832896,2144862208,2787615065
2129657856,2148532224,2148532224,2133852160,2134900736,2151677952,2151677952,2133852160,2140143616,2143027200,2787631068
2133852160,2160066560,2153775104,2134900736,2128609280,2146435072,2144337920,2125463552,2145648640,2136211456,2787647086
2122317824,2152726528,2152726528,2132803584,2124414976,2141192192,2138046464,2118123520,2140143616,2130444288,2787663088
2127560704,2143289344,2139095040,2109734912,2125463552,2142240768,2139095040,2119172096,2129920000,2131492864,2787679087
2135949312,2148532224,2135949312,2126512128,2129657856,2148532224,2145386496,2128609280,2136735744,2138046464,2787695091
2136997888,2153775104,2153775104,2129657856,2134900736,2153775104,2151677952,2135949312,2143551488,2144075776,2787711108
2132803584,2164260864,2166358016,2146435072,2134900736,2153775104,2152726528,2136997888,2152464384,2144600064,2787727109
2124414976,2160066560,2151677952,2145386496,2129657856,2147483648,2145386496,2127560704,2145386496,2137522176,2787744001
2120220672,2141192192,2143289344,2122317824,2124414976,2142240768,2139095040,2119172096,2131755008,2131230720,2787760001
2135949312,2145386496,2136997888,2122317824,2125463552,2142240768,2138046464,2118123520,2135162880,2130968576,2787776001
2140143616,2142240768,2133852160,2117074944,2129657856,2147483648,2144337920,2126512128,2133327872,2136997888,2787792023
2138046464,2143289344,2140143616,2123366400,2135949312,2152726528,2150629376,2135949312,2136211456,2143813632,2787808024
2135949312,2162163712,2164260864,2142240768,2135949312,2153775104,2152726528,2136997888,2151153664,2144862208,2787824023
2141192192,2160066560,2146435072,2133852160,2131755008,2148532224,2146435072,2128609280,2145386496,2138832896,2787840023
2135949312,2138046464,2146435072,2118123520,2125463552,2143289344,2141192192,2120220672,2134638592,2132541440,2787856046
2122317824,2151677952,2148532224,2126512128,2124414976,2141192192,2136997888,2117074944,2137260032,2129920000,2787872045
2135949312,2134900736,2133852160,2108686336,2128609280,2145386496,2142240768,2124414976,2128347136,2135162880,2787888045
2132803584,2140143616,2140143616,2121269248,2132803584,2151677952,2149580800,2133852160,2133590016,2141978624,2787904047
2139095040,2163212288,2160066560,2140143616,2134900736,2154823680,2152726528,2136997888,2150629376,2144862208,2787920068
2133852160,2144337920,2148532224,2129657856,2132803584,2149580800,2148532224,2131755008,2139095040,2140667904,2787936065
2122317824,2159017984,2156920832,2138046464,2127560704,2144337920,2142240768,2122317824,2144075776,2134114304,2787952066
2117074944,2135949312,2133852160,2114977792,2124414976,2141192192,2138046464,2118123520,2125463552,2130444288,2787968066
2131755008,2135949312,2140143616,2112880640,2126512128,2144337920,2140143616,2121269248,2130182144,2133065728,2787984087
2123366400,2156920832,2141192192,2140143616,2131755008,2151677952,2147483648,2132803584,2140405760,2140930048,2788000086
2127560704,2149580800,2151677952,2131755008,2134900736,2154823680,2152726528,2138046464,2140143616,2145124352,2788016087
2128609280,2164260864,2160066560,2151677952,2133852160,2150629376,2149580800,2133852160,2151153664,2141978624,2788032087
2129657856,2143289344,2139095040,2124414976,2128609280,2146435072,2142240768,2125463552,2134114304,2135687168,2788048110
2117074944,2139095040,2139095040,2119172096,2125463552,2141192192,2138046464,2117074944,2128609280,2130444288,2788064107
2120220672,2134900736,2127560704,2114977792,2125463552,2143289344,2140143616,2120220672,2124414976,2132279296,2788081001
2123366400,2143289344,2141192192,2122317824,2131755008,2148532224,2146435072,2129657856,2132541440,2139095040,2788097001
2130706432,2161115136,2161115136,2146435072,2134900736,2153775104,2152726528,2136997888,2149842944,2144600064,2788113001
2140143616,2148532224,2145386496,2132803584,2135949312,2151677952,2150629376,2134900736,2141716480,2143289344,2788129001
2125463552,2163212288,2161115136,2141192192,2129657856,2146435072,2144337920,2126512128,2147745792,2136735744,2788145022
2121269248,2139095040,2142240768,2118123520,2124414976,2142240768,2138046464,2118123520,2130182144,2130706432,2788161023
2139095040,2132803584,2130706432,2108686336,2125463552,2142240768,2139095040,2118123520,2127822848,2131230720,2788177024
2119172096,2147483648,2139095040,2130706432,2129657856,2147483648,2145386496,2127560704,2134114304,2137522176,2788193022
2125463552,2154823680,2155872256,2141192192,2134900736,2152726528,2151677952,2135949312,2144337920,2143813632,2788209045
2129657856,2151677952,2151677952,2139095040,2135949312,2152726528,2152726528,2135949312,2143027200,2144337920,2788225045
2136997888,2146435072,2145386496,2129657856,2131755008,2148532224,2146435072,2129657856,2139619328,2139095040,2788241046
2136997888,2150629376,2139095040,2121269248,2124414976,2143289344,2139095040,2119172096,2136997888,2131492864,2788257045
2117074944,2157969408,2149580800,2130706432,2124414976,2141192192,2138046464,2118123520,2138832896,2130444288,2788273067
2126512128,2150629376,2146435072,2129657856,2128609280,2145386496,2142240768,2124414976,2138308608,2135162880,2788289066
2133852160,2145386496,2139095040,2124414976,2134900736,2150629376,2149580800,2132803584,2135687168,2141978624,2788305068
2139095040,2145386496,2144337920,2132803584,2135949312,2153775104,2152726528,2138046464,2140405760,2145124352,2788321065
2141192192,2147483648,2143289344,2128609280,2131755008,2149580800,2148532224,2131755008,2140143616,2140405760,2788337088
2134900736,2146435072,2146435072,2122317824,2126512128,2145386496,2142240768,2122317824,2137522176,2134114304,2788353088
2120220672,2152726528,2152726528,2129657856,2123366400,2141192192,2138046464,2118123520,2138832896,2130182144,2788369089
2132803584,2138046464,2141192192,2110783488,2126512128,2145386496,2141192192,2122317824,2130706432,2133852160,2788385087
2125463552,2144337920,2140143616,2125463552,2131755008,2150629376,2148532224,2132803584,2133852160,2140930048,2788401108
2140143616,2148532224,2143289344,2132803584,2135949312,2154823680,2152726528,2136997888,2141192192,2145124352,2788418001
2127560704,2155872256,2147483648,2147483648,2132803584,2151677952,2149580800,2133852160,2144600064,2141978624,2788434001
2123366400,2159017984,2155872256,2138046464,2127560704,2144337920,2141192192,2123366400,2144075776,2134114304,2788450001
2128609280,2133852160,2131755008,2112880640,2124414976,2140143616,2138046464,2117074944,2126774272,2129920000,2788466001
2117074944,2139095040,2134900736,2116026368,2125463552,2143289344,2140143616,2121269248,2126774272,2132541440,2788482023
2122317824,2162163712,2157969408,2138046464,2130706432,2150629376,2147483648,2130706432,2145124352,2139881472,2788498023
2127560704,2153775104,2154823680,2139095040,2135949312,2153775104,2152726528,2138046464,2143813632,2145124352,2788514022
2128609280,2155872256,2157969408,2143289344,2133852160,2152726528,2151677952,2134900736,2146435072,2143289344,2788530024
2139095040,2146435072,2150629376,2123366400,2129657856,2145386496,2144337920,2125463552,2139881472,2136211456,2788546045
2138046464,2136997888,2136997888,2116026368,2123366400,2142240768,2138046464,2118123520,2132017152,2130444288,2788562045
2118123520,2140143616,2147483648,2119172096,2125463552,2142240768,2138046464,2118123520,2131230720,2130968576,2788578044
2120220672,2142240768,2139095040,2124414976,2129657856,2147483648,2144337920,2126512128,2131492864,2136997888,2788594046
2133852160,2157969408,2157969408,2136997888,2135949312,2152726528,2151677952,2135949312,2146697216,2144075776,2788610066
2128609280,2165309440,2161115136,2148532224,2135949312,2152726528,2152726528,2135949312,2150891520,2144337920,2788626068
2145386496,2146435072,2146435072,2126512128,2130706432,2148532224,2147483648,2128609280,2141192192,2138832896,2788642066
2136997888,2141192192,2135949312,2114977792,2125463552,2142240768,2139095040,2120220672,2132279296,2131755008,2788658066
2131755008,2146435072,2132803584,2118123520,2124414976,2141192192,2138046464,2117074944,2132279296,2130182144,2788674088
2117074944,2147483648,2135949312,2124414976,2128609280,2145386496,2143289344,2124414976,2131230720,2135425024,2788690088
2123366400,2147483648,2143289344,2130706432,2134900736,2151677952,2150629376,2133852160,2136211456,2142765056,2788706087
2140143616,2145386496,2146435072,2129657856,2135949312,2153775104,2152726528,2136997888,2140405760,2144862208,2788722090
2139095040,2146435072,2143289344,2130706432,2132803584,2149580800,2146435072,2130706432,2139881472,2139881472,2788738108
2120220672,2141192192,2140143616,2123366400,2125463552,2144337920,2141192192,2122317824,2131230720,2133327872,2788754109
2120220672,2151677952,2146435072,2125463552,2124414976,2141192192,2136997888,2117074944,2135949312,2129920000,2788771001
2127560704,2148532224,2144337920,2125463552,2128609280,2144337920,2142240768,2123366400,2136473600,2134638592,2788787001
2142240768,2141192192,2140143616,2119172096,2132803584,2151677952,2149580800,2132803584,2135687168,2141716480,2788803001
2136997888,2148532224,2144337920,2134900736,2136997888,2152726528,2152726528,2136997888,2141192192,2144862208,2788819024
2128609280,2160066560,2160066560,2147483648,2132803584,2151677952,2149580800,2132803584,2149056512,2141716480,2788835023
2123366400,2157969408,2154823680,2139095040,2127560704,2144337920,2142240768,2123366400,2143813632,2134376448,2788851024
2118123520,2143289344,2147483648,2126512128,2123366400,2141192192,2136997888,2117074944,2133852160,2129657856,2788867024
2130706432,2145386496,2143289344,2120220672,2126512128,2143289344,2141192192,2121269248,2134900736,2133065728,2788883046
2122317824,2148532224,2153775104,2131755008,2130706432,2150629376,2148532224,2130706432,2139095040,2140143616,2788899045
2127560704,2165309440,2160066560,2146435072,2135949312,2153775104,2152726528,2136997888,2149842944,2144862208,2788915044
2129657856,2148532224,2154823680,2133852160,2133852160,2152726528,2151677952,2134900736,2141716480,2143289344,2788931045
2142240768,2144337920,2138046464,2122317824,2127560704,2146435072,2145386496,2125463552,2136735744,2136211456,2788947067
2130706432,2146435072,2146435072,2113929216,2124414976,2141192192,2138046464,2118123520,2134376448,2130444288,2788963067
2130706432,2145386496,2138046464,2118123520,2125463552,2144337920,2139095040,2120220672,2133065728,2132279296,2788979066
2119172096,2147483648,2145386496,2128609280,2130706432,2147483648,2145386496,2128609280,2135162880,2138046464,2788995068
2127560704,2161115136,2157969408,2146435072,2135949312,2153775104,2151677952,2135949312,2148270080,2144337920,2789011087
2127560704,2151677952,2155872256,2139095040,2135949312,2152726528,2151677952,2135949312,2143551488,2144075776,2789027088
2143289344,2153775104,2152726528,2135949312,2130706432,2147483648,2144337920,2127560704,2146435072,2137522176,2789043088
2125463552,2136997888,2136997888,2117074944,2125463552,2142240768,2139095040,2119172096,2129133568,2131492864,2789059088
2125463552,2131755008,2128609280,2110783488,2124414976,2141192192,2138046464,2118123520,2124152832,2130444288,2789075111
2135949312,2138046464,2138046464,2114977792,2128609280,2146435072,2144337920,2125463552,2131755008,2136211456,2789091108
2126512128,2155872256,2151677952,2140143616,2134900736,2152726528,2150629376,2134900736,2143551488,2143289344,2789108001
2146435072,2144337920,2143289344,2129657856,2136997888,2152726528,2151677952,2136997888,2140930048,2144600064,2789124001
2125463552,2148532224,2151677952,2133852160,2132803584,2148532224,2147483648,2128609280,2139881472,2139357184,2789140001
2134900736,2149580800,2145386496,2121269248,2124414976,2144337920,2141192192,2121269248,2137784320,2132803584,2789156001
2119172096,2133852160,2129657856,2114977792,2123366400,2141192192,2136997888,2118123520,2124414976,2129920000,2789172025
2127560704,2135949312,2134900736,2113929216,2128609280,2144337920,2142240768,2123366400,2128084992,2134638592,2789188023
2123366400,2154823680,2147483648,2140143616,2133852160,2151677952,2149580800,2133852160,2141454336,2142240768,2789204023
2129657856,2167406592,2162163712,2151677952,2136997888,2153775104,2151677952,2136997888,2152726528,2144862208,2789220022
2128609280,2160066560,2164260864,2143289344,2132803584,2150629376,2149580800,2132803584,2149056512,2141454336,2789236045
2134900736,2135949312,2136997888,2118123520,2127560704,2144337920,2141192192,2121269248,2131492864,2133590016,2789252047
2114977792,2149580800,2139095040,2130706432,2123366400,2142240768,2136997888,2118123520,2133590016,2130182144,2789268045
2118123520,2155872256,2151677952,2129657856,2125463552,2144337920,2141192192,2121269248,2138832896,2133065728,2789284045
2134900736,2155872256,2142240768,2130706432,2131755008,2151677952,2148532224,2132803584,2140930048,2141192192,2789300068
2146435072,2156920832,2146435072,2132803584,2135949312,2154823680,2151677952,2138046464,2145648640,2145124352,2789316066
2129657856,2151677952,2146435072,2134900736,2133852160,2152726528,2150629376,2134900736,2140667904,2143027200,2789332067
2134900736,2140143616,2140143616,2121269248,2128609280,2146435072,2144337920,2125463552,2134114304,2136211456,2789348065
2128609280,2133852160,2131755008,2112880640,2124414976,2141192192,2138046464,2117074944,2126774272,2130182144,2789364089
2127560704,2142240768,2138046464,2114977792,2125463552,2143289344,2139095040,2120220672,2130706432,2132017152,2789380088
2121269248,2147483648,2147483648,2129657856,2131755008,2148532224,2145386496,2128609280,2136473600,2138570752,2789396087
2133852160,2142240768,2143289344,2127560704,2134900736,2153775104,2152726528,2135949312,2136735744,2144337920,2789412086
2148532224,2154823680,2148532224,2133852160,2134900736,2153775104,2150629376,2135949312,2146435072,2143813632,2789428109
2124414976,2150629376,2151677952,2135949312,2129657856,2147483648,2144337920,2126512128,2140667904,2136997888,2789445001
2120220672,2152726528,2151677952,2128609280,2124414976,2142240768,2138046464,2119172096,2138308608,2130968576,2789461001
2123366400,2153775104,2148532224,2124414976,2123366400,2143289344,2140143616,2120220672,2137522176,2131755008,2789477001
2126512128,2155872256,2146435072,2129657856,2129657856,2146435072,2145386496,2126512128,2139619328,2136997888,2789493001
2129657856,2142240768,2141192192,2125463552,2135949312,2151677952,2150629376,2133852160,2134638592,2143027200,2789509022
2129657856,2154823680,2156920832,2141192192,2135949312,2153775104,2152726528,2136997888,2145648640,2144862208,2789525023
2144337920,2156920832,2142240768,2130706432,2130706432,2148532224,2146435072,2129657856,2143551488,2138832896,2789541024
2138046464,2139095040,2133852160,2117074944,2125463552,2142240768,2140143616,2119172096,2132017152,2131755008,2789557025
2123366400,2131755008,2132803584,2110783488,2124414976,2141192192,2138046464,2117074944,2124677120,2130182144,2789573046
2118123520,2142240768,2135949312,2123366400,2128609280,2145386496,2142240768,2124414976,2129920000,2135162880,2789589046
2123366400,2154823680,2148532224,2140143616,2134900736,2151677952,2149580800,2133852160,2141716480,2142502912,2789605046
2138046464,2149580800,2145386496,2132803584,2135949312,2153775104,2153775104,2136997888,2141454336,2145124352,2789621048
2144337920,2145386496,2145386496,2125463552,2132803584,2150629376,2148532224,2131755008,2140143616,2140930048,2789637068
2138046464,2138046464,2135949312,2118123520,2126512128,2144337920,2141192192,2122317824,2132541440,2133590016,2789653067
2130706432,2146435072,2138046464,2109734912,2124414976,2141192192,2138046464,2117074944,2131230720,2130182144,2789669065
2134900736,2138046464,2138046464,2112880640,2127560704,2144337920,2141192192,2121269248,2130968576,2133590016,2789685068
2124414976,2155872256,2153775104,2139095040,2132803584,2150629376,2148532224,2132803584,2143289344,2141192192,2789701087
2142240768,2154823680,2146435072,2133852160,2135949312,2153775104,2151677952,2136997888,2144337920,2144600064,2789717090
2130706432,2164260864,2165309440,2146435072,2133852160,2152726528,2150629376,2133852160,2151677952,2142765056,2789733085
2138046464,2140143616,2139095040,2121269248,2127560704,2145386496,2143289344,2123366400,2134638592,2134900736,2789749091
2116026368,2155872256,2147483648,2130706432,2124414976,2141192192,2136997888,2117074944,2137522176,2129920000,2789765110
2122317824,2148532224,2151677952,2127560704,2125463552,2142240768,2139095040,2120220672,2137522176,2131755008,2789781107
2125463552,2138046464,2136997888,2123366400,2131755008,2148532224,2147483648,2129657856,2130968576,2139357184,2789798001
2127560704,2161115136,2156920832,2146435072,2135949312,2152726528,2151677952,2135949312,2148007936,2144075776,2789814001
2141192192,2162163712,2154823680,2136997888,2133852160,2152726528,2150629376,2134900736,2148794368,2143027200,2789830001
2125463552,2162163712,2156920832,2145386496,2129657856,2146435072,2143289344,2126512128,2147483648,2136473600,2789846023
2121269248,2142240768,2138046464,2124414976,2124414976,2142240768,2138046464,2118123520,2131492864,2130706432,2789862024
2119172096,2152726528,2149580800,2129657856,2125463552,2141192192,2139095040,2118123520,2137784320,2130968576,2789878024
2134900736,2135949312,2131755008,2116026368,2129657856,2148532224,2145386496,2127560704,2129657856,2137784320,2789894024
2135949312,2145386496,2145386496,2128609280,2135949312,2152726528,2150629376,2135949312,2138832896,2143813632,2789910045
2128609280,2150629376,2147483648,2135949312,2135949312,2152726528,2151677952,2135949312,2140667904,2144075776,2789926045
2130706432,2164260864,2162163712,2139095040,2130706432,2148532224,2146435072,2128609280,2149056512,2138570752,2789942045
2136997888,2145386496,2134900736,2120220672,2125463552,2142240768,2139095040,2120220672,2134376448,2131755008,2789958044
2128609280,2138046464,2142240768,2111832064,2124414976,2142240768,2138046464,2118123520,2130182144,2130706432,2789974067
2129657856,2136997888,2132803584,2116026368,2128609280,2146435072,2142240768,2124414976,2128871424,2135425024,2789990064
2136997888,2142240768,2145386496,2124414976,2134900736,2151677952,2150629376,2133852160,2137260032,2142765056,2790006068
2141192192,2147483648,2144337920,2129657856,2135949312,2154823680,2152726528,2136997888,2140667904,2145124352,2790022067
2142240768,2144337920,2144337920,2125463552,2131755008,2149580800,2148532224,2130706432,2139095040,2140143616,2790038087
2136997888,2139095040,2135949312,2117074944,2126512128,2144337920,2141192192,2121269248,2132279296,2133327872,2790054086
2120220672,2151677952,2148532224,2124414976,2125463552,2140143616,2136997888,2116026368,2136211456,2129657856,2790070088
2127560704,2134900736,2134900736,2113929216,2127560704,2144337920,2141192192,2123366400,2127822848,2134114304,2790086089
2138046464,2143289344,2139095040,2122317824,2132803584,2150629376,2150629376,2132803584,2135687168,2141716480,2790102110
2128609280,2164260864,2164260864,2147483648,2135949312,2154823680,2151677952,2138046464,2151153664,2145124352,2790118106
2133852160,2162163712,2163212288,2141192192,2133852160,2150629376,2149580800,2131755008,2150105088,2141454336,2790135001
2133852160,2154823680,2154823680,2122317824,2126512128,2145386496,2141192192,2123366400,2141454336,2134114304,2790151001
2119172096,2149580800,2152726528,2130706432,2124414976,2141192192,2136997888,2117074944,2138046464,2129920000,2790167001
2117074944,2151677952,2149580800,2130706432,2126512128,2143289344,2140143616,2120220672,2137260032,2132541440,2790183001
2133852160,2146435072,2151677952,2121269248,2131755008,2149580800,2148532224,2130706432,2138308608,2140143616,2790199025
2128609280,2167406592,2166358016,2146435072,2135949312,2154823680,2152726528,2138046464,2152202240,2145386496,2790215024
2138046464,2161115136,2161115136,2142240768,2133852160,2151677952,2151677952,2133852160,2150629376,2142765056,2790231023
2142240768,2142240768,2146435072,2124414976,2128609280,2146435072,2143289344,2125463552,2138832896,2135949312,2790247023
2125463552,2146435072,2148532224,2121269248,2124414976,2141192192,2138046464,2118123520,2135425024,2130444288,2790263045
2134900736,2136997888,2131755008,2111832064,2125463552,2142240768,2139095040,2118123520,2128871424,2131230720,2790279045
2136997888,2141192192,2135949312,2118123520,2130706432,2148532224,2146435072,2128609280,2133065728,2138570752,2790295045
2142240768,2145386496,2146435072,2125463552,2134900736,2153775104,2151677952,2135949312,2139881472,2144075776,2790311044
2146435072,2146435072,2146435072,2129657856,2135949312,2153775104,2151677952,2136997888,2142240768,2144600064,2790327067
2128609280,2149580800,2140143616,2134900736,2129657856,2148532224,2145386496,2127560704,2138308608,2137784320,2790343066
2122317824,2155872256,2150629376,2131755008,2125463552,2142240768,2138046464,2118123520,2140143616,2130968576,2790359066
2121269248,2134900736,2133852160,2112880640,2125463552,2142240768,2138046464,2118123520,2125725696,2130968576,2790375066
2135949312,2146435072,2133852160,2116026368,2129657856,2145386496,2143289344,2125463552,2133065728,2135949312,2790391088
2128609280,2145386496,2142240768,2128609280,2133852160,2153775104,2151677952,2134900736,2136211456,2143551488,2790407088
2139095040,2162163712,2161115136,2142240768,2134900736,2153775104,2152726528,2136997888,2151153664,2144600064,2790423087
2144337920,2154823680,2146435072,2128609280,2131755008,2148532224,2146435072,2129657856,2143551488,2139095040,2790439087
2138046464,2152726528,2146435072,2124414976,2125463552,2144337920,2140143616,2121269248,2140405760,2132803584,2790455109
2121269248,2136997888,2130706432,2114977792,2124414976,2140143616,2136997888,2117074944,2125987840,2129657856,2790472001
2116026368,2145386496,2139095040,2126512128,2127560704,2145386496,2142240768,2124414976,2131755008,2134900736,2790488001
2140143616,2149580800,2140143616,2125463552,2133852160,2152726528,2149580800,2133852160,2138832896,2142502912,2790504001
2144337920,2148532224,2147483648,2130706432,2135949312,2154823680,2153775104,2138046464,2142765056,2145648640,2790520001
2128609280,2159017984,2161115136,2144337920,2133852160,2151677952,2148532224,2131755008,2148270080,2141454336,2790536023
2140143616,2140143616,2139095040,2119172096,2127560704,2144337920,2142240768,2121269248,2134638592,2133852160,2790552022
2134900736,2146435072,2131755008,2119172096,2125463552,2141192192,2136997888,2117074944,2133065728,2130182144,2790568023
2131755008,2144337920,2130706432,2118123520,2126512128,2144337920,2140143616,2122317824,2131230720,2133327872,2790584023
2122317824,2160066560,2155872256,2138046464,2132803584,2150629376,2148532224,2131755008,2144075776,2140930048,2790600045
2138046464,2156920832,2154823680,2133852160,2136997888,2154823680,2152726528,2136997888,2145910784,2145386496,2790616046
2141192192,2147483648,2145386496,2130706432,2133852160,2151677952,2150629376,2133852160,2141192192,2142502912,2790632044
2131755008,2141192192,2140143616,2126512128,2128609280,2145386496,2143289344,2124414976,2134900736,2135425024,2790648047
2130706432,2146435072,2144337920,2113929216,2124414976,2142240768,2139095040,2118123520,2133852160,2130968576,2790664069
2116026368,2135949312,2133852160,2113929216,2124414976,2143289344,2139095040,2119172096,2124939264,2131492864,2790680065
2140143616,2140143616,2134900736,2118123520,2131755008,2148532224,2145386496,2128609280,2133327872,2138570752,2790696066
2133852160,2146435072,2143289344,2131755008,2135949312,2153775104,2151677952,2135949312,2138832896,2144337920,2790712066
2140143616,2147483648,2146435072,2131755008,2134900736,2153775104,2151677952,2135949312,2141454336,2144075776,2790728088
2134900736,2144337920,2144337920,2126512128,2128609280,2147483648,2145386496,2126512128,2137522176,2136997888,2790744087
2121269248,2147483648,2149580800,2125463552,2124414976,2142240768,2139095040,2118123520,2135949312,2130968576,2790760087
2117074944,2136997888,2135949312,2118123520,2124414976,2142240768,2138046464,2119172096,2127036416,2130968576,2790776089
2122317824,2141192192,2147483648,2122317824,2129657856,2146435072,2144337920,2126512128,2133327872,2136735744,2790792108
2125463552,2147483648,2151677952,2130706432,2133852160,2152726528,2151677952,2134900736,2138832896,2143289344,2790808109
2132803584,2163212288,2161115136,2138046464,2134900736,2153775104,2152726528,2135949312,2148794368,2144337920,2790825001
2145386496,2145386496,2144337920,2124414976,2130706432,2149580800,2146435072,2128609280,2139881472,2138832896,2790841001
2135949312,2139095040,2135949312,2114977792,2126512128,2143289344,2139095040,2119172096,2131492864,2132017152,2790857001
2120220672,2143289344,2151677952,2124414976,2124414976,2141192192,2136997888,2117074944,2134900736,2129920000,2790873023
2136997888,2145386496,2132803584,2116026368,2128609280,2146435072,2142240768,2123366400,2132803584,2135162880,2790889023
2135949312,2141192192,2140143616,2123366400,2134900736,2151677952,2149580800,2132803584,2135162880,2142240768,2790905023
2136997888,2161115136,2161115136,2146435072,2136997888,2153775104,2152726528,2136997888,2151415808,2145124352,2790921024
2136997888,2156920832,2159017984,2139095040,2131755008,2150629376,2148532224,2131755008,2148007936,2140667904,2790937046
2122317824,2142240768,2141192192,2126512128,2127560704,2143289344,2140143616,2121269248,2133065728,2133065728,2790953046
2133852160,2133852160,2129657856,2111832064,2124414976,2140143616,2136997888,2117074944,2127298560,2129657856,2790969045
2118123520,2151677952,2149580800,2130706432,2126512128,2144337920,2141192192,2122317824,2137522176,2133590016,2790985045
2131755008,2153775104,2152726528,2123366400,2131755008,2150629376,2148532224,2131755008,2140405760,2140667904,2791001067
2128609280,2152726528,2155872256,2139095040,2134900736,2154823680,2152726528,2138046464,2144075776,2145124352,2791017067
2144337920,2146435072,2146435072,2129657856,2134900736,2151677952,2149580800,2133852160,2141716480,2142502912,2791033066
2136997888,2139095040,2136997888,2121269248,2128609280,2146435072,2142240768,2124414976,2133590016,2135425024,2791049066
2119172096,2138046464,2132803584,2117074944,2124414976,2141192192,2136997888,2118123520,2126774272,2130182144,2791065089
2129657856,2133852160,2129657856,2110783488,2125463552,2143289344,2140143616,2121269248,2125987840,2132541440,2791081087
2126512128,2156920832,2149580800,2133852160,2131755008,2149580800,2146435072,2129657856,2141716480,2139357184,2791097088
2128609280,2154823680,2145386496,2142240768,2135949312,2153775104,2152726528,2136997888,2142765056,2144862208,2791113089
2147483648,2145386496,2146435072,2127560704,2134900736,2151677952,2151677952,2134900736,2141716480,2143289344,2791129111
2129657856,2162163712,2156920832,2133852160,2128609280,2147483648,2144337920,2126512128,2145648640,2136735744,2791145111
2119172096,2149580800,2147483648,2131755008,2124414976,2142240768,2138046464,2118123520,2136997888,2130706432,2791162001
2121269248,2136997888,2129657856,2111832064,2125463552,2142240768,2138046464,2119172096,2124939264,2131230720,2791178001
2121269248,2154823680,2154823680,2138046464,2129657856,2147483648,2145386496,2127560704,2142240768,2137522176,2791194001
2126512128,2149580800,2147483648,2141192192,2135949312,2152726528,2151677952,2134900736,2141192192,2143813632,2791210001
2129657856,2152726528,2145386496,2141192192,2135949312,2153775104,2151677952,2135949312,2142240768,2144337920,2791226024
2143289344,2157969408,2144337920,2134900736,2130706432,2147483648,2146435072,2127560704,2145124352,2138046464,2791242022
2126512128,2153775104,2150629376,2124414976,2124414976,2143289344,2139095040,2120220672,2138832896,2131755008,2791258022
2132803584,2134900736,2138046464,2111832064,2124414976,2141192192,2138046464,2118123520,2129395712,2130444288,2791274022
2125463552,2155872256,2151677952,2128609280,2128609280,2147483648,2144337920,2125463552,2140405760,2136473600,2791290046
2124414976,2155872256,2157969408,2143289344,2134900736,2150629376,2149580800,2132803584,2145386496,2141978624,2791306045
2129657856,2165309440,2164260864,2143289344,2134900736,2154823680,2152726528,2136997888,2150629376,2144862208,2791322046
2144337920,2145386496,2144337920,2125463552,2131755008,2149580800,2147483648,2130706432,2139881472,2139881472,2791338043
2139095040,2140143616,2135949312,2118123520,2126512128,2143289344,2140143616,2120220672,2133327872,2132541440,2791354067
2130706432,2131755008,2130706432,2108686336,2124414976,2141192192,2136997888,2117074944,2125463552,2129920000,2791370067
2119172096,2155872256,2147483648,2126512128,2127560704,2145386496,2142240768,2122317824,2137260032,2134376448,2791386068
2122317824,2155872256,2143289344,2140143616,2132803584,2151677952,2148532224,2132803584,2140405760,2141454336,2791402066
2141192192,2155872256,2154823680,2131755008,2134900736,2154823680,2153775104,2138046464,2145910784,2145386496,2791418087
2149580800,2145386496,2146435072,2127560704,2133852160,2150629376,2149580800,2132803584,2142240768,2141716480,2791434088
2123366400,2155872256,2155872256,2135949312,2127560704,2145386496,2143289344,2123366400,2142765056,2134900736,2791450090
2116026368,2155872256,2142240768,2132803584,2124414976,2141192192,2136997888,2117074944,2136735744,2129920000,2791466086
2116026368,2149580800,2147483648,2129657856,2125463552,2144337920,2141192192,2121269248,2135687168,2133065728,2791482109
2122317824,2143289344,2139095040,2126512128,2131755008,2149580800,2147483648,2130706432,2132803584,2139881472,2791499001
2128609280,2150629376,2150629376,2138046464,2135949312,2153775104,2152726528,2136997888,2141978624,2144862208,2791515001
2127560704,2165309440,2164260864,2146435072,2133852160,2152726528,2151677952,2134900736,2150891520,2143289344,2791531001
2134900736,2156920832,2151677952,2132803584,2129657856,2146435072,2144337920,2125463552,2144075776,2136473600,2791547001
2119172096,2139095040,2132803584,2118123520,2124414976,2141192192,2138046464,2118123520,2127298560,2130444288,2791563025
2117074944,2139095040,2134900736,2118123520,2124414976,2143289344,2139095040,2120220672,2127298560,2131755008,2791579024
2122317824,2155872256,2154823680,2133852160,2130706432,2149580800,2145386496,2128609280,2141716480,2138570752,2791595023
2146435072,2142240768,2142240768,2128609280,2135949312,2152726528,2151677952,2134900736,2139881472,2143813632,2791611023
2130706432,2147483648,2153775104,2132803584,2135949312,2153775104,2150629376,2135949312,2141192192,2144075776,2791627045
2128609280,2160066560,2164260864,2140143616,2130706432,2147483648,2145386496,2127560704,2148270080,2137784320,2791643045
2128609280,2139095040,2136997888,2114977792,2125463552,2141192192,2139095040,2118123520,2129920000,2130968576,2791659044
2121269248,2149580800,2146435072,2128609280,2124414976,2141192192,2138046464,2118123520,2136473600,2130444288,2791675046
2120220672,2140143616,2134900736,2122317824,2129657856,2146435072,2144337920,2125463552,2129395712,2136473600,2791691067
2123366400,2154823680,2156920832,2142240768,2133852160,2152726528,2151677952,2134900736,2144337920,2143289344,2791707067
2128609280,2148532224,2150629376,2133852160,2135949312,2153775104,2152726528,2136997888,2140405760,2144862208,2791723065
2125463552,2151677952,2149580800,2139095040,2131755008,2149580800,2147483648,2130706432,2141454336,2139881472,2791739066
2126512128,2150629376,2154823680,2132803584,2126512128,2143289344,2140143616,2121269248,2141192192,2132803584,2791755089
2117074944,2141192192,2135949312,2121269248,2123366400,2141192192,2138046464,2117074944,2128871424,2129920000,2791771088
2121269248,2134900736,2132803584,2113929216,2127560704,2144337920,2142240768,2123366400,2125725696,2134376448,2791787088
2124414976,2161115136,2157969408,2143289344,2132803584,2151677952,2149580800,2133852160,2146697216,2141978624,2791803090
2131755008,2147483648,2145386496,2131755008,2135949312,2153775104,2152726528,2138046464,2139095040,2145124352,2791819109
2128609280,2159017984,2159017984,2147483648,2132803584,2150629376,2149580800,2131755008,2148532224,2141192192,2791835110
2125463552,2138046464,2141192192,2122317824,2126512128,2144337920,2141192192,2122317824,2131755008,2133590016,2791852001
2118123520,2147483648,2144337920,2125463552,2123366400,2142240768,2138046464,2117074944,2133852160,2130182144,2791868001
2126512128,2140143616,2144337920,2112880640,2126512128,2143289344,2140143616,2121269248,2130968576,2132803584,2791884001
2123366400,2142240768,2141192192,2125463552,2132803584,2150629376,2149580800,2130706432,2133065728,2140930048,2791900023
2142240768,2159017984,2152726528,2135949312,2136997888,2153775104,2152726528,2136997888,2147483648,2145124352,2791916022
2127560704,2147483648,2148532224,2133852160,2132803584,2152726528,2150629376,2134900736,2139357184,2142765056,2791932023
2135949312,2141192192,2139095040,2124414976,2127560704,2146435072,2143289344,2125463552,2135162880,2135687168,2791948023
2139095040,2136997888,2131755008,2112880640,2125463552,2141192192,2138046464,2117074944,2130182144,2130444288,2791964045
2135949312,2134900736,2129657856,2109734912,2125463552,2142240768,2138046464,2119172096,2127560704,2131230720,2791980044
2134900736,2153775104,2146435072,2130706432,2130706432,2148532224,2146435072,2128609280,2141454336,2138570752,2791996047
2139095040,2159017984,2154823680,2141192192,2135949312,2153775104,2152726528,2136997888,2148532224,2144862208,2792012046
2128609280,2155872256,2150629376,2140143616,2134900736,2153775104,2151677952,2135949312,2143813632,2144075776,2792028066
2142240768,2144337920,2141192192,2123366400,2130706432,2147483648,2144337920,2126512128,2137784320,2137260032,2792044065
2129657856,2135949312,2136997888,2114977792,2125463552,2142240768,2138046464,2119172096,2129395712,2131230720,2792060068
2116026368,2155872256,2142240768,2130706432,2124414976,2142240768,2139095040,2119172096,2136211456,2131230720,2792076068
2138046464,2151677952,2138046464,2123366400,2129657856,2147483648,2144337920,2126512128,2137784320,2136997888,2792092087
2123366400,2152726528,2147483648,2140143616,2134900736,2152726528,2151677952,2134900736,2140930048,2143551488,2792108086
2139095040,2144337920,2148532224,2128609280,2134900736,2153775104,2152726528,2136997888,2140143616,2144600064,2792124087
2148532224,2145386496,2143289344,2123366400,2131755008,2148532224,2146435072,2129657856,2140143616,2139095040,2792140090
2122317824,2140143616,2134900736,2122317824,2125463552,2144337920,2140143616,2120220672,2129920000,2132541440,2792156109
2118123520,2143289344,2142240768,2124414976,2124414976,2141192192,2138046464,2117074944,2132017152,2130182144,2792172106
2120220672,2145386496,2147483648,2126512128,2128609280,2146435072,2142240768,2125463552,2134900736,2135687168,2792189001
2138046464,2146435072,2153775104,2123366400,2134900736,2150629376,2150629376,2132803584,2140405760,2142240768,2792205001
2148532224,2159017984,2146435072,2131755008,2135949312,2155872256,2153775104,2139095040,2146435072,2146172928,2792221001
2146435072,2145386496,2144337920,2128609280,2132803584,2149580800,2147483648,2130706432,2141192192,2140143616,2792237001
2138046464,2138046464,2138046464,2120220672,2127560704,2143289344,2141192192,2121269248,2133590016,2133327872,2792253024
2117074944,2155872256,2143289344,2131755008,2124414976,2140143616,2136997888,2116026368,2136997888,2129395712,2792269024
2118123520,2155872256,2148532224,2127560704,2127560704,2144337920,2142240768,2122317824,2137522176,2134114304,2792285025
2126512128,2160066560,2159017984,2134900736,2131755008,2151677952,2148532224,2132803584,2145124352,2141192192,2792301023
2135949312,2168455168,2168455168,2143289344,2135949312,2153775104,2152726528,2136997888,2154037248,2144862208,2792317045
2136997888,2146435072,2147483648,2129657856,2133852160,2151677952,2149580800,2132803584,2140143616,2141978624,2792333047
2122317824,2152726528,2149580800,2139095040,2127560704,2145386496,2143289344,2123366400,2140930048,2134900736,2792349045
