2132803584,2156920832,2154823680,2133852160,2130706432,2147483648,2146435072,2127560704,2144600064,2138046464,2793440067
2122317824,2142240768,2143289344,2125463552,2130706432,2147483648,2144337920,2126512128,2133327872,2137260032,2793456065
2121269248,2161115136,2152726528,2138046464,2130706432,2147483648,2145386496,2127560704,2143289344,2137784320,2793472089
2122317824,2151677952,2154823680,2134900736,2130706432,2147483648,2145386496,2127560704,2140930048,2137784320,2793488087
2140143616,2139095040,2139095040,2119172096,2129657856,2148532224,2145386496,2127560704,2134376448,2137784320,2793504088
2143289344,2142240768,2138046464,2122317824,2129657856,2147483648,2145386496,2127560704,2136473600,2137522176,2793520087
2123366400,2147483648,2139095040,2130706432,2128609280,2148532224,2145386496,2128609280,2135162880,2137784320,2793536110
2130706432,2157969408,2151677952,2132803584,2130706432,2147483648,2144337920,2127560704,2143289344,2137522176,2793553001
2123366400,2142240768,2147483648,2125463552,2129657856,2148532224,2145386496,2127560704,2134638592,2137784320,2793569001
2124414976,2140143616,2147483648,2123366400,2128609280,2147483648,2145386496,2127560704,2133852160,2137260032,2793585001
2122317824,2150629376,2145386496,2135949312,2129657856,2146435072,2145386496,2126512128,2138570752,2136997888,2793601001
2140143616,2142240768,2145386496,2121269248,2129657856,2147483648,2145386496,2126512128,2137260032,2137260032,2793617024
2119172096,2147483648,2145386496,2126512128,2125463552,2142240768,2139095040,2120220672,2134638592,2131755008,2793633025
2133852160,2134900736,2128609280,2107637760,2123366400,2140143616,2136997888,2114977792,2126249984,2128871424,2793649024
2139095040,2132803584,2134900736,2108686336,2127560704,2144337920,2141192192,2122317824,2128871424,2133852160,2793665024
2138046464,2142240768,2139095040,2123366400,2133852160,2151677952,2149580800,2133852160,2135687168,2142240768,2793681045
2141192192,2149580800,2147483648,2131755008,2138046464,2154823680,2154823680,2138046464,2142502912,2146435072,2793697045
2147483648,2147483648,2150629376,2130706432,2133852160,2151677952,2150629376,2133852160,2144075776,2142502912,2793713044
2125463552,2159017984,2154823680,2138046464,2126512128,2143289344,2142240768,2122317824,2144337920,2133590016,2793729045
2116026368,2142240768,2147483648,2125463552,2123366400,2141192192,2136997888,2116026368,2132803584,2129395712,2793745066
2120220672,2146435072,2146435072,2112880640,2125463552,2143289344,2140143616,2121269248,2131492864,2132541440,2793761066
2135949312,2152726528,2144337920,2121269248,2132803584,2149580800,2148532224,2130706432,2138570752,2140405760,2793777066
2127560704,2165309440,2160066560,2150629376,2136997888,2154823680,2153775104,2139095040,2150891520,2146172928,2793793067
2129657856,2159017984,2154823680,2147483648,2134900736,2153775104,2151677952,2135949312,2147745792,2144075776,2793809088
2126512128,2144337920,2141192192,2126512128,2128609280,2146435072,2144337920,2125463552,2134638592,2136211456,2793825089
2121269248,2136997888,2131755008,2116026368,2123366400,2140143616,2135949312,2116026368,2126512128,2128871424,2793841087
2124414976,2131755008,2131755008,2107637760,2125463552,2140143616,2138046464,2117074944,2123890688,2130182144,2793857089
2133852160,2146435072,2145386496,2119172096,2129657856,2148532224,2146435072,2128609280,2136211456,2138308608,2793873112
2128609280,2146435072,2145386496,2132803584,2136997888,2153775104,2152726528,2136997888,2138308608,2145124352,2793889109
2129657856,2151677952,2150629376,2134900736,2135949312,2153775104,2152726528,2136997888,2141716480,2144862208,2793906001
2139095040,2154823680,2153775104,2129657856,2129657856,2146435072,2145386496,2126512128,2144337920,2136997888,2793922001
2120220672,2151677952,2147483648,2131755008,2124414976,2141192192,2138046464,2117074944,2137784320,2130182144,2793938001
2127560704,2144337920,2140143616,2112880640,2124414976,2141192192,2136997888,2117074944,2131230720,2129920000,2793954024
2138046464,2146435072,2136997888,2120220672,2129657856,2146435072,2143289344,2126512128,2135425024,2136473600,2793970024
2132803584,2156920832,2159017984,2141192192,2134900736,2153775104,2151677952,2136997888,2147483648,2144337920,2793986023
2145386496,2147483648,2146435072,2134900736,2135949312,2154823680,2154823680,2139095040,2143551488,2146172928,2794002024
2131755008,2163212288,2160066560,2144337920,2130706432,2149580800,2147483648,2129657856,2149842944,2139357184,2794018045
2120220672,2142240768,2138046464,2125463552,2124414976,2142240768,2138046464,2120220672,2131492864,2131230720,2794034044
2114977792,2140143616,2136997888,2120220672,2123366400,2140143616,2135949312,2116026368,2128084992,2128871424,2794050045
2120220672,2155872256,2152726528,2126512128,2128609280,2144337920,2141192192,2122317824,2138832896,2134114304,2794066046
2135949312,2152726528,2146435072,2129657856,2133852160,2152726528,2151677952,2133852160,2141192192,2143027200,2794082068
2142240768,2146435072,2147483648,2129657856,2136997888,2154823680,2154823680,2139095040,2141454336,2146435072,2794098068
2147483648,2146435072,2154823680,2129657856,2133852160,2150629376,2149580800,2131755008,2144600064,2141454336,2794114065
2139095040,2141192192,2140143616,2119172096,2126512128,2142240768,2140143616,2121269248,2134900736,2132541440,2794130065
2129657856,2134900736,2129657856,2109734912,2123366400,2140143616,2135949312,2114977792,2125987840,2128609280,2794146091
2119172096,2152726528,2147483648,2125463552,2125463552,2144337920,2140143616,2121269248,2136211456,2132803584,2794162086
2121269248,2149580800,2143289344,2133852160,2132803584,2151677952,2149580800,2133852160,2136997888,2141978624,2794178088
2128609280,2168455168,2154823680,2153775104,2136997888,2155872256,2154823680,2139095040,2151415808,2146697216,2794194088
2133852160,2166358016,2166358016,2143289344,2134900736,2152726528,2150629376,2135949312,2152464384,2143551488,2794210109
2124414976,2149580800,2147483648,2133852160,2127560704,2145386496,2143289344,2124414976,2138832896,2135162880,2794226107
2121269248,2147483648,2146435072,2126512128,2123366400,2141192192,2136997888,2116026368,2135425024,2129395712,2794243001
2125463552,2132803584,2129657856,2110783488,2125463552,2142240768,2139095040,2119172096,2124677120,2131492864,2794259001
2134900736,2146435072,2141192192,2118123520,2131755008,2149580800,2147483648,2130706432,2135162880,2139881472,2794275001
2128609280,2161115136,2155872256,2147483648,2136997888,2154823680,2153775104,2140143616,2148270080,2146435072,2794291000
2149580800,2149580800,2148532224,2132803584,2135949312,2153775104,2151677952,2136997888,2145124352,2144600064,2794307024
2145386496,2143289344,2141192192,2122317824,2129657856,2147483648,2144337920,2126512128,2138046464,2136997888,2794323025
2135949312,2135949312,2134900736,2110783488,2123366400,2141192192,2135949312,2117074944,2129395712,2129395712,2794339023
2121269248,2149580800,2146435072,2120220672,2124414976,2141192192,2136997888,2117074944,2134376448,2129920000,2794355022
2119172096,2141192192,2134900736,2120220672,2128609280,2147483648,2144337920,2127560704,2128871424,2136997888,2794371045
2140143616,2144337920,2143289344,2127560704,2135949312,2153775104,2152726528,2136997888,2138832896,2144862208,2794387044
2138046464,2148532224,2149580800,2135949312,2135949312,2155872256,2153775104,2138046464,2143027200,2145910784,2794403045
2142240768,2156920832,2146435072,2138046464,2131755008,2148532224,2146435072,2128609280,2145910784,2138832896,2794419046
2127560704,2138046464,2134900736,2117074944,2124414976,2141192192,2138046464,2118123520,2129395712,2130444288,2794435066
2122317824,2146435072,2141192192,2114977792,2123366400,2140143616,2135949312,2116026368,2131230720,2128871424,2794451067
2141192192,2134900736,2132803584,2110783488,2128609280,2146435072,2143289344,2124414976,2129920000,2135687168,2794467067
2131755008,2142240768,2142240768,2125463552,2134900736,2152726528,2150629376,2135949312,2135425024,2143551488,2794483066
2141192192,2160066560,2160066560,2145386496,2136997888,2154823680,2154823680,2140143616,2151677952,2146697216,2794499087
2127560704,2166358016,2164260864,2146435072,2132803584,2149580800,2148532224,2131755008,2151153664,2140667904,2794515087
2121269248,2143289344,2143289344,2125463552,2126512128,2143289344,2140143616,2120220672,2133327872,2132541440,2794531088
2116026368,2153775104,2139095040,2132803584,2123366400,2139095040,2135949312,2114977792,2135425024,2128347136,2794547087
2118123520,2147483648,2138046464,2126512128,2126512128,2144337920,2140143616,2121269248,2132541440,2133065728,2794563109
2123366400,2155872256,2147483648,2139095040,2133852160,2151677952,2149580800,2132803584,2141454336,2141978624,2794580001
2146435072,2149580800,2148532224,2130706432,2136997888,2155872256,2153775104,2139095040,2143813632,2146435072,2794596001
2143289344,2148532224,2146435072,2130706432,2133852160,2151677952,2149580800,2134900736,2142240768,2142502912,2794612000
2132803584,2153775104,2155872256,2133852160,2127560704,2145386496,2142240768,2123366400,2144075776,2134638592,2794628001
2127560704,2134900736,2129657856,2112880640,2123366400,2140143616,2135949312,2116026368,2126249984,2128871424,2794644023
2114977792,2147483648,2144337920,2126512128,2125463552,2142240768,2139095040,2119172096,2133327872,2131492864,2794660022
2122317824,2147483648,2145386496,2129657856,2131755008,2149580800,2147483648,2130706432,2136211456,2139881472,2794676022
2129657856,2148532224,2144337920,2133852160,2136997888,2155872256,2154823680,2139095040,2139095040,2146697216,2794692023
2143289344,2147483648,2147483648,2131755008,2134900736,2153775104,2152726528,2135949312,2142502912,2144337920,2794708047
2148532224,2146435072,2144337920,2125463552,2128609280,2146435072,2144337920,2125463552,2141192192,2136211456,2794724046
2133852160,2136997888,2140143616,2110783488,2123366400,2140143616,2136997888,2116026368,2130444288,2129133568,2794740045
2125463552,2129657856,2127560704,2110783488,2124414976,2141192192,2138046464,2118123520,2123366400,2130444288,2794756046
2135949312,2133852160,2132803584,2114977792,2130706432,2148532224,2145386496,2128609280,2129395712,2138308608,2794772066
2126512128,2163212288,2152726528,2149580800,2135949312,2153775104,2152726528,2138046464,2148007936,2145124352,2794788065
2147483648,2149580800,2148532224,2131755008,2135949312,2154823680,2153775104,2138046464,2144337920,2145648640,2794804065
2133852160,2147483648,2142240768,2129657856,2129657856,2149580800,2146435072,2129657856,2138308608,2138832896,2794820066
2129657856,2136997888,2133852160,2116026368,2124414976,2141192192,2136997888,2118123520,2129133568,2130182144,2794836089
2127560704,2130706432,2128609280,2106589184,2123366400,2140143616,2135949312,2116026368,2123366400,2128871424,2794852088
2118123520,2147483648,2147483648,2128609280,2128609280,2146435072,2143289344,2125463552,2135425024,2135949312,2794868086
2123366400,2154823680,2147483648,2142240768,2134900736,2152726528,2151677952,2135949312,2141978624,2143813632,2794884090
2135949312,2148532224,2151677952,2138046464,2136997888,2154823680,2153775104,2139095040,2143551488,2146172928,2794900110
2127560704,2161115136,2161115136,2140143616,2133852160,2149580800,2147483648,2130706432,2147483648,2140405760,2794916107
2121269248,2155872256,2153775104,2139095040,2124414976,2143289344,2139095040,2120220672,2142502912,2131755008,2794933001
2114977792,2147483648,2134900736,2126512128,2122317824,2140143616,2135949312,2114977792,2130968576,2128347136,2794949001
2126512128,2136997888,2131755008,2110783488,2127560704,2145386496,2141192192,2122317824,2126512128,2134114304,2794965001
2147483648,2141192192,2142240768,2119172096,2134900736,2151677952,2149580800,2133852160,2137522176,2142502912,2794981023
2146435072,2147483648,2145386496,2129657856,2138046464,2154823680,2154823680,2138046464,2142240768,2146435072,2794997022
2128609280,2160066560,2152726528,2149580800,2133852160,2151677952,2149580800,2132803584,2147745792,2141978624,2795013024
2141192192,2142240768,2138046464,2119172096,2126512128,2144337920,2141192192,2121269248,2135162880,2133327872,2795029024
2128609280,2145386496,2142240768,2112880640,2123366400,2140143616,2135949312,2116026368,2132279296,2128871424,2795045047
2117074944,2136997888,2132803584,2114977792,2125463552,2143289344,2140143616,2121269248,2125463552,2132541440,2795061044
2136997888,2146435072,2143289344,2119172096,2132803584,2149580800,2148532224,2131755008,2136473600,2140667904,2795077045
2143289344,2147483648,2157969408,2127560704,2136997888,2154823680,2153775104,2139095040,2144075776,2146172928,2795093045
2138046464,2148532224,2148532224,2132803584,2134900736,2152726528,2151677952,2134900736,2141978624,2143551488,2795109069
2141192192,2155872256,2144337920,2127560704,2128609280,2145386496,2143289344,2123366400,2142240768,2135162880,2795125066
2138046464,2135949312,2131755008,2112880640,2123366400,2141192192,2136997888,2117074944,2129657856,2129657856,2795141066
2121269248,2151677952,2143289344,2120220672,2124414976,2141192192,2138046464,2118123520,2134114304,2130444288,2795157066
2129657856,2139095040,2134900736,2118123520,2131755008,2148532224,2145386496,2128609280,2130444288,2138570752,2795173089
2128609280,2147483648,2149580800,2132803584,2136997888,2154823680,2152726528,2138046464,2139619328,2145648640,2795189086
2144337920,2153775104,2159017984,2134900736,2135949312,2153775104,2152726528,2136997888,2148007936,2144862208,2795205090
2129657856,2160066560,2163212288,2136997888,2130706432,2148532224,2146435072,2128609280,2147483648,2138570752,2795221089
2120220672,2154823680,2152726528,2132803584,2123366400,2142240768,2139095040,2118123520,2140143616,2130706432,2795237109
2128609280,2133852160,2128609280,2109734912,2124414976,2140143616,2135949312,2116026368,2125201408,2129133568,2795253106
2133852160,2145386496,2136997888,2123366400,2130706432,2147483648,2145386496,2126512128,2134900736,2137522176,2795270001
2138046464,2142240768,2140143616,2126512128,2135949312,2153775104,2152726528,2136997888,2136735744,2144862208,2795286001
2136997888,2148532224,2147483648,2133852160,2136997888,2155872256,2153775104,2139095040,2141716480,2146435072,2795302001
2127560704,2147483648,2153775104,2130706432,2130706432,2149580800,2147483648,2130706432,2139881472,2139619328,2795318001
2126512128,2154823680,2147483648,2133852160,2125463552,2142240768,2139095040,2118123520,2140667904,2131230720,2795334023
2127560704,2145386496,2140143616,2121269248,2123366400,2141192192,2136997888,2116026368,2133590016,2129395712,2795350023
2139095040,2135949312,2131755008,2110783488,2127560704,2144337920,2142240768,2122317824,2129395712,2134114304,2795366023
2143289344,2159017984,2144337920,2131755008,2133852160,2152726528,2151677952,2134900736,2144600064,2143289344,2795382023
2132803584,2167406592,2168455168,2146435072,2136997888,2155872256,2153775104,2139095040,2153775104,2146435072,2795398045
2147483648,2149580800,2153775104,2130706432,2133852160,2150629376,2149580800,2131755008,2145386496,2141454336,2795414044
2133852160,2138046464,2139095040,2120220672,2126512128,2143289344,2140143616,2121269248,2132803584,2132803584,2795430047
2125463552,2133852160,2132803584,2111832064,2122317824,2140143616,2135949312,2116026368,2125987840,2128609280,2795446044
2117074944,2133852160,2129657856,2114977792,2125463552,2144337920,2140143616,2121269248,2123890688,2132803584,2795462068
2122317824,2163212288,2153775104,2138046464,2132803584,2150629376,2148532224,2131755008,2144337920,2140930048,2795478068
2143289344,2147483648,2157969408,2129657856,2136997888,2155872256,2153775104,2139095040,2144600064,2146435072,2795494067
2127560704,2169503744,2151677952,2154823680,2134900736,2152726528,2150629376,2133852160,2150891520,2143027200,2795510065
2129657856,2155872256,2156920832,2135949312,2127560704,2145386496,2143289344,2124414976,2144600064,2135162880,2795526089
2125463552,2132803584,2130706432,2113929216,2123366400,2140143616,2136997888,2116026368,2125725696,2129133568,2795542087
2129657856,2131755008,2128609280,2108686336,2124414976,2142240768,2138046464,2118123520,2124677120,2130706432,2795558088
2129657856,2138046464,2138046464,2120220672,2129657856,2149580800,2147483648,2129657856,2131492864,2139095040,2795574086
2129657856,2163212288,2165309440,2145386496,2135949312,2154823680,2153775104,2138046464,2150891520,2145648640,2795590111
2133852160,2168455168,2164260864,2152726528,2134900736,2154823680,2152726528,2138046464,2154823680,2145124352,2795607001
2127560704,2160066560,2163212288,2143289344,2128609280,2147483648,2144337920,2126512128,2148532224,2136735744,2795623001
2118123520,2138046464,2141192192,2120220672,2124414976,2140143616,2136997888,2116026368,2129395712,2129395712,2795639001
2117074944,2135949312,2129657856,2114977792,2124414976,2141192192,2138046464,2117074944,2124414976,2130182144,2795655001
2127560704,2135949312,2139095040,2116026368,2129657856,2147483648,2145386496,2127560704,2129657856,2137522176,2795671023
2128609280,2164260864,2160066560,2143289344,2134900736,2154823680,2152726528,2138046464,2149056512,2145124352,2795687025
2133852160,2165309440,2163212288,2146435072,2136997888,2154823680,2152726528,2138046464,2152202240,2145648640,2795703024
2141192192,2149580800,2144337920,2125463552,2130706432,2149580800,2147483648,2129657856,2140143616,2139357184,2795719022
2119172096,2147483648,2139095040,2130706432,2125463552,2141192192,2136997888,2118123520,2134114304,2130444288,2795735045
2117074944,2133852160,2136997888,2113929216,2123366400,2140143616,2136997888,2117074944,2125463552,2129395712,2795751045
2117074944,2139095040,2132803584,2120220672,2128609280,2146435072,2142240768,2124414976,2127298560,2135425024,2795767045
2125463552,2152726528,2147483648,2139095040,2133852160,2152726528,2150629376,2134900736,2141192192,2143027200,2795783045
2130706432,2155872256,2154823680,2143289344,2136997888,2154823680,2154823680,2139095040,2146172928,2146435072,2795799067
2129657856,2148532224,2148532224,2133852160,2132803584,2150629376,2148532224,2132803584,2140143616,2141192192,2795815068
2136997888,2146435072,2146435072,2118123520,2125463552,2143289344,2141192192,2121269248,2136997888,2132803584,2795831065
2132803584,2141192192,2140143616,2110783488,2124414976,2139095040,2135949312,2114977792,2131230720,2128609280,2795847067
2133852160,2138046464,2141192192,2110783488,2126512128,2143289344,2140143616,2121269248,2130968576,2132803584,2795863087
2135949312,2141192192,2140143616,2120220672,2133852160,2150629376,2149580800,2131755008,2134376448,2141454336,2795879087
2144337920,2146435072,2146435072,2130706432,2136997888,2154823680,2153775104,2139095040,2141978624,2146172928,2795895088
2129657856,2147483648,2147483648,2134900736,2133852160,2152726528,2150629376,2134900736,2139881472,2143027200,2795911088
2125463552,2145386496,2145386496,2127560704,2128609280,2144337920,2142240768,2122317824,2135949312,2134376448,2795927110
2119172096,2133852160,2132803584,2113929216,2123366400,2140143616,2136997888,2116026368,2124939264,2129133568,2795943108
2126512128,2146435072,2142240768,2121269248,2125463552,2143289344,2138046464,2119172096,2134114304,2131492864,2795960001
2128609280,2153775104,2150629376,2131755008,2131755008,2149580800,2147483648,2130706432,2141192192,2139881472,2795976001
2130706432,2163212288,2164260864,2146435072,2136997888,2154823680,2153775104,2139095040,2151153664,2146172928,2795992001
2136997888,2163212288,2161115136,2144337920,2135949312,2152726528,2150629376,2135949312,2151415808,2143813632,2796008023
2123366400,2149580800,2143289344,2132803584,2128609280,2146435072,2144337920,2125463552,2137260032,2136211456,2796024023
2133852160,2142240768,2146435072,2114977792,2122317824,2141192192,2136997888,2117074944,2134376448,2129395712,2796040022
2114977792,2149580800,2147483648,2126512128,2124414976,2140143616,2138046464,2117074944,2134638592,2129920000,2796056022
2133852160,2146435072,2145386496,2116026368,2130706432,2148532224,2145386496,2127560704,2135425024,2138046464,2796072045
2144337920,2145386496,2143289344,2128609280,2135949312,2153775104,2152726528,2138046464,2140405760,2145124352,2796088045
2131755008,2150629376,2147483648,2140143616,2136997888,2154823680,2151677952,2138046464,2142502912,2145386496,2796104045
2136997888,2161115136,2153775104,2140143616,2130706432,2148532224,2146435072,2129657856,2148007936,2138832896,2796120045
2126512128,2150629376,2149580800,2125463552,2124414976,2141192192,2138046464,2118123520,2138046464,2130444288,2796136067
2117074944,2136997888,2139095040,2113929216,2124414976,2140143616,2136997888,2114977792,2126774272,2129133568,2796152066
2131755008,2133852160,2131755008,2111832064,2127560704,2146435072,2143289344,2125463552,2127298560,2135687168,2796168066
2143289344,2146435072,2146435072,2123366400,2135949312,2151677952,2151677952,2134900736,2139881472,2143551488,2796184065
2147483648,2150629376,2154823680,2132803584,2135949312,2154823680,2153775104,2138046464,2146435072,2145648640,2796200088
2144337920,2144337920,2146435072,2129657856,2131755008,2151677952,2148532224,2132803584,2141192192,2141192192,2796216087
2122317824,2142240768,2139095040,2121269248,2125463552,2143289344,2140143616,2119172096,2131230720,2132017152,2796232089
2122317824,2134900736,2128609280,2109734912,2123366400,2140143616,2135949312,2114977792,2123890688,2128609280,2796248089
2117074944,2149580800,2133852160,2129657856,2126512128,2144337920,2141192192,2122317824,2132541440,2133590016,2796264110
2123366400,2147483648,2147483648,2130706432,2132803584,2152726528,2150629376,2133852160,2137260032,2142502912,2796280108
2140143616,2154823680,2160066560,2134900736,2136997888,2154823680,2154823680,2139095040,2147483648,2146435072,2796297001
2129657856,2150629376,2150629376,2138046464,2133852160,2152726528,2150629376,2133852160,2142240768,2142765056,2796313001
2124414976,2157969408,2154823680,2135949312,2126512128,2145386496,2141192192,2122317824,2143289344,2133852160,2796329001
2116026368,2138046464,2140143616,2117074944,2122317824,2140143616,2135949312,2116026368,2127822848,2128609280,2796345001
2134900736,2134900736,2129657856,2110783488,2125463552,2143289344,2140143616,2121269248,2127560704,2132541440,2796361024
2134900736,2139095040,2139095040,2119172096,2131755008,2150629376,2148532224,2131755008,2133065728,2140667904,2796377023
2131755008,2149580800,2145386496,2136997888,2136997888,2154823680,2154823680,2139095040,2140930048,2146435072,2796393026
2131755008,2147483648,2147483648,2135949312,2134900736,2153775104,2151677952,2135949312,2140667904,2144075776,2796409022
2129657856,2145386496,2141192192,2124414976,2127560704,2146435072,2142240768,2125463552,2135162880,2135425024,2796425047
2125463552,2135949312,2134900736,2112880640,2123366400,2141192192,2135949312,2116026368,2127298560,2129133568,2796441047
2123366400,2133852160,2129657856,2112880640,2124414976,2141192192,2138046464,2118123520,2124939264,2130444288,2796457045
2124414976,2153775104,2156920832,2132803584,2131755008,2148532224,2146435072,2128609280,2141978624,2138832896,2796473044
2127560704,2163212288,2162163712,2147483648,2135949312,2154823680,2152726528,2138046464,2150105088,2145386496,2796489068
2146435072,2148532224,2148532224,2130706432,2135949312,2154823680,2153775104,2138046464,2143551488,2145648640,2796505066
2132803584,2142240768,2147483648,2127560704,2130706432,2147483648,2145386496,2127560704,2137522176,2137784320,2796521067
2125463552,2133852160,2134900736,2114977792,2124414976,2141192192,2136997888,2117074944,2127298560,2129920000,2796537066
2125463552,2131755008,2130706432,2106589184,2123366400,2140143616,2135949312,2116026368,2123628544,2128871424,2796553089
2118123520,2142240768,2138046464,2124414976,2127560704,2146435072,2143289344,2126512128,2130706432,2135949312,2796569088
2124414976,2168455168,2152726528,2145386496,2135949312,2152726528,2151677952,2135949312,2147745792,2144075776,2796585088
2142240768,2148532224,2146435072,2131755008,2136997888,2154823680,2153775104,2138046464,2142240768,2145910784,2796601087
2134900736,2148532224,2147483648,2130706432,2131755008,2149580800,2148532224,2129657856,2140405760,2139881472,2796617108
2123366400,2148532224,2155872256,2130706432,2125463552,2142240768,2139095040,2119172096,2139619328,2131492864,2796634001
2134900736,2136997888,2129657856,2109734912,2123366400,2139095040,2135949312,2114977792,2127822848,2128347136,2796650001
2138046464,2132803584,2131755008,2108686336,2127560704,2145386496,2142240768,2123366400,2127822848,2134638592,2796666001
2127560704,2145386496,2143289344,2127560704,2133852160,2151677952,2150629376,2133852160,2135949312,2142502912,2796682001
2145386496,2149580800,2145386496,2133852160,2136997888,2155872256,2154823680,2140143616,2143551488,2146959360,2796698022
2141192192,2163212288,2153775104,2141192192,2132803584,2150629376,2149580800,2132803584,2149842944,2141454336,2796714023
2138046464,2145386496,2146435072,2123366400,2126512128,2143289344,2141192192,2121269248,2138308608,2133065728,2796730022
2119172096,2151677952,2149580800,2123366400,2122317824,2140143616,2135949312,2116026368,2135949312,2128609280,2796746023
2120220672,2147483648,2149580800,2126512128,2125463552,2144337920,2140143616,2121269248,2135949312,2132803584,2796762044
2121269248,2156920832,2149580800,2139095040,2132803584,2150629376,2148532224,2131755008,2141716480,2140930048,2796778045
2126512128,2167406592,2160066560,2153775104,2136997888,2155872256,2154823680,2139095040,2151940096,2146697216,2796794045
2130706432,2162163712,2163212288,2149580800,2134900736,2152726528,2151677952,2134900736,2151415808,2143551488,2796810045
2129657856,2143289344,2140143616,2123366400,2127560704,2145386496,2143289344,2123366400,2134114304,2134900736,2796826068
2135949312,2136997888,2129657856,2109734912,2123366400,2140143616,2135949312,2114977792,2128084992,2128609280,2796842068
2129657856,2134900736,2129657856,2109734912,2124414976,2142240768,2139095040,2118123520,2125987840,2130968576,2796858065
2122317824,2153775104,2153775104,2135949312,2130706432,2148532224,2147483648,2129657856,2141454336,2139095040,2796874066
2138046464,2147483648,2143289344,2130706432,2135949312,2154823680,2153775104,2139095040,2139881472,2145910784,2796890087
2138046464,2149580800,2151677952,2134900736,2135949312,2154823680,2152726528,2138046464,2143551488,2145386496,2796906089
2142240768,2142240768,2142240768,2125463552,2129657856,2147483648,2145386496,2127560704,2138046464,2137522176,2796922088
2139095040,2135949312,2133852160,2112880640,2124414976,2141192192,2138046464,2117074944,2130444288,2130182144,2796938089
2126512128,2134900736,2129657856,2109734912,2123366400,2141192192,2135949312,2117074944,2125201408,2129395712,2796954113
2131755008,2139095040,2132803584,2116026368,2128609280,2147483648,2145386496,2127560704,2129920000,2137260032,2796970108
2132803584,2161115136,2159017984,2138046464,2135949312,2154823680,2152726528,2138046464,2147745792,2145386496,2796987001
2131755008,2151677952,2147483648,2136997888,2135949312,2154823680,2153775104,2138046464,2141978624,2145648640,2797003001
2125463552,2161115136,2153775104,2146435072,2130706432,2149580800,2146435072,2129657856,2146697216,2139095040,2797019001
2139095040,2140143616,2142240768,2116026368,2124414976,2142240768,2139095040,2119172096,2134376448,2131230720,2797035024
2123366400,2134900736,2129657856,2111832064,2122317824,2140143616,2136997888,2116026368,2124939264,2128871424,2797051024
2131755008,2136997888,2132803584,2112880640,2128609280,2146435072,2143289344,2124414976,2128609280,2135687168,2797067023
2125463552,2167406592,2155872256,2143289344,2133852160,2153775104,2151677952,2135949312,2148007936,2143813632,2797083024
2132803584,2165309440,2165309440,2146435072,2135949312,2155872256,2154823680,2139095040,2152464384,2146435072,2797099047
2129657856,2148532224,2145386496,2134900736,2132803584,2151677952,2148532224,2132803584,2139619328,2141454336,2797115047
2121269248,2155872256,2151677952,2139095040,2126512128,2144337920,2139095040,2121269248,2141978624,2132803584,2797131045
2116026368,2136997888,2132803584,2120220672,2122317824,2140143616,2135949312,2116026368,2126512128,2128609280,2797147046
2117074944,2135949312,2138046464,2116026368,2125463552,2144337920,2141192192,2121269248,2126774272,2133065728,2797163068
2143289344,2143289344,2141192192,2119172096,2132803584,2150629376,2149580800,2132803584,2136735744,2141454336,2797179065
2130706432,2151677952,2148532224,2134900736,2135949312,2156920832,2153775104,2139095040,2141454336,2146435072,2797195069
2135949312,2166358016,2168455168,2146435072,2133852160,2152726528,2151677952,2134900736,2154299392,2143289344,2797211068
2133852160,2143289344,2141192192,2124414976,2127560704,2145386496,2142240768,2123366400,2135687168,2134638592,2797227087
2118123520,2148532224,2145386496,2127560704,2122317824,2140143616,2136997888,2116026368,2134900736,2128871424,2797243086
2118123520,2139095040,2126512128,2118123520,2125463552,2141192192,2138046464,2118123520,2125463552,2130706432,2797259089
2135949312,2152726528,2141192192,2125463552,2131755008,2149580800,2147483648,2130706432,2138832896,2139881472,2797275088
2127560704,2152726528,2157969408,2139095040,2135949312,2154823680,2153775104,2139095040,2144337920,2145910784,2797291109
2130706432,2151677952,2151677952,2139095040,2134900736,2153775104,2153775104,2136997888,2143289344,2144862208,2797307108
2130706432,2163212288,2155872256,2140143616,2128609280,2146435072,2144337920,2126512128,2147483648,2136473600,2797324001
2118123520,2139095040,2134900736,2118123520,2123366400,2141192192,2136997888,2117074944,2127560704,2129657856,2797340001
2133852160,2146435072,2133852160,2116026368,2124414976,2142240768,2138046464,2118123520,2132541440,2130706432,2797356001
2136997888,2138046464,2140143616,2118123520,2129657856,2147483648,2145386496,2127560704,2133327872,2137522176,2797372001
2133852160,2157969408,2157969408,2140143616,2135949312,2154823680,2153775104,2138046464,2147483648,2145648640,2797388023
2134900736,2159017984,2164260864,2147483648,2136997888,2153775104,2153775104,2136997888,2151415808,2145386496,2797404024
2126512128,2154823680,2161115136,2142240768,2130706432,2148532224,2146435072,2129657856,2146172928,2138832896,2797420023
2120220672,2151677952,2149580800,2132803584,2124414976,2141192192,2136997888,2118123520,2138570752,2130182144,2797436022
2130706432,2134900736,2142240768,2108686336,2123366400,2140143616,2135949312,2116026368,2129133568,2128871424,2797452044
2136997888,2136997888,2132803584,2111832064,2128609280,2146435072,2143289344,2125463552,2129657856,2135949312,2797468045
2133852160,2143289344,2142240768,2125463552,2134900736,2153775104,2151677952,2135949312,2136211456,2144075776,2797484046
2129657856,2164260864,2155872256,2151677952,2136997888,2154823680,2154823680,2139095040,2150367232,2146435072,2797500046
2144337920,2148532224,2144337920,2127560704,2131755008,2150629376,2148532224,2130706432,2141192192,2140405760,2797516067
2121269248,2147483648,2154823680,2130706432,2125463552,2143289344,2141192192,2120220672,2138570752,2132541440,2797532066
2134900736,2138046464,2131755008,2109734912,2124414976,2139095040,2135949312,2114977792,2128609280,2128609280,2797548066
2116026368,2147483648,2143289344,2126512128,2126512128,2143289344,2141192192,2121269248,2133327872,2133065728,2797564065
2122317824,2151677952,2148532224,2134900736,2133852160,2150629376,2150629376,2133852160,2139357184,2142240768,2797580086
2128609280,2165309440,2164260864,2154823680,2135949312,2155872256,2154823680,2139095040,2153250816,2146435072,2797596088
2133852160,2164260864,2157969408,2144337920,2133852160,2150629376,2149580800,2133852160,2150105088,2141978624,2797612087
2143289344,2146435072,2146435072,2122317824,2127560704,2145386496,2141192192,2122317824,2139619328,2134114304,2797628086
2136997888,2132803584,2134900736,2108686336,2122317824,2140143616,2135949312,2116026368,2128347136,2128609280,2797644109
2131755008,2130706432,2130706432,2107637760,2126512128,2142240768,2140143616,2120220672,2125201408,2132279296,2797661001
2139095040,2139095040,2139095040,2117074944,2132803584,2149580800,2148532224,2130706432,2133590016,2140405760,2797677001
2136997888,2160066560,2159017984,2146435072,2136997888,2154823680,2154823680,2139095040,2150629376,2146435072,2797693001
2129657856,2164260864,2154823680,2151677952,2134900736,2152726528,2151677952,2135949312,2150105088,2143813632,2797709001
2142240768,2144337920,2142240768,2125463552,2128609280,2145386496,2143289344,2124414976,2138570752,2135425024,2797725025
2117074944,2155872256,2150629376,2129657856,2123366400,2142240768,2138046464,2116026368,2138308608,2129920000,2797741023
2133852160,2133852160,2130706432,2106589184,2125463552,2140143616,2138046464,2118123520,2126249984,2130444288,2797757023
2130706432,2146435072,2150629376,2117074944,2130706432,2148532224,2147483648,2128609280,2136211456,2138832896,2797773023
2135949312,2147483648,2142240768,2127560704,2135949312,2154823680,2152726528,2138046464,2138308608,2145386496,2797789045
2133852160,2166358016,2170552320,2148532224,2135949312,2154823680,2152726528,2138046464,2154823680,2145386496,2797805045
2135949312,2147483648,2147483648,2126512128,2129657856,2147483648,2145386496,2126512128,2139357184,2137260032,2797821043
2122317824,2142240768,2147483648,2121269248,2124414976,2140143616,2136997888,2117074944,2133327872,2129657856,2797837045
2125463552,2146435072,2138046464,2111832064,2123366400,2141192192,2136997888,2117074944,2130444288,2129657856,2797853067
2129657856,2136997888,2133852160,2113929216,2129657856,2146435072,2143289344,2125463552,2128609280,2136211456,2797869067
2127560704,2144337920,2142240768,2129657856,2134900736,2152726528,2151677952,2135949312,2135949312,2143813632,2797885066
2144337920,2148532224,2156920832,2131755008,2136997888,2154823680,2153775104,2139095040,2145386496,2146172928,2797901068
2130706432,2161115136,2167406592,2143289344,2131755008,2150629376,2147483648,2130706432,2150629376,2140143616,2797917087
2121269248,2140143616,2142240768,2121269248,2126512128,2142240768,2139095040,2120220672,2131230720,2132017152,2797933090
2130706432,2144337920,2133852160,2120220672,2122317824,2141192192,2135949312,2117074944,2132279296,2129133568,2797949086
2127560704,2152726528,2144337920,2123366400,2127560704,2144337920,2141192192,2122317824,2136997888,2133852160,2797965088
2123366400,2162163712,2153775104,2146435072,2133852160,2151677952,2150629376,2133852160,2146435072,2142502912,2797981111
2146435072,2147483648,2146435072,2130706432,2136997888,2155872256,2154823680,2139095040,2142765056,2146697216,2797997109
2128609280,2155872256,2155872256,2142240768,2132803584,2151677952,2149580800,2132803584,2145648640,2141716480,2798014001
2122317824,2140143616,2147483648,2123366400,2126512128,2142240768,2140143616,2120220672,2133327872,2132279296,2798030001
2117074944,2136997888,2132803584,2116026368,2122317824,2140143616,2136997888,2114977792,2125725696,2128609280,2798046001
2134900736,2138046464,2129657856,2111832064,2126512128,2143289344,2140143616,2121269248,2128609280,2132803584,2798062024
2132803584,2138046464,2135949312,2122317824,2132803584,2150629376,2148532224,2131755008,2132279296,2140930048,2798078023
2144337920,2147483648,2146435072,2127560704,2136997888,2154823680,2154823680,2139095040,2141454336,2146435072,2798094024
2145386496,2146435072,2144337920,2130706432,2134900736,2152726528,2150629376,2134900736,2141716480,2143289344,2798110024
2123366400,2147483648,2149580800,2130706432,2127560704,2144337920,2143289344,2123366400,2137784320,2134638592,2798126046
2129657856,2134900736,2131755008,2111832064,2123366400,2140143616,2135949312,2116026368,2127036416,2128871424,2798142044
2133852160,2143289344,2128609280,2107637760,2125463552,2142240768,2138046464,2118123520,2128347136,2130968576,2798158045
2128609280,2156920832,2148532224,2130706432,2130706432,2149580800,2146435072,2128609280,2141192192,2138832896,2798174045
2132803584,2147483648,2143289344,2130706432,2136997888,2154823680,2153775104,2138046464,2138570752,2145910784,2798190067
2129657856,2151677952,2148532224,2136997888,2134900736,2153775104,2152726528,2136997888,2141716480,2144600064,2798206066
2142240768,2142240768,2142240768,2128609280,2129657856,2147483648,2145386496,2127560704,2138832896,2137522176,2798222068
2121269248,2135949312,2133852160,2116026368,2122317824,2142240768,2138046464,2118123520,2126774272,2130182144,2798238065
2132803584,2133852160,2131755008,2110783488,2123366400,2141192192,2138046464,2117074944,2127298560,2129920000,2798254087
2123366400,2154823680,2146435072,2125463552,2129657856,2147483648,2145386496,2126512128,2137522176,2137260032,2798270086
2133852160,2142240768,2144337920,2125463552,2134900736,2153775104,2152726528,2136997888,2136473600,2144600064,2798286087
2133852160,2166358016,2164260864,2151677952,2136997888,2154823680,2154823680,2138046464,2154037248,2146172928,2798302087
2132803584,2166358016,2163212288,2146435072,2130706432,2149580800,2147483648,2130706432,2152202240,2139619328,2798318110
2129657856,2138046464,2138046464,2119172096,2125463552,2141192192,2138046464,2119172096,2131230720,2130968576,2798334105
2119172096,2149580800,2148532224,2119172096,2123366400,2141192192,2135949312,2117074944,2134114304,2129395712,2798351001
2126512128,2133852160,2133852160,2112880640,2127560704,2145386496,2143289344,2123366400,2126774272,2134900736,2798367001
2132803584,2146435072,2152726528,2127560704,2133852160,2152726528,2151677952,2135949312,2139881472,2143551488,2798383001
2131755008,2165309440,2167406592,2150629376,2136997888,2154823680,2153775104,2139095040,2153775104,2146172928,2798399001
2139095040,2147483648,2148532224,2129657856,2132803584,2150629376,2148532224,2131755008,2141192192,2140930048,2798415023
2127560704,2160066560,2148532224,2132803584,2125463552,2144337920,2141192192,2121269248,2142240768,2133065728,2798431024
2114977792,2138046464,2132803584,2118123520,2122317824,2140143616,2135949312,2116026368,2125987840,2128609280,2798447024
2116026368,2153775104,2147483648,2127560704,2126512128,2143289344,2140143616,2121269248,2136211456,2132803584,2798463022
2131755008,2154823680,2152726528,2129657856,2133852160,2150629376,2149580800,2132803584,2142240768,2141716480,2798479047
2143289344,2161115136,2146435072,2141192192,2135949312,2155872256,2154823680,2140143616,2148007936,2146697216,2798495045
2136997888,2162163712,2160066560,2144337920,2134900736,2152726528,2149580800,2134900736,2150891520,2143027200,2798511046
2135949312,2139095040,2139095040,2119172096,2127560704,2145386496,2142240768,2123366400,2133327872,2134638592,2798527045
2121269248,2134900736,2134900736,2113929216,2122317824,2141192192,2136997888,2117074944,2126249984,2129395712,2798543066
2117074944,2134900736,2131755008,2113929216,2124414976,2142240768,2138046464,2119172096,2124414976,2130968576,2798559066
2123366400,2156920832,2152726528,2129657856,2131755008,2149580800,2146435072,2129657856,2140667904,2139357184,2798575066
2146435072,2146435072,2145386496,2129657856,2135949312,2154823680,2153775104,2139095040,2141978624,2145910784,2798591066
2130706432,2155872256,2163212288,2147483648,2134900736,2154823680,2152726528,2136997888,2149318656,2144862208,2798607088
2125463552,2149580800,2155872256,2134900736,2129657856,2145386496,2144337920,2125463552,2141454336,2136211456,2798623087
2125463552,2133852160,2133852160,2112880640,2124414976,2140143616,2136997888,2117074944,2126512128,2129657856,2798639089
2117074944,2132803584,2129657856,2110783488,2123366400,2141192192,2139095040,2117074944,2122579968,2130182144,2798655085
2136997888,2139095040,2144337920,2113929216,2130706432,2146435072,2145386496,2126512128,2133590016,2137260032,2798671110
2127560704,2148532224,2148532224,2133852160,2135949312,2152726528,2152726528,2136997888,2139619328,2144600064,2798688001
2132803584,2165309440,2170552320,2147483648,2136997888,2153775104,2153775104,2136997888,2154037248,2145386496,2798704001
2138046464,2146435072,2144337920,2128609280,2129657856,2148532224,2146435072,2128609280,2139357184,2138308608,2798720001
2117074944,2151677952,2144337920,2132803584,2124414976,2141192192,2138046464,2117074944,2136473600,2130182144,2798736001
2131755008,2134900736,2130706432,2107637760,2124414976,2141192192,2135949312,2116026368,2126249984,2129395712,2798752023
2132803584,2146435072,2136997888,2116026368,2127560704,2145386496,2143289344,2125463552,2133065728,2135425024,2798768024
2129657856,2146435072,2144337920,2129657856,2134900736,2152726528,2152726528,2135949312,2137522176,2144075776,2798784025
2129657856,2160066560,2152726528,2149580800,2135949312,2155872256,2154823680,2139095040,2148007936,2146435072,2798800023
2127560704,2160066560,2160066560,2146435072,2132803584,2149580800,2147483648,2129657856,2148532224,2139881472,2798816044
2120220672,2143289344,2143289344,2122317824,2125463552,2143289344,2139095040,2120220672,2132279296,2132017152,2798832045
2117074944,2136997888,2134900736,2116026368,2123366400,2140143616,2135949312,2116026368,2126249984,2128871424,2798848045
2125463552,2133852160,2135949312,2113929216,2126512128,2144337920,2141192192,2122317824,2127298560,2133590016,2798864046
2124414976,2145386496,2141192192,2128609280,2133852160,2151677952,2150629376,2133852160,2134900736,2142502912,2798880069
2128609280,2167406592,2160066560,2157969408,2135949312,2155872256,2154823680,2139095040,2153512960,2146435072,2798896067
2151677952,2147483648,2149580800,2127560704,2133852160,2151677952,2149580800,2134900736,2144075776,2142502912,2798912065
2129657856,2160066560,2155872256,2135949312,2127560704,2145386496,2142240768,2123366400,2145386496,2134638592,2798928066
2117074944,2141192192,2147483648,2118123520,2122317824,2140143616,2135949312,2114977792,2130968576,2128347136,2798944088
2114977792,2133852160,2132803584,2112880640,2126512128,2142240768,2139095040,2120220672,2123628544,2132017152,2798960088
2138046464,2150629376,2135949312,2121269248,2130706432,2151677952,2147483648,2131755008,2136473600,2140405760,2798976087
2139095040,2147483648,2144337920,2127560704,2136997888,2154823680,2153775104,2139095040,2139619328,2146172928,2798992087
2142240768,2161115136,2159017984,2144337920,2134900736,2153775104,2152726528,2136997888,2151677952,2144600064,2799008108
2127560704,2163212288,2156920832,2142240768,2128609280,2146435072,2144337920,2125463552,2147483648,2136211456,2799024112
2119172096,2150629376,2150629376,2127560704,2122317824,2141192192,2136997888,2117074944,2136997888,2129395712,2799041001
2118123520,2141192192,2128609280,2118123520,2123366400,2142240768,2138046464,2118123520,2126512128,2130444288,2799057001
2129657856,2155872256,2146435072,2126512128,2130706432,2148532224,2146435072,2128609280,2139619328,2138570752,2799073001
2129657856,2147483648,2147483648,2130706432,2135949312,2154823680,2153775104,2138046464,2138832896,2145648640,2799089024
2129657856,2160066560,2149580800,2145386496,2135949312,2153775104,2153775104,2136997888,2146172928,2145124352,2799105022
2139095040,2152726528,2156920832,2129657856,2130706432,2147483648,2145386496,2127560704,2144600064,2137784320,2799121024
2124414976,2150629376,2153775104,2125463552,2123366400,2142240768,2138046464,2118123520,2138570752,2130444288,2799137024
2118123520,2136997888,2130706432,2116026368,2123366400,2141192192,2136997888,2117074944,2125463552,2129657856,2799153045
2127560704,2134900736,2139095040,2110783488,2128609280,2146435072,2144337920,2125463552,2128084992,2136211456,2799169044
2141192192,2145386496,2141192192,2126512128,2135949312,2154823680,2151677952,2136997888,2138570752,2144862208,2799185046
2129657856,2155872256,2163212288,2143289344,2135949312,2155872256,2154823680,2140143616,2148007936,2146697216,2799201045
2128609280,2160066560,2156920832,2147483648,2131755008,2149580800,2147483648,2130706432,2148270080,2139881472,2799217068
2132803584,2139095040,2139095040,2117074944,2125463552,2142240768,2139095040,2119172096,2132017152,2131492864,2799233065
2116026368,2153775104,2143289344,2129657856,2122317824,2141192192,2135949312,2117074944,2135687168,2129133568,2799249067
2119172096,2141192192,2132803584,2122317824,2126512128,2144337920,2142240768,2122317824,2128871424,2133852160,2799265068
2123366400,2151677952,2154823680,2136997888,2134900736,2151677952,2149580800,2133852160,2141716480,2142502912,2799281089
2147483648,2162163712,2156920832,2138046464,2136997888,2154823680,2152726528,2139095040,2151153664,2145910784,2799297088
2128609280,2164260864,2159017984,2148532224,2133852160,2151677952,2149580800,2133852160,2150105088,2142240768,2799313089
2123366400,2143289344,2148532224,2126512128,2127560704,2144337920,2141192192,2122317824,2135425024,2133852160,2799329088
2116026368,2155872256,2142240768,2130706432,2123366400,2140143616,2135949312,2116026368,2136211456,2128871424,2799345109
2114977792,2143289344,2132803584,2122317824,2125463552,2142240768,2140143616,2120220672,2128347136,2132017152,2799361109
2135949312,2138046464,2138046464,2121269248,2132803584,2150629376,2148532224,2132803584,2133327872,2141192192,2799378001
2130706432,2148532224,2147483648,2133852160,2136997888,2155872256,2154823680,2139095040,2140143616,2146697216,2799394001
2134900736,2169503744,2169503744,2146435072,2134900736,2152726528,2151677952,2134900736,2155085824,2143551488,2799410001
2126512128,2160066560,2155872256,2143289344,2127560704,2145386496,2143289344,2125463552,2146435072,2135425024,2799426001
2117074944,2143289344,2133852160,2122317824,2123366400,2140143616,2136997888,2116026368,2129133568,2129133568,2799442023
2126512128,2134900736,2131755008,2106589184,2125463552,2142240768,2138046464,2119172096,2124939264,2131230720,2799458023
2140143616,2138046464,2136997888,2118123520,2130706432,2148532224,2147483648,2128609280,2133327872,2138832896,2799474023
2132803584,2166358016,2161115136,2146435072,2135949312,2154823680,2153775104,2138046464,2151677952,2145648640,2799490025
2128609280,2157969408,2151677952,2147483648,2134900736,2153775104,2152726528,2136997888,2146435072,2144600064,2799506045
2127560704,2164260864,2161115136,2139095040,2129657856,2147483648,2145386496,2126512128,2148007936,2137260032,2799522045
2118123520,2142240768,2135949312,2121269248,2124414976,2141192192,2135949312,2117074944,2129395712,2129657856,2799538046
2116026368,2136997888,2130706432,2113929216,2123366400,2140143616,2136997888,2117074944,2124414976,2129395712,2799554044
2122317824,2155872256,2151677952,2130706432,2129657856,2146435072,2144337920,2125463552,2140143616,2136473600,2799570069
2127560704,2147483648,2143289344,2131755008,2135949312,2153775104,2151677952,2135949312,2137522176,2144337920,2799586067
2133852160,2170552320,2163212288,2147483648,2136997888,2155872256,2153775104,2139095040,2153775104,2146435072,2799602068
2128609280,2165309440,2160066560,2145386496,2131755008,2149580800,2146435072,2129657856,2149842944,2139357184,2799618064
2121269248,2138046464,2140143616,2121269248,2124414976,2141192192,2138046464,2118123520,2130182144,2130444288,2799634088
2129657856,2133852160,2129657856,2108686336,2123366400,2140143616,2135949312,2116026368,2125463552,2128871424,2799650089
2127560704,2150629376,2145386496,2125463552,2126512128,2145386496,2142240768,2124414976,2137260032,2134638592,2799666088
2125463552,2153775104,2153775104,2136997888,2133852160,2151677952,2150629376,2133852160,2142502912,2142502912,2799682085
2129657856,2151677952,2149580800,2140143616,2135949312,2155872256,2153775104,2139095040,2142765056,2146172928,2799698109
2134900736,2165309440,2165309440,2146435072,2132803584,2150629376,2149580800,2131755008,2152988672,2141192192,2799715001
2125463552,2140143616,2138046464,2121269248,2125463552,2143289344,2140143616,2121269248,2131230720,2132541440,2799731001
2134900736,2135949312,2140143616,2108686336,2123366400,2139095040,2135949312,2116026368,2129920000,2128609280,2799747001
2130706432,2138046464,2128609280,2112880640,2127560704,2142240768,2140143616,2121269248,2127560704,2132803584,2799763001
2123366400,2156920832,2153775104,2138046464,2132803584,2150629376,2149580800,2132803584,2143027200,2141454336,2799779024
2129657856,2165309440,2155872256,2150629376,2136997888,2155872256,2153775104,2139095040,2150367232,2146435072,2799795023
2143289344,2154823680,2146435072,2133852160,2133852160,2151677952,2151677952,2134900736,2144600064,2143027200,2799811023
2125463552,2148532224,2138046464,2131755008,2128609280,2145386496,2141192192,2123366400,2135949312,2134638592,2799827024
2126512128,2148532224,2146435072,2123366400,2122317824,2140143616,2135949312,2116026368,2136211456,2128609280,2799843045
2138046464,2134900736,2129657856,2107637760,2125463552,2143289344,2138046464,2119172096,2127560704,2131492864,2799859046
2126512128,2140143616,2134900736,2120220672,2131755008,2149580800,2147483648,2129657856,2130444288,2139619328,2799875044
2144337920,2144337920,2144337920,2127560704,2136997888,2154823680,2153775104,2138046464,2140143616,2145910784,2799891045
2147483648,2157969408,2156920832,2140143616,2135949312,2153775104,2152726528,2136997888,2150629376,2144862208,2799907069
2132803584,2159017984,2153775104,2138046464,2129657856,2146435072,2144337920,2125463552,2145910784,2136473600,2799923068
2133852160,2134900736,2131755008,2110783488,2124414976,2140143616,2136997888,2117074944,2127822848,2129657856,2799939066
2114977792,2136997888,2136997888,2113929216,2123366400,2141192192,2138046464,2118123520,2125725696,2130182144,2799955066
2118123520,2153775104,2143289344,2133852160,2129657856,2146435072,2144337920,2126512128,2137260032,2136735744,2799971088
2142240768,2154823680,2150629376,2134900736,2135949312,2153775104,2152726528,2136997888,2145648640,2144862208,2799987088
2142240768,2149580800,2147483648,2131755008,2136997888,2154823680,2153775104,2138046464,2142765056,2145910784,2800003088
2139095040,2152726528,2154823680,2129657856,2130706432,2149580800,2147483648,2129657856,2144075776,2139357184,2800019087
2119172096,2147483648,2142240768,2130706432,2124414976,2142240768,2138046464,2119172096,2134900736,2130968576,2800035110
2130706432,2140143616,2131755008,2106589184,2123366400,2140143616,2135949312,2116026368,2127298560,2128871424,2800051110
2132803584,2144337920,2143289344,2117074944,2127560704,2146435072,2143289344,2125463552,2134376448,2135687168,2800068001
2125463552,2155872256,2150629376,2139095040,2134900736,2152726528,2151677952,2134900736,2142765056,2143551488,2800084001
2130706432,2155872256,2147483648,2143289344,2136997888,2155872256,2153775104,2139095040,2144337920,2146435072,2800100001
2136997888,2145386496,2144337920,2134900736,2131755008,2150629376,2147483648,2131755008,2140405760,2140405760,2800116024
2133852160,2141192192,2134900736,2122317824,2125463552,2142240768,2139095040,2120220672,2133065728,2131755008,2800132024
2117074944,2134900736,2129657856,2113929216,2122317824,2140143616,2135949312,2116026368,2123890688,2128609280,2800148024
2119172096,2133852160,2128609280,2114977792,2126512128,2144337920,2141192192,2122317824,2124152832,2133590016,2800164024
2124414976,2161115136,2155872256,2143289344,2132803584,2151677952,2149580800,2133852160,2146172928,2141978624,2800180045
2142240768,2149580800,2145386496,2131755008,2136997888,2154823680,2153775104,2139095040,2142240768,2146172928,2800196044
2132803584,2164260864,2171600896,2148532224,2134900736,2150629376,2150629376,2133852160,2154299392,2142502912,2800212046
2138046464,2140143616,2140143616,2122317824,2126512128,2145386496,2142240768,2123366400,2135162880,2134376448,2800228046
2134900736,2135949312,2130706432,2109734912,2124414976,2140143616,2135949312,2114977792,2127822848,2128871424,2800244066
2127560704,2134900736,2130706432,2109734912,2124414976,2143289344,2139095040,2120220672,2125725696,2131755008,2800260065
2129657856,2139095040,2135949312,2121269248,2131755008,2149580800,2147483648,2130706432,2131492864,2139881472,2800276066
2128609280,2160066560,2154823680,2147483648,2136997888,2154823680,2152726528,2139095040,2147745792,2145910784,2800292068
2147483648,2150629376,2152726528,2134900736,2134900736,2153775104,2152726528,2135949312,2146435072,2144337920,2800308088
2140143616,2152726528,2146435072,2124414976,2128609280,2146435072,2144337920,2125463552,2140930048,2136211456,2800324088
2130706432,2150629376,2145386496,2121269248,2123366400,2141192192,2135949312,2117074944,2136997888,2129395712,2800340088
2134900736,2132803584,2142240768,2104492032,2124414976,2141192192,2138046464,2117074944,2128609280,2130182144,2800356087
2138046464,2138046464,2138046464,2118123520,2129657856,2148532224,2146435072,2128609280,2133065728,2138308608,2800372107
2143289344,2144337920,2146435072,2125463552,2135949312,2153775104,2152726528,2136997888,2139881472,2144862208,2800388107
2142240768,2147483648,2146435072,2131755008,2136997888,2154823680,2153775104,2138046464,2141978624,2145910784,2800405001
2130706432,2160066560,2157969408,2133852160,2130706432,2148532224,2145386496,2127560704,2145648640,2138046464,2800421001
2118123520,2141192192,2139095040,2122317824,2124414976,2141192192,2138046464,2118123520,2130182144,2130444288,2800437001
2122317824,2132803584,2134900736,2109734912,2124414976,2141192192,2136997888,2116026368,2124939264,2129657856,2800453000
2117074944,2151677952,2150629376,2129657856,2128609280,2147483648,2144337920,2126512128,2137260032,2136735744,2800469024
2126512128,2163212288,2153775104,2148532224,2134900736,2152726528,2151677952,2135949312,2148007936,2143813632,2800485024
2147483648,2161115136,2156920832,2142240768,2136997888,2154823680,2154823680,2138046464,2151940096,2146172928,2800501023
2128609280,2164260864,2161115136,2142240768,2131755008,2149580800,2147483648,2130706432,2149056512,2139881472,2800517023
2122317824,2162163712,2155872256,2139095040,2125463552,2142240768,2139095040,2119172096,2144862208,2131492864,2800533046
2124414976,2148532224,2146435072,2121269248,2122317824,2140143616,2136997888,2116026368,2135162880,2128871424,2800549046
2117074944,2139095040,2136997888,2119172096,2126512128,2145386496,2141192192,2123366400,2128084992,2134114304,2800565047
2133852160,2160066560,2152726528,2136997888,2132803584,2152726528,2150629376,2134900736,2145910784,2142765056,2800581044
2131755008,2164260864,2168455168,2146435072,2136997888,2155872256,2153775104,2139095040,2152726528,2146435072,2800597067
2150629376,2146435072,2148532224,2130706432,2132803584,2151677952,2150629376,2133852160,2144075776,2142240768,2800613067
2120220672,2161115136,2151677952,2142240768,2127560704,2144337920,2142240768,2121269248,2143813632,2133852160,2800629067
2134900736,2134900736,2131755008,2107637760,2123366400,2140143616,2136997888,2116026368,2127298560,2129133568,2800645064
2117074944,2134900736,2130706432,2111832064,2125463552,2143289344,2139095040,2120220672,2123628544,2132017152,2800661090
2122317824,2156920832,2151677952,2138046464,2131755008,2150629376,2148532224,2131755008,2142240768,2140667904,2800677087
2146435072,2144337920,2146435072,2129657856,2136997888,2154823680,2154823680,2139095040,2141716480,2146435072,2800693087
2129657856,2170552320,2161115136,2154823680,2134900736,2152726528,2151677952,2135949312,2154037248,2143813632,2800709085
2133852160,2141192192,2141192192,2123366400,2127560704,2146435072,2144337920,2124414976,2134900736,2135687168,2800725110
2117074944,2150629376,2148532224,2131755008,2122317824,2141192192,2136997888,2117074944,2136997888,2129395712,2800742001
2129657856,2131755008,2128609280,2106589184,2125463552,2141192192,2138046464,2118123520,2124152832,2130706432,2800758001
2139095040,2141192192,2136997888,2117074944,2130706432,2148532224,2146435072,2129657856,2133590016,2138832896,2800774001
2138046464,2147483648,2144337920,2127560704,2136997888,2154823680,2152726528,2139095040,2139357184,2145910784,2800790001
2133852160,2148532224,2151677952,2131755008,2135949312,2153775104,2151677952,2136997888,2141454336,2144600064,2800806023
2136997888,2156920832,2154823680,2129657856,2129657856,2147483648,2145386496,2127560704,2144600064,2137522176,2800822023
2133852160,2135949312,2133852160,2112880640,2123366400,2141192192,2138046464,2118123520,2129133568,2130182144,2800838024
2114977792,2136997888,2132803584,2114977792,2123366400,2140143616,2136997888,2117074944,2124939264,2129395712,2800854024
2122317824,2155872256,2149580800,2131755008,2129657856,2147483648,2144337920,2126512128,2139881472,2136997888,2800870045
2145386496,2146435072,2145386496,2127560704,2135949312,2154823680,2152726528,2136997888,2141192192,2145124352,2800886046
2132803584,2170552320,2166358016,2149580800,2135949312,2155872256,2153775104,2139095040,2154823680,2146172928,2800902044
2149580800,2143289344,2146435072,2125463552,2131755008,2149580800,2147483648,2130706432,2141192192,2139881472,2800918045
2138046464,2139095040,2135949312,2117074944,2125463552,2143289344,2139095040,2119172096,2132541440,2131755008,2800934068
2135949312,2135949312,2130706432,2106589184,2124414976,2140143616,2135949312,2116026368,2127298560,2129133568,2800950067
2122317824,2152726528,2150629376,2129657856,2127560704,2145386496,2142240768,2123366400,2138832896,2134638592,2800966065
2124414976,2152726528,2148532224,2138046464,2133852160,2151677952,2150629376,2134900736,2140930048,2142765056,2800982068
2138046464,2161115136,2163212288,2141192192,2136997888,2155872256,2154823680,2139095040,2150891520,2146697216,2800998088
2128609280,2155872256,2145386496,2141192192,2132803584,2151677952,2149580800,2132803584,2142765056,2141716480,2801014090
2135949312,2143289344,2146435072,2119172096,2125463552,2144337920,2141192192,2121269248,2136211456,2133065728,2801030084
2116026368,2138046464,2135949312,2119172096,2123366400,2139095040,2135949312,2114977792,2127298560,2128347136,2801046087
2132803584,2134900736,2138046464,2108686336,2127560704,2143289344,2140143616,2121269248,2128609280,2133065728,2801062110
2126512128,2161115136,2157969408,2134900736,2132803584,2150629376,2149580800,2131755008,2145124352,2141192192,2801078111
2129657856,2160066560,2152726528,2147483648,2136997888,2155872256,2153775104,2139095040,2147483648,2146435072,2801095001
2143289344,2156920832,2146435072,2136997888,2133852160,2152726528,2150629376,2134900736,2145910784,2143027200,2801111001
2138046464,2140143616,2140143616,2121269248,2127560704,2145386496,2142240768,2123366400,2134900736,2134638592,2801127001
2130706432,2134900736,2131755008,2109734912,2123366400,2140143616,2135949312,2116026368,2126774272,2128871424,2801143023
2130706432,2135949312,2133852160,2111832064,2125463552,2141192192,2139095040,2118123520,2128084992,2130968576,2801159024
2124414976,2154823680,2152726528,2133852160,2130706432,2149580800,2147483648,2130706432,2141454336,2139619328,2801175025
2145386496,2147483648,2144337920,2127560704,2135949312,2154823680,2153775104,2139095040,2141192192,2145910784,2801191024
2143289344,2161115136,2156920832,2142240768,2135949312,2153775104,2152726528,2136997888,2150891520,2144862208,2801207046
2126512128,2149580800,2147483648,2133852160,2129657856,2146435072,2144337920,2125463552,2139357184,2136473600,2801223045
2117074944,2133852160,2139095040,2117074944,2124414976,2141192192,2136997888,2117074944,2126774272,2129920000,2801239046
2116026368,2136997888,2131755008,2116026368,2123366400,2141192192,2138046464,2118123520,2125201408,2130182144,2801255044
2138046464,2138046464,2133852160,2116026368,2130706432,2146435072,2144337920,2126512128,2131492864,2136997888,2801271067
2125463552,2161115136,2159017984,2146435072,2134900736,2153775104,2152726528,2138046464,2148007936,2144862208,2801287065
2131755008,2152726528,2154823680,2140143616,2135949312,2154823680,2153775104,2138046464,2144862208,2145648640,2801303066
2127560704,2151677952,2152726528,2135949312,2131755008,2148532224,2147483648,2130706432,2141978624,2139619328,2801319068
2119172096,2147483648,2143289344,2129657856,2124414976,2141192192,2139095040,2119172096,2134900736,2130968576,2801335088
2118123520,2132803584,2132803584,2112880640,2123366400,2140143616,2135949312,2116026368,2124152832,2128871424,2801351086
2120220672,2157969408,2149580800,2131755008,2127560704,2145386496,2143289344,2124414976,2139881472,2135162880,2801367087
2138046464,2144337920,2141192192,2124414976,2133852160,2152726528,2151677952,2135949312,2136997888,2143551488,2801383089
2129657856,2164260864,2159017984,2152726528,2135949312,2155872256,2153775104,2140143616,2151415808,2146435072,2801399110
2142240768,2151677952,2156920832,2129657856,2132803584,2150629376,2148532224,2131755008,2145124352,2140930048,2801415108
2123366400,2147483648,2143289344,2132803584,2126512128,2142240768,2140143616,2120220672,2136735744,2132279296,2801432001
2120220672,2153775104,2144337920,2123366400,2123366400,2140143616,2135949312,2116026368,2135425024,2128871424,2801448001
2116026368,2139095040,2132803584,2118123520,2126512128,2144337920,2141192192,2122317824,2126512128,2133590016,2801464001
2141192192,2141192192,2142240768,2121269248,2133852160,2150629376,2148532224,2132803584,2136473600,2141454336,2801480001
2150629376,2146435072,2147483648,2134900736,2138046464,2154823680,2153775104,2139095040,2144862208,2146435072,2801496023
2129657856,2150629376,2147483648,2136997888,2133852160,2152726528,2150629376,2134900736,2141192192,2143027200,2801512023
2122317824,2145386496,2143289344,2126512128,2126512128,2145386496,2142240768,2123366400,2134376448,2134376448,2801528024
2116026368,2142240768,2138046464,2125463552,2123366400,2140143616,2136997888,2116026368,2130444288,2129133568,2801544022
2116026368,2147483648,2142240768,2125463552,2124414976,2142240768,2139095040,2119172096,2132803584,2131230720,2801560045
2121269248,2156920832,2153775104,2138046464,2131755008,2150629376,2146435072,2130706432,2142502912,2139881472,2801576045
2147483648,2146435072,2146435072,2129657856,2136997888,2154823680,2154823680,2138046464,2142502912,2146172928,2801592047
2144337920,2146435072,2146435072,2132803584,2135949312,2153775104,2151677952,2135949312,2142502912,2144337920,2801608044
2138046464,2142240768,2142240768,2121269248,2128609280,2146435072,2143289344,2125463552,2135949312,2135949312,2801624065
2117074944,2135949312,2133852160,2119172096,2123366400,2141192192,2138046464,2117074944,2126512128,2129920000,2801640067
2117074944,2147483648,2147483648,2128609280,2124414976,2141192192,2136997888,2117074944,2135162880,2129920000,2801656066
2119172096,2154823680,2147483648,2136997888,2129657856,2148532224,2145386496,2128609280,2139619328,2138046464,2801672066
2126512128,2161115136,2154823680,2147483648,2135949312,2154823680,2153775104,2138046464,2147483648,2145648640,2801688086
2133852160,2168455168,2168455168,2151677952,2135949312,2154823680,2153775104,2138046464,2155610112,2145648640,2801704088
2126512128,2149580800,2147483648,2135949312,2130706432,2148532224,2145386496,2129657856,2139881472,2138570752,2801720089
2128609280,2136997888,2131755008,2114977792,2124414976,2142240768,2139095040,2118123520,2128084992,2130968576,2801736089
2129657856,2132803584,2127560704,2109734912,2123366400,2141192192,2136997888,2116026368,2124939264,2129395712,2801752108
2123366400,2138046464,2131755008,2119172096,2128609280,2146435072,2143289344,2125463552,2128084992,2135949312,2801769001
2136997888,2144337920,2141192192,2128609280,2134900736,2152726528,2151677952,2135949312,2137784320,2143813632,2801785001
2146435072,2159017984,2146435072,2134900736,2136997888,2155872256,2154823680,2138046464,2146697216,2146435072,2801801001
2139095040,2144337920,2144337920,2128609280,2131755008,2148532224,2147483648,2129657856,2139095040,2139357184,2801817001
2124414976,2157969408,2153775104,2130706432,2124414976,2143289344,2139095040,2120220672,2141716480,2131755008,2801833023
2128609280,2130706432,2128609280,2106589184,2123366400,2140143616,2135949312,2116026368,2123628544,2128871424,2801849024
2120220672,2150629376,2146435072,2125463552,2127560704,2145386496,2142240768,2122317824,2135687168,2134376448,2801865023
2139095040,2146435072,2146435072,2125463552,2133852160,2151677952,2150629376,2133852160,2139357184,2142502912,2801881023
2146435072,2148532224,2146435072,2130706432,2136997888,2155872256,2154823680,2139095040,2143027200,2146697216,2801897045
2135949312,2147483648,2147483648,2131755008,2132803584,2151677952,2149580800,2133852160,2140667904,2141978624,2801913046
2130706432,2156920832,2146435072,2129657856,2126512128,2144337920,2141192192,2121269248,2140930048,2133327872,2801929046
2117074944,2135949312,2133852160,2113929216,2122317824,2140143616,2136997888,2116026368,2125201408,2128871424,2801945045
2118123520,2155872256,2147483648,2128609280,2126512128,2143289344,2140143616,2120220672,2137522176,2132541440,2801961066
2128609280,2155872256,2150629376,2129657856,2131755008,2150629376,2147483648,2132803584,2141192192,2140667904,2801977069
2129657856,2149580800,2149580800,2132803584,2136997888,2154823680,2153775104,2138046464,2140405760,2145910784,2801993065
2146435072,2149580800,2147483648,2130706432,2134900736,2153775104,2151677952,2134900736,2143551488,2143813632,2802009069
2124414976,2145386496,2143289344,2130706432,2128609280,2145386496,2142240768,2124414976,2135949312,2135162880,2802025088
2120220672,2149580800,2150629376,2128609280,2123366400,2140143616,2135949312,2116026368,2137260032,2128871424,2802041091
2114977792,2135949312,2130706432,2112880640,2124414976,2141192192,2138046464,2117074944,2123628544,2130182144,2802057088
2138046464,2140143616,2132803584,2114977792,2130706432,2148532224,2146435072,2128609280,2131492864,2138570752,2802073087
2140143616,2144337920,2145386496,2128609280,2135949312,2154823680,2152726528,2138046464,2139619328,2145386496,2802089109
2132803584,2169503744,2168455168,2146435072,2136997888,2153775104,2152726528,2138046464,2154299392,2145386496,2802105109
2134900736,2148532224,2153775104,2125463552,2130706432,2146435072,2145386496,2125463552,2140667904,2136997888,2802122001
2118123520,2145386496,2143289344,2126512128,2124414976,2140143616,2136997888,2116026368,2133327872,2129395712,2802138001
2114977792,2138046464,2134900736,2117074944,2122317824,2141192192,2136997888,2117074944,2126249984,2129395712,2802154001
2135949312,2134900736,2133852160,2112880640,2129657856,2146435072,2144337920,2125463552,2129395712,2136473600,2802170024
2128609280,2162163712,2157969408,2147483648,2135949312,2153775104,2152726528,2136997888,2149056512,2144862208,2802186023
2138046464,2149580800,2152726528,2134900736,2136997888,2154823680,2152726528,2139095040,2143813632,2145910784,2802202023
2141192192,2159017984,2153775104,2143289344,2131755008,2149580800,2147483648,2130706432,2149318656,2139881472,2802218023
2122317824,2156920832,2154823680,2134900736,2124414976,2142240768,2138046464,2119172096,2142240768,2130968576,2802234045
2117074944,2147483648,2133852160,2126512128,2122317824,2141192192,2136997888,2116026368,2131230720,2129133568,2802250044
2129657856,2139095040,2141192192,2113929216,2127560704,2145386496,2142240768,2124414976,2130968576,2134900736,2802266047
2126512128,2159017984,2156920832,2135949312,2134900736,2151677952,2151677952,2134900736,2144600064,2143289344,2802282044
2141192192,2149580800,2146435072,2134900736,2136997888,2154823680,2153775104,2139095040,2143027200,2146172928,2802298066
2132803584,2150629376,2164260864,2138046464,2131755008,2151677952,2149580800,2133852160,2146435072,2141716480,2802314065
2120220672,2159017984,2150629376,2140143616,2126512128,2143289344,2141192192,2120220672,2142502912,2132803584,2802330066
2123366400,2150629376,2146435072,2126512128,2122317824,2141192192,2136997888,2116026368,2136735744,2129133568,2802346066
2120220672,2131755008,2129657856,2112880640,2126512128,2142240768,2140143616,2121269248,2123628544,2132541440,2802362089
2139095040,2149580800,2139095040,2123366400,2132803584,2151677952,2148532224,2133852160,2137784320,2141716480,2802378085
2130706432,2165309440,2165309440,2146435072,2136997888,2155872256,2154823680,2139095040,2151940096,2146697216,2802394087
2144337920,2156920832,2152726528,2132803584,2134900736,2152726528,2150629376,2134900736,2146697216,2143289344,2802410089
2125463552,2147483648,2142240768,2126512128,2127560704,2145386496,2143289344,2124414976,2135425024,2135162880,2802426111
2117074944,2149580800,2148532224,2132803584,2122317824,2140143616,2136997888,2116026368,2136997888,2128871424,2802442107
2129657856,2144337920,2138046464,2109734912,2125463552,2142240768,2138046464,2119172096,2130444288,2131230720,2802459001
2134900736,2150629376,2142240768,2122317824,2131755008,2149580800,2147483648,2130706432,2137522176,2139881472,2802475001
2148532224,2146435072,2146435072,2128609280,2136997888,2154823680,2153775104,2138046464,2142502912,2145910784,2802491001
2143289344,2156920832,2152726528,2136997888,2135949312,2153775104,2153775104,2136997888,2147483648,2145124352,2802507001
2144337920,2142240768,2142240768,2126512128,2130706432,2146435072,2144337920,2126512128,2138832896,2136997888,2802523023
2123366400,2152726528,2151677952,2131755008,2123366400,2140143616,2136997888,2117074944,2139881472,2129395712,2802539025
2131755008,2131755008,2128609280,2109734912,2124414976,2140143616,2136997888,2117074944,2125463552,2129657856,2802555023
2138046464,2135949312,2133852160,2114977792,2129657856,2148532224,2145386496,2127560704,2130706432,2137784320,2802571024
2141192192,2147483648,2152726528,2126512128,2134900736,2154823680,2152726528,2136997888,2141978624,2144862208,2802587045
2130706432,2167406592,2167406592,2146435072,2135949312,2154823680,2153775104,2138046464,2152988672,2145648640,2802603045
2126512128,2160066560,2159017984,2145386496,2131755008,2148532224,2146435072,2129657856,2147745792,2139095040,2802619045
2135949312,2139095040,2136997888,2114977792,2124414976,2143289344,2139095040,2119172096,2131755008,2131492864,2802635046
2132803584,2131755008,2130706432,2107637760,2123366400,2140143616,2136997888,2116026368,2125725696,2129133568,2802651067
2138046464,2146435072,2132803584,2117074944,2128609280,2146435072,2142240768,2125463552,2133590016,2135687168,2802667067
2123366400,2162163712,2151677952,2145386496,2133852160,2153775104,2150629376,2135949312,2145648640,2143551488,2802683067
2129657856,2151677952,2155872256,2141192192,2136997888,2154823680,2153775104,2139095040,2144600064,2146172928,2802699065
2127560704,2167406592,2162163712,2152726528,2132803584,2150629376,2148532224,2131755008,2152464384,2140930048,2802715086
2132803584,2136997888,2136997888,2117074944,2126512128,2143289344,2139095040,2121269248,2130968576,2132541440,2802731088
2116026368,2152726528,2147483648,2127560704,2123366400,2139095040,2135949312,2114977792,2135949312,2128347136,2802747090
2120220672,2146435072,2149580800,2126512128,2126512128,2144337920,2141192192,2121269248,2135687168,2133327872,2802763086
2124414976,2149580800,2152726528,2133852160,2133852160,2151677952,2149580800,2132803584,2140143616,2141978624,2802779107
2128609280,2164260864,2153775104,2151677952,2138046464,2153775104,2153775104,2138046464,2149580800,2145910784,2802796001
2130706432,2166358016,2166358016,2146435072,2132803584,2152726528,2150629376,2134900736,2152464384,2142765056,2802812001
2124414976,2162163712,2157969408,2141192192,2126512128,2145386496,2141192192,2123366400,2146435072,2134114304,2802828001
2121269248,2134900736,2133852160,2110783488,2123366400,2140143616,2135949312,2116026368,2125201408,2128871424,2802844001
2113929216,2155872256,2147483648,2127560704,2125463552,2142240768,2139095040,2119172096,2136211456,2131492864,2802860024
2126512128,2154823680,2150629376,2126512128,2131755008,2149580800,2148532224,2130706432,2139619328,2140143616,2802876024
2146435072,2147483648,2145386496,2130706432,2138046464,2155872256,2153775104,2139095040,2142502912,2146697216,2802892023
2142240768,2151677952,2147483648,2134900736,2135949312,2152726528,2152726528,2136997888,2144075776,2144600064,2802908023
2129657856,2145386496,2141192192,2128609280,2128609280,2146435072,2143289344,2125463552,2136211456,2135949312,2802924045
2138046464,2136997888,2133852160,2111832064,2123366400,2141192192,2138046464,2117074944,2130182144,2129920000,2802940045
2118123520,2155872256,2149580800,2123366400,2125463552,2141192192,2138046464,2118123520,2136735744,2130706432,2802956044
2122317824,2151677952,2154823680,2134900736,2130706432,2147483648,2145386496,2127560704,2140930048,2137784320,2802972045
2136997888,2142240768,2142240768,2128609280,2135949312,2154823680,2152726528,2138046464,2137522176,2145386496,2802988067
2132803584,2165309440,2163212288,2142240768,2135949312,2154823680,2153775104,2138046464,2150891520,2145648640,2803004067
2142240768,2154823680,2150629376,2138046464,2130706432,2147483648,2146435072,2127560704,2146435072,2138046464,2803020066
2129657856,2138046464,2134900736,2118123520,2124414976,2142240768,2138046464,2118123520,2130182144,2130706432,2803036067
2128609280,2132803584,2127560704,2112880640,2123366400,2139095040,2135949312,2116026368,2125463552,2128609280,2803052089
2119172096,2136997888,2131755008,2117074944,2128609280,2145386496,2142240768,2124414976,2126249984,2135162880,2803068088
2134900736,2155872256,2152726528,2129657856,2134900736,2152726528,2151677952,2135949312,2143289344,2143813632,2803084087
2142240768,2159017984,2157969408,2140143616,2136997888,2154823680,2153775104,2139095040,2149842944,2146172928,2803100088
2128609280,2156920832,2160066560,2145386496,2131755008,2149580800,2149580800,2130706432,2147745792,2140405760,2803116110
2132803584,2138046464,2136997888,2117074944,2125463552,2143289344,2139095040,2120220672,2131230720,2132017152,2803132107
2135949312,2131755008,2129657856,2106589184,2123366400,2140143616,2135949312,2116026368,2125987840,2128871424,2803149001
2118123520,2153775104,2153775104,2126512128,2127560704,2145386496,2141192192,2123366400,2138046464,2134376448,2803165001
2127560704,2159017984,2159017984,2142240768,2134900736,2151677952,2150629376,2133852160,2146959360,2142765056,2803181001
2128609280,2163212288,2162163712,2151677952,2136997888,2155872256,2154823680,2139095040,2151415808,2146697216,2803197024
2131755008,2154823680,2164260864,2142240768,2133852160,2152726528,2149580800,2133852160,2148270080,2142502912,2803213023
2123366400,2152726528,2148532224,2139095040,2127560704,2143289344,2141192192,2121269248,2140930048,2133327872,2803229024
2117074944,2135949312,2135949312,2114977792,2122317824,2140143616,2135949312,2116026368,2125987840,2128609280,2803245023
2132803584,2146435072,2133852160,2116026368,2125463552,2142240768,2140143616,2119172096,2132279296,2131755008,2803261045
2141192192,2141192192,2138046464,2120220672,2132803584,2150629376,2148532224,2131755008,2135162880,2140930048,2803277044
2141192192,2161115136,2156920832,2140143616,2136997888,2155872256,2154823680,2140143616,2149842944,2146959360,2803293046
2133852160,2161115136,2163212288,2144337920,2134900736,2152726528,2150629376,2135949312,2150629376,2143551488,2803309047
2138046464,2140143616,2140143616,2121269248,2128609280,2146435072,2143289344,2124414976,2134900736,2135687168,2803325069
2119172096,2141192192,2149580800,2123366400,2123366400,2140143616,2136997888,2116026368,2133327872,2129133568,2803341065
2124414976,2150629376,2141192192,2124414976,2124414976,2142240768,2138046464,2118123520,2135162880,2130706432,2803357068
2121269248,2154823680,2153775104,2133852160,2130706432,2148532224,2145386496,2127560704,2140930048,2138046464,2803373067
2141192192,2159017984,2150629376,2129657856,2136997888,2154823680,2152726528,2139095040,2145124352,2145910784,2803389087
2139095040,2163212288,2163212288,2146435072,2135949312,2154823680,2152726528,2138046464,2152988672,2145386496,2803405085
2128609280,2159017984,2165309440,2142240768,2130706432,2147483648,2146435072,2127560704,2148794368,2138046464,2803421088
2118123520,2148532224,2147483648,2130706432,2124414976,2141192192,2138046464,2118123520,2136211456,2130444288,2803437090
2117074944,2150629376,2147483648,2126512128,2124414976,2140143616,2136997888,2117074944,2135425024,2129657856,2803453110
2135949312,2146435072,2134900736,2114977792,2128609280,2146435072,2143289344,2126512128,2133065728,2136211456,2803469107
2127560704,2147483648,2142240768,2130706432,2134900736,2153775104,2151677952,2136997888,2136997888,2144337920,2803486001
2138046464,2159017984,2165309440,2134900736,2136997888,2155872256,2153775104,2139095040,2149318656,2146435072,2803502001
2130706432,2164260864,2166358016,2142240768,2130706432,2149580800,2147483648,2129657856,2150891520,2139357184,2803518001
2127560704,2157969408,2148532224,2131755008,2125463552,2142240768,2139095040,2119172096,2141454336,2131492864,2803534000
2116026368,2147483648,2139095040,2128609280,2123366400,2140143616,2135949312,2116026368,2132803584,2128871424,2803550022
2118123520,2138046464,2134900736,2117074944,2127560704,2145386496,2142240768,2123366400,2127036416,2134638592,2803566023
2136997888,2154823680,2146435072,2134900736,2134900736,2152726528,2151677952,2134900736,2143289344,2143551488,2803582023
2147483648,2159017984,2156920832,2135949312,2136997888,2155872256,2153775104,2139095040,2149842944,2146435072,2803598023
2147483648,2146435072,2157969408,2129657856,2133852160,2150629376,2149580800,2132803584,2145386496,2141716480,2803614046
2122317824,2157969408,2154823680,2135949312,2126512128,2144337920,2141192192,2121269248,2142765056,2133327872,2803630045
2118123520,2132803584,2132803584,2110783488,2122317824,2140143616,2135949312,2116026368,2123628544,2128609280,2803646045
2126512128,2133852160,2128609280,2110783488,2126512128,2143289344,2140143616,2121269248,2124939264,2132803584,2803662044
2126512128,2156920832,2156920832,2138046464,2131755008,2151677952,2148532224,2132803584,2144600064,2141192192,2803678066
2135949312,2145386496,2147483648,2131755008,2138046464,2154823680,2153775104,2139095040,2140143616,2146435072,2803694067
2146435072,2148532224,2146435072,2131755008,2134900736,2153775104,2151677952,2134900736,2143289344,2143813632,2803710067
2145386496,2153775104,2141192192,2129657856,2128609280,2145386496,2142240768,2123366400,2142502912,2134900736,2803726065
2133852160,2134900736,2131755008,2110783488,2123366400,2140143616,2135949312,2116026368,2127822848,2128871424,2803742089
2118123520,2142240768,2144337920,2121269248,2124414976,2143289344,2139095040,2119172096,2131492864,2131492864,2803758088
2121269248,2147483648,2140143616,2130706432,2130706432,2148532224,2146435072,2128609280,2134900736,2138570752,2803774087
2143289344,2144337920,2146435072,2127560704,2135949312,2154823680,2153775104,2138046464,2140405760,2145648640,2803790086
2144337920,2147483648,2145386496,2131755008,2134900736,2154823680,2152726528,2138046464,2142240768,2145124352,2803806109
2125463552,2147483648,2149580800,2131755008,2129657856,2146435072,2144337920,2125463552,2138570752,2136473600,2803823001
2119172096,2141192192,2136997888,2121269248,2123366400,2141192192,2136997888,2117074944,2129657856,2129657856,2803839001
2114977792,2139095040,2135949312,2117074944,2123366400,2141192192,2138046464,2117074944,2126774272,2129920000,2803855001
2132803584,2151677952,2145386496,2121269248,2130706432,2147483648,2145386496,2127560704,2137784320,2137784320,2803871001
2124414976,2154823680,2147483648,2142240768,2134900736,2154823680,2152726528,2138046464,2142240768,2145124352,2803887023
2143289344,2148532224,2146435072,2134900736,2135949312,2154823680,2153775104,2138046464,2143289344,2145648640,2803903023
2133852160,2146435072,2145386496,2131755008,2130706432,2149580800,2146435072,2130706432,2139357184,2139357184,2803919023
2120220672,2156920832,2151677952,2133852160,2125463552,2141192192,2138046464,2118123520,2140667904,2130706432,2803935024
2117074944,2139095040,2129657856,2118123520,2123366400,2140143616,2136997888,2116026368,2125987840,2129133568,2803951046
2119172096,2135949312,2132803584,2114977792,2127560704,2145386496,2142240768,2124414976,2125725696,2134900736,2803967044
2123366400,2153775104,2151677952,2140143616,2134900736,2152726528,2150629376,2134900736,2142240768,2143289344,2803983044
2141192192,2147483648,2147483648,2132803584,2136997888,2154823680,2153775104,2139095040,2142240768,2146172928,2803999045
2140143616,2148532224,2144337920,2130706432,2131755008,2150629376,2148532224,2131755008,2140930048,2140667904,2804015067
2135949312,2138046464,2135949312,2120220672,2126512128,2143289344,2139095040,2121269248,2132541440,2132541440,2804031066
2121269248,2149580800,2146435072,2120220672,2124414976,2140143616,2135949312,2116026368,2134376448,2129133568,2804047066
2120220672,2153775104,2146435072,2127560704,2125463552,2144337920,2140143616,2122317824,2136997888,2133065728,2804063066
2134900736,2145386496,2146435072,2122317824,2132803584,2151677952,2150629376,2133852160,2137260032,2142240768,2804079090
2133852160,2149580800,2145386496,2136997888,2138046464,2154823680,2153775104,2139095040,2141454336,2146435072,2804095086
2141192192,2159017984,2160066560,2136997888,2133852160,2152726528,2151677952,2134900736,2149318656,2143289344,2804111088
2134900736,2151677952,2154823680,2123366400,2127560704,2144337920,2142240768,2122317824,2141192192,2134114304,2804127089
2131755008,2144337920,2138046464,2110783488,2123366400,2140143616,2135949312,2116026368,2131230720,2128871424,2804143110
2117074944,2139095040,2130706432,2118123520,2124414976,2142240768,2138046464,2119172096,2126249984,2130968576,2804159108
2122317824,2143289344,2147483648,2122317824,2132803584,2148532224,2147483648,2130706432,2133852160,2139881472,2804176000
2142240768,2149580800,2144337920,2130706432,2136997888,2154823680,2153775104,2139095040,2141716480,2146172928,2804192001
2143289344,2150629376,2147483648,2131755008,2134900736,2152726528,2151677952,2135949312,2143289344,2143813632,2804208001
2123366400,2155872256,2147483648,2139095040,2128609280,2146435072,2144337920,2126512128,2141454336,2136473600,2804224023
2121269248,2157969408,2153775104,2131755008,2122317824,2141192192,2138046464,2117074944,2141192192,2129657856,2804240023
2114977792,2134900736,2130706432,2114977792,2124414976,2140143616,2136997888,2117074944,2123890688,2129657856,2804256023
2121269248,2142240768,2144337920,2123366400,2130706432,2148532224,2145386496,2127560704,2132803584,2138046464,2804272023
2130706432,2164260864,2162163712,2142240768,2135949312,2154823680,2153775104,2138046464,2149842944,2145648640,2804288044
2138046464,2164260864,2160066560,2144337920,2136997888,2154823680,2153775104,2138046464,2151677952,2145910784,2804304044
2131755008,2143289344,2151677952,2125463552,2130706432,2148532224,2146435072,2128609280,2138046464,2138570752,2804320045
2118123520,2142240768,2143289344,2124414976,2124414976,2142240768,2139095040,2118123520,2132017152,2130968576,2804336047
2119172096,2150629376,2146435072,2126512128,2123366400,2141192192,2136997888,2116026368,2135687168,2129395712,2804352068
2124414976,2136997888,2135949312,2116026368,2129657856,2145386496,2143289344,2124414976,2128347136,2135687168,2804368066
2126512128,2161115136,2159017984,2142240768,2134900736,2152726528,2152726528,2135949312,2147221504,2144075776,2804384067
2134900736,2164260864,2166358016,2146435072,2136997888,2154823680,2153775104,2140143616,2152988672,2146435072,2804400066
2128609280,2162163712,2160066560,2147483648,2132803584,2149580800,2147483648,2131755008,2149580800,2140405760,2804416088
2135949312,2135949312,2133852160,2117074944,2125463552,2143289344,2140143616,2120220672,2130706432,2132279296,2804432086
2117074944,2134900736,2132803584,2113929216,2123366400,2139095040,2135949312,2114977792,2124677120,2128347136,2804448087
2117074944,2141192192,2135949312,2122317824,2126512128,2145386496,2141192192,2123366400,2129133568,2134114304,2804464087
2127560704,2142240768,2139095040,2123366400,2133852160,2151677952,2150629376,2133852160,2133065728,2142502912,2804480110
2142240768,2146435072,2145386496,2130706432,2136997888,2155872256,2154823680,2139095040,2141192192,2146697216,2804496108
2148532224,2146435072,2146435072,2132803584,2133852160,2151677952,2150629376,2132803584,2143551488,2142240768,2804513001
2121269248,2147483648,2147483648,2128609280,2126512128,2144337920,2141192192,2121269248,2136211456,2133327872,2804529001
2131755008,2134900736,2131755008,2110783488,2122317824,2140143616,2136997888,2116026368,2127298560,2128871424,2804545001
2127560704,2131755008,2128609280,2110783488,2124414976,2143289344,2140143616,2120220672,2124677120,2132017152,2804561001
2123366400,2139095040,2141192192,2122317824,2132803584,2149580800,2147483648,2130706432,2131492864,2140143616,2804577024
2127560704,2164260864,2154823680,2151677952,2136997888,2155872256,2154823680,2140143616,2149580800,2146959360,2804593023
2129657856,2159017984,2154823680,2148532224,2133852160,2152726528,2151677952,2136997888,2148007936,2143813632,2804609024
2139095040,2156920832,2146435072,2133852160,2128609280,2146435072,2142240768,2124414976,2144075776,2135425024,2804625023
2132803584,2133852160,2132803584,2113929216,2122317824,2140143616,2138046464,2117074944,2128347136,2129395712,2804641044
2124414976,2147483648,2146435072,2119172096,2124414976,2142240768,2138046464,2119172096,2134376448,2130968576,2804657045
2120220672,2141192192,2143289344,2124414976,2130706432,2148532224,2145386496,2128609280,2132279296,2138308608,2804673047
2136997888,2156920832,2159017984,2142240768,2136997888,2154823680,2153775104,2138046464,2148794368,2145910784,2804689044
2141192192,2151677952,2159017984,2133852160,2135949312,2154823680,2152726528,2138046464,2146435072,2145386496,2804705066
2150629376,2145386496,2143289344,2126512128,2130706432,2148532224,2146435072,2127560704,2141454336,2138308608,2804721067
2121269248,2161115136,2154823680,2129657856,2124414976,2141192192,2138046464,2117074944,2141716480,2130182144,2804737067
2117074944,2132803584,2128609280,2110783488,2124414976,2140143616,2136997888,2116026368,2122317824,2129395712,2804753066
2118123520,2153775104,2136997888,2134900736,2129657856,2146435072,2143289344,2125463552,2135949312,2136211456,2804769088
2126512128,2144337920,2149580800,2129657856,2134900736,2153775104,2151677952,2136997888,2137522176,2144337920,2804785086
2140143616,2159017984,2161115136,2132803584,2135949312,2154823680,2154823680,2138046464,2148270080,2145910784,2804801090
2139095040,2147483648,2144337920,2130706432,2131755008,2149580800,2148532224,2130706432,2140405760,2140143616,2804817086
2123366400,2156920832,2153775104,2134900736,2125463552,2143289344,2140143616,2120220672,2142240768,2132279296,2804833109
2128609280,2134900736,2127560704,2109734912,2123366400,2140143616,2136997888,2116026368,2125201408,2129133568,2804850001
2117074944,2140143616,2139095040,2122317824,2128609280,2144337920,2141192192,2123366400,2129657856,2134376448,2804866001
2124414976,2147483648,2141192192,2130706432,2134900736,2151677952,2150629376,2133852160,2135949312,2142765056,2804882001
2133852160,2165309440,2167406592,2146435072,2138046464,2154823680,2155872256,2139095040,2153250816,2146959360,2804898001
2142240768,2156920832,2150629376,2141192192,2132803584,2150629376,2149580800,2132803584,2147745792,2141454336,2804914023
2122317824,2149580800,2152726528,2132803584,2126512128,2144337920,2141192192,2121269248,2139357184,2133327872,2804930024
2118123520,2133852160,2131755008,2111832064,2122317824,2140143616,2135949312,2116026368,2123890688,2128609280,2804946023
2114977792,2141192192,2132803584,2122317824,2126512128,2142240768,2140143616,2120220672,2127822848,2132279296,2804962023
2135949312,2139095040,2136997888,2119172096,2132803584,2150629376,2149580800,2131755008,2132803584,2141192192,2804978044
2129657856,2165309440,2166358016,2146435072,2136997888,2154823680,2153775104,2139095040,2151940096,2146172928,2804994045
2130706432,2151677952,2156920832,2139095040,2133852160,2152726528,2150629376,2135949312,2144600064,2143289344,2805010045
2139095040,2146435072,2141192192,2126512128,2127560704,2145386496,2142240768,2123366400,2138308608,2134638592,2805026045
2132803584,2132803584,2131755008,2109734912,2124414976,2140143616,2135949312,2116026368,2126774272,2129133568,2805042066
2116026368,2147483648,2144337920,2126512128,2124414976,2142240768,2138046464,2119172096,2133590016,2130968576,2805058068
2120220672,2142240768,2147483648,2123366400,2131755008,2149580800,2147483648,2129657856,2133327872,2139619328,2805074064
2146435072,2144337920,2145386496,2128609280,2135949312,2154823680,2153775104,2139095040,2141192192,2145910784,2805090068
2146435072,2146435072,2147483648,2132803584,2135949312,2153775104,2151677952,2136997888,2143289344,2144600064,2805106088
2125463552,2159017984,2160066560,2143289344,2129657856,2147483648,2145386496,2126512128,2146959360,2137260032,2805122088
2129657856,2146435072,2143289344,2117074944,2123366400,2141192192,2136997888,2118123520,2134114304,2129920000,2805138087
2132803584,2132803584,2129657856,2108686336,2124414976,2140143616,2136997888,2116026368,2125987840,2129395712,2805154088
2120220672,2141192192,2136997888,2124414976,2129657856,2146435072,2144337920,2126512128,2130706432,2136735744,2805170107
2138046464,2146435072,2141192192,2126512128,2135949312,2153775104,2151677952,2136997888,2138046464,2144600064,2805186110
2142240768,2165309440,2159017984,2146435072,2136997888,2154823680,2153775104,2139095040,2153250816,2146172928,2805203001
2127560704,2161115136,2164260864,2138046464,2130706432,2148532224,2147483648,2129657856,2147745792,2139095040,2805219001
2131755008,2144337920,2146435072,2114977792,2124414976,2142240768,2138046464,2119172096,2134376448,2130968576,2805235001
2133852160,2133852160,2129657856,2108686336,2123366400,2140143616,2135949312,2116026368,2126512128,2128871424,2805251023
2128609280,2148532224,2143289344,2126512128,2127560704,2145386496,2142240768,2124414976,2136735744,2134900736,2805267022
2136997888,2146435072,2153775104,2125463552,2133852160,2151677952,2151677952,2134900736,2140667904,2143027200,2805283024
2143289344,2150629376,2155872256,2135949312,2135949312,2155872256,2153775104,2139095040,2146435072,2146172928,2805299023
2127560704,2157969408,2153775104,2147483648,2132803584,2150629376,2148532224,2132803584,2146697216,2141192192,2805315045
2127560704,2156920832,2151677952,2131755008,2125463552,2143289344,2140143616,2121269248,2141978624,2132541440,2805331046
2117074944,2135949312,2133852160,2114977792,2122317824,2140143616,2135949312,2116026368,2125463552,2128609280,2805347047
2124414976,2157969408,2141192192,2126512128,2126512128,2144337920,2141192192,2121269248,2137522176,2133327872,2805363046
2122317824,2155872256,2151677952,2138046464,2134900736,2150629376,2149580800,2131755008,2141978624,2141716480,2805379067
2138046464,2147483648,2147483648,2132803584,2136997888,2155872256,2154823680,2140143616,2141454336,2146959360,2805395068
2147483648,2149580800,2146435072,2132803584,2134900736,2151677952,2150629376,2133852160,2144075776,2142765056,2805411066
2141192192,2139095040,2139095040,2119172096,2127560704,2144337920,2142240768,2122317824,2134638592,2134114304,2805427068
2117074944,2151677952,2141192192,2136997888,2123366400,2140143616,2135949312,2116026368,2136735744,2128871424,2805443088
2135949312,2143289344,2135949312,2117074944,2125463552,2142240768,2139095040,2119172096,2133065728,2131492864,2805459086
2134900736,2146435072,2144337920,2120220672,2130706432,2149580800,2147483648,2129657856,2136473600,2139357184,2805475088
2128609280,2150629376,2151677952,2139095040,2136997888,2153775104,2153775104,2138046464,2142502912,2145648640,2805491091
2130706432,2155872256,2161115136,2143289344,2135949312,2153775104,2152726528,2136997888,2147745792,2144862208,2805507110
2124414976,2150629376,2152726528,2136997888,2128609280,2147483648,2144337920,2126512128,2141192192,2136735744,2805523108
2131755008,2138046464,2144337920,2112880640,2123366400,2142240768,2138046464,2117074944,2131755008,2130182144,2805540001
2116026368,2139095040,2134900736,2113929216,2124414976,2142240768,2138046464,2119172096,2125987840,2130968576,2805556001
2139095040,2142240768,2138046464,2117074944,2130706432,2147483648,2145386496,2127560704,2134114304,2137784320,2805572001
2127560704,2163212288,2160066560,2146435072,2135949312,2154823680,2152726528,2139095040,2149318656,2145648640,2805588001
2134900736,2165309440,2165309440,2146435072,2135949312,2155872256,2153775104,2139095040,2152988672,2146172928,2805604023
2128609280,2150629376,2152726528,2133852160,2130706432,2148532224,2145386496,2128609280,2141454336,2138308608,2805620023
2119172096,2143289344,2133852160,2124414976,2123366400,2142240768,2139095040,2119172096,2130182144,2130968576,2805636022
2114977792,2136997888,2136997888,2113929216,2123366400,2141192192,2136997888,2117074944,2125725696,2129657856,2805652022
2128609280,2138046464,2134900736,2116026368,2128609280,2145386496,2142240768,2124414976,2129395712,2135162880,2805668044
2128609280,2163212288,2161115136,2136997888,2134900736,2153775104,2151677952,2135949312,2147483648,2144075776,2805684045
2138046464,2159017984,2156920832,2135949312,2136997888,2154823680,2153775104,2139095040,2147483648,2146172928,2805700045
2141192192,2147483648,2144337920,2128609280,2131755008,2149580800,2148532224,2131755008,2140405760,2140405760,2805716045
2129657856,2138046464,2139095040,2120220672,2124414976,2143289344,2141192192,2120220672,2131755008,2132279296,2805732066
2118123520,2144337920,2147483648,2123366400,2123366400,2139095040,2135949312,2114977792,2133327872,2128347136,2805748066
2118123520,2139095040,2135949312,2122317824,2126512128,2144337920,2141192192,2122317824,2128871424,2133590016,2805764066
2134900736,2142240768,2141192192,2123366400,2132803584,2151677952,2149580800,2133852160,2135425024,2141978624,2805780066
2129657856,2157969408,2149580800,2147483648,2136997888,2155872256,2154823680,2139095040,2146172928,2146697216,2805796088
2136997888,2160066560,2162163712,2142240768,2134900736,2152726528,2150629376,2134900736,2150367232,2143289344,2805812088
2126512128,2159017984,2156920832,2139095040,2127560704,2144337920,2142240768,2122317824,2145386496,2134114304,2805828087
2128609280,2144337920,2143289344,2117074944,2123366400,2141192192,2138046464,2116026368,2133327872,2129657856,2805844086
2133852160,2133852160,2135949312,2108686336,2125463552,2143289344,2139095040,2120220672,2128084992,2132017152,2805860112
2139095040,2146435072,2145386496,2118123520,2132803584,2150629376,2148532224,2130706432,2137260032,2140667904,2805877001
2135949312,2147483648,2151677952,2134900736,2136997888,2155872256,2154823680,2139095040,2142502912,2146697216,2805893001
2127560704,2166358016,2159017984,2151677952,2134900736,2152726528,2151677952,2135949312,2151153664,2143813632,2805909000
2126512128,2155872256,2160066560,2141192192,2128609280,2146435072,2142240768,2125463552,2145910784,2135687168,2805925001
2124414976,2149580800,2146435072,2123366400,2123366400,2141192192,2135949312,2117074944,2135949312,2129395712,2805941024
2116026368,2147483648,2139095040,2125463552,2123366400,2143289344,2139095040,2119172096,2132017152,2131230720,2805957024
2135949312,2139095040,2134900736,2114977792,2130706432,2147483648,2145386496,2127560704,2131230720,2137784320,2805973023
2139095040,2146435072,2151677952,2130706432,2135949312,2154823680,2153775104,2138046464,2141978624,2145648640,2805989023
2133852160,2170552320,2166358016,2147483648,2136997888,2153775104,2152726528,2136997888,2154561536,2145124352,2806005045
2127560704,2150629376,2156920832,2135949312,2130706432,2147483648,2146435072,2127560704,2142765056,2138046464,2806021044
2123366400,2153775104,2152726528,2131755008,2124414976,2141192192,2136997888,2117074944,2140405760,2129920000,2806037046
2118123520,2145386496,2145386496,2124414976,2123366400,2140143616,2138046464,2116026368,2133327872,2129395712,2806053045
2125463552,2139095040,2131755008,2118123520,2128609280,2146435072,2144337920,2125463552,2128609280,2136211456,2806069067
2129657856,2156920832,2162163712,2140143616,2134900736,2153775104,2152726528,2136997888,2147221504,2144600064,2806085067
2147483648,2148532224,2159017984,2132803584,2136997888,2155872256,2153775104,2138046464,2146959360,2146172928,2806101067
2132803584,2163212288,2163212288,2145386496,2131755008,2149580800,2148532224,2130706432,2151153664,2140143616,2806117067
2120220672,2141192192,2139095040,2123366400,2125463552,2143289344,2139095040,2120220672,2130968576,2132017152,2806133089
2114977792,2141192192,2132803584,2122317824,2122317824,2141192192,2135949312,2117074944,2127822848,2129133568,2806149087
2117074944,2147483648,2147483648,2128609280,2126512128,2145386496,2142240768,2123366400,2135162880,2134376448,2806165086
2125463552,2162163712,2155872256,2142240768,2134900736,2151677952,2150629376,2133852160,2146435072,2142765056,2806181088
2132803584,2148532224,2148532224,2133852160,2136997888,2154823680,2154823680,2139095040,2140930048,2146435072,2806197111
2128609280,2157969408,2150629376,2140143616,2132803584,2152726528,2150629376,2133852160,2144337920,2142502912,2806213109
2121269248,2160066560,2155872256,2141192192,2125463552,2144337920,2141192192,2121269248,2144600064,2133065728,2806230000
2133852160,2142240768,2129657856,2121269248,2124414976,2140143616,2135949312,2114977792,2131755008,2128871424,2806246001
2117074944,2142240768,2138046464,2123366400,2125463552,2143289344,2140143616,2121269248,2130182144,2132541440,2806262001
2125463552,2140143616,2140143616,2121269248,2132803584,2150629376,2149580800,2132803584,2131755008,2141454336,2806278024
2127560704,2155872256,2151677952,2147483648,2136997888,2154823680,2153775104,2139095040,2145648640,2146172928,2806294022
2130706432,2166358016,2164260864,2149580800,2134900736,2153775104,2151677952,2135949312,2152726528,2144075776,2806310023
2123366400,2154823680,2151677952,2138046464,2127560704,2146435072,2143289344,2124414976,2141978624,2135425024,2806326024
2117074944,2148532224,2135949312,2130706432,2123366400,2140143616,2135949312,2116026368,2133065728,2128871424,2806342045
2121269248,2133852160,2129657856,2111832064,2124414976,2141192192,2138046464,2119172096,2124152832,2130706432,2806358044
2122317824,2156920832,2154823680,2133852160,2129657856,2149580800,2147483648,2129657856,2141978624,2139095040,2806374047
2145386496,2148532224,2157969408,2126512128,2136997888,2154823680,2153775104,2139095040,2144600064,2146172928,2806390045
2135949312,2165309440,2167406592,2144337920,2135949312,2153775104,2151677952,2136997888,2153250816,2144600064,2806406068
2130706432,2156920832,2159017984,2140143616,2129657856,2147483648,2145386496,2126512128,2146697216,2137260032,2806422066
2131755008,2136997888,2132803584,2112880640,2123366400,2141192192,2136997888,2116026368,2128609280,2129395712,2806438066
2135949312,2130706432,2129657856,2104492032,2124414976,2141192192,2138046464,2117074944,2125201408,2130182144,2806454066
2119172096,2147483648,2147483648,2128609280,2128609280,2147483648,2144337920,2126512128,2135687168,2136735744,2806470090
2125463552,2162163712,2161115136,2146435072,2134900736,2153775104,2151677952,2136997888,2148794368,2144337920,2806486084
2129657856,2157969408,2155872256,2147483648,2135949312,2154823680,2153775104,2139095040,2147745792,2145910784,2806502089
2142240768,2154823680,2146435072,2134900736,2131755008,2148532224,2147483648,2129657856,2144600064,2139357184,2806518086
2124414976,2155872256,2153775104,2136997888,2124414976,2142240768,2139095040,2119172096,2142765056,2131230720,2806534108
2130706432,2142240768,2138046464,2112880640,2123366400,2141192192,2136997888,2116026368,2130968576,2129395712,2806550106
2120220672,2136997888,2132803584,2118123520,2128609280,2144337920,2142240768,2124414976,2127036416,2134900736,2806567001
2124414976,2149580800,2147483648,2132803584,2134900736,2151677952,2150629376,2134900736,2138570752,2143027200,2806583001
2142240768,2147483648,2147483648,2129657856,2135949312,2155872256,2154823680,2140143616,2141716480,2146697216,2806599001
2140143616,2150629376,2153775104,2130706432,2132803584,2151677952,2149580800,2131755008,2143813632,2141454336,2806615001
2125463552,2140143616,2138046464,2121269248,2126512128,2143289344,2140143616,2120220672,2131230720,2132541440,2806631023
2120220672,2155872256,2143289344,2129657856,2122317824,2140143616,2136997888,2116026368,2137260032,2128871424,2806647024
2128609280,2131755008,2129657856,2108686336,2125463552,2144337920,2141192192,2122317824,2124677120,2133327872,2806663024
2124414976,2143289344,2135949312,2124414976,2132803584,2151677952,2149580800,2131755008,2132017152,2141454336,2806679023
2127560704,2167406592,2152726528,2153775104,2136997888,2155872256,2153775104,2139095040,2150367232,2146435072,2806695045
2131755008,2165309440,2166358016,2146435072,2132803584,2152726528,2151677952,2134900736,2152464384,2143027200,2806711046
2122317824,2151677952,2149580800,2133852160,2127560704,2144337920,2142240768,2123366400,2139357184,2134376448,2806727045
2117074944,2150629376,2148532224,2128609280,2123366400,2140143616,2135949312,2116026368,2136211456,2128871424,2806743046
2122317824,2150629376,2146435072,2123366400,2125463552,2142240768,2138046464,2119172096,2135687168,2131230720,2806759066
2121269248,2148532224,2147483648,2131755008,2131755008,2149580800,2147483648,2129657856,2137260032,2139619328,2806775067
2141192192,2156920832,2161115136,2136997888,2135949312,2154823680,2153775104,2139095040,2149056512,2145910784,2806791067
2146435072,2148532224,2148532224,2132803584,2135949312,2153775104,2152726528,2136997888,2144075776,2144862208,2806807066
2134900736,2146435072,2140143616,2128609280,2127560704,2147483648,2144337920,2126512128,2137522176,2136473600,2806823087
2120220672,2141192192,2148532224,2122317824,2124414976,2140143616,2136997888,2116026368,2133065728,2129395712,2806839087
2116026368,2151677952,2141192192,2132803584,2124414976,2141192192,2136997888,2117074944,2135425024,2129920000,2806855087
2132803584,2146435072,2145386496,2119172096,2130706432,2147483648,2144337920,2126512128,2135949312,2137260032,2806871085
2127560704,2160066560,2162163712,2145386496,2135949312,2153775104,2152726528,2136997888,2148794368,2144862208,2806887112
2152726528,2147483648,2148532224,2127560704,2135949312,2154823680,2153775104,2138046464,2144075776,2145648640,2806904001
2143289344,2146435072,2143289344,2126512128,2129657856,2148532224,2146435072,2129657856,2139881472,2138570752,2806920001
2126512128,2135949312,2135949312,2117074944,2124414976,2142240768,2139095040,2117074944,2128871424,2130706432,2806936000
2124414976,2146435072,2144337920,2119172096,2123366400,2140143616,2136997888,2116026368,2133590016,2129133568,2806952001
2132803584,2138046464,2131755008,2116026368,2128609280,2146435072,2143289344,2125463552,2129657856,2135949312,2806968024
2126512128,2147483648,2144337920,2132803584,2135949312,2153775104,2151677952,2135949312,2137784320,2144337920,2806984023
2136997888,2167406592,2163212288,2140143616,2135949312,2155872256,2154823680,2139095040,2151940096,2146435072,2807000023
2147483648,2152726528,2150629376,2129657856,2132803584,2149580800,2148532224,2130706432,2145124352,2140405760,2807016025
2125463552,2154823680,2150629376,2129657856,2125463552,2143289344,2140143616,2120220672,2140143616,2132279296,2807032045
2129657856,2131755008,2128609280,2108686336,2122317824,2140143616,2135949312,2116026368,2124677120,2128609280,2807048044
2132803584,2135949312,2140143616,2110783488,2126512128,2144337920,2141192192,2122317824,2129920000,2133590016,2807064044
2124414976,2154823680,2154823680,2140143616,2133852160,2151677952,2150629376,2132803584,2143551488,2142240768,2807080045
2129657856,2155872256,2157969408,2143289344,2136997888,2154823680,2154823680,2139095040,2146697216,2146435072,2807096066
2127560704,2159017984,2156920832,2148532224,2133852160,2151677952,2149580800,2132803584,2148007936,2141978624,2807112068
2123366400,2142240768,2143289344,2125463552,2127560704,2145386496,2141192192,2123366400,2133590016,2134376448,2807128067
2119172096,2134900736,2135949312,2113929216,2122317824,2141192192,2136997888,2116026368,2125987840,2129133568,2807144067
2127560704,2131755008,2129657856,2108686336,2124414976,2143289344,2139095040,2120220672,2124414976,2131755008,2807160087
2125463552,2141192192,2136997888,2124414976,2132803584,2149580800,2147483648,2130706432,2132017152,2140143616,2807176088
2133852160,2163212288,2161115136,2146435072,2136997888,2153775104,2153775104,2138046464,2151153664,2145648640,2807192086
2151677952,2150629376,2147483648,2130706432,2133852160,2153775104,2150629376,2136997888,2145124352,2143813632,2807208088
2146435072,2143289344,2144337920,2122317824,2128609280,2147483648,2144337920,2125463552,2139095040,2136473600,2807224108
2119172096,2138046464,2133852160,2117074944,2123366400,2140143616,2136997888,2116026368,2127036416,2129133568,2807240109
2130706432,2144337920,2128609280,2112880640,2124414976,2142240768,2138046464,2118123520,2129133568,2130706432,2807257001
2127560704,2152726528,2146435072,2127560704,2130706432,2148532224,2146435072,2129657856,2138570752,2138832896,2807273001
2132803584,2162163712,2161115136,2142240768,2135949312,2154823680,2153775104,2138046464,2149580800,2145648640,2807289001
2143289344,2149580800,2146435072,2132803584,2136997888,2154823680,2152726528,2138046464,2143027200,2145648640,2807305023
2138046464,2144337920,2144337920,2125463552,2129657856,2147483648,2145386496,2127560704,2138046464,2137522176,2807321023
2139095040,2139095040,2132803584,2113929216,2124414976,2142240768,2138046464,2118123520,2131230720,2130706432,2807337023
2124414976,2131755008,2130706432,2108686336,2123366400,2141192192,2136997888,2117074944,2123890688,2129657856,2807353023
2133852160,2146435072,2143289344,2114977792,2128609280,2146435072,2144337920,2126512128,2134638592,2136473600,2807369046
2126512128,2152726528,2145386496,2136997888,2134900736,2152726528,2151677952,2135949312,2140405760,2143813632,2807385044
2128609280,2157969408,2153775104,2147483648,2135949312,2155872256,2154823680,2139095040,2146959360,2146435072,2807401045
2140143616,2155872256,2157969408,2129657856,2131755008,2149580800,2148532224,2130706432,2145910784,2140143616,2807417047
2120220672,2145386496,2143289344,2127560704,2125463552,2143289344,2139095040,2120220672,2134114304,2132017152,2807433068
2133852160,2134900736,2128609280,2109734912,2123366400,2140143616,2134900736,2114977792,2126774272,2128347136,2807449065
2127560704,2134900736,2130706432,2113929216,2126512128,2144337920,2141192192,2122317824,2126774272,2133590016,2807465068
2134900736,2161115136,2150629376,2134900736,2134900736,2151677952,2149580800,2133852160,2145386496,2142502912,2807481067
2147483648,2149580800,2154823680,2132803584,2136997888,2156920832,2153775104,2140143616,2146172928,2146959360,2807497088
2128609280,2152726528,2151677952,2138046464,2133852160,2151677952,2149580800,2132803584,2142765056,2141978624,2807513085
2134900736,2138046464,2136997888,2119172096,2126512128,2145386496,2141192192,2122317824,2132279296,2133852160,2807529089
2131755008,2146435072,2135949312,2118123520,2123366400,2141192192,2136997888,2116026368,2133065728,2129395712,2807545088
2114977792,2147483648,2135949312,2128609280,2126512128,2143289344,2139095040,2119172096,2131755008,2132017152,2807561108
2122317824,2153775104,2154823680,2139095040,2132803584,2150629376,2148532224,2131755008,2142502912,2140930048,2807577108
2147483648,2147483648,2149580800,2129657856,2136997888,2154823680,2154823680,2139095040,2143551488,2146435072,2807594001
2136997888,2161115136,2162163712,2144337920,2134900736,2152726528,2150629376,2134900736,2151153664,2143289344,2807610001
2140143616,2143289344,2139095040,2123366400,2128609280,2145386496,2143289344,2123366400,2136473600,2135162880,2807626001
2118123520,2139095040,2145386496,2122317824,2123366400,2141192192,2136997888,2117074944,2131230720,2129657856,2807642001
2129657856,2140143616,2131755008,2108686336,2125463552,2142240768,2139095040,2118123520,2127560704,2131230720,2807658024
2120220672,2151677952,2143289344,2132803584,2130706432,2148532224,2146435072,2128609280,2136997888,2138570752,2807674023
2142240768,2144337920,2142240768,2127560704,2138046464,2154823680,2152726528,2136997888,2139095040,2145648640,2807690024
2144337920,2159017984,2154823680,2144337920,2135949312,2154823680,2152726528,2138046464,2150629376,2145386496,2807706024
2144337920,2157969408,2142240768,2131755008,2130706432,2147483648,2145386496,2126512128,2144075776,2137522176,2807722045
2129657856,2139095040,2132803584,2113929216,2124414976,2141192192,2138046464,2117074944,2128871424,2130182144,2807738044
2123366400,2146435072,2144337920,2121269248,2123366400,2141192192,2136997888,2117074944,2133852160,2129657856,2807754046
2117074944,2144337920,2139095040,2127560704,2128609280,2147483648,2144337920,2126512128,2132017152,2136735744,2807770044
2139095040,2143289344,2143289344,2128609280,2134900736,2153775104,2151677952,2136997888,2138570752,2144337920,2807786067
2130706432,2167406592,2165309440,2152726528,2135949312,2154823680,2154823680,2139095040,2154037248,2146172928,2807802066
2133852160,2165309440,2163212288,2141192192,2131755008,2148532224,2147483648,2129657856,2150891520,2139357184,2807818066
2123366400,2154823680,2154823680,2132803584,2124414976,2143289344,2139095040,2120220672,2141454336,2131755008,2807834065
2133852160,2133852160,2129657856,2108686336,2123366400,2140143616,2135949312,2114977792,2126512128,2128609280,2807850088
2125463552,2136997888,2134900736,2116026368,2127560704,2145386496,2142240768,2123366400,2128347136,2134638592,2807866087
2126512128,2147483648,2141192192,2129657856,2134900736,2151677952,2149580800,2134900736,2136211456,2142765056,2807882088
2143289344,2149580800,2147483648,2132803584,2136997888,2154823680,2153775104,2139095040,2143289344,2146172928,2807898088
2129657856,2148532224,2147483648,2133852160,2133852160,2151677952,2149580800,2132803584,2139881472,2141978624,2807914110
2125463552,2138046464,2138046464,2121269248,2126512128,2143289344,2140143616,2120220672,2130706432,2132541440,2807931001
2124414976,2151677952,2143289344,2121269248,2123366400,2140143616,2135949312,2116026368,2135162880,2128871424,2807947001
2117074944,2147483648,2138046464,2123366400,2125463552,2144337920,2140143616,2122317824,2131492864,2133065728,2807963001
2132803584,2153775104,2152726528,2127560704,2133852160,2150629376,2148532224,2131755008,2141716480,2141192192,2807979001
2142240768,2147483648,2147483648,2130706432,2136997888,2154823680,2154823680,2139095040,2141978624,2146435072,2807995024
2147483648,2153775104,2146435072,2134900736,2133852160,2151677952,2150629376,2134900736,2145648640,2142765056,2808011023
2144337920,2141192192,2141192192,2122317824,2127560704,2144337920,2142240768,2123366400,2137260032,2134376448,2808027022
2119172096,2147483648,2147483648,2125463552,2123366400,2140143616,2135949312,2114977792,2134900736,2128609280,2808043024
2117074944,2155872256,2144337920,2128609280,2125463552,2142240768,2138046464,2119172096,2136473600,2131230720,2808059046
2129657856,2139095040,2139095040,2118123520,2131755008,2149580800,2147483648,2130706432,2131492864,2139881472,2808075046
2127560704,2164260864,2161115136,2142240768,2135949312,2154823680,2153775104,2139095040,2148794368,2145910784,2808091044
2134900736,2165309440,2163212288,2146435072,2135949312,2153775104,2152726528,2136997888,2152464384,2144862208,2808107045
2124414976,2148532224,2147483648,2136997888,2129657856,2146435072,2144337920,2125463552,2139357184,2136473600,2808123067
2127560704,2151677952,2144337920,2125463552,2124414976,2141192192,2136997888,2117074944,2137260032,2129920000,2808139066
2123366400,2146435072,2142240768,2119172096,2123366400,2141192192,2136997888,2118123520,2132803584,2129920000,2808155064
2134900736,2144337920,2133852160,2116026368,2130706432,2147483648,2143289344,2127560704,2132279296,2137260032,2808171067
2143289344,2143289344,2143289344,2125463552,2135949312,2154823680,2152726528,2138046464,2138832896,2145386496,2808187088
2129657856,2156920832,2152726528,2147483648,2136997888,2155872256,2152726528,2139095040,2146697216,2146172928,2808203089
2142240768,2156920832,2144337920,2127560704,2131755008,2148532224,2146435072,2128609280,2142765056,2138832896,2808219086
2119172096,2144337920,2140143616,2125463552,2123366400,2142240768,2138046464,2118123520,2132279296,2130444288,2808235087
2129657856,2134900736,2127560704,2107637760,2123366400,2141192192,2136997888,2116026368,2124939264,2129395712,2808251111
2120220672,2147483648,2151677952,2127560704,2128609280,2145386496,2143289344,2124414976,2136735744,2135425024,2808267111
2134900736,2143289344,2143289344,2126512128,2134900736,2153775104,2151677952,2135949312,2136997888,2144075776,2808284001
2129657856,2170552320,2157969408,2153775104,2136997888,2154823680,2153775104,2139095040,2152988672,2146172928,2808300001
2131755008,2163212288,2162163712,2142240768,2132803584,2150629376,2148532224,2130706432,2149842944,2140667904,2808316001
2126512128,2156920832,2150629376,2135949312,2125463552,2143289344,2140143616,2121269248,2142502912,2132541440,2808332022
2132803584,2144337920,2129657856,2112880640,2123366400,2140143616,2135949312,2114977792,2129920000,2128609280,2808348024
2134900736,2138046464,2130706432,2111832064,2126512128,2144337920,2141192192,2122317824,2128871424,2133590016,2808364023
2122317824,2144337920,2147483648,2126512128,2132803584,2151677952,2149580800,2133852160,2135162880,2141978624,2808380023
2146435072,2146435072,2146435072,2132803584,2136997888,2154823680,2154823680,2138046464,2143027200,2146172928,2808396045
2130706432,2148532224,2145386496,2136997888,2133852160,2151677952,2150629376,2133852160,2140405760,2142502912,2808412043
2132803584,2144337920,2139095040,2124414976,2126512128,2145386496,2142240768,2123366400,2135162880,2134376448,2808428045
2129657856,2133852160,2131755008,2110783488,2123366400,2140143616,2135949312,2116026368,2126512128,2128871424,2808444046
2126512128,2146435072,2141192192,2117074944,2126512128,2142240768,2140143616,2119172096,2132803584,2132017152,2808460068
2122317824,2156920832,2155872256,2133852160,2132803584,2149580800,2147483648,2130706432,2142240768,2140143616,2808476066
2129657856,2154823680,2149580800,2139095040,2136997888,2154823680,2154823680,2139095040,2143289344,2146435072,2808492066
2133852160,2167406592,2165309440,2151677952,2134900736,2153775104,2151677952,2136997888,2154561536,2144337920,2808508066
2129657856,2155872256,2156920832,2136997888,2129657856,2146435072,2143289344,2125463552,2144862208,2136211456,2808524088
2138046464,2142240768,2138046464,2116026368,2124414976,2140143616,2135949312,2116026368,2133590016,2129133568,2808540087
2128609280,2134900736,2127560704,2111832064,2124414976,2141192192,2138046464,2117074944,2125725696,2130182144,2808556088
2131755008,2153775104,2144337920,2127560704,2128609280,2148532224,2146435072,2128609280,2139357184,2138046464,2808572089
2125463552,2159017984,2153775104,2142240768,2135949312,2154823680,2152726528,2139095040,2145124352,2145648640,2808588108
2145386496,2152726528,2156920832,2134900736,2136997888,2153775104,2153775104,2136997888,2147483648,2145386496,2808604107
2139095040,2145386496,2142240768,2126512128,2130706432,2147483648,2146435072,2127560704,2138308608,2138046464,2808621001
2133852160,2143289344,2138046464,2114977792,2124414976,2141192192,2138046464,2117074944,2132541440,2130182144,2808637001
2131755008,2141192192,2128609280,2109734912,2123366400,2141192192,2135949312,2117074944,2127822848,2129395712,2808653001
2119172096,2153775104,2148532224,2121269248,2128609280,2147483648,2143289344,2126512128,2135687168,2136473600,2808669001
2126512128,2149580800,2143289344,2134900736,2135949312,2153775104,2151677952,2135949312,2138570752,2144337920,2808685025
2138046464,2148532224,2148532224,2135949312,2136997888,2154823680,2153775104,2138046464,2142765056,2145910784,2808701023
2153775104,2153775104,2144337920,2132803584,2131755008,2150629376,2147483648,2131755008,2146172928,2140405760,2808717022
2122317824,2154823680,2155872256,2132803584,2125463552,2142240768,2139095040,2119172096,2141454336,2131492864,2808733024
2122317824,2150629376,2146435072,2125463552,2123366400,2141192192,2135949312,2116026368,2136211456,2129133568,2808749044
2133852160,2134900736,2131755008,2110783488,2126512128,2145386496,2141192192,2123366400,2127822848,2134114304,2808765045
2133852160,2154823680,2150629376,2134900736,2133852160,2152726528,2150629376,2134900736,2143551488,2143027200,2808781046
2146435072,2146435072,2147483648,2132803584,2138046464,2154823680,2153775104,2140143616,2143289344,2146697216,2808797044
2144337920,2146435072,2144337920,2132803584,2133852160,2151677952,2149580800,2132803584,2141978624,2141978624,2808813067
2133852160,2138046464,2139095040,2121269248,2126512128,2144337920,2141192192,2122317824,2133065728,2133590016,2808829067
2117074944,2141192192,2135949312,2122317824,2123366400,2140143616,2135949312,2116026368,2129133568,2128871424,2808845067
2135949312,2134900736,2132803584,2109734912,2125463552,2144337920,2140143616,2121269248,2128347136,2132803584,2808861065
2119172096,2153775104,2140143616,2134900736,2131755008,2149580800,2148532224,2131755008,2136997888,2140405760,2808877089
2146435072,2147483648,2146435072,2131755008,2136997888,2154823680,2154823680,2139095040,2143027200,2146435072,2808893087
2133852160,2148532224,2149580800,2133852160,2134900736,2153775104,2152726528,2136997888,2141454336,2144600064,2808909088
2141192192,2151677952,2143289344,2127560704,2128609280,2146435072,2143289344,2124414976,2140930048,2135687168,2808925085
2117074944,2147483648,2140143616,2130706432,2123366400,2141192192,2136997888,2117074944,2133852160,2129657856,2808941112
2134900736,2135949312,2129657856,2109734912,2124414976,2142240768,2139095040,2118123520,2127560704,2130968576,2808958001
2131755008,2152726528,2150629376,2127560704,2131755008,2148532224,2146435072,2129657856,2140667904,2139095040,2808974001
2143289344,2146435072,2143289344,2129657856,2135949312,2154823680,2153775104,2139095040,2140667904,2145910784,2808990001
2135949312,2162163712,2165309440,2146435072,2135949312,2153775104,2152726528,2136997888,2152464384,2144862208,2809006001
2131755008,2159017984,2154823680,2140143616,2129657856,2148532224,2144337920,2127560704,2146435072,2137522176,2809022024
2129657856,2139095040,2134900736,2116026368,2124414976,2140143616,2136997888,2117074944,2129920000,2129657856,2809038023
2118123520,2154823680,2148532224,2123366400,2124414976,2140143616,2136997888,2116026368,2136211456,2129395712,2809054024
2126512128,2148532224,2146435072,2125463552,2129657856,2146435072,2144337920,2125463552,2136735744,2136473600,2809070024
2129657856,2145386496,2149580800,2130706432,2134900736,2154823680,2152726528,2138046464,2138832896,2145124352,2809086046
2142240768,2162163712,2152726528,2142240768,2136997888,2154823680,2153775104,2138046464,2149842944,2145910784,2809102045
2130706432,2145386496,2144337920,2129657856,2131755008,2149580800,2147483648,2128609280,2137522176,2139357184,2809118044
2120220672,2161115136,2153775104,2133852160,2125463552,2141192192,2139095040,2118123520,2142240768,2130968576,2809134045
2117074944,2153775104,2148532224,2129657856,2123366400,2140143616,2136997888,2116026368,2137260032,2129133568,2809150065
2120220672,2136997888,2131755008,2118123520,2127560704,2144337920,2141192192,2123366400,2126774272,2134114304,2809166068
2140143616,2154823680,2140143616,2124414976,2134900736,2152726528,2150629376,2134900736,2139881472,2143289344,2809182066
2130706432,2149580800,2153775104,2134900736,2135949312,2155872256,2154823680,2140143616,2142240768,2146697216,2809198068
2128609280,2153775104,2164260864,2140143616,2133852160,2150629376,2149580800,2132803584,2146697216,2141716480,2809214089
2136997888,2142240768,2150629376,2121269248,2126512128,2143289344,2140143616,2120220672,2137784320,2132541440,2809230087
2129657856,2146435072,2139095040,2112880640,2123366400,2140143616,2135949312,2116026368,2132017152,2128871424,2809246087
2123366400,2131755008,2132803584,2108686336,2125463552,2144337920,2141192192,2121269248,2124152832,2133065728,2809262089
2134900736,2146435072,2146435072,2121269248,2133852160,2150629376,2148532224,2131755008,2137260032,2141192192,2809278111
2128609280,2161115136,2164260864,2146435072,2135949312,2156920832,2154823680,2140143616,2150105088,2146959360,2809294107
2129657856,2164260864,2152726528,2151677952,2134900736,2151677952,2150629376,2133852160,2149580800,2142765056,2809311001
2145386496,2138046464,2140143616,2120220672,2128609280,2145386496,2142240768,2123366400,2135949312,2134900736,2809327001
2118123520,2142240768,2136997888,2123366400,2123366400,2141192192,2136997888,2116026368,2130182144,2129395712,2809343001
2134900736,2130706432,2127560704,2106589184,2124414976,2143289344,2139095040,2120220672,2124939264,2131755008,2809359024
2122317824,2159017984,2155872256,2134900736,2131755008,2149580800,2148532224,2130706432,2143027200,2140143616,2809375023
2127560704,2153775104,2149580800,2139095040,2135949312,2155872256,2153775104,2139095040,2142502912,2146172928,2809391023
2142240768,2148532224,2159017984,2132803584,2136997888,2152726528,2152726528,2135949312,2145648640,2144600064,2809407024
2132803584,2155872256,2159017984,2138046464,2128609280,2146435072,2143289344,2126512128,2146435072,2136211456,2809423047
2118123520,2151677952,2140143616,2134900736,2123366400,2140143616,2136997888,2117074944,2136211456,2129395712,2809439045
2123366400,2146435072,2146435072,2121269248,2124414976,2141192192,2136997888,2117074944,2134376448,2129920000,2809455045
2134900736,2135949312,2133852160,2114977792,2129657856,2147483648,2144337920,2127560704,2129920000,2137260032,2809471045
2145386496,2145386496,2144337920,2125463552,2136997888,2153775104,2151677952,2136997888,2140143616,2144862208,2809487068
2144337920,2148532224,2148532224,2131755008,2135949312,2154823680,2152726528,2138046464,2143289344,2145386496,2809503066
2141192192,2148532224,2154823680,2125463552,2131755008,2148532224,2146435072,2129657856,2142502912,2139095040,2809519068
2138046464,2138046464,2142240768,2118123520,2124414976,2142240768,2139095040,2118123520,2134114304,2130968576,2809535067
2118123520,2147483648,2146435072,2124414976,2122317824,2140143616,2136997888,2116026368,2134114304,2128871424,2809551090
2130706432,2133852160,2134900736,2112880640,2127560704,2145386496,2142240768,2124414976,2128084992,2134900736,2809567086
2125463552,2147483648,2148532224,2130706432,2134900736,2152726528,2150629376,2134900736,2138046464,2143289344,2809583089
2129657856,2148532224,2148532224,2135949312,2136997888,2154823680,2153775104,2139095040,2140667904,2146172928,2809599087
2146435072,2145386496,2144337920,2125463552,2132803584,2151677952,2148532224,2132803584,2140405760,2141454336,2809615110
2131755008,2141192192,2136997888,2120220672,2127560704,2142240768,2140143616,2120220672,2132541440,2132541440,2809631109
2138046464,2134900736,2133852160,2107637760,2123366400,2140143616,2134900736,2116026368,2128609280,2128609280,2809648001
2118123520,2138046464,2141192192,2120220672,2125463552,2144337920,2141192192,2123366400,2129395712,2133590016,2809664001
2130706432,2157969408,2152726528,2129657856,2132803584,2151677952,2150629376,2133852160,2142765056,2142240768,2809680001
2138046464,2147483648,2149580800,2132803584,2136997888,2155872256,2154823680,2139095040,2141978624,2146697216,2809696000
2145386496,2148532224,2149580800,2132803584,2132803584,2152726528,2150629376,2134900736,2144075776,2142765056,2809712022
2124414976,2154823680,2155872256,2138046464,2127560704,2145386496,2142240768,2123366400,2143289344,2134638592,2809728023
2121269248,2152726528,2149580800,2121269248,2124414976,2140143616,2136997888,2116026368,2136211456,2129395712,2809744023
2116026368,2149580800,2143289344,2128609280,2126512128,2142240768,2139095040,2119172096,2134376448,2131755008,2809760022
2141192192,2144337920,2142240768,2121269248,2132803584,2149580800,2146435072,2130706432,2137260032,2139881472,2809776045
2128609280,2149580800,2155872256,2135949312,2136997888,2154823680,2153775104,2139095040,2142502912,2146172928,2809792045
2131755008,2151677952,2149580800,2139095040,2135949312,2152726528,2152726528,2135949312,2143027200,2144337920,2809808045
2143289344,2140143616,2141192192,2121269248,2128609280,2146435072,2143289344,2125463552,2136473600,2135949312,2809824045
2141192192,2136997888,2132803584,2112880640,2123366400,2142240768,2138046464,2117074944,2130968576,2130182144,2809840067
2119172096,2145386496,2145386496,2112880640,2123366400,2141192192,2138046464,2118123520,2130706432,2130182144,2809856067
2133852160,2136997888,2133852160,2116026368,2130706432,2147483648,2145386496,2127560704,2130182144,2137784320,2809872068
2145386496,2146435072,2144337920,2126512128,2136997888,2153775104,2152726528,2136997888,2140667904,2145124352,2809888066
2129657856,2156920832,2153775104,2147483648,2135949312,2154823680,2152726528,2139095040,2146959360,2145648640,2809904086
2141192192,2146435072,2141192192,2126512128,2131755008,2148532224,2145386496,2128609280,2138832896,2138570752,2809920086
2127560704,2152726528,2151677952,2129657856,2123366400,2142240768,2139095040,2119172096,2140405760,2130968576,2809936088
2118123520,2133852160,2126512128,2113929216,2123366400,2140143616,2136997888,2116026368,2123104256,2129133568,2809952086
2117074944,2149580800,2147483648,2129657856,2128609280,2146435072,2143289344,2126512128,2135949312,2136211456,2809968108
2125463552,2147483648,2144337920,2132803584,2135949312,2152726528,2151677952,2135949312,2137522176,2144075776,2809985001
2130706432,2155872256,2161115136,2143289344,2136997888,2154823680,2153775104,2139095040,2147745792,2146172928,2810001001
2142240768,2145386496,2144337920,2128609280,2131755008,2149580800,2147483648,2130706432,2140143616,2139881472,2810017001
2141192192,2135949312,2136997888,2114977792,2125463552,2141192192,2139095040,2119172096,2132279296,2131230720,2810033001
2114977792,2139095040,2141192192,2118123520,2122317824,2141192192,2135949312,2117074944,2128347136,2129133568,2810049024
2117074944,2140143616,2132803584,2120220672,2127560704,2144337920,2141192192,2122317824,2127560704,2133852160,2810065023
2134900736,2146435072,2146435072,2123366400,2133852160,2151677952,2150629376,2133852160,2137784320,2142502912,2810081024
2135949312,2162163712,2163212288,2144337920,2136997888,2155872256,2153775104,2139095040,2151415808,2146435072,2810097024
2138046464,2156920832,2155872256,2135949312,2132803584,2151677952,2149580800,2133852160,2146697216,2141978624,2810113047
2135949312,2143289344,2146435072,2119172096,2126512128,2144337920,2141192192,2122317824,2136211456,2133590016,2810129045
2114977792,2140143616,2132803584,2122317824,2123366400,2139095040,2135949312,2114977792,2127560704,2128347136,2810145045
2116026368,2140143616,2139095040,2121269248,2125463552,2143289344,2140143616,2121269248,2129133568,2132541440,2810161045
2122317824,2161115136,2152726528,2135949312,2132803584,2150629376,2148532224,2131755008,2143027200,2140930048,2810177066
2133852160,2163212288,2166358016,2143289344,2136997888,2154823680,2153775104,2139095040,2151677952,2146172928,2810193066
2147483648,2149580800,2157969408,2130706432,2135949312,2151677952,2150629376,2134900736,2146435072,2143289344,2810209067
2127560704,2159017984,2159017984,2139095040,2128609280,2146435072,2143289344,2125463552,2146172928,2135949312,2810225068
2133852160,2135949312,2132803584,2111832064,2123366400,2140143616,2136997888,2116026368,2128609280,2129133568,2810241088
2123366400,2131755008,2131755008,2108686336,2124414976,2141192192,2138046464,2119172096,2123890688,2130706432,2810257090
2126512128,2146435072,2146435072,2121269248,2130706432,2148532224,2146435072,2128609280,2135162880,2138570752,2810273087
2125463552,2163212288,2159017984,2142240768,2135949312,2154823680,2153775104,2138046464,2147483648,2145648640,2810289089
2129657856,2167406592,2164260864,2150629376,2135949312,2153775104,2153775104,2136997888,2152988672,2145124352,2810305108
2125463552,2153775104,2159017984,2140143616,2130706432,2148532224,2145386496,2128609280,2144600064,2138308608,2810321110
2130706432,2146435072,2148532224,2121269248,2124414976,2141192192,2138046464,2117074944,2136735744,2130182144,2810338000
2127560704,2134900736,2130706432,2106589184,2123366400,2141192192,2136997888,2117074944,2124939264,2129657856,2810354001
2125463552,2138046464,2136997888,2118123520,2129657856,2147483648,2144337920,2126512128,2129657856,2136997888,2810370001
2135949312,2145386496,2143289344,2127560704,2135949312,2152726528,2152726528,2136997888,2138046464,2144600064,2810386023
2144337920,2151677952,2147483648,2134900736,2136997888,2154823680,2152726528,2138046464,2144600064,2145648640,2810402022
2128609280,2150629376,2149580800,2135949312,2131755008,2149580800,2147483648,2129657856,2141192192,2139619328,2810418023
2121269248,2141192192,2135949312,2121269248,2124414976,2142240768,2138046464,2119172096,2129920000,2130968576,2810434022
2130706432,2144337920,2138046464,2114977792,2123366400,2140143616,2135949312,2116026368,2132017152,2128871424,2810450045
2117074944,2147483648,2140143616,2126512128,2127560704,2144337920,2142240768,2123366400,2132803584,2134376448,2810466046
2136997888,2146435072,2149580800,2126512128,2133852160,2152726528,2150629376,2134900736,2139881472,2143027200,2810482045
2141192192,2151677952,2148532224,2132803584,2138046464,2154823680,2153775104,2139095040,2143551488,2146435072,2810498045
2128609280,2155872256,2149580800,2141192192,2132803584,2150629376,2149580800,2132803584,2143813632,2141454336,2810514067
2135949312,2138046464,2135949312,2119172096,2126512128,2144337920,2140143616,2121269248,2132279296,2133065728,2810530064
2118123520,2139095040,2134900736,2118123520,2123366400,2140143616,2136997888,2114977792,2127560704,2128871424,2810546066
2123366400,2135949312,2134900736,2111832064,2126512128,2143289344,2141192192,2120220672,2126512128,2132803584,2810562067
2122317824,2154823680,2149580800,2138046464,2133852160,2150629376,2149580800,2131755008,2141192192,2141454336,2810578088
2147483648,2147483648,2148532224,2129657856,2135949312,2155872256,2154823680,2139095040,2143289344,2146435072,2810594088
2130706432,2152726528,2151677952,2138046464,2134900736,2151677952,2151677952,2134900736,2143289344,2143289344,2810610089
2135949312,2154823680,2149580800,2131755008,2128609280,2145386496,2142240768,2123366400,2143027200,2134900736,2810626088
2118123520,2147483648,2135949312,2124414976,2123366400,2140143616,2136997888,2116026368,2131492864,2129133568,2810642108
2120220672,2152726528,2151677952,2122317824,2125463552,2141192192,2138046464,2119172096,2136735744,2130968576,2810658107
2133852160,2135949312,2134900736,2117074944,2129657856,2150629376,2147483648,2131755008,2130444288,2139881472,2810675001
2127560704,2154823680,2151677952,2142240768,2136997888,2154823680,2153775104,2138046464,2144075776,2145910784,2810691001
2149580800,2146435072,2149580800,2134900736,2135949312,2152726528,2151677952,2136997888,2145124352,2144337920,2810707001
2128609280,2144337920,2141192192,2128609280,2128609280,2147483648,2145386496,2126512128,2135687168,2136997888,2810723001
2136997888,2136997888,2143289344,2114977792,2123366400,2141192192,2138046464,2118123520,2133065728,2130182144,2810739023
2116026368,2147483648,2140143616,2125463552,2124414976,2141192192,2136997888,2117074944,2132279296,2129920000,2810755023
2118123520,2147483648,2139095040,2127560704,2129657856,2147483648,2145386496,2127560704,2133065728,2137522176,2810771024
2130706432,2162163712,2163212288,2146435072,2135949312,2153775104,2152726528,2138046464,2150629376,2145124352,2810787022
2145386496,2149580800,2147483648,2130706432,2135949312,2154823680,2153775104,2138046464,2143289344,2145648640,2810803046
2127560704,2148532224,2149580800,2132803584,2130706432,2149580800,2146435072,2129657856,2139619328,2139095040,2810819046
2133852160,2141192192,2145386496,2117074944,2124414976,2142240768,2139095040,2119172096,2134376448,2131230720,2810835045
2114977792,2142240768,2131755008,2121269248,2123366400,2141192192,2135949312,2117074944,2127560704,2129395712,2810851044
2130706432,2136997888,2131755008,2114977792,2127560704,2146435072,2143289344,2125463552,2128609280,2135687168,2810867065
2133852160,2142240768,2141192192,2124414976,2134900736,2152726528,2150629376,2135949312,2135425024,2143551488,2810883069
2131755008,2165309440,2167406592,2149580800,2136997888,2154823680,2153775104,2139095040,2153512960,2146172928,2810899066
2136997888,2159017984,2157969408,2146435072,2132803584,2151677952,2149580800,2132803584,2150105088,2141716480,2810915066
2127560704,2143289344,2135949312,2122317824,2125463552,2144337920,2140143616,2121269248,2132279296,2132803584,2810931086
2136997888,2134900736,2133852160,2106589184,2123366400,2140143616,2135949312,2116026368,2128084992,2128871424,2810947088
2117074944,2139095040,2132803584,2120220672,2126512128,2143289344,2141192192,2121269248,2127298560,2133065728,2810963090
2141192192,2142240768,2141192192,2121269248,2133852160,2151677952,2148532224,2133852160,2136473600,2141978624,2810979088
2141192192,2160066560,2154823680,2143289344,2136997888,2154823680,2153775104,2140143616,2149842944,2146435072,2810995109
2143289344,2149580800,2146435072,2131755008,2133852160,2151677952,2150629376,2133852160,2142765056,2142502912,2811012001
2123366400,2142240768,2139095040,2125463552,2127560704,2144337920,2141192192,2122317824,2132541440,2133852160,2811028001
2119172096,2150629376,2146435072,2124414976,2123366400,2141192192,2136997888,2116026368,2135162880,2129395712,2811044001
2126512128,2134900736,2132803584,2109734912,2125463552,2143289344,2140143616,2119172096,2125987840,2132017152,2811060001
2138046464,2138046464,2136997888,2118123520,2131755008,2149580800,2147483648,2131755008,2132803584,2140143616,2811076023
2146435072,2144337920,2143289344,2127560704,2135949312,2155872256,2154823680,2139095040,2140405760,2146435072,2811092023
2138046464,2154823680,2149580800,2135949312,2134900736,2153775104,2151677952,2135949312,2144600064,2144075776,2811108024
2126512128,2164260864,2160066560,2141192192,2128609280,2147483648,2144337920,2126512128,2148007936,2136735744,2811124022
2138046464,2140143616,2133852160,2112880640,2123366400,2141192192,2136997888,2116026368,2131230720,2129395712,2811140045
2116026368,2133852160,2139095040,2114977792,2124414976,2141192192,2136997888,2118123520,2125987840,2130182144,2811156047
2134900736,2136997888,2135949312,2113929216,2130706432,2147483648,2145386496,2127560704,2130444288,2137784320,2811172044
2127560704,2164260864,2155872256,2149580800,2135949312,2153775104,2152726528,2136997888,2149318656,2144862208,2811188045
2128609280,2155872256,2151677952,2147483648,2135949312,2154823680,2153775104,2138046464,2145910784,2145648640,2811204068
2144337920,2146435072,2142240768,2127560704,2130706432,2147483648,2146435072,2128609280,2140143616,2138308608,2811220067
2134900736,2136997888,2134900736,2118123520,2124414976,2142240768,2138046464,2118123520,2131230720,2130706432,2811236065
2127560704,2130706432,2126512128,2108686336,2123366400,2140143616,2136997888,2116026368,2123366400,2129133568,2811252067
2132803584,2136997888,2132803584,2111832064,2128609280,2146435072,2144337920,2125463552,2128609280,2136211456,2811268088
2130706432,2161115136,2160066560,2142240768,2133852160,2153775104,2151677952,2135949312,2148532224,2143813632,2811284088
2147483648,2156920832,2153775104,2131755008,2136997888,2154823680,2153775104,2139095040,2147483648,2146172928,2811300086
2136997888,2164260864,2160066560,2142240768,2132803584,2150629376,2148532224,2131755008,2150891520,2140930048,2811316091
2142240768,2139095040,2134900736,2116026368,2125463552,2143289344,2139095040,2120220672,2133065728,2132017152,2811332111
2117074944,2138046464,2139095040,2116026368,2123366400,2141192192,2135949312,2116026368,2127560704,2129133568,2811348109
2119172096,2141192192,2142240768,2121269248,2127560704,2144337920,2141192192,2122317824,2130968576,2133852160,2811365001
2123366400,2154823680,2156920832,2141192192,2134900736,2151677952,2150629376,2133852160,2144075776,2142765056,2811381001
2143289344,2157969408,2160066560,2138046464,2138046464,2154823680,2154823680,2139095040,2149842944,2146697216,2811397001
2128609280,2150629376,2149580800,2139095040,2133852160,2152726528,2150629376,2134900736,2141978624,2143027200,2811413022
2140143616,2142240768,2145386496,2117074944,2126512128,2144337920,2142240768,2122317824,2136211456,2133852160,2811429022
2131755008,2134900736,2129657856,2109734912,2123366400,2140143616,2135949312,2116026368,2126512128,2128871424,2811445024
2128609280,2133852160,2130706432,2111832064,2125463552,2143289344,2140143616,2120220672,2126249984,2132279296,2811461023
2134900736,2153775104,2145386496,2129657856,2132803584,2150629376,2148532224,2131755008,2140930048,2140930048,2811477046
2146435072,2148532224,2146435072,2130706432,2136997888,2154823680,2154823680,2139095040,2143027200,2146435072,2811493044
2147483648,2156920832,2152726528,2141192192,2135949312,2152726528,2151677952,2135949312,2149580800,2144075776,2811509046
2141192192,2156920832,2152726528,2131755008,2128609280,2146435072,2143289344,2124414976,2145648640,2135687168,2811525045
2120220672,2157969408,2146435072,2132803584,2124414976,2140143616,2135949312,2116026368,2139357184,2129133568,2811541067
2116026368,2140143616,2139095040,2119172096,2124414976,2142240768,2139095040,2118123520,2128609280,2130968576,2811557065
2134900736,2144337920,2149580800,2119172096,2130706432,2148532224,2146435072,2128609280,2136997888,2138570752,2811573067
2127560704,2156920832,2150629376,2147483648,2135949312,2154823680,2153775104,2139095040,2145648640,2145910784,2811589070
2131755008,2160066560,2162163712,2147483648,2136997888,2153775104,2152726528,2136997888,2150367232,2145124352,2811605087
2136997888,2159017984,2157969408,2141192192,2129657856,2148532224,2145386496,2128609280,2148794368,2138046464,2811621087
2132803584,2136997888,2132803584,2116026368,2124414976,2141192192,2138046464,2118123520,2129657856,2130444288,2811637090
2125463552,2147483648,2140143616,2119172096,2123366400,2142240768,2136997888,2117074944,2133065728,2129920000,2811653088
2126512128,2152726528,2146435072,2128609280,2129657856,2146435072,2144337920,2126512128,2138570752,2136735744,2811669108
2125463552,2152726528,2147483648,2141192192,2135949312,2153775104,2151677952,2134900736,2141716480,2144075776,2811685106
2143289344,2151677952,2147483648,2132803584,2136997888,2154823680,2153775104,2139095040,2143813632,2146172928,2811702001
2138046464,2160066560,2154823680,2140143616,2131755008,2149580800,2147483648,2129657856,2148270080,2139619328,2811718001
2130706432,2153775104,2146435072,2125463552,2125463552,2142240768,2139095040,2118123520,2139095040,2131230720,2811734001
2130706432,2144337920,2142240768,2107637760,2123366400,2140143616,2135949312,2116026368,2131230720,2128871424,2811750000
2117074944,2135949312,2134900736,2116026368,2127560704,2145386496,2142240768,2123366400,2125987840,2134638592,2811766023
2129657856,2162163712,2150629376,2135949312,2134900736,2152726528,2150629376,2134900736,2144600064,2143289344,2811782025
2142240768,2154823680,2154823680,2135949312,2136997888,2154823680,2153775104,2139095040,2146959360,2146172928,2811798023
2128609280,2167406592,2155872256,2150629376,2133852160,2150629376,2148532224,2131755008,2150629376,2141192192,2811814023
2132803584,2140143616,2140143616,2121269248,2126512128,2144337920,2141192192,2121269248,2133590016,2133327872,2811830047
2116026368,2152726528,2149580800,2128609280,2123366400,2139095040,2136997888,2114977792,2136735744,2128609280,2811846045
2116026368,2141192192,2138046464,2124414976,2126512128,2144337920,2140143616,2121269248,2129920000,2133065728,2811862045
2126512128,2160066560,2154823680,2133852160,2132803584,2150629376,2149580800,2132803584,2143813632,2141454336,2811878044
2141192192,2146435072,2147483648,2129657856,2136997888,2154823680,2154823680,2139095040,2141192192,2146435072,2811894067
2147483648,2147483648,2152726528,2129657856,2134900736,2151677952,2151677952,2133852160,2144337920,2143027200,2811910066
2133852160,2143289344,2143289344,2122317824,2127560704,2145386496,2143289344,2124414976,2135687168,2135162880,2811926066
2119172096,2136997888,2132803584,2116026368,2123366400,2140143616,2136997888,2116026368,2126249984,2129133568,2811942065
2131755008,2144337920,2135949312,2118123520,2125463552,2142240768,2138046464,2118123520,2132541440,2130968576,2811958088
2130706432,2146435072,2152726528,2121269248,2131755008,2148532224,2146435072,2129657856,2137784320,2139095040,2811974086
2142240768,2142240768,2144337920,2125463552,2136997888,2154823680,2152726528,2138046464,2138570752,2145648640,2811990088
2143289344,2155872256,2153775104,2133852160,2135949312,2152726528,2152726528,2136997888,2146697216,2144600064,2812006086
2130706432,2159017984,2159017984,2142240768,2130706432,2146435072,2145386496,2125463552,2147745792,2136997888,2812022109
2123366400,2135949312,2134900736,2114977792,2123366400,2141192192,2138046464,2117074944,2127298560,2129920000,2812039001
2132803584,2132803584,2129657856,2108686336,2124414976,2141192192,2136997888,2117074944,2125987840,2129920000,2812055001
2124414976,2141192192,2131755008,2122317824,2130706432,2147483648,2145386496,2127560704,2129920000,2137784320,2812071001
2139095040,2144337920,2144337920,2125463552,2135949312,2153775104,2153775104,2136997888,2138308608,2145124352,2812087001
2136997888,2151677952,2148532224,2135949312,2136997888,2155872256,2153775104,2138046464,2143289344,2146172928,2812103024
2135949312,2143289344,2145386496,2125463552,2131755008,2147483648,2147483648,2127560704,2137522176,2138570752,2812119024
2120220672,2155872256,2155872256,2134900736,2124414976,2142240768,2139095040,2118123520,2141716480,2130968576,2812135023
2123366400,2145386496,2141192192,2119172096,2122317824,2141192192,2136997888,2117074944,2132279296,2129395712,2812151023
2117074944,2138046464,2140143616,2117074944,2127560704,2145386496,2142240768,2124414976,2128084992,2134900736,2812167046
2138046464,2141192192,2140143616,2124414976,2133852160,2152726528,2150629376,2134900736,2135949312,2143027200,2812183046
2129657856,2154823680,2160066560,2142240768,2138046464,2153775104,2153775104,2138046464,2146697216,2145910784,2812199044
2128609280,2155872256,2149580800,2140143616,2131755008,2150629376,2148532224,2131755008,2143551488,2140667904,2812215045
2125463552,2156920832,2156920832,2128609280,2126512128,2144337920,2141192192,2121269248,2141978624,2133327872,2812231068
2127560704,2136997888,2130706432,2109734912,2122317824,2140143616,2135949312,2116026368,2126249984,2128609280,2812247066
2121269248,2134900736,2132803584,2112880640,2126512128,2143289344,2141192192,2122317824,2125463552,2133327872,2812263066
2144337920,2142240768,2138046464,2120220672,2132803584,2151677952,2149580800,2133852160,2136211456,2141978624,2812279068
2147483648,2148532224,2154823680,2129657856,2136997888,2155872256,2154823680,2139095040,2145124352,2146697216,2812295087
2128609280,2155872256,2151677952,2143289344,2134900736,2151677952,2151677952,2133852160,2144862208,2143027200,2812311086
2121269248,2154823680,2147483648,2138046464,2128609280,2144337920,2143289344,2122317824,2140405760,2134638592,2812327089
2121269248,2143289344,2148532224,2116026368,2123366400,2140143616,2136997888,2116026368,2132279296,2129133568,2812343089
2127560704,2144337920,2140143616,2120220672,2125463552,2142240768,2139095040,2119172096,2133065728,2131492864,2812359109
2132803584,2154823680,2146435072,2127560704,2131755008,2149580800,2146435072,2130706432,2140405760,2139619328,2812375109
2148532224,2146435072,2144337920,2129657856,2136997888,2154823680,2152726528,2138046464,2142240768,2145648640,2812392001
2133852160,2150629376,2152726528,2134900736,2134900736,2153775104,2152726528,2136997888,2143027200,2144600064,2812408001
2124414976,2147483648,2141192192,2129657856,2128609280,2146435072,2143289344,2125463552,2135687168,2135949312,2812424001
2118123520,2135949312,2132803584,2117074944,2124414976,2141192192,2135949312,2117074944,2125987840,2129657856,2812440023
2116026368,2140143616,2138046464,2119172096,2125463552,2140143616,2138046464,2116026368,2128347136,2129920000,2812456024
2120220672,2151677952,2151677952,2132803584,2130706432,2147483648,2146435072,2127560704,2139095040,2138046464,2812472023
2127560704,2164260864,2164260864,2144337920,2136997888,2153775104,2153775104,2136997888,2150105088,2145386496,2812488023
2132803584,2148532224,2151677952,2136997888,2135949312,2153775104,2153775104,2136997888,2142502912,2145124352,2812504044
2127560704,2152726528,2156920832,2139095040,2130706432,2148532224,2146435072,2128609280,2144075776,2138570752,2812520044
2131755008,2138046464,2149580800,2114977792,2124414976,2141192192,2138046464,2118123520,2133590016,2130444288,2812536045
2117074944,2134900736,2131755008,2118123520,2123366400,2140143616,2136997888,2116026368,2125463552,2129133568,2812552045
2127560704,2136997888,2134900736,2116026368,2129657856,2145386496,2142240768,2124414976,2128871424,2135425024,2812568067
2126512128,2150629376,2147483648,2135949312,2135949312,2152726528,2151677952,2135949312,2140143616,2144075776,2812584065
2128609280,2155872256,2151677952,2147483648,2136997888,2154823680,2153775104,2139095040,2145910784,2146172928,2812600067
2149580800,2144337920,2145386496,2125463552,2132803584,2150629376,2147483648,2131755008,2141192192,2140667904,2812616068
2121269248,2142240768,2149580800,2125463552,2125463552,2142240768,2141192192,2119172096,2134638592,2132017152,2812632087
2116026368,2136997888,2127560704,2118123520,2122317824,2139095040,2135949312,2114977792,2124677120,2128084992,2812648087
2119172096,2152726528,2152726528,2128609280,2126512128,2145386496,2141192192,2123366400,2138308608,2134114304,2812664087
2142240768,2143289344,2139095040,2122317824,2133852160,2151677952,2150629376,2133852160,2136735744,2142502912,2812680087
2128609280,2167406592,2164260864,2153775104,2135949312,2155872256,2155872256,2140143616,2153512960,2146959360,2812696108
2141192192,2148532224,2146435072,2134900736,2133852160,2151677952,2150629376,2134900736,2142765056,2142765056,2812712107
2128609280,2153775104,2156920832,2133852160,2127560704,2144337920,2141192192,2122317824,2143289344,2133852160,2812729001
2125463552,2133852160,2132803584,2111832064,2123366400,2140143616,2136997888,2116026368,2125987840,2129133568,2812745001
2118123520,2139095040,2147483648,2117074944,2125463552,2143289344,2140143616,2120220672,2130444288,2132279296,2812761001
2138046464,2138046464,2138046464,2118123520,2132803584,2150629376,2148532224,2132803584,2133065728,2141192192,2812777000
2134900736,2162163712,2161115136,2142240768,2136997888,2153775104,2153775104,2138046464,2150105088,2145648640,2812793025
2129657856,2166358016,2157969408,2151677952,2134900736,2152726528,2151677952,2135949312,2151415808,2143813632,2812809024
2125463552,2145386496,2145386496,2130706432,2128609280,2145386496,2144337920,2124414976,2136735744,2135687168,2812825023
2117074944,2141192192,2135949312,2122317824,2124414976,2139095040,2136997888,2114977792,2129133568,2128871424,2812841023
2132803584,2141192192,2128609280,2117074944,2124414976,2141192192,2138046464,2118123520,2129920000,2130444288,2812857046
2125463552,2139095040,2138046464,2118123520,2130706432,2148532224,2147483648,2129657856,2130182144,2139095040,2812873046
2140143616,2145386496,2146435072,2130706432,2136997888,2154823680,2153775104,2136997888,2140667904,2145648640,2812889047
2130706432,2160066560,2161115136,2147483648,2135949312,2154823680,2152726528,2138046464,2149842944,2145386496,2812905044
2143289344,2154823680,2143289344,2128609280,2129657856,2148532224,2145386496,2127560704,2142502912,2137784320,2812921068
2121269248,2139095040,2141192192,2118123520,2124414976,2142240768,2138046464,2118123520,2129920000,2130706432,2812937067
2116026368,2134900736,2134900736,2116026368,2123366400,2140143616,2136997888,2116026368,2125463552,2129133568,2812953068
2119172096,2143289344,2148532224,2126512128,2128609280,2147483648,2144337920,2125463552,2134376448,2136473600,2812969067
2126512128,2145386496,2144337920,2129657856,2135949312,2153775104,2152726528,2136997888,2136473600,2144862208,2812985088
2131755008,2153775104,2149580800,2141192192,2136997888,2154823680,2153775104,2139095040,2144075776,2146172928,2813001088
2138046464,2144337920,2147483648,2127560704,2131755008,2149580800,2148532224,2129657856,2139357184,2139881472,2813017090
2121269248,2141192192,2135949312,2122317824,2125463552,2142240768,2139095040,2120220672,2130182144,2131755008,2813033085
2121269248,2146435072,2146435072,2122317824,2123366400,2140143616,2135949312,2116026368,2134114304,2128871424,2813049109
2126512128,2149580800,2145386496,2123366400,2127560704,2145386496,2143289344,2123366400,2136211456,2134900736,2813066001
2126512128,2154823680,2156920832,2138046464,2134900736,2151677952,2150629376,2134900736,2144075776,2143027200,2813082001
2130706432,2156920832,2167406592,2147483648,2136997888,2154823680,2154823680,2139095040,2150629376,2146435072,2813098001
2132803584,2168455168,2172649472,2144337920,2132803584,2151677952,2150629376,2132803584,2154561536,2141978624,2813114001
2120220672,2153775104,2142240768,2139095040,2126512128,2143289344,2141192192,2121269248,2138832896,2133065728,2813130022
2131755008,2139095040,2130706432,2109734912,2123366400,2140143616,2135949312,2114977792,2127822848,2128609280,2813146024
2127560704,2131755008,2130706432,2108686336,2126512128,2143289344,2140143616,2120220672,2124677120,2132541440,2813162024
2138046464,2141192192,2135949312,2119172096,2132803584,2150629376,2148532224,2132803584,2133590016,2141192192,2813178023
2146435072,2148532224,2146435072,2129657856,2138046464,2154823680,2153775104,2138046464,2142765056,2146172928,2813194044
2133852160,2159017984,2164260864,2147483648,2134900736,2152726528,2151677952,2134900736,2151153664,2143551488,2813210045
2141192192,2146435072,2140143616,2121269248,2127560704,2144337920,2143289344,2123366400,2137260032,2134638592,2813226044
2130706432,2143289344,2146435072,2112880640,2124414976,2140143616,2135949312,2114977792,2133327872,2128871424,2813242045
2122317824,2146435072,2144337920,2117074944,2125463552,2141192192,2138046464,2119172096,2132541440,2130968576,2813258068
2130706432,2156920832,2146435072,2130706432,2130706432,2149580800,2147483648,2129657856,2141192192,2139357184,2813274068
2138046464,2148532224,2143289344,2130706432,2136997888,2155872256,2153775104,2139095040,2140143616,2146435072,2813290068
2143289344,2159017984,2161115136,2133852160,2135949312,2153775104,2152726528,2136997888,2149318656,2144862208,2813306067
2125463552,2146435072,2142240768,2130706432,2129657856,2147483648,2145386496,2127560704,2136211456,2137522176,2813322087
2117074944,2142240768,2139095040,2123366400,2124414976,2141192192,2138046464,2117074944,2130444288,2130182144,2813338088
2131755008,2131755008,2135949312,2108686336,2124414976,2140143616,2135949312,2116026368,2127036416,2129133568,2813354086
2131755008,2136997888,2134900736,2116026368,2129657856,2147483648,2144337920,2125463552,2129920000,2136735744,2813370089
2125463552,2152726528,2148532224,2140143616,2135949312,2153775104,2152726528,2136997888,2141716480,2144862208,2813386108
2146435072,2148532224,2149580800,2136997888,2136997888,2155872256,2154823680,2139095040,2145386496,2146697216,2813402111
2126512128,2149580800,2151677952,2136997888,2130706432,2149580800,2146435072,2129657856,2141192192,2139095040,2813419001
