2123366400,2145386496,2141192192,2129657856,2129657856,2147483648,2145386496,2127560704,2134900736,2137522176,2814526023
2126512128,2163212288,2157969408,2135949312,2129657856,2147483648,2145386496,2127560704,2145910784,2137522176,2814542023
2123366400,2157969408,2161115136,2131755008,2129657856,2148532224,2145386496,2127560704,2143551488,2137784320,2814558045
2142240768,2138046464,2138046464,2122317824,2130706432,2146435072,2145386496,2127560704,2135162880,2137522176,2814574044
2124414976,2155872256,2152726528,2139095040,2129657856,2147483648,2145386496,2127560704,2143027200,2137522176,2814590045
2135949312,2140143616,2139095040,2123366400,2130706432,2147483648,2145386496,2126512128,2134638592,2137522176,2814606044
2125463552,2143289344,2138046464,2122317824,2129657856,2147483648,2145386496,2127560704,2132279296,2137522176,2814622066
2139095040,2151677952,2144337920,2133852160,2130706432,2147483648,2144337920,2127560704,2142240768,2137522176,2814638064
2122317824,2155872256,2147483648,2140143616,2129657856,2148532224,2145386496,2128609280,2141454336,2138046464,2814654066
2123366400,2160066560,2153775104,2135949312,2129657856,2147483648,2145386496,2127560704,2143289344,2137522176,2814670066
2123366400,2152726528,2153775104,2136997888,2130706432,2147483648,2145386496,2126512128,2141716480,2137522176,2814686086
2131755008,2141192192,2142240768,2122317824,2128609280,2146435072,2144337920,2125463552,2134376448,2136211456,2814702086
2130706432,2141192192,2142240768,2110783488,2123366400,2139095040,2136997888,2114977792,2131230720,2128609280,2814718088
2122317824,2146435072,2140143616,2120220672,2123366400,2139095040,2135949312,2114977792,2132279296,2128347136,2814734087
2132803584,2133852160,2131755008,2112880640,2129657856,2146435072,2144337920,2126512128,2127822848,2136735744,2814750109
2139095040,2144337920,2143289344,2127560704,2138046464,2153775104,2153775104,2138046464,2138570752,2145910784,2814766106
2133852160,2155872256,2149580800,2143289344,2136997888,2155872256,2154823680,2139095040,2145648640,2146697216,2814783001
2138046464,2144337920,2143289344,2125463552,2130706432,2149580800,2146435072,2129657856,2137784320,2139095040,2814799001
2128609280,2146435072,2146435072,2114977792,2123366400,2141192192,2136997888,2117074944,2134114304,2129657856,2814815001
2114977792,2143289344,2132803584,2118123520,2121269248,2139095040,2134900736,2113929216,2127298560,2127298560,2814831000
2121269248,2136997888,2132803584,2113929216,2127560704,2145386496,2142240768,2123366400,2126249984,2134638592,2814847025
2135949312,2146435072,2141192192,2127560704,2135949312,2153775104,2152726528,2136997888,2137784320,2144862208,2814863022
2151677952,2148532224,2150629376,2133852160,2136997888,2156920832,2155872256,2142240768,2146172928,2148007936,2814879025
2129657856,2167406592,2168455168,2146435072,2132803584,2151677952,2149580800,2132803584,2152988672,2141716480,2814895024
2121269248,2147483648,2155872256,2127560704,2125463552,2142240768,2139095040,2119172096,2138046464,2131492864,2814911046
2117074944,2143289344,2145386496,2122317824,2121269248,2138046464,2134900736,2112880640,2132017152,2126774272,2814927045
2133852160,2138046464,2128609280,2108686336,2125463552,2143289344,2140143616,2121269248,2127298560,2132541440,2814943047
2124414976,2150629376,2152726528,2133852160,2133852160,2152726528,2150629376,2134900736,2140405760,2143027200,2814959044
2138046464,2151677952,2147483648,2136997888,2138046464,2155872256,2154823680,2141192192,2143551488,2147483648,2814975066
2129657856,2167406592,2167406592,2153775104,2135949312,2152726528,2150629376,2134900736,2154561536,2143551488,2814991068
2143289344,2140143616,2140143616,2120220672,2127560704,2144337920,2141192192,2122317824,2135949312,2133852160,2815007067
2128609280,2130706432,2130706432,2108686336,2122317824,2138046464,2134900736,2113929216,2124677120,2127298560,2815023066
2126512128,2144337920,2140143616,2112880640,2124414976,2141192192,2138046464,2118123520,2130968576,2130444288,2815039087
2135949312,2140143616,2135949312,2117074944,2131755008,2149580800,2147483648,2130706432,2132279296,2139881472,2815055087
2130706432,2153775104,2154823680,2141192192,2138046464,2155872256,2155872256,2140143616,2145124352,2147483648,2815071088
2138046464,2149580800,2153775104,2134900736,2135949312,2154823680,2153775104,2138046464,2144075776,2145648640,2815087087
2129657856,2164260864,2163212288,2140143616,2129657856,2146435072,2144337920,2125463552,2149318656,2136473600,2815103109
2132803584,2132803584,2131755008,2109734912,2122317824,2140143616,2135949312,2114977792,2126774272,2128347136,2815120001
2113929216,2143289344,2134900736,2122317824,2122317824,2140143616,2138046464,2116026368,2128609280,2129133568,2815136001
2130706432,2149580800,2146435072,2125463552,2130706432,2147483648,2146435072,2127560704,2138046464,2138046464,2815152001
2142240768,2144337920,2146435072,2128609280,2136997888,2155872256,2154823680,2140143616,2140405760,2146959360,2815168001
2131755008,2161115136,2156920832,2150629376,2136997888,2155872256,2154823680,2139095040,2150105088,2146697216,2815184023
2127560704,2145386496,2147483648,2129657856,2129657856,2148532224,2146435072,2127560704,2137522176,2138046464,2815200023
2126512128,2150629376,2153775104,2121269248,2122317824,2140143616,2136997888,2114977792,2138046464,2128609280,2815216023
2133852160,2141192192,2129657856,2112880640,2122317824,2139095040,2134900736,2114977792,2129395712,2127822848,2815232024
2124414976,2150629376,2144337920,2121269248,2128609280,2145386496,2143289344,2124414976,2135162880,2135425024,2815248045
2145386496,2146435072,2141192192,2127560704,2135949312,2154823680,2153775104,2139095040,2140143616,2145910784,2815264044
2132803584,2164260864,2169503744,2145386496,2138046464,2156920832,2155872256,2141192192,2152988672,2148007936,2815280044
2138046464,2144337920,2149580800,2129657856,2132803584,2149580800,2148532224,2131755008,2140405760,2140667904,2815296045
2135949312,2139095040,2134900736,2114977792,2124414976,2142240768,2138046464,2119172096,2131230720,2130968576,2815312070
2123366400,2136997888,2144337920,2109734912,2121269248,2140143616,2135949312,2114977792,2128609280,2128084992,2815328068
2116026368,2145386496,2139095040,2126512128,2126512128,2144337920,2141192192,2122317824,2131755008,2133590016,2815344065
2127560704,2160066560,2162163712,2141192192,2133852160,2152726528,2150629376,2134900736,2147745792,2143027200,2815360065
2144337920,2149580800,2148532224,2131755008,2138046464,2156920832,2154823680,2141192192,2143551488,2147745792,2815376089
2130706432,2165309440,2170552320,2153775104,2134900736,2151677952,2149580800,2133852160,2155085824,2142502912,2815392088
2136997888,2144337920,2146435072,2121269248,2126512128,2143289344,2140143616,2121269248,2137260032,2132803584,2815408085
2116026368,2134900736,2135949312,2113929216,2122317824,2139095040,2134900736,2113929216,2125201408,2127560704,2815424088
2113929216,2139095040,2136997888,2118123520,2124414976,2142240768,2138046464,2119172096,2127036416,2130968576,2815440110
2132803584,2141192192,2136997888,2120220672,2132803584,2150629376,2148532224,2132803584,2132803584,2141192192,2815456109
2128609280,2155872256,2152726528,2143289344,2136997888,2155872256,2154823680,2141192192,2145124352,2147221504,2815473001
2128609280,2160066560,2161115136,2147483648,2135949312,2151677952,2151677952,2135949312,2149318656,2143813632,2815489001
2124414976,2151677952,2144337920,2136997888,2128609280,2144337920,2143289344,2123366400,2139357184,2134900736,2815505001
2129657856,2134900736,2129657856,2110783488,2121269248,2140143616,2134900736,2114977792,2126249984,2127822848,2815521025
2126512128,2134900736,2134900736,2108686336,2123366400,2141192192,2136997888,2117074944,2126249984,2129657856,2815537023
2134900736,2141192192,2146435072,2118123520,2130706432,2149580800,2146435072,2129657856,2135162880,2139095040,2815553023
2140143616,2164260864,2160066560,2142240768,2136997888,2155872256,2154823680,2140143616,2151677952,2146959360,2815569022
2147483648,2159017984,2154823680,2136997888,2136997888,2155872256,2154823680,2139095040,2149580800,2146697216,2815585045
2146435072,2146435072,2143289344,2128609280,2130706432,2148532224,2145386496,2128609280,2141192192,2138308608,2815601044
2128609280,2150629376,2148532224,2132803584,2123366400,2140143616,2135949312,2114977792,2140143616,2128609280,2815617045
2119172096,2154823680,2145386496,2121269248,2123366400,2139095040,2135949312,2114977792,2135162880,2128347136,2815633045
2117074944,2141192192,2141192192,2122317824,2127560704,2146435072,2143289344,2126512128,2130444288,2135949312,2815649067
2129657856,2144337920,2146435072,2129657856,2135949312,2153775104,2153775104,2138046464,2137522176,2145386496,2815665067
2132803584,2169503744,2170552320,2150629376,2139095040,2156920832,2155872256,2141192192,2155872256,2148270080,2815681066
2129657856,2149580800,2153775104,2134900736,2132803584,2149580800,2147483648,2129657856,2141978624,2139881472,2815697067
2130706432,2159017984,2142240768,2127560704,2124414976,2142240768,2138046464,2118123520,2139881472,2130706432,2815713090
2126512128,2143289344,2142240768,2117074944,2121269248,2139095040,2134900736,2113929216,2132279296,2127298560,2815729086
2116026368,2155872256,2149580800,2132803584,2126512128,2145386496,2143289344,2123366400,2138570752,2134638592,2815745088
2143289344,2144337920,2142240768,2122317824,2133852160,2153775104,2152726528,2135949312,2138046464,2144075776,2815761088
2143289344,2163212288,2159017984,2145386496,2138046464,2156920832,2156920832,2141192192,2152726528,2148270080,2815777110
2148532224,2161115136,2153775104,2135949312,2133852160,2151677952,2150629376,2133852160,2149842944,2142502912,2815793107
2134900736,2141192192,2136997888,2120220672,2126512128,2143289344,2139095040,2120220672,2133327872,2132279296,2815810001
2128609280,2134900736,2126512128,2109734912,2121269248,2139095040,2134900736,2113929216,2124939264,2127298560,2815826001
2114977792,2136997888,2130706432,2113929216,2125463552,2142240768,2139095040,2120220672,2124152832,2131755008,2815842001
2142240768,2142240768,2145386496,2120220672,2133852160,2151677952,2149580800,2133852160,2137522176,2142240768,2815858001
2134900736,2166358016,2164260864,2144337920,2138046464,2156920832,2155872256,2142240768,2152464384,2148270080,2815874024
2130706432,2164260864,2160066560,2151677952,2134900736,2153775104,2152726528,2135949312,2151677952,2144337920,2815890023
2139095040,2154823680,2144337920,2129657856,2127560704,2144337920,2142240768,2123366400,2141978624,2134376448,2815906023
2131755008,2142240768,2129657856,2112880640,2122317824,2139095040,2134900736,2113929216,2129133568,2127560704,2815922022
2117074944,2151677952,2147483648,2124414976,2124414976,2141192192,2136997888,2118123520,2135162880,2130182144,2815938045
2127560704,2152726528,2148532224,2129657856,2131755008,2148532224,2147483648,2129657856,2139619328,2139357184,2815954045
2130706432,2163212288,2163212288,2144337920,2136997888,2155872256,2154823680,2141192192,2150367232,2147221504,2815970045
2132803584,2164260864,2168455168,2151677952,2136997888,2153775104,2153775104,2138046464,2154299392,2145648640,2815986046
2132803584,2162163712,2154823680,2138046464,2129657856,2147483648,2144337920,2126512128,2146959360,2136997888,2816002068
2119172096,2139095040,2141192192,2117074944,2122317824,2141192192,2135949312,2116026368,2129133568,2128871424,2816018066
2113929216,2134900736,2140143616,2109734912,2123366400,2139095040,2135949312,2114977792,2124677120,2128347136,2816034067
2120220672,2142240768,2134900736,2123366400,2129657856,2147483648,2145386496,2126512128,2130182144,2137260032,2816050066
2147483648,2144337920,2150629376,2125463552,2136997888,2155872256,2153775104,2139095040,2141978624,2146435072,2816066087
2135949312,2153775104,2148532224,2139095040,2136997888,2155872256,2155872256,2140143616,2144337920,2147221504,2816082088
2136997888,2164260864,2161115136,2144337920,2131755008,2148532224,2146435072,2129657856,2151677952,2139095040,2816098088
2119172096,2147483648,2141192192,2126512128,2124414976,2141192192,2138046464,2118123520,2133590016,2130444288,2816114085
2118123520,2146435072,2145386496,2117074944,2121269248,2139095040,2134900736,2114977792,2131755008,2127560704,2816130110
2129657856,2133852160,2130706432,2110783488,2127560704,2145386496,2142240768,2124414976,2126249984,2134900736,2816147001
2126512128,2157969408,2160066560,2143289344,2135949312,2153775104,2152726528,2136997888,2146959360,2144862208,2816163001
2130706432,2160066560,2160066560,2149580800,2138046464,2156920832,2155872256,2141192192,2150105088,2148007936,2816179001
2144337920,2161115136,2156920832,2145386496,2133852160,2151677952,2149580800,2131755008,2151940096,2141716480,2816195001
2140143616,2138046464,2134900736,2118123520,2125463552,2142240768,2139095040,2119172096,2132803584,2131492864,2816211023
2134900736,2131755008,2128609280,2107637760,2122317824,2139095040,2133852160,2113929216,2125725696,2127298560,2816227023
2123366400,2136997888,2130706432,2111832064,2125463552,2142240768,2139095040,2120220672,2125725696,2131755008,2816243022
2142240768,2146435072,2139095040,2125463552,2133852160,2152726528,2150629376,2134900736,2138308608,2143027200,2816259023
2148532224,2147483648,2150629376,2131755008,2138046464,2156920832,2155872256,2142240768,2144600064,2148270080,2816275047
2142240768,2151677952,2147483648,2132803584,2133852160,2152726528,2152726528,2135949312,2143551488,2143813632,2816291045
2131755008,2160066560,2152726528,2133852160,2127560704,2144337920,2142240768,2122317824,2144600064,2134114304,2816307044
2116026368,2147483648,2143289344,2122317824,2121269248,2140143616,2134900736,2113929216,2132279296,2127560704,2816323046
2119172096,2146435072,2146435072,2120220672,2123366400,2141192192,2138046464,2118123520,2133065728,2130182144,2816339067
2122317824,2147483648,2153775104,2130706432,2132803584,2149580800,2148532224,2130706432,2138570752,2140405760,2816355068
2133852160,2165309440,2167406592,2143289344,2136997888,2156920832,2155872256,2141192192,2152464384,2147745792,2816371067
2130706432,2152726528,2152726528,2142240768,2135949312,2154823680,2153775104,2139095040,2144600064,2145910784,2816387069
2140143616,2142240768,2142240768,2125463552,2129657856,2146435072,2143289344,2125463552,2137522176,2136211456,2816403088
2127560704,2149580800,2142240768,2123366400,2122317824,2139095040,2134900736,2114977792,2135687168,2127822848,2816419087
2113929216,2138046464,2130706432,2117074944,2123366400,2140143616,2136997888,2116026368,2124939264,2129133568,2816435087
2129657856,2146435072,2144337920,2121269248,2129657856,2147483648,2145386496,2127560704,2135425024,2137522176,2816451088
2146435072,2146435072,2145386496,2128609280,2136997888,2154823680,2154823680,2139095040,2141716480,2146435072,2816467111
2149580800,2161115136,2151677952,2133852160,2138046464,2155872256,2154823680,2140143616,2149056512,2147221504,2816483110
2145386496,2155872256,2146435072,2135949312,2130706432,2148532224,2145386496,2128609280,2145910784,2138308608,2816500001
2129657856,2134900736,2132803584,2113929216,2123366400,2140143616,2136997888,2116026368,2127822848,2129133568,2816516001
2126512128,2132803584,2130706432,2106589184,2122317824,2140143616,2135949312,2114977792,2124152832,2128347136,2816532001
2118123520,2147483648,2142240768,2127560704,2127560704,2146435072,2143289344,2125463552,2133852160,2135687168,2816548023
2144337920,2142240768,2146435072,2125463552,2135949312,2153775104,2151677952,2138046464,2139619328,2144862208,2816564024
2142240768,2147483648,2152726528,2131755008,2138046464,2155872256,2154823680,2140143616,2143551488,2147221504,2816580023
2128609280,2151677952,2157969408,2136997888,2132803584,2149580800,2148532224,2131755008,2143813632,2140667904,2816596024
2120220672,2151677952,2147483648,2129657856,2124414976,2141192192,2139095040,2119172096,2137260032,2130968576,2816612045
2132803584,2139095040,2129657856,2110783488,2122317824,2138046464,2134900736,2112880640,2128084992,2127036416,2816628043
2114977792,2152726528,2145386496,2129657856,2126512128,2144337920,2141192192,2121269248,2135687168,2133327872,2816644045
2123366400,2147483648,2140143616,2129657856,2133852160,2152726528,2151677952,2134900736,2135162880,2143289344,2816660045
2145386496,2148532224,2148532224,2133852160,2136997888,2156920832,2155872256,2142240768,2144075776,2148007936,2816676066
2142240768,2159017984,2157969408,2131755008,2134900736,2151677952,2150629376,2134900736,2147745792,2143027200,2816692066
2130706432,2159017984,2156920832,2131755008,2126512128,2144337920,2142240768,2122317824,2144600064,2133852160,2816708067
2127560704,2144337920,2142240768,2110783488,2121269248,2138046464,2134900736,2113929216,2131230720,2127036416,2816724068
2126512128,2141192192,2143289344,2108686336,2125463552,2141192192,2138046464,2118123520,2129920000,2130706432,2816740088
2123366400,2140143616,2136997888,2121269248,2132803584,2149580800,2147483648,2131755008,2130444288,2140405760,2816756086
2132803584,2150629376,2146435072,2138046464,2138046464,2156920832,2154823680,2141192192,2141978624,2147745792,2816772090
2144337920,2151677952,2149580800,2135949312,2135949312,2154823680,2152726528,2138046464,2145386496,2145386496,2816788088
2140143616,2144337920,2146435072,2123366400,2128609280,2145386496,2143289344,2124414976,2138570752,2135425024,2816804108
2116026368,2135949312,2134900736,2114977792,2122317824,2139095040,2135949312,2113929216,2125463552,2127822848,2816820107
2130706432,2130706432,2128609280,2104492032,2123366400,2141192192,2138046464,2118123520,2123628544,2130182144,2816837001
2120220672,2145386496,2139095040,2126512128,2130706432,2148532224,2146435072,2128609280,2132803584,2138570752,2816853001
2128609280,2170552320,2164260864,2146435072,2138046464,2155872256,2154823680,2139095040,2152464384,2146959360,2816869001
2142240768,2161115136,2161115136,2138046464,2136997888,2154823680,2153775104,2139095040,2150629376,2146172928,2816885001
2129657856,2163212288,2162163712,2145386496,2129657856,2147483648,2145386496,2127560704,2150105088,2137522176,2816901024
2130706432,2148532224,2146435072,2126512128,2123366400,2140143616,2136997888,2116026368,2138046464,2129133568,2816917023
2127560704,2130706432,2127560704,2105540608,2123366400,2139095040,2135949312,2114977792,2122842112,2128347136,2816933025
2124414976,2152726528,2149580800,2120220672,2128609280,2146435072,2144337920,2126512128,2136735744,2136473600,2816949022
2144337920,2145386496,2142240768,2126512128,2136997888,2153775104,2152726528,2136997888,2139619328,2145124352,2816965046
2143289344,2151677952,2159017984,2133852160,2138046464,2155872256,2155872256,2139095040,2146959360,2147221504,2816981047
2149580800,2144337920,2145386496,2127560704,2131755008,2148532224,2147483648,2130706432,2141716480,2139619328,2816997045
2120220672,2160066560,2148532224,2132803584,2123366400,2142240768,2138046464,2118123520,2140405760,2130444288,2817013044
2126512128,2141192192,2138046464,2112880640,2122317824,2138046464,2134900736,2112880640,2129657856,2127036416,2817029067
2129657856,2135949312,2130706432,2111832064,2126512128,2145386496,2141192192,2123366400,2127036416,2134114304,2817045066
2128609280,2162163712,2154823680,2139095040,2135949312,2152726528,2151677952,2135949312,2146172928,2144075776,2817061068
2138046464,2168455168,2168455168,2147483648,2136997888,2156920832,2156920832,2141192192,2155610112,2148007936,2817077065
2133852160,2148532224,2150629376,2136997888,2134900736,2151677952,2149580800,2133852160,2142502912,2142502912,2817093089
2122317824,2155872256,2153775104,2135949312,2126512128,2143289344,2141192192,2121269248,2141978624,2133065728,2817109089
2129657856,2134900736,2126512128,2110783488,2121269248,2139095040,2134900736,2113929216,2125463552,2127298560,2817125087
2139095040,2130706432,2131755008,2104492032,2124414976,2142240768,2140143616,2120220672,2126512128,2131755008,2817141087
2135949312,2142240768,2139095040,2120220672,2133852160,2150629376,2149580800,2132803584,2134376448,2141716480,2817157110
2149580800,2148532224,2148532224,2132803584,2138046464,2156920832,2155872256,2141192192,2144862208,2148007936,2817174001
2132803584,2151677952,2149580800,2136997888,2135949312,2152726528,2152726528,2136997888,2142765056,2144600064,2817190001
2130706432,2154823680,2153775104,2131755008,2127560704,2144337920,2142240768,2122317824,2142765056,2134114304,2817206000
2129657856,2142240768,2140143616,2109734912,2122317824,2139095040,2134900736,2113929216,2130444288,2127560704,2817222001
2132803584,2146435072,2129657856,2117074944,2125463552,2141192192,2138046464,2117074944,2131492864,2130444288,2817238023
2121269248,2147483648,2141192192,2129657856,2130706432,2149580800,2147483648,2130706432,2134900736,2139619328,2817254023
2139095040,2146435072,2146435072,2129657856,2138046464,2155872256,2155872256,2140143616,2140405760,2147483648,2817270022
2135949312,2156920832,2152726528,2147483648,2136997888,2154823680,2153775104,2139095040,2148270080,2146172928,2817286023
2126512128,2166358016,2160066560,2143289344,2128609280,2147483648,2145386496,2126512128,2149056512,2136997888,2817302044
2126512128,2149580800,2146435072,2125463552,2122317824,2140143616,2136997888,2116026368,2136997888,2128871424,2817318044
2129657856,2145386496,2136997888,2112880640,2122317824,2140143616,2136997888,2116026368,2131230720,2128871424,2817334045
2122317824,2139095040,2132803584,2118123520,2128609280,2147483648,2144337920,2127560704,2128084992,2136997888,2817350046
2138046464,2147483648,2145386496,2127560704,2135949312,2154823680,2153775104,2138046464,2139619328,2145648640,2817366065
2130706432,2157969408,2162163712,2147483648,2136997888,2155872256,2155872256,2140143616,2149580800,2147221504,2817382067
2144337920,2146435072,2144337920,2128609280,2130706432,2148532224,2147483648,2129657856,2140930048,2139095040,2817398065
2135949312,2141192192,2132803584,2118123520,2123366400,2141192192,2138046464,2118123520,2132017152,2130182144,2817414066
2116026368,2154823680,2143289344,2128609280,2122317824,2138046464,2134900736,2113929216,2135687168,2127298560,2817430087
2121269248,2133852160,2135949312,2112880640,2126512128,2144337920,2142240768,2123366400,2125987840,2134114304,2817446088
2124414976,2147483648,2147483648,2130706432,2134900736,2153775104,2151677952,2136997888,2137522176,2144337920,2817462085
2132803584,2166358016,2165309440,2153775104,2138046464,2156920832,2155872256,2141192192,2154561536,2148007936,2817478087
2144337920,2147483648,2146435072,2130706432,2132803584,2151677952,2149580800,2132803584,2142240768,2141716480,2817494110
2121269248,2147483648,2147483648,2130706432,2125463552,2143289344,2139095040,2120220672,2136735744,2132017152,2817510108
2118123520,2133852160,2128609280,2111832064,2122317824,2139095040,2134900736,2113929216,2123104256,2127560704,2817527001
2132803584,2138046464,2131755008,2111832064,2125463552,2144337920,2140143616,2121269248,2128609280,2132803584,2817543001
2143289344,2152726528,2140143616,2125463552,2134900736,2151677952,2150629376,2133852160,2140405760,2142765056,2817559001
2142240768,2149580800,2148532224,2133852160,2138046464,2156920832,2155872256,2141192192,2143551488,2148007936,2817575024
2149580800,2148532224,2152726528,2132803584,2134900736,2151677952,2150629376,2133852160,2145910784,2142765056,2817591023
2125463552,2141192192,2138046464,2125463552,2127560704,2144337920,2142240768,2122317824,2132541440,2134114304,2817607024
2116026368,2149580800,2144337920,2128609280,2122317824,2138046464,2134900736,2112880640,2134638592,2127036416,2817623024
2114977792,2136997888,2132803584,2116026368,2124414976,2142240768,2138046464,2118123520,2125201408,2130706432,2817639045
2129657856,2139095040,2136997888,2118123520,2132803584,2148532224,2148532224,2130706432,2130968576,2140143616,2817655045
2131755008,2159017984,2163212288,2144337920,2139095040,2154823680,2154823680,2139095040,2149580800,2146959360,2817671046
2147483648,2163212288,2163212288,2142240768,2136997888,2154823680,2153775104,2138046464,2154037248,2145910784,2817687046
2145386496,2152726528,2142240768,2125463552,2128609280,2146435072,2143289344,2125463552,2141454336,2135949312,2817703066
2117074944,2147483648,2139095040,2130706432,2123366400,2139095040,2134900736,2113929216,2133590016,2127822848,2817719065
2113929216,2136997888,2141192192,2113929216,2123366400,2140143616,2136997888,2116026368,2126512128,2129133568,2817735066
2122317824,2150629376,2151677952,2129657856,2129657856,2147483648,2146435072,2127560704,2138570752,2137784320,2817751068
2142240768,2146435072,2144337920,2129657856,2138046464,2155872256,2154823680,2139095040,2140667904,2146959360,2817767086
2150629376,2148532224,2148532224,2133852160,2138046464,2155872256,2153775104,2140143616,2145386496,2146959360,2817783088
2126512128,2153775104,2151677952,2139095040,2130706432,2148532224,2146435072,2128609280,2142765056,2138570752,2817799091
2119172096,2147483648,2144337920,2126512128,2123366400,2141192192,2136997888,2116026368,2134376448,2129395712,2817815087
2114977792,2134900736,2127560704,2111832064,2122317824,2139095040,2135949312,2114977792,2122317824,2128084992,2817831110
2128609280,2133852160,2130706432,2112880640,2127560704,2146435072,2142240768,2124414976,2126512128,2135162880,2817847110
2142240768,2142240768,2142240768,2122317824,2136997888,2154823680,2152726528,2138046464,2137260032,2145648640,2817864001
2151677952,2159017984,2152726528,2140143616,2138046464,2156920832,2155872256,2141192192,2150891520,2148007936,2817880001
2129657856,2167406592,2163212288,2146435072,2131755008,2150629376,2149580800,2131755008,2151677952,2140930048,2817896001
2126512128,2160066560,2148532224,2134900736,2124414976,2142240768,2139095040,2118123520,2142502912,2130968576,2817912001
2118123520,2147483648,2147483648,2123366400,2122317824,2139095040,2134900736,2113929216,2134114304,2127560704,2817928024
2129657856,2144337920,2140143616,2118123520,2125463552,2143289344,2140143616,2122317824,2133065728,2132803584,2817944023
2124414976,2147483648,2145386496,2127560704,2134900736,2151677952,2150629376,2134900736,2136211456,2143027200,2817960022
2139095040,2163212288,2163212288,2146435072,2138046464,2155872256,2156920832,2140143616,2152988672,2147745792,2817976022
2149580800,2148532224,2146435072,2134900736,2134900736,2151677952,2151677952,2133852160,2144862208,2143027200,2817992045
2139095040,2151677952,2146435072,2131755008,2126512128,2144337920,2140143616,2122317824,2142240768,2133327872,2818008046
2114977792,2149580800,2136997888,2126512128,2122317824,2138046464,2134900736,2113929216,2132017152,2127298560,2818024045
2114977792,2151677952,2145386496,2125463552,2124414976,2142240768,2139095040,2118123520,2134376448,2130968576,2818040044
2122317824,2147483648,2141192192,2129657856,2132803584,2149580800,2148532224,2131755008,2135162880,2140667904,2818056065
2146435072,2154823680,2146435072,2131755008,2138046464,2155872256,2155872256,2141192192,2144862208,2147745792,2818072068
2129657856,2169503744,2166358016,2153775104,2135949312,2153775104,2153775104,2136997888,2154823680,2145124352,2818088067
2123366400,2153775104,2147483648,2139095040,2128609280,2146435072,2143289344,2125463552,2140930048,2135949312,2818104065
2117074944,2139095040,2139095040,2114977792,2122317824,2139095040,2135949312,2113929216,2127560704,2127822848,2818120086
2126512128,2140143616,2140143616,2109734912,2123366400,2141192192,2136997888,2116026368,2129133568,2129395712,2818136087
2134900736,2153775104,2146435072,2127560704,2131755008,2148532224,2146435072,2128609280,2140667904,2138832896,2818152086
2143289344,2146435072,2153775104,2130706432,2136997888,2155872256,2155872256,2139095040,2143551488,2146959360,2818168086
2135949312,2170552320,2170552320,2147483648,2138046464,2154823680,2154823680,2139095040,2156134400,2146697216,2818184110
2127560704,2155872256,2148532224,2139095040,2129657856,2148532224,2145386496,2127560704,2142765056,2137784320,2818201001
2117074944,2150629376,2143289344,2133852160,2123366400,2140143616,2135949312,2116026368,2136211456,2128871424,2818217001
2113929216,2135949312,2131755008,2116026368,2123366400,2140143616,2135949312,2116026368,2124414976,2128871424,2818233000
2117074944,2151677952,2147483648,2130706432,2128609280,2146435072,2143289344,2125463552,2136735744,2135949312,2818249001
2143289344,2143289344,2145386496,2125463552,2136997888,2154823680,2153775104,2138046464,2139357184,2145910784,2818265023
2143289344,2149580800,2150629376,2136997888,2136997888,2155872256,2155872256,2141192192,2145124352,2147483648,2818281023
2146435072,2147483648,2145386496,2129657856,2132803584,2149580800,2147483648,2130706432,2142240768,2140143616,2818297023
2119172096,2151677952,2141192192,2134900736,2124414976,2142240768,2136997888,2118123520,2136735744,2130444288,2818313023
2116026368,2147483648,2135949312,2126512128,2121269248,2139095040,2134900736,2113929216,2131492864,2127298560,2818329045
2128609280,2133852160,2130706432,2111832064,2126512128,2144337920,2142240768,2122317824,2126249984,2133852160,2818345046
2124414976,2161115136,2154823680,2142240768,2134900736,2151677952,2150629376,2134900736,2145648640,2143027200,2818361047
2142240768,2146435072,2147483648,2132803584,2138046464,2155872256,2155872256,2141192192,2142240768,2147745792,2818377046
2127560704,2166358016,2161115136,2154823680,2133852160,2151677952,2150629376,2133852160,2152464384,2142502912,2818393066
2121269248,2147483648,2140143616,2130706432,2126512128,2143289344,2140143616,2121269248,2134900736,2132803584,2818409066
2134900736,2130706432,2129657856,2104492032,2122317824,2138046464,2133852160,2112880640,2124939264,2126774272,2818425066
2117074944,2133852160,2128609280,2110783488,2125463552,2142240768,2140143616,2119172096,2122579968,2131755008,2818441067
2123366400,2157969408,2154823680,2133852160,2132803584,2151677952,2148532224,2132803584,2142502912,2141454336,2818457088
2130706432,2167406592,2168455168,2146435072,2138046464,2155872256,2155872256,2140143616,2153250816,2147483648,2818473088
2131755008,2151677952,2155872256,2139095040,2135949312,2153775104,2152726528,2135949312,2144600064,2144600064,2818489089
2140143616,2154823680,2149580800,2127560704,2127560704,2145386496,2142240768,2123366400,2143027200,2134638592,2818505088
2118123520,2138046464,2139095040,2116026368,2121269248,2140143616,2135949312,2114977792,2127822848,2128084992,2818521108
2113929216,2148532224,2140143616,2125463552,2124414976,2140143616,2135949312,2117074944,2132017152,2129395712,2818537109
2124414976,2141192192,2135949312,2122317824,2131755008,2149580800,2146435072,2129657856,2130968576,2139357184,2818554001
2133852160,2162163712,2161115136,2142240768,2138046464,2156920832,2155872256,2141192192,2149842944,2148007936,2818570001
2132803584,2165309440,2168455168,2146435072,2136997888,2153775104,2153775104,2138046464,2153250816,2145648640,2818586001
2138046464,2142240768,2142240768,2129657856,2128609280,2146435072,2144337920,2126512128,2138046464,2136473600,2818602024
2121269248,2155872256,2151677952,2130706432,2123366400,2140143616,2135949312,2114977792,2139881472,2128609280,2818618022
2122317824,2146435072,2144337920,2112880640,2122317824,2141192192,2135949312,2116026368,2131492864,2128871424,2818634024
2122317824,2156920832,2149580800,2135949312,2129657856,2146435072,2144337920,2126512128,2141192192,2136735744,2818650023
2142240768,2142240768,2144337920,2126512128,2136997888,2154823680,2153775104,2138046464,2138832896,2145910784,2818666045
2136997888,2164260864,2163212288,2146435072,2136997888,2155872256,2155872256,2141192192,2152726528,2147483648,2818682044
2149580800,2145386496,2145386496,2128609280,2131755008,2148532224,2147483648,2129657856,2142240768,2139357184,2818698045
2140143616,2139095040,2136997888,2113929216,2124414976,2141192192,2136997888,2117074944,2132541440,2129920000,2818714045
2126512128,2132803584,2126512128,2107637760,2122317824,2139095040,2133852160,2113929216,2123366400,2127298560,2818730068
2118123520,2152726528,2152726528,2125463552,2127560704,2144337920,2142240768,2122317824,2137260032,2134114304,2818746067
2130706432,2159017984,2161115136,2138046464,2135949312,2152726528,2151677952,2135949312,2147221504,2144075776,2818762065
2132803584,2154823680,2165309440,2144337920,2138046464,2156920832,2155872256,2141192192,2149318656,2148007936,2818778068
2130706432,2157969408,2166358016,2143289344,2132803584,2151677952,2149580800,2133852160,2149580800,2141978624,2818794087
2124414976,2159017984,2155872256,2135949312,2125463552,2142240768,2140143616,2120220672,2143813632,2132017152,2818810085
2119172096,2150629376,2146435072,2122317824,2122317824,2138046464,2133852160,2112880640,2134638592,2126774272,2818826086
2118123520,2148532224,2147483648,2123366400,2125463552,2142240768,2140143616,2120220672,2134376448,2132017152,2818842088
2121269248,2143289344,2143289344,2123366400,2133852160,2151677952,2149580800,2132803584,2132803584,2141978624,2818858109
2133852160,2148532224,2150629376,2134900736,2138046464,2156920832,2156920832,2140143616,2141978624,2148007936,2818874106
2130706432,2167406592,2165309440,2150629376,2133852160,2152726528,2151677952,2135949312,2153512960,2143551488,2818891001
2124414976,2149580800,2155872256,2130706432,2127560704,2145386496,2142240768,2123366400,2140143616,2134638592,2818907001
2119172096,2146435072,2146435072,2123366400,2121269248,2139095040,2135949312,2113929216,2133852160,2127560704,2818923001
2132803584,2133852160,2136997888,2109734912,2124414976,2141192192,2138046464,2118123520,2128347136,2130444288,2818939001
2129657856,2141192192,2135949312,2118123520,2131755008,2149580800,2147483648,2130706432,2131230720,2139881472,2818955023
2145386496,2148532224,2152726528,2129657856,2138046464,2156920832,2154823680,2141192192,2144075776,2147745792,2818971025
2130706432,2171600896,2167406592,2153775104,2135949312,2154823680,2153775104,2138046464,2155872256,2145648640,2818987024
2125463552,2148532224,2148532224,2131755008,2129657856,2146435072,2143289344,2124414976,2138570752,2135949312,2819003022
2118123520,2147483648,2147483648,2127560704,2123366400,2139095040,2135949312,2113929216,2135162880,2128084992,2819019045
2128609280,2133852160,2125463552,2107637760,2122317824,2141192192,2135949312,2117074944,2123890688,2129133568,2819035046
2121269248,2138046464,2134900736,2117074944,2130706432,2147483648,2145386496,2127560704,2127822848,2137784320,2819051047
2145386496,2151677952,2145386496,2129657856,2136997888,2155872256,2154823680,2139095040,2143027200,2146697216,2819067045
2139095040,2163212288,2163212288,2145386496,2138046464,2155872256,2154823680,2139095040,2152726528,2146959360,2819083067
2127560704,2150629376,2147483648,2138046464,2131755008,2148532224,2147483648,2128609280,2140930048,2139095040,2819099067
2139095040,2136997888,2135949312,2116026368,2123366400,2140143616,2136997888,2114977792,2132017152,2128871424,2819115067
2114977792,2140143616,2145386496,2122317824,2122317824,2139095040,2134900736,2114977792,2130706432,2127822848,2819131065
2121269248,2152726528,2150629376,2121269248,2127560704,2146435072,2143289344,2124414976,2136473600,2135425024,2819147086
2134900736,2157969408,2154823680,2140143616,2135949312,2153775104,2151677952,2136997888,2146959360,2144600064,2819163087
2143289344,2150629376,2149580800,2134900736,2138046464,2156920832,2155872256,2141192192,2144600064,2148007936,2819179088
2136997888,2160066560,2161115136,2144337920,2132803584,2151677952,2150629376,2133852160,2150629376,2142240768,2819195088
2122317824,2147483648,2141192192,2124414976,2125463552,2141192192,2138046464,2118123520,2133852160,2130706432,2819211111
2135949312,2134900736,2127560704,2106589184,2122317824,2139095040,2134900736,2113929216,2126249984,2127560704,2819228001
2134900736,2146435072,2129657856,2118123520,2126512128,2144337920,2140143616,2121269248,2132279296,2133065728,2819244001
2136997888,2140143616,2136997888,2121269248,2133852160,2152726528,2150629376,2134900736,2133852160,2143027200,2819260001
2129657856,2160066560,2160066560,2147483648,2138046464,2156920832,2154823680,2141192192,2149318656,2147745792,2819276001
2141192192,2149580800,2161115136,2134900736,2134900736,2152726528,2149580800,2133852160,2146697216,2142765056,2819292023
2140143616,2141192192,2138046464,2119172096,2126512128,2143289344,2141192192,2122317824,2134638592,2133327872,2819308023
2114977792,2136997888,2127560704,2114977792,2120220672,2139095040,2134900736,2113929216,2123628544,2127036416,2819324022
2113929216,2140143616,2133852160,2119172096,2125463552,2142240768,2138046464,2118123520,2126774272,2130968576,2819340024
2122317824,2151677952,2149580800,2132803584,2132803584,2150629376,2149580800,2131755008,2139095040,2141192192,2819356046
2136997888,2156920832,2163212288,2134900736,2138046464,2155872256,2155872256,2140143616,2148007936,2147483648,2819372046
2134900736,2170552320,2170552320,2146435072,2136997888,2153775104,2153775104,2136997888,2155610112,2145386496,2819388046
2145386496,2140143616,2141192192,2121269248,2129657856,2145386496,2143289344,2124414976,2136997888,2135687168,2819404046
2132803584,2136997888,2129657856,2112880640,2121269248,2139095040,2134900736,2113929216,2128084992,2127298560,2819420068
2116026368,2134900736,2129657856,2113929216,2123366400,2140143616,2136997888,2116026368,2123628544,2129133568,2819436066
2122317824,2157969408,2156920832,2132803584,2130706432,2148532224,2146435072,2128609280,2142502912,2138570752,2819452065
2130706432,2165309440,2165309440,2143289344,2136997888,2155872256,2155872256,2140143616,2151153664,2147221504,2819468069
2140143616,2151677952,2152726528,2134900736,2136997888,2155872256,2155872256,2139095040,2144862208,2146959360,2819484088
2138046464,2145386496,2146435072,2129657856,2130706432,2147483648,2146435072,2128609280,2139881472,2138308608,2819500087
2123366400,2152726528,2154823680,2125463552,2123366400,2141192192,2136997888,2116026368,2139095040,2129395712,2819516086
2118123520,2148532224,2142240768,2122317824,2121269248,2140143616,2135949312,2114977792,2132803584,2128084992,2819532088
2119172096,2140143616,2143289344,2121269248,2128609280,2145386496,2143289344,2124414976,2130968576,2135425024,2819548109
2127560704,2165309440,2162163712,2142240768,2135949312,2153775104,2153775104,2136997888,2149318656,2145124352,2819564107
2129657856,2155872256,2160066560,2143289344,2138046464,2155872256,2155872256,2141192192,2147221504,2147745792,2819581001
2131755008,2160066560,2167406592,2147483648,2131755008,2149580800,2148532224,2129657856,2151677952,2139881472,2819597001
2129657856,2140143616,2133852160,2118123520,2124414976,2141192192,2136997888,2117074944,2130444288,2129920000,2819613001
2121269248,2145386496,2144337920,2119172096,2121269248,2138046464,2134900736,2113929216,2132541440,2127036416,2819629023
2114977792,2151677952,2133852160,2132803584,2126512128,2144337920,2142240768,2123366400,2133327872,2134114304,2819645023
2141192192,2146435072,2140143616,2124414976,2134900736,2152726528,2151677952,2135949312,2138046464,2143813632,2819661023
2151677952,2149580800,2150629376,2133852160,2138046464,2157969408,2156920832,2142240768,2146435072,2148794368,2819677024
2129657856,2164260864,2162163712,2150629376,2133852160,2151677952,2150629376,2133852160,2151677952,2142502912,2819693045
2132803584,2140143616,2138046464,2120220672,2125463552,2143289344,2140143616,2120220672,2132803584,2132279296,2819709045
2135949312,2131755008,2130706432,2106589184,2121269248,2139095040,2134900736,2113929216,2126249984,2127298560,2819725046
2116026368,2131755008,2132803584,2110783488,2124414976,2142240768,2139095040,2119172096,2122842112,2131230720,2819741045
2125463552,2154823680,2152726528,2136997888,2131755008,2151677952,2148532224,2133852160,2142502912,2141454336,2819757066
2130706432,2153775104,2149580800,2141192192,2138046464,2156920832,2155872256,2141192192,2143813632,2148007936,2819773066
2139095040,2163212288,2163212288,2145386496,2134900736,2153775104,2151677952,2136997888,2152726528,2144337920,2819789067
2124414976,2149580800,2147483648,2132803584,2128609280,2144337920,2143289344,2123366400,2138570752,2134900736,2819805068
2117074944,2139095040,2134900736,2118123520,2121269248,2139095040,2134900736,2113929216,2127298560,2127298560,2819821088
2113929216,2139095040,2132803584,2118123520,2123366400,2140143616,2136997888,2116026368,2125987840,2129133568,2819837086
2129657856,2139095040,2134900736,2116026368,2130706432,2148532224,2147483648,2129657856,2129920000,2139095040,2819853088
2140143616,2149580800,2145386496,2130706432,2136997888,2155872256,2154823680,2139095040,2141454336,2146697216,2819869090
2136997888,2163212288,2166358016,2149580800,2136997888,2154823680,2154823680,2138046464,2154037248,2146172928,2819885108
2124414976,2154823680,2153775104,2140143616,2129657856,2147483648,2144337920,2126512128,2143289344,2136997888,2819901107
2134900736,2149580800,2135949312,2122317824,2123366400,2140143616,2135949312,2114977792,2135687168,2128609280,2819918001
2113929216,2151677952,2147483648,2121269248,2123366400,2140143616,2135949312,2114977792,2133590016,2128609280,2819934001
2133852160,2133852160,2131755008,2111832064,2129657856,2146435072,2144337920,2126512128,2127822848,2136735744,2819950001
2125463552,2166358016,2155872256,2150629376,2135949312,2155872256,2153775104,2139095040,2149580800,2146172928,2819966001
2142240768,2160066560,2159017984,2134900736,2138046464,2155872256,2154823680,2140143616,2149056512,2147221504,2819982024
2129657856,2150629376,2147483648,2138046464,2131755008,2148532224,2146435072,2129657856,2141454336,2139095040,2819998023
2121269248,2154823680,2154823680,2131755008,2123366400,2141192192,2138046464,2117074944,2140667904,2129920000,2820014024
2126512128,2142240768,2140143616,2112880640,2122317824,2140143616,2134900736,2113929216,2130444288,2127822848,2820030024
2117074944,2139095040,2130706432,2119172096,2126512128,2144337920,2142240768,2123366400,2126512128,2134114304,2820046047
2145386496,2143289344,2141192192,2123366400,2134900736,2153775104,2152726528,2136997888,2138308608,2144600064,2820062046
2139095040,2154823680,2159017984,2138046464,2139095040,2154823680,2154823680,2140143616,2147745792,2147221504,2820078045
2141192192,2156920832,2155872256,2131755008,2132803584,2151677952,2149580800,2132803584,2146435072,2141716480,2820094044
2136997888,2140143616,2136997888,2118123520,2125463552,2143289344,2140143616,2120220672,2133065728,2132279296,2820110069
2116026368,2143289344,2143289344,2124414976,2122317824,2138046464,2133852160,2112880640,2131755008,2126774272,2820126067
2114977792,2141192192,2141192192,2120220672,2125463552,2142240768,2140143616,2120220672,2129395712,2132017152,2820142067
2124414976,2147483648,2144337920,2130706432,2132803584,2150629376,2150629376,2132803584,2136735744,2141716480,2820158067
2131755008,2164260864,2168455168,2146435072,2139095040,2155872256,2156920832,2140143616,2152726528,2148007936,2820174087
2133852160,2148532224,2151677952,2135949312,2134900736,2153775104,2151677952,2136997888,2142502912,2144337920,2820190088
2126512128,2160066560,2157969408,2134900736,2127560704,2145386496,2142240768,2123366400,2144862208,2134638592,2820206087
2130706432,2144337920,2140143616,2112880640,2122317824,2139095040,2133852160,2112880640,2132017152,2127036416,2820222086
2113929216,2143289344,2142240768,2120220672,2124414976,2140143616,2138046464,2117074944,2129920000,2129920000,2820238112
2130706432,2152726528,2156920832,2126512128,2132803584,2148532224,2147483648,2130706432,2141716480,2139881472,2820255001
2129657856,2154823680,2148532224,2142240768,2138046464,2156920832,2156920832,2141192192,2143813632,2148270080,2820271001
2145386496,2152726528,2161115136,2133852160,2136997888,2154823680,2153775104,2138046464,2148270080,2145910784,2820287001
2142240768,2144337920,2141192192,2124414976,2129657856,2146435072,2144337920,2125463552,2138046464,2136473600,2820303001
2119172096,2142240768,2132803584,2123366400,2122317824,2140143616,2135949312,2114977792,2129395712,2128347136,2820319023
2133852160,2131755008,2128609280,2107637760,2123366400,2140143616,2136997888,2116026368,2125463552,2129133568,2820335023
2120220672,2155872256,2148532224,2133852160,2128609280,2148532224,2146435072,2128609280,2139619328,2138046464,2820351024
2144337920,2144337920,2144337920,2127560704,2135949312,2155872256,2154823680,2139095040,2140143616,2146435072,2820367024
2130706432,2155872256,2155872256,2147483648,2138046464,2155872256,2154823680,2140143616,2147483648,2147221504,2820383044
2143289344,2146435072,2144337920,2129657856,2131755008,2148532224,2146435072,2129657856,2140930048,2139095040,2820399045
2120220672,2141192192,2131755008,2122317824,2123366400,2141192192,2138046464,2117074944,2128871424,2129920000,2820415047
2130706432,2132803584,2128609280,2106589184,2121269248,2139095040,2134900736,2113929216,2124677120,2127298560,2820431045
2126512128,2135949312,2132803584,2112880640,2128609280,2145386496,2142240768,2124414976,2127036416,2135162880,2820447067
2141192192,2146435072,2143289344,2126512128,2135949312,2153775104,2152726528,2136997888,2139357184,2144862208,2820463068
2132803584,2168455168,2165309440,2150629376,2138046464,2156920832,2155872256,2141192192,2154299392,2148007936,2820479067
2139095040,2164260864,2163212288,2144337920,2133852160,2150629376,2149580800,2132803584,2152726528,2141716480,2820495067
2140143616,2138046464,2136997888,2118123520,2124414976,2142240768,2140143616,2119172096,2133327872,2131492864,2820511087
2127560704,2130706432,2126512128,2106589184,2121269248,2140143616,2134900736,2113929216,2122842112,2127560704,2820527088
2130706432,2141192192,2129657856,2110783488,2124414976,2144337920,2141192192,2122317824,2128084992,2133065728,2820543088
2135949312,2140143616,2140143616,2121269248,2134900736,2151677952,2149580800,2133852160,2134376448,2142502912,2820559089
2151677952,2146435072,2152726528,2131755008,2139095040,2156920832,2155872256,2141192192,2145648640,2148270080,2820575110
2132803584,2168455168,2170552320,2145386496,2134900736,2152726528,2151677952,2135949312,2154299392,2143813632,2820591109
2141192192,2142240768,2140143616,2117074944,2126512128,2143289344,2141192192,2121269248,2135162880,2133065728,2820608001
2113929216,2155872256,2142240768,2124414976,2121269248,2139095040,2134900736,2113929216,2134114304,2127298560,2820624001
2116026368,2142240768,2129657856,2119172096,2125463552,2141192192,2139095040,2119172096,2126774272,2131230720,2820640001
2123366400,2143289344,2151677952,2123366400,2131755008,2150629376,2148532224,2132803584,2135425024,2140930048,2820656023
2146435072,2152726528,2148532224,2133852160,2138046464,2155872256,2155872256,2140143616,2145386496,2147483648,2820672025
2135949312,2156920832,2169503744,2147483648,2136997888,2153775104,2152726528,2136997888,2152464384,2145124352,2820688025
2131755008,2154823680,2157969408,2138046464,2128609280,2146435072,2143289344,2124414976,2145648640,2135687168,2820704023
2126512128,2133852160,2131755008,2111832064,2122317824,2139095040,2135949312,2114977792,2125987840,2128084992,2820720046
2129657856,2132803584,2127560704,2107637760,2123366400,2141192192,2135949312,2116026368,2124414976,2129133568,2820736044
2118123520,2155872256,2148532224,2135949312,2130706432,2147483648,2146435072,2127560704,2139619328,2138046464,2820752045
2146435072,2154823680,2146435072,2129657856,2138046464,2155872256,2155872256,2139095040,2144337920,2147221504,2820768045
2147483648,2161115136,2149580800,2144337920,2136997888,2155872256,2154823680,2139095040,2150629376,2146697216,2820784068
2138046464,2148532224,2152726528,2126512128,2130706432,2146435072,2145386496,2126512128,2141454336,2137260032,2820800065
2132803584,2142240768,2140143616,2114977792,2122317824,2141192192,2136997888,2117074944,2132541440,2129395712,2820816067
2124414976,2146435072,2143289344,2116026368,2122317824,2140143616,2135949312,2114977792,2132541440,2128347136,2820832066
2128609280,2150629376,2142240768,2121269248,2128609280,2146435072,2143289344,2125463552,2135687168,2135949312,2820848088
2129657856,2162163712,2163212288,2139095040,2135949312,2154823680,2153775104,2138046464,2148532224,2145648640,2820864087
2134900736,2164260864,2169503744,2151677952,2138046464,2155872256,2154823680,2140143616,2155085824,2147221504,2820880089
2141192192,2161115136,2156920832,2142240768,2132803584,2150629376,2149580800,2130706432,2150367232,2140930048,2820896089
2127560704,2139095040,2135949312,2119172096,2125463552,2141192192,2138046464,2118123520,2130444288,2130706432,2820912108
2116026368,2131755008,2129657856,2108686336,2121269248,2139095040,2133852160,2113929216,2121531392,2127036416,2820928108
2130706432,2134900736,2130706432,2109734912,2126512128,2144337920,2141192192,2122317824,2126512128,2133590016,2820945001
2147483648,2143289344,2142240768,2122317824,2134900736,2153775104,2151677952,2135949312,2138832896,2144075776,2820961001
2132803584,2151677952,2153775104,2136997888,2138046464,2155872256,2155872256,2140143616,2143813632,2147483648,2820977001
2141192192,2152726528,2157969408,2133852160,2134900736,2150629376,2150629376,2132803584,2146435072,2142240768,2820993000
2129657856,2139095040,2139095040,2118123520,2125463552,2144337920,2140143616,2121269248,2131492864,2132803584,2821009024
2116026368,2133852160,2129657856,2113929216,2121269248,2139095040,2133852160,2113929216,2123366400,2127036416,2821025023
2117074944,2136997888,2127560704,2113929216,2124414976,2142240768,2140143616,2119172096,2123890688,2131492864,2821041023
2141192192,2140143616,2141192192,2118123520,2133852160,2149580800,2148532224,2130706432,2135162880,2140667904,2821057024
2133852160,2166358016,2162163712,2145386496,2138046464,2156920832,2155872256,2141192192,2151940096,2148007936,2821073046
2132803584,2161115136,2167406592,2147483648,2134900736,2153775104,2152726528,2136997888,2152202240,2144600064,2821089046
2138046464,2145386496,2142240768,2122317824,2127560704,2145386496,2143289344,2124414976,2136997888,2135162880,2821105046
2130706432,2141192192,2141192192,2111832064,2121269248,2140143616,2135949312,2114977792,2131230720,2128084992,2821121044
2116026368,2134900736,2143289344,2113929216,2123366400,2141192192,2136997888,2117074944,2127036416,2129657856,2821137066
2138046464,2139095040,2134900736,2114977792,2131755008,2149580800,2146435072,2129657856,2131755008,2139357184,2821153068
2127560704,2155872256,2147483648,2143289344,2136997888,2155872256,2154823680,2140143616,2143551488,2146959360,2821169067
2136997888,2148532224,2153775104,2135949312,2136997888,2154823680,2153775104,2138046464,2143813632,2145910784,2821185065
2126512128,2166358016,2154823680,2144337920,2129657856,2147483648,2145386496,2127560704,2148007936,2137522176,2821201087
2123366400,2153775104,2152726528,2124414976,2123366400,2139095040,2136997888,2116026368,2138570752,2128871424,2821217087
2116026368,2142240768,2143289344,2121269248,2121269248,2140143616,2135949312,2114977792,2130706432,2128084992,2821233088
2136997888,2135949312,2133852160,2112880640,2128609280,2147483648,2144337920,2126512128,2129920000,2136735744,2821249086
2134900736,2156920832,2159017984,2129657856,2138046464,2153775104,2153775104,2138046464,2145124352,2145910784,2821265110
2131755008,2155872256,2152726528,2147483648,2138046464,2155872256,2155872256,2140143616,2146959360,2147483648,2821282001
2129657856,2159017984,2160066560,2147483648,2131755008,2149580800,2148532224,2129657856,2149056512,2139881472,2821298001
2131755008,2153775104,2146435072,2126512128,2124414976,2141192192,2138046464,2118123520,2139619328,2130444288,2821314001
2133852160,2131755008,2128609280,2107637760,2122317824,2139095040,2134900736,2113929216,2125463552,2127560704,2821330001
2136997888,2134900736,2132803584,2109734912,2127560704,2144337920,2142240768,2123366400,2128609280,2134376448,2821346023
2142240768,2142240768,2146435072,2124414976,2134900736,2153775104,2151677952,2136997888,2138832896,2144337920,2821362024
2136997888,2162163712,2167406592,2136997888,2139095040,2155872256,2155872256,2141192192,2150891520,2148007936,2821378022
2127560704,2159017984,2159017984,2147483648,2132803584,2151677952,2150629376,2132803584,2148270080,2141978624,2821394023
2133852160,2146435072,2146435072,2125463552,2125463552,2143289344,2140143616,2120220672,2138046464,2132279296,2821410045
2118123520,2150629376,2147483648,2127560704,2121269248,2139095040,2134900736,2113929216,2135949312,2127298560,2821426045
2118123520,2140143616,2130706432,2118123520,2125463552,2142240768,2139095040,2120220672,2126774272,2131755008,2821442045
2133852160,2140143616,2138046464,2119172096,2134900736,2150629376,2149580800,2132803584,2132803584,2141978624,2821458045
2147483648,2159017984,2159017984,2136997888,2139095040,2156920832,2155872256,2140143616,2150629376,2148007936,2821474067
2131755008,2168455168,2165309440,2148532224,2134900736,2153775104,2152726528,2135949312,2153512960,2144337920,2821490067
2126512128,2163212288,2162163712,2139095040,2127560704,2144337920,2142240768,2123366400,2147745792,2134376448,2821506065
2117074944,2133852160,2132803584,2113929216,2121269248,2139095040,2135949312,2113929216,2124414976,2127560704,2821522066
2127560704,2130706432,2126512128,2106589184,2123366400,2141192192,2138046464,2118123520,2122842112,2130182144,2821538090
2121269248,2147483648,2142240768,2129657856,2131755008,2149580800,2147483648,2129657856,2135162880,2139619328,2821554088
2139095040,2162163712,2159017984,2138046464,2138046464,2154823680,2155872256,2139095040,2149580800,2146959360,2821570087
2148532224,2161115136,2161115136,2136997888,2138046464,2153775104,2154823680,2138046464,2151940096,2146172928,2821586088
2128609280,2155872256,2145386496,2139095040,2129657856,2146435072,2145386496,2125463552,2142240768,2136735744,2821602109
2118123520,2138046464,2136997888,2117074944,2122317824,2139095040,2134900736,2114977792,2127560704,2127822848,2821618108
2114977792,2140143616,2130706432,2117074944,2124414976,2139095040,2135949312,2114977792,2125725696,2128609280,2821635001
2138046464,2135949312,2133852160,2116026368,2129657856,2147483648,2145386496,2127560704,2130968576,2137522176,2821651001
2144337920,2142240768,2144337920,2127560704,2136997888,2154823680,2153775104,2138046464,2139619328,2145910784,2821667001
2149580800,2151677952,2151677952,2132803584,2136997888,2155872256,2155872256,2140143616,2146435072,2147221504,2821683023
2132803584,2163212288,2162163712,2141192192,2131755008,2148532224,2146435072,2129657856,2149842944,2139095040,2821699023
2123366400,2155872256,2152726528,2130706432,2124414976,2140143616,2135949312,2117074944,2140667904,2129395712,2821715025
2118123520,2155872256,2148532224,2123366400,2121269248,2140143616,2134900736,2114977792,2136473600,2127822848,2821731024
2117074944,2152726528,2150629376,2131755008,2127560704,2145386496,2143289344,2124414976,2138046464,2135162880,2821747047
2129657856,2156920832,2164260864,2133852160,2134900736,2154823680,2153775104,2136997888,2146172928,2145124352,2821763046
2130706432,2154823680,2160066560,2142240768,2138046464,2155872256,2156920832,2141192192,2146959360,2148007936,2821779046
2147483648,2147483648,2147483648,2129657856,2133852160,2151677952,2148532224,2132803584,2143027200,2141716480,2821795045
2128609280,2150629376,2150629376,2123366400,2125463552,2142240768,2138046464,2119172096,2138308608,2131230720,2821811067
2132803584,2132803584,2127560704,2109734912,2122317824,2139095040,2134900736,2113929216,2125725696,2127560704,2821827066
2122317824,2148532224,2146435072,2124414976,2125463552,2143289344,2140143616,2120220672,2135425024,2132279296,2821843065
2123366400,2144337920,2148532224,2129657856,2133852160,2152726528,2150629376,2134900736,2136473600,2143027200,2821859068
2129657856,2162163712,2161115136,2149580800,2138046464,2155872256,2155872256,2141192192,2150629376,2147745792,2821875088
2130706432,2155872256,2157969408,2147483648,2134900736,2152726528,2151677952,2134900736,2148007936,2143551488,2821891087
2138046464,2150629376,2139095040,2134900736,2127560704,2144337920,2141192192,2121269248,2140667904,2133590016,2821907088
2117074944,2149580800,2149580800,2126512128,2122317824,2139095040,2135949312,2113929216,2135687168,2127822848,2821923088
2133852160,2141192192,2126512128,2111832064,2124414976,2142240768,2138046464,2119172096,2128347136,2130968576,2821939111
2122317824,2139095040,2135949312,2122317824,2131755008,2149580800,2148532224,2130706432,2129920000,2140143616,2821955107
2142240768,2159017984,2159017984,2143289344,2138046464,2155872256,2155872256,2141192192,2150891520,2147745792,2821972001
2130706432,2157969408,2153775104,2145386496,2136997888,2153775104,2152726528,2135949312,2146959360,2144862208,2821988001
2125463552,2162163712,2157969408,2145386496,2128609280,2146435072,2143289344,2125463552,2147745792,2135949312,2822004001
2133852160,2133852160,2138046464,2111832064,2121269248,2140143616,2134900736,2114977792,2129395712,2127822848,2822020001
2118123520,2151677952,2149580800,2125463552,2123366400,2140143616,2136997888,2117074944,2136211456,2129395712,2822036024
2120220672,2149580800,2154823680,2130706432,2130706432,2148532224,2146435072,2128609280,2138832896,2138570752,2822052024
2126512128,2163212288,2155872256,2151677952,2138046464,2155872256,2154823680,2139095040,2149318656,2146959360,2822068024
2138046464,2153775104,2152726528,2139095040,2136997888,2154823680,2154823680,2138046464,2145910784,2146172928,2822084024
2128609280,2150629376,2152726528,2139095040,2130706432,2147483648,2145386496,2127560704,2142765056,2137784320,2822100045
2140143616,2138046464,2134900736,2114977792,2123366400,2140143616,2135949312,2117074944,2132017152,2129133568,2822116045
2117074944,2145386496,2146435072,2122317824,2122317824,2140143616,2134900736,2114977792,2132803584,2128084992,2822132045
2123366400,2153775104,2146435072,2130706432,2128609280,2146435072,2143289344,2125463552,2138570752,2135949312,2822148045
2141192192,2152726528,2154823680,2128609280,2135949312,2153775104,2152726528,2136997888,2144337920,2144862208,2822164068
2131755008,2160066560,2159017984,2148532224,2138046464,2156920832,2155872256,2141192192,2149842944,2148007936,2822180068
2146435072,2151677952,2146435072,2129657856,2132803584,2149580800,2148532224,2130706432,2143551488,2140405760,2822196067
2123366400,2157969408,2157969408,2132803584,2125463552,2141192192,2138046464,2118123520,2143027200,2130706432,2822212064
2113929216,2139095040,2136997888,2116026368,2121269248,2139095040,2134900736,2112880640,2126512128,2127036416,2822228088
2118123520,2141192192,2142240768,2120220672,2126512128,2144337920,2141192192,2122317824,2130444288,2133590016,2822244090
2127560704,2154823680,2156920832,2138046464,2134900736,2153775104,2151677952,2135949312,2144337920,2144075776,2822260087
2131755008,2163212288,2166358016,2151677952,2138046464,2155872256,2155872256,2141192192,2153250816,2147745792,2822276086
2147483648,2148532224,2147483648,2134900736,2134900736,2151677952,2150629376,2133852160,2144600064,2142765056,2822292110
2142240768,2140143616,2136997888,2120220672,2126512128,2142240768,2140143616,2120220672,2134900736,2132279296,2822309001
2120220672,2146435072,2144337920,2119172096,2122317824,2139095040,2134900736,2113929216,2132541440,2127560704,2822325001
2117074944,2147483648,2143289344,2126512128,2125463552,2142240768,2139095040,2119172096,2133590016,2131492864,2822341001
2134900736,2143289344,2138046464,2122317824,2132803584,2150629376,2149580800,2131755008,2134638592,2141192192,2822357001
2146435072,2147483648,2146435072,2131755008,2139095040,2155872256,2155872256,2140143616,2143027200,2147745792,2822373024
2130706432,2156920832,2154823680,2147483648,2134900736,2153775104,2152726528,2136997888,2147483648,2144600064,2822389023
2126512128,2156920832,2159017984,2141192192,2127560704,2145386496,2143289344,2123366400,2145910784,2134900736,2822405022
2134900736,2135949312,2130706432,2109734912,2122317824,2139095040,2134900736,2113929216,2127822848,2127560704,2822421023
2114977792,2149580800,2139095040,2124414976,2123366400,2141192192,2136997888,2117074944,2132017152,2129657856,2822437046
2129657856,2136997888,2133852160,2118123520,2130706432,2148532224,2145386496,2129657856,2129657856,2138570752,2822453047
2139095040,2150629376,2155872256,2134900736,2136997888,2155872256,2154823680,2140143616,2145124352,2146959360,2822469045
2131755008,2169503744,2165309440,2151677952,2135949312,2154823680,2154823680,2139095040,2154561536,2146172928,2822485047
2138046464,2145386496,2143289344,2126512128,2129657856,2147483648,2145386496,2127560704,2138308608,2137522176,2822501068
2139095040,2139095040,2138046464,2112880640,2123366400,2140143616,2136997888,2114977792,2132279296,2128871424,2822517067
2113929216,2152726528,2145386496,2122317824,2123366400,2139095040,2135949312,2113929216,2133590016,2128084992,2822533065
2125463552,2135949312,2134900736,2113929216,2128609280,2146435072,2145386496,2126512128,2127560704,2136735744,2822549068
2147483648,2153775104,2154823680,2124414976,2136997888,2154823680,2153775104,2138046464,2145124352,2145910784,2822565089
2149580800,2149580800,2149580800,2131755008,2138046464,2156920832,2155872256,2141192192,2145124352,2148007936,2822581088
2147483648,2146435072,2148532224,2128609280,2131755008,2149580800,2147483648,2130706432,2142765056,2139881472,2822597086
2133852160,2135949312,2133852160,2116026368,2124414976,2141192192,2136997888,2117074944,2129920000,2129920000,2822613089
2119172096,2134900736,2125463552,2109734912,2121269248,2138046464,2135949312,2112880640,2122317824,2127036416,2822629110
2136997888,2134900736,2132803584,2107637760,2127560704,2145386496,2140143616,2123366400,2128084992,2134114304,2822645109
2128609280,2156920832,2161115136,2140143616,2134900736,2153775104,2152726528,2136997888,2146697216,2144600064,2822662001
2144337920,2148532224,2148532224,2133852160,2139095040,2155872256,2154823680,2140143616,2143813632,2147483648,2822678001
2132803584,2168455168,2165309440,2144337920,2133852160,2151677952,2149580800,2133852160,2152726528,2142240768,2822694001
2124414976,2143289344,2135949312,2126512128,2126512128,2143289344,2138046464,2119172096,2132541440,2131755008,2822710024
2117074944,2151677952,2145386496,2126512128,2122317824,2139095040,2133852160,2112880640,2135162880,2127036416,2822726022
2130706432,2138046464,2136997888,2111832064,2125463552,2143289344,2139095040,2120220672,2129395712,2132017152,2822742024
2131755008,2140143616,2143289344,2121269248,2133852160,2152726528,2150629376,2132803584,2134114304,2142502912,2822758024
2131755008,2154823680,2157969408,2142240768,2138046464,2155872256,2154823680,2141192192,2146697216,2147483648,2822774045
2136997888,2164260864,2165309440,2143289344,2134900736,2153775104,2152726528,2135949312,2152464384,2144337920,2822790046
2136997888,2146435072,2152726528,2121269248,2126512128,2145386496,2142240768,2123366400,2139357184,2134376448,2822806045
2129657856,2136997888,2136997888,2108686336,2121269248,2139095040,2135949312,2113929216,2128084992,2127560704,2822822046
2127560704,2143289344,2140143616,2116026368,2124414976,2141192192,2138046464,2118123520,2131755008,2130444288,2822838067
2133852160,2145386496,2146435072,2117074944,2131755008,2149580800,2147483648,2129657856,2135687168,2139619328,2822854064
2144337920,2146435072,2146435072,2128609280,2138046464,2156920832,2154823680,2140143616,2141454336,2147483648,2822870067
2134900736,2165309440,2168455168,2152726528,2135949312,2154823680,2153775104,2139095040,2155347968,2145910784,2822886066
2134900736,2162163712,2153775104,2140143616,2128609280,2147483648,2144337920,2127560704,2147745792,2136997888,2822902088
2121269248,2147483648,2149580800,2127560704,2122317824,2140143616,2135949312,2116026368,2136473600,2128609280,2822918084
2130706432,2130706432,2129657856,2103443456,2122317824,2140143616,2136997888,2114977792,2123628544,2128609280,2822934087
2133852160,2135949312,2134900736,2114977792,2129657856,2146435072,2144337920,2126512128,2129920000,2136735744,2822950088
2128609280,2150629376,2148532224,2139095040,2138046464,2154823680,2153775104,2138046464,2141716480,2146172928,2822966108
2132803584,2167406592,2173698048,2143289344,2138046464,2155872256,2155872256,2140143616,2154299392,2147483648,2822982106
2125463552,2162163712,2153775104,2146435072,2130706432,2148532224,2146435072,2129657856,2146959360,2138832896,2822999001
2140143616,2138046464,2133852160,2113929216,2123366400,2140143616,2136997888,2117074944,2131492864,2129395712,2823015001
2113929216,2136997888,2139095040,2117074944,2121269248,2139095040,2134900736,2113929216,2126774272,2127298560,2823031001
2130706432,2143289344,2138046464,2112880640,2129657856,2145386496,2142240768,2124414976,2131230720,2135425024,2823047001
2145386496,2145386496,2144337920,2126512128,2135949312,2153775104,2152726528,2136997888,2140405760,2144862208,2823063024
2146435072,2150629376,2149580800,2134900736,2138046464,2156920832,2154823680,2141192192,2145386496,2147745792,2823079023
2139095040,2147483648,2150629376,2130706432,2133852160,2150629376,2148532224,2131755008,2141978624,2141192192,2823095023
2126512128,2152726528,2152726528,2133852160,2125463552,2143289344,2140143616,2119172096,2141454336,2132017152,2823111022
2123366400,2146435072,2140143616,2121269248,2121269248,2139095040,2134900736,2113929216,2132803584,2127298560,2823127047
2125463552,2134900736,2130706432,2109734912,2125463552,2143289344,2140143616,2121269248,2125201408,2132541440,2823143045
2136997888,2142240768,2139095040,2121269248,2133852160,2152726528,2150629376,2134900736,2134900736,2143027200,2823159045
2133852160,2164260864,2166358016,2148532224,2139095040,2156920832,2155872256,2140143616,2153250816,2148007936,2823175044
2132803584,2164260864,2163212288,2146435072,2134900736,2152726528,2151677952,2135949312,2151677952,2143813632,2823191066
2142240768,2151677952,2140143616,2129657856,2127560704,2144337920,2141192192,2121269248,2140930048,2133590016,2823207066
2134900736,2146435072,2135949312,2119172096,2121269248,2139095040,2134900736,2113929216,2134114304,2127298560,2823223068
2119172096,2146435072,2145386496,2122317824,2125463552,2140143616,2136997888,2117074944,2133327872,2129920000,2823239066
2139095040,2138046464,2138046464,2117074944,2131755008,2149580800,2148532224,2130706432,2133065728,2140143616,2823255090
2127560704,2164260864,2162163712,2151677952,2136997888,2156920832,2155872256,2140143616,2151415808,2147483648,2823271087
2139095040,2165309440,2161115136,2150629376,2135949312,2154823680,2153775104,2136997888,2154037248,2145386496,2823287086
2132803584,2161115136,2159017984,2141192192,2128609280,2145386496,2144337920,2125463552,2148532224,2135949312,2823303089
2117074944,2143289344,2134900736,2122317824,2122317824,2140143616,2135949312,2114977792,2129395712,2128347136,2823319110
2113929216,2139095040,2127560704,2118123520,2123366400,2140143616,2136997888,2116026368,2124677120,2129133568,2823336001
2121269248,2143289344,2135949312,2122317824,2130706432,2147483648,2146435072,2127560704,2130706432,2138046464,2823352001
2142240768,2145386496,2143289344,2129657856,2136997888,2155872256,2153775104,2140143616,2140143616,2146697216,2823368001
2146435072,2149580800,2149580800,2132803584,2138046464,2155872256,2154823680,2139095040,2144600064,2146959360,2823384001
2127560704,2147483648,2148532224,2132803584,2130706432,2148532224,2146435072,2128609280,2139095040,2138570752,2823400024
2118123520,2147483648,2145386496,2128609280,2123366400,2139095040,2136997888,2114977792,2134900736,2128609280,2823416025
2112880640,2152726528,2141192192,2125463552,2122317824,2139095040,2135949312,2114977792,2133065728,2128084992,2823432024
2118123520,2153775104,2149580800,2127560704,2128609280,2146435072,2143289344,2124414976,2137260032,2135687168,2823448025
2127560704,2151677952,2159017984,2136997888,2135949312,2153775104,2152726528,2138046464,2143813632,2145124352,2823464045
2144337920,2146435072,2148532224,2134900736,2138046464,2155872256,2155872256,2140143616,2143551488,2147483648,2823480047
2126512128,2150629376,2151677952,2138046464,2132803584,2150629376,2148532224,2131755008,2141716480,2140930048,2823496045
2119172096,2151677952,2147483648,2134900736,2124414976,2141192192,2138046464,2118123520,2138308608,2130444288,2823512045
2117074944,2135949312,2143289344,2113929216,2121269248,2138046464,2134900736,2113929216,2127560704,2127036416,2823528068
2134900736,2134900736,2130706432,2106589184,2126512128,2143289344,2140143616,2121269248,2126774272,2132803584,2823544066
2125463552,2162163712,2159017984,2139095040,2133852160,2152726528,2151677952,2134900736,2146435072,2143289344,2823560065
2148532224,2154823680,2148532224,2135949312,2139095040,2155872256,2155872256,2142240768,2146959360,2148270080,2823576068
2134900736,2166358016,2161115136,2144337920,2133852160,2152726528,2150629376,2134900736,2151677952,2143027200,2823592087
2138046464,2139095040,2139095040,2117074944,2126512128,2143289344,2140143616,2120220672,2133327872,2132541440,2823608089
2127560704,2135949312,2138046464,2107637760,2121269248,2138046464,2135949312,2112880640,2127298560,2127036416,2823624088
2119172096,2136997888,2144337920,2120220672,2124414976,2142240768,2139095040,2119172096,2130182144,2131230720,2823640089
2136997888,2155872256,2146435072,2128609280,2132803584,2151677952,2149580800,2131755008,2141978624,2141454336,2823656110
2142240768,2154823680,2156920832,2131755008,2136997888,2156920832,2156920832,2140143616,2146435072,2147745792,2823672109
2132803584,2155872256,2149580800,2141192192,2135949312,2153775104,2152726528,2136997888,2144862208,2144862208,2823689001
2143289344,2146435072,2146435072,2125463552,2127560704,2145386496,2143289344,2124414976,2140405760,2135162880,2823705001
2130706432,2146435072,2142240768,2117074944,2122317824,2140143616,2134900736,2113929216,2134114304,2127822848,2823721001
2112880640,2143289344,2132803584,2122317824,2124414976,2140143616,2136997888,2117074944,2127822848,2129657856,2823737025
2120220672,2148532224,2147483648,2134900736,2130706432,2148532224,2146435072,2129657856,2137784320,2138832896,2823753023
2128609280,2150629376,2160066560,2138046464,2138046464,2154823680,2154823680,2139095040,2144337920,2146697216,2823769023
2140143616,2168455168,2160066560,2148532224,2135949312,2155872256,2153775104,2140143616,2154299392,2146435072,2823785023
2144337920,2142240768,2143289344,2125463552,2129657856,2147483648,2145386496,2127560704,2138832896,2137522176,2823801047
2131755008,2139095040,2131755008,2113929216,2123366400,2139095040,2136997888,2114977792,2129133568,2128609280,2823817045
2131755008,2131755008,2127560704,2107637760,2122317824,2140143616,2135949312,2114977792,2124677120,2128347136,2823833045
2118123520,2143289344,2136997888,2124414976,2128609280,2146435072,2143289344,2125463552,2130706432,2135949312,2823849045
2130706432,2159017984,2162163712,2138046464,2135949312,2154823680,2153775104,2139095040,2147483648,2145910784,2823865068
2134900736,2152726528,2151677952,2135949312,2136997888,2156920832,2154823680,2141192192,2143813632,2147483648,2823881068
2144337920,2146435072,2145386496,2129657856,2131755008,2149580800,2148532224,2130706432,2141454336,2140143616,2823897069
2134900736,2142240768,2142240768,2118123520,2124414976,2141192192,2138046464,2117074944,2134376448,2130182144,2823913068
2116026368,2142240768,2136997888,2122317824,2122317824,2139095040,2134900736,2113929216,2129395712,2127560704,2823929093
2114977792,2150629376,2145386496,2127560704,2126512128,2145386496,2141192192,2123366400,2134638592,2134114304,2823945086
2136997888,2146435072,2141192192,2124414976,2134900736,2152726528,2151677952,2134900736,2137260032,2143551488,2823961088
2130706432,2154823680,2156920832,2145386496,2138046464,2156920832,2155872256,2141192192,2146959360,2148007936,2823977088
2146435072,2149580800,2146435072,2130706432,2134900736,2151677952,2149580800,2133852160,2143289344,2142502912,2823993112
2138046464,2146435072,2146435072,2119172096,2126512128,2143289344,2140143616,2120220672,2137522176,2132541440,2824009107
2123366400,2144337920,2143289344,2114977792,2121269248,2138046464,2134900736,2112880640,2131492864,2126774272,2824026001
2114977792,2145386496,2141192192,2124414976,2125463552,2142240768,2139095040,2120220672,2131492864,2131755008,2824042001
2122317824,2149580800,2148532224,2132803584,2133852160,2150629376,2150629376,2132803584,2138308608,2141978624,2824058001
2140143616,2148532224,2147483648,2134900736,2139095040,2156920832,2155872256,2141192192,2142765056,2148270080,2824074001
2147483648,2157969408,2148532224,2142240768,2134900736,2153775104,2151677952,2135949312,2149056512,2144075776,2824090023
2124414976,2149580800,2143289344,2128609280,2127560704,2145386496,2142240768,2123366400,2136473600,2134638592,2824106023
2131755008,2143289344,2130706432,2109734912,2121269248,2139095040,2134900736,2114977792,2128871424,2127560704,2824122024
2113929216,2151677952,2143289344,2130706432,2123366400,2141192192,2138046464,2117074944,2134900736,2129920000,2824138024
2138046464,2146435072,2133852160,2118123520,2132803584,2148532224,2146435072,2129657856,2134114304,2139357184,2824154045
2134900736,2162163712,2159017984,2145386496,2138046464,2155872256,2154823680,2140143616,2150367232,2147221504,2824170045
2146435072,2151677952,2149580800,2131755008,2136997888,2153775104,2152726528,2136997888,2144862208,2145124352,2824186047
2141192192,2142240768,2144337920,2127560704,2128609280,2146435072,2144337920,2126512128,2138832896,2136473600,2824202043
2119172096,2139095040,2131755008,2114977792,2122317824,2140143616,2134900736,2114977792,2126249984,2128084992,2824218068
2113929216,2142240768,2141192192,2120220672,2123366400,2140143616,2135949312,2116026368,2129395712,2128871424,2824234068
2119172096,2149580800,2145386496,2131755008,2129657856,2147483648,2145386496,2127560704,2136473600,2137522176,2824250067
2134900736,2161115136,2163212288,2141192192,2136997888,2154823680,2153775104,2138046464,2150105088,2145910784,2824266064
2128609280,2172649472,2164260864,2151677952,2136997888,2155872256,2154823680,2140143616,2154299392,2146959360,2824282089
2138046464,2145386496,2147483648,2129657856,2132803584,2148532224,2146435072,2129657856,2140143616,2139357184,2824298089
2119172096,2142240768,2147483648,2121269248,2123366400,2141192192,2138046464,2118123520,2132541440,2130182144,2824314089
2116026368,2136997888,2138046464,2111832064,2122317824,2139095040,2134900736,2113929216,2125725696,2127560704,2824330085
2136997888,2143289344,2132803584,2118123520,2127560704,2145386496,2142240768,2123366400,2132803584,2134638592,2824346109
2133852160,2160066560,2162163712,2134900736,2135949312,2153775104,2152726528,2136997888,2147745792,2144862208,2824363001
2135949312,2166358016,2163212288,2145386496,2138046464,2155872256,2154823680,2140143616,2152726528,2147221504,2824379001
2140143616,2159017984,2156920832,2139095040,2132803584,2151677952,2149580800,2132803584,2148794368,2141716480,2824395001
2134900736,2141192192,2142240768,2120220672,2124414976,2142240768,2139095040,2119172096,2134638592,2131230720,2824411001
2113929216,2141192192,2139095040,2120220672,2122317824,2138046464,2134900736,2112880640,2128609280,2127036416,2824427024
2131755008,2134900736,2128609280,2109734912,2126512128,2143289344,2140143616,2121269248,2126249984,2132803584,2824443023
2140143616,2142240768,2140143616,2121269248,2133852160,2151677952,2150629376,2132803584,2135949312,2142240768,2824459024
2141192192,2149580800,2148532224,2134900736,2138046464,2156920832,2154823680,2141192192,2143551488,2147745792,2824475023
2142240768,2147483648,2147483648,2133852160,2134900736,2152726528,2151677952,2134900736,2142765056,2143551488,2824491046
2134900736,2153775104,2152726528,2129657856,2126512128,2144337920,2141192192,2123366400,2142765056,2133852160,2824507046
2128609280,2131755008,2130706432,2108686336,2122317824,2138046464,2133852160,2112880640,2124939264,2126774272,2824523044
2117074944,2149580800,2148532224,2119172096,2123366400,2142240768,2139095040,2118123520,2133590016,2130706432,2824539044
2127560704,2154823680,2153775104,2129657856,2131755008,2149580800,2147483648,2130706432,2141454336,2139881472,2824555067
2133852160,2168455168,2163212288,2146435072,2138046464,2155872256,2155872256,2140143616,2152988672,2147483648,2824571068
2134900736,2165309440,2167406592,2149580800,2135949312,2154823680,2153775104,2138046464,2154299392,2145648640,2824587065
2141192192,2142240768,2141192192,2125463552,2128609280,2146435072,2144337920,2125463552,2137522176,2136211456,2824603068
2124414976,2151677952,2146435072,2121269248,2122317824,2140143616,2135949312,2114977792,2135949312,2128347136,2824619089
2120220672,2146435072,2144337920,2114977792,2123366400,2140143616,2135949312,2116026368,2131492864,2128871424,2824635089
2125463552,2136997888,2132803584,2114977792,2129657856,2147483648,2145386496,2127560704,2127560704,2137522176,2824651087
2133852160,2146435072,2150629376,2129657856,2138046464,2154823680,2153775104,2139095040,2140143616,2146435072,2824667088
2136997888,2164260864,2165309440,2146435072,2136997888,2154823680,2155872256,2139095040,2153250816,2146697216,2824683110
2127560704,2156920832,2156920832,2142240768,2130706432,2148532224,2147483648,2129657856,2145910784,2139095040,2824699109
2129657856,2136997888,2135949312,2113929216,2123366400,2141192192,2136997888,2116026368,2129133568,2129395712,2824716001
2116026368,2150629376,2146435072,2128609280,2122317824,2139095040,2135949312,2114977792,2135425024,2128084992,2824732001
2125463552,2134900736,2131755008,2114977792,2128609280,2146435072,2143289344,2125463552,2126774272,2135949312,2824748001
2132803584,2159017984,2160066560,2143289344,2135949312,2154823680,2153775104,2138046464,2148794368,2145648640,2824764023
2131755008,2155872256,2151677952,2143289344,2138046464,2155872256,2154823680,2140143616,2145648640,2147221504,2824780024
2144337920,2146435072,2146435072,2130706432,2132803584,2149580800,2148532224,2131755008,2141978624,2140667904,2824796022
2133852160,2138046464,2136997888,2116026368,2125463552,2141192192,2139095040,2118123520,2131230720,2130968576,2824812022
2128609280,2138046464,2142240768,2104492032,2122317824,2138046464,2133852160,2112880640,2128347136,2126774272,2824828044
2117074944,2139095040,2134900736,2118123520,2126512128,2143289344,2141192192,2122317824,2127298560,2133327872,2824844044
2124414976,2154823680,2155872256,2138046464,2133852160,2152726528,2150629376,2134900736,2143289344,2143027200,2824860046
2127560704,2164260864,2155872256,2150629376,2138046464,2155872256,2155872256,2140143616,2149580800,2147483648,2824876046
2129657856,2148532224,2150629376,2133852160,2133852160,2151677952,2150629376,2134900736,2140667904,2142765056,2824892066
2122317824,2159017984,2161115136,2133852160,2126512128,2143289344,2140143616,2122317824,2144075776,2133065728,2824908066
2116026368,2143289344,2135949312,2119172096,2121269248,2139095040,2133852160,2113929216,2128609280,2127036416,2824924066
2131755008,2142240768,2130706432,2117074944,2124414976,2142240768,2138046464,2119172096,2130444288,2130968576,2824940068
2122317824,2150629376,2141192192,2133852160,2132803584,2150629376,2148532224,2131755008,2136997888,2140930048,2824956089
2131755008,2165309440,2165309440,2148532224,2138046464,2156920832,2155872256,2141192192,2152726528,2148007936,2824972087
2144337920,2148532224,2147483648,2133852160,2135949312,2153775104,2153775104,2136997888,2143551488,2145124352,2824988087
2124414976,2160066560,2154823680,2139095040,2128609280,2146435072,2143289344,2125463552,2144600064,2135949312,2825004092
2135949312,2134900736,2130706432,2109734912,2122317824,2139095040,2134900736,2113929216,2127822848,2127560704,2825020108
2113929216,2150629376,2142240768,2123366400,2123366400,2140143616,2136997888,2116026368,2132541440,2129133568,2825036110
2127560704,2151677952,2147483648,2130706432,2131755008,2149580800,2146435072,2129657856,2139357184,2139357184,2825053001
2127560704,2151677952,2157969408,2134900736,2136997888,2155872256,2155872256,2140143616,2143027200,2147221504,2825069001
2146435072,2149580800,2148532224,2132803584,2136997888,2155872256,2154823680,2139095040,2144337920,2146697216,2825085001
2140143616,2142240768,2142240768,2126512128,2130706432,2147483648,2145386496,2126512128,2137784320,2137522176,2825101001
2118123520,2147483648,2141192192,2125463552,2123366400,2140143616,2135949312,2116026368,2133065728,2128871424,2825117023
2130706432,2129657856,2126512128,2104492032,2123366400,2140143616,2134900736,2114977792,2122842112,2128347136,2825133024
2118123520,2143289344,2132803584,2122317824,2128609280,2146435072,2143289344,2125463552,2129133568,2135949312,2825149024
2143289344,2146435072,2142240768,2126512128,2136997888,2154823680,2152726528,2138046464,2139619328,2145648640,2825165024
2135949312,2165309440,2168455168,2150629376,2138046464,2155872256,2155872256,2141192192,2155085824,2147745792,2825181047
2127560704,2164260864,2161115136,2144337920,2130706432,2150629376,2148532224,2131755008,2149318656,2140405760,2825197046
2126512128,2153775104,2153775104,2131755008,2123366400,2141192192,2138046464,2118123520,2141454336,2130182144,2825213046
2125463552,2131755008,2130706432,2108686336,2122317824,2138046464,2134900736,2113929216,2124152832,2127298560,2825229045
2116026368,2147483648,2147483648,2123366400,2126512128,2144337920,2141192192,2122317824,2133590016,2133590016,2825245069
2134900736,2145386496,2139095040,2127560704,2134900736,2152726528,2151677952,2135949312,2136735744,2143813632,2825261068
2139095040,2162163712,2165309440,2138046464,2138046464,2156920832,2155872256,2141192192,2151153664,2148007936,2825277066
2138046464,2162163712,2159017984,2145386496,2134900736,2151677952,2149580800,2133852160,2151153664,2142502912,2825293067
2122317824,2154823680,2154823680,2135949312,2126512128,2143289344,2140143616,2121269248,2141978624,2132803584,2825309088
2125463552,2131755008,2130706432,2104492032,2122317824,2138046464,2134900736,2112880640,2123104256,2127036416,2825325089
2116026368,2151677952,2143289344,2127560704,2124414976,2143289344,2140143616,2119172096,2134638592,2131755008,2825341088
2129657856,2141192192,2136997888,2124414976,2132803584,2150629376,2148532224,2131755008,2133065728,2140930048,2825357086
2139095040,2165309440,2160066560,2141192192,2138046464,2155872256,2156920832,2141192192,2151415808,2148007936,2825373113
2148532224,2147483648,2148532224,2132803584,2135949312,2152726528,2151677952,2135949312,2144337920,2144075776,2825390001
2131755008,2140143616,2140143616,2121269248,2127560704,2144337920,2142240768,2123366400,2133327872,2134376448,2825406002
2118123520,2141192192,2132803584,2119172096,2122317824,2138046464,2134900736,2113929216,2127822848,2127298560,2825422002
2133852160,2140143616,2129657856,2106589184,2124414976,2141192192,2136997888,2117074944,2127560704,2129920000,2825438002
2131755008,2138046464,2135949312,2120220672,2131755008,2149580800,2147483648,2129657856,2131492864,2139619328,2825454024
2141192192,2159017984,2156920832,2138046464,2138046464,2154823680,2154823680,2140143616,2148794368,2146959360,2825470026
2130706432,2160066560,2162163712,2149580800,2136997888,2154823680,2153775104,2138046464,2150629376,2145910784,2825486025
2126512128,2156920832,2148532224,2147483648,2129657856,2147483648,2144337920,2127560704,2144862208,2137260032,2825502026
2134900736,2140143616,2141192192,2112880640,2122317824,2139095040,2136997888,2114977792,2132279296,2128347136,2825518048
2129657856,2138046464,2135949312,2107637760,2123366400,2139095040,2135949312,2114977792,2127822848,2128347136,2825534048
2117074944,2152726528,2147483648,2131755008,2128609280,2147483648,2145386496,2127560704,2137260032,2137260032,2825550046
2127560704,2146435072,2150629376,2132803584,2138046464,2153775104,2153775104,2138046464,2139357184,2145910784,2825566049
2131755008,2152726528,2154823680,2142240768,2138046464,2154823680,2155872256,2140143616,2145386496,2147221504,2825582070
2140143616,2157969408,2153775104,2138046464,2131755008,2149580800,2147483648,2130706432,2147483648,2139881472,2825598071
2127560704,2140143616,2134900736,2118123520,2124414976,2141192192,2138046464,2117074944,2130182144,2130182144,2825614068
2116026368,2139095040,2143289344,2118123520,2121269248,2139095040,2135949312,2113929216,2129133568,2127560704,2825630070
2117074944,2150629376,2148532224,2129657856,2127560704,2145386496,2142240768,2123366400,2136473600,2134638592,2825646090
2124414976,2164260864,2152726528,2144337920,2134900736,2154823680,2151677952,2136997888,2146435072,2144600064,2825662091
2146435072,2147483648,2148532224,2133852160,2139095040,2155872256,2154823680,2140143616,2144075776,2147483648,2825678088
2133852160,2148532224,2152726528,2132803584,2133852160,2151677952,2149580800,2133852160,2141978624,2142240768,2825694093
2132803584,2143289344,2146435072,2119172096,2125463552,2142240768,2140143616,2119172096,2135425024,2131755008,2825710113
2120220672,2146435072,2143289344,2121269248,2122317824,2138046464,2134900736,2112880640,2132803584,2127036416,2825726113
2124414976,2134900736,2129657856,2111832064,2126512128,2142240768,2139095040,2120220672,2125201408,2132017152,2825743004
2135949312,2140143616,2138046464,2121269248,2134900736,2152726528,2150629376,2133852160,2133852160,2143027200,2825759003
2136997888,2164260864,2162163712,2148532224,2139095040,2156920832,2155872256,2141192192,2152988672,2148270080,2825775004
2129657856,2164260864,2151677952,2152726528,2134900736,2151677952,2150629376,2134900736,2149580800,2143027200,2825791026
2138046464,2146435072,2152726528,2124414976,2126512128,2145386496,2142240768,2122317824,2140405760,2134114304,2825807027
2114977792,2141192192,2139095040,2119172096,2122317824,2139095040,2134900736,2113929216,2128609280,2127560704,2825823027
2130706432,2138046464,2140143616,2109734912,2124414976,2141192192,2136997888,2118123520,2129657856,2130182144,2825839025
2129657856,2138046464,2134900736,2120220672,2131755008,2149580800,2148532224,2131755008,2130706432,2140405760,2825855048
2144337920,2147483648,2145386496,2130706432,2138046464,2155872256,2154823680,2140143616,2141978624,2147221504,2825871048
2138046464,2166358016,2170552320,2146435072,2135949312,2154823680,2153775104,2138046464,2155347968,2145648640,2825887049
2144337920,2143289344,2142240768,2123366400,2128609280,2146435072,2144337920,2125463552,2138308608,2136211456,2825903049
2121269248,2155872256,2149580800,2130706432,2122317824,2140143616,2134900736,2114977792,2139357184,2128084992,2825919069
2128609280,2138046464,2127560704,2106589184,2123366400,2140143616,2135949312,2116026368,2125201408,2128871424,2825935069
2131755008,2139095040,2146435072,2114977792,2129657856,2147483648,2145386496,2127560704,2133065728,2137522176,2825951071
2140143616,2155872256,2146435072,2136997888,2136997888,2155872256,2154823680,2139095040,2144862208,2146697216,2825967069
2131755008,2155872256,2154823680,2147483648,2138046464,2154823680,2154823680,2139095040,2147483648,2146697216,2825983090
2140143616,2145386496,2145386496,2129657856,2130706432,2148532224,2146435072,2128609280,2140143616,2138570752,2825999089
2119172096,2154823680,2147483648,2141192192,2123366400,2141192192,2136997888,2117074944,2140667904,2129657856,2826015091
2128609280,2129657856,2125463552,2104492032,2122317824,2138046464,2134900736,2113929216,2122055680,2127298560,2826031091
2143289344,2132803584,2132803584,2108686336,2128609280,2145386496,2143289344,2124414976,2129395712,2135425024,2826047111
2124414976,2151677952,2149580800,2136997888,2135949312,2153775104,2152726528,2136997888,2140667904,2144862208,2826063110
2138046464,2150629376,2148532224,2139095040,2138046464,2155872256,2155872256,2141192192,2144075776,2147745792,2826080003
2129657856,2147483648,2155872256,2132803584,2132803584,2150629376,2148532224,2131755008,2141454336,2140930048,2826096004
2120220672,2147483648,2139095040,2127560704,2125463552,2142240768,2138046464,2119172096,2133590016,2131230720,2826112004
2117074944,2134900736,2128609280,2110783488,2121269248,2139095040,2134900736,2113929216,2122842112,2127298560,2826128003
2118123520,2135949312,2131755008,2113929216,2126512128,2144337920,2140143616,2122317824,2124939264,2133327872,2826144025
2125463552,2145386496,2141192192,2126512128,2134900736,2151677952,2151677952,2134900736,2134638592,2143289344,2826160028
2130706432,2159017984,2157969408,2149580800,2139095040,2156920832,2154823680,2141192192,2149318656,2148007936,2826176027
2144337920,2147483648,2147483648,2131755008,2133852160,2152726528,2151677952,2134900736,2142765056,2143289344,2826192026
2135949312,2138046464,2141192192,2118123520,2126512128,2144337920,2140143616,2121269248,2133327872,2133065728,2826208048
2130706432,2144337920,2130706432,2118123520,2121269248,2139095040,2134900736,2113929216,2130968576,2127298560,2826224048
2116026368,2138046464,2132803584,2117074944,2124414976,2143289344,2139095040,2120220672,2125987840,2131755008,2826240047
2140143616,2138046464,2136997888,2120220672,2131755008,2150629376,2147483648,2132803584,2133852160,2140667904,2826256049
2131755008,2149580800,2149580800,2136997888,2138046464,2156920832,2154823680,2141192192,2141978624,2147745792,2826272069
2146435072,2149580800,2149580800,2134900736,2135949312,2153775104,2152726528,2136997888,2145124352,2144862208,2826288071
2124414976,2145386496,2143289344,2128609280,2127560704,2145386496,2143289344,2124414976,2135425024,2135162880,2826304070
2117074944,2136997888,2130706432,2114977792,2122317824,2139095040,2134900736,2113929216,2124939264,2127560704,2826320068
2128609280,2144337920,2136997888,2112880640,2123366400,2141192192,2136997888,2116026368,2130706432,2129395712,2826336091
2119172096,2149580800,2143289344,2130706432,2131755008,2147483648,2146435072,2127560704,2135687168,2138308608,2826352091
2127560704,2147483648,2149580800,2133852160,2138046464,2154823680,2154823680,2139095040,2139619328,2146697216,2826368093
2139095040,2167406592,2163212288,2150629376,2138046464,2155872256,2154823680,2139095040,2155085824,2146959360,2826384090
2147483648,2146435072,2144337920,2125463552,2129657856,2148532224,2146435072,2128609280,2140930048,2138308608,2826400111
2123366400,2153775104,2146435072,2129657856,2123366400,2139095040,2135949312,2114977792,2138308608,2128347136,2826417004
2123366400,2130706432,2130706432,2104492032,2122317824,2140143616,2135949312,2116026368,2122317824,2128609280,2826433004
2122317824,2153775104,2154823680,2130706432,2128609280,2146435072,2144337920,2126512128,2140405760,2136473600,2826449003
2136997888,2145386496,2147483648,2126512128,2136997888,2154823680,2153775104,2138046464,2139095040,2145910784,2826465004
2132803584,2153775104,2152726528,2139095040,2136997888,2155872256,2155872256,2140143616,2144600064,2147221504,2826481027
2132803584,2166358016,2164260864,2144337920,2131755008,2150629376,2147483648,2130706432,2151940096,2140143616,2826497027
2139095040,2135949312,2135949312,2116026368,2124414976,2142240768,2138046464,2118123520,2131755008,2130706432,2826513026
2127560704,2130706432,2126512128,2105540608,2121269248,2139095040,2133852160,2113929216,2122579968,2127036416,2826529025
2118123520,2135949312,2130706432,2113929216,2127560704,2144337920,2141192192,2121269248,2124677120,2133590016,2826545048
2133852160,2157969408,2154823680,2131755008,2134900736,2152726528,2151677952,2135949312,2144600064,2143813632,2826561048
2135949312,2149580800,2153775104,2136997888,2139095040,2155872256,2155872256,2140143616,2144075776,2147745792,2826577049
2129657856,2152726528,2151677952,2147483648,2133852160,2150629376,2150629376,2133852160,2145386496,2142240768,2826593048
2129657856,2140143616,2139095040,2121269248,2126512128,2143289344,2141192192,2120220672,2132541440,2132803584,2826609069
2116026368,2147483648,2147483648,2126512128,2121269248,2139095040,2134900736,2113929216,2134376448,2127298560,2826625070
2130706432,2142240768,2138046464,2121269248,2125463552,2143289344,2139095040,2120220672,2133065728,2132017152,2826641068
2126512128,2156920832,2154823680,2135949312,2133852160,2150629376,2149580800,2132803584,2143551488,2141716480,2826657069
2144337920,2152726528,2154823680,2134900736,2138046464,2156920832,2155872256,2141192192,2146697216,2148007936,2826673090
2132803584,2150629376,2153775104,2136997888,2134900736,2154823680,2151677952,2138046464,2143551488,2144862208,2826689092
2132803584,2155872256,2155872256,2133852160,2127560704,2145386496,2143289344,2124414976,2144600064,2135162880,2826705088
2129657856,2134900736,2131755008,2110783488,2122317824,2138046464,2134900736,2113929216,2126774272,2127298560,2826721091
2117074944,2151677952,2145386496,2126512128,2123366400,2141192192,2138046464,2118123520,2135162880,2130182144,2826737113
2125463552,2151677952,2154823680,2132803584,2130706432,2149580800,2147483648,2129657856,2141192192,2139357184,2826753113
2127560704,2154823680,2156920832,2141192192,2138046464,2155872256,2154823680,2140143616,2145124352,2147221504,2826770000
2130706432,2162163712,2155872256,2150629376,2135949312,2153775104,2153775104,2138046464,2149842944,2145386496,2826786001
2144337920,2142240768,2144337920,2125463552,2129657856,2146435072,2144337920,2126512128,2139095040,2136735744,2826802001
2121269248,2148532224,2147483648,2127560704,2123366400,2140143616,2135949312,2114977792,2136211456,2128609280,2826818026
2118123520,2132803584,2126512128,2111832064,2123366400,2140143616,2135949312,2114977792,2122317824,2128609280,2826834025
2117074944,2155872256,2136997888,2134900736,2129657856,2147483648,2145386496,2127560704,2136211456,2137522176,2826850025
2141192192,2142240768,2143289344,2127560704,2136997888,2154823680,2152726528,2138046464,2138570752,2145648640,2826866025
2143289344,2156920832,2161115136,2138046464,2138046464,2155872256,2154823680,2140143616,2149842944,2147221504,2826882049
2143289344,2147483648,2144337920,2127560704,2131755008,2149580800,2147483648,2129657856,2140667904,2139619328,2826898046
2134900736,2146435072,2142240768,2121269248,2124414976,2140143616,2138046464,2117074944,2136211456,2129920000,2826914049
2117074944,2134900736,2145386496,2113929216,2122317824,2139095040,2134900736,2114977792,2127822848,2127822848,2826930049
2116026368,2145386496,2130706432,2124414976,2127560704,2144337920,2142240768,2124414976,2129133568,2134638592,2826946071
2134900736,2150629376,2150629376,2126512128,2134900736,2153775104,2151677952,2136997888,2140667904,2144337920,2826962069
2130706432,2159017984,2159017984,2148532224,2138046464,2155872256,2155872256,2142240768,2149318656,2148007936,2826978069
2128609280,2168455168,2168455168,2146435072,2131755008,2152726528,2150629376,2133852160,2152988672,2142240768,2826994070
2121269248,2147483648,2147483648,2130706432,2125463552,2142240768,2140143616,2120220672,2136735744,2132017152,2827010091
2132803584,2142240768,2126512128,2117074944,2121269248,2139095040,2135949312,2113929216,2129657856,2127560704,2827026092
2127560704,2146435072,2145386496,2112880640,2125463552,2143289344,2140143616,2120220672,2133065728,2132279296,2827042091
2121269248,2154823680,2143289344,2138046464,2133852160,2151677952,2149580800,2133852160,2139357184,2142240768,2827058091
2151677952,2146435072,2147483648,2131755008,2139095040,2156920832,2155872256,2141192192,2144337920,2148270080,2827074112
2131755008,2152726528,2162163712,2142240768,2134900736,2152726528,2151677952,2135949312,2147221504,2143813632,2827090108
2124414976,2147483648,2139095040,2130706432,2127560704,2144337920,2141192192,2122317824,2135425024,2133852160,2827107001
2129657856,2129657856,2129657856,2109734912,2122317824,2139095040,2134900736,2113929216,2124677120,2127560704,2827123001
2116026368,2149580800,2144337920,2117074944,2124414976,2141192192,2136997888,2118123520,2131755008,2130182144,2827139001
2122317824,2148532224,2149580800,2130706432,2132803584,2149580800,2147483648,2130706432,2137784320,2140143616,2827155001
2128609280,2164260864,2160066560,2148532224,2139095040,2156920832,2155872256,2140143616,2150367232,2148007936,2827171025
2147483648,2156920832,2159017984,2132803584,2136997888,2154823680,2153775104,2138046464,2149056512,2145910784,2827187026
2131755008,2160066560,2154823680,2136997888,2128609280,2147483648,2144337920,2126512128,2145910784,2136735744,2827203026
2131755008,2146435072,2145386496,2112880640,2123366400,2140143616,2135949312,2113929216,2134114304,2128347136,2827219026
2128609280,2142240768,2138046464,2118123520,2123366400,2140143616,2135949312,2116026368,2131755008,2128871424,2827235047
2130706432,2144337920,2149580800,2118123520,2129657856,2147483648,2145386496,2127560704,2135687168,2137522176,2827251048
2128609280,2147483648,2151677952,2131755008,2138046464,2154823680,2154823680,2139095040,2139881472,2146697216,2827267049
2148532224,2161115136,2150629376,2146435072,2136997888,2156920832,2155872256,2140143616,2151677952,2147483648,2827283047
2130706432,2157969408,2165309440,2143289344,2130706432,2148532224,2146435072,2128609280,2149318656,2138570752,2827299070
2121269248,2135949312,2135949312,2117074944,2124414976,2140143616,2138046464,2116026368,2127560704,2129657856,2827315070
2117074944,2148532224,2146435072,2124414976,2122317824,2138046464,2134900736,2113929216,2134114304,2127298560,2827331069
2119172096,2152726528,2151677952,2125463552,2127560704,2145386496,2143289344,2124414976,2137260032,2135162880,2827347069
2126512128,2163212288,2160066560,2146435072,2135949312,2153775104,2153775104,2136997888,2149056512,2145124352,2827363090
2136997888,2163212288,2160066560,2146435072,2138046464,2155872256,2155872256,2141192192,2151677952,2147745792,2827379093
2129657856,2148532224,2147483648,2133852160,2132803584,2151677952,2148532224,2132803584,2139881472,2141454336,2827395092
2139095040,2139095040,2142240768,2117074944,2125463552,2142240768,2139095040,2119172096,2134376448,2131492864,2827411089
2132803584,2134900736,2128609280,2107637760,2121269248,2138046464,2133852160,2113929216,2125987840,2126774272,2827427111
2132803584,2134900736,2133852160,2111832064,2126512128,2144337920,2141192192,2121269248,2128347136,2133327872,2827444001
2124414976,2147483648,2144337920,2130706432,2134900736,2152726528,2150629376,2134900736,2136735744,2143289344,2827460001
2147483648,2149580800,2149580800,2133852160,2138046464,2156920832,2156920832,2141192192,2145124352,2148270080,2827476000
2141192192,2150629376,2159017984,2134900736,2135949312,2151677952,2150629376,2133852160,2146435072,2143027200,2827492001
2124414976,2147483648,2140143616,2131755008,2125463552,2144337920,2142240768,2122317824,2135949312,2133590016,2827508026
2131755008,2145386496,2135949312,2118123520,2122317824,2138046464,2133852160,2112880640,2132803584,2126774272,2827524027
2124414976,2147483648,2145386496,2121269248,2124414976,2142240768,2139095040,2118123520,2134638592,2130968576,2827540025
2136997888,2146435072,2144337920,2118123520,2133852160,2150629376,2148532224,2130706432,2136473600,2140930048,2827556026
2138046464,2146435072,2146435072,2132803584,2136997888,2156920832,2155872256,2141192192,2140930048,2147745792,2827572050
2130706432,2165309440,2162163712,2150629376,2135949312,2154823680,2153775104,2138046464,2152202240,2145648640,2827588049
2136997888,2143289344,2140143616,2125463552,2128609280,2145386496,2144337920,2124414976,2136473600,2135687168,2827604048
2132803584,2146435072,2132803584,2117074944,2122317824,2139095040,2135949312,2114977792,2132279296,2128084992,2827620048
2130706432,2138046464,2126512128,2109734912,2123366400,2140143616,2135949312,2116026368,2126249984,2128871424,2827636069
2124414976,2136997888,2133852160,2120220672,2130706432,2148532224,2146435072,2128609280,2128871424,2138570752,2827652069
2133852160,2163212288,2161115136,2140143616,2136997888,2155872256,2154823680,2140143616,2149580800,2146959360,2827668069
2147483648,2154823680,2162163712,2135949312,2138046464,2155872256,2154823680,2139095040,2150105088,2146959360,2827684071
2145386496,2146435072,2143289344,2126512128,2130706432,2147483648,2146435072,2127560704,2140405760,2138046464,2827700093
2135949312,2135949312,2135949312,2116026368,2123366400,2140143616,2136997888,2116026368,2130968576,2129133568,2827716091
2113929216,2141192192,2136997888,2118123520,2123366400,2140143616,2135949312,2114977792,2127560704,2128609280,2827732089
2126512128,2150629376,2144337920,2122317824,2128609280,2146435072,2143289344,2125463552,2135949312,2135949312,2827748091
2146435072,2146435072,2146435072,2126512128,2136997888,2153775104,2152726528,2136997888,2141454336,2145124352,2827764112
2144337920,2151677952,2159017984,2133852160,2138046464,2155872256,2155872256,2141192192,2147221504,2147745792,2827780110
2149580800,2146435072,2146435072,2130706432,2131755008,2149580800,2148532224,2130706432,2143289344,2140143616,2827797000
2121269248,2138046464,2136997888,2121269248,2123366400,2142240768,2138046464,2118123520,2129395712,2130444288,2827813001
2117074944,2134900736,2131755008,2109734912,2122317824,2139095040,2133852160,2113929216,2123366400,2127298560,2827829001
2127560704,2151677952,2144337920,2125463552,2127560704,2144337920,2141192192,2122317824,2137260032,2133852160,2827845026
2132803584,2156920832,2154823680,2136997888,2134900736,2153775104,2151677952,2135949312,2145386496,2144075776,2827861025
2147483648,2160066560,2157969408,2144337920,2138046464,2156920832,2155872256,2141192192,2152464384,2148007936,2827877025
2141192192,2166358016,2162163712,2140143616,2133852160,2152726528,2151677952,2133852160,2152464384,2143027200,2827893027
2135949312,2139095040,2136997888,2120220672,2126512128,2144337920,2140143616,2120220672,2133065728,2132803584,2827909048
2129657856,2131755008,2129657856,2109734912,2122317824,2139095040,2134900736,2113929216,2125201408,2127560704,2827925047
2128609280,2131755008,2128609280,2109734912,2125463552,2142240768,2139095040,2118123520,2124677120,2131230720,2827941050
2131755008,2151677952,2151677952,2127560704,2132803584,2150629376,2149580800,2132803584,2140667904,2141454336,2827957049
2142240768,2147483648,2146435072,2131755008,2138046464,2156920832,2155872256,2140143616,2141978624,2147745792,2827973069
2133852160,2155872256,2147483648,2145386496,2136997888,2153775104,2151677952,2136997888,2145648640,2144862208,2827989071
2125463552,2145386496,2141192192,2126512128,2127560704,2146435072,2143289344,2124414976,2134638592,2135425024,2828005069
2130706432,2134900736,2140143616,2108686336,2122317824,2140143616,2134900736,2113929216,2128609280,2127822848,2828021070
2134900736,2129657856,2127560704,2104492032,2123366400,2141192192,2138046464,2116026368,2124152832,2129657856,2828037091
2133852160,2135949312,2135949312,2114977792,2130706432,2147483648,2146435072,2128609280,2130182144,2138308608,2828053087
2143289344,2150629376,2146435072,2130706432,2136997888,2156920832,2155872256,2141192192,2142765056,2147745792,2828069092
2142240768,2151677952,2151677952,2134900736,2138046464,2154823680,2154823680,2138046464,2145124352,2146435072,2828085089
2138046464,2155872256,2153775104,2136997888,2129657856,2147483648,2145386496,2127560704,2146172928,2137522176,2828101111
2125463552,2138046464,2136997888,2112880640,2123366400,2140143616,2136997888,2114977792,2128347136,2128871424,2828117110
2117074944,2149580800,2143289344,2125463552,2123366400,2140143616,2136997888,2114977792,2133852160,2128871424,2828134001
2141192192,2136997888,2135949312,2110783488,2129657856,2146435072,2144337920,2126512128,2131230720,2136735744,2828150001
2127560704,2150629376,2147483648,2136997888,2138046464,2154823680,2153775104,2138046464,2140667904,2146172928,2828166001
2135949312,2150629376,2151677952,2138046464,2136997888,2156920832,2154823680,2140143616,2144075776,2147221504,2828182000
2140143616,2146435072,2146435072,2132803584,2131755008,2149580800,2147483648,2130706432,2141454336,2139881472,2828198023
2131755008,2136997888,2134900736,2116026368,2125463552,2141192192,2136997888,2116026368,2129920000,2129920000,2828214027
2118123520,2131755008,2132803584,2107637760,2121269248,2140143616,2134900736,2113929216,2122579968,2127560704,2828230027
2132803584,2144337920,2131755008,2119172096,2127560704,2145386496,2142240768,2123366400,2132017152,2134638592,2828246023
2125463552,2157969408,2153775104,2142240768,2134900736,2154823680,2152726528,2136997888,2144862208,2144862208,2828262050
2149580800,2150629376,2154823680,2135949312,2139095040,2155872256,2154823680,2141192192,2147745792,2147745792,2828278048
2132803584,2164260864,2167406592,2151677952,2133852160,2150629376,2150629376,2132803584,2154037248,2141978624,2828294048
2121269248,2143289344,2143289344,2126512128,2126512128,2142240768,2140143616,2119172096,2133590016,2132017152,2828310048
2129657856,2131755008,2127560704,2106589184,2122317824,2138046464,2134900736,2113929216,2123890688,2127298560,2828326069
2123366400,2134900736,2127560704,2109734912,2125463552,2142240768,2140143616,2119172096,2123890688,2131755008,2828342069
2130706432,2157969408,2151677952,2132803584,2133852160,2151677952,2149580800,2133852160,2143289344,2142240768,2828358069
2141192192,2151677952,2148532224,2131755008,2138046464,2156920832,2155872256,2141192192,2143289344,2148007936,2828374068
2141192192,2164260864,2161115136,2146435072,2135949312,2153775104,2151677952,2135949312,2153250816,2144337920,2828390093
2139095040,2146435072,2146435072,2123366400,2127560704,2145386496,2142240768,2123366400,2138832896,2134638592,2828406091
2114977792,2147483648,2140143616,2126512128,2121269248,2139095040,2134900736,2113929216,2132279296,2127298560,2828422090
2129657856,2133852160,2133852160,2108686336,2124414976,2141192192,2138046464,2117074944,2126512128,2130182144,2828438088
2123366400,2157969408,2157969408,2135949312,2131755008,2150629376,2147483648,2130706432,2143813632,2140143616,2828454112
2130706432,2151677952,2149580800,2139095040,2138046464,2155872256,2155872256,2140143616,2142765056,2147483648,2828471001
2147483648,2166358016,2154823680,2147483648,2136997888,2154823680,2153775104,2138046464,2154037248,2145910784,2828487001
2133852160,2145386496,2147483648,2124414976,2130706432,2145386496,2144337920,2124414976,2137784320,2136211456,2828503001
2127560704,2134900736,2132803584,2110783488,2123366400,2140143616,2136997888,2113929216,2126512128,2128609280,2828519001
2122317824,2146435072,2136997888,2116026368,2123366400,2140143616,2136997888,2114977792,2130444288,2128871424,2828535023
2138046464,2135949312,2133852160,2112880640,2130706432,2147483648,2144337920,2127560704,2130182144,2137522176,2828551023
2127560704,2166358016,2159017984,2144337920,2136997888,2154823680,2154823680,2138046464,2149318656,2146172928,2828567024
2148532224,2154823680,2150629376,2135949312,2138046464,2155872256,2155872256,2139095040,2147483648,2147221504,2828583023
2143289344,2151677952,2146435072,2127560704,2130706432,2149580800,2146435072,2129657856,2142240768,2139095040,2828599048
2118123520,2142240768,2134900736,2123366400,2123366400,2140143616,2136997888,2117074944,2129657856,2129395712,2828615048
2116026368,2144337920,2148532224,2120220672,2122317824,2139095040,2134900736,2113929216,2132279296,2127560704,2828631047
2117074944,2151677952,2143289344,2129657856,2128609280,2144337920,2143289344,2123366400,2135425024,2134900736,2828647048
2143289344,2152726528,2143289344,2131755008,2135949312,2153775104,2151677952,2136997888,2142765056,2144600064,2828663069
2131755008,2162163712,2151677952,2151677952,2139095040,2156920832,2155872256,2141192192,2149318656,2148270080,2828679069
2128609280,2163212288,2160066560,2149580800,2132803584,2150629376,2149580800,2132803584,2150367232,2141454336,2828695069
2131755008,2139095040,2141192192,2118123520,2125463552,2142240768,2139095040,2119172096,2132541440,2131492864,2828711068
2116026368,2151677952,2140143616,2128609280,2121269248,2139095040,2134900736,2113929216,2134114304,2127298560,2828727091
2113929216,2148532224,2130706432,2130706432,2126512128,2143289344,2140143616,2121269248,2130968576,2132803584,2828743089
2142240768,2143289344,2139095040,2121269248,2134900736,2151677952,2150629376,2133852160,2136473600,2142765056,2828759090
2131755008,2152726528,2148532224,2142240768,2138046464,2156920832,2155872256,2142240768,2143813632,2148270080,2828775091
2135949312,2151677952,2149580800,2134900736,2133852160,2152726528,2151677952,2135949312,2143027200,2143551488,2828791112
2136997888,2142240768,2140143616,2127560704,2127560704,2143289344,2141192192,2121269248,2136735744,2133327872,2828807113
2118123520,2147483648,2149580800,2125463552,2121269248,2139095040,2134900736,2113929216,2135162880,2127298560,2828824001
2132803584,2134900736,2128609280,2109734912,2124414976,2142240768,2139095040,2118123520,2126512128,2130968576,2828840001
2126512128,2153775104,2155872256,2136997888,2132803584,2150629376,2148532224,2131755008,2143289344,2140930048,2828856001
2133852160,2168455168,2168455168,2146435072,2138046464,2156920832,2154823680,2141192192,2154299392,2147745792,2828872023
2146435072,2151677952,2149580800,2134900736,2134900736,2154823680,2153775104,2136997888,2145648640,2145124352,2828888022
2124414976,2155872256,2149580800,2139095040,2127560704,2146435072,2143289344,2125463552,2142240768,2135687168,2828904023
2135949312,2135949312,2131755008,2111832064,2122317824,2140143616,2135949312,2114977792,2128871424,2128347136,2828920023
2129657856,2134900736,2127560704,2105540608,2123366400,2141192192,2136997888,2116026368,2124414976,2129395712,2828936049
2121269248,2154823680,2147483648,2133852160,2130706432,2148532224,2146435072,2128609280,2139357184,2138570752,2828952048
2136997888,2159017984,2161115136,2130706432,2138046464,2156920832,2153775104,2140143616,2146959360,2147221504,2828968048
2145386496,2148532224,2147483648,2133852160,2138046464,2155872256,2154823680,2139095040,2143813632,2146959360,2828984049
2131755008,2161115136,2157969408,2138046464,2130706432,2147483648,2145386496,2127560704,2147221504,2137784320,2829000069
2119172096,2153775104,2149580800,2133852160,2122317824,2141192192,2136997888,2117074944,2139095040,2129395712,2829016067
2117074944,2149580800,2149580800,2124414976,2122317824,2140143616,2134900736,2114977792,2135162880,2128084992,2829032068
2123366400,2149580800,2149580800,2121269248,2128609280,2145386496,2143289344,2124414976,2135949312,2135425024,2829048070
2126512128,2151677952,2141192192,2134900736,2135949312,2153775104,2153775104,2138046464,2138570752,2145386496,2829064090
2146435072,2148532224,2148532224,2135949312,2138046464,2156920832,2154823680,2140143616,2144862208,2147483648,2829080090
2138046464,2156920832,2159017984,2133852160,2132803584,2150629376,2148532224,2131755008,2146959360,2140930048,2829096090
2140143616,2138046464,2138046464,2116026368,2125463552,2141192192,2138046464,2118123520,2133065728,2130706432,2829112090
2121269248,2146435072,2146435072,2119172096,2121269248,2139095040,2134900736,2113929216,2133327872,2127298560,2829128110
2119172096,2147483648,2143289344,2126512128,2126512128,2145386496,2140143616,2122317824,2134114304,2133590016,2829144111
2122317824,2150629376,2147483648,2135949312,2134900736,2153775104,2151677952,2135949312,2139095040,2144075776,2829161001
2128609280,2164260864,2155872256,2151677952,2138046464,2156920832,2155872256,2141192192,2150105088,2148007936,2829177001
2133852160,2149580800,2155872256,2135949312,2134900736,2151677952,2150629376,2133852160,2143813632,2142765056,2829193001
2125463552,2154823680,2157969408,2135949312,2125463552,2143289344,2141192192,2121269248,2143551488,2132803584,2829209000
2113929216,2143289344,2142240768,2122317824,2122317824,2138046464,2135949312,2112880640,2130444288,2127298560,2829225024
2114977792,2145386496,2132803584,2126512128,2125463552,2143289344,2140143616,2120220672,2129920000,2132279296,2829241023
2127560704,2141192192,2140143616,2124414976,2133852160,2150629376,2148532224,2132803584,2133327872,2141454336,2829257024
2130706432,2159017984,2161115136,2147483648,2136997888,2156920832,2155872256,2141192192,2149580800,2147745792,2829273024
2131755008,2153775104,2150629376,2135949312,2135949312,2153775104,2151677952,2136997888,2143027200,2144600064,2829289048
2129657856,2142240768,2139095040,2126512128,2128609280,2145386496,2142240768,2123366400,2134376448,2134900736,2829305047
2134900736,2134900736,2131755008,2110783488,2122317824,2139095040,2134900736,2113929216,2128084992,2127560704,2829321048
2130706432,2142240768,2135949312,2112880640,2123366400,2141192192,2136997888,2117074944,2130444288,2129657856,2829337047
2121269248,2143289344,2138046464,2126512128,2129657856,2149580800,2146435072,2129657856,2132279296,2138832896,2829353070
2128609280,2147483648,2147483648,2132803584,2138046464,2155872256,2155872256,2140143616,2139095040,2147483648,2829369070
2131755008,2151677952,2157969408,2139095040,2136997888,2155872256,2154823680,2139095040,2145124352,2146697216,2829385071
2143289344,2153775104,2154823680,2126512128,2129657856,2147483648,2144337920,2126512128,2144600064,2136997888,2829401070
2118123520,2143289344,2134900736,2124414976,2123366400,2141192192,2136997888,2116026368,2130182144,2129395712,2829417090
2136997888,2130706432,2130706432,2104492032,2122317824,2140143616,2135949312,2116026368,2125725696,2128609280,2829433089
2129657856,2148532224,2148532224,2125463552,2129657856,2146435072,2144337920,2124414976,2138046464,2136211456,2829449092
2142240768,2146435072,2141192192,2130706432,2136997888,2154823680,2152726528,2138046464,2140143616,2145648640,2829465088
2138046464,2166358016,2169503744,2146435072,2136997888,2157969408,2155872256,2141192192,2155085824,2148007936,2829481111
2128609280,2149580800,2150629376,2133852160,2131755008,2148532224,2147483648,2129657856,2140667904,2139357184,2829498001
2123366400,2135949312,2133852160,2117074944,2124414976,2140143616,2136997888,2117074944,2127560704,2129657856,2829514001
2116026368,2136997888,2136997888,2116026368,2121269248,2139095040,2134900736,2113929216,2126512128,2127298560,2829530000
2139095040,2132803584,2132803584,2108686336,2127560704,2145386496,2142240768,2123366400,2128347136,2134638592,2829546001
2140143616,2146435072,2142240768,2125463552,2135949312,2152726528,2152726528,2135949312,2138570752,2144337920,2829562024
2131755008,2152726528,2155872256,2140143616,2139095040,2155872256,2156920832,2141192192,2145124352,2148270080,2829578025
2132803584,2164260864,2166358016,2146435072,2132803584,2151677952,2149580800,2133852160,2152464384,2141978624,2829594022
2123366400,2155872256,2157969408,2134900736,2125463552,2142240768,2140143616,2119172096,2143027200,2131755008,2829610023
2127560704,2146435072,2140143616,2117074944,2122317824,2139095040,2133852160,2113929216,2132803584,2127298560,2829626047
2116026368,2147483648,2144337920,2126512128,2125463552,2143289344,2140143616,2121269248,2133590016,2132541440,2829642049
2128609280,2163212288,2160066560,2136997888,2132803584,2152726528,2150629376,2134900736,2147221504,2142765056,2829658047
2140143616,2166358016,2163212288,2144337920,2138046464,2157969408,2156920832,2141192192,2153512960,2148532224,2829674048
2138046464,2150629376,2149580800,2136997888,2134900736,2153775104,2151677952,2135949312,2143813632,2144075776,2829690069
2128609280,2159017984,2163212288,2134900736,2126512128,2145386496,2143289344,2123366400,2146435072,2134638592,2829706069
2126512128,2144337920,2144337920,2124414976,2122317824,2139095040,2134900736,2113929216,2134900736,2127560704,2829722068
2125463552,2131755008,2129657856,2107637760,2122317824,2142240768,2138046464,2118123520,2123628544,2130182144,2829738069
2122317824,2141192192,2136997888,2122317824,2131755008,2149580800,2147483648,2130706432,2130706432,2139881472,2829754090
2130706432,2156920832,2164260864,2144337920,2136997888,2155872256,2154823680,2140143616,2149056512,2146959360,2829770093
2133852160,2152726528,2152726528,2141192192,2136997888,2153775104,2153775104,2138046464,2145124352,2145648640,2829786088
2142240768,2142240768,2141192192,2125463552,2128609280,2147483648,2145386496,2126512128,2137784320,2136997888,2829802091
2135949312,2135949312,2132803584,2112880640,2123366400,2140143616,2136997888,2114977792,2129395712,2128871424,2829818110
2123366400,2146435072,2140143616,2112880640,2123366400,2140143616,2135949312,2114977792,2130706432,2128609280,2829834114
2120220672,2138046464,2144337920,2120220672,2129657856,2147483648,2146435072,2127560704,2130706432,2137784320,2829851001
2128609280,2160066560,2148532224,2149580800,2136997888,2155872256,2154823680,2139095040,2146697216,2146697216,2829867001
2134900736,2166358016,2165309440,2154823680,2138046464,2156920832,2154823680,2140143616,2155347968,2147483648,2829883001
2127560704,2153775104,2156920832,2139095040,2130706432,2148532224,2146435072,2128609280,2144337920,2138570752,2829899024
2136997888,2142240768,2135949312,2117074944,2124414976,2141192192,2136997888,2117074944,2133065728,2129920000,2829915022
2111832064,2140143616,2134900736,2117074944,2122317824,2140143616,2134900736,2114977792,2125987840,2128084992,2829931023
2118123520,2143289344,2145386496,2124414976,2127560704,2145386496,2143289344,2124414976,2132803584,2135162880,2829947025
2143289344,2153775104,2152726528,2127560704,2135949312,2154823680,2152726528,2136997888,2144337920,2145124352,2829963046
2139095040,2159017984,2162163712,2138046464,2138046464,2156920832,2155872256,2141192192,2149580800,2148007936,2829979047
2130706432,2149580800,2148532224,2136997888,2132803584,2150629376,2150629376,2132803584,2141454336,2141716480,2829995046
2128609280,2153775104,2151677952,2134900736,2125463552,2142240768,2139095040,2119172096,2142240768,2131492864,2830011046
2113929216,2150629376,2141192192,2125463552,2121269248,2139095040,2134900736,2113929216,2132803584,2127298560,2830027070
2116026368,2142240768,2147483648,2121269248,2125463552,2143289344,2140143616,2121269248,2131755008,2132541440,2830043069
2140143616,2143289344,2138046464,2121269248,2134900736,2151677952,2149580800,2133852160,2135687168,2142502912,2830059069
2135949312,2148532224,2149580800,2135949312,2138046464,2156920832,2155872256,2141192192,2142502912,2148007936,2830075069
2146435072,2146435072,2148532224,2132803584,2134900736,2152726528,2151677952,2135949312,2143551488,2143813632,2830091093
2123366400,2143289344,2141192192,2126512128,2126512128,2143289344,2141192192,2122317824,2133590016,2133327872,2830107089
2114977792,2139095040,2135949312,2116026368,2121269248,2139095040,2135949312,2113929216,2126512128,2127560704,2830123090
2117074944,2149580800,2145386496,2128609280,2124414976,2142240768,2138046464,2118123520,2135162880,2130706432,2830139090
2127560704,2156920832,2153775104,2131755008,2132803584,2149580800,2148532224,2130706432,2142502912,2140405760,2830155112
2141192192,2159017984,2162163712,2145386496,2138046464,2156920832,2155872256,2141192192,2151940096,2148007936,2830171109
2136997888,2162163712,2167406592,2151677952,2135949312,2153775104,2152726528,2138046464,2154561536,2145124352,2830188001
2124414976,2156920832,2152726528,2140143616,2128609280,2146435072,2143289344,2124414976,2143551488,2135687168,2830204001
2126512128,2134900736,2132803584,2108686336,2122317824,2139095040,2135949312,2113929216,2125725696,2127822848,2830220001
2118123520,2139095040,2140143616,2116026368,2123366400,2141192192,2136997888,2117074944,2128347136,2129657856,2830236000
2122317824,2152726528,2155872256,2131755008,2130706432,2149580800,2146435072,2128609280,2140667904,2138832896,2830252023
2131755008,2163212288,2163212288,2141192192,2136997888,2155872256,2154823680,2140143616,2149842944,2146959360,2830268024
2144337920,2151677952,2150629376,2133852160,2136997888,2155872256,2154823680,2139095040,2145124352,2146697216,2830284022
2139095040,2156920832,2154823680,2133852160,2129657856,2148532224,2146435072,2128609280,2146172928,2138308608,2830300022
2136997888,2138046464,2133852160,2116026368,2122317824,2141192192,2136997888,2117074944,2131230720,2129395712,2830316045
2124414976,2141192192,2138046464,2112880640,2122317824,2140143616,2134900736,2114977792,2129133568,2128084992,2830332046
2132803584,2148532224,2138046464,2121269248,2128609280,2146435072,2144337920,2125463552,2135162880,2136211456,2830348045
2128609280,2150629376,2160066560,2139095040,2136997888,2153775104,2151677952,2136997888,2144600064,2144862208,2830364044
2132803584,2165309440,2169503744,2155872256,2138046464,2156920832,2155872256,2142240768,2155872256,2148270080,2830380069
2145386496,2160066560,2155872256,2133852160,2132803584,2150629376,2148532224,2131755008,2148794368,2140930048,2830396069
2121269248,2138046464,2147483648,2120220672,2124414976,2142240768,2139095040,2119172096,2131755008,2131230720,2830412070
2132803584,2130706432,2127560704,2104492032,2121269248,2140143616,2134900736,2113929216,2123890688,2127560704,2830428068
2130706432,2136997888,2140143616,2107637760,2126512128,2144337920,2140143616,2121269248,2128871424,2133065728,2830444092
2123366400,2152726528,2149580800,2139095040,2133852160,2152726528,2151677952,2135949312,2141192192,2143551488,2830460090
2142240768,2152726528,2151677952,2134900736,2138046464,2156920832,2155872256,2141192192,2145386496,2148007936,2830476090
2132803584,2170552320,2165309440,2152726528,2133852160,2152726528,2151677952,2134900736,2155347968,2143289344,2830492088
2146435072,2146435072,2139095040,2125463552,2126512128,2143289344,2141192192,2121269248,2139357184,2133065728,2830508113
2116026368,2141192192,2135949312,2119172096,2122317824,2138046464,2134900736,2112880640,2128084992,2127036416,2830525001
2131755008,2146435072,2131755008,2114977792,2125463552,2143289344,2139095040,2120220672,2131230720,2132017152,2830541001
2130706432,2156920832,2153775104,2134900736,2133852160,2151677952,2148532224,2132803584,2144075776,2141716480,2830557001
2151677952,2149580800,2147483648,2132803584,2139095040,2156920832,2156920832,2141192192,2145386496,2148532224,2830573001
2133852160,2148532224,2151677952,2136997888,2134900736,2154823680,2153775104,2138046464,2142765056,2145386496,2830589024
2127560704,2160066560,2163212288,2136997888,2127560704,2145386496,2143289344,2123366400,2146959360,2134900736,2830605023
2117074944,2135949312,2133852160,2117074944,2122317824,2138046464,2134900736,2113929216,2125987840,2127298560,2830621022
2116026368,2139095040,2141192192,2118123520,2122317824,2141192192,2136997888,2118123520,2128609280,2129657856,2830637024
2138046464,2135949312,2134900736,2113929216,2131755008,2148532224,2146435072,2128609280,2130706432,2138832896,2830653046
2146435072,2146435072,2145386496,2129657856,2138046464,2155872256,2154823680,2140143616,2141978624,2147221504,2830669045
2142240768,2150629376,2150629376,2135949312,2136997888,2155872256,2153775104,2139095040,2144862208,2146435072,2830685044
2131755008,2160066560,2156920832,2138046464,2129657856,2147483648,2145386496,2127560704,2146697216,2137522176,2830701046
2122317824,2151677952,2149580800,2130706432,2123366400,2140143616,2136997888,2114977792,2138570752,2128871424,2830717069
2124414976,2145386496,2136997888,2112880640,2122317824,2140143616,2135949312,2114977792,2129920000,2128347136,2830733069
2120220672,2154823680,2153775104,2129657856,2128609280,2147483648,2144337920,2126512128,2139619328,2136735744,2830749068
2144337920,2145386496,2145386496,2125463552,2136997888,2154823680,2153775104,2138046464,2140143616,2145910784,2830765071
2146435072,2147483648,2148532224,2131755008,2138046464,2154823680,2154823680,2139095040,2143551488,2146697216,2830781091
2128609280,2153775104,2144337920,2139095040,2132803584,2149580800,2147483648,2129657856,2141454336,2139881472,2830797089
2120220672,2147483648,2141192192,2130706432,2124414976,2141192192,2138046464,2117074944,2134900736,2130182144,2830813087
2120220672,2146435072,2146435072,2119172096,2121269248,2139095040,2134900736,2113929216,2133065728,2127298560,2830829094
2121269248,2133852160,2133852160,2110783488,2126512128,2145386496,2142240768,2123366400,2124939264,2134376448,2830845113
2133852160,2160066560,2154823680,2133852160,2134900736,2153775104,2152726528,2136997888,2145648640,2144600064,2830861113
2139095040,2166358016,2164260864,2152726528,2138046464,2157969408,2155872256,2142240768,2155610112,2148532224,2830878001
2131755008,2167406592,2165309440,2151677952,2132803584,2152726528,2149580800,2134900736,2154037248,2142502912,2830894001
2144337920,2138046464,2138046464,2117074944,2125463552,2143289344,2139095040,2120220672,2134376448,2132017152,2830910001
2127560704,2144337920,2133852160,2116026368,2121269248,2138046464,2134900736,2112880640,2130444288,2126774272,2830926022
2116026368,2140143616,2141192192,2119172096,2126512128,2142240768,2139095040,2120220672,2129133568,2132017152,2830942023
2125463552,2143289344,2141192192,2122317824,2132803584,2151677952,2149580800,2133852160,2133065728,2141978624,2830958023
2136997888,2151677952,2148532224,2136997888,2138046464,2156920832,2155872256,2141192192,2143551488,2148007936,2830974023
2139095040,2163212288,2163212288,2141192192,2135949312,2153775104,2151677952,2136997888,2151677952,2144600064,2830990044
2125463552,2150629376,2153775104,2135949312,2127560704,2145386496,2142240768,2123366400,2141454336,2134638592,2831006043
2136997888,2141192192,2129657856,2111832064,2121269248,2140143616,2134900736,2114977792,2129920000,2127822848,2831022045
2129657856,2129657856,2126512128,2104492032,2124414976,2141192192,2138046464,2118123520,2122579968,2130444288,2831038045
2128609280,2151677952,2154823680,2129657856,2131755008,2149580800,2148532224,2130706432,2141192192,2140143616,2831054069
2146435072,2146435072,2146435072,2129657856,2136997888,2156920832,2155872256,2141192192,2142240768,2147745792,2831070069
2147483648,2154823680,2154823680,2134900736,2138046464,2153775104,2153775104,2139095040,2148007936,2146172928,2831086070
2140143616,2154823680,2153775104,2125463552,2129657856,2147483648,2145386496,2126512128,2143551488,2137260032,2831102070
2139095040,2136997888,2133852160,2111832064,2123366400,2140143616,2135949312,2114977792,2130444288,2128609280,2831118089
2118123520,2148532224,2145386496,2119172096,2122317824,2141192192,2136997888,2116026368,2132803584,2129133568,2831134091
2124414976,2152726528,2146435072,2130706432,2128609280,2147483648,2145386496,2127560704,2138570752,2137260032,2831150090
2135949312,2145386496,2144337920,2134900736,2136997888,2154823680,2153775104,2139095040,2140143616,2146172928,2831166089
2129657856,2169503744,2162163712,2152726528,2138046464,2156920832,2154823680,2140143616,2153512960,2147483648,2831182111
2146435072,2148532224,2145386496,2126512128,2131755008,2148532224,2147483648,2129657856,2141716480,2139357184,2831198109
2120220672,2148532224,2147483648,2131755008,2123366400,2141192192,2135949312,2117074944,2136997888,2129395712,2831215001
2132803584,2132803584,2127560704,2105540608,2122317824,2139095040,2135949312,2113929216,2124677120,2127822848,2831231001
2123366400,2151677952,2146435072,2123366400,2127560704,2145386496,2143289344,2123366400,2136211456,2134900736,2831247001
2125463552,2149580800,2147483648,2132803584,2135949312,2153775104,2152726528,2136997888,2138832896,2144862208,2831263001
2149580800,2146435072,2148532224,2133852160,2139095040,2154823680,2154823680,2140143616,2144600064,2147221504,2831279024
2134900736,2165309440,2170552320,2144337920,2132803584,2151677952,2150629376,2133852160,2153775104,2142240768,2831295025
2127560704,2154823680,2155872256,2136997888,2124414976,2142240768,2140143616,2119172096,2143813632,2131492864,2831311023
2118123520,2150629376,2146435072,2119172096,2122317824,2138046464,2134900736,2113929216,2133590016,2127298560,2831327023
2116026368,2141192192,2138046464,2122317824,2126512128,2143289344,2141192192,2121269248,2129395712,2133065728,2831343045
2124414976,2149580800,2147483648,2134900736,2133852160,2152726528,2150629376,2134900736,2139095040,2143027200,2831359045
2140143616,2148532224,2145386496,2133852160,2138046464,2156920832,2155872256,2141192192,2141978624,2148007936,2831375045
2138046464,2166358016,2163212288,2144337920,2134900736,2153775104,2151677952,2135949312,2152988672,2144075776,2831391047
2133852160,2154823680,2150629376,2121269248,2126512128,2145386496,2141192192,2122317824,2140143616,2133852160,2831407071
2135949312,2141192192,2128609280,2111832064,2122317824,2139095040,2133852160,2113929216,2129395712,2127298560,2831423067
2116026368,2150629376,2145386496,2124414976,2124414976,2142240768,2138046464,2118123520,2134114304,2130706432,2831439067
2125463552,2140143616,2138046464,2121269248,2132803584,2150629376,2147483648,2130706432,2131230720,2140405760,2831455066
2132803584,2163212288,2163212288,2144337920,2138046464,2156920832,2154823680,2141192192,2150891520,2147745792,2831471091
2134900736,2165309440,2165309440,2149580800,2135949312,2153775104,2153775104,2138046464,2153775104,2145386496,2831487090
2142240768,2145386496,2142240768,2126512128,2128609280,2146435072,2142240768,2125463552,2139095040,2135687168,2831503092
2129657856,2136997888,2131755008,2112880640,2122317824,2140143616,2135949312,2114977792,2127822848,2128347136,2831519092
2132803584,2130706432,2127560704,2105540608,2123366400,2140143616,2135949312,2116026368,2124152832,2128871424,2831535112
2133852160,2138046464,2144337920,2118123520,2129657856,2148532224,2146435072,2128609280,2133590016,2138308608,2831552001
2143289344,2154823680,2146435072,2128609280,2136997888,2155872256,2153775104,2139095040,2143289344,2146435072,2831568001
2147483648,2161115136,2149580800,2144337920,2136997888,2155872256,2153775104,2139095040,2150629376,2146435072,2831584001
2127560704,2164260864,2160066560,2147483648,2130706432,2148532224,2146435072,2128609280,2149842944,2138570752,2831600001
2124414976,2153775104,2149580800,2123366400,2123366400,2141192192,2136997888,2116026368,2137784320,2129395712,2831616023
2123366400,2151677952,2141192192,2122317824,2123366400,2140143616,2135949312,2114977792,2134638592,2128609280,2831632023
2116026368,2147483648,2134900736,2128609280,2128609280,2146435072,2142240768,2124414976,2131755008,2135425024,2831648023
2134900736,2142240768,2141192192,2126512128,2135949312,2154823680,2153775104,2136997888,2136211456,2145386496,2831664023
2142240768,2147483648,2148532224,2133852160,2138046464,2156920832,2154823680,2141192192,2143027200,2147745792,2831680045
2149580800,2144337920,2146435072,2129657856,2132803584,2150629376,2148532224,2131755008,2142502912,2140930048,2831696045
2120220672,2150629376,2147483648,2135949312,2125463552,2141192192,2138046464,2118123520,2138570752,2130706432,2831712044
2132803584,2135949312,2128609280,2106589184,2122317824,2138046464,2134900736,2112880640,2125987840,2127036416,2831728047
2130706432,2134900736,2129657856,2111832064,2126512128,2144337920,2141192192,2122317824,2126774272,2133590016,2831744067
2141192192,2140143616,2138046464,2121269248,2134900736,2152726528,2151677952,2133852160,2135162880,2143289344,2831760068
2149580800,2149580800,2148532224,2134900736,2138046464,2156920832,2155872256,2142240768,2145648640,2148270080,2831776068
2148532224,2154823680,2147483648,2134900736,2133852160,2152726528,2151677952,2134900736,2146435072,2143289344,2831792066
2119172096,2155872256,2145386496,2136997888,2127560704,2142240768,2140143616,2120220672,2139357184,2132541440,2831808089
2129657856,2133852160,2132803584,2110783488,2122317824,2139095040,2134900736,2112880640,2126774272,2127298560,2831824089
2113929216,2141192192,2130706432,2120220672,2124414976,2142240768,2138046464,2118123520,2126512128,2130706432,2831840091
2122317824,2153775104,2149580800,2136997888,2132803584,2150629376,2149580800,2131755008,2140667904,2141192192,2831856090
2132803584,2151677952,2149580800,2134900736,2138046464,2155872256,2154823680,2140143616,2142240768,2147221504,2831872111
2143289344,2163212288,2160066560,2138046464,2135949312,2153775104,2153775104,2135949312,2151153664,2144862208,2831888111
2138046464,2141192192,2141192192,2122317824,2128609280,2145386496,2142240768,2123366400,2135687168,2134900736,2831905001
2118123520,2149580800,2146435072,2125463552,2122317824,2138046464,2135949312,2113929216,2134900736,2127560704,2831921001
2121269248,2133852160,2134900736,2113929216,2123366400,2140143616,2136997888,2117074944,2125987840,2129395712,2831937001
2134900736,2145386496,2140143616,2116026368,2131755008,2148532224,2146435072,2128609280,2134114304,2138832896,2831953024
2143289344,2155872256,2156920832,2135949312,2138046464,2156920832,2155872256,2140143616,2148007936,2147745792,2831969023
2131755008,2151677952,2152726528,2139095040,2136997888,2155872256,2153775104,2139095040,2143813632,2146435072,2831985023
2126512128,2154823680,2150629376,2140143616,2129657856,2148532224,2145386496,2127560704,2143027200,2137784320,2832001023
2127560704,2133852160,2132803584,2116026368,2123366400,2141192192,2134900736,2116026368,2127560704,2128871424,2832017046
2113929216,2145386496,2139095040,2124414976,2123366400,2140143616,2135949312,2114977792,2130706432,2128609280,2832033045
2120220672,2155872256,2151677952,2126512128,2128609280,2146435072,2144337920,2125463552,2138570752,2136211456,2832049045
2126512128,2155872256,2152726528,2143289344,2135949312,2153775104,2152726528,2138046464,2144600064,2145124352,2832065045
2131755008,2151677952,2153775104,2139095040,2138046464,2155872256,2155872256,2141192192,2144075776,2147745792,2832081067
2140143616,2150629376,2144337920,2132803584,2132803584,2149580800,2147483648,2130706432,2141978624,2140143616,2832097066
2122317824,2147483648,2154823680,2130706432,2123366400,2142240768,2138046464,2118123520,2138832896,2130444288,2832113066
2128609280,2132803584,2125463552,2109734912,2122317824,2139095040,2134900736,2113929216,2124152832,2127560704,2832129065
2129657856,2134900736,2131755008,2109734912,2127560704,2144337920,2140143616,2122317824,2126512128,2133590016,2832145091
2139095040,2146435072,2149580800,2126512128,2134900736,2152726528,2151677952,2134900736,2140405760,2143551488,2832161088
2144337920,2151677952,2148532224,2134900736,2138046464,2157969408,2156920832,2142240768,2144862208,2148794368,2832177091
2147483648,2157969408,2150629376,2142240768,2133852160,2151677952,2150629376,2133852160,2149580800,2142502912,2832193092
2136997888,2138046464,2136997888,2121269248,2125463552,2143289344,2139095040,2120220672,2133327872,2132017152,2832209114
2113929216,2149580800,2145386496,2128609280,2122317824,2138046464,2134900736,2112880640,2134376448,2127036416,2832225111
2131755008,2133852160,2129657856,2109734912,2125463552,2144337920,2139095040,2121269248,2126249984,2132541440,2832242001
2123366400,2163212288,2155872256,2143289344,2132803584,2152726528,2150629376,2133852160,2146435072,2142502912,2832258001
2129657856,2167406592,2160066560,2154823680,2138046464,2156920832,2155872256,2141192192,2152988672,2148007936,2832274001
2151677952,2148532224,2151677952,2132803584,2135949312,2152726528,2151677952,2134900736,2146172928,2143813632,2832290001
2123366400,2148532224,2147483648,2132803584,2127560704,2145386496,2142240768,2123366400,2138046464,2134638592,2832306023
2118123520,2151677952,2147483648,2128609280,2122317824,2139095040,2135949312,2113929216,2136473600,2127822848,2832322025
2129657856,2142240768,2127560704,2106589184,2124414976,2141192192,2138046464,2117074944,2126512128,2130182144,2832338022
2124414976,2151677952,2154823680,2129657856,2131755008,2149580800,2147483648,2130706432,2140143616,2139881472,2832354022
2133852160,2166358016,2162163712,2142240768,2138046464,2156920832,2154823680,2141192192,2151153664,2147745792,2832370046
2129657856,2170552320,2164260864,2155872256,2136997888,2154823680,2153775104,2139095040,2155085824,2146172928,2832386046
2132803584,2150629376,2157969408,2127560704,2128609280,2147483648,2144337920,2126512128,2142240768,2136735744,2832402048
2125463552,2136997888,2130706432,2113929216,2122317824,2139095040,2135949312,2114977792,2126774272,2128084992,2832418044
2128609280,2130706432,2127560704,2106589184,2123366400,2139095040,2134900736,2113929216,2123366400,2127822848,2832434065
2119172096,2135949312,2133852160,2117074944,2129657856,2147483648,2145386496,2126512128,2126512128,2137260032,2832450066
2127560704,2153775104,2151677952,2140143616,2136997888,2154823680,2152726528,2138046464,2143289344,2145648640,2832466067
2149580800,2150629376,2149580800,2132803584,2138046464,2155872256,2154823680,2139095040,2145648640,2146959360,2832482065
2141192192,2150629376,2155872256,2130706432,2131755008,2149580800,2147483648,2129657856,2144600064,2139619328,2832498090
2119172096,2155872256,2151677952,2133852160,2124414976,2141192192,2136997888,2117074944,2140143616,2129920000,2832514092
2114977792,2139095040,2128609280,2113929216,2121269248,2140143616,2134900736,2113929216,2124152832,2127560704,2832530093
2118123520,2139095040,2131755008,2118123520,2127560704,2145386496,2140143616,2123366400,2126774272,2134114304,2832546088
2140143616,2142240768,2142240768,2125463552,2134900736,2153775104,2151677952,2136997888,2137522176,2144337920,2832562113
2140143616,2149580800,2150629376,2136997888,2138046464,2155872256,2155872256,2140143616,2144337920,2147483648,2832579001
2141192192,2151677952,2159017984,2131755008,2132803584,2150629376,2149580800,2131755008,2145910784,2141192192,2832595001
2130706432,2153775104,2150629376,2126512128,2124414976,2143289344,2140143616,2119172096,2140405760,2131755008,2832611001
2124414976,2145386496,2135949312,2112880640,2122317824,2139095040,2134900736,2113929216,2129657856,2127560704,2832627001
2117074944,2149580800,2150629376,2128609280,2125463552,2143289344,2141192192,2121269248,2136473600,2132803584,2832643025
2126512128,2155872256,2157969408,2136997888,2133852160,2151677952,2149580800,2133852160,2144337920,2142240768,2832659024
2146435072,2150629376,2150629376,2134900736,2139095040,2155872256,2155872256,2140143616,2145648640,2147745792,2832675023
2132803584,2148532224,2148532224,2135949312,2134900736,2151677952,2151677952,2134900736,2141454336,2143289344,2832691023
2122317824,2147483648,2139095040,2130706432,2126512128,2144337920,2141192192,2122317824,2134900736,2133590016,2832707046
2117074944,2138046464,2129657856,2118123520,2122317824,2139095040,2133852160,2113929216,2125725696,2127298560,2832723045
2114977792,2147483648,2147483648,2121269248,2124414976,2141192192,2138046464,2118123520,2132803584,2130444288,2832739045
2122317824,2143289344,2147483648,2123366400,2131755008,2150629376,2148532224,2130706432,2134114304,2140405760,2832755047
2138046464,2149580800,2145386496,2132803584,2138046464,2155872256,2155872256,2141192192,2141454336,2147745792,2832771066
2141192192,2151677952,2147483648,2139095040,2136997888,2154823680,2153775104,2138046464,2144862208,2145910784,2832787067
2136997888,2145386496,2141192192,2128609280,2129657856,2145386496,2143289344,2124414976,2138046464,2135687168,2832803065
2135949312,2133852160,2130706432,2110783488,2123366400,2139095040,2134900736,2113929216,2127822848,2127822848,2832819066
2126512128,2130706432,2127560704,2104492032,2122317824,2140143616,2135949312,2116026368,2122317824,2128609280,2832835090
2126512128,2146435072,2150629376,2121269248,2129657856,2148532224,2146435072,2127560704,2136211456,2138046464,2832851092
2139095040,2155872256,2155872256,2132803584,2136997888,2155872256,2154823680,2139095040,2145910784,2146697216,2832867087
2147483648,2147483648,2149580800,2133852160,2138046464,2154823680,2154823680,2139095040,2144600064,2146697216,2832883091
2127560704,2151677952,2148532224,2135949312,2130706432,2148532224,2146435072,2128609280,2140930048,2138570752,2832899115
2135949312,2142240768,2133852160,2112880640,2123366400,2141192192,2138046464,2116026368,2131230720,2129657856,2832915115
2129657856,2133852160,2129657856,2108686336,2122317824,2139095040,2134900736,2114977792,2125463552,2127822848,2832932001
2128609280,2134900736,2134900736,2113929216,2128609280,2146435072,2143289344,2125463552,2128084992,2135949312,2832948001
2143289344,2146435072,2146435072,2126512128,2136997888,2153775104,2153775104,2136997888,2140667904,2145386496,2832964001
2134900736,2167406592,2167406592,2150629376,2138046464,2155872256,2155872256,2140143616,2155085824,2147483648,2832980023
2129657856,2160066560,2150629376,2147483648,2132803584,2150629376,2147483648,2131755008,2146959360,2140667904,2832996025
2130706432,2154823680,2146435072,2127560704,2124414976,2142240768,2139095040,2119172096,2139881472,2131230720,2833012023
2129657856,2132803584,2127560704,2105540608,2121269248,2139095040,2133852160,2113929216,2123890688,2127036416,2833028023
2119172096,2150629376,2144337920,2125463552,2126512128,2144337920,2141192192,2121269248,2134900736,2133327872,2833044045
2140143616,2140143616,2140143616,2121269248,2133852160,2152726528,2150629376,2134900736,2135425024,2143027200,2833060045
2134900736,2165309440,2168455168,2153775104,2138046464,2156920832,2155872256,2142240768,2155610112,2148270080,2833076045
2141192192,2151677952,2159017984,2132803584,2134900736,2151677952,2150629376,2133852160,2146172928,2142765056,2833092045
2133852160,2141192192,2141192192,2122317824,2127560704,2144337920,2141192192,2121269248,2134638592,2133590016,2833108066
2123366400,2146435072,2145386496,2123366400,2121269248,2139095040,2134900736,2112880640,2134638592,2127036416,2833124064
2112880640,2156920832,2147483648,2125463552,2124414976,2143289344,2139095040,2119172096,2135687168,2131492864,2833140066
2124414976,2148532224,2149580800,2130706432,2132803584,2150629376,2148532224,2131755008,2138308608,2140930048,2833156070
2143289344,2154823680,2156920832,2134900736,2138046464,2155872256,2154823680,2140143616,2147483648,2147221504,2833172087
2132803584,2154823680,2161115136,2142240768,2135949312,2154823680,2152726528,2138046464,2147745792,2145386496,2833188085
2124414976,2148532224,2147483648,2131755008,2128609280,2145386496,2143289344,2124414976,2138046464,2135425024,2833204087
2118123520,2154823680,2145386496,2132803584,2122317824,2139095040,2134900736,2114977792,2137784320,2127822848,2833220087
2124414976,2131755008,2132803584,2108686336,2123366400,2139095040,2136997888,2114977792,2124414976,2128609280,2833236113
2117074944,2143289344,2139095040,2124414976,2130706432,2148532224,2146435072,2128609280,2130968576,2138570752,2833252112
2143289344,2149580800,2152726528,2130706432,2138046464,2154823680,2154823680,2139095040,2144075776,2146697216,2833269001
2131755008,2168455168,2171600896,2146435072,2135949312,2155872256,2153775104,2140143616,2154561536,2146435072,2833285001
2142240768,2147483648,2141192192,2127560704,2130706432,2146435072,2145386496,2126512128,2139619328,2137260032,2833301001
2131755008,2133852160,2130706432,2110783488,2123366400,2141192192,2136997888,2116026368,2126774272,2129395712,2833317000
2112880640,2144337920,2139095040,2121269248,2122317824,2140143616,2135949312,2114977792,2129395712,2128347136,2833333024
2117074944,2148532224,2143289344,2130706432,2128609280,2147483648,2144337920,2126512128,2134900736,2136735744,2833349024
2134900736,2160066560,2157969408,2142240768,2135949312,2154823680,2153775104,2139095040,2148794368,2145910784,2833365024
2133852160,2148532224,2155872256,2133852160,2138046464,2155872256,2155872256,2140143616,2143027200,2147483648,2833381023
2129657856,2164260864,2150629376,2149580800,2131755008,2149580800,2147483648,2130706432,2148532224,2139881472,2833397047
2122317824,2148532224,2154823680,2130706432,2123366400,2142240768,2138046464,2118123520,2139095040,2130444288,2833413047
2116026368,2147483648,2148532224,2122317824,2122317824,2139095040,2134900736,2114977792,2133590016,2127822848,2833429046
2119172096,2131755008,2134900736,2111832064,2127560704,2144337920,2142240768,2122317824,2124414976,2134114304,2833445045
2125463552,2160066560,2161115136,2143289344,2134900736,2153775104,2151677952,2135949312,2147483648,2144075776,2833461068
2139095040,2165309440,2163212288,2142240768,2139095040,2156920832,2156920832,2140143616,2152464384,2148270080,2833477067
2139095040,2164260864,2159017984,2146435072,2134900736,2151677952,2150629376,2132803584,2152202240,2142502912,2833493067
2121269248,2147483648,2145386496,2126512128,2125463552,2143289344,2140143616,2121269248,2135162880,2132541440,2833509067
2113929216,2151677952,2143289344,2127560704,2121269248,2139095040,2134900736,2114977792,2134114304,2127560704,2833525091
2116026368,2150629376,2147483648,2126512128,2124414976,2142240768,2139095040,2119172096,2135162880,2131230720,2833541087
2142240768,2142240768,2142240768,2120220672,2132803584,2151677952,2149580800,2132803584,2136735744,2141716480,2833557088
2142240768,2151677952,2156920832,2131755008,2138046464,2156920832,2155872256,2141192192,2145648640,2148007936,2833573086
2130706432,2163212288,2161115136,2148532224,2135949312,2153775104,2152726528,2136997888,2150891520,2144862208,2833589113
2138046464,2142240768,2139095040,2121269248,2127560704,2144337920,2141192192,2122317824,2135162880,2133852160,2833606001
2127560704,2148532224,2143289344,2121269248,2122317824,2139095040,2134900736,2112880640,2135162880,2127298560,2833622001
2127560704,2130706432,2130706432,2105540608,2124414976,2140143616,2138046464,2116026368,2123628544,2129657856,2833638000
2121269248,2148532224,2151677952,2130706432,2131755008,2148532224,2147483648,2130706432,2138046464,2139619328,2833654001
2146435072,2153775104,2146435072,2130706432,2138046464,2155872256,2155872256,2139095040,2144337920,2147221504,2833670024
2149580800,2160066560,2150629376,2135949312,2136997888,2153775104,2153775104,2138046464,2149056512,2145648640,2833686023
2125463552,2157969408,2155872256,2144337920,2129657856,2147483648,2145386496,2127560704,2145910784,2137522176,2833702022
2117074944,2147483648,2148532224,2128609280,2122317824,2140143616,2135949312,2114977792,2135425024,2128347136,2833718024
2119172096,2148532224,2145386496,2121269248,2123366400,2140143616,2135949312,2114977792,2133590016,2128609280,2833734044
2128609280,2135949312,2130706432,2116026368,2130706432,2146435072,2144337920,2125463552,2127822848,2136735744,2833750047
2140143616,2142240768,2142240768,2126512128,2135949312,2155872256,2154823680,2139095040,2137784320,2146435072,2833766043
2151677952,2159017984,2150629376,2134900736,2138046464,2155872256,2153775104,2140143616,2149056512,2146959360,2833782045
2127560704,2162163712,2161115136,2144337920,2130706432,2149580800,2147483648,2129657856,2148794368,2139357184,2833798067
2136997888,2138046464,2135949312,2118123520,2124414976,2141192192,2136997888,2117074944,2132279296,2129920000,2833814065
2125463552,2131755008,2125463552,2107637760,2122317824,2139095040,2134900736,2113929216,2122579968,2127560704,2833830065
2117074944,2140143616,2129657856,2120220672,2126512128,2144337920,2142240768,2122317824,2126774272,2133852160,2833846066
2136997888,2142240768,2141192192,2126512128,2134900736,2152726528,2151677952,2135949312,2136735744,2143813632,2833862088
2130706432,2165309440,2161115136,2152726528,2136997888,2156920832,2156920832,2141192192,2152464384,2148007936,2833878088
2130706432,2168455168,2166358016,2151677952,2133852160,2151677952,2149580800,2132803584,2154299392,2141978624,2833894085
2122317824,2144337920,2139095040,2124414976,2126512128,2142240768,2139095040,2119172096,2132541440,2131755008,2833910087
2116026368,2142240768,2129657856,2123366400,2121269248,2138046464,2134900736,2112880640,2127822848,2126774272,2833926111
2119172096,2150629376,2146435072,2124414976,2125463552,2143289344,2140143616,2119172096,2135162880,2132017152,2833942112
2141192192,2149580800,2140143616,2128609280,2133852160,2152726528,2150629376,2134900736,2139881472,2143027200,2833959001
2147483648,2151677952,2159017984,2131755008,2138046464,2156920832,2156920832,2142240768,2147483648,2148532224,2833975001
2148532224,2151677952,2159017984,2132803584,2133852160,2153775104,2151677952,2135949312,2148007936,2143813632,2833991001
2138046464,2151677952,2144337920,2127560704,2126512128,2144337920,2141192192,2122317824,2140405760,2133590016,2834007024
2116026368,2157969408,2147483648,2131755008,2122317824,2139095040,2134900736,2113929216,2138308608,2127560704,2834023024
2123366400,2147483648,2140143616,2121269248,2124414976,2142240768,2139095040,2118123520,2133065728,2130968576,2834039025
2138046464,2141192192,2135949312,2118123520,2131755008,2150629376,2147483648,2130706432,2133327872,2140143616,2834055024
2129657856,2150629376,2147483648,2136997888,2136997888,2156920832,2155872256,2141192192,2141192192,2147745792,2834071044
2130706432,2173698048,2162163712,2151677952,2136997888,2153775104,2153775104,2136997888,2154561536,2145386496,2834087044
2131755008,2147483648,2142240768,2130706432,2129657856,2145386496,2143289344,2124414976,2138046464,2135687168,2834103045
2131755008,2133852160,2130706432,2108686336,2124414976,2139095040,2135949312,2113929216,2126249984,2128347136,2834119046
2117074944,2140143616,2143289344,2119172096,2123366400,2140143616,2136997888,2116026368,2129920000,2129133568,2834135069
2136997888,2142240768,2138046464,2116026368,2129657856,2148532224,2145386496,2128609280,2133327872,2138046464,2834151066
2134900736,2163212288,2159017984,2142240768,2136997888,2155872256,2154823680,2139095040,2149842944,2146697216,2834167068
2131755008,2152726528,2148532224,2141192192,2136997888,2155872256,2155872256,2140143616,2143551488,2147221504,2834183066
2139095040,2157969408,2157969408,2139095040,2130706432,2149580800,2146435072,2129657856,2148532224,2139095040,2834199087
2139095040,2134900736,2132803584,2112880640,2124414976,2140143616,2136997888,2117074944,2129920000,2129657856,2834215087
2119172096,2150629376,2142240768,2123366400,2122317824,2139095040,2134900736,2114977792,2133852160,2127822848,2834231088
2118123520,2140143616,2143289344,2122317824,2127560704,2145386496,2142240768,2123366400,2130968576,2134638592,2834247087
2125463552,2147483648,2144337920,2129657856,2135949312,2154823680,2152726528,2138046464,2136735744,2145386496,2834263113
2149580800,2148532224,2161115136,2131755008,2138046464,2155872256,2155872256,2140143616,2147745792,2147483648,2834279112
2147483648,2152726528,2151677952,2129657856,2132803584,2150629376,2148532224,2131755008,2145386496,2140930048,2834296001
2136997888,2139095040,2134900736,2114977792,2124414976,2142240768,2139095040,2118123520,2131492864,2130968576,2834312001
2129657856,2130706432,2129657856,2105540608,2121269248,2138046464,2134900736,2113929216,2123890688,2127036416,2834328001
2133852160,2131755008,2131755008,2108686336,2126512128,2143289344,2140143616,2121269248,2126512128,2132803584,2834344000
2145386496,2143289344,2142240768,2123366400,2133852160,2152726528,2149580800,2135949312,2138570752,2143027200,2834360022
2143289344,2161115136,2159017984,2146435072,2138046464,2156920832,2155872256,2141192192,2152464384,2148007936,2834376023
2132803584,2148532224,2149580800,2134900736,2133852160,2151677952,2150629376,2134900736,2141454336,2142765056,2834392023
2125463552,2155872256,2159017984,2136997888,2126512128,2144337920,2140143616,2122317824,2144337920,2133327872,2834408023
2124414976,2132803584,2130706432,2108686336,2121269248,2139095040,2134900736,2113929216,2124152832,2127298560,2834424046
2116026368,2139095040,2142240768,2113929216,2124414976,2142240768,2138046464,2119172096,2127822848,2130968576,2834440046
2135949312,2138046464,2135949312,2117074944,2133852160,2150629376,2148532224,2131755008,2131755008,2141192192,2834456045
2138046464,2149580800,2147483648,2134900736,2138046464,2155872256,2154823680,2140143616,2142502912,2147221504,2834472045
2143289344,2148532224,2150629376,2133852160,2135949312,2153775104,2153775104,2136997888,2144075776,2145124352,2834488065
2126512128,2149580800,2155872256,2134900736,2128609280,2145386496,2143289344,2123366400,2141716480,2135162880,2834504066
