2141192192,2142240768,2140143616,2118123520,2128609280,2148532224,2145386496,2127560704,2135425024,2137522176,2835611090
2138046464,2143289344,2138046464,2122317824,2129657856,2146435072,2145386496,2126512128,2135425024,2136997888,2835627088
2126512128,2160066560,2157969408,2139095040,2129657856,2148532224,2145386496,2127560704,2145910784,2137784320,2835643110
2140143616,2140143616,2138046464,2120220672,2129657856,2148532224,2145386496,2127560704,2134638592,2137784320,2835660001
2125463552,2143289344,2138046464,2126512128,2129657856,2148532224,2145386496,2127560704,2133327872,2137784320,2835676001
2122317824,2143289344,2140143616,2126512128,2129657856,2147483648,2145386496,2127560704,2133065728,2137522176,2835692001
2121269248,2160066560,2142240768,2143289344,2129657856,2147483648,2145386496,2127560704,2141716480,2137522176,2835708001
2127560704,2154823680,2154823680,2132803584,2129657856,2148532224,2145386496,2127560704,2142502912,2137784320,2835724024
2123366400,2142240768,2147483648,2124414976,2128609280,2148532224,2145386496,2128609280,2134376448,2137784320,2835740023
2129657856,2160066560,2155872256,2141192192,2129657856,2147483648,2145386496,2126512128,2146697216,2137260032,2835756022
2122317824,2155872256,2149580800,2138046464,2130706432,2147483648,2145386496,2127560704,2141454336,2137784320,2835772025
2126512128,2157969408,2156920832,2141192192,2127560704,2147483648,2143289344,2126512128,2145648640,2136211456,2835788045
2125463552,2136997888,2130706432,2113929216,2121269248,2138046464,2133852160,2112880640,2126774272,2126512128,2835804045
2134900736,2128609280,2128609280,2102394880,2121269248,2139095040,2133852160,2112880640,2123628544,2126774272,2835820044
2129657856,2132803584,2131755008,2114977792,2129657856,2146435072,2144337920,2126512128,2127298560,2136735744,2835836044
2138046464,2142240768,2143289344,2127560704,2136997888,2156920832,2155872256,2141192192,2137784320,2147745792,2835852066
2131755008,2157969408,2162163712,2143289344,2138046464,2157969408,2156920832,2142240768,2148794368,2148794368,2835868066
2138046464,2149580800,2144337920,2132803584,2131755008,2148532224,2147483648,2129657856,2141192192,2139357184,2835884067
2139095040,2141192192,2135949312,2116026368,2123366400,2139095040,2135949312,2114977792,2133065728,2128347136,2835900068
2132803584,2127560704,2126512128,2102394880,2121269248,2136997888,2132803584,2110783488,2122317824,2125463552,2835916088
2116026368,2132803584,2138046464,2110783488,2126512128,2144337920,2141192192,2123366400,2124414976,2133852160,2835932087
2138046464,2154823680,2146435072,2129657856,2135949312,2153775104,2152726528,2136997888,2142240768,2144862208,2835948086
2145386496,2150629376,2149580800,2139095040,2140143616,2157969408,2157969408,2143289344,2146172928,2149842944,2835964088
2146435072,2149580800,2149580800,2131755008,2133852160,2151677952,2150629376,2134900736,2144337920,2142765056,2835980109
2119172096,2155872256,2143289344,2139095040,2124414976,2142240768,2138046464,2119172096,2139357184,2130968576,2835996109
2114977792,2147483648,2135949312,2124414976,2119172096,2138046464,2132803584,2111832064,2130706432,2125463552,2836013001
2129657856,2131755008,2128609280,2108686336,2125463552,2143289344,2139095040,2120220672,2124677120,2132017152,2836029001
2129657856,2140143616,2139095040,2121269248,2133852160,2153775104,2151677952,2134900736,2132541440,2143551488,2836045001
2139095040,2156920832,2168455168,2136997888,2140143616,2157969408,2157969408,2143289344,2150367232,2149842944,2836061024
2131755008,2152726528,2151677952,2135949312,2135949312,2154823680,2152726528,2136997888,2143027200,2145124352,2836077023
2124414976,2147483648,2156920832,2129657856,2126512128,2144337920,2141192192,2121269248,2139619328,2133327872,2836093023
2114977792,2133852160,2132803584,2111832064,2121269248,2136997888,2132803584,2109734912,2123366400,2125201408,2836109023
2112880640,2140143616,2134900736,2117074944,2123366400,2140143616,2135949312,2117074944,2126249984,2129133568,2836125046
2124414976,2135949312,2134900736,2119172096,2132803584,2150629376,2148532224,2131755008,2128609280,2140930048,2836141045
2134900736,2166358016,2168455168,2146435072,2139095040,2157969408,2157969408,2143289344,2154037248,2149580800,2836157047
2135949312,2167406592,2171600896,2151677952,2138046464,2155872256,2155872256,2140143616,2156658688,2147483648,2836173046
2124414976,2157969408,2153775104,2142240768,2128609280,2146435072,2144337920,2125463552,2144600064,2136211456,2836189065
2118123520,2134900736,2132803584,2113929216,2121269248,2138046464,2133852160,2112880640,2124939264,2126512128,2836205065
2114977792,2143289344,2135949312,2118123520,2121269248,2139095040,2134900736,2113929216,2128084992,2127298560,2836221067
2135949312,2146435072,2132803584,2113929216,2129657856,2148532224,2144337920,2127560704,2132279296,2137522176,2836237066
2133852160,2148532224,2148532224,2134900736,2136997888,2156920832,2156920832,2141192192,2141454336,2148007936,2836253089
2150629376,2152726528,2151677952,2139095040,2139095040,2157969408,2156920832,2142240768,2148532224,2149056512,2836269086
2130706432,2165309440,2165309440,2141192192,2130706432,2148532224,2147483648,2129657856,2150629376,2139095040,2836285088
2128609280,2150629376,2148532224,2121269248,2123366400,2139095040,2135949312,2113929216,2137260032,2128084992,2836301089
2112880640,2136997888,2134900736,2116026368,2120220672,2138046464,2133852160,2111832064,2125201408,2125987840,2836317109
2129657856,2131755008,2128609280,2108686336,2127560704,2145386496,2142240768,2124414976,2124677120,2134900736,2836333106
2126512128,2164260864,2160066560,2143289344,2136997888,2155872256,2154823680,2139095040,2148532224,2146697216,2836350001
2130706432,2161115136,2160066560,2150629376,2139095040,2157969408,2156920832,2143289344,2150629376,2149318656,2836366001
2131755008,2154823680,2147483648,2139095040,2133852160,2151677952,2148532224,2132803584,2143289344,2141716480,2836382001
2120220672,2155872256,2147483648,2139095040,2124414976,2140143616,2136997888,2117074944,2140667904,2129657856,2836398001
2113929216,2138046464,2136997888,2117074944,2121269248,2136997888,2132803584,2110783488,2126512128,2125463552,2836414022
2130706432,2131755008,2131755008,2106589184,2126512128,2142240768,2140143616,2120220672,2125201408,2132279296,2836430023
2129657856,2140143616,2141192192,2122317824,2133852160,2153775104,2151677952,2135949312,2133327872,2143813632,2836446023
2136997888,2169503744,2163212288,2146435072,2139095040,2159017984,2156920832,2144337920,2154037248,2149842944,2836462022
2133852160,2157969408,2168455168,2144337920,2134900736,2153775104,2152726528,2136997888,2151153664,2144600064,2836478046
2136997888,2139095040,2136997888,2117074944,2125463552,2144337920,2140143616,2120220672,2132541440,2132541440,2836494047
2112880640,2147483648,2136997888,2126512128,2119172096,2136997888,2132803584,2111832064,2130968576,2125201408,2836510046
2130706432,2129657856,2129657856,2104492032,2123366400,2140143616,2136997888,2116026368,2123628544,2129133568,2836526046
2122317824,2147483648,2147483648,2132803584,2132803584,2151677952,2148532224,2132803584,2137522176,2141454336,2836542069
2138046464,2148532224,2148532224,2134900736,2140143616,2157969408,2157969408,2143289344,2142502912,2149842944,2836558066
2132803584,2163212288,2162163712,2153775104,2136997888,2154823680,2153775104,2139095040,2152988672,2146172928,2836574069
2125463552,2152726528,2155872256,2140143616,2128609280,2145386496,2142240768,2123366400,2143551488,2134900736,2836590065
2124414976,2132803584,2129657856,2111832064,2121269248,2138046464,2133852160,2111832064,2124677120,2126249984,2836606087
2126512128,2145386496,2133852160,2114977792,2123366400,2139095040,2133852160,2113929216,2130182144,2127560704,2836622088
2118123520,2161115136,2151677952,2134900736,2130706432,2148532224,2146435072,2128609280,2141454336,2138570752,2836638090
2139095040,2154823680,2156920832,2134900736,2139095040,2156920832,2156920832,2140143616,2146435072,2148270080,2836654086
2139095040,2167406592,2167406592,2152726528,2138046464,2156920832,2155872256,2142240768,2156658688,2148270080,2836670111
2126512128,2151677952,2149580800,2134900736,2130706432,2147483648,2145386496,2127560704,2140667904,2137784320,2836687001
2130706432,2149580800,2144337920,2126512128,2122317824,2139095040,2134900736,2112880640,2137784320,2127298560,2836703001
2113929216,2138046464,2127560704,2119172096,2120220672,2138046464,2133852160,2112880640,2124677120,2126249984,2836719001
2118123520,2150629376,2155872256,2129657856,2127560704,2147483648,2144337920,2126512128,2138570752,2136473600,2836735001
2142240768,2144337920,2141192192,2128609280,2135949312,2156920832,2154823680,2140143616,2139095040,2146959360,2836751023
2152726528,2148532224,2152726528,2136997888,2138046464,2159017984,2157969408,2143289344,2147745792,2149580800,2836767024
2130706432,2155872256,2160066560,2145386496,2132803584,2150629376,2148532224,2131755008,2148007936,2140930048,2836783023
2121269248,2155872256,2154823680,2134900736,2123366400,2141192192,2136997888,2117074944,2141716480,2129657856,2836799023
2131755008,2131755008,2129657856,2104492032,2121269248,2136997888,2132803584,2109734912,2124414976,2125201408,2836815046
2121269248,2146435072,2145386496,2121269248,2125463552,2144337920,2141192192,2122317824,2133590016,2133327872,2836831045
2124414976,2162163712,2157969408,2145386496,2134900736,2154823680,2152726528,2136997888,2147483648,2144862208,2836847046
2131755008,2162163712,2156920832,2149580800,2139095040,2159017984,2157969408,2144337920,2150105088,2150105088,2836863046
2136997888,2165309440,2163212288,2146435072,2134900736,2152726528,2151677952,2134900736,2152988672,2143551488,2836879068
2124414976,2157969408,2157969408,2133852160,2125463552,2143289344,2139095040,2120220672,2143551488,2132017152,2836895067
2118123520,2146435072,2144337920,2118123520,2119172096,2136997888,2132803584,2110783488,2131755008,2124939264,2836911066
2120220672,2132803584,2127560704,2106589184,2124414976,2141192192,2136997888,2117074944,2121793536,2129920000,2836927067
2123366400,2154823680,2155872256,2136997888,2133852160,2150629376,2150629376,2132803584,2142765056,2141978624,2836943087
2145386496,2149580800,2150629376,2133852160,2139095040,2157969408,2157969408,2143289344,2144862208,2149580800,2836959090
2132803584,2157969408,2154823680,2145386496,2135949312,2154823680,2153775104,2138046464,2147745792,2145648640,2836975089
2125463552,2144337920,2147483648,2128609280,2128609280,2144337920,2142240768,2123366400,2136473600,2134638592,2836991088
2122317824,2144337920,2146435072,2112880640,2120220672,2138046464,2133852160,2111832064,2131492864,2125987840,2837007110
2111832064,2147483648,2134900736,2119172096,2122317824,2140143616,2135949312,2113929216,2128347136,2128084992,2837023110
2139095040,2140143616,2135949312,2116026368,2131755008,2148532224,2147483648,2130706432,2132803584,2139619328,2837040000
2143289344,2149580800,2145386496,2132803584,2139095040,2156920832,2156920832,2142240768,2142765056,2148794368,2837056001
2134900736,2152726528,2151677952,2143289344,2138046464,2155872256,2154823680,2140143616,2145648640,2147221504,2837072001
2127560704,2152726528,2150629376,2139095040,2128609280,2147483648,2145386496,2126512128,2142502912,2136997888,2837088023
2119172096,2157969408,2152726528,2123366400,2121269248,2139095040,2134900736,2112880640,2138308608,2127036416,2837104022
2116026368,2146435072,2148532224,2120220672,2121269248,2138046464,2134900736,2113929216,2132803584,2127036416,2837120023
2118123520,2150629376,2151677952,2120220672,2129657856,2146435072,2144337920,2126512128,2135162880,2136735744,2837136024
2133852160,2146435072,2144337920,2129657856,2136997888,2156920832,2155872256,2141192192,2138570752,2147745792,2837152045
2146435072,2151677952,2149580800,2135949312,2140143616,2156920832,2156920832,2142240768,2145910784,2149056512,2837168046
2127560704,2155872256,2147483648,2143289344,2131755008,2149580800,2147483648,2130706432,2143551488,2139881472,2837184045
2121269248,2138046464,2138046464,2120220672,2121269248,2141192192,2136997888,2116026368,2129395712,2128871424,2837200045
2130706432,2142240768,2135949312,2110783488,2119172096,2138046464,2133852160,2112880640,2129920000,2125987840,2837216066
2118123520,2152726528,2147483648,2125463552,2126512128,2145386496,2142240768,2123366400,2135949312,2134376448,2837232066
2134900736,2159017984,2155872256,2143289344,2136997888,2154823680,2153775104,2138046464,2148270080,2145910784,2837248067
2130706432,2163212288,2157969408,2152726528,2139095040,2157969408,2157969408,2143289344,2151153664,2149580800,2837264067
2139095040,2161115136,2165309440,2138046464,2133852160,2152726528,2150629376,2133852160,2150891520,2142765056,2837280090
2122317824,2138046464,2141192192,2121269248,2125463552,2141192192,2138046464,2118123520,2130706432,2130706432,2837296086
2113929216,2131755008,2131755008,2108686336,2119172096,2136997888,2132803584,2110783488,2121531392,2124939264,2837312088
2114977792,2130706432,2134900736,2108686336,2124414976,2141192192,2139095040,2118123520,2122317824,2130706432,2837328088
2121269248,2159017984,2143289344,2142240768,2133852160,2152726528,2150629376,2134900736,2141454336,2143027200,2837344109
2131755008,2172649472,2168455168,2153775104,2139095040,2159017984,2157969408,2144337920,2156658688,2150105088,2837360106
2131755008,2155872256,2156920832,2143289344,2135949312,2152726528,2151677952,2135949312,2146959360,2144075776,2837377001
2122317824,2157969408,2149580800,2143289344,2126512128,2144337920,2141192192,2122317824,2143289344,2133590016,2837393001
2116026368,2133852160,2129657856,2111832064,2120220672,2138046464,2132803584,2110783488,2122842112,2125463552,2837409001
2114977792,2146435072,2144337920,2121269248,2123366400,2140143616,2136997888,2116026368,2131755008,2129133568,2837425000
2120220672,2151677952,2150629376,2130706432,2132803584,2149580800,2147483648,2130706432,2138308608,2140143616,2837441022
2147483648,2149580800,2154823680,2133852160,2138046464,2157969408,2157969408,2143289344,2146435072,2149318656,2837457023
2132803584,2154823680,2154823680,2142240768,2136997888,2155872256,2154823680,2140143616,2146172928,2146959360,2837473024
2146435072,2143289344,2142240768,2125463552,2129657856,2145386496,2143289344,2125463552,2139357184,2135949312,2837489022
2129657856,2133852160,2131755008,2111832064,2120220672,2138046464,2133852160,2112880640,2126774272,2126249984,2837505046
2122317824,2129657856,2123366400,2104492032,2121269248,2139095040,2134900736,2113929216,2119958528,2127298560,2837521046
2117074944,2154823680,2145386496,2136997888,2129657856,2148532224,2145386496,2127560704,2138570752,2137784320,2837537047
2146435072,2144337920,2144337920,2127560704,2139095040,2156920832,2155872256,2140143616,2140667904,2148007936,2837553044
2132803584,2155872256,2155872256,2143289344,2139095040,2156920832,2155872256,2141192192,2146959360,2148270080,2837569068
2127560704,2168455168,2157969408,2151677952,2130706432,2149580800,2147483648,2130706432,2151415808,2139619328,2837585066
2133852160,2138046464,2140143616,2116026368,2122317824,2140143616,2134900736,2114977792,2132017152,2128084992,2837601067
2123366400,2149580800,2143289344,2117074944,2120220672,2138046464,2133852160,2111832064,2133327872,2125987840,2837617067
2130706432,2150629376,2144337920,2121269248,2127560704,2144337920,2142240768,2124414976,2136735744,2134638592,2837633086
2143289344,2145386496,2146435072,2123366400,2136997888,2154823680,2153775104,2138046464,2139619328,2145910784,2837649088
2146435072,2152726528,2151677952,2139095040,2139095040,2159017984,2157969408,2143289344,2147483648,2149842944,2837665089
2143289344,2164260864,2161115136,2145386496,2133852160,2150629376,2149580800,2132803584,2153512960,2141716480,2837681087
2122317824,2141192192,2145386496,2122317824,2124414976,2141192192,2138046464,2117074944,2132803584,2130182144,2837697109
2114977792,2135949312,2139095040,2114977792,2120220672,2136997888,2132803584,2111832064,2126249984,2125463552,2837714001
2119172096,2134900736,2128609280,2111832064,2126512128,2143289344,2140143616,2120220672,2123628544,2132541440,2837730001
2132803584,2142240768,2138046464,2124414976,2134900736,2153775104,2151677952,2135949312,2134376448,2144075776,2837746001
2135949312,2163212288,2167406592,2146435072,2140143616,2157969408,2157969408,2142240768,2153250816,2149580800,2837762001
2132803584,2172649472,2165309440,2150629376,2134900736,2153775104,2152726528,2135949312,2155347968,2144337920,2837778022
2126512128,2138046464,2141192192,2123366400,2126512128,2143289344,2140143616,2120220672,2132279296,2132541440,2837794023
2116026368,2147483648,2143289344,2124414976,2120220672,2136997888,2132803584,2110783488,2132803584,2125201408,2837810022
2124414976,2146435072,2142240768,2120220672,2123366400,2141192192,2136997888,2117074944,2133327872,2129657856,2837826022
2135949312,2149580800,2142240768,2129657856,2132803584,2151677952,2149580800,2133852160,2139357184,2141978624,2837842045
2144337920,2147483648,2147483648,2133852160,2139095040,2157969408,2156920832,2143289344,2143289344,2149318656,2837858045
2138046464,2150629376,2147483648,2138046464,2135949312,2155872256,2154823680,2139095040,2143551488,2146435072,2837874044
2125463552,2147483648,2144337920,2133852160,2128609280,2145386496,2142240768,2124414976,2137784320,2135162880,2837890045
2116026368,2141192192,2131755008,2122317824,2121269248,2138046464,2133852160,2112880640,2127822848,2126512128,2837906066
2113929216,2147483648,2136997888,2126512128,2121269248,2139095040,2135949312,2113929216,2131230720,2127560704,2837922066
2118123520,2150629376,2144337920,2131755008,2130706432,2148532224,2145386496,2129657856,2136211456,2138570752,2837938065
2143289344,2160066560,2152726528,2140143616,2139095040,2155872256,2155872256,2141192192,2149056512,2148007936,2837954067
2146435072,2150629376,2151677952,2140143616,2138046464,2156920832,2155872256,2141192192,2147221504,2148007936,2837970086
2143289344,2146435072,2143289344,2126512128,2130706432,2147483648,2145386496,2126512128,2139881472,2137522176,2837986089
2118123520,2150629376,2142240768,2130706432,2122317824,2140143616,2134900736,2113929216,2135425024,2127822848,2838002088
2114977792,2149580800,2144337920,2119172096,2121269248,2138046464,2133852160,2111832064,2132017152,2126249984,2838018091
2135949312,2133852160,2136997888,2111832064,2127560704,2145386496,2143289344,2124414976,2129657856,2135162880,2838034109
2146435072,2143289344,2146435072,2125463552,2136997888,2154823680,2154823680,2139095040,2140405760,2146435072,2838050109
2143289344,2163212288,2164260864,2144337920,2139095040,2156920832,2156920832,2142240768,2153775104,2148794368,2838067001
2132803584,2163212288,2166358016,2146435072,2132803584,2150629376,2148532224,2131755008,2152202240,2140930048,2838083001
2130706432,2152726528,2150629376,2128609280,2123366400,2141192192,2138046464,2117074944,2140667904,2129920000,2838099001
2127560704,2129657856,2126512128,2105540608,2122317824,2135949312,2132803584,2110783488,2122317824,2125463552,2838115022
2114977792,2152726528,2140143616,2129657856,2125463552,2143289344,2141192192,2121269248,2134376448,2132803584,2838131022
2126512128,2149580800,2150629376,2133852160,2136997888,2153775104,2151677952,2135949312,2140143616,2144600064,2838147024
2131755008,2160066560,2152726528,2150629376,2140143616,2156920832,2157969408,2143289344,2148794368,2149580800,2838163025
2146435072,2148532224,2149580800,2134900736,2134900736,2152726528,2150629376,2135949312,2144862208,2143551488,2838179045
2139095040,2141192192,2136997888,2118123520,2124414976,2143289344,2140143616,2120220672,2133852160,2132017152,2838195044
2133852160,2132803584,2133852160,2105540608,2119172096,2138046464,2133852160,2111832064,2126512128,2125725696,2838211045
2114977792,2131755008,2131755008,2108686336,2123366400,2142240768,2138046464,2118123520,2121793536,2130444288,2838227046
2125463552,2143289344,2135949312,2124414976,2133852160,2151677952,2149580800,2132803584,2132279296,2141978624,2838243068
2138046464,2149580800,2151677952,2133852160,2140143616,2156920832,2156920832,2142240768,2143289344,2149056512,2838259065
2131755008,2161115136,2157969408,2150629376,2136997888,2154823680,2153775104,2139095040,2150367232,2146172928,2838275067
2130706432,2159017984,2156920832,2139095040,2127560704,2146435072,2142240768,2124414976,2146435072,2135162880,2838291068
2127560704,2144337920,2142240768,2117074944,2120220672,2136997888,2133852160,2111832064,2132803584,2125725696,2838307088
2112880640,2147483648,2141192192,2123366400,2122317824,2139095040,2135949312,2114977792,2131230720,2128084992,2838323087
2131755008,2139095040,2133852160,2116026368,2130706432,2148532224,2147483648,2129657856,2130182144,2139095040,2838339088
2146435072,2146435072,2146435072,2132803584,2139095040,2157969408,2156920832,2142240768,2143027200,2149056512,2838355089
2149580800,2152726528,2151677952,2139095040,2139095040,2155872256,2155872256,2140143616,2148270080,2147745792,2838371111
2125463552,2155872256,2155872256,2143289344,2130706432,2147483648,2144337920,2126512128,2145124352,2137260032,2838387107
2117074944,2140143616,2143289344,2119172096,2121269248,2139095040,2134900736,2113929216,2129920000,2127298560,2838404001
2132803584,2130706432,2126512128,2102394880,2121269248,2139095040,2134900736,2113929216,2123104256,2127298560,2838420001
2117074944,2147483648,2134900736,2126512128,2128609280,2147483648,2144337920,2127560704,2131492864,2136997888,2838436001
2125463552,2170552320,2156920832,2148532224,2138046464,2156920832,2154823680,2141192192,2150367232,2147745792,2838452001
2135949312,2151677952,2157969408,2140143616,2139095040,2156920832,2155872256,2142240768,2146435072,2148532224,2838468025
2148532224,2156920832,2146435072,2134900736,2132803584,2149580800,2147483648,2130706432,2146697216,2140143616,2838484024
2138046464,2136997888,2133852160,2113929216,2123366400,2140143616,2135949312,2114977792,2130706432,2128609280,2838500023
2116026368,2146435072,2142240768,2119172096,2120220672,2138046464,2132803584,2111832064,2130968576,2125725696,2838516022
2120220672,2134900736,2132803584,2112880640,2127560704,2143289344,2141192192,2122317824,2125201408,2133590016,2838532045
2140143616,2156920832,2146435072,2131755008,2136997888,2154823680,2152726528,2136997888,2143813632,2145386496,2838548046
2152726528,2151677952,2150629376,2134900736,2139095040,2157969408,2157969408,2143289344,2147483648,2149580800,2838564046
2131755008,2152726528,2149580800,2138046464,2133852160,2151677952,2150629376,2133852160,2143027200,2142502912,2838580044
2139095040,2141192192,2136997888,2118123520,2124414976,2142240768,2139095040,2119172096,2133852160,2131230720,2838596068
2128609280,2129657856,2128609280,2106589184,2121269248,2136997888,2132803584,2110783488,2123366400,2125463552,2838612066
2133852160,2132803584,2128609280,2107637760,2125463552,2142240768,2138046464,2119172096,2125725696,2131230720,2838628067
2136997888,2139095040,2136997888,2117074944,2133852160,2151677952,2149580800,2133852160,2132541440,2142240768,2838644067
2136997888,2163212288,2164260864,2149580800,2139095040,2157969408,2159017984,2143289344,2153512960,2149842944,2838660089
2132803584,2160066560,2160066560,2147483648,2135949312,2153775104,2152726528,2136997888,2150105088,2144862208,2838676088
2138046464,2141192192,2140143616,2122317824,2126512128,2144337920,2142240768,2122317824,2135425024,2133852160,2838692088
2125463552,2144337920,2138046464,2112880640,2120220672,2136997888,2132803584,2111832064,2130182144,2125463552,2838708086
2112880640,2135949312,2130706432,2113929216,2123366400,2140143616,2136997888,2116026368,2123366400,2129133568,2838724109
2140143616,2139095040,2133852160,2114977792,2132803584,2148532224,2147483648,2129657856,2132017152,2139619328,2838741001
2131755008,2147483648,2148532224,2133852160,2139095040,2156920832,2157969408,2142240768,2140405760,2149056512,2838757001
2150629376,2163212288,2154823680,2142240768,2138046464,2155872256,2154823680,2140143616,2152726528,2147221504,2838773001
2127560704,2163212288,2164260864,2139095040,2129657856,2145386496,2144337920,2124414976,2148532224,2135949312,2838789001
2120220672,2147483648,2148532224,2126512128,2121269248,2138046464,2133852160,2112880640,2135687168,2126512128,2838805024
2131755008,2130706432,2124414976,2102394880,2122317824,2139095040,2134900736,2113929216,2122317824,2127560704,2838821023
2133852160,2138046464,2132803584,2116026368,2129657856,2147483648,2145386496,2127560704,2130182144,2137522176,2838837022
2145386496,2150629376,2153775104,2130706432,2138046464,2156920832,2155872256,2141192192,2145124352,2148007936,2838853025
2148532224,2151677952,2152726528,2135949312,2139095040,2157969408,2155872256,2142240768,2147221504,2148794368,2838869045
2132803584,2156920832,2168455168,2142240768,2130706432,2149580800,2146435072,2129657856,2150105088,2139095040,2838885045
2132803584,2140143616,2143289344,2113929216,2123366400,2140143616,2135949312,2114977792,2132541440,2128609280,2838901046
2116026368,2149580800,2143289344,2124414976,2120220672,2136997888,2133852160,2111832064,2133327872,2125725696,2838917046
2114977792,2155872256,2145386496,2129657856,2126512128,2145386496,2142240768,2123366400,2136473600,2134376448,2838933067
2141192192,2154823680,2151677952,2136997888,2136997888,2154823680,2153775104,2139095040,2146172928,2146172928,2838949066
2151677952,2150629376,2156920832,2135949312,2140143616,2157969408,2155872256,2143289344,2148794368,2149318656,2838965065
2148532224,2150629376,2148532224,2132803584,2133852160,2151677952,2149580800,2133852160,2145124352,2142240768,2838981068
2133852160,2140143616,2135949312,2117074944,2125463552,2141192192,2138046464,2118123520,2131755008,2130706432,2838997087
2116026368,2138046464,2146435072,2117074944,2119172096,2136997888,2132803584,2111832064,2129395712,2125201408,2839013087
2127560704,2128609280,2125463552,2106589184,2125463552,2142240768,2138046464,2119172096,2122055680,2131230720,2839029086
2131755008,2141192192,2139095040,2121269248,2134900736,2152726528,2151677952,2135949312,2133327872,2143813632,2839045088
2130706432,2169503744,2168455168,2157969408,2139095040,2159017984,2157969408,2144337920,2156658688,2150105088,2839061110
2130706432,2167406592,2164260864,2154823680,2135949312,2154823680,2151677952,2138046464,2154299392,2145124352,2839077110
2132803584,2143289344,2136997888,2123366400,2126512128,2143289344,2140143616,2120220672,2134114304,2132541440,2839094000
2131755008,2130706432,2128609280,2104492032,2120220672,2136997888,2133852160,2111832064,2123890688,2125725696,2839110001
2121269248,2134900736,2128609280,2108686336,2124414976,2140143616,2136997888,2116026368,2123366400,2129395712,2839126001
2120220672,2141192192,2141192192,2123366400,2132803584,2150629376,2149580800,2132803584,2131492864,2141454336,2839142025
2145386496,2159017984,2163212288,2133852160,2138046464,2157969408,2157969408,2143289344,2150367232,2149318656,2839158022
2133852160,2170552320,2171600896,2157969408,2136997888,2155872256,2154823680,2139095040,2158493696,2146697216,2839174024
2124414976,2164260864,2153775104,2143289344,2127560704,2146435072,2143289344,2124414976,2146435072,2135425024,2839190023
2118123520,2138046464,2145386496,2119172096,2121269248,2139095040,2132803584,2112880640,2130182144,2126512128,2839206045
2112880640,2139095040,2127560704,2118123520,2122317824,2140143616,2134900736,2113929216,2124414976,2127822848,2839222045
2120220672,2147483648,2142240768,2130706432,2130706432,2149580800,2146435072,2129657856,2135162880,2139095040,2839238045
2146435072,2148532224,2146435072,2127560704,2138046464,2157969408,2156920832,2142240768,2142240768,2148794368,2839254046
2134900736,2161115136,2165309440,2150629376,2138046464,2156920832,2155872256,2141192192,2152988672,2148007936,2839270068
2140143616,2151677952,2143289344,2130706432,2130706432,2147483648,2146435072,2128609280,2141454336,2138308608,2839286064
2124414976,2155872256,2153775104,2126512128,2122317824,2140143616,2134900736,2114977792,2140143616,2128084992,2839302066
2116026368,2144337920,2144337920,2121269248,2120220672,2138046464,2133852160,2112880640,2131492864,2126249984,2839318067
2119172096,2139095040,2131755008,2114977792,2128609280,2145386496,2143289344,2124414976,2126249984,2135425024,2839334086
2132803584,2163212288,2159017984,2138046464,2136997888,2155872256,2154823680,2140143616,2148270080,2146959360,2839350087
2134900736,2153775104,2152726528,2143289344,2140143616,2156920832,2157969408,2142240768,2146172928,2149318656,2839366089
2143289344,2150629376,2159017984,2132803584,2132803584,2150629376,2149580800,2132803584,2146435072,2141454336,2839382088
2139095040,2139095040,2135949312,2114977792,2123366400,2141192192,2136997888,2116026368,2132279296,2129395712,2839398109
2114977792,2142240768,2140143616,2120220672,2120220672,2138046464,2132803584,2111832064,2129395712,2125725696,2839414108
2125463552,2132803584,2130706432,2106589184,2126512128,2144337920,2141192192,2121269248,2123890688,2133327872,2839431001
2125463552,2161115136,2157969408,2143289344,2134900736,2154823680,2152726528,2138046464,2146959360,2145124352,2839447001
2136997888,2167406592,2167406592,2151677952,2139095040,2157969408,2157969408,2143289344,2155872256,2149580800,2839463001
2133852160,2168455168,2170552320,2152726528,2133852160,2152726528,2151677952,2134900736,2156396544,2143289344,2839479000
2128609280,2154823680,2159017984,2134900736,2125463552,2143289344,2139095040,2120220672,2144337920,2132017152,2839495022
2113929216,2145386496,2141192192,2126512128,2120220672,2136997888,2132803584,2110783488,2131755008,2125201408,2839511024
2117074944,2131755008,2125463552,2108686336,2123366400,2142240768,2138046464,2118123520,2120744960,2130444288,2839527023
2123366400,2147483648,2142240768,2131755008,2133852160,2151677952,2149580800,2132803584,2136211456,2141978624,2839543022
2143289344,2163212288,2162163712,2142240768,2139095040,2157969408,2156920832,2143289344,2152726528,2149318656,2839559046
2134900736,2153775104,2151677952,2141192192,2136997888,2154823680,2153775104,2138046464,2145386496,2145910784,2839575045
2143289344,2140143616,2141192192,2123366400,2127560704,2145386496,2142240768,2123366400,2136997888,2134638592,2839591045
2127560704,2131755008,2128609280,2108686336,2121269248,2138046464,2133852160,2111832064,2124152832,2126249984,2839607044
2129657856,2131755008,2127560704,2104492032,2122317824,2139095040,2135949312,2113929216,2123366400,2127822848,2839623066
2128609280,2136997888,2135949312,2118123520,2130706432,2149580800,2146435072,2129657856,2129920000,2139095040,2839639066
2129657856,2150629376,2152726528,2138046464,2138046464,2157969408,2155872256,2142240768,2142765056,2148532224,2839655068
2134900736,2157969408,2159017984,2147483648,2139095040,2156920832,2155872256,2141192192,2149842944,2148270080,2839671064
2136997888,2159017984,2154823680,2129657856,2130706432,2147483648,2145386496,2126512128,2145124352,2137522176,2839687087
2121269248,2133852160,2132803584,2113929216,2121269248,2138046464,2134900736,2112880640,2125463552,2126774272,2839703086
2129657856,2143289344,2127560704,2111832064,2121269248,2139095040,2133852160,2112880640,2128084992,2126774272,2839719089
2120220672,2151677952,2147483648,2130706432,2128609280,2146435072,2144337920,2126512128,2137522176,2136473600,2839735087
2134900736,2154823680,2159017984,2132803584,2136997888,2155872256,2154823680,2140143616,2145386496,2146959360,2839751110
2139095040,2166358016,2168455168,2144337920,2138046464,2157969408,2156920832,2142240768,2154561536,2148794368,2839768001
2129657856,2154823680,2156920832,2142240768,2132803584,2149580800,2147483648,2130706432,2145910784,2140143616,2839784001
2120220672,2143289344,2134900736,2124414976,2122317824,2141192192,2136997888,2114977792,2130706432,2128871424,2839800001
2116026368,2146435072,2144337920,2118123520,2120220672,2136997888,2132803584,2111832064,2131230720,2125463552,2839816001
2130706432,2145386496,2140143616,2119172096,2127560704,2143289344,2142240768,2121269248,2133852160,2133590016,2839832023
2138046464,2154823680,2146435072,2135949312,2135949312,2153775104,2153775104,2136997888,2143813632,2145124352,2839848023
2152726528,2160066560,2150629376,2134900736,2140143616,2157969408,2157969408,2143289344,2149580800,2149842944,2839864023
2145386496,2147483648,2149580800,2131755008,2134900736,2151677952,2150629376,2133852160,2143551488,2142765056,2839880023
2135949312,2138046464,2138046464,2118123520,2125463552,2141192192,2138046464,2118123520,2132541440,2130706432,2839896045
2112880640,2140143616,2132803584,2122317824,2119172096,2138046464,2132803584,2110783488,2127036416,2125201408,2839912047
2124414976,2147483648,2142240768,2117074944,2124414976,2142240768,2139095040,2119172096,2132803584,2131230720,2839928044
2122317824,2147483648,2152726528,2130706432,2133852160,2152726528,2149580800,2134900736,2138308608,2142765056,2839944046
2133852160,2152726528,2148532224,2139095040,2139095040,2157969408,2157969408,2143289344,2143551488,2149580800,2839960068
2131755008,2152726528,2153775104,2141192192,2136997888,2154823680,2153775104,2136997888,2144862208,2145648640,2839976067
2127560704,2162163712,2157969408,2141192192,2127560704,2144337920,2141192192,2122317824,2147221504,2133852160,2839992067
2113929216,2139095040,2132803584,2118123520,2121269248,2138046464,2133852160,2111832064,2125987840,2126249984,2840008066
2113929216,2143289344,2143289344,2122317824,2123366400,2140143616,2136997888,2114977792,2130706432,2128871424,2840024088
2126512128,2152726528,2144337920,2125463552,2131755008,2149580800,2146435072,2129657856,2137260032,2139357184,2840040089
2129657856,2151677952,2149580800,2134900736,2139095040,2157969408,2156920832,2142240768,2141454336,2149056512,2840056087
2133852160,2152726528,2161115136,2142240768,2138046464,2155872256,2155872256,2140143616,2147483648,2147483648,2840072086
2125463552,2147483648,2147483648,2130706432,2129657856,2146435072,2144337920,2125463552,2137784320,2136473600,2840088109
2116026368,2139095040,2139095040,2114977792,2121269248,2139095040,2133852160,2113929216,2127298560,2127036416,2840104108
2127560704,2138046464,2126512128,2105540608,2121269248,2140143616,2134900736,2113929216,2124414976,2127560704,2840121001
2136997888,2139095040,2144337920,2113929216,2129657856,2148532224,2144337920,2128609280,2133590016,2137784320,2840137001
2127560704,2147483648,2148532224,2131755008,2138046464,2156920832,2155872256,2141192192,2138832896,2148007936,2840153001
2147483648,2161115136,2163212288,2141192192,2139095040,2156920832,2155872256,2141192192,2153250816,2148270080,2840169024
2142240768,2152726528,2160066560,2129657856,2131755008,2149580800,2147483648,2128609280,2146172928,2139357184,2840185022
2121269248,2135949312,2134900736,2116026368,2122317824,2140143616,2134900736,2114977792,2127036416,2128084992,2840201023
2131755008,2130706432,2126512128,2102394880,2121269248,2138046464,2133852160,2111832064,2122842112,2126249984,2840217024
2121269248,2153775104,2150629376,2125463552,2127560704,2145386496,2142240768,2123366400,2137784320,2134638592,2840233045
2127560704,2165309440,2162163712,2144337920,2135949312,2155872256,2153775104,2139095040,2149842944,2146172928,2840249046
2146435072,2161115136,2150629376,2136997888,2139095040,2157969408,2156920832,2142240768,2148794368,2149056512,2840265045
2139095040,2150629376,2163212288,2135949312,2133852160,2152726528,2150629376,2133852160,2147221504,2142765056,2840281045
2121269248,2144337920,2139095040,2126512128,2123366400,2141192192,2138046464,2118123520,2132803584,2130182144,2840297067
2130706432,2136997888,2138046464,2105540608,2120220672,2136997888,2132803584,2111832064,2127822848,2125463552,2840313064
2129657856,2141192192,2141192192,2106589184,2125463552,2142240768,2139095040,2119172096,2129657856,2131492864,2840329067
2123366400,2147483648,2155872256,2130706432,2134900736,2152726528,2150629376,2134900736,2139357184,2143289344,2840345067
2132803584,2154823680,2151677952,2147483648,2140143616,2157969408,2157969408,2143289344,2146697216,2149842944,2840361091
2136997888,2149580800,2151677952,2136997888,2135949312,2153775104,2152726528,2136997888,2143813632,2144862208,2840377087
2126512128,2148532224,2152726528,2131755008,2126512128,2143289344,2141192192,2121269248,2139881472,2133065728,2840393090
2126512128,2129657856,2127560704,2107637760,2120220672,2138046464,2133852160,2111832064,2122842112,2125987840,2840409087
2114977792,2147483648,2141192192,2124414976,2123366400,2141192192,2136997888,2117074944,2132017152,2129657856,2840425109
2133852160,2139095040,2134900736,2117074944,2132803584,2149580800,2148532224,2130706432,2131230720,2140405760,2840441108
2147483648,2148532224,2152726528,2133852160,2139095040,2157969408,2157969408,2143289344,2145648640,2149580800,2840458001
2136997888,2159017984,2169503744,2148532224,2135949312,2155872256,2155872256,2139095040,2153512960,2146697216,2840474001
2139095040,2162163712,2153775104,2133852160,2128609280,2145386496,2142240768,2124414976,2147221504,2135162880,2840490001
2122317824,2150629376,2140143616,2121269248,2120220672,2139095040,2133852160,2112880640,2133590016,2126512128,2840506000
2113929216,2145386496,2141192192,2121269248,2121269248,2139095040,2135949312,2113929216,2130444288,2127560704,2840522024
2127560704,2146435072,2144337920,2119172096,2131755008,2148532224,2145386496,2127560704,2134376448,2138308608,2840538023
2128609280,2168455168,2160066560,2151677952,2138046464,2156920832,2155872256,2143289344,2152202240,2148532224,2840554022
2147483648,2166358016,2162163712,2148532224,2138046464,2157969408,2156920832,2141192192,2156134400,2148532224,2840570022
2147483648,2150629376,2144337920,2127560704,2130706432,2148532224,2145386496,2127560704,2142502912,2138046464,2840586045
2135949312,2135949312,2133852160,2114977792,2122317824,2139095040,2133852160,2113929216,2130182144,2127298560,2840602045
2130706432,2130706432,2126512128,2102394880,2120220672,2138046464,2133852160,2112880640,2122579968,2126249984,2840618046
2134900736,2135949312,2134900736,2109734912,2128609280,2145386496,2142240768,2124414976,2128871424,2135162880,2840634045
2132803584,2146435072,2143289344,2130706432,2136997888,2155872256,2154823680,2139095040,2138308608,2146697216,2840650067
2131755008,2168455168,2167406592,2152726528,2139095040,2157969408,2156920832,2143289344,2155085824,2149318656,2840666068
2144337920,2157969408,2152726528,2136997888,2132803584,2151677952,2148532224,2132803584,2148007936,2141454336,2840682067
2131755008,2146435072,2146435072,2119172096,2124414976,2141192192,2138046464,2116026368,2135949312,2129920000,2840698065
2112880640,2140143616,2134900736,2122317824,2119172096,2136997888,2132803584,2111832064,2127560704,2125201408,2840714088
2118123520,2150629376,2149580800,2119172096,2126512128,2142240768,2140143616,2119172096,2134376448,2132017152,2840730087
2141192192,2142240768,2141192192,2123366400,2134900736,2153775104,2151677952,2135949312,2136997888,2144075776,2840746088
2147483648,2159017984,2159017984,2139095040,2140143616,2157969408,2156920832,2143289344,2151153664,2149580800,2840762087
2146435072,2153775104,2148532224,2134900736,2134900736,2153775104,2152726528,2136997888,2145910784,2144600064,2840778110
2125463552,2142240768,2136997888,2121269248,2124414976,2143289344,2139095040,2120220672,2131492864,2131755008,2840795001
2127560704,2127560704,2126512128,2104492032,2120220672,2138046464,2133852160,2111832064,2121531392,2125987840,2840811001
2118123520,2148532224,2143289344,2124414976,2123366400,2142240768,2139095040,2118123520,2133590016,2130706432,2840827001
2141192192,2139095040,2138046464,2117074944,2133852160,2151677952,2149580800,2132803584,2133852160,2141978624,2840843001
2132803584,2168455168,2164260864,2153775104,2139095040,2157969408,2156920832,2143289344,2154823680,2149318656,2840859024
2149580800,2148532224,2156920832,2134900736,2135949312,2154823680,2153775104,2139095040,2147483648,2145910784,2840875023
2122317824,2159017984,2154823680,2145386496,2127560704,2145386496,2142240768,2123366400,2145386496,2134638592,2840891023
2121269248,2134900736,2127560704,2109734912,2121269248,2138046464,2132803584,2111832064,2123366400,2125987840,2840907023
2119172096,2130706432,2128609280,2104492032,2122317824,2140143616,2135949312,2114977792,2120744960,2128347136,2840923047
2134900736,2146435072,2141192192,2125463552,2131755008,2148532224,2146435072,2128609280,2136997888,2138832896,2840939045
2127560704,2157969408,2153775104,2145386496,2139095040,2157969408,2156920832,2142240768,2146172928,2149056512,2840955044
2134900736,2162163712,2161115136,2150629376,2138046464,2155872256,2155872256,2141192192,2152202240,2147745792,2840971046
2130706432,2148532224,2145386496,2131755008,2129657856,2148532224,2145386496,2127560704,2139095040,2137784320,2840987068
2134900736,2133852160,2132803584,2116026368,2122317824,2138046464,2133852160,2113929216,2129395712,2127036416,2841003066
2134900736,2143289344,2128609280,2113929216,2122317824,2139095040,2132803584,2112880640,2130182144,2126774272,2841019065
2134900736,2139095040,2132803584,2109734912,2129657856,2146435072,2144337920,2125463552,2129133568,2136473600,2841035065
2142240768,2154823680,2143289344,2130706432,2138046464,2155872256,2154823680,2139095040,2142765056,2146959360,2841051088
2132803584,2163212288,2152726528,2153775104,2140143616,2157969408,2156920832,2143289344,2150629376,2149580800,2841067088
2136997888,2147483648,2146435072,2132803584,2132803584,2150629376,2148532224,2131755008,2140930048,2140930048,2841083088
2138046464,2138046464,2133852160,2112880640,2123366400,2140143616,2136997888,2116026368,2130706432,2129133568,2841099087
2125463552,2131755008,2124414976,2104492032,2121269248,2135949312,2132803584,2110783488,2121531392,2125201408,2841115109
2118123520,2132803584,2128609280,2110783488,2125463552,2143289344,2141192192,2120220672,2122579968,2132541440,2841131110
2127560704,2152726528,2155872256,2135949312,2135949312,2153775104,2152726528,2138046464,2143027200,2145124352,2841148001
2135949312,2170552320,2167406592,2155872256,2140143616,2157969408,2157969408,2143289344,2157445120,2149842944,2841164001
2132803584,2167406592,2168455168,2150629376,2133852160,2152726528,2151677952,2134900736,2154823680,2143289344,2841180001
2124414976,2142240768,2147483648,2124414976,2125463552,2141192192,2139095040,2118123520,2134638592,2130968576,2841196023
2132803584,2129657856,2127560704,2107637760,2120220672,2138046464,2132803584,2111832064,2124414976,2125725696,2841212024
2113929216,2155872256,2141192192,2124414976,2124414976,2143289344,2138046464,2119172096,2133852160,2131230720,2841228025
2125463552,2143289344,2136997888,2126512128,2133852160,2152726528,2150629376,2134900736,2133065728,2143027200,2841244023
2152726528,2154823680,2152726528,2136997888,2140143616,2156920832,2156920832,2143289344,2149318656,2149318656,2841260044
2131755008,2152726528,2160066560,2142240768,2136997888,2153775104,2153775104,2138046464,2146697216,2145648640,2841276043
2134900736,2153775104,2150629376,2133852160,2126512128,2144337920,2141192192,2122317824,2143289344,2133590016,2841292047
2134900736,2132803584,2128609280,2106589184,2120220672,2138046464,2132803584,2111832064,2125725696,2125725696,2841308046
2112880640,2136997888,2128609280,2113929216,2122317824,2141192192,2135949312,2117074944,2123104256,2129133568,2841324068
2126512128,2155872256,2149580800,2133852160,2132803584,2149580800,2147483648,2130706432,2141454336,2140143616,2841340065
2130706432,2153775104,2151677952,2143289344,2140143616,2157969408,2155872256,2142240768,2144862208,2149056512,2841356066
2134900736,2172649472,2164260864,2152726528,2136997888,2156920832,2154823680,2141192192,2156134400,2147483648,2841372066
2129657856,2163212288,2165309440,2140143616,2129657856,2147483648,2144337920,2127560704,2149580800,2137260032,2841388087
2118123520,2154823680,2150629376,2126512128,2122317824,2138046464,2134900736,2112880640,2137522176,2127036416,2841404084
2112880640,2146435072,2144337920,2120220672,2121269248,2138046464,2134900736,2112880640,2130968576,2126774272,2841420090
2132803584,2133852160,2131755008,2112880640,2129657856,2146435072,2144337920,2125463552,2127822848,2136473600,2841436089
2144337920,2148532224,2152726528,2127560704,2139095040,2155872256,2155872256,2141192192,2143289344,2148007936,2841452107
2154823680,2153775104,2152726528,2136997888,2139095040,2157969408,2156920832,2142240768,2149580800,2149056512,2841468108
2142240768,2147483648,2145386496,2130706432,2131755008,2148532224,2147483648,2128609280,2141454336,2139095040,2841485001
2120220672,2156920832,2151677952,2126512128,2123366400,2139095040,2135949312,2114977792,2138832896,2128347136,2841501001
2129657856,2129657856,2126512128,2103443456,2120220672,2138046464,2133852160,2111832064,2122317824,2125987840,2841517001
2131755008,2146435072,2133852160,2117074944,2127560704,2145386496,2141192192,2123366400,2132279296,2134376448,2841533000
2144337920,2145386496,2146435072,2125463552,2136997888,2154823680,2152726528,2138046464,2140405760,2145648640,2841549023
2146435072,2150629376,2150629376,2141192192,2139095040,2157969408,2156920832,2143289344,2147221504,2149318656,2841565024
2150629376,2146435072,2149580800,2129657856,2134900736,2150629376,2149580800,2132803584,2144075776,2141978624,2841581023
2121269248,2142240768,2138046464,2121269248,2124414976,2140143616,2136997888,2117074944,2130706432,2129657856,2841597022
2111832064,2141192192,2130706432,2124414976,2120220672,2138046464,2132803584,2111832064,2127036416,2125725696,2841613047
2116026368,2149580800,2148532224,2120220672,2125463552,2143289344,2139095040,2119172096,2133590016,2131755008,2841629046
2133852160,2141192192,2138046464,2122317824,2135949312,2150629376,2149580800,2133852160,2133852160,2142502912,2841645046
2132803584,2159017984,2153775104,2149580800,2139095040,2157969408,2157969408,2144337920,2148794368,2149842944,2841661044
2133852160,2165309440,2168455168,2154823680,2134900736,2154823680,2153775104,2138046464,2155610112,2145386496,2841677066
2124414976,2160066560,2161115136,2133852160,2126512128,2144337920,2142240768,2121269248,2144862208,2133590016,2841693067
2126512128,2146435072,2139095040,2117074944,2120220672,2136997888,2133852160,2110783488,2132279296,2125463552,2841709066
2125463552,2130706432,2124414976,2103443456,2123366400,2141192192,2136997888,2116026368,2121007104,2129395712,2841725066
2121269248,2156920832,2149580800,2138046464,2132803584,2150629376,2148532224,2131755008,2141454336,2140930048,2841741088
2144337920,2153775104,2146435072,2132803584,2139095040,2157969408,2156920832,2143289344,2144337920,2149318656,2841757088
2151677952,2156920832,2151677952,2139095040,2138046464,2155872256,2154823680,2140143616,2149842944,2147221504,2841773087
2132803584,2160066560,2157969408,2138046464,2128609280,2146435072,2143289344,2125463552,2147221504,2135949312,2841789087
2123366400,2151677952,2146435072,2120220672,2121269248,2138046464,2133852160,2112880640,2135425024,2126512128,2841805110
2127560704,2132803584,2126512128,2106589184,2122317824,2139095040,2134900736,2114977792,2123366400,2127822848,2841822001
2134900736,2135949312,2134900736,2118123520,2130706432,2147483648,2145386496,2127560704,2130968576,2137784320,2841838001
2130706432,2166358016,2167406592,2149580800,2139095040,2156920832,2156920832,2142240768,2153512960,2148794368,2841854001
2140143616,2152726528,2151677952,2139095040,2138046464,2156920832,2155872256,2141192192,2145910784,2148007936,2841870001
2141192192,2147483648,2144337920,2127560704,2130706432,2147483648,2146435072,2127560704,2140143616,2138046464,2841886024
2126512128,2133852160,2135949312,2113929216,2122317824,2139095040,2134900736,2114977792,2127560704,2127822848,2841902024
2114977792,2140143616,2141192192,2119172096,2121269248,2138046464,2132803584,2112880640,2128871424,2126249984,2841918023
2117074944,2138046464,2133852160,2117074944,2127560704,2145386496,2143289344,2124414976,2126512128,2135162880,2841934024
2144337920,2146435072,2144337920,2128609280,2136997888,2155872256,2154823680,2139095040,2140930048,2146697216,2841950046
2140143616,2167406592,2163212288,2146435072,2139095040,2156920832,2156920832,2142240768,2154299392,2148794368,2841966046
2133852160,2157969408,2165309440,2136997888,2131755008,2150629376,2149580800,2131755008,2148532224,2140930048,2841982043
2132803584,2152726528,2148532224,2124414976,2123366400,2141192192,2138046464,2117074944,2139619328,2129920000,2841998046
2125463552,2129657856,2127560704,2104492032,2120220672,2138046464,2133852160,2111832064,2121793536,2125987840,2842014067
2127560704,2132803584,2127560704,2107637760,2126512128,2143289344,2140143616,2120220672,2123890688,2132541440,2842030067
2125463552,2142240768,2140143616,2127560704,2134900736,2153775104,2151677952,2135949312,2133852160,2144075776,2842046065
2147483648,2161115136,2159017984,2140143616,2139095040,2157969408,2157969408,2143289344,2151940096,2149580800,2842062067
2139095040,2163212288,2168455168,2141192192,2134900736,2153775104,2151677952,2136997888,2152988672,2144337920,2842078088
2142240768,2146435072,2142240768,2121269248,2126512128,2143289344,2140143616,2120220672,2138046464,2132541440,2842094088
2125463552,2132803584,2126512128,2107637760,2120220672,2138046464,2132803584,2111832064,2123104256,2125725696,2842110089
2131755008,2146435072,2133852160,2112880640,2123366400,2141192192,2136997888,2117074944,2131230720,2129657856,2842126089
2130706432,2154823680,2146435072,2133852160,2133852160,2150629376,2148532224,2132803584,2141454336,2141454336,2842142111
2146435072,2148532224,2148532224,2134900736,2140143616,2157969408,2156920832,2142240768,2144600064,2149318656,2842158109
2146435072,2148532224,2150629376,2133852160,2136997888,2154823680,2154823680,2138046464,2144862208,2146172928,2842175001
2126512128,2165309440,2157969408,2141192192,2127560704,2145386496,2142240768,2123366400,2147745792,2134638592,2842191001
2125463552,2144337920,2142240768,2112880640,2120220672,2138046464,2133852160,2112880640,2131230720,2126249984,2842207001
2127560704,2131755008,2125463552,2105540608,2122317824,2140143616,2134900736,2114977792,2122579968,2128084992,2842223023
2131755008,2135949312,2133852160,2116026368,2131755008,2148532224,2146435072,2129657856,2129395712,2139095040,2842239024
2129657856,2167406592,2164260864,2154823680,2139095040,2157969408,2155872256,2142240768,2154037248,2148794368,2842255023
2132803584,2171600896,2169503744,2156920832,2138046464,2156920832,2155872256,2141192192,2157707264,2148007936,2842271025
2138046464,2151677952,2155872256,2127560704,2130706432,2147483648,2145386496,2126512128,2143289344,2137522176,2842287045
2129657856,2136997888,2131755008,2110783488,2122317824,2139095040,2133852160,2112880640,2127298560,2127036416,2842303044
2130706432,2145386496,2134900736,2114977792,2121269248,2139095040,2133852160,2112880640,2131492864,2126774272,2842319045
2136997888,2146435072,2132803584,2119172096,2129657856,2145386496,2143289344,2124414976,2133852160,2135687168,2842335045
2133852160,2163212288,2161115136,2143289344,2136997888,2155872256,2154823680,2140143616,2150367232,2146959360,2842351066
2142240768,2165309440,2165309440,2146435072,2139095040,2157969408,2156920832,2142240768,2154823680,2149056512,2842367067
2134900736,2163212288,2165309440,2149580800,2131755008,2150629376,2148532224,2131755008,2153250816,2140667904,2842383066
2122317824,2152726528,2155872256,2131755008,2123366400,2140143616,2136997888,2116026368,2140667904,2129133568,2842399066
2129657856,2141192192,2131755008,2116026368,2120220672,2138046464,2132803584,2111832064,2129657856,2125725696,2842415087
2136997888,2131755008,2128609280,2104492032,2126512128,2145386496,2140143616,2121269248,2125463552,2133327872,2842431087
2126512128,2145386496,2147483648,2131755008,2135949312,2153775104,2152726528,2136997888,2137784320,2144862208,2842447088
2138046464,2150629376,2149580800,2138046464,2139095040,2159017984,2157969408,2144337920,2144075776,2150105088,2842463089
2140143616,2148532224,2148532224,2133852160,2134900736,2151677952,2151677952,2132803584,2142765056,2142765056,2842479111
2126512128,2141192192,2141192192,2122317824,2125463552,2143289344,2140143616,2119172096,2132803584,2132017152,2842495107
2117074944,2132803584,2125463552,2109734912,2121269248,2136997888,2131755008,2110783488,2121269248,2125201408,2842512001
2126512128,2142240768,2142240768,2111832064,2124414976,2142240768,2139095040,2118123520,2130706432,2130968576,2842528001
2123366400,2162163712,2157969408,2141192192,2133852160,2152726528,2150629376,2134900736,2146172928,2143027200,2842544001
2136997888,2169503744,2165309440,2146435072,2140143616,2159017984,2157969408,2143289344,2154561536,2150105088,2842560001
2150629376,2162163712,2152726528,2139095040,2136997888,2153775104,2152726528,2136997888,2151153664,2145124352,2842576023
2134900736,2156920832,2151677952,2138046464,2126512128,2144337920,2141192192,2122317824,2145386496,2133590016,2842592023
2135949312,2132803584,2131755008,2107637760,2121269248,2138046464,2133852160,2110783488,2127036416,2125987840,2842608025
2113929216,2134900736,2134900736,2110783488,2122317824,2140143616,2136997888,2114977792,2123628544,2128609280,2842624023
2119172096,2148532224,2149580800,2130706432,2131755008,2149580800,2147483648,2129657856,2136997888,2139619328,2842640047
2146435072,2146435072,2148532224,2129657856,2139095040,2157969408,2156920832,2141192192,2142765056,2148794368,2842656045
2147483648,2161115136,2156920832,2146435072,2138046464,2155872256,2155872256,2140143616,2152988672,2147483648,2842672046
2125463552,2154823680,2151677952,2142240768,2129657856,2147483648,2144337920,2127560704,2143551488,2137260032,2842688045
2117074944,2135949312,2140143616,2114977792,2121269248,2138046464,2133852160,2112880640,2127036416,2126512128,2842704067
2122317824,2148532224,2138046464,2114977792,2122317824,2139095040,2133852160,2112880640,2130968576,2127036416,2842720068
2122317824,2150629376,2150629376,2126512128,2128609280,2147483648,2145386496,2126512128,2137522176,2136997888,2842736066
2144337920,2144337920,2144337920,2125463552,2138046464,2156920832,2154823680,2140143616,2139619328,2147483648,2842752066
2147483648,2163212288,2160066560,2141192192,2139095040,2156920832,2156920832,2141192192,2152988672,2148532224,2842768089
2139095040,2153775104,2156920832,2138046464,2131755008,2149580800,2148532224,2129657856,2146959360,2139881472,2842784090
2126512128,2136997888,2135949312,2116026368,2122317824,2141192192,2135949312,2116026368,2128871424,2128871424,2842800089
2113929216,2133852160,2133852160,2113929216,2120220672,2138046464,2133852160,2111832064,2123890688,2125987840,2842816087
2123366400,2151677952,2142240768,2122317824,2128609280,2144337920,2141192192,2122317824,2134900736,2134114304,2842832108
2126512128,2155872256,2160066560,2141192192,2135949312,2155872256,2153775104,2139095040,2145910784,2146172928,2842849001
2131755008,2157969408,2151677952,2147483648,2140143616,2157969408,2157969408,2142240768,2147221504,2149580800,2842865001
2146435072,2147483648,2148532224,2131755008,2133852160,2151677952,2150629376,2133852160,2143551488,2142502912,2842881001
2141192192,2144337920,2136997888,2118123520,2124414976,2142240768,2139095040,2118123520,2135162880,2130968576,2842897001
2126512128,2143289344,2138046464,2117074944,2120220672,2136997888,2131755008,2111832064,2131230720,2125201408,2842913023
2120220672,2152726528,2146435072,2122317824,2125463552,2143289344,2140143616,2119172096,2135425024,2132017152,2842929025
2124414976,2160066560,2157969408,2141192192,2133852160,2153775104,2151677952,2136997888,2145910784,2144075776,2842945023
2150629376,2148532224,2149580800,2135949312,2140143616,2157969408,2157969408,2143289344,2146172928,2149842944,2842961023
2138046464,2165309440,2167406592,2150629376,2135949312,2153775104,2152726528,2136997888,2155347968,2144862208,2842977044
2122317824,2150629376,2147483648,2133852160,2126512128,2144337920,2141192192,2122317824,2138570752,2133590016,2842993048
2117074944,2150629376,2148532224,2125463552,2120220672,2136997888,2133852160,2110783488,2135425024,2125463552,2843009045
2129657856,2142240768,2127560704,2107637760,2123366400,2142240768,2136997888,2117074944,2126774272,2129920000,2843025045
2123366400,2156920832,2154823680,2133852160,2132803584,2151677952,2148532224,2132803584,2142240768,2141454336,2843041068
2130706432,2156920832,2151677952,2143289344,2139095040,2157969408,2157969408,2143289344,2145648640,2149580800,2843057069
2151677952,2154823680,2152726528,2136997888,2136997888,2156920832,2154823680,2141192192,2149056512,2147483648,2843073067
2133852160,2143289344,2142240768,2126512128,2128609280,2146435072,2144337920,2125463552,2136473600,2136211456,2843089067
2113929216,2147483648,2139095040,2126512128,2121269248,2136997888,2133852160,2111832064,2131755008,2125987840,2843105087
2129657856,2142240768,2125463552,2110783488,2122317824,2139095040,2134900736,2113929216,2127036416,2127560704,2843121088
2120220672,2138046464,2136997888,2119172096,2130706432,2147483648,2145386496,2126512128,2128609280,2137522176,2843137088
2135949312,2159017984,2163212288,2140143616,2138046464,2157969408,2156920832,2141192192,2149580800,2148532224,2843153088
2134900736,2159017984,2164260864,2149580800,2138046464,2157969408,2155872256,2143289344,2151940096,2148794368,2843169109
2128609280,2157969408,2159017984,2145386496,2130706432,2149580800,2147483648,2129657856,2147745792,2139357184,2843185109
2136997888,2146435072,2132803584,2114977792,2122317824,2140143616,2134900736,2114977792,2132803584,2128084992,2843202001
2125463552,2128609280,2126512128,2102394880,2121269248,2138046464,2133852160,2111832064,2120744960,2126249984,2843218001
2136997888,2134900736,2132803584,2111832064,2128609280,2145386496,2142240768,2124414976,2129133568,2135162880,2843234001
2149580800,2150629376,2142240768,2128609280,2138046464,2155872256,2153775104,2139095040,2142765056,2146697216,2843250023
2134900736,2154823680,2165309440,2145386496,2139095040,2159017984,2156920832,2143289344,2150105088,2149580800,2843266022
2136997888,2167406592,2165309440,2148532224,2132803584,2150629376,2150629376,2131755008,2154561536,2141454336,2843282023
2129657856,2141192192,2153775104,2114977792,2123366400,2141192192,2136997888,2117074944,2134900736,2129657856,2843298023
2125463552,2142240768,2138046464,2108686336,2121269248,2136997888,2133852160,2110783488,2128609280,2125725696,2843314045
2131755008,2134900736,2128609280,2108686336,2126512128,2142240768,2141192192,2120220672,2125987840,2132541440,2843330045
2123366400,2150629376,2148532224,2135949312,2135949312,2153775104,2151677952,2135949312,2139619328,2144337920,2843346045
2148532224,2159017984,2154823680,2135949312,2140143616,2157969408,2157969408,2143289344,2149580800,2149842944,2843362045
2135949312,2148532224,2150629376,2135949312,2134900736,2154823680,2151677952,2136997888,2142765056,2144600064,2843378066
2124414976,2145386496,2149580800,2130706432,2126512128,2143289344,2140143616,2120220672,2137522176,2132541440,2843394064
2114977792,2147483648,2145386496,2126512128,2120220672,2138046464,2133852160,2111832064,2133590016,2125987840,2843410069
2116026368,2146435072,2145386496,2119172096,2124414976,2140143616,2138046464,2116026368,2131755008,2129657856,2843426067
2139095040,2141192192,2138046464,2118123520,2133852160,2150629376,2148532224,2131755008,2134114304,2141192192,2843442090
2131755008,2168455168,2165309440,2146435072,2139095040,2157969408,2156920832,2143289344,2152988672,2149318656,2843458085
2143289344,2152726528,2149580800,2139095040,2136997888,2155872256,2154823680,2140143616,2146172928,2146959360,2843474088
2125463552,2163212288,2161115136,2143289344,2128609280,2145386496,2143289344,2124414976,2148270080,2135425024,2843490087
2126512128,2144337920,2143289344,2112880640,2121269248,2138046464,2133852160,2111832064,2131755008,2126249984,2843506111
2125463552,2130706432,2124414976,2103443456,2122317824,2139095040,2134900736,2113929216,2121007104,2127560704,2843522106
2136997888,2146435072,2141192192,2125463552,2130706432,2148532224,2147483648,2129657856,2137522176,2139095040,2843539001
2129657856,2148532224,2155872256,2138046464,2139095040,2155872256,2156920832,2141192192,2143027200,2148270080,2843555001
2149580800,2153775104,2161115136,2136997888,2139095040,2155872256,2154823680,2139095040,2150367232,2147221504,2843571001
2142240768,2159017984,2144337920,2128609280,2130706432,2147483648,2145386496,2126512128,2143551488,2137522176,2843587001
2117074944,2141192192,2138046464,2122317824,2121269248,2138046464,2134900736,2112880640,2129657856,2126774272,2843603023
2118123520,2146435072,2142240768,2121269248,2121269248,2138046464,2134900736,2111832064,2132017152,2126512128,2843619024
2132803584,2136997888,2130706432,2111832064,2129657856,2145386496,2144337920,2125463552,2128084992,2136211456,2843635022
2127560704,2148532224,2148532224,2130706432,2136997888,2155872256,2155872256,2140143616,2138832896,2147221504,2843651023
2132803584,2161115136,2164260864,2150629376,2139095040,2157969408,2157969408,2142240768,2152202240,2149318656,2843667046
2129657856,2166358016,2166358016,2149580800,2131755008,2150629376,2148532224,2131755008,2152988672,2140667904,2843683046
2119172096,2139095040,2141192192,2119172096,2123366400,2141192192,2136997888,2117074944,2129657856,2129657856,2843699046
2127560704,2127560704,2123366400,2103443456,2120220672,2139095040,2132803584,2111832064,2120482816,2125987840,2843715045
2119172096,2133852160,2129657856,2110783488,2125463552,2144337920,2141192192,2122317824,2123366400,2133327872,2843731067
2126512128,2155872256,2150629376,2143289344,2135949312,2153775104,2151677952,2138046464,2144075776,2144862208,2843747067
2131755008,2156920832,2155872256,2148532224,2139095040,2159017984,2157969408,2143289344,2148270080,2149842944,2843763067
2134900736,2164260864,2168455168,2150629376,2134900736,2152726528,2151677952,2134900736,2154561536,2143551488,2843779065
2127560704,2151677952,2156920832,2133852160,2125463552,2143289344,2139095040,2120220672,2142502912,2132017152,2843795088
2122317824,2143289344,2139095040,2112880640,2121269248,2136997888,2132803584,2110783488,2129395712,2125463552,2843811088
2129657856,2129657856,2127560704,2104492032,2125463552,2141192192,2138046464,2118123520,2122842112,2130706432,2843827088
2122317824,2156920832,2148532224,2140143616,2133852160,2150629376,2149580800,2132803584,2141978624,2141716480,2843843085
2145386496,2149580800,2150629376,2132803584,2139095040,2157969408,2156920832,2144337920,2144600064,2149580800,2843859108
2146435072,2149580800,2151677952,2136997888,2135949312,2153775104,2153775104,2138046464,2146172928,2145386496,2843876001
2124414976,2160066560,2153775104,2141192192,2127560704,2144337920,2142240768,2123366400,2144862208,2134376448,2843892001
2121269248,2132803584,2128609280,2109734912,2122317824,2136997888,2132803584,2110783488,2123104256,2125725696,2843908001
2114977792,2145386496,2145386496,2122317824,2122317824,2140143616,2136997888,2116026368,2132017152,2128871424,2843924001
2119172096,2145386496,2143289344,2125463552,2130706432,2149580800,2147483648,2130706432,2133327872,2139619328,2843940023
2147483648,2151677952,2154823680,2130706432,2139095040,2157969408,2156920832,2143289344,2146172928,2149318656,2843956024
2131755008,2172649472,2161115136,2157969408,2138046464,2155872256,2154823680,2140143616,2155872256,2147221504,2843972024
2144337920,2142240768,2143289344,2125463552,2129657856,2146435072,2145386496,2126512128,2138832896,2136997888,2843988024
2117074944,2139095040,2134900736,2113929216,2121269248,2140143616,2134900736,2113929216,2126249984,2127560704,2844004045
2132803584,2145386496,2134900736,2113929216,2121269248,2139095040,2133852160,2113929216,2131755008,2127036416,2844020044
2118123520,2143289344,2147483648,2124414976,2128609280,2147483648,2145386496,2126512128,2133327872,2136997888,2844036043
2129657856,2149580800,2150629376,2134900736,2138046464,2155872256,2155872256,2140143616,2141192192,2147483648,2844052046
2134900736,2171600896,2171600896,2155872256,2138046464,2157969408,2156920832,2142240768,2158493696,2148794368,2844068066
2133852160,2147483648,2149580800,2132803584,2131755008,2150629376,2146435072,2130706432,2140930048,2139881472,2844084065
2122317824,2156920832,2157969408,2127560704,2123366400,2140143616,2135949312,2116026368,2141192192,2128871424,2844100065
2113929216,2151677952,2142240768,2121269248,2120220672,2138046464,2132803584,2111832064,2132279296,2125725696,2844116067
2119172096,2149580800,2145386496,2122317824,2127560704,2145386496,2141192192,2123366400,2134114304,2134376448,2844132089
2144337920,2142240768,2141192192,2124414976,2135949312,2154823680,2153775104,2138046464,2138046464,2145648640,2844148087
2132803584,2152726528,2155872256,2142240768,2139095040,2159017984,2157969408,2144337920,2145910784,2150105088,2844164085
2147483648,2150629376,2156920832,2133852160,2134900736,2151677952,2149580800,2133852160,2147221504,2142502912,2844180088
2128609280,2143289344,2141192192,2122317824,2124414976,2141192192,2138046464,2119172096,2133852160,2130706432,2844196110
2130706432,2141192192,2133852160,2106589184,2121269248,2136997888,2132803584,2110783488,2128084992,2125463552,2844212108
2114977792,2139095040,2139095040,2114977792,2125463552,2143289344,2139095040,2120220672,2127036416,2132017152,2844229001
2143289344,2138046464,2140143616,2120220672,2134900736,2152726528,2150629376,2134900736,2135425024,2143289344,2844245001
2154823680,2151677952,2151677952,2134900736,2140143616,2157969408,2157969408,2143289344,2148270080,2149842944,2844261001
2135949312,2166358016,2167406592,2151677952,2135949312,2154823680,2153775104,2136997888,2155347968,2145386496,2844277024
2128609280,2157969408,2156920832,2129657856,2126512128,2144337920,2141192192,2121269248,2143289344,2133327872,2844293023
2127560704,2132803584,2127560704,2109734912,2120220672,2138046464,2132803584,2111832064,2124414976,2125725696,2844309023
2125463552,2129657856,2126512128,2104492032,2123366400,2141192192,2136997888,2116026368,2121531392,2129395712,2844325025
2122317824,2155872256,2153775104,2134900736,2132803584,2150629376,2147483648,2131755008,2141716480,2140667904,2844341045
2129657856,2148532224,2149580800,2136997888,2139095040,2157969408,2156920832,2143289344,2141192192,2149318656,2844357044
2132803584,2150629376,2161115136,2140143616,2136997888,2155872256,2154823680,2140143616,2146172928,2146959360,2844373046
2136997888,2160066560,2154823680,2138046464,2129657856,2145386496,2143289344,2124414976,2147483648,2135687168,2844389045
2122317824,2150629376,2148532224,2128609280,2121269248,2138046464,2133852160,2112880640,2137522176,2126512128,2844405067
2126512128,2133852160,2134900736,2104492032,2122317824,2138046464,2133852160,2113929216,2124939264,2127036416,2844421064
2126512128,2146435072,2146435072,2116026368,2130706432,2147483648,2146435072,2127560704,2133852160,2138046464,2844437067
2128609280,2151677952,2150629376,2139095040,2138046464,2155872256,2155872256,2140143616,2142502912,2147483648,2844453066
2135949312,2151677952,2161115136,2136997888,2139095040,2156920832,2157969408,2142240768,2146435072,2149056512,2844469089
2146435072,2148532224,2143289344,2128609280,2131755008,2149580800,2146435072,2128609280,2141716480,2139095040,2844485087
2125463552,2149580800,2150629376,2125463552,2122317824,2140143616,2135949312,2114977792,2137784320,2128347136,2844501090
2123366400,2146435072,2136997888,2113929216,2121269248,2138046464,2133852160,2111832064,2130182144,2126249984,2844517088
2116026368,2147483648,2134900736,2126512128,2127560704,2145386496,2142240768,2123366400,2131230720,2134638592,2844533110
2141192192,2145386496,2146435072,2125463552,2136997888,2154823680,2153775104,2138046464,2139619328,2145910784,2844549108
2134900736,2167406592,2171600896,2153775104,2139095040,2157969408,2157969408,2143289344,2156920832,2149580800,2844566001
2130706432,2174746624,2164260864,2151677952,2133852160,2149580800,2148532224,2131755008,2155347968,2140930048,2844582001
2131755008,2155872256,2145386496,2126512128,2124414976,2141192192,2138046464,2117074944,2139881472,2130182144,2844598001
2120220672,2132803584,2125463552,2109734912,2121269248,2136997888,2131755008,2110783488,2122055680,2125201408,2844614001
2116026368,2143289344,2139095040,2120220672,2126512128,2142240768,2139095040,2120220672,2129657856,2132017152,2844630023
2141192192,2142240768,2141192192,2121269248,2135949312,2152726528,2151677952,2135949312,2136473600,2144075776,2844646024
2146435072,2151677952,2149580800,2134900736,2140143616,2157969408,2157969408,2143289344,2145648640,2149842944,2844662022
2130706432,2160066560,2160066560,2149580800,2135949312,2152726528,2151677952,2134900736,2150105088,2143813632,2844678022
2123366400,2143289344,2147483648,2127560704,2125463552,2144337920,2141192192,2121269248,2135425024,2133065728,2844694045
2126512128,2131755008,2128609280,2105540608,2121269248,2135949312,2132803584,2109734912,2123104256,2124939264,2844710045
2113929216,2131755008,2129657856,2104492032,2123366400,2140143616,2136997888,2116026368,2119958528,2129133568,2844726046
2130706432,2139095040,2139095040,2117074944,2132803584,2150629376,2149580800,2132803584,2131492864,2141454336,2844742044
2146435072,2148532224,2148532224,2132803584,2139095040,2157969408,2157969408,2143289344,2144075776,2149580800,2844758067
2132803584,2170552320,2170552320,2157969408,2136997888,2155872256,2154823680,2139095040,2157969408,2146697216,2844774066
2135949312,2154823680,2157969408,2126512128,2127560704,2146435072,2143289344,2124414976,2143813632,2135425024,2844790068
2117074944,2143289344,2140143616,2123366400,2121269248,2138046464,2133852160,2112880640,2130968576,2126512128,2844806067
2118123520,2149580800,2146435072,2118123520,2121269248,2140143616,2134900736,2114977792,2133065728,2127822848,2844822087
2118123520,2143289344,2141192192,2124414976,2130706432,2148532224,2146435072,2127560704,2131755008,2138308608,2844838089
2143289344,2159017984,2161115136,2133852160,2139095040,2156920832,2155872256,2141192192,2149318656,2148270080,2844854088
2155872256,2150629376,2153775104,2136997888,2139095040,2156920832,2155872256,2141192192,2149318656,2148270080,2844870086
2129657856,2147483648,2145386496,2132803584,2130706432,2148532224,2146435072,2127560704,2138832896,2138308608,2844886109
2132803584,2150629376,2143289344,2122317824,2121269248,2139095040,2134900736,2113929216,2137260032,2127298560,2844903001
2113929216,2135949312,2128609280,2113929216,2121269248,2138046464,2133852160,2112880640,2123104256,2126512128,2844919001
2132803584,2138046464,2131755008,2112880640,2128609280,2146435072,2144337920,2125463552,2128871424,2136211456,2844935001
2125463552,2164260864,2155872256,2147483648,2136997888,2155872256,2155872256,2140143616,2148270080,2147221504,2844951001
2148532224,2156920832,2161115136,2138046464,2139095040,2156920832,2156920832,2142240768,2151153664,2148794368,2844967022
2131755008,2156920832,2166358016,2147483648,2132803584,2150629376,2148532224,2131755008,2150629376,2140930048,2844983023
2121269248,2154823680,2152726528,2128609280,2123366400,2140143616,2135949312,2116026368,2139357184,2128871424,2844999023
2111832064,2142240768,2136997888,2119172096,2120220672,2138046464,2132803584,2111832064,2127560704,2125725696,2845015022
2128609280,2135949312,2128609280,2110783488,2126512128,2143289344,2140143616,2121269248,2125987840,2132803584,2845031045
2136997888,2146435072,2151677952,2124414976,2135949312,2153775104,2151677952,2136997888,2139881472,2144600064,2845047045
2133852160,2154823680,2155872256,2144337920,2140143616,2157969408,2157969408,2143289344,2147221504,2149842944,2845063046
2130706432,2155872256,2155872256,2143289344,2134900736,2151677952,2151677952,2133852160,2146435072,2143027200,2845079045
2123366400,2143289344,2151677952,2123366400,2124414976,2142240768,2139095040,2119172096,2135425024,2131230720,2845095068
2114977792,2151677952,2143289344,2122317824,2120220672,2136997888,2132803584,2110783488,2133065728,2125201408,2845111067
2126512128,2131755008,2127560704,2107637760,2124414976,2141192192,2138046464,2118123520,2123366400,2130444288,2845127066
2133852160,2143289344,2135949312,2120220672,2133852160,2151677952,2148532224,2132803584,2133327872,2141716480,2845143066
2147483648,2164260864,2159017984,2146435072,2140143616,2157969408,2157969408,2143289344,2154299392,2149842944,2845159089
2147483648,2163212288,2160066560,2148532224,2136997888,2154823680,2153775104,2138046464,2154823680,2145910784,2845175087
2138046464,2146435072,2150629376,2123366400,2126512128,2145386496,2142240768,2123366400,2139619328,2134376448,2845191087
2118123520,2152726528,2146435072,2126512128,2120220672,2138046464,2132803584,2112880640,2135949312,2125987840,2845207089
2124414976,2130706432,2124414976,2104492032,2123366400,2140143616,2135949312,2116026368,2121007104,2128871424,2845223110
2131755008,2138046464,2134900736,2116026368,2131755008,2148532224,2146435072,2129657856,2130182144,2139095040,2845239111
2146435072,2149580800,2146435072,2133852160,2139095040,2156920832,2156920832,2142240768,2144075776,2148794368,2845256001
2139095040,2164260864,2167406592,2146435072,2138046464,2156920832,2155872256,2140143616,2154299392,2147745792,2845272001
2139095040,2146435072,2144337920,2128609280,2129657856,2147483648,2145386496,2126512128,2139619328,2137260032,2845288001
2116026368,2138046464,2139095040,2119172096,2121269248,2139095040,2133852160,2112880640,2128084992,2126774272,2845304023
2114977792,2145386496,2143289344,2117074944,2121269248,2138046464,2135949312,2112880640,2130182144,2127036416,2845320023
2120220672,2139095040,2131755008,2116026368,2129657856,2146435072,2144337920,2126512128,2126774272,2136735744,2845336025
2145386496,2148532224,2144337920,2129657856,2136997888,2156920832,2155872256,2141192192,2141978624,2147745792,2845352022
2132803584,2152726528,2160066560,2142240768,2140143616,2156920832,2156920832,2143289344,2146959360,2149318656,2845368045
2130706432,2164260864,2157969408,2149580800,2131755008,2149580800,2147483648,2130706432,2150629376,2139881472,2845384044
2123366400,2155872256,2148532224,2132803584,2123366400,2140143616,2135949312,2116026368,2140143616,2128871424,2845400046
2127560704,2139095040,2135949312,2103443456,2120220672,2138046464,2133852160,2110783488,2126512128,2125725696,2845416046
2125463552,2142240768,2141192192,2112880640,2126512128,2145386496,2141192192,2123366400,2130444288,2134114304,2845432066
2133852160,2160066560,2159017984,2140143616,2135949312,2154823680,2153775104,2138046464,2148270080,2145648640,2845448065
2150629376,2152726528,2163212288,2135949312,2140143616,2157969408,2156920832,2143289344,2150629376,2149580800,2845464065
2130706432,2166358016,2164260864,2153775104,2134900736,2151677952,2150629376,2133852160,2153775104,2142765056,2845480065
2123366400,2159017984,2151677952,2141192192,2125463552,2142240768,2138046464,2119172096,2143813632,2131230720,2845496088
2114977792,2134900736,2127560704,2109734912,2121269248,2136997888,2131755008,2110783488,2121793536,2125201408,2845512087
2125463552,2130706432,2126512128,2104492032,2125463552,2141192192,2139095040,2119172096,2121793536,2131230720,2845528090
2124414976,2162163712,2157969408,2135949312,2133852160,2152726528,2150629376,2134900736,2145124352,2143027200,2845544088
2134900736,2170552320,2166358016,2151677952,2139095040,2159017984,2157969408,2143289344,2155872256,2149842944,2845560110
2138046464,2171600896,2168455168,2151677952,2135949312,2154823680,2153775104,2138046464,2157445120,2145648640,2845576109
2138046464,2140143616,2140143616,2119172096,2127560704,2144337920,2141192192,2121269248,2134376448,2133590016,2845593001
2124414976,2132803584,2132803584,2107637760,2121269248,2138046464,2132803584,2111832064,2124414976,2125987840,2845609001
2129657856,2129657856,2126512128,2105540608,2123366400,2141192192,2136997888,2117074944,2122842112,2129657856,2845625001
2121269248,2151677952,2138046464,2134900736,2131755008,2149580800,2147483648,2130706432,2136473600,2139881472,2845641000
2136997888,2164260864,2165309440,2146435072,2139095040,2157969408,2156920832,2143289344,2153250816,2149318656,2845657024
2133852160,2152726528,2161115136,2142240768,2138046464,2155872256,2154823680,2139095040,2147483648,2146959360,2845673025
2127560704,2166358016,2156920832,2151677952,2128609280,2146435072,2143289344,2125463552,2150629376,2135949312,2845689023
2116026368,2150629376,2143289344,2130706432,2122317824,2138046464,2133852160,2112880640,2135162880,2126774272,2845705022
2128609280,2130706432,2125463552,2102394880,2122317824,2139095040,2134900736,2113929216,2121793536,2127560704,2845721044
2117074944,2143289344,2135949312,2124414976,2130706432,2147483648,2145386496,2127560704,2130182144,2137784320,2845737045
2139095040,2160066560,2157969408,2135949312,2138046464,2155872256,2155872256,2141192192,2148270080,2147745792,2845753047
2131755008,2155872256,2156920832,2147483648,2138046464,2157969408,2156920832,2142240768,2148007936,2148794368,2845769044
2129657856,2163212288,2163212288,2145386496,2131755008,2148532224,2146435072,2129657856,2150367232,2139095040,2845785067
2127560704,2146435072,2145386496,2118123520,2122317824,2140143616,2135949312,2116026368,2134376448,2128609280,2845801068
2113929216,2146435072,2147483648,2121269248,2119172096,2138046464,2134900736,2111832064,2132279296,2125987840,2845817067
2127560704,2134900736,2128609280,2109734912,2128609280,2144337920,2142240768,2123366400,2125201408,2134638592,2845833066
2126512128,2149580800,2141192192,2131755008,2135949312,2155872256,2154823680,2139095040,2137260032,2146435072,2845849090
2140143616,2166358016,2163212288,2146435072,2140143616,2157969408,2156920832,2143289344,2154037248,2149580800,2845865089
2148532224,2148532224,2147483648,2129657856,2132803584,2151677952,2150629376,2133852160,2143551488,2142240768,2845881090
2135949312,2139095040,2136997888,2117074944,2124414976,2142240768,2138046464,2119172096,2132279296,2130968576,2845897087
2128609280,2129657856,2127560704,2104492032,2120220672,2136997888,2132803584,2110783488,2122579968,2125201408,2845913109
2117074944,2152726528,2146435072,2119172096,2126512128,2143289344,2139095040,2120220672,2133852160,2132279296,2845930001
2128609280,2144337920,2141192192,2126512128,2134900736,2153775104,2151677952,2136997888,2135162880,2144337920,2845946001
2147483648,2163212288,2164260864,2149580800,2139095040,2159017984,2157969408,2144337920,2156134400,2150105088,2845962001
2150629376,2150629376,2149580800,2134900736,2134900736,2152726528,2151677952,2134900736,2146435072,2143551488,2845978001
2143289344,2139095040,2141192192,2117074944,2125463552,2143289344,2140143616,2120220672,2135162880,2132279296,2845994023
2122317824,2142240768,2144337920,2112880640,2120220672,2136997888,2132803584,2110783488,2130444288,2125201408,2846010023
2112880640,2150629376,2147483648,2124414976,2123366400,2141192192,2138046464,2118123520,2133852160,2130182144,2846026022
2121269248,2140143616,2140143616,2121269248,2132803584,2151677952,2148532224,2132803584,2130706432,2141454336,2846042025
2131755008,2163212288,2168455168,2138046464,2139095040,2159017984,2157969408,2143289344,2150367232,2149842944,2846058045
2144337920,2152726528,2151677952,2139095040,2138046464,2154823680,2153775104,2139095040,2146959360,2146435072,2846074047
2125463552,2160066560,2155872256,2143289344,2127560704,2145386496,2142240768,2124414976,2146172928,2134900736,2846090045
2118123520,2138046464,2130706432,2116026368,2120220672,2138046464,2133852160,2112880640,2125725696,2126249984,2846106046
2112880640,2134900736,2126512128,2109734912,2122317824,2139095040,2135949312,2113929216,2121007104,2127822848,2846122066
2122317824,2153775104,2146435072,2132803584,2129657856,2149580800,2146435072,2128609280,2138832896,2138570752,2846138068
2128609280,2165309440,2160066560,2146435072,2139095040,2156920832,2154823680,2142240768,2150105088,2148270080,2846154064
2148532224,2152726528,2160066560,2139095040,2139095040,2156920832,2156920832,2141192192,2150105088,2148532224,2846170068
2145386496,2152726528,2152726528,2128609280,2129657856,2148532224,2146435072,2128609280,2144862208,2138308608,2846186090
2130706432,2134900736,2131755008,2110783488,2123366400,2140143616,2133852160,2113929216,2127036416,2127822848,2846202088
2128609280,2142240768,2127560704,2114977792,2120220672,2139095040,2134900736,2112880640,2128347136,2126774272,2846218085
2117074944,2151677952,2147483648,2130706432,2128609280,2145386496,2142240768,2123366400,2136735744,2134900736,2846234088
2127560704,2165309440,2161115136,2144337920,2136997888,2155872256,2154823680,2140143616,2149580800,2146959360,2846250111
2147483648,2164260864,2163212288,2146435072,2139095040,2157969408,2157969408,2143289344,2155347968,2149580800,2846266111
2131755008,2160066560,2166358016,2147483648,2132803584,2150629376,2148532224,2130706432,2151415808,2140667904,2846283001
2125463552,2145386496,2150629376,2127560704,2122317824,2141192192,2136997888,2117074944,2137260032,2129395712,2846299001
2112880640,2136997888,2130706432,2116026368,2120220672,2138046464,2132803584,2111832064,2124152832,2125725696,2846315001
2114977792,2143289344,2139095040,2124414976,2126512128,2143289344,2140143616,2121269248,2130444288,2132803584,2846331023
2135949312,2156920832,2154823680,2138046464,2136997888,2152726528,2152726528,2135949312,2146435072,2144600064,2846347023
2131755008,2154823680,2154823680,2144337920,2140143616,2156920832,2155872256,2143289344,2146435072,2149056512,2846363024
2146435072,2153775104,2149580800,2133852160,2134900736,2152726528,2151677952,2134900736,2145910784,2143551488,2846379023
2130706432,2149580800,2151677952,2125463552,2124414976,2143289344,2140143616,2120220672,2139357184,2132017152,2846395046
2128609280,2133852160,2128609280,2105540608,2120220672,2138046464,2132803584,2111832064,2124152832,2125725696,2846411045
2129657856,2139095040,2134900736,2106589184,2123366400,2142240768,2138046464,2118123520,2127560704,2130444288,2846427045
2122317824,2143289344,2141192192,2124414976,2133852160,2150629376,2149580800,2132803584,2132803584,2141716480,2846443046
2139095040,2161115136,2164260864,2138046464,2139095040,2159017984,2156920832,2144337920,2150629376,2149842944,2846459070
2151677952,2162163712,2149580800,2140143616,2136997888,2153775104,2153775104,2138046464,2150891520,2145648640,2846475065
2126512128,2160066560,2155872256,2143289344,2127560704,2144337920,2142240768,2122317824,2146435072,2134114304,2846491068
2123366400,2134900736,2131755008,2111832064,2120220672,2138046464,2133852160,2112880640,2125463552,2126249984,2846507066
2131755008,2145386496,2128609280,2113929216,2122317824,2140143616,2134900736,2116026368,2129920000,2128347136,2846523087
2135949312,2134900736,2133852160,2114977792,2130706432,2148532224,2146435072,2129657856,2129920000,2138832896,2846539085
2142240768,2148532224,2146435072,2130706432,2139095040,2156920832,2156920832,2142240768,2141978624,2148794368,2846555088
2150629376,2166358016,2152726528,2141192192,2138046464,2156920832,2155872256,2140143616,2152726528,2147745792,2846571089
2144337920,2154823680,2142240768,2138046464,2129657856,2147483648,2145386496,2126512128,2144862208,2137260032,2846587110
2120220672,2139095040,2134900736,2119172096,2121269248,2139095040,2134900736,2113929216,2128347136,2127298560,2846603108
2113929216,2145386496,2142240768,2117074944,2122317824,2138046464,2133852160,2112880640,2129657856,2126774272,2846620001
2138046464,2134900736,2131755008,2110783488,2129657856,2146435072,2143289344,2125463552,2128871424,2136211456,2846636001
2129657856,2149580800,2152726528,2136997888,2138046464,2155872256,2154823680,2140143616,2142240768,2147221504,2846652001
2154823680,2161115136,2153775104,2135949312,2139095040,2156920832,2156920832,2142240768,2151415808,2148794368,2846668001
2128609280,2155872256,2154823680,2147483648,2131755008,2149580800,2148532224,2130706432,2146697216,2140143616,2846684023
2135949312,2146435072,2136997888,2121269248,2123366400,2140143616,2136997888,2114977792,2135162880,2128871424,2846700023
2124414976,2136997888,2136997888,2104492032,2121269248,2136997888,2133852160,2110783488,2125725696,2125725696,2846716023
2114977792,2141192192,2132803584,2120220672,2126512128,2145386496,2141192192,2123366400,2127298560,2134114304,2846732024
2125463552,2159017984,2162163712,2145386496,2135949312,2155872256,2153775104,2139095040,2148007936,2146172928,2846748045
2132803584,2169503744,2169503744,2152726528,2139095040,2159017984,2157969408,2144337920,2156134400,2150105088,2846764047
2132803584,2165309440,2168455168,2149580800,2133852160,2152726528,2151677952,2134900736,2154037248,2143289344,2846780044
2138046464,2140143616,2138046464,2119172096,2124414976,2142240768,2139095040,2119172096,2133852160,2131230720,2846796045
2132803584,2136997888,2128609280,2104492032,2120220672,2138046464,2132803584,2111832064,2125725696,2125725696,2846812067
2130706432,2129657856,2125463552,2104492032,2124414976,2141192192,2139095040,2119172096,2122579968,2130968576,2846828067
2124414976,2153775104,2155872256,2138046464,2133852160,2151677952,2151677952,2133852160,2143027200,2142765056,2846844068
2130706432,2164260864,2160066560,2151677952,2139095040,2159017984,2157969408,2143289344,2151677952,2149842944,2846860066
2136997888,2166358016,2169503744,2154823680,2136997888,2154823680,2152726528,2138046464,2156920832,2145648640,2846876087
2122317824,2156920832,2156920832,2140143616,2127560704,2144337920,2142240768,2121269248,2144075776,2133852160,2846892088
2127560704,2146435072,2135949312,2117074944,2120220672,2138046464,2132803584,2111832064,2131755008,2125725696,2846908087
2130706432,2131755008,2126512128,2102394880,2123366400,2139095040,2135949312,2114977792,2122842112,2128347136,2846924085
2120220672,2155872256,2155872256,2135949312,2131755008,2150629376,2147483648,2130706432,2141978624,2140143616,2846940109
2129657856,2166358016,2164260864,2151677952,2139095040,2157969408,2156920832,2142240768,2152988672,2149056512,2846957001
2147483648,2154823680,2163212288,2135949312,2138046464,2154823680,2155872256,2139095040,2150367232,2146959360,2846973001
2125463552,2157969408,2143289344,2141192192,2129657856,2145386496,2144337920,2125463552,2141978624,2136211456,2846989001
2117074944,2135949312,2131755008,2114977792,2122317824,2136997888,2132803584,2111832064,2124939264,2125987840,2847005001
2113929216,2134900736,2130706432,2113929216,2121269248,2139095040,2135949312,2113929216,2123366400,2127560704,2847021025
2119172096,2140143616,2139095040,2121269248,2130706432,2147483648,2144337920,2127560704,2129920000,2137522176,2847037023
2150629376,2147483648,2148532224,2127560704,2136997888,2157969408,2155872256,2141192192,2143551488,2148007936,2847053024
2131755008,2164260864,2155872256,2151677952,2139095040,2156920832,2156920832,2142240768,2150891520,2148794368,2847069023
2127560704,2160066560,2148532224,2147483648,2131755008,2149580800,2146435072,2129657856,2145910784,2139357184,2847085045
2141192192,2133852160,2133852160,2109734912,2122317824,2139095040,2135949312,2114977792,2129657856,2128084992,2847101045
2131755008,2130706432,2124414976,2100297728,2120220672,2139095040,2133852160,2112880640,2121793536,2126512128,2847117044
2117074944,2150629376,2148532224,2127560704,2127560704,2144337920,2142240768,2122317824,2135949312,2134114304,2847133047
2127560704,2147483648,2143289344,2130706432,2136997888,2154823680,2153775104,2138046464,2137260032,2145910784,2847149066
2131755008,2152726528,2155872256,2142240768,2140143616,2157969408,2157969408,2143289344,2145648640,2149842944,2847165067
2129657856,2163212288,2160066560,2151677952,2133852160,2151677952,2149580800,2133852160,2151153664,2142240768,2847181065
2121269248,2140143616,2142240768,2123366400,2124414976,2142240768,2138046464,2118123520,2131755008,2130706432,2847197068
2128609280,2130706432,2126512128,2102394880,2120220672,2136997888,2132803584,2110783488,2122055680,2125201408,2847213089
2116026368,2139095040,2134900736,2117074944,2126512128,2142240768,2139095040,2119172096,2126774272,2131755008,2847229091
2133852160,2140143616,2136997888,2122317824,2133852160,2153775104,2151677952,2135949312,2133327872,2143813632,2847245086
2132803584,2165309440,2161115136,2152726528,2140143616,2157969408,2156920832,2143289344,2152988672,2149580800,2847261089
2147483648,2161115136,2161115136,2135949312,2135949312,2153775104,2152726528,2136997888,2151415808,2144862208,2847277110
2135949312,2142240768,2139095040,2124414976,2126512128,2143289344,2140143616,2121269248,2135425024,2132803584,2847293110
2125463552,2129657856,2124414976,2106589184,2120220672,2136997888,2132803584,2110783488,2121531392,2125201408,2847310000
2113929216,2147483648,2140143616,2122317824,2123366400,2141192192,2138046464,2117074944,2130968576,2129920000,2847326001
2125463552,2141192192,2135949312,2122317824,2133852160,2150629376,2148532224,2131755008,2131230720,2141192192,2847342001
2130706432,2157969408,2150629376,2145386496,2139095040,2157969408,2156920832,2143289344,2146172928,2149318656,2847358024
2139095040,2164260864,2170552320,2152726528,2135949312,2155872256,2154823680,2139095040,2156658688,2146435072,2847374022
2126512128,2147483648,2147483648,2130706432,2127560704,2145386496,2142240768,2123366400,2138046464,2134638592,2847390023
2121269248,2134900736,2132803584,2111832064,2121269248,2136997888,2133852160,2111832064,2125201408,2125987840,2847406024
2111832064,2133852160,2127560704,2111832064,2122317824,2139095040,2135949312,2113929216,2121269248,2127822848,2847422046
2135949312,2146435072,2133852160,2114977792,2130706432,2147483648,2145386496,2128609280,2132803584,2138046464,2847438045
2129657856,2152726528,2148532224,2138046464,2138046464,2156920832,2156920832,2141192192,2142240768,2148270080,2847454045
2145386496,2149580800,2149580800,2135949312,2139095040,2155872256,2155872256,2141192192,2145124352,2148007936,2847470045
2128609280,2154823680,2159017984,2141192192,2130706432,2148532224,2146435072,2128609280,2145910784,2138570752,2847486066
2117074944,2140143616,2141192192,2122317824,2122317824,2139095040,2135949312,2113929216,2130182144,2127822848,2847502066
2128609280,2133852160,2127560704,2107637760,2121269248,2138046464,2133852160,2112880640,2124414976,2126512128,2847518068
2128609280,2134900736,2130706432,2109734912,2127560704,2144337920,2143289344,2124414976,2125987840,2134900736,2847534068
2125463552,2151677952,2147483648,2139095040,2138046464,2154823680,2153775104,2139095040,2140930048,2146435072,2847550086
2147483648,2166358016,2163212288,2147483648,2139095040,2157969408,2157969408,2142240768,2156134400,2149318656,2847566087
2138046464,2150629376,2148532224,2134900736,2133852160,2150629376,2149580800,2131755008,2143027200,2141454336,2847582088
2129657856,2139095040,2135949312,2116026368,2123366400,2141192192,2135949312,2117074944,2130182144,2129395712,2847598088
2111832064,2148532224,2139095040,2125463552,2120220672,2136997888,2132803584,2110783488,2131230720,2125201408,2847614110
2116026368,2151677952,2147483648,2126512128,2126512128,2142240768,2139095040,2119172096,2135425024,2131755008,2847630106
2124414976,2164260864,2155872256,2145386496,2135949312,2153775104,2152726528,2136997888,2147483648,2144862208,2847647001
2142240768,2150629376,2148532224,2138046464,2140143616,2157969408,2156920832,2144337920,2144862208,2149842944,2847663001
2132803584,2164260864,2166358016,2149580800,2134900736,2151677952,2151677952,2134900736,2153250816,2143289344,2847679001
2121269248,2149580800,2139095040,2134900736,2125463552,2143289344,2139095040,2120220672,2136211456,2132017152,2847695001
2116026368,2151677952,2141192192,2126512128,2120220672,2138046464,2132803584,2111832064,2133852160,2125725696,2847711022
2126512128,2133852160,2141192192,2108686336,2124414976,2141192192,2138046464,2117074944,2127560704,2130182144,2847727023
2122317824,2145386496,2136997888,2128609280,2132803584,2152726528,2149580800,2133852160,2133327872,2142240768,2847743022
2132803584,2169503744,2164260864,2152726528,2139095040,2157969408,2157969408,2143289344,2154823680,2149580800,2847759023
2147483648,2161115136,2154823680,2136997888,2138046464,2154823680,2153775104,2138046464,2150105088,2146172928,2847775045
2124414976,2149580800,2145386496,2133852160,2126512128,2145386496,2142240768,2123366400,2138308608,2134376448,2847791046
2118123520,2149580800,2146435072,2121269248,2121269248,2138046464,2133852160,2111832064,2133852160,2126249984,2847807045
2112880640,2142240768,2138046464,2121269248,2122317824,2140143616,2135949312,2116026368,2128609280,2128609280,2847823045
2122317824,2152726528,2152726528,2133852160,2131755008,2148532224,2146435072,2129657856,2140405760,2139095040,2847839068
2129657856,2152726528,2147483648,2142240768,2139095040,2156920832,2155872256,2142240768,2143027200,2148532224,2847855068
2141192192,2150629376,2157969408,2138046464,2138046464,2156920832,2156920832,2141192192,2146959360,2148270080,2847871067
2126512128,2152726528,2151677952,2142240768,2129657856,2147483648,2146435072,2126512128,2143289344,2137522176,2847887065
2119172096,2133852160,2134900736,2114977792,2122317824,2139095040,2133852160,2113929216,2125725696,2127298560,2847903087
2113929216,2151677952,2144337920,2118123520,2121269248,2138046464,2134900736,2112880640,2132017152,2126774272,2847919088
2130706432,2138046464,2141192192,2112880640,2129657856,2146435072,2144337920,2125463552,2130706432,2136473600,2847935089
2126512128,2151677952,2147483648,2134900736,2138046464,2154823680,2154823680,2139095040,2140143616,2146697216,2847951089
2151677952,2165309440,2154823680,2142240768,2139095040,2157969408,2157969408,2142240768,2153512960,2149318656,2847967110
2132803584,2165309440,2163212288,2146435072,2131755008,2149580800,2147483648,2130706432,2151940096,2139881472,2847984001
2123366400,2136997888,2132803584,2116026368,2123366400,2140143616,2135949312,2114977792,2127298560,2128609280,2848000001
2118123520,2146435072,2140143616,2117074944,2120220672,2138046464,2132803584,2111832064,2130444288,2125725696,2848016001
2114977792,2147483648,2139095040,2127560704,2126512128,2144337920,2141192192,2122317824,2132279296,2133590016,2848032001
2134900736,2145386496,2145386496,2126512128,2135949312,2154823680,2153775104,2136997888,2138046464,2145386496,2848048024
2130706432,2167406592,2167406592,2154823680,2139095040,2159017984,2157969408,2144337920,2155085824,2150105088,2848064024
2142240768,2147483648,2148532224,2131755008,2134900736,2151677952,2150629376,2132803584,2142502912,2142502912,2848080023
2142240768,2145386496,2138046464,2121269248,2124414976,2142240768,2139095040,2119172096,2136735744,2131230720,2848096024
2122317824,2150629376,2138046464,2117074944,2120220672,2138046464,2131755008,2110783488,2132017152,2125201408,2848112045
2120220672,2129657856,2127560704,2104492032,2125463552,2142240768,2139095040,2118123520,2120482816,2131230720,2848128046
2125463552,2140143616,2136997888,2123366400,2134900736,2152726528,2150629376,2134900736,2131492864,2143289344,2848144044
2131755008,2156920832,2160066560,2147483648,2139095040,2157969408,2159017984,2143289344,2149056512,2149842944,2848160045
2134900736,2164260864,2165309440,2150629376,2134900736,2154823680,2153775104,2138046464,2153775104,2145386496,2848176066
2123366400,2147483648,2140143616,2129657856,2127560704,2144337920,2141192192,2121269248,2135162880,2133590016,2848192067
2125463552,2134900736,2128609280,2109734912,2120220672,2138046464,2133852160,2111832064,2124677120,2125987840,2848208066
2126512128,2140143616,2133852160,2104492032,2123366400,2140143616,2135949312,2114977792,2126249984,2128609280,2848224066
2138046464,2135949312,2135949312,2117074944,2131755008,2149580800,2147483648,2130706432,2131755008,2139881472,2848240088
2128609280,2152726528,2151677952,2142240768,2138046464,2157969408,2156920832,2143289344,2143813632,2149056512,2848256088
2151677952,2151677952,2153775104,2135949312,2138046464,2155872256,2155872256,2140143616,2148270080,2147483648,2848272087
2143289344,2145386496,2142240768,2126512128,2129657856,2147483648,2144337920,2126512128,2139357184,2136997888,2848288087
2131755008,2133852160,2130706432,2111832064,2122317824,2138046464,2134900736,2112880640,2127036416,2127036416,2848304107
2130706432,2127560704,2126512128,2102394880,2121269248,2139095040,2134900736,2112880640,2121793536,2127036416,2848320108
2124414976,2152726528,2153775104,2125463552,2129657856,2147483648,2145386496,2127560704,2139095040,2137522176,2848337001
2129657856,2147483648,2147483648,2133852160,2138046464,2156920832,2156920832,2141192192,2139619328,2148270080,2848353001
2141192192,2166358016,2165309440,2146435072,2138046464,2157969408,2156920832,2142240768,2154823680,2148794368,2848369001
2128609280,2151677952,2155872256,2139095040,2131755008,2149580800,2147483648,2129657856,2143813632,2139619328,2848385023
2121269248,2154823680,2149580800,2127560704,2122317824,2139095040,2135949312,2113929216,2138308608,2127822848,2848401022
2118123520,2144337920,2144337920,2121269248,2121269248,2136997888,2134900736,2111832064,2132017152,2126249984,2848417022
2132803584,2136997888,2139095040,2111832064,2127560704,2145386496,2143289344,2123366400,2130182144,2134900736,2848433023
2128609280,2154823680,2150629376,2142240768,2136997888,2154823680,2152726528,2138046464,2144075776,2145648640,2848449047
2153775104,2156920832,2153775104,2139095040,2140143616,2157969408,2157969408,2142240768,2150891520,2149580800,2848465045
2146435072,2147483648,2147483648,2130706432,2133852160,2150629376,2149580800,2132803584,2143027200,2141716480,2848481045
2133852160,2141192192,2136997888,2117074944,2124414976,2142240768,2139095040,2117074944,2132279296,2130706432,2848497044
2131755008,2142240768,2129657856,2118123520,2121269248,2138046464,2132803584,2111832064,2130444288,2125987840,2848513068
2114977792,2134900736,2126512128,2113929216,2125463552,2142240768,2138046464,2119172096,2122579968,2131230720,2848529064
2139095040,2142240768,2139095040,2123366400,2133852160,2153775104,2151677952,2135949312,2135949312,2143813632,2848545067
2144337920,2151677952,2148532224,2134900736,2140143616,2157969408,2157969408,2143289344,2144862208,2149842944,2848561067
2143289344,2165309440,2166358016,2149580800,2134900736,2153775104,2152726528,2136997888,2156134400,2144600064,2848577090
2123366400,2145386496,2142240768,2128609280,2125463552,2144337920,2141192192,2121269248,2134900736,2133065728,2848593088
2129657856,2130706432,2127560704,2106589184,2121269248,2136997888,2132803584,2110783488,2123628544,2125463552,2848609088
2121269248,2151677952,2143289344,2118123520,2123366400,2141192192,2136997888,2117074944,2133590016,2129657856,2848625087
2127560704,2154823680,2146435072,2132803584,2133852160,2149580800,2147483648,2130706432,2140405760,2140405760,2848641111
2130706432,2168455168,2165309440,2150629376,2139095040,2156920832,2156920832,2142240768,2153775104,2148794368,2848657108
2132803584,2173698048,2166358016,2153775104,2136997888,2155872256,2155872256,2140143616,2156658688,2147221504,2848674001
2135949312,2160066560,2154823680,2139095040,2128609280,2145386496,2143289344,2124414976,2147483648,2135425024,2848690001
2131755008,2129657856,2129657856,2107637760,2121269248,2136997888,2133852160,2111832064,2124677120,2125987840,2848706001
2111832064,2134900736,2128609280,2111832064,2122317824,2139095040,2134900736,2113929216,2121793536,2127560704,2848722001
2134900736,2133852160,2131755008,2112880640,2130706432,2148532224,2145386496,2128609280,2128347136,2138308608,2848738024
2149580800,2155872256,2148532224,2129657856,2139095040,2156920832,2155872256,2142240768,2145910784,2148532224,2848754024
2134900736,2166358016,2165309440,2155872256,2139095040,2157969408,2155872256,2142240768,2155610112,2148794368,2848770024
2128609280,2157969408,2157969408,2147483648,2131755008,2147483648,2145386496,2127560704,2148007936,2138046464,2848786023
2117074944,2149580800,2134900736,2128609280,2123366400,2139095040,2133852160,2113929216,2132541440,2127560704,2848802045
2120220672,2146435072,2141192192,2117074944,2120220672,2139095040,2133852160,2112880640,2131230720,2126512128,2848818045
2130706432,2143289344,2146435072,2112880640,2128609280,2145386496,2142240768,2124414976,2133327872,2135162880,2848834045
2140143616,2144337920,2143289344,2125463552,2136997888,2155872256,2153775104,2140143616,2138308608,2146697216,2848850043
2133852160,2161115136,2164260864,2150629376,2140143616,2156920832,2156920832,2142240768,2152464384,2149056512,2848866066
2130706432,2156920832,2163212288,2145386496,2132803584,2150629376,2149580800,2132803584,2149056512,2141454336,2848882068
2121269248,2147483648,2151677952,2125463552,2123366400,2141192192,2138046464,2117074944,2136473600,2129920000,2848898069
2127560704,2132803584,2138046464,2104492032,2119172096,2138046464,2133852160,2111832064,2125725696,2125725696,2848914066
2118123520,2141192192,2147483648,2120220672,2126512128,2142240768,2140143616,2120220672,2131755008,2132279296,2848930088
2123366400,2147483648,2149580800,2131755008,2135949312,2153775104,2151677952,2135949312,2138046464,2144337920,2848946087
2146435072,2147483648,2150629376,2131755008,2140143616,2157969408,2157969408,2143289344,2144075776,2149842944,2848962091
2136997888,2166358016,2163212288,2148532224,2134900736,2153775104,2152726528,2135949312,2153775104,2144337920,2848978086
2133852160,2142240768,2140143616,2123366400,2125463552,2143289344,2140143616,2120220672,2134900736,2132279296,2848994109
2116026368,2135949312,2128609280,2113929216,2120220672,2136997888,2131755008,2110783488,2123628544,2124939264,2849011001
2123366400,2129657856,2134900736,2104492032,2125463552,2140143616,2136997888,2117074944,2123104256,2129920000,2849027001
2123366400,2142240768,2151677952,2125463552,2133852160,2151677952,2149580800,2133852160,2135687168,2142240768,2849043001
2150629376,2149580800,2149580800,2131755008,2140143616,2157969408,2157969408,2143289344,2145386496,2149842944,2849059001
2144337920,2148532224,2151677952,2133852160,2136997888,2154823680,2153775104,2138046464,2144600064,2145910784,2849075025
2127560704,2159017984,2161115136,2145386496,2127560704,2145386496,2143289344,2123366400,2148270080,2134900736,2849091023
2114977792,2139095040,2139095040,2113929216,2121269248,2136997888,2132803584,2111832064,2126774272,2125725696,2849107022
2127560704,2129657856,2126512128,2105540608,2121269248,2141192192,2134900736,2117074944,2122317824,2128609280,2849123022
2131755008,2136997888,2133852160,2116026368,2130706432,2149580800,2146435072,2129657856,2129657856,2139095040,2849139045
2149580800,2149580800,2146435072,2132803584,2139095040,2156920832,2156920832,2141192192,2144600064,2148532224,2849155045
2145386496,2150629376,2150629376,2135949312,2138046464,2155872256,2155872256,2141192192,2145648640,2147745792,2849171044
2132803584,2161115136,2163212288,2140143616,2130706432,2147483648,2145386496,2127560704,2149318656,2137784320,2849187045
2121269248,2153775104,2145386496,2128609280,2121269248,2139095040,2133852160,2113929216,2137260032,2127036416,2849203067
2121269248,2131755008,2126512128,2105540608,2121269248,2136997888,2133852160,2112880640,2121269248,2126249984,2849219067
2129657856,2133852160,2132803584,2111832064,2129657856,2145386496,2143289344,2124414976,2127036416,2135687168,2849235065
2136997888,2159017984,2152726528,2130706432,2136997888,2155872256,2154823680,2139095040,2144862208,2146697216,2849251067
2132803584,2164260864,2155872256,2151677952,2139095040,2156920832,2157969408,2143289344,2151153664,2149318656,2849267090
2129657856,2154823680,2150629376,2147483648,2131755008,2150629376,2149580800,2130706432,2145648640,2140667904,2849283090
2123366400,2139095040,2141192192,2114977792,2123366400,2141192192,2136997888,2116026368,2129657856,2129395712,2849299085
2116026368,2146435072,2144337920,2120220672,2120220672,2136997888,2132803584,2111832064,2131755008,2125463552,2849315088
2129657856,2143289344,2129657856,2120220672,2127560704,2143289344,2140143616,2121269248,2130706432,2133065728,2849331111
2131755008,2141192192,2143289344,2126512128,2134900736,2154823680,2152726528,2136997888,2135687168,2144862208,2849347108
2149580800,2152726528,2150629376,2139095040,2140143616,2157969408,2156920832,2143289344,2148007936,2149580800,2849364001
2132803584,2163212288,2171600896,2142240768,2133852160,2151677952,2150629376,2134900736,2152464384,2142765056,2849380001
2133852160,2138046464,2136997888,2118123520,2126512128,2141192192,2138046464,2117074944,2131755008,2130706432,2849396001
2128609280,2130706432,2128609280,2102394880,2120220672,2136997888,2132803584,2110783488,2122579968,2125201408,2849412024
2116026368,2138046464,2129657856,2117074944,2124414976,2142240768,2138046464,2118123520,2125201408,2130706432,2849428024
2124414976,2147483648,2155872256,2132803584,2133852160,2151677952,2150629376,2134900736,2140143616,2142765056,2849444023
2139095040,2166358016,2163212288,2152726528,2141192192,2156920832,2156920832,2143289344,2155347968,2149580800,2849460024
2151677952,2148532224,2151677952,2133852160,2135949312,2154823680,2153775104,2136997888,2146435072,2145386496,2849476044
2135949312,2146435072,2149580800,2121269248,2127560704,2144337920,2141192192,2122317824,2138308608,2133852160,2849492045
2116026368,2147483648,2147483648,2124414976,2121269248,2136997888,2132803584,2111832064,2133852160,2125725696,2849508045
2118123520,2144337920,2144337920,2119172096,2122317824,2141192192,2135949312,2116026368,2131492864,2128871424,2849524045
2140143616,2146435072,2136997888,2121269248,2131755008,2150629376,2147483648,2131755008,2136211456,2140405760,2849540065
2140143616,2162163712,2159017984,2144337920,2139095040,2157969408,2156920832,2142240768,2151415808,2149056512,2849556065
2134900736,2155872256,2157969408,2143289344,2136997888,2156920832,2154823680,2141192192,2148007936,2147483648,2849572067
2136997888,2157969408,2156920832,2129657856,2129657856,2146435072,2145386496,2125463552,2145386496,2136735744,2849588068
2118123520,2151677952,2149580800,2130706432,2122317824,2140143616,2133852160,2113929216,2137522176,2127560704,2849604087
2130706432,2128609280,2131755008,2102394880,2121269248,2139095040,2134900736,2112880640,2123366400,2127036416,2849620089
2134900736,2142240768,2138046464,2116026368,2129657856,2147483648,2144337920,2126512128,2132803584,2136997888,2849636087
2138046464,2146435072,2147483648,2129657856,2136997888,2156920832,2155872256,2141192192,2140405760,2147745792,2849652090
2132803584,2161115136,2166358016,2151677952,2138046464,2157969408,2157969408,2143289344,2152988672,2149318656,2849668108
2144337920,2148532224,2151677952,2130706432,2131755008,2148532224,2147483648,2129657856,2143813632,2139357184,2849684111
2129657856,2133852160,2135949312,2110783488,2122317824,2139095040,2135949312,2113929216,2127560704,2127822848,2849701001
2112880640,2146435072,2139095040,2124414976,2121269248,2136997888,2132803584,2111832064,2130706432,2125725696,2849717001
2118123520,2151677952,2151677952,2128609280,2127560704,2145386496,2142240768,2124414976,2137522176,2134900736,2849733001
2125463552,2147483648,2148532224,2131755008,2136997888,2153775104,2153775104,2138046464,2138308608,2145648640,2849749001
2131755008,2155872256,2157969408,2147483648,2139095040,2156920832,2155872256,2143289344,2148270080,2148794368,2849765023
2130706432,2150629376,2155872256,2136997888,2133852160,2151677952,2149580800,2133852160,2143551488,2142240768,2849781024
2121269248,2156920832,2153775104,2139095040,2124414976,2141192192,2138046464,2118123520,2142765056,2130444288,2849797024
2126512128,2141192192,2141192192,2112880640,2121269248,2136997888,2132803584,2110783488,2130444288,2125463552,2849813023
2113929216,2138046464,2130706432,2118123520,2125463552,2143289344,2140143616,2119172096,2125201408,2132017152,2849829046
2124414976,2145386496,2140143616,2126512128,2133852160,2152726528,2151677952,2135949312,2134114304,2143551488,2849845045
2144337920,2148532224,2149580800,2135949312,2140143616,2157969408,2156920832,2143289344,2144600064,2149580800,2849861047
2142240768,2149580800,2152726528,2135949312,2135949312,2152726528,2151677952,2136997888,2145124352,2144337920,2849877044
2121269248,2159017984,2151677952,2138046464,2125463552,2144337920,2139095040,2121269248,2142502912,2132541440,2849893068
2133852160,2130706432,2127560704,2106589184,2120220672,2138046464,2132803584,2110783488,2124677120,2125463552,2849909066
2128609280,2135949312,2127560704,2104492032,2123366400,2140143616,2135949312,2116026368,2124152832,2128871424,2849925066
2120220672,2145386496,2140143616,2126512128,2131755008,2150629376,2149580800,2131755008,2133065728,2140930048,2849941065
2148532224,2157969408,2146435072,2138046464,2139095040,2157969408,2156920832,2143289344,2147745792,2149318656,2849957089
2148532224,2148532224,2150629376,2135949312,2136997888,2155872256,2154823680,2140143616,2145910784,2146959360,2849973088
2128609280,2161115136,2163212288,2144337920,2127560704,2146435072,2144337920,2126512128,2149318656,2136211456,2849989088
2116026368,2139095040,2133852160,2114977792,2120220672,2138046464,2133852160,2112880640,2125987840,2126249984,2850005087
2114977792,2130706432,2132803584,2106589184,2121269248,2139095040,2135949312,2114977792,2121269248,2127822848,2850021110
2134900736,2142240768,2133852160,2116026368,2130706432,2148532224,2146435072,2128609280,2131755008,2138570752,2850038001
2134900736,2166358016,2167406592,2142240768,2139095040,2157969408,2155872256,2142240768,2152726528,2148794368,2850054001
2138046464,2172649472,2170552320,2155872256,2138046464,2156920832,2155872256,2142240768,2159280128,2148270080,2850070001
2145386496,2145386496,2146435072,2128609280,2130706432,2148532224,2146435072,2127560704,2141454336,2138308608,2850086001
2122317824,2145386496,2151677952,2128609280,2122317824,2140143616,2134900736,2114977792,2136997888,2128084992,2850102023
2114977792,2134900736,2139095040,2111832064,2121269248,2136997888,2132803584,2111832064,2125201408,2125725696,2850118024
2118123520,2141192192,2139095040,2120220672,2128609280,2146435072,2143289344,2124414976,2129657856,2135687168,2850134022
2129657856,2159017984,2164260864,2144337920,2135949312,2155872256,2154823680,2140143616,2149318656,2146697216,2850150023
2134900736,2172649472,2170552320,2155872256,2139095040,2157969408,2157969408,2142240768,2158493696,2149318656,2850166047
2132803584,2163212288,2165309440,2146435072,2132803584,2151677952,2149580800,2132803584,2151940096,2141716480,2850182045
2128609280,2153775104,2148532224,2125463552,2123366400,2141192192,2138046464,2117074944,2139095040,2129920000,2850198044
2129657856,2133852160,2127560704,2107637760,2120220672,2136997888,2132803584,2111832064,2124677120,2125463552,2850214046
2126512128,2149580800,2142240768,2120220672,2125463552,2143289344,2139095040,2120220672,2134638592,2132017152,2850230066
2125463552,2159017984,2154823680,2138046464,2134900736,2153775104,2151677952,2135949312,2144337920,2144075776,2850246066
2149580800,2155872256,2159017984,2133852160,2140143616,2159017984,2157969408,2143289344,2149580800,2150105088,2850262066
2135949312,2164260864,2166358016,2151677952,2134900736,2153775104,2152726528,2136997888,2154561536,2144600064,2850278067
2126512128,2155872256,2157969408,2136997888,2125463552,2143289344,2140143616,2120220672,2144337920,2132279296,2850294088
2126512128,2129657856,2127560704,2109734912,2120220672,2136997888,2132803584,2111832064,2123366400,2125463552,2850310088
2126512128,2134900736,2135949312,2106589184,2123366400,2141192192,2138046464,2118123520,2125987840,2130182144,2850326086
2130706432,2154823680,2154823680,2132803584,2132803584,2150629376,2149580800,2131755008,2143289344,2141192192,2850342090
2146435072,2151677952,2147483648,2130706432,2140143616,2157969408,2155872256,2143289344,2144075776,2149318656,2850358108
2136997888,2163212288,2163212288,2140143616,2136997888,2155872256,2153775104,2139095040,2150891520,2146435072,2850374109
2139095040,2143289344,2141192192,2124414976,2127560704,2145386496,2142240768,2123366400,2136997888,2134638592,2850391001
2113929216,2151677952,2141192192,2130706432,2120220672,2138046464,2132803584,2112880640,2134376448,2125987840,2850407001
2116026368,2148532224,2141192192,2124414976,2122317824,2140143616,2135949312,2114977792,2132541440,2128347136,2850423001
2120220672,2152726528,2153775104,2132803584,2130706432,2149580800,2146435072,2129657856,2139881472,2139095040,2850439023
2147483648,2156920832,2150629376,2142240768,2139095040,2156920832,2154823680,2142240768,2149318656,2148270080,2850455023
2146435072,2151677952,2152726528,2135949312,2139095040,2155872256,2156920832,2140143616,2146697216,2148007936,2850471023
2127560704,2166358016,2163212288,2146435072,2130706432,2148532224,2145386496,2127560704,2150891520,2138046464,2850487024
2131755008,2147483648,2140143616,2121269248,2121269248,2139095040,2134900736,2113929216,2135162880,2127298560,2850503044
2109734912,2134900736,2134900736,2109734912,2121269248,2138046464,2133852160,2113929216,2122317824,2126774272,2850519047
2119172096,2153775104,2151677952,2127560704,2128609280,2146435072,2144337920,2125463552,2138046464,2136211456,2850535045
2126512128,2155872256,2157969408,2141192192,2136997888,2154823680,2153775104,2139095040,2145386496,2146172928,2850551044
2132803584,2155872256,2164260864,2141192192,2139095040,2159017984,2156920832,2142240768,2148532224,2149318656,2850567066
2125463552,2171600896,2159017984,2146435072,2131755008,2150629376,2148532224,2131755008,2150629376,2140667904,2850583065
2121269248,2141192192,2138046464,2128609280,2122317824,2141192192,2135949312,2117074944,2132279296,2129133568,2850599067
2116026368,2130706432,2130706432,2104492032,2120220672,2136997888,2132803584,2110783488,2120482816,2125201408,2850615067
2114977792,2151677952,2141192192,2129657856,2125463552,2143289344,2140143616,2122317824,2134376448,2132803584,2850631087
2129657856,2143289344,2143289344,2126512128,2134900736,2154823680,2152726528,2138046464,2135687168,2145124352,2850647088
2142240768,2161115136,2164260864,2144337920,2139095040,2157969408,2156920832,2144337920,2152988672,2149580800,2850663090
2147483648,2160066560,2161115136,2140143616,2134900736,2152726528,2150629376,2135949312,2152202240,2143551488,2850679091
2124414976,2155872256,2153775104,2139095040,2124414976,2143289344,2139095040,2120220672,2143289344,2131755008,2850695111
2120220672,2150629376,2144337920,2121269248,2120220672,2136997888,2131755008,2110783488,2134114304,2124939264,2850711107
2114977792,2138046464,2130706432,2116026368,2124414976,2143289344,2139095040,2119172096,2124939264,2131492864,2850728001
2135949312,2139095040,2135949312,2121269248,2132803584,2152726528,2150629376,2134900736,2133065728,2142765056,2850744001
2146435072,2148532224,2148532224,2134900736,2139095040,2159017984,2157969408,2144337920,2144600064,2150105088,2850760001
2148532224,2159017984,2154823680,2141192192,2135949312,2154823680,2152726528,2138046464,2150891520,2145386496,2850776000
2142240768,2143289344,2140143616,2122317824,2126512128,2143289344,2141192192,2121269248,2136997888,2133065728,2850792023
2126512128,2136997888,2140143616,2107637760,2120220672,2138046464,2132803584,2111832064,2127822848,2125725696,2850808022
2130706432,2129657856,2125463552,2103443456,2122317824,2140143616,2135949312,2116026368,2122317824,2128609280,2850824024
2119172096,2151677952,2138046464,2134900736,2130706432,2149580800,2147483648,2130706432,2135949312,2139619328,2850840022
2140143616,2146435072,2149580800,2131755008,2138046464,2156920832,2156920832,2143289344,2141978624,2148794368,2850856045
2140143616,2152726528,2152726528,2138046464,2138046464,2155872256,2154823680,2140143616,2145910784,2147221504,2850872045
2132803584,2157969408,2159017984,2141192192,2129657856,2147483648,2145386496,2125463552,2147745792,2136997888,2850888045
2118123520,2150629376,2149580800,2129657856,2121269248,2138046464,2133852160,2112880640,2136997888,2126512128,2850904044
2112880640,2132803584,2128609280,2107637760,2121269248,2138046464,2133852160,2113929216,2120482816,2126774272,2850920067
2130706432,2135949312,2130706432,2109734912,2128609280,2147483648,2144337920,2126512128,2126774272,2136735744,2850936066
2145386496,2147483648,2146435072,2127560704,2138046464,2155872256,2154823680,2140143616,2141716480,2147221504,2850952066
2140143616,2169503744,2167406592,2151677952,2139095040,2157969408,2156920832,2142240768,2157182976,2149056512,2850968065
2141192192,2159017984,2157969408,2135949312,2131755008,2150629376,2148532224,2130706432,2148532224,2140405760,2850984089
2119172096,2139095040,2132803584,2117074944,2121269248,2141192192,2136997888,2116026368,2127036416,2128871424,2851000088
2117074944,2149580800,2142240768,2114977792,2120220672,2138046464,2132803584,2112880640,2130968576,2125987840,2851016088
2117074944,2140143616,2139095040,2119172096,2126512128,2144337920,2142240768,2122317824,2128871424,2133852160,2851032088
2125463552,2145386496,2141192192,2130706432,2135949312,2154823680,2153775104,2138046464,2135687168,2145648640,2851048108
2144337920,2150629376,2151677952,2138046464,2139095040,2156920832,2156920832,2143289344,2146172928,2149056512,2851065001
2141192192,2152726528,2151677952,2134900736,2133852160,2150629376,2149580800,2132803584,2145124352,2141716480,2851081001
2122317824,2154823680,2154823680,2132803584,2124414976,2141192192,2138046464,2118123520,2141192192,2130444288,2851097001
2126512128,2129657856,2127560704,2105540608,2120220672,2138046464,2133852160,2111832064,2122317824,2125987840,2851113001
2131755008,2132803584,2126512128,2106589184,2125463552,2143289344,2140143616,2120220672,2124414976,2132279296,2851129024
2129657856,2155872256,2159017984,2136997888,2134900736,2153775104,2150629376,2135949312,2145386496,2143813632,2851145023
2151677952,2152726528,2150629376,2133852160,2139095040,2157969408,2157969408,2143289344,2147221504,2149580800,2851161023
2131755008,2162163712,2153775104,2149580800,2134900736,2153775104,2152726528,2136997888,2149318656,2144600064,2851177024
2123366400,2147483648,2147483648,2132803584,2126512128,2143289344,2140143616,2121269248,2137784320,2132803584,2851193045
2114977792,2135949312,2141192192,2113929216,2120220672,2136997888,2132803584,2110783488,2126512128,2125201408,2851209046
2121269248,2143289344,2136997888,2112880640,2123366400,2141192192,2136997888,2117074944,2128609280,2129657856,2851225044
2126512128,2154823680,2150629376,2129657856,2132803584,2150629376,2149580800,2131755008,2140405760,2141192192,2851241045
2130706432,2163212288,2167406592,2150629376,2138046464,2157969408,2157969408,2143289344,2152988672,2149318656,2851257067
2140143616,2169503744,2165309440,2146435072,2136997888,2156920832,2155872256,2141192192,2155347968,2147745792,2851273067
2145386496,2145386496,2142240768,2126512128,2128609280,2146435072,2143289344,2125463552,2139881472,2135949312,2851289066
2122317824,2134900736,2129657856,2112880640,2121269248,2138046464,2133852160,2111832064,2124939264,2126249984,2851305067
2112880640,2134900736,2131755008,2113929216,2122317824,2139095040,2134900736,2113929216,2123366400,2127560704,2851321086
2124414976,2154823680,2147483648,2126512128,2128609280,2148532224,2146435072,2127560704,2138308608,2137784320,2851337087
2129657856,2154823680,2159017984,2142240768,2139095040,2155872256,2155872256,2141192192,2146435072,2148007936,2851353087
2138046464,2152726528,2151677952,2139095040,2139095040,2156920832,2156920832,2141192192,2145386496,2148532224,2851369088
2145386496,2156920832,2146435072,2138046464,2130706432,2148532224,2146435072,2129657856,2146697216,2138832896,2851385108
2118123520,2147483648,2144337920,2126512128,2123366400,2140143616,2135949312,2113929216,2134114304,2128347136,2851401109
2126512128,2130706432,2126512128,2102394880,2121269248,2138046464,2134900736,2111832064,2121531392,2126512128,2851418001
2122317824,2150629376,2146435072,2125463552,2128609280,2145386496,2142240768,2124414976,2136211456,2135162880,2851434001
2130706432,2161115136,2161115136,2142240768,2136997888,2155872256,2154823680,2139095040,2148794368,2146697216,2851450001
2132803584,2172649472,2169503744,2160066560,2139095040,2157969408,2157969408,2143289344,2158755840,2149580800,2851466024
2129657856,2153775104,2154823680,2141192192,2132803584,2150629376,2149580800,2130706432,2144862208,2140930048,2851482022
2118123520,2147483648,2144337920,2127560704,2123366400,2141192192,2138046464,2118123520,2134376448,2130182144,2851498023
2116026368,2147483648,2144337920,2122317824,2120220672,2138046464,2133852160,2110783488,2132541440,2125725696,2851514023
2114977792,2139095040,2132803584,2118123520,2126512128,2143289344,2140143616,2120220672,2126249984,2132541440,2851530047
2138046464,2140143616,2140143616,2121269248,2134900736,2152726528,2151677952,2135949312,2134900736,2143813632,2851546044
2142240768,2164260864,2163212288,2146435072,2141192192,2157969408,2156920832,2143289344,2154037248,2149842944,2851562045
2135949312,2151677952,2150629376,2139095040,2133852160,2153775104,2152726528,2135949312,2144337920,2144075776,2851578045
2123366400,2153775104,2147483648,2136997888,2125463552,2143289344,2140143616,2120220672,2140405760,2132279296,2851594066
2120220672,2145386496,2142240768,2119172096,2119172096,2138046464,2132803584,2112880640,2131755008,2125725696,2851610064
2129657856,2133852160,2133852160,2109734912,2124414976,2141192192,2138046464,2117074944,2126774272,2130182144,2851626066
2121269248,2147483648,2144337920,2129657856,2132803584,2151677952,2149580800,2133852160,2135687168,2141978624,2851642067
2144337920,2156920832,2159017984,2133852160,2139095040,2157969408,2157969408,2143289344,2148532224,2149580800,2851658087
2153775104,2150629376,2150629376,2133852160,2136997888,2154823680,2153775104,2139095040,2147221504,2146172928,2851674087
2145386496,2145386496,2140143616,2124414976,2128609280,2145386496,2143289344,2124414976,2138832896,2135425024,2851690088
2123366400,2146435072,2150629376,2123366400,2121269248,2138046464,2132803584,2111832064,2135949312,2125987840,2851706087
2127560704,2130706432,2126512128,2102394880,2122317824,2140143616,2135949312,2114977792,2121793536,2128347136,2851722111
2135949312,2136997888,2132803584,2113929216,2131755008,2147483648,2146435072,2127560704,2129920000,2138308608,2851738108
2127560704,2152726528,2160066560,2139095040,2138046464,2156920832,2156920832,2142240768,2144862208,2148532224,2851755001
2131755008,2166358016,2152726528,2154823680,2138046464,2156920832,2154823680,2141192192,2151415808,2147745792,2851771001
2136997888,2144337920,2147483648,2125463552,2129657856,2147483648,2145386496,2127560704,2138570752,2137522176,2851787001
2121269248,2153775104,2150629376,2129657856,2122317824,2139095040,2134900736,2112880640,2138832896,2127298560,2851803000
2119172096,2130706432,2125463552,2104492032,2121269248,2139095040,2134900736,2112880640,2119958528,2127036416,2851819023
2118123520,2151677952,2149580800,2130706432,2128609280,2146435072,2144337920,2125463552,2137522176,2136211456,2851835024
2143289344,2146435072,2143289344,2128609280,2138046464,2155872256,2154823680,2140143616,2140405760,2147221504,2851851023
2142240768,2153775104,2152726528,2139095040,2140143616,2156920832,2156920832,2142240768,2146959360,2149056512,2851867022
2141192192,2150629376,2149580800,2134900736,2133852160,2149580800,2148532224,2131755008,2144075776,2140930048,2851883045
2122317824,2142240768,2136997888,2124414976,2122317824,2141192192,2136997888,2117074944,2131492864,2129395712,2851899046
2112880640,2140143616,2141192192,2122317824,2121269248,2135949312,2132803584,2110783488,2129133568,2125201408,2851915045
2135949312,2140143616,2133852160,2110783488,2127560704,2143289344,2140143616,2121269248,2130182144,2133065728,2851931045
2143289344,2142240768,2141192192,2125463552,2135949312,2153775104,2152726528,2136997888,2138046464,2144862208,2851947066
2151677952,2162163712,2149580800,2138046464,2140143616,2159017984,2156920832,2143289344,2150367232,2149842944,2851963066
2132803584,2155872256,2164260864,2145386496,2134900736,2152726528,2151677952,2134900736,2149580800,2143551488,2851979068
2127560704,2141192192,2141192192,2122317824,2125463552,2142240768,2139095040,2119172096,2133065728,2131492864,2851995066
2119172096,2146435072,2146435072,2117074944,2120220672,2138046464,2132803584,2111832064,2132279296,2125725696,2852011088
2126512128,2142240768,2138046464,2112880640,2124414976,2141192192,2138046464,2118123520,2129920000,2130444288,2852027088
2127560704,2149580800,2149580800,2131755008,2132803584,2151677952,2150629376,2133852160,2139619328,2142240768,2852043088
2139095040,2159017984,2163212288,2140143616,2139095040,2157969408,2157969408,2144337920,2150367232,2149842944,2852059085
2139095040,2168455168,2165309440,2146435072,2135949312,2154823680,2153775104,2139095040,2154823680,2145910784,2852075107
2130706432,2154823680,2155872256,2135949312,2127560704,2144337920,2141192192,2122317824,2144337920,2133852160,2852092001
2114977792,2134900736,2134900736,2110783488,2120220672,2138046464,2133852160,2111832064,2123890688,2125987840,2852108001
2126512128,2129657856,2128609280,2105540608,2123366400,2141192192,2135949312,2116026368,2122579968,2129133568,2852124000
2134900736,2136997888,2134900736,2114977792,2131755008,2149580800,2147483648,2130706432,2130444288,2139881472,2852140001
2128609280,2160066560,2159017984,2148532224,2139095040,2157969408,2157969408,2142240768,2149056512,2149318656,2852156024
2133852160,2156920832,2168455168,2148532224,2138046464,2155872256,2155872256,2141192192,2151940096,2147745792,2852172022
2132803584,2164260864,2157969408,2143289344,2128609280,2147483648,2145386496,2127560704,2149580800,2137260032,2852188023
2122317824,2150629376,2146435072,2128609280,2122317824,2138046464,2134900736,2112880640,2136997888,2127036416,2852204024
2112880640,2144337920,2143289344,2120220672,2121269248,2139095040,2134900736,2112880640,2130182144,2127036416,2852220048
2130706432,2133852160,2133852160,2112880640,2129657856,2147483648,2144337920,2126512128,2127822848,2136997888,2852236046
2141192192,2145386496,2143289344,2129657856,2138046464,2156920832,2155872256,2141192192,2139881472,2148007936,2852252046
2149580800,2152726528,2152726528,2134900736,2140143616,2156920832,2155872256,2142240768,2147483648,2148794368,2852268045
2145386496,2149580800,2146435072,2131755008,2131755008,2149580800,2147483648,2129657856,2143289344,2139619328,2852284068
2122317824,2151677952,2149580800,2132803584,2123366400,2140143616,2135949312,2114977792,2139095040,2128609280,2852300068
2126512128,2144337920,2136997888,2110783488,2121269248,2138046464,2132803584,2111832064,2129657856,2125987840,2852316065
2131755008,2146435072,2140143616,2119172096,2127560704,2145386496,2141192192,2122317824,2134376448,2134114304,2852332065
2136997888,2156920832,2155872256,2138046464,2135949312,2154823680,2153775104,2139095040,2146959360,2145910784,2852348089
2154823680,2148532224,2151677952,2133852160,2139095040,2157969408,2159017984,2143289344,2147221504,2149842944,2852364087
2130706432,2149580800,2153775104,2138046464,2133852160,2151677952,2150629376,2134900736,2143027200,2142765056,2852380086
2124414976,2157969408,2155872256,2131755008,2125463552,2141192192,2139095040,2118123520,2142502912,2130968576,2852396087
2121269248,2130706432,2128609280,2106589184,2120220672,2136997888,2132803584,2111832064,2121793536,2125463552,2852412110
2134900736,2132803584,2127560704,2107637760,2125463552,2141192192,2139095040,2118123520,2125725696,2130968576,2852428108
2135949312,2140143616,2141192192,2121269248,2134900736,2151677952,2150629376,2133852160,2134638592,2142765056,2852445000
2132803584,2169503744,2164260864,2155872256,2140143616,2157969408,2157969408,2143289344,2155610112,2149842944,2852461001
2129657856,2165309440,2157969408,2154823680,2135949312,2153775104,2152726528,2136997888,2151940096,2144862208,2852477001
2125463552,2160066560,2157969408,2143289344,2125463552,2143289344,2141192192,2121269248,2146697216,2132803584,2852493024
2130706432,2130706432,2129657856,2104492032,2120220672,2138046464,2132803584,2111832064,2123890688,2125725696,2852509024
2118123520,2151677952,2146435072,2119172096,2122317824,2141192192,2136997888,2117074944,2133852160,2129395712,2852525023
2130706432,2154823680,2149580800,2130706432,2130706432,2151677952,2149580800,2131755008,2141454336,2140930048,2852541023
2134900736,2163212288,2163212288,2144337920,2139095040,2157969408,2156920832,2143289344,2151415808,2149318656,2852557046
2141192192,2170552320,2162163712,2151677952,2138046464,2155872256,2154823680,2140143616,2156396544,2147221504,2852573044
2124414976,2151677952,2147483648,2139095040,2128609280,2145386496,2143289344,2124414976,2140667904,2135425024,2852589045
2116026368,2145386496,2139095040,2126512128,2121269248,2139095040,2134900736,2113929216,2131755008,2127298560,2852605047
2126512128,2127560704,2124414976,2102394880,2121269248,2139095040,2135949312,2113929216,2120220672,2127560704,2852621067
2126512128,2146435072,2142240768,2123366400,2129657856,2148532224,2145386496,2127560704,2134638592,2137784320,2852637065
2132803584,2157969408,2166358016,2138046464,2138046464,2156920832,2156920832,2141192192,2148794368,2148270080,2852653068
2146435072,2151677952,2149580800,2135949312,2139095040,2157969408,2156920832,2142240768,2145910784,2149056512,2852669068
2134900736,2163212288,2163212288,2146435072,2131755008,2148532224,2146435072,2129657856,2151940096,2139095040,2852685089
2121269248,2154823680,2146435072,2125463552,2121269248,2140143616,2135949312,2114977792,2136997888,2128084992,2852701086
2117074944,2129657856,2125463552,2109734912,2120220672,2138046464,2133852160,2111832064,2120482816,2125987840,2852717088
2130706432,2141192192,2135949312,2108686336,2127560704,2144337920,2143289344,2123366400,2129133568,2134638592,2852733087
2130706432,2166358016,2160066560,2146435072,2136997888,2154823680,2153775104,2139095040,2150891520,2146172928,2852749108
2143289344,2163212288,2161115136,2144337920,2140143616,2156920832,2157969408,2142240768,2152988672,2149318656,2852765105
2136997888,2166358016,2165309440,2146435072,2133852160,2149580800,2148532224,2131755008,2153775104,2140930048,2852782001
2129657856,2136997888,2132803584,2114977792,2124414976,2140143616,2136997888,2116026368,2128609280,2129395712,2852798001
2112880640,2140143616,2133852160,2122317824,2120220672,2136997888,2132803584,2110783488,2127298560,2125201408,2852814001
2123366400,2142240768,2140143616,2110783488,2126512128,2143289344,2140143616,2121269248,2129133568,2132803584,2852830000
2131755008,2156920832,2155872256,2138046464,2135949312,2153775104,2152726528,2136997888,2145648640,2144862208,2852846023
2133852160,2153775104,2151677952,2139095040,2140143616,2157969408,2157969408,2143289344,2144600064,2149842944,2852862023
2132803584,2153775104,2149580800,2139095040,2134900736,2152726528,2150629376,2134900736,2143813632,2143289344,2852878023
2123366400,2150629376,2148532224,2135949312,2125463552,2143289344,2140143616,2120220672,2139619328,2132279296,2852894025
2114977792,2140143616,2136997888,2119172096,2120220672,2136997888,2132803584,2111832064,2127822848,2125463552,2852910046
2117074944,2147483648,2146435072,2118123520,2124414976,2140143616,2136997888,2116026368,2132279296,2129395712,2852926045
2134900736,2141192192,2135949312,2122317824,2132803584,2151677952,2148532224,2132803584,2133590016,2141454336,2852942044
2148532224,2146435072,2148532224,2132803584,2139095040,2156920832,2157969408,2142240768,2144075776,2149056512,2852958043
2147483648,2151677952,2149580800,2134900736,2136997888,2155872256,2154823680,2140143616,2145910784,2146959360,2852974066
2127560704,2156920832,2160066560,2142240768,2127560704,2146435072,2143289344,2124414976,2146697216,2135425024,2852990069
2118123520,2156920832,2149580800,2125463552,2121269248,2136997888,2133852160,2111832064,2137522176,2125987840,2853006067
2112880640,2147483648,2145386496,2121269248,2123366400,2139095040,2134900736,2113929216,2131755008,2127822848,2853022064
2119172096,2154823680,2150629376,2130706432,2130706432,2148532224,2145386496,2128609280,2138832896,2138308608,2853038089
2128609280,2155872256,2159017984,2143289344,2138046464,2156920832,2155872256,2141192192,2146697216,2148007936,2853054088
2134900736,2166358016,2165309440,2149580800,2139095040,2156920832,2155872256,2142240768,2154037248,2148532224,2853070088
2146435072,2146435072,2146435072,2128609280,2130706432,2148532224,2145386496,2127560704,2141978624,2138046464,2853086086
2125463552,2147483648,2146435072,2125463552,2121269248,2139095040,2134900736,2113929216,2136211456,2127298560,2853102110
2122317824,2129657856,2129657856,2104492032,2121269248,2139095040,2132803584,2112880640,2121531392,2126512128,2853119001
2129657856,2133852160,2129657856,2111832064,2128609280,2146435072,2143289344,2126512128,2126249984,2136211456,2853135001
2138046464,2144337920,2147483648,2127560704,2138046464,2154823680,2154823680,2139095040,2139357184,2146697216,2853151001
2147483648,2165309440,2159017984,2146435072,2139095040,2157969408,2156920832,2142240768,2154561536,2149056512,2853167001
2130706432,2149580800,2147483648,2134900736,2132803584,2150629376,2147483648,2131755008,2140667904,2140667904,2853183023
2131755008,2138046464,2133852160,2118123520,2123366400,2140143616,2136997888,2116026368,2130444288,2129133568,2853199023
2127560704,2127560704,2125463552,2100297728,2121269248,2138046464,2132803584,2111832064,2120220672,2125987840,2853215022
2117074944,2133852160,2143289344,2114977792,2126512128,2144337920,2140143616,2121269248,2127298560,2133065728,2853231022
2139095040,2143289344,2141192192,2122317824,2135949312,2153775104,2151677952,2136997888,2136473600,2144600064,2853247045
2135949312,2165309440,2169503744,2148532224,2139095040,2157969408,2157969408,2144337920,2154823680,2149842944,2853263045
2140143616,2151677952,2149580800,2139095040,2134900736,2151677952,2151677952,2133852160,2145124352,2143027200,2853279046
2123366400,2143289344,2141192192,2126512128,2125463552,2142240768,2139095040,2119172096,2133590016,2131492864,2853295047
2114977792,2147483648,2145386496,2122317824,2119172096,2138046464,2132803584,2111832064,2132541440,2125463552,2853311066
2114977792,2139095040,2143289344,2118123520,2124414976,2141192192,2138046464,2118123520,2128871424,2130444288,2853327068
2132803584,2141192192,2139095040,2122317824,2134900736,2150629376,2150629376,2132803584,2133852160,2142240768,2853343067
2129657856,2167406592,2167406592,2146435072,2139095040,2157969408,2157969408,2143289344,2152726528,2149580800,2853359066
2150629376,2150629376,2148532224,2135949312,2136997888,2154823680,2153775104,2138046464,2146435072,2145910784,2853375088
2124414976,2164260864,2152726528,2147483648,2127560704,2144337920,2141192192,2123366400,2147221504,2134114304,2853391088
2132803584,2131755008,2128609280,2109734912,2120220672,2139095040,2133852160,2112880640,2125725696,2126512128,2853407087
2117074944,2146435072,2143289344,2117074944,2123366400,2138046464,2133852160,2113929216,2130968576,2127298560,2853423088
2120220672,2155872256,2155872256,2131755008,2131755008,2148532224,2146435072,2129657856,2140930048,2139095040,2853439109
2142240768,2148532224,2149580800,2132803584,2139095040,2157969408,2156920832,2142240768,2143289344,2149056512,2853455107
2134900736,2166358016,2150629376,2155872256,2138046464,2155872256,2154823680,2141192192,2151940096,2147483648,2853472000
2129657856,2145386496,2149580800,2129657856,2129657856,2146435072,2144337920,2125463552,2138570752,2136473600,2853488001
2130706432,2132803584,2129657856,2109734912,2121269248,2138046464,2133852160,2112880640,2125725696,2126512128,2853504001
2119172096,2143289344,2138046464,2104492032,2122317824,2138046464,2133852160,2112880640,2126249984,2126774272,2853520022
2138046464,2135949312,2131755008,2118123520,2128609280,2146435072,2145386496,2126512128,2130968576,2136735744,2853536023
2145386496,2148532224,2146435072,2127560704,2138046464,2154823680,2155872256,2140143616,2141978624,2147221504,2853552023
2150629376,2150629376,2150629376,2135949312,2139095040,2156920832,2156920832,2141192192,2146959360,2148532224,2853568023
2128609280,2161115136,2161115136,2147483648,2130706432,2150629376,2148532224,2130706432,2149580800,2140143616,2853584044
2118123520,2147483648,2143289344,2129657856,2123366400,2139095040,2134900736,2114977792,2134638592,2128084992,2853600046
2113929216,2141192192,2142240768,2117074944,2120220672,2138046464,2133852160,2111832064,2128609280,2125987840,2853616045
2118123520,2133852160,2130706432,2110783488,2127560704,2144337920,2141192192,2122317824,2123366400,2133852160,2853632045
2128609280,2157969408,2156920832,2141192192,2135949312,2153775104,2153775104,2138046464,2146172928,2145386496,2853648066
2143289344,2154823680,2152726528,2139095040,2140143616,2157969408,2157969408,2144337920,2147483648,2150105088,2853664066
2132803584,2164260864,2168455168,2149580800,2133852160,2151677952,2149580800,2133852160,2153775104,2142240768,2853680066
2123366400,2148532224,2155872256,2130706432,2124414976,2142240768,2139095040,2119172096,2139619328,2131230720,2853696066
2126512128,2144337920,2128609280,2112880640,2119172096,2136997888,2132803584,2110783488,2128084992,2124939264,2853712090
2129657856,2139095040,2126512128,2105540608,2125463552,2142240768,2139095040,2118123520,2125201408,2131230720,2853728086
2139095040,2150629376,2146435072,2128609280,2134900736,2152726528,2149580800,2134900736,2141192192,2143027200,2853744088
2143289344,2163212288,2161115136,2138046464,2140143616,2157969408,2156920832,2143289344,2151415808,2149580800,2853760088
2133852160,2155872256,2147483648,2143289344,2135949312,2154823680,2152726528,2136997888,2145124352,2145124352,2853776109
2125463552,2159017984,2157969408,2142240768,2127560704,2143289344,2140143616,2121269248,2146172928,2133065728,2853792107
2125463552,2132803584,2130706432,2109734912,2120220672,2136997888,2132803584,2111832064,2124677120,2125463552,2853809001
2116026368,2132803584,2136997888,2109734912,2123366400,2141192192,2135949312,2116026368,2123890688,2129133568,2853825001
2125463552,2153775104,2151677952,2132803584,2131755008,2150629376,2147483648,2131755008,2140930048,2140405760,2853841001
2130706432,2151677952,2160066560,2140143616,2139095040,2156920832,2157969408,2142240768,2145648640,2149056512,2853857001
2145386496,2165309440,2161115136,2146435072,2136997888,2155872256,2153775104,2139095040,2154561536,2146435072,2853873023
2130706432,2163212288,2161115136,2144337920,2128609280,2146435072,2144337920,2125463552,2149842944,2136211456,2853889023
2117074944,2136997888,2129657856,2114977792,2121269248,2138046464,2132803584,2112880640,2124677120,2126249984,2853905023
2128609280,2139095040,2133852160,2111832064,2122317824,2139095040,2134900736,2113929216,2128347136,2127560704,2853921023
2119172096,2140143616,2139095040,2121269248,2129657856,2147483648,2145386496,2127560704,2129920000,2137522176,2853937044
2127560704,2157969408,2149580800,2147483648,2138046464,2156920832,2155872256,2141192192,2145648640,2148007936,2853953045
2132803584,2162163712,2168455168,2150629376,2139095040,2157969408,2156920832,2142240768,2153512960,2149056512,2853969046
2127560704,2155872256,2151677952,2143289344,2130706432,2149580800,2146435072,2129657856,2144600064,2139095040,2853985044
2127560704,2135949312,2131755008,2113929216,2123366400,2138046464,2133852160,2113929216,2127298560,2127298560,2854001066
2129657856,2129657856,2125463552,2105540608,2120220672,2138046464,2133852160,2111832064,2122579968,2125987840,2854017066
2117074944,2148532224,2148532224,2128609280,2127560704,2144337920,2142240768,2123366400,2135687168,2134376448,2854033067
2140143616,2145386496,2143289344,2126512128,2135949312,2154823680,2153775104,2138046464,2138832896,2145648640,2854049065
2148532224,2150629376,2161115136,2139095040,2139095040,2157969408,2157969408,2143289344,2149842944,2149580800,2854065089
2130706432,2153775104,2156920832,2140143616,2133852160,2149580800,2148532224,2131755008,2145386496,2140930048,2854081088
2122317824,2151677952,2152726528,2134900736,2124414976,2141192192,2138046464,2118123520,2140405760,2130444288,2854097088
2112880640,2129657856,2126512128,2111832064,2119172096,2138046464,2133852160,2110783488,2120220672,2125463552,2854113088
2120220672,2151677952,2143289344,2119172096,2124414976,2143289344,2139095040,2120220672,2133590016,2131755008,2854129110
2144337920,2146435072,2141192192,2124414976,2134900736,2153775104,2152726528,2135949312,2139095040,2144337920,2854146001
2142240768,2164260864,2160066560,2146435072,2139095040,2157969408,2157969408,2143289344,2153250816,2149580800,2854162001
2138046464,2168455168,2165309440,2146435072,2134900736,2153775104,2152726528,2135949312,2154561536,2144337920,2854178001
2146435072,2141192192,2141192192,2118123520,2126512128,2142240768,2140143616,2119172096,2136735744,2132017152,2854194001
2114977792,2150629376,2147483648,2124414976,2120220672,2138046464,2132803584,2111832064,2134376448,2125725696,2854210023
2127560704,2132803584,2128609280,2105540608,2123366400,2141192192,2136997888,2117074944,2123628544,2129657856,2854226022
2122317824,2143289344,2139095040,2124414976,2132803584,2151677952,2148532224,2132803584,2132279296,2141454336,2854242023
2131755008,2159017984,2166358016,2146435072,2140143616,2156920832,2156920832,2142240768,2150891520,2149056512,2854258023
2133852160,2170552320,2170552320,2154823680,2136997888,2154823680,2154823680,2138046464,2157445120,2146172928,2854274045
2142240768,2142240768,2140143616,2125463552,2128609280,2145386496,2142240768,2124414976,2137522176,2135162880,2854290046
2114977792,2136997888,2136997888,2113929216,2121269248,2136997888,2133852160,2111832064,2125725696,2125987840,2854306044
2126512128,2131755008,2124414976,2106589184,2122317824,2139095040,2135949312,2113929216,2122317824,2127822848,2854322045
2117074944,2157969408,2147483648,2138046464,2130706432,2148532224,2146435072,2128609280,2140143616,2138570752,2854338066
2139095040,2161115136,2159017984,2145386496,2138046464,2156920832,2156920832,2142240768,2151153664,2148532224,2854354066
2149580800,2159017984,2156920832,2138046464,2138046464,2156920832,2155872256,2141192192,2150891520,2148007936,2854370069
2128609280,2152726528,2153775104,2139095040,2129657856,2148532224,2145386496,2128609280,2143551488,2138046464,2854386067
2120220672,2153775104,2148532224,2126512128,2121269248,2140143616,2135949312,2113929216,2137260032,2127822848,2854402088
2112880640,2135949312,2134900736,2114977792,2121269248,2138046464,2132803584,2111832064,2124677120,2125987840,2854418089
2117074944,2136997888,2134900736,2117074944,2128609280,2145386496,2142240768,2124414976,2126512128,2135162880,2854434086
2138046464,2146435072,2144337920,2128609280,2136997888,2155872256,2154823680,2140143616,2139357184,2146959360,2854450088
2133852160,2170552320,2168455168,2160066560,2139095040,2157969408,2157969408,2143289344,2158231552,2149580800,2854466108
2148532224,2146435072,2148532224,2132803584,2132803584,2150629376,2149580800,2131755008,2144075776,2141192192,2854482111
2118123520,2148532224,2143289344,2129657856,2123366400,2140143616,2135949312,2116026368,2134900736,2128871424,2854499001
2113929216,2133852160,2131755008,2110783488,2120220672,2138046464,2132803584,2111832064,2122579968,2125725696,2854515001
2133852160,2138046464,2132803584,2111832064,2126512128,2143289344,2140143616,2120220672,2129133568,2132541440,2854531001
2143289344,2140143616,2139095040,2121269248,2135949312,2154823680,2152726528,2136997888,2135949312,2145124352,2854547023
2143289344,2168455168,2162163712,2149580800,2140143616,2159017984,2156920832,2143289344,2155872256,2149842944,2854563022
2144337920,2148532224,2156920832,2133852160,2134900736,2152726528,2151677952,2134900736,2145910784,2143551488,2854579024
2139095040,2139095040,2139095040,2116026368,2126512128,2142240768,2138046464,2119172096,2133327872,2131492864,2854595025
2131755008,2146435072,2127560704,2109734912,2121269248,2136997888,2132803584,2110783488,2128871424,2125463552,2854611044
2127560704,2143289344,2140143616,2117074944,2124414976,2141192192,2136997888,2118123520,2132017152,2130182144,2854627044
2122317824,2143289344,2140143616,2126512128,2133852160,2151677952,2149580800,2133852160,2133065728,2142240768,2854643045
2144337920,2152726528,2159017984,2133852160,2140143616,2156920832,2157969408,2142240768,2147483648,2149318656,2854659045
2135949312,2170552320,2170552320,2152726528,2136997888,2154823680,2153775104,2138046464,2157445120,2145910784,2854675067
2138046464,2140143616,2139095040,2121269248,2127560704,2144337920,2141192192,2123366400,2134638592,2134114304,2854691065
2119172096,2153775104,2146435072,2121269248,2121269248,2138046464,2132803584,2111832064,2135162880,2125987840,2854707067
2113929216,2134900736,2127560704,2113929216,2122317824,2140143616,2134900736,2116026368,2122579968,2128347136,2854723069
2129657856,2139095040,2134900736,2116026368,2131755008,2149580800,2146435072,2129657856,2129920000,2139357184,2854739087
2140143616,2157969408,2161115136,2134900736,2138046464,2156920832,2156920832,2142240768,2148532224,2148532224,2854755086
2149580800,2156920832,2154823680,2136997888,2138046464,2155872256,2155872256,2141192192,2149580800,2147745792,2854771087
2132803584,2156920832,2162163712,2129657856,2129657856,2147483648,2145386496,2126512128,2145386496,2137260032,2854787089
2128609280,2136997888,2130706432,2113929216,2121269248,2140143616,2134900736,2113929216,2127560704,2127560704,2854803109
2113929216,2131755008,2125463552,2108686336,2120220672,2139095040,2134900736,2113929216,2119958528,2127036416,2854819108
2118123520,2153775104,2151677952,2127560704,2129657856,2146435072,2144337920,2125463552,2137784320,2136473600,2854836001
2128609280,2159017984,2150629376,2148532224,2138046464,2155872256,2154823680,2141192192,2146697216,2147483648,2854852001
2148532224,2150629376,2150629376,2136997888,2139095040,2157969408,2156920832,2142240768,2146697216,2149056512,2854868001
2135949312,2149580800,2144337920,2131755008,2130706432,2150629376,2147483648,2130706432,2140405760,2139881472,2854884001
2136997888,2149580800,2138046464,2120220672,2123366400,2140143616,2135949312,2114977792,2136211456,2128609280,2854900023
2119172096,2146435072,2141192192,2118123520,2120220672,2138046464,2133852160,2111832064,2131230720,2125987840,2854916024
2116026368,2148532224,2143289344,2127560704,2126512128,2145386496,2141192192,2123366400,2133852160,2134114304,2854932023
2124414976,2163212288,2150629376,2147483648,2136997888,2154823680,2153775104,2138046464,2146435072,2145910784,2854948024
2139095040,2167406592,2167406592,2152726528,2140143616,2157969408,2157969408,2143289344,2156658688,2149842944,2854964047
2144337920,2165309440,2159017984,2146435072,2133852160,2152726528,2150629376,2134900736,2153775104,2143027200,2854980047
2131755008,2146435072,2148532224,2121269248,2124414976,2142240768,2138046464,2118123520,2136997888,2130706432,2854996045
2128609280,2133852160,2134900736,2107637760,2120220672,2136997888,2132803584,2110783488,2126249984,2125201408,2855012044
2114977792,2136997888,2131755008,2114977792,2125463552,2142240768,2138046464,2118123520,2124677120,2130968576,2855028066
2122317824,2150629376,2150629376,2133852160,2134900736,2152726528,2150629376,2134900736,2139357184,2143289344,2855044067
2147483648,2150629376,2156920832,2133852160,2140143616,2157969408,2156920832,2143289344,2147221504,2149580800,2855060067
2131755008,2150629376,2155872256,2138046464,2135949312,2154823680,2153775104,2138046464,2144075776,2145648640,2855076065
2129657856,2142240768,2142240768,2125463552,2127560704,2144337920,2140143616,2122317824,2134900736,2133590016,2855092089
2116026368,2147483648,2148532224,2126512128,2119172096,2138046464,2133852160,2112880640,2134638592,2125987840,2855108087
2133852160,2130706432,2126512128,2102394880,2123366400,2140143616,2135949312,2114977792,2123366400,2128609280,2855124086
2129657856,2155872256,2148532224,2129657856,2131755008,2150629376,2146435072,2130706432,2140930048,2139881472,2855140086
2146435072,2146435072,2145386496,2129657856,2139095040,2157969408,2157969408,2143289344,2141978624,2149580800,2855156110
2138046464,2166358016,2164260864,2146435072,2138046464,2155872256,2154823680,2139095040,2153775104,2146959360,2855173001
2133852160,2164260864,2159017984,2140143616,2128609280,2146435072,2144337920,2125463552,2149318656,2136211456,2855189001
2117074944,2149580800,2148532224,2129657856,2121269248,2138046464,2133852160,2112880640,2136211456,2126512128,2855205001
2119172096,2146435072,2136997888,2116026368,2121269248,2139095040,2135949312,2112880640,2129657856,2127298560,2855221001
2119172096,2140143616,2135949312,2121269248,2129657856,2148532224,2146435072,2127560704,2129133568,2138046464,2855237024
2145386496,2145386496,2145386496,2128609280,2138046464,2155872256,2154823680,2141192192,2141192192,2147483648,2855253025
2140143616,2167406592,2169503744,2150629376,2140143616,2155872256,2155872256,2141192192,2156920832,2148270080,2855269022
2142240768,2146435072,2144337920,2132803584,2131755008,2148532224,2146435072,2129657856,2141454336,2139095040,2855285024
2136997888,2142240768,2136997888,2113929216,2122317824,2140143616,2134900736,2114977792,2132541440,2128084992,2855301045
2117074944,2151677952,2145386496,2119172096,2121269248,2136997888,2132803584,2111832064,2133327872,2125725696,2855317045
2116026368,2141192192,2138046464,2120220672,2127560704,2144337920,2142240768,2123366400,2128871424,2134376448,2855333044
2127560704,2165309440,2161115136,2144337920,2135949312,2155872256,2153775104,2138046464,2149580800,2145910784,2855349047
2142240768,2153775104,2155872256,2139095040,2139095040,2157969408,2157969408,2143289344,2147745792,2149580800,2855365068
2140143616,2163212288,2157969408,2146435072,2133852160,2151677952,2149580800,2132803584,2151940096,2141978624,2855381067
2123366400,2146435072,2150629376,2128609280,2124414976,2142240768,2138046464,2118123520,2137260032,2130706432,2855397064
2119172096,2146435072,2141192192,2120220672,2121269248,2136997888,2132803584,2110783488,2131755008,2125463552,2855413067
2123366400,2146435072,2142240768,2114977792,2125463552,2143289344,2139095040,2120220672,2131755008,2132017152,2855429087
2133852160,2143289344,2139095040,2122317824,2134900736,2152726528,2150629376,2134900736,2134638592,2143289344,2855445088
2141192192,2163212288,2165309440,2142240768,2140143616,2157969408,2157969408,2143289344,2152988672,2149842944,2855461086
2145386496,2149580800,2149580800,2136997888,2134900736,2152726528,2152726528,2135949312,2145386496,2144075776,2855477088
2136997888,2153775104,2150629376,2131755008,2125463552,2144337920,2141192192,2122317824,2143289344,2133327872,2855493109
2130706432,2134900736,2129657856,2106589184,2120220672,2136997888,2132803584,2110783488,2125463552,2125201408,2855509109
2112880640,2148532224,2144337920,2124414976,2123366400,2142240768,2136997888,2118123520,2132541440,2130182144,2855526001
2125463552,2157969408,2151677952,2131755008,2132803584,2150629376,2149580800,2131755008,2141716480,2141192192,2855542001
2150629376,2157969408,2148532224,2134900736,2139095040,2157969408,2156920832,2143289344,2148007936,2149318656,2855558001
2131755008,2160066560,2149580800,2149580800,2136997888,2155872256,2153775104,2139095040,2147745792,2146435072,2855574023
2131755008,2142240768,2144337920,2125463552,2128609280,2145386496,2143289344,2123366400,2135949312,2135162880,2855590022
