2142240768,2139095040,2138046464,2117074944,2130706432,2147483648,2146435072,2127560704,2134114304,2138046464,2856681047
2130706432,2153775104,2152726528,2136997888,2130706432,2147483648,2145386496,2127560704,2143551488,2137784320,2856697045
2124414976,2147483648,2151677952,2130706432,2129657856,2147483648,2145386496,2128609280,2138570752,2137784320,2856713046
2140143616,2140143616,2139095040,2120220672,2129657856,2147483648,2145386496,2127560704,2134900736,2137522176,2856729066
2123366400,2160066560,2154823680,2138046464,2129657856,2147483648,2145386496,2127560704,2144075776,2137522176,2856745066
2141192192,2142240768,2144337920,2121269248,2129657856,2148532224,2145386496,2127560704,2137260032,2137784320,2856761069
2142240768,2140143616,2138046464,2120220672,2130706432,2147483648,2144337920,2127560704,2135162880,2137522176,2856777066
2127560704,2160066560,2155872256,2132803584,2129657856,2148532224,2145386496,2127560704,2144075776,2137784320,2856793089
2125463552,2144337920,2140143616,2126512128,2129657856,2147483648,2144337920,2127560704,2134114304,2137260032,2856809086
2126512128,2159017984,2156920832,2136997888,2128609280,2148532224,2144337920,2128609280,2144862208,2137522176,2856825089
2131755008,2142240768,2150629376,2124414976,2130706432,2147483648,2145386496,2127560704,2137260032,2137784320,2856841090
2136997888,2142240768,2152726528,2122317824,2130706432,2148532224,2145386496,2127560704,2138570752,2138046464,2856857109
2138046464,2150629376,2139095040,2121269248,2126512128,2143289344,2140143616,2121269248,2137260032,2132803584,2856873107
2114977792,2129657856,2131755008,2107637760,2119172096,2135949312,2130706432,2108686336,2121007104,2123628544,2856890001
2110783488,2134900736,2130706432,2109734912,2122317824,2139095040,2134900736,2114977792,2121531392,2127822848,2856906001
2135949312,2135949312,2136997888,2116026368,2132803584,2151677952,2149580800,2132803584,2131230720,2141716480,2856922001
2129657856,2165309440,2161115136,2152726528,2140143616,2160066560,2159017984,2145386496,2152202240,2151153664,2856938001
2150629376,2164260864,2153775104,2146435072,2139095040,2156920832,2155872256,2141192192,2153775104,2148270080,2856954024
2145386496,2150629376,2142240768,2125463552,2128609280,2146435072,2143289344,2125463552,2140930048,2135949312,2856970024
2126512128,2138046464,2141192192,2109734912,2119172096,2136997888,2131755008,2110783488,2128871424,2124677120,2856986023
2126512128,2146435072,2131755008,2112880640,2120220672,2138046464,2132803584,2112880640,2129395712,2125987840,2857002022
2121269248,2156920832,2149580800,2130706432,2130706432,2148532224,2145386496,2128609280,2139619328,2138308608,2857018045
2135949312,2163212288,2163212288,2145386496,2140143616,2157969408,2156920832,2143289344,2151940096,2149580800,2857034045
2155872256,2153775104,2153775104,2141192192,2140143616,2159017984,2157969408,2144337920,2151153664,2150367232,2857050047
2141192192,2148532224,2155872256,2129657856,2130706432,2148532224,2146435072,2129657856,2143813632,2138832896,2857066046
2116026368,2149580800,2144337920,2128609280,2120220672,2139095040,2132803584,2112880640,2134638592,2126249984,2857082066
2109734912,2130706432,2128609280,2106589184,2119172096,2135949312,2130706432,2109734912,2118909952,2123890688,2857098066
2131755008,2146435072,2136997888,2114977792,2127560704,2145386496,2142240768,2123366400,2132541440,2134638592,2857114068
2140143616,2146435072,2141192192,2129657856,2138046464,2155872256,2154823680,2141192192,2139357184,2147483648,2857130064
2142240768,2153775104,2152726528,2139095040,2141192192,2159017984,2159017984,2145386496,2146959360,2151153664,2857146089
2133852160,2151677952,2147483648,2140143616,2133852160,2151677952,2149580800,2133852160,2143289344,2142240768,2857162088
2121269248,2147483648,2132803584,2130706432,2122317824,2140143616,2135949312,2116026368,2133065728,2128609280,2857178087
2113929216,2146435072,2144337920,2122317824,2118123520,2135949312,2130706432,2108686336,2131755008,2123366400,2857194087
2113929216,2139095040,2134900736,2116026368,2125463552,2142240768,2139095040,2119172096,2125987840,2131492864,2857210108
2145386496,2144337920,2145386496,2122317824,2136997888,2154823680,2153775104,2138046464,2139357184,2145910784,2857227001
2146435072,2150629376,2151677952,2138046464,2141192192,2160066560,2160066560,2146435072,2146697216,2151940096,2857243001
2139095040,2167406592,2166358016,2146435072,2135949312,2153775104,2152726528,2136997888,2154823680,2144862208,2857259001
2125463552,2157969408,2157969408,2139095040,2125463552,2142240768,2138046464,2118123520,2145124352,2130968576,2857275001
2130706432,2128609280,2125463552,2101346304,2119172096,2135949312,2130706432,2109734912,2121531392,2123890688,2857291025
2113929216,2151677952,2145386496,2114977792,2121269248,2142240768,2136997888,2117074944,2131492864,2129395712,2857307023
2133852160,2138046464,2138046464,2121269248,2133852160,2151677952,2150629376,2133852160,2132803584,2142502912,2857323023
2133852160,2167406592,2171600896,2154823680,2141192192,2160066560,2160066560,2146435072,2156920832,2151940096,2857339023
2145386496,2163212288,2163212288,2146435072,2138046464,2155872256,2154823680,2140143616,2154561536,2147221504,2857355047
2145386496,2143289344,2143289344,2122317824,2128609280,2145386496,2142240768,2123366400,2138570752,2134900736,2857371047
2128609280,2146435072,2144337920,2121269248,2120220672,2135949312,2131755008,2108686336,2135162880,2124152832,2857387046
2120220672,2129657856,2124414976,2105540608,2121269248,2138046464,2133852160,2112880640,2119958528,2126512128,2857403046
2118123520,2145386496,2134900736,2126512128,2130706432,2149580800,2147483648,2129657856,2131230720,2139357184,2857419068
2129657856,2164260864,2154823680,2147483648,2141192192,2159017984,2156920832,2144337920,2149056512,2150367232,2857435067
2134900736,2171600896,2170552320,2153775104,2139095040,2157969408,2157969408,2144337920,2157707264,2149842944,2857451067
2133852160,2166358016,2164260864,2144337920,2130706432,2147483648,2146435072,2127560704,2152202240,2138046464,2857467067
2119172096,2135949312,2147483648,2116026368,2121269248,2135949312,2133852160,2110783488,2129657856,2125463552,2857483088
2122317824,2142240768,2138046464,2112880640,2119172096,2136997888,2131755008,2109734912,2128871424,2124414976,2857499088
2122317824,2132803584,2130706432,2110783488,2128609280,2146435072,2143289344,2124414976,2124152832,2135687168,2857515085
2146435072,2146435072,2145386496,2128609280,2138046464,2156920832,2156920832,2142240768,2141716480,2148532224,2857531088
2132803584,2168455168,2164260864,2157969408,2140143616,2159017984,2160066560,2145386496,2155872256,2151153664,2857547108
2132803584,2170552320,2167406592,2146435072,2133852160,2151677952,2149580800,2132803584,2154299392,2141978624,2857563109
2119172096,2143289344,2139095040,2123366400,2121269248,2139095040,2134900736,2113929216,2131230720,2127298560,2857580001
2122317824,2142240768,2136997888,2108686336,2118123520,2135949312,2130706432,2108686336,2127560704,2123366400,2857596001
2118123520,2147483648,2146435072,2121269248,2125463552,2144337920,2140143616,2121269248,2133327872,2132803584,2857612001
2130706432,2156920832,2157969408,2138046464,2136997888,2155872256,2153775104,2139095040,2145910784,2146435072,2857628023
2143289344,2165309440,2165309440,2151677952,2140143616,2160066560,2160066560,2146435072,2156396544,2151677952,2857644023
2149580800,2153775104,2149580800,2139095040,2135949312,2152726528,2151677952,2135949312,2148007936,2144075776,2857660023
2141192192,2135949312,2136997888,2116026368,2124414976,2142240768,2138046464,2118123520,2132541440,2130706432,2857676024
2118123520,2130706432,2125463552,2105540608,2119172096,2133852160,2130706432,2107637760,2119958528,2122842112,2857692044
2122317824,2141192192,2142240768,2111832064,2123366400,2141192192,2136997888,2117074944,2129395712,2129657856,2857708044
2136997888,2144337920,2150629376,2121269248,2134900736,2151677952,2151677952,2134900736,2138308608,2143289344,2857724044
2132803584,2160066560,2155872256,2149580800,2140143616,2160066560,2160066560,2146435072,2149580800,2151677952,2857740046
2132803584,2176843776,2166358016,2155872256,2136997888,2156920832,2154823680,2140143616,2157969408,2147221504,2857756066
2128609280,2157969408,2159017984,2138046464,2126512128,2144337920,2140143616,2122317824,2145910784,2133327872,2857772065
2121269248,2130706432,2128609280,2105540608,2120220672,2134900736,2130706432,2108686336,2121531392,2123628544,2857788066
2120220672,2130706432,2123366400,2105540608,2121269248,2138046464,2134900736,2113929216,2119958528,2127036416,2857804068
2120220672,2138046464,2143289344,2121269248,2131755008,2149580800,2147483648,2130706432,2130706432,2139881472,2857820088
2139095040,2163212288,2163212288,2146435072,2141192192,2157969408,2157969408,2144337920,2152988672,2150367232,2857836087
2147483648,2157969408,2163212288,2140143616,2139095040,2157969408,2157969408,2143289344,2152202240,2149580800,2857852086
2139095040,2156920832,2154823680,2138046464,2129657856,2147483648,2144337920,2127560704,2147221504,2137260032,2857868087
2119172096,2149580800,2146435072,2125463552,2120220672,2136997888,2132803584,2111832064,2135162880,2125463552,2857884109
2122317824,2140143616,2138046464,2108686336,2120220672,2136997888,2131755008,2110783488,2127298560,2124939264,2857900105
2120220672,2155872256,2144337920,2126512128,2129657856,2147483648,2145386496,2126512128,2136735744,2137260032,2857917001
2140143616,2146435072,2144337920,2131755008,2139095040,2157969408,2156920832,2143289344,2140667904,2149318656,2857933001
2135949312,2159017984,2165309440,2148532224,2141192192,2159017984,2157969408,2144337920,2152202240,2150629376,2857949001
2142240768,2147483648,2149580800,2131755008,2131755008,2148532224,2147483648,2128609280,2142765056,2139095040,2857965001
2128609280,2133852160,2131755008,2112880640,2121269248,2138046464,2133852160,2112880640,2126774272,2126512128,2857981024
2112880640,2127560704,2125463552,2102394880,2119172096,2135949312,2130706432,2109734912,2117074944,2123890688,2857997025
2119172096,2152726528,2146435072,2124414976,2126512128,2144337920,2141192192,2122317824,2135687168,2133590016,2858013025
2138046464,2143289344,2144337920,2123366400,2138046464,2155872256,2154823680,2140143616,2137260032,2147221504,2858029024
2151677952,2161115136,2157969408,2142240768,2142240768,2157969408,2159017984,2145386496,2153250816,2151153664,2858045046
2143289344,2165309440,2161115136,2141192192,2134900736,2152726528,2150629376,2134900736,2152726528,2143289344,2858061045
2121269248,2147483648,2142240768,2126512128,2123366400,2140143616,2136997888,2116026368,2134376448,2129133568,2858077045
2112880640,2143289344,2139095040,2122317824,2118123520,2135949312,2131755008,2108686336,2129395712,2123628544,2858093044
2125463552,2130706432,2126512128,2103443456,2124414976,2141192192,2138046464,2118123520,2121531392,2130444288,2858109069
2134900736,2156920832,2148532224,2134900736,2135949312,2153775104,2151677952,2135949312,2143813632,2144337920,2858125066
2150629376,2151677952,2151677952,2135949312,2141192192,2160066560,2159017984,2146435072,2147483648,2151677952,2858141065
2136997888,2166358016,2168455168,2155872256,2136997888,2155872256,2154823680,2139095040,2156920832,2146697216,2858157064
2130706432,2152726528,2152726528,2129657856,2125463552,2143289344,2140143616,2120220672,2141454336,2132279296,2858173090
2113929216,2146435072,2149580800,2118123520,2119172096,2135949312,2130706432,2108686336,2132017152,2123628544,2858189089
2132803584,2127560704,2123366400,2102394880,2122317824,2138046464,2134900736,2113929216,2121531392,2127298560,2858205089
2121269248,2138046464,2138046464,2120220672,2132803584,2148532224,2147483648,2130706432,2129395712,2139881472,2858221088
2148532224,2149580800,2150629376,2133852160,2141192192,2157969408,2159017984,2145386496,2145648640,2150891520,2858237110
2135949312,2155872256,2153775104,2143289344,2139095040,2155872256,2156920832,2141192192,2147221504,2148270080,2858254001
2138046464,2143289344,2141192192,2126512128,2128609280,2146435072,2143289344,2124414976,2137260032,2135687168,2858270001
2122317824,2151677952,2144337920,2119172096,2119172096,2136997888,2131755008,2110783488,2134376448,2124677120,2858286001
2116026368,2146435072,2138046464,2112880640,2120220672,2138046464,2132803584,2111832064,2128347136,2125725696,2858302001
2122317824,2150629376,2150629376,2127560704,2130706432,2147483648,2144337920,2127560704,2137784320,2137522176,2858318024
2132803584,2151677952,2153775104,2134900736,2139095040,2159017984,2157969408,2144337920,2143289344,2150105088,2858334024
2134900736,2154823680,2162163712,2146435072,2140143616,2159017984,2159017984,2144337920,2149580800,2150629376,2858350023
2139095040,2165309440,2156920832,2141192192,2130706432,2148532224,2146435072,2128609280,2150629376,2138570752,2858366024
2123366400,2134900736,2134900736,2113929216,2121269248,2136997888,2133852160,2111832064,2126774272,2125987840,2858382045
2110783488,2145386496,2136997888,2121269248,2118123520,2136997888,2131755008,2110783488,2128609280,2124414976,2858398044
2118123520,2153775104,2145386496,2122317824,2127560704,2146435072,2142240768,2124414976,2134900736,2135162880,2858414045
2142240768,2143289344,2143289344,2125463552,2138046464,2156920832,2155872256,2141192192,2138570752,2148007936,2858430046
2147483648,2153775104,2151677952,2139095040,2141192192,2160066560,2159017984,2145386496,2148007936,2151415808,2858446068
2139095040,2156920832,2159017984,2134900736,2134900736,2151677952,2149580800,2132803584,2147483648,2142240768,2858462067
2122317824,2155872256,2153775104,2129657856,2122317824,2140143616,2136997888,2116026368,2140405760,2128871424,2858478065
2111832064,2139095040,2140143616,2116026368,2118123520,2135949312,2130706432,2108686336,2126774272,2123366400,2858494069
2129657856,2131755008,2127560704,2105540608,2124414976,2142240768,2139095040,2119172096,2123628544,2131230720,2858510089
2128609280,2162163712,2159017984,2134900736,2135949312,2153775104,2152726528,2136997888,2146172928,2144862208,2858526088
2148532224,2151677952,2149580800,2135949312,2141192192,2160066560,2160066560,2146435072,2146435072,2151940096,2858542086
2130706432,2167406592,2160066560,2154823680,2135949312,2155872256,2154823680,2138046464,2153250816,2146172928,2858558087
2130706432,2156920832,2153775104,2127560704,2124414976,2142240768,2140143616,2119172096,2142240768,2131492864,2858574108
2112880640,2133852160,2127560704,2114977792,2118123520,2135949312,2130706432,2108686336,2122317824,2123366400,2858590111
2127560704,2127560704,2124414976,2102394880,2123366400,2140143616,2135949312,2114977792,2120482816,2128609280,2858607001
2142240768,2135949312,2138046464,2117074944,2132803584,2152726528,2151677952,2133852160,2133327872,2142765056,2858623001
2146435072,2153775104,2148532224,2139095040,2141192192,2159017984,2160066560,2145386496,2146959360,2151415808,2858639001
2132803584,2155872256,2156920832,2147483648,2138046464,2156920832,2155872256,2140143616,2148270080,2147745792,2858655024
2125463552,2156920832,2156920832,2141192192,2127560704,2145386496,2142240768,2123366400,2145124352,2134638592,2858671023
2118123520,2131755008,2132803584,2109734912,2120220672,2135949312,2131755008,2109734912,2123104256,2124414976,2858687026
2127560704,2128609280,2124414976,2103443456,2121269248,2138046464,2134900736,2111832064,2121007104,2126512128,2858703025
2123366400,2156920832,2150629376,2124414976,2129657856,2149580800,2146435072,2129657856,2138832896,2138832896,2858719045
2151677952,2154823680,2154823680,2135949312,2141192192,2157969408,2157969408,2143289344,2149318656,2150105088,2858735045
2134900736,2163212288,2167406592,2151677952,2140143616,2157969408,2157969408,2143289344,2154299392,2149842944,2858751046
2128609280,2149580800,2151677952,2136997888,2130706432,2148532224,2146435072,2127560704,2141716480,2138308608,2858767046
2124414976,2134900736,2132803584,2113929216,2120220672,2138046464,2133852160,2111832064,2126512128,2125987840,2858783066
2116026368,2145386496,2138046464,2120220672,2120220672,2136997888,2131755008,2110783488,2129920000,2124939264,2858799067
2135949312,2134900736,2130706432,2109734912,2128609280,2146435072,2143289344,2124414976,2127822848,2135687168,2858815069
2128609280,2148532224,2149580800,2134900736,2139095040,2156920832,2156920832,2142240768,2140405760,2148794368,2858831067
2133852160,2166358016,2164260864,2155872256,2141192192,2160066560,2159017984,2145386496,2155085824,2151415808,2858847089
2144337920,2151677952,2147483648,2134900736,2133852160,2150629376,2148532224,2131755008,2144600064,2141192192,2858863087
2126512128,2135949312,2134900736,2114977792,2122317824,2140143616,2135949312,2114977792,2128084992,2128347136,2858879089
2118123520,2143289344,2136997888,2112880640,2118123520,2135949312,2130706432,2108686336,2127822848,2123366400,2858895088
2119172096,2146435072,2143289344,2126512128,2124414976,2143289344,2139095040,2120220672,2133852160,2131755008,2858911109
2140143616,2140143616,2140143616,2122317824,2136997888,2154823680,2152726528,2139095040,2135687168,2145910784,2858927109
2135949312,2167406592,2171600896,2150629376,2140143616,2160066560,2160066560,2146435072,2156396544,2151677952,2858944001
2131755008,2163212288,2166358016,2151677952,2134900736,2153775104,2151677952,2135949312,2153250816,2144075776,2858960001
2141192192,2142240768,2142240768,2120220672,2124414976,2141192192,2138046464,2117074944,2136473600,2130182144,2858976001
2125463552,2132803584,2135949312,2103443456,2118123520,2135949312,2131755008,2107637760,2124414976,2123366400,2858992000
2132803584,2139095040,2129657856,2108686336,2124414976,2140143616,2136997888,2117074944,2127560704,2129657856,2859008023
2132803584,2139095040,2139095040,2119172096,2135949312,2151677952,2151677952,2134900736,2132541440,2143551488,2859024025
2148532224,2151677952,2149580800,2135949312,2141192192,2160066560,2160066560,2145386496,2146435072,2151677952,2859040023
2135949312,2155872256,2155872256,2143289344,2139095040,2156920832,2155872256,2139095040,2147745792,2147745792,2859056023
2130706432,2162163712,2159017984,2134900736,2125463552,2145386496,2141192192,2123366400,2146697216,2133852160,2859072046
2128609280,2138046464,2135949312,2104492032,2119172096,2135949312,2130706432,2109734912,2126774272,2123890688,2859088046
2125463552,2127560704,2122317824,2102394880,2121269248,2139095040,2133852160,2112880640,2119434240,2126774272,2859104046
2129657856,2139095040,2133852160,2114977792,2130706432,2149580800,2147483648,2130706432,2129395712,2139619328,2859120044
2146435072,2146435072,2148532224,2132803584,2140143616,2159017984,2157969408,2144337920,2143551488,2150367232,2859136068
2141192192,2167406592,2167406592,2146435072,2139095040,2159017984,2157969408,2143289344,2155610112,2149842944,2859152066
2144337920,2144337920,2143289344,2125463552,2129657856,2147483648,2144337920,2127560704,2139357184,2137260032,2859168067
2122317824,2141192192,2149580800,2110783488,2120220672,2136997888,2131755008,2110783488,2130968576,2124939264,2859184065
2123366400,2125463552,2122317824,2101346304,2120220672,2135949312,2132803584,2109734912,2118123520,2124677120,2859200087
2130706432,2145386496,2144337920,2110783488,2128609280,2147483648,2144337920,2126512128,2132803584,2136735744,2859216087
2128609280,2149580800,2147483648,2136997888,2139095040,2157969408,2156920832,2143289344,2140667904,2149318656,2859232088
2149580800,2166358016,2163212288,2149580800,2140143616,2159017984,2160066560,2145386496,2157182976,2151153664,2859248085
2131755008,2160066560,2152726528,2151677952,2132803584,2149580800,2148532224,2130706432,2149056512,2140405760,2859264108
2118123520,2147483648,2139095040,2126512128,2120220672,2139095040,2134900736,2113929216,2132803584,2127036416,2859281001
2116026368,2129657856,2128609280,2104492032,2119172096,2135949312,2130706432,2109734912,2119696384,2123890688,2859297001
2129657856,2130706432,2127560704,2106589184,2127560704,2144337920,2141192192,2122317824,2123628544,2133852160,2859313001
2131755008,2161115136,2159017984,2138046464,2136997888,2154823680,2154823680,2140143616,2147483648,2146697216,2859329001
2138046464,2154823680,2154823680,2143289344,2141192192,2160066560,2160066560,2146435072,2147745792,2151940096,2859345024
2148532224,2163212288,2149580800,2142240768,2133852160,2151677952,2150629376,2134900736,2150891520,2142765056,2859361024
2135949312,2146435072,2146435072,2118123520,2124414976,2141192192,2138046464,2117074944,2136735744,2130182144,2859377022
2130706432,2138046464,2125463552,2105540608,2118123520,2135949312,2130706432,2108686336,2124939264,2123366400,2859393022
2132803584,2131755008,2126512128,2105540608,2124414976,2141192192,2136997888,2118123520,2124152832,2130182144,2859409045
2126512128,2143289344,2141192192,2124414976,2134900736,2153775104,2151677952,2135949312,2133852160,2144075776,2859425045
2133852160,2153775104,2154823680,2143289344,2141192192,2160066560,2160066560,2146435072,2146435072,2151940096,2859441044
2149580800,2150629376,2148532224,2135949312,2136997888,2154823680,2153775104,2138046464,2146172928,2145910784,2859457047
2142240768,2142240768,2144337920,2121269248,2126512128,2143289344,2140143616,2120220672,2137522176,2132541440,2859473067
2112880640,2132803584,2127560704,2109734912,2119172096,2135949312,2130706432,2108686336,2120744960,2123628544,2859489066
2121269248,2127560704,2128609280,2101346304,2122317824,2139095040,2134900736,2113929216,2119696384,2127560704,2859505065
2138046464,2138046464,2133852160,2116026368,2133852160,2149580800,2147483648,2130706432,2131492864,2140405760,2859521069
2130706432,2167406592,2164260864,2153775104,2140143616,2160066560,2159017984,2145386496,2154037248,2151153664,2859537086
2133852160,2165309440,2166358016,2155872256,2139095040,2157969408,2156920832,2143289344,2155347968,2149318656,2859553087
2143289344,2145386496,2143289344,2123366400,2128609280,2146435072,2144337920,2125463552,2138832896,2136211456,2859569087
2123366400,2132803584,2132803584,2111832064,2119172096,2136997888,2131755008,2110783488,2125201408,2124677120,2859585087
2116026368,2146435072,2145386496,2113929216,2120220672,2138046464,2132803584,2111832064,2130444288,2125725696,2859601108
2128609280,2148532224,2145386496,2125463552,2129657856,2146435072,2145386496,2125463552,2136997888,2136735744,2859617109
2129657856,2165309440,2159017984,2151677952,2139095040,2159017984,2157969408,2144337920,2151415808,2150105088,2859634001
2144337920,2152726528,2153775104,2142240768,2140143616,2157969408,2157969408,2144337920,2148270080,2150105088,2859650001
2132803584,2148532224,2147483648,2136997888,2130706432,2149580800,2146435072,2129657856,2141454336,2139095040,2859666001
2129657856,2136997888,2132803584,2111832064,2121269248,2136997888,2132803584,2111832064,2127822848,2125725696,2859682022
2114977792,2144337920,2141192192,2122317824,2119172096,2136997888,2131755008,2109734912,2130706432,2124414976,2859698023
2120220672,2142240768,2146435072,2120220672,2127560704,2144337920,2141192192,2123366400,2132279296,2134114304,2859714023
2126512128,2154823680,2150629376,2142240768,2138046464,2156920832,2155872256,2141192192,2143551488,2148007936,2859730024
2146435072,2151677952,2153775104,2138046464,2140143616,2160066560,2160066560,2146435072,2147483648,2151677952,2859746047
2140143616,2151677952,2148532224,2135949312,2132803584,2152726528,2150629376,2133852160,2144075776,2142502912,2859762044
2122317824,2150629376,2152726528,2132803584,2123366400,2139095040,2136997888,2114977792,2139619328,2128609280,2859778046
2112880640,2129657856,2130706432,2106589184,2119172096,2135949312,2130706432,2108686336,2119958528,2123628544,2859794047
2112880640,2149580800,2143289344,2124414976,2124414976,2143289344,2138046464,2119172096,2132541440,2131230720,2859810067
2143289344,2143289344,2141192192,2121269248,2135949312,2153775104,2152726528,2136997888,2137260032,2144862208,2859826064
2151677952,2152726528,2159017984,2138046464,2141192192,2159017984,2160066560,2146435072,2150367232,2151677952,2859842067
2134900736,2155872256,2157969408,2140143616,2135949312,2154823680,2152726528,2138046464,2147221504,2145386496,2859858066
2123366400,2143289344,2144337920,2126512128,2124414976,2142240768,2139095040,2120220672,2134376448,2131492864,2859874089
2122317824,2146435072,2141192192,2121269248,2119172096,2135949312,2130706432,2108686336,2132803584,2123628544,2859890086
2116026368,2129657856,2124414976,2104492032,2123366400,2139095040,2135949312,2113929216,2118647808,2128084992,2859906088
2130706432,2153775104,2146435072,2127560704,2133852160,2150629376,2148532224,2131755008,2139619328,2141192192,2859922090
2136997888,2165309440,2169503744,2146435072,2142240768,2159017984,2159017984,2145386496,2154561536,2151415808,2859938109
2143289344,2150629376,2152726528,2138046464,2139095040,2156920832,2155872256,2141192192,2146172928,2148270080,2859954109
2131755008,2161115136,2157969408,2134900736,2127560704,2145386496,2142240768,2123366400,2146435072,2134638592,2859971001
2118123520,2151677952,2150629376,2119172096,2119172096,2136997888,2131755008,2109734912,2134900736,2124414976,2859987001
2111832064,2132803584,2129657856,2106589184,2121269248,2136997888,2133852160,2111832064,2120220672,2125987840,2860003001
2122317824,2157969408,2151677952,2128609280,2131755008,2149580800,2146435072,2129657856,2140143616,2139357184,2860019001
2146435072,2149580800,2147483648,2130706432,2140143616,2159017984,2157969408,2144337920,2143551488,2150367232,2860035023
2149580800,2159017984,2162163712,2141192192,2140143616,2157969408,2156920832,2143289344,2152988672,2149580800,2860051024
2127560704,2159017984,2150629376,2148532224,2129657856,2147483648,2145386496,2127560704,2146435072,2137522176,2860067024
2116026368,2141192192,2130706432,2124414976,2120220672,2136997888,2132803584,2111832064,2128084992,2125463552,2860083023
2111832064,2132803584,2128609280,2107637760,2119172096,2135949312,2131755008,2109734912,2120220672,2124152832,2860099045
2129657856,2131755008,2129657856,2108686336,2128609280,2145386496,2143289344,2124414976,2124939264,2135425024,2860115045
2127560704,2152726528,2143289344,2140143616,2138046464,2156920832,2155872256,2142240768,2140930048,2148270080,2860131047
2139095040,2166358016,2171600896,2151677952,2140143616,2160066560,2159017984,2145386496,2157182976,2151153664,2860147045
2151677952,2152726528,2149580800,2134900736,2133852160,2149580800,2148532224,2131755008,2147221504,2140930048,2860163068
2120220672,2147483648,2143289344,2126512128,2122317824,2140143616,2135949312,2114977792,2134376448,2128347136,2860179067
2119172096,2144337920,2139095040,2111832064,2119172096,2135949312,2131755008,2108686336,2128609280,2123890688,2860195067
2124414976,2131755008,2126512128,2107637760,2125463552,2143289344,2139095040,2120220672,2122579968,2132017152,2860211066
2124414976,2149580800,2147483648,2134900736,2135949312,2154823680,2153775104,2138046464,2139095040,2145648640,2860227089
2149580800,2154823680,2152726528,2141192192,2142240768,2157969408,2159017984,2145386496,2149580800,2151153664,2860243090
2135949312,2151677952,2154823680,2139095040,2135949312,2152726528,2152726528,2136997888,2145386496,2144600064,2860259090
2130706432,2153775104,2153775104,2131755008,2124414976,2142240768,2138046464,2118123520,2142502912,2130706432,2860275087
2113929216,2143289344,2140143616,2120220672,2118123520,2135949312,2130706432,2108686336,2129395712,2123366400,2860291110
2114977792,2131755008,2127560704,2105540608,2123366400,2140143616,2135949312,2116026368,2119958528,2128871424,2860308001
2126512128,2154823680,2156920832,2135949312,2133852160,2152726528,2151677952,2135949312,2143551488,2143551488,2860324001
2133852160,2152726528,2154823680,2142240768,2141192192,2160066560,2159017984,2145386496,2145910784,2151415808,2860340001
2139095040,2165309440,2171600896,2154823680,2138046464,2154823680,2154823680,2140143616,2157707264,2146959360,2860356001
2132803584,2155872256,2157969408,2134900736,2126512128,2144337920,2141192192,2122317824,2145386496,2133590016,2860372024
2121269248,2143289344,2146435072,2116026368,2119172096,2135949312,2131755008,2109734912,2131755008,2124152832,2860388023
2123366400,2127560704,2124414976,2100297728,2121269248,2138046464,2134900736,2113929216,2118909952,2127036416,2860404022
2121269248,2152726528,2152726528,2134900736,2130706432,2149580800,2147483648,2130706432,2140405760,2139619328,2860420023
2130706432,2171600896,2163212288,2152726528,2140143616,2159017984,2159017984,2144337920,2154561536,2150629376,2860436046
2140143616,2165309440,2171600896,2146435072,2139095040,2157969408,2156920832,2143289344,2155872256,2149318656,2860452046
2136997888,2144337920,2144337920,2127560704,2128609280,2147483648,2144337920,2126512128,2138308608,2136735744,2860468045
2122317824,2149580800,2146435072,2126512128,2121269248,2136997888,2132803584,2110783488,2136211456,2125463552,2860484046
2118123520,2143289344,2143289344,2112880640,2119172096,2136997888,2132803584,2110783488,2129395712,2124939264,2860500067
2114977792,2147483648,2141192192,2126512128,2129657856,2145386496,2143289344,2124414976,2132541440,2135687168,2860516067
2127560704,2150629376,2155872256,2138046464,2138046464,2159017984,2155872256,2142240768,2143027200,2148794368,2860532066
2150629376,2151677952,2152726528,2139095040,2140143616,2159017984,2159017984,2145386496,2148532224,2150891520,2860548065
2148532224,2150629376,2147483648,2130706432,2131755008,2149580800,2148532224,2130706432,2144337920,2140143616,2860564089
2123366400,2154823680,2150629376,2131755008,2122317824,2138046464,2133852160,2113929216,2140143616,2127036416,2860580087
2120220672,2129657856,2124414976,2105540608,2119172096,2134900736,2130706432,2108686336,2119958528,2123366400,2860596086
2125463552,2144337920,2143289344,2112880640,2125463552,2145386496,2140143616,2122317824,2131492864,2133327872,2860612088
2124414976,2148532224,2151677952,2133852160,2136997888,2155872256,2154823680,2139095040,2139619328,2146697216,2860628109
2134900736,2164260864,2171600896,2153775104,2141192192,2160066560,2160066560,2146435072,2156134400,2151940096,2860644110
2130706432,2163212288,2162163712,2153775104,2133852160,2152726528,2150629376,2134900736,2152464384,2143027200,2860661000
2125463552,2157969408,2157969408,2132803584,2124414976,2141192192,2136997888,2117074944,2143551488,2129920000,2860677001
2110783488,2147483648,2139095040,2122317824,2118123520,2135949312,2131755008,2108686336,2129920000,2123628544,2860693001
2133852160,2129657856,2125463552,2105540608,2123366400,2141192192,2138046464,2118123520,2123628544,2130182144,2860709025
2125463552,2159017984,2163212288,2132803584,2134900736,2153775104,2152726528,2136997888,2145124352,2144600064,2860725024
2146435072,2153775104,2153775104,2139095040,2141192192,2160066560,2160066560,2146435072,2148270080,2151940096,2860741023
2131755008,2164260864,2166358016,2153775104,2136997888,2154823680,2153775104,2139095040,2154037248,2146172928,2860757023
2126512128,2148532224,2152726528,2131755008,2126512128,2143289344,2141192192,2121269248,2139881472,2133065728,2860773045
2112880640,2147483648,2135949312,2128609280,2118123520,2135949312,2130706432,2110783488,2131230720,2123890688,2860789045
2124414976,2135949312,2132803584,2106589184,2122317824,2139095040,2134900736,2113929216,2124939264,2127560704,2860805046
2122317824,2153775104,2151677952,2133852160,2132803584,2149580800,2148532224,2130706432,2140405760,2140405760,2860821047
2131755008,2155872256,2160066560,2147483648,2140143616,2160066560,2160066560,2145386496,2148794368,2151415808,2860837068
2133852160,2164260864,2159017984,2155872256,2138046464,2157969408,2156920832,2143289344,2153250816,2149056512,2860853067
2126512128,2151677952,2145386496,2135949312,2128609280,2146435072,2144337920,2125463552,2139881472,2136211456,2860869067
2127560704,2131755008,2130706432,2108686336,2120220672,2136997888,2131755008,2110783488,2124677120,2124939264,2860885067
2118123520,2145386496,2136997888,2119172096,2120220672,2136997888,2132803584,2110783488,2129920000,2125201408,2860901087
2131755008,2144337920,2141192192,2117074944,2129657856,2147483648,2144337920,2127560704,2133590016,2137260032,2860917087
2138046464,2146435072,2146435072,2132803584,2138046464,2156920832,2156920832,2142240768,2140930048,2148532224,2860933087
2143289344,2169503744,2163212288,2153775104,2139095040,2160066560,2159017984,2145386496,2157445120,2150891520,2860949088
2131755008,2149580800,2153775104,2138046464,2131755008,2148532224,2147483648,2129657856,2143289344,2139357184,2860965108
2126512128,2147483648,2146435072,2125463552,2121269248,2136997888,2134900736,2111832064,2136473600,2126249984,2860981107
2114977792,2144337920,2142240768,2120220672,2119172096,2135949312,2131755008,2109734912,2130444288,2124152832,2860998001
2116026368,2145386496,2145386496,2126512128,2127560704,2145386496,2142240768,2123366400,2133327872,2134638592,2861014001
2127560704,2160066560,2165309440,2146435072,2136997888,2156920832,2156920832,2141192192,2149842944,2148007936,2861030001
2135949312,2171600896,2171600896,2162163712,2141192192,2160066560,2160066560,2146435072,2160328704,2151940096,2861046001
2134900736,2161115136,2169503744,2149580800,2132803584,2151677952,2149580800,2133852160,2153775104,2141978624,2861062024
2136997888,2136997888,2134900736,2117074944,2123366400,2140143616,2135949312,2116026368,2131492864,2128871424,2861078022
2125463552,2132803584,2134900736,2102394880,2118123520,2135949312,2131755008,2108686336,2123890688,2123628544,2861094023
2131755008,2129657856,2127560704,2105540608,2125463552,2142240768,2138046464,2119172096,2123628544,2131230720,2861110024
2121269248,2157969408,2153775104,2143289344,2135949312,2154823680,2152726528,2138046464,2144075776,2145386496,2861126046
2133852160,2153775104,2157969408,2140143616,2141192192,2160066560,2160066560,2146435072,2146435072,2151940096,2861142045
2135949312,2154823680,2172649472,2144337920,2136997888,2153775104,2153775104,2136997888,2151940096,2145386496,2861158045
2124414976,2143289344,2143289344,2123366400,2124414976,2142240768,2139095040,2120220672,2133590016,2131492864,2861174044
2127560704,2142240768,2126512128,2106589184,2118123520,2136997888,2130706432,2109734912,2125725696,2123890688,2861190066
2118123520,2147483648,2138046464,2117074944,2123366400,2140143616,2135949312,2114977792,2130182144,2128609280,2861206067
2133852160,2136997888,2133852160,2117074944,2132803584,2150629376,2148532224,2132803584,2130444288,2141192192,2861222067
2144337920,2151677952,2150629376,2134900736,2141192192,2159017984,2159017984,2145386496,2145386496,2151153664,2861238064
2133852160,2155872256,2155872256,2149580800,2139095040,2156920832,2156920832,2141192192,2148794368,2148532224,2861254089
2128609280,2152726528,2163212288,2138046464,2127560704,2146435072,2143289344,2124414976,2145648640,2135425024,2861270088
2129657856,2130706432,2128609280,2106589184,2120220672,2135949312,2131755008,2109734912,2123890688,2124414976,2861286086
2111832064,2147483648,2135949312,2123366400,2120220672,2138046464,2133852160,2112880640,2129657856,2126249984,2861302085
2135949312,2135949312,2131755008,2114977792,2130706432,2147483648,2145386496,2127560704,2129657856,2137784320,2861318109
2144337920,2147483648,2147483648,2131755008,2140143616,2159017984,2159017984,2144337920,2142765056,2150629376,2861335001
2138046464,2154823680,2152726528,2149580800,2139095040,2157969408,2156920832,2144337920,2148794368,2149580800,2861351001
2141192192,2147483648,2146435072,2130706432,2129657856,2148532224,2146435072,2128609280,2141454336,2138308608,2861367001
2119172096,2136997888,2136997888,2113929216,2121269248,2136997888,2133852160,2111832064,2126774272,2125987840,2861383001
2121269248,2145386496,2133852160,2111832064,2120220672,2134900736,2131755008,2108686336,2128084992,2123890688,2861399023
2128609280,2134900736,2127560704,2111832064,2128609280,2146435072,2142240768,2124414976,2125725696,2135425024,2861415024
2127560704,2164260864,2164260864,2143289344,2138046464,2156920832,2155872256,2141192192,2149842944,2148007936,2861431022
2144337920,2150629376,2155872256,2138046464,2141192192,2160066560,2160066560,2145386496,2147221504,2151677952,2861447024
2142240768,2148532224,2148532224,2132803584,2132803584,2151677952,2150629376,2132803584,2143027200,2141978624,2861463046
2133852160,2136997888,2135949312,2113929216,2122317824,2140143616,2135949312,2114977792,2130182144,2128347136,2861479044
2110783488,2131755008,2132803584,2108686336,2119172096,2135949312,2130706432,2108686336,2121007104,2123628544,2861495045
2123366400,2142240768,2138046464,2108686336,2125463552,2143289344,2140143616,2120220672,2128084992,2132279296,2861511045
2126512128,2142240768,2148532224,2127560704,2136997888,2154823680,2152726528,2138046464,2136211456,2145648640,2861527069
2148532224,2155872256,2163212288,2138046464,2142240768,2160066560,2159017984,2145386496,2151415808,2151677952,2861543065
2141192192,2167406592,2165309440,2154823680,2136997888,2153775104,2152726528,2136997888,2157182976,2145124352,2861559065
2123366400,2147483648,2140143616,2130706432,2124414976,2143289344,2139095040,2119172096,2135425024,2131492864,2861575066
2128609280,2131755008,2134900736,2104492032,2118123520,2135949312,2130706432,2108686336,2124939264,2123366400,2861591087
2112880640,2133852160,2131755008,2110783488,2122317824,2142240768,2135949312,2117074944,2122317824,2129395712,2861607088
2128609280,2150629376,2150629376,2125463552,2133852160,2151677952,2150629376,2134900736,2138832896,2142765056,2861623088
2132803584,2153775104,2151677952,2143289344,2142240768,2159017984,2160066560,2145386496,2145386496,2151677952,2861639089
2133852160,2164260864,2160066560,2157969408,2138046464,2156920832,2155872256,2141192192,2154037248,2148007936,2861655109
2124414976,2154823680,2153775104,2141192192,2127560704,2144337920,2142240768,2122317824,2143551488,2134114304,2861671111
2123366400,2132803584,2130706432,2109734912,2119172096,2135949312,2132803584,2109734912,2124152832,2124414976,2861688000
2112880640,2133852160,2128609280,2111832064,2121269248,2139095040,2133852160,2113929216,2121793536,2127036416,2861704001
2128609280,2150629376,2148532224,2121269248,2131755008,2149580800,2148532224,2130706432,2137260032,2140143616,2861720001
2132803584,2163212288,2170552320,2142240768,2140143616,2159017984,2159017984,2144337920,2152202240,2150629376,2861736023
2148532224,2150629376,2152726528,2138046464,2139095040,2157969408,2156920832,2142240768,2147483648,2149056512,2861752022
2134900736,2159017984,2156920832,2143289344,2128609280,2147483648,2144337920,2127560704,2148532224,2136997888,2861768023
2114977792,2143289344,2134900736,2125463552,2121269248,2136997888,2132803584,2110783488,2129657856,2125463552,2861784024
2111832064,2130706432,2122317824,2106589184,2119172096,2136997888,2131755008,2110783488,2117861376,2124677120,2861800045
2118123520,2145386496,2149580800,2126512128,2129657856,2146435072,2144337920,2126512128,2134900736,2136735744,2861816046
2127560704,2150629376,2148532224,2139095040,2138046464,2156920832,2156920832,2142240768,2141454336,2148532224,2861832045
2145386496,2151677952,2152726528,2140143616,2140143616,2159017984,2159017984,2145386496,2147483648,2150891520,2861848046
2144337920,2156920832,2153775104,2133852160,2132803584,2150629376,2148532224,2130706432,2147221504,2140667904,2861864065
2131755008,2146435072,2141192192,2116026368,2122317824,2138046464,2134900736,2112880640,2133852160,2127036416,2861880068
2126512128,2132803584,2138046464,2101346304,2119172096,2134900736,2130706432,2108686336,2124677120,2123366400,2861896065
2121269248,2147483648,2145386496,2122317824,2126512128,2144337920,2141192192,2120220672,2134114304,2133065728,2861912067
2138046464,2143289344,2141192192,2123366400,2136997888,2154823680,2154823680,2139095040,2136473600,2146435072,2861928088
2133852160,2169503744,2172649472,2154823680,2141192192,2160066560,2160066560,2146435072,2157707264,2151940096,2861944088
2145386496,2148532224,2150629376,2133852160,2135949312,2152726528,2151677952,2135949312,2144600064,2144075776,2861960088
2140143616,2139095040,2138046464,2118123520,2123366400,2141192192,2138046464,2118123520,2133852160,2130182144,2861976087
2134900736,2127560704,2133852160,2102394880,2119172096,2135949312,2131755008,2108686336,2124677120,2123890688,2861992108
2122317824,2129657856,2123366400,2105540608,2123366400,2141192192,2135949312,2117074944,2120220672,2129395712,2862008108
2142240768,2141192192,2140143616,2122317824,2134900736,2153775104,2151677952,2135949312,2136473600,2144075776,2862025001
2148532224,2162163712,2156920832,2136997888,2141192192,2160066560,2160066560,2146435072,2151153664,2151940096,2862041001
2147483648,2152726528,2152726528,2138046464,2138046464,2155872256,2153775104,2139095040,2147745792,2146697216,2862057001
2136997888,2154823680,2152726528,2125463552,2126512128,2143289344,2141192192,2121269248,2142502912,2133065728,2862073001
2126512128,2146435072,2141192192,2119172096,2119172096,2135949312,2131755008,2109734912,2133327872,2124152832,2862089023
2117074944,2128609280,2126512128,2104492032,2122317824,2139095040,2134900736,2113929216,2119172096,2127560704,2862105025
2139095040,2141192192,2142240768,2114977792,2131755008,2150629376,2148532224,2131755008,2134376448,2140667904,2862121023
2129657856,2164260864,2159017984,2151677952,2140143616,2160066560,2159017984,2146435072,2151153664,2151415808,2862137022
2133852160,2167406592,2168455168,2157969408,2138046464,2157969408,2157969408,2142240768,2156920832,2149056512,2862153046
2139095040,2142240768,2142240768,2127560704,2128609280,2146435072,2144337920,2125463552,2137784320,2136211456,2862169046
2119172096,2150629376,2146435072,2124414976,2119172096,2136997888,2131755008,2110783488,2135162880,2124677120,2862185047
2118123520,2142240768,2138046464,2112880640,2120220672,2136997888,2132803584,2110783488,2127822848,2125201408,2862201044
2129657856,2136997888,2132803584,2111832064,2128609280,2147483648,2145386496,2127560704,2127822848,2137260032,2862217067
2138046464,2159017984,2154823680,2134900736,2139095040,2156920832,2157969408,2142240768,2146697216,2149056512,2862233067
2142240768,2163212288,2167406592,2146435072,2139095040,2159017984,2159017984,2145386496,2154823680,2150629376,2862249068
2131755008,2163212288,2164260864,2151677952,2131755008,2150629376,2148532224,2130706432,2152726528,2140405760,2862265065
2138046464,2132803584,2132803584,2108686336,2121269248,2139095040,2134900736,2113929216,2128084992,2127298560,2862281089
2113929216,2147483648,2139095040,2120220672,2119172096,2135949312,2131755008,2109734912,2130182144,2124152832,2862297089
2116026368,2151677952,2144337920,2125463552,2126512128,2144337920,2142240768,2123366400,2134376448,2134114304,2862313089
2128609280,2161115136,2161115136,2142240768,2138046464,2155872256,2154823680,2140143616,2148270080,2147221504,2862329088
2134900736,2168455168,2153775104,2160066560,2140143616,2160066560,2160066560,2146435072,2154299392,2151677952,2862345109
2143289344,2152726528,2161115136,2133852160,2133852160,2151677952,2149580800,2133852160,2147745792,2142240768,2862362001
2127560704,2155872256,2146435072,2127560704,2123366400,2140143616,2135949312,2116026368,2139357184,2128871424,2862378001
2111832064,2131755008,2128609280,2110783488,2118123520,2134900736,2129657856,2108686336,2120744960,2122842112,2862394001
2114977792,2133852160,2128609280,2111832064,2125463552,2142240768,2138046464,2118123520,2122317824,2130968576,2862410001
2133852160,2140143616,2144337920,2121269248,2135949312,2153775104,2151677952,2138046464,2134900736,2144862208,2862426023
2152726528,2153775104,2153775104,2136997888,2142240768,2159017984,2160066560,2145386496,2149318656,2151677952,2862442023
2146435072,2159017984,2150629376,2135949312,2135949312,2153775104,2153775104,2138046464,2148007936,2145386496,2862458023
2130706432,2156920832,2155872256,2128609280,2125463552,2143289344,2140143616,2120220672,2143027200,2132279296,2862474025
2124414976,2129657856,2138046464,2106589184,2119172096,2135949312,2130706432,2107637760,2124677120,2123366400,2862490046
2112880640,2131755008,2139095040,2107637760,2122317824,2139095040,2135949312,2116026368,2122842112,2128347136,2862506045
2141192192,2139095040,2134900736,2114977792,2132803584,2151677952,2149580800,2132803584,2132541440,2141716480,2862522045
2142240768,2148532224,2151677952,2133852160,2141192192,2159017984,2159017984,2145386496,2144075776,2151153664,2862538047
2136997888,2155872256,2157969408,2143289344,2138046464,2156920832,2155872256,2141192192,2148532224,2148007936,2862554066
2144337920,2143289344,2143289344,2125463552,2128609280,2145386496,2143289344,2124414976,2139095040,2135425024,2862570068
2125463552,2135949312,2142240768,2106589184,2120220672,2135949312,2131755008,2109734912,2127560704,2124414976,2862586065
2130706432,2128609280,2124414976,2102394880,2120220672,2138046464,2132803584,2111832064,2121531392,2125725696,2862602066
2119172096,2151677952,2147483648,2132803584,2130706432,2147483648,2146435072,2127560704,2137784320,2138046464,2862618089
2143289344,2144337920,2144337920,2129657856,2140143616,2157969408,2156920832,2143289344,2140405760,2149580800,2862634089
2142240768,2172649472,2167406592,2156920832,2140143616,2157969408,2157969408,2144337920,2159804416,2150105088,2862650086
2144337920,2146435072,2146435072,2129657856,2130706432,2148532224,2146435072,2128609280,2141716480,2138570752,2862666086
2123366400,2139095040,2132803584,2113929216,2121269248,2138046464,2133852160,2111832064,2127298560,2126249984,2862682113
2122317824,2125463552,2122317824,2101346304,2120220672,2135949312,2130706432,2109734912,2117861376,2124152832,2862698111
2135949312,2133852160,2133852160,2108686336,2128609280,2145386496,2143289344,2124414976,2128084992,2135425024,2862715001
2144337920,2154823680,2144337920,2127560704,2139095040,2156920832,2155872256,2141192192,2142765056,2148270080,2862731001
2150629376,2159017984,2157969408,2145386496,2140143616,2160066560,2160066560,2146435072,2153250816,2151677952,2862747001
2133852160,2165309440,2168455168,2150629376,2133852160,2150629376,2149580800,2132803584,2154561536,2141716480,2862763024
2120220672,2135949312,2139095040,2119172096,2122317824,2139095040,2135949312,2113929216,2128609280,2127822848,2862779023
2113929216,2145386496,2144337920,2117074944,2118123520,2135949312,2131755008,2108686336,2130182144,2123628544,2862795024
2113929216,2147483648,2146435072,2124414976,2125463552,2143289344,2139095040,2120220672,2133065728,2132017152,2862811025
2123366400,2164260864,2156920832,2142240768,2136997888,2154823680,2154823680,2138046464,2146697216,2146172928,2862827047
2147483648,2166358016,2163212288,2148532224,2141192192,2159017984,2161115136,2146435072,2156396544,2151940096,2862843044
2135949312,2151677952,2152726528,2139095040,2134900736,2153775104,2152726528,2136997888,2144862208,2144600064,2862859046
2138046464,2142240768,2146435072,2120220672,2124414976,2142240768,2139095040,2119172096,2136735744,2131230720,2862875046
2116026368,2133852160,2126512128,2110783488,2119172096,2135949312,2129657856,2108686336,2121793536,2123366400,2862891067
2122317824,2146435072,2138046464,2109734912,2123366400,2139095040,2134900736,2114977792,2129133568,2128084992,2862907065
2127560704,2139095040,2140143616,2122317824,2133852160,2151677952,2150629376,2134900736,2132279296,2142765056,2862923067
2131755008,2172649472,2168455168,2152726528,2140143616,2160066560,2160066560,2146435072,2156396544,2151677952,2862939070
2138046464,2151677952,2154823680,2140143616,2138046464,2156920832,2155872256,2140143616,2146172928,2147745792,2862955088
2124414976,2150629376,2151677952,2138046464,2126512128,2145386496,2142240768,2124414976,2141192192,2134638592,2862971086
2117074944,2131755008,2130706432,2108686336,2120220672,2135949312,2131755008,2108686336,2122055680,2124152832,2862987086
2131755008,2129657856,2124414976,2102394880,2121269248,2138046464,2134900736,2111832064,2122055680,2126512128,2863003087
2128609280,2150629376,2146435072,2119172096,2131755008,2148532224,2145386496,2129657856,2136211456,2138832896,2863019109
2149580800,2163212288,2152726528,2141192192,2140143616,2159017984,2157969408,2144337920,2151677952,2150367232,2863035108
2147483648,2165309440,2167406592,2154823680,2139095040,2157969408,2156920832,2143289344,2158755840,2149318656,2863052001
2139095040,2159017984,2154823680,2135949312,2129657856,2147483648,2145386496,2126512128,2147221504,2137260032,2863068001
2127560704,2131755008,2130706432,2108686336,2119172096,2136997888,2132803584,2110783488,2124677120,2124939264,2863084001
2117074944,2146435072,2141192192,2118123520,2121269248,2135949312,2132803584,2110783488,2130706432,2125201408,2863100000
2134900736,2133852160,2131755008,2111832064,2129657856,2145386496,2144337920,2125463552,2128084992,2136211456,2863116023
2142240768,2147483648,2146435072,2129657856,2139095040,2156920832,2156920832,2142240768,2141454336,2148794368,2863132024
2140143616,2170552320,2169503744,2152726528,2141192192,2159017984,2159017984,2144337920,2158231552,2150891520,2863148024
2133852160,2165309440,2166358016,2144337920,2131755008,2150629376,2148532224,2131755008,2152464384,2140667904,2863164024
2118123520,2145386496,2143289344,2126512128,2122317824,2139095040,2134900736,2113929216,2133327872,2127560704,2863180044
2129657856,2128609280,2124414976,2101346304,2119172096,2135949312,2131755008,2107637760,2121007104,2123628544,2863196045
2129657856,2131755008,2127560704,2106589184,2126512128,2144337920,2141192192,2121269248,2123890688,2133327872,2863212045
2127560704,2142240768,2142240768,2125463552,2136997888,2155872256,2154823680,2139095040,2134376448,2146697216,2863228044
2153775104,2162163712,2154823680,2140143616,2141192192,2160066560,2160066560,2146435072,2152726528,2151940096,2863244066
2134900736,2165309440,2167406592,2146435072,2135949312,2153775104,2152726528,2135949312,2153512960,2144600064,2863260066
2120220672,2141192192,2144337920,2123366400,2124414976,2141192192,2138046464,2117074944,2132279296,2130182144,2863276066
2132803584,2131755008,2125463552,2101346304,2119172096,2134900736,2130706432,2107637760,2122842112,2123104256,2863292065
2120220672,2142240768,2140143616,2106589184,2123366400,2141192192,2136997888,2116026368,2127298560,2129395712,2863308088
2140143616,2153775104,2139095040,2121269248,2134900736,2153775104,2151677952,2135949312,2138570752,2144075776,2863324087
2133852160,2170552320,2173698048,2155872256,2141192192,2160066560,2160066560,2146435072,2158493696,2151940096,2863340089
2135949312,2168455168,2168455168,2157969408,2136997888,2155872256,2155872256,2140143616,2157707264,2147221504,2863356086
2125463552,2142240768,2147483648,2126512128,2125463552,2144337920,2142240768,2122317824,2135425024,2133590016,2863372109
2120220672,2148532224,2144337920,2114977792,2119172096,2134900736,2130706432,2107637760,2132017152,2123104256,2863389001
2125463552,2128609280,2124414976,2103443456,2122317824,2139095040,2134900736,2113929216,2120482816,2127560704,2863405001
2121269248,2139095040,2139095040,2118123520,2131755008,2150629376,2148532224,2131755008,2129395712,2140667904,2863421001
2145386496,2150629376,2149580800,2138046464,2141192192,2159017984,2159017984,2145386496,2145910784,2151153664,2863437001
2147483648,2161115136,2164260864,2143289344,2139095040,2156920832,2156920832,2142240768,2154037248,2148794368,2863453025
2127560704,2162163712,2162163712,2146435072,2128609280,2146435072,2144337920,2125463552,2149580800,2136211456,2863469024
2120220672,2155872256,2150629376,2126512128,2120220672,2135949312,2131755008,2109734912,2138308608,2124414976,2863485022
2110783488,2135949312,2126512128,2112880640,2120220672,2136997888,2132803584,2111832064,2121531392,2125463552,2863501025
2117074944,2138046464,2135949312,2116026368,2128609280,2148532224,2145386496,2127560704,2126774272,2137522176,2863517045
2146435072,2153775104,2146435072,2130706432,2139095040,2157969408,2157969408,2142240768,2144337920,2149318656,2863533044
2134900736,2172649472,2168455168,2162163712,2140143616,2157969408,2159017984,2144337920,2159542272,2150367232,2863549044
2131755008,2148532224,2147483648,2133852160,2130706432,2150629376,2147483648,2130706432,2140405760,2139881472,2863565046
2130706432,2145386496,2142240768,2119172096,2120220672,2139095040,2133852160,2112880640,2134376448,2126512128,2863581066
2111832064,2132803584,2132803584,2110783488,2119172096,2136997888,2130706432,2109734912,2122055680,2124152832,2863597066
2113929216,2143289344,2132803584,2122317824,2126512128,2144337920,2142240768,2122317824,2128084992,2133852160,2863613066
2130706432,2152726528,2160066560,2139095040,2138046464,2155872256,2154823680,2140143616,2145648640,2147221504,2863629068
2149580800,2154823680,2152726528,2140143616,2141192192,2159017984,2159017984,2146435072,2149318656,2151415808,2863645088
2148532224,2152726528,2159017984,2133852160,2133852160,2151677952,2150629376,2134900736,2148532224,2142765056,2863661088
2123366400,2154823680,2154823680,2136997888,2124414976,2140143616,2136997888,2116026368,2142502912,2129395712,2863677086
2120220672,2136997888,2136997888,2106589184,2119172096,2135949312,2130706432,2108686336,2125201408,2123628544,2863693090
2129657856,2140143616,2125463552,2105540608,2124414976,2142240768,2138046464,2117074944,2125201408,2130444288,2863709109
2123366400,2142240768,2149580800,2125463552,2134900736,2153775104,2152726528,2136997888,2135162880,2144600064,2863725111
2157969408,2148532224,2151677952,2133852160,2141192192,2160066560,2160066560,2146435072,2148007936,2151940096,2863742001
2133852160,2155872256,2152726528,2142240768,2135949312,2154823680,2153775104,2138046464,2146172928,2145648640,2863758001
2131755008,2153775104,2156920832,2123366400,2125463552,2143289344,2140143616,2120220672,2141454336,2132279296,2863774001
2126512128,2145386496,2140143616,2110783488,2118123520,2134900736,2130706432,2108686336,2130706432,2123104256,2863790024
2117074944,2144337920,2141192192,2116026368,2123366400,2139095040,2134900736,2113929216,2129657856,2127822848,2863806023
2119172096,2157969408,2153775104,2133852160,2133852160,2151677952,2149580800,2132803584,2141192192,2141978624,2863822024
2141192192,2163212288,2161115136,2149580800,2141192192,2160066560,2160066560,2145386496,2153775104,2151677952,2863838024
2142240768,2169503744,2168455168,2150629376,2136997888,2156920832,2156920832,2141192192,2157707264,2148007936,2863854046
2128609280,2146435072,2142240768,2129657856,2127560704,2145386496,2143289344,2123366400,2136735744,2134900736,2863870044
2136997888,2129657856,2129657856,2107637760,2120220672,2135949312,2131755008,2109734912,2125987840,2124414976,2863886046
2111832064,2149580800,2140143616,2114977792,2120220672,2136997888,2132803584,2111832064,2129133568,2125463552,2863902045
2117074944,2142240768,2147483648,2123366400,2129657856,2148532224,2146435072,2128609280,2132541440,2138308608,2863918067
2130706432,2150629376,2149580800,2141192192,2140143616,2157969408,2157969408,2143289344,2143027200,2149842944,2863934065
2145386496,2153775104,2152726528,2139095040,2141192192,2157969408,2157969408,2144337920,2147745792,2150367232,2863950068
2143289344,2149580800,2149580800,2130706432,2130706432,2149580800,2146435072,2129657856,2143289344,2139095040,2863966067
2117074944,2144337920,2143289344,2126512128,2120220672,2138046464,2133852160,2111832064,2132803584,2125987840,2863982088
2110783488,2140143616,2123366400,2118123520,2119172096,2135949312,2130706432,2109734912,2123104256,2123890688,2863998087
2130706432,2133852160,2128609280,2111832064,2127560704,2144337920,2141192192,2123366400,2126249984,2134114304,2864014089
2130706432,2156920832,2162163712,2142240768,2138046464,2155872256,2155872256,2141192192,2148007936,2147745792,2864030088
2149580800,2150629376,2152726528,2138046464,2142240768,2157969408,2159017984,2144337920,2147745792,2150891520,2864046109
2132803584,2167406592,2168455168,2148532224,2133852160,2151677952,2150629376,2133852160,2154299392,2142502912,2864062107
2125463552,2138046464,2136997888,2119172096,2123366400,2139095040,2134900736,2114977792,2129920000,2128084992,2864079001
2124414976,2136997888,2134900736,2102394880,2119172096,2135949312,2131755008,2108686336,2124677120,2123890688,2864095001
2127560704,2129657856,2126512128,2104492032,2125463552,2142240768,2139095040,2119172096,2122055680,2131492864,2864111001
2136997888,2141192192,2140143616,2126512128,2135949312,2154823680,2153775104,2139095040,2136211456,2145910784,2864127000
2149580800,2159017984,2165309440,2140143616,2142240768,2159017984,2159017984,2146435072,2153512960,2151677952,2864143023
2132803584,2160066560,2160066560,2149580800,2135949312,2153775104,2153775104,2135949312,2150629376,2144862208,2864159023
2135949312,2143289344,2140143616,2122317824,2125463552,2141192192,2138046464,2118123520,2135425024,2130706432,2864175023
2118123520,2147483648,2144337920,2120220672,2120220672,2133852160,2130706432,2106589184,2132541440,2122842112,2864191023
2130706432,2132803584,2126512128,2103443456,2123366400,2140143616,2135949312,2116026368,2123366400,2128871424,2864207046
2119172096,2152726528,2150629376,2133852160,2134900736,2151677952,2149580800,2133852160,2139095040,2142502912,2864223047
2142240768,2148532224,2153775104,2133852160,2140143616,2160066560,2160066560,2146435072,2144600064,2151677952,2864239048
2134900736,2155872256,2161115136,2147483648,2136997888,2155872256,2154823680,2141192192,2149842944,2147221504,2864255046
2125463552,2149580800,2149580800,2134900736,2126512128,2145386496,2141192192,2123366400,2139881472,2134114304,2864271068
2128609280,2131755008,2128609280,2107637760,2119172096,2135949312,2130706432,2109734912,2124152832,2123890688,2864287067
2110783488,2132803584,2129657856,2109734912,2121269248,2138046464,2134900736,2112880640,2120744960,2126774272,2864303066
2135949312,2146435072,2133852160,2116026368,2131755008,2148532224,2147483648,2128609280,2133065728,2139095040,2864319067
2149580800,2154823680,2147483648,2135949312,2140143616,2157969408,2157969408,2143289344,2146959360,2149842944,2864335088
2155872256,2154823680,2154823680,2139095040,2140143616,2159017984,2159017984,2144337920,2151153664,2150629376,2864351087
2131755008,2164260864,2162163712,2144337920,2130706432,2147483648,2145386496,2126512128,2150629376,2137522176,2864367088
2126512128,2131755008,2132803584,2108686336,2120220672,2136997888,2132803584,2111832064,2124939264,2125463552,2864383085
2110783488,2134900736,2124414976,2109734912,2120220672,2135949312,2131755008,2109734912,2119958528,2124414976,2864399113
2127560704,2146435072,2144337920,2120220672,2127560704,2146435072,2144337920,2126512128,2134638592,2136211456,2864416001
2126512128,2168455168,2156920832,2147483648,2139095040,2157969408,2156920832,2142240768,2149842944,2149056512,2864432001
2143289344,2167406592,2170552320,2150629376,2140143616,2160066560,2159017984,2145386496,2157969408,2151153664,2864448001
2149580800,2154823680,2150629376,2132803584,2132803584,2149580800,2148532224,2130706432,2146959360,2140405760,2864464001
2131755008,2136997888,2131755008,2113929216,2122317824,2139095040,2134900736,2113929216,2128609280,2127560704,2864480024
2122317824,2130706432,2123366400,2102394880,2118123520,2135949312,2130706432,2108686336,2119696384,2123366400,2864496023
2135949312,2129657856,2133852160,2104492032,2126512128,2143289344,2140143616,2120220672,2125987840,2132541440,2864512023
2125463552,2147483648,2151677952,2130706432,2136997888,2154823680,2154823680,2139095040,2138832896,2146435072,2864528023
2133852160,2164260864,2150629376,2155872256,2141192192,2160066560,2159017984,2146435072,2151153664,2151677952,2864544045
2150629376,2159017984,2154823680,2138046464,2134900736,2153775104,2152726528,2135949312,2150629376,2144337920,2864560044
2129657856,2141192192,2135949312,2123366400,2124414976,2140143616,2138046464,2117074944,2132541440,2129920000,2864576046
2118123520,2142240768,2143289344,2105540608,2118123520,2135949312,2130706432,2109734912,2127298560,2123628544,2864592045
2112880640,2139095040,2132803584,2114977792,2124414976,2140143616,2136997888,2116026368,2124939264,2129395712,2864608066
2141192192,2146435072,2140143616,2121269248,2134900736,2152726528,2151677952,2135949312,2137260032,2143813632,2864624068
2144337920,2148532224,2152726528,2136997888,2141192192,2159017984,2159017984,2145386496,2145648640,2151153664,2864640068
2136997888,2168455168,2171600896,2151677952,2138046464,2155872256,2154823680,2140143616,2157182976,2147221504,2864656066
2124414976,2157969408,2148532224,2141192192,2127560704,2145386496,2142240768,2122317824,2143027200,2134376448,2864672087
2119172096,2144337920,2145386496,2117074944,2119172096,2135949312,2131755008,2109734912,2131492864,2124152832,2864688088
2130706432,2129657856,2125463552,2103443456,2121269248,2139095040,2134900736,2113929216,2122317824,2127298560,2864704088
2139095040,2140143616,2134900736,2113929216,2132803584,2148532224,2146435072,2129657856,2132017152,2139357184,2864720087
2131755008,2149580800,2152726528,2136997888,2140143616,2160066560,2160066560,2145386496,2142765056,2151415808,2864736113
2151677952,2153775104,2152726528,2136997888,2139095040,2156920832,2156920832,2142240768,2148794368,2148794368,2864752108
2127560704,2147483648,2149580800,2131755008,2128609280,2146435072,2144337920,2125463552,2139095040,2136211456,2864769000
2113929216,2147483648,2142240768,2125463552,2120220672,2136997888,2132803584,2110783488,2132279296,2125201408,2864785001
2112880640,2133852160,2136997888,2108686336,2121269248,2136997888,2132803584,2110783488,2123104256,2125463552,2864801001
2135949312,2133852160,2129657856,2112880640,2129657856,2146435072,2144337920,2126512128,2128084992,2136735744,2864817025
2151677952,2150629376,2152726528,2130706432,2140143616,2156920832,2157969408,2142240768,2146435072,2149318656,2864833024
2133852160,2171600896,2171600896,2162163712,2139095040,2159017984,2159017984,2145386496,2159804416,2150629376,2864849024
2148532224,2159017984,2146435072,2138046464,2131755008,2149580800,2148532224,2130706432,2148007936,2140143616,2864865024
2130706432,2146435072,2134900736,2121269248,2121269248,2138046464,2133852160,2112880640,2133327872,2126512128,2864881045
2130706432,2129657856,2122317824,2101346304,2119172096,2134900736,2130706432,2108686336,2121007104,2123366400,2864897046
2117074944,2132803584,2134900736,2108686336,2125463552,2144337920,2141192192,2122317824,2123366400,2133327872,2864913047
2132803584,2161115136,2154823680,2138046464,2136997888,2155872256,2154823680,2140143616,2146697216,2146959360,2864929044
2151677952,2163212288,2155872256,2152726528,2141192192,2159017984,2159017984,2145386496,2155872256,2151153664,2864945068
2148532224,2150629376,2154823680,2133852160,2134900736,2152726528,2151677952,2134900736,2146959360,2143551488,2864961064
2122317824,2156920832,2155872256,2133852160,2123366400,2141192192,2136997888,2117074944,2142240768,2129657856,2864977066
2119172096,2132803584,2125463552,2105540608,2118123520,2134900736,2129657856,2108686336,2120744960,2122842112,2864993065
2112880640,2133852160,2139095040,2110783488,2123366400,2141192192,2138046464,2118123520,2124152832,2130182144,2865009088
2135949312,2138046464,2140143616,2122317824,2135949312,2152726528,2151677952,2135949312,2134114304,2144075776,2865025086
2131755008,2164260864,2160066560,2153775104,2141192192,2160066560,2160066560,2146435072,2152464384,2151940096,2865041088
2139095040,2168455168,2168455168,2150629376,2136997888,2155872256,2154823680,2139095040,2156658688,2146697216,2865057088
2134900736,2141192192,2142240768,2121269248,2126512128,2143289344,2141192192,2120220672,2134900736,2132803584,2865073109
2119172096,2150629376,2142240768,2120220672,2118123520,2135949312,2130706432,2108686336,2133065728,2123366400,2865089109
2117074944,2146435072,2144337920,2112880640,2122317824,2140143616,2135949312,2114977792,2130182144,2128347136,2865106001
2120220672,2142240768,2147483648,2125463552,2132803584,2151677952,2149580800,2133852160,2133852160,2141978624,2865122001
2132803584,2169503744,2168455168,2154823680,2140143616,2160066560,2160066560,2146435072,2156396544,2151677952,2865138001
2134900736,2156920832,2162163712,2148532224,2139095040,2156920832,2155872256,2141192192,2150629376,2148270080,2865154001
2132803584,2164260864,2162163712,2140143616,2127560704,2146435072,2143289344,2124414976,2149842944,2135425024,2865170023
2121269248,2149580800,2140143616,2121269248,2119172096,2136997888,2131755008,2109734912,2133065728,2124414976,2865186023
2130706432,2129657856,2129657856,2101346304,2121269248,2138046464,2133852160,2111832064,2122842112,2126249984,2865202023
2129657856,2134900736,2132803584,2113929216,2130706432,2148532224,2145386496,2128609280,2127822848,2138308608,2865218024
2146435072,2146435072,2146435072,2132803584,2140143616,2156920832,2157969408,2143289344,2143027200,2149580800,2865234044
2147483648,2161115136,2166358016,2144337920,2140143616,2159017984,2159017984,2144337920,2154823680,2150629376,2865250044
2126512128,2160066560,2151677952,2147483648,2130706432,2148532224,2146435072,2128609280,2146435072,2138570752,2865266045
2135949312,2136997888,2136997888,2112880640,2121269248,2138046464,2132803584,2111832064,2130706432,2125987840,2865282044
2118123520,2142240768,2134900736,2112880640,2120220672,2135949312,2130706432,2108686336,2127036416,2123890688,2865298066
2129657856,2134900736,2127560704,2107637760,2127560704,2145386496,2142240768,2124414976,2124939264,2134900736,2865314066
2128609280,2148532224,2149580800,2131755008,2138046464,2156920832,2155872256,2141192192,2139619328,2148007936,2865330067
2146435072,2155872256,2156920832,2139095040,2140143616,2160066560,2159017984,2146435072,2149580800,2151415808,2865346064
2134900736,2151677952,2150629376,2140143616,2133852160,2151677952,2150629376,2132803584,2144337920,2142240768,2865362087
2120220672,2141192192,2136997888,2122317824,2122317824,2140143616,2135949312,2114977792,2130182144,2128347136,2865378088
2117074944,2128609280,2123366400,2104492032,2118123520,2134900736,2129657856,2107637760,2118385664,2122579968,2865394087
2113929216,2130706432,2130706432,2108686336,2125463552,2141192192,2138046464,2118123520,2121007104,2130706432,2865410086
2122317824,2153775104,2148532224,2136997888,2135949312,2154823680,2152726528,2138046464,2140405760,2145386496,2865426108
2148532224,2152726528,2151677952,2139095040,2141192192,2160066560,2159017984,2146435072,2148007936,2151677952,2865443001
2132803584,2153775104,2154823680,2143289344,2136997888,2152726528,2152726528,2135949312,2146172928,2144600064,2865459001
2139095040,2145386496,2144337920,2122317824,2124414976,2142240768,2139095040,2118123520,2137784320,2130968576,2865475001
2121269248,2130706432,2126512128,2104492032,2119172096,2135949312,2130706432,2108686336,2120744960,2123628544,2865491001
2129657856,2129657856,2124414976,2104492032,2123366400,2141192192,2136997888,2117074944,2122055680,2129657856,2865507024
2139095040,2138046464,2136997888,2120220672,2134900736,2151677952,2150629376,2133852160,2133590016,2142765056,2865523024
2131755008,2175795200,2168455168,2153775104,2141192192,2160066560,2159017984,2146435072,2157445120,2151677952,2865539022
2146435072,2151677952,2151677952,2135949312,2138046464,2155872256,2154823680,2140143616,2146435072,2147221504,2865555023
2125463552,2147483648,2147483648,2130706432,2127560704,2145386496,2141192192,2124414976,2137784320,2134638592,2865571046
2116026368,2153775104,2142240768,2122317824,2119172096,2136997888,2131755008,2109734912,2133590016,2124414976,2865587047
2111832064,2142240768,2133852160,2119172096,2121269248,2139095040,2133852160,2112880640,2126774272,2126774272,2865603044
2132803584,2133852160,2131755008,2112880640,2131755008,2148532224,2147483648,2128609280,2127822848,2139095040,2865619044
2130706432,2151677952,2157969408,2138046464,2140143616,2157969408,2157969408,2143289344,2144600064,2149842944,2865635067
2145386496,2154823680,2153775104,2142240768,2139095040,2157969408,2156920832,2144337920,2149056512,2149580800,2865651069
2131755008,2147483648,2144337920,2131755008,2130706432,2148532224,2145386496,2127560704,2138832896,2138046464,2865667067
2134900736,2135949312,2129657856,2109734912,2120220672,2136997888,2132803584,2111832064,2127560704,2125463552,2865683066
2110783488,2131755008,2127560704,2109734912,2119172096,2136997888,2132803584,2110783488,2119958528,2124939264,2865699089
2123366400,2131755008,2130706432,2110783488,2128609280,2145386496,2142240768,2125463552,2124152832,2135425024,2865715088
2139095040,2160066560,2152726528,2138046464,2138046464,2157969408,2156920832,2142240768,2147483648,2148794368,2865731087
2150629376,2153775104,2163212288,2140143616,2141192192,2160066560,2159017984,2145386496,2151940096,2151415808,2865747089
2138046464,2149580800,2151677952,2134900736,2133852160,2151677952,2149580800,2132803584,2143551488,2141978624,2865763110
2119172096,2147483648,2147483648,2130706432,2121269248,2139095040,2135949312,2114977792,2136211456,2127822848,2865779109
2123366400,2129657856,2124414976,2103443456,2119172096,2135949312,2130706432,2109734912,2120220672,2123890688,2865796001
2114977792,2151677952,2142240768,2125463552,2126512128,2144337920,2140143616,2121269248,2133590016,2133065728,2865812001
2127560704,2149580800,2155872256,2134900736,2136997888,2154823680,2154823680,2139095040,2141978624,2146435072,2865828001
2139095040,2166358016,2171600896,2146435072,2141192192,2160066560,2160066560,2146435072,2155872256,2151940096,2865844023
2132803584,2171600896,2166358016,2157969408,2135949312,2152726528,2152726528,2134900736,2157182976,2144075776,2865860024
2123366400,2156920832,2151677952,2138046464,2124414976,2142240768,2138046464,2118123520,2142502912,2130706432,2865876023
2112880640,2139095040,2134900736,2118123520,2118123520,2135949312,2130706432,2108686336,2126249984,2123366400,2865892022
2120220672,2147483648,2138046464,2117074944,2123366400,2141192192,2136997888,2117074944,2130706432,2129657856,2865908046
2139095040,2144337920,2142240768,2118123520,2134900736,2151677952,2150629376,2134900736,2135949312,2143027200,2865924044
2134900736,2166358016,2166358016,2155872256,2141192192,2160066560,2160066560,2146435072,2155872256,2151940096,2865940045
2151677952,2156920832,2157969408,2141192192,2138046464,2156920832,2154823680,2140143616,2151940096,2147483648,2865956048
2139095040,2154823680,2150629376,2126512128,2127560704,2144337920,2140143616,2122317824,2142765056,2133590016,2865972065
2125463552,2142240768,2140143616,2109734912,2119172096,2134900736,2131755008,2108686336,2129395712,2123628544,2865988067
2118123520,2144337920,2138046464,2117074944,2121269248,2139095040,2134900736,2112880640,2129395712,2127036416,2866004067
2123366400,2138046464,2134900736,2123366400,2131755008,2150629376,2147483648,2130706432,2129920000,2140143616,2866020068
2129657856,2166358016,2160066560,2154823680,2140143616,2159017984,2157969408,2145386496,2152726528,2150629376,2866036088
2151677952,2152726528,2152726528,2141192192,2140143616,2157969408,2156920832,2142240768,2149580800,2149318656,2866052086
2130706432,2164260864,2163212288,2145386496,2130706432,2146435072,2145386496,2126512128,2150891520,2137260032,2866068088
2119172096,2150629376,2150629376,2125463552,2119172096,2136997888,2132803584,2110783488,2136473600,2124939264,2866084089
2131755008,2125463552,2123366400,2100297728,2120220672,2136997888,2131755008,2110783488,2120220672,2124939264,2866100110
2127560704,2133852160,2130706432,2112880640,2129657856,2145386496,2143289344,2125463552,2126249984,2135949312,2866116106
2132803584,2166358016,2165309440,2149580800,2139095040,2157969408,2157969408,2143289344,2153512960,2149580800,2866133001
2134900736,2160066560,2156920832,2151677952,2140143616,2159017984,2157969408,2144337920,2150891520,2150367232,2866149001
2139095040,2161115136,2159017984,2138046464,2131755008,2149580800,2148532224,2129657856,2149318656,2139881472,2866165001
2118123520,2149580800,2148532224,2129657856,2122317824,2138046464,2134900736,2112880640,2136473600,2127036416,2866181001
2120220672,2128609280,2125463552,2103443456,2120220672,2135949312,2130706432,2108686336,2119434240,2123890688,2866197024
2114977792,2149580800,2148532224,2123366400,2126512128,2145386496,2141192192,2122317824,2134114304,2133852160,2866213024
2132803584,2156920832,2157969408,2141192192,2138046464,2155872256,2154823680,2140143616,2147221504,2147221504,2866229024
2140143616,2171600896,2171600896,2152726528,2140143616,2160066560,2160066560,2146435072,2159017984,2151677952,2866245023
2134900736,2162163712,2168455168,2149580800,2133852160,2153775104,2151677952,2135949312,2153775104,2143813632,2866261045
2122317824,2141192192,2139095040,2122317824,2123366400,2140143616,2136997888,2116026368,2131230720,2129133568,2866277045
2114977792,2138046464,2143289344,2114977792,2118123520,2135949312,2130706432,2107637760,2127822848,2123104256,2866293045
2112880640,2132803584,2131755008,2108686336,2124414976,2142240768,2138046464,2118123520,2121531392,2130706432,2866309046
2131755008,2143289344,2139095040,2124414976,2135949312,2152726528,2150629376,2134900736,2134638592,2143551488,2866325066
2131755008,2172649472,2166358016,2159017984,2140143616,2160066560,2160066560,2146435072,2157445120,2151677952,2866341066
2134900736,2164260864,2165309440,2150629376,2136997888,2154823680,2154823680,2139095040,2153775104,2146435072,2866357066
2145386496,2140143616,2144337920,2121269248,2126512128,2143289344,2141192192,2120220672,2137784320,2132803584,2866373064
2130706432,2129657856,2125463552,2104492032,2119172096,2135949312,2131755008,2108686336,2122579968,2123890688,2866389087
2124414976,2136997888,2140143616,2104492032,2122317824,2139095040,2134900736,2113929216,2126512128,2127560704,2866405087
2126512128,2141192192,2134900736,2122317824,2132803584,2149580800,2148532224,2131755008,2131230720,2140667904,2866421087
2139095040,2167406592,2167406592,2150629376,2141192192,2159017984,2159017984,2145386496,2156134400,2151153664,2866437085
2133852160,2159017984,2163212288,2148532224,2138046464,2157969408,2156920832,2142240768,2151153664,2148794368,2866453111
2126512128,2161115136,2161115136,2142240768,2128609280,2145386496,2144337920,2124414976,2147745792,2135687168,2866470001
2125463552,2132803584,2127560704,2107637760,2118123520,2136997888,2131755008,2110783488,2123366400,2124414976,2866486001
2112880640,2129657856,2126512128,2104492032,2121269248,2136997888,2132803584,2111832064,2118385664,2125725696,2866502001
2119172096,2141192192,2136997888,2118123520,2130706432,2148532224,2145386496,2127560704,2128871424,2138046464,2866518001
2141192192,2165309440,2157969408,2142240768,2140143616,2157969408,2157969408,2144337920,2151677952,2150105088,2866534024
2133852160,2171600896,2166358016,2159017984,2141192192,2157969408,2157969408,2143289344,2157707264,2150105088,2866550023
2138046464,2162163712,2157969408,2142240768,2130706432,2148532224,2147483648,2128609280,2150105088,2138832896,2866566022
2119172096,2147483648,2136997888,2124414976,2121269248,2138046464,2133852160,2111832064,2132017152,2126249984,2866582023
2112880640,2130706432,2124414976,2108686336,2119172096,2135949312,2131755008,2108686336,2119172096,2123890688,2866598045
2124414976,2132803584,2129657856,2108686336,2127560704,2144337920,2142240768,2122317824,2123890688,2134114304,2866614045
2136997888,2144337920,2146435072,2127560704,2136997888,2156920832,2155872256,2141192192,2138832896,2147745792,2866630045
2147483648,2169503744,2163212288,2150629376,2141192192,2160066560,2161115136,2146435072,2157707264,2152202240,2866646045
2143289344,2154823680,2164260864,2134900736,2133852160,2151677952,2150629376,2133852160,2149318656,2142502912,2866662066
2128609280,2139095040,2135949312,2118123520,2122317824,2141192192,2135949312,2116026368,2130444288,2128871424,2866678068
2112880640,2127560704,2130706432,2102394880,2119172096,2135949312,2130706432,2108686336,2118385664,2123628544,2866694066
2117074944,2150629376,2146435072,2121269248,2124414976,2142240768,2139095040,2119172096,2133852160,2131230720,2866710066
2124414976,2148532224,2151677952,2133852160,2135949312,2154823680,2153775104,2138046464,2139619328,2145648640,2866726087
2139095040,2166358016,2170552320,2153775104,2142240768,2160066560,2159017984,2146435072,2157445120,2151940096,2866742087
2131755008,2152726528,2160066560,2142240768,2135949312,2153775104,2153775104,2138046464,2146697216,2145386496,2866758087
2123366400,2144337920,2142240768,2126512128,2125463552,2141192192,2139095040,2118123520,2134114304,2130968576,2866774089
2116026368,2150629376,2145386496,2122317824,2118123520,2135949312,2131755008,2108686336,2133590016,2123628544,2866790108
2117074944,2146435072,2140143616,2113929216,2123366400,2139095040,2135949312,2113929216,2129395712,2128084992,2866806109
2123366400,2143289344,2135949312,2124414976,2133852160,2152726528,2149580800,2134900736,2131755008,2142765056,2866823001
2146435072,2162163712,2149580800,2144337920,2141192192,2160066560,2159017984,2146435072,2150629376,2151677952,2866839001
2152726528,2150629376,2152726528,2138046464,2136997888,2156920832,2154823680,2141192192,2148532224,2147483648,2866855001
2131755008,2142240768,2142240768,2125463552,2128609280,2144337920,2142240768,2122317824,2135425024,2134376448,2866871023
2114977792,2136997888,2132803584,2113929216,2119172096,2135949312,2130706432,2109734912,2124677120,2123890688,2866887023
2131755008,2127560704,2123366400,2100297728,2121269248,2138046464,2133852160,2111832064,2120744960,2126249984,2866903023
2141192192,2134900736,2134900736,2110783488,2130706432,2148532224,2146435072,2128609280,2130444288,2138570752,2866919023
2131755008,2161115136,2165309440,2148532224,2140143616,2157969408,2157969408,2144337920,2151677952,2150105088,2866935045
2146435072,2151677952,2151677952,2138046464,2139095040,2157969408,2157969408,2143289344,2146959360,2149580800,2866951046
2144337920,2144337920,2145386496,2127560704,2129657856,2147483648,2146435072,2127560704,2140405760,2137784320,2866967044
2130706432,2146435072,2144337920,2117074944,2120220672,2138046464,2133852160,2111832064,2134638592,2125987840,2866983045
2111832064,2135949312,2134900736,2112880640,2120220672,2135949312,2131755008,2109734912,2123890688,2124414976,2866999067
2131755008,2134900736,2129657856,2109734912,2128609280,2145386496,2143289344,2124414976,2126512128,2135425024,2867015066
2136997888,2160066560,2153775104,2138046464,2138046464,2156920832,2156920832,2142240768,2147221504,2148532224,2867031068
2147483648,2163212288,2169503744,2144337920,2142240768,2157969408,2159017984,2144337920,2156134400,2150891520,2867047065
2132803584,2162163712,2165309440,2149580800,2133852160,2151677952,2149580800,2132803584,2152464384,2141978624,2867063088
2120220672,2153775104,2153775104,2125463552,2122317824,2139095040,2135949312,2113929216,2138308608,2127822848,2867079087
2128609280,2130706432,2123366400,2100297728,2119172096,2134900736,2131755008,2108686336,2120744960,2123628544,2867095089
2128609280,2132803584,2128609280,2106589184,2126512128,2142240768,2139095040,2119172096,2124152832,2131755008,2867111091
2133852160,2152726528,2154823680,2128609280,2135949312,2154823680,2153775104,2139095040,2142502912,2145910784,2867127110
2133852160,2150629376,2156920832,2141192192,2141192192,2160066560,2160066560,2146435072,2145648640,2151940096,2867143106
2130706432,2155872256,2153775104,2143289344,2134900736,2152726528,2151677952,2135949312,2145910784,2143813632,2867160001
2134900736,2155872256,2146435072,2127560704,2123366400,2141192192,2138046464,2118123520,2141192192,2130182144,2867176001
2132803584,2138046464,2124414976,2103443456,2119172096,2135949312,2130706432,2108686336,2124677120,2123628544,2867192001
2130706432,2128609280,2125463552,2102394880,2124414976,2140143616,2136997888,2116026368,2121793536,2129395712,2867208000
2122317824,2143289344,2138046464,2125463552,2134900736,2152726528,2149580800,2134900736,2132279296,2143027200,2867224025
2131755008,2159017984,2159017984,2150629376,2141192192,2160066560,2160066560,2146435072,2150105088,2151940096,2867240023
2144337920,2167406592,2167406592,2154823680,2138046464,2155872256,2154823680,2140143616,2158493696,2147221504,2867256024
2132803584,2155872256,2153775104,2136997888,2126512128,2144337920,2141192192,2121269248,2144862208,2133327872,2867272024
2112880640,2147483648,2134900736,2124414976,2118123520,2135949312,2131755008,2109734912,2129920000,2123890688,2867288045
2123366400,2128609280,2124414976,2105540608,2121269248,2138046464,2133852160,2113929216,2120482816,2126774272,2867304045
2119172096,2155872256,2149580800,2133852160,2131755008,2149580800,2147483648,2130706432,2139619328,2139881472,2867320045
2139095040,2163212288,2165309440,2146435072,2140143616,2159017984,2159017984,2145386496,2153512960,2150891520,2867336044
2146435072,2153775104,2154823680,2139095040,2139095040,2157969408,2157969408,2142240768,2148532224,2149318656,2867352067
2127560704,2165309440,2163212288,2146435072,2129657856,2146435072,2144337920,2126512128,2150629376,2136735744,2867368066
2119172096,2151677952,2149580800,2126512128,2121269248,2136997888,2132803584,2110783488,2136735744,2125463552,2867384067
2112880640,2148532224,2143289344,2118123520,2119172096,2136997888,2132803584,2111832064,2130706432,2125201408,2867400065
2132803584,2149580800,2134900736,2119172096,2129657856,2146435072,2143289344,2125463552,2134114304,2136211456,2867416088
2128609280,2150629376,2149580800,2138046464,2139095040,2156920832,2156920832,2142240768,2141716480,2148794368,2867432089
2152726528,2154823680,2154823680,2140143616,2140143616,2159017984,2160066560,2145386496,2150629376,2151153664,2867448086
2143289344,2151677952,2145386496,2133852160,2132803584,2148532224,2147483648,2130706432,2143551488,2139881472,2867464086
2122317824,2147483648,2140143616,2125463552,2122317824,2138046464,2134900736,2113929216,2133852160,2127298560,2867480108
2112880640,2132803584,2127560704,2105540608,2119172096,2135949312,2130706432,2108686336,2119696384,2123628544,2867497001
2121269248,2135949312,2130706432,2111832064,2127560704,2144337920,2141192192,2121269248,2124939264,2133590016,2867513001
2142240768,2154823680,2146435072,2136997888,2138046464,2154823680,2154823680,2140143616,2145124352,2146959360,2867529001
2134900736,2169503744,2172649472,2156920832,2141192192,2160066560,2159017984,2146435072,2158493696,2151677952,2867545001
2149580800,2149580800,2150629376,2133852160,2133852160,2152726528,2151677952,2135949312,2145910784,2143551488,2867561024
2141192192,2139095040,2138046464,2114977792,2123366400,2140143616,2135949312,2117074944,2133327872,2129133568,2867577023
2130706432,2127560704,2126512128,2100297728,2119172096,2134900736,2129657856,2107637760,2121269248,2122842112,2867593025
2131755008,2129657856,2125463552,2105540608,2124414976,2141192192,2138046464,2118123520,2123104256,2130444288,2867609024
2125463552,2156920832,2155872256,2139095040,2135949312,2152726528,2151677952,2135949312,2144337920,2144075776,2867625044
2141192192,2153775104,2150629376,2141192192,2141192192,2160066560,2160066560,2146435072,2146697216,2151940096,2867641046
2139095040,2168455168,2172649472,2153775104,2135949312,2154823680,2153775104,2139095040,2158493696,2145910784,2867657044
2125463552,2147483648,2143289344,2126512128,2125463552,2143289344,2140143616,2120220672,2135687168,2132279296,2867673045
2123366400,2145386496,2141192192,2112880640,2119172096,2135949312,2131755008,2108686336,2130706432,2123890688,2867689067
2109734912,2147483648,2135949312,2123366400,2121269248,2139095040,2134900736,2113929216,2129133568,2127298560,2867705068
2130706432,2146435072,2145386496,2118123520,2132803584,2150629376,2148532224,2131755008,2135162880,2140930048,2867721065
2151677952,2147483648,2151677952,2131755008,2141192192,2159017984,2157969408,2145386496,2145648640,2150891520,2867737066
2140143616,2157969408,2168455168,2143289344,2139095040,2156920832,2155872256,2142240768,2152464384,2148532224,2867753088
2136997888,2157969408,2155872256,2129657856,2128609280,2146435072,2143289344,2125463552,2145124352,2135949312,2867769089
2134900736,2140143616,2138046464,2107637760,2120220672,2136997888,2132803584,2109734912,2130182144,2124939264,2867785087
2111832064,2133852160,2131755008,2108686336,2120220672,2136997888,2131755008,2111832064,2121531392,2125201408,2867801087
2132803584,2142240768,2144337920,2112880640,2129657856,2146435072,2144337920,2126512128,2133065728,2136735744,2867817109
2130706432,2169503744,2164260864,2147483648,2139095040,2157969408,2156920832,2144337920,2152988672,2149580800,2867833110
2133852160,2162163712,2152726528,2151677952,2140143616,2159017984,2159017984,2144337920,2150105088,2150629376,2867850001
2142240768,2155872256,2156920832,2129657856,2130706432,2149580800,2146435072,2128609280,2146172928,2138832896,2867866001
2134900736,2140143616,2129657856,2110783488,2121269248,2138046464,2133852160,2111832064,2128871424,2126249984,2867882001
2116026368,2133852160,2126512128,2110783488,2120220672,2134900736,2130706432,2108686336,2121793536,2123628544,2867898024
2116026368,2135949312,2128609280,2114977792,2127560704,2145386496,2142240768,2123366400,2123890688,2134638592,2867914023
2131755008,2144337920,2144337920,2128609280,2136997888,2155872256,2156920832,2141192192,2137260032,2147745792,2867930023
2145386496,2152726528,2152726528,2141192192,2141192192,2159017984,2159017984,2145386496,2148007936,2151153664,2867946023
2141192192,2148532224,2150629376,2133852160,2133852160,2151677952,2149580800,2133852160,2143551488,2142240768,2867962047
2119172096,2147483648,2147483648,2128609280,2123366400,2139095040,2135949312,2114977792,2135687168,2128347136,2867978044
2116026368,2144337920,2138046464,2114977792,2119172096,2135949312,2130706432,2108686336,2128347136,2123628544,2867994046
2114977792,2140143616,2143289344,2122317824,2125463552,2142240768,2139095040,2118123520,2130182144,2131230720,2868010047
2129657856,2164260864,2150629376,2139095040,2135949312,2153775104,2152726528,2138046464,2145910784,2145124352,2868026067
2150629376,2151677952,2150629376,2135949312,2140143616,2160066560,2160066560,2145386496,2147221504,2151415808,2868042065
2133852160,2156920832,2157969408,2147483648,2135949312,2153775104,2153775104,2138046464,2149056512,2145386496,2868058067
2136997888,2141192192,2135949312,2119172096,2125463552,2143289344,2139095040,2120220672,2133327872,2132017152,2868074068
2123366400,2131755008,2126512128,2105540608,2119172096,2134900736,2130706432,2107637760,2121793536,2123104256,2868090087
2112880640,2130706432,2130706432,2105540608,2122317824,2140143616,2134900736,2114977792,2119958528,2128084992,2868106087
2133852160,2138046464,2135949312,2117074944,2132803584,2151677952,2149580800,2132803584,2131230720,2141716480,2868122089
2140143616,2166358016,2163212288,2152726528,2140143616,2160066560,2159017984,2145386496,2155610112,2151153664,2868138088
2148532224,2150629376,2152726528,2139095040,2139095040,2156920832,2155872256,2141192192,2147745792,2148270080,2868154113
2128609280,2161115136,2161115136,2141192192,2127560704,2145386496,2143289344,2124414976,2148007936,2135162880,2868170108
2113929216,2147483648,2147483648,2121269248,2119172096,2135949312,2130706432,2108686336,2132541440,2123628544,2868187001
2116026368,2144337920,2141192192,2119172096,2121269248,2138046464,2133852160,2112880640,2130182144,2126512128,2868203001
2130706432,2146435072,2146435072,2114977792,2130706432,2149580800,2147483648,2129657856,2134638592,2139357184,2868219001
2152726528,2147483648,2146435072,2130706432,2139095040,2157969408,2157969408,2144337920,2144337920,2149842944,2868235001
2134900736,2166358016,2159017984,2151677952,2140143616,2157969408,2156920832,2143289344,2152988672,2149580800,2868251023
2128609280,2164260864,2162163712,2146435072,2129657856,2148532224,2147483648,2128609280,2150367232,2138570752,2868267025
2118123520,2145386496,2148532224,2124414976,2121269248,2136997888,2131755008,2110783488,2134114304,2125201408,2868283023
2118123520,2143289344,2140143616,2112880640,2118123520,2136997888,2131755008,2110783488,2128609280,2124414976,2868299022
2114977792,2143289344,2134900736,2122317824,2128609280,2145386496,2142240768,2124414976,2128871424,2135162880,2868315045
2134900736,2144337920,2148532224,2129657856,2138046464,2157969408,2156920832,2142240768,2139357184,2148794368,2868331046
2143289344,2165309440,2165309440,2146435072,2141192192,2160066560,2159017984,2145386496,2155085824,2151415808,2868347045
2146435072,2148532224,2149580800,2134900736,2133852160,2150629376,2148532224,2131755008,2144862208,2141192192,2868363044
2128609280,2149580800,2146435072,2129657856,2122317824,2139095040,2134900736,2113929216,2138570752,2127560704,2868379067
2129657856,2128609280,2122317824,2100297728,2118123520,2135949312,2131755008,2108686336,2120220672,2123628544,2868395069
2112880640,2133852160,2127560704,2110783488,2124414976,2143289344,2139095040,2120220672,2121269248,2131755008,2868411068
2141192192,2146435072,2143289344,2122317824,2136997888,2154823680,2153775104,2138046464,2138308608,2145910784,2868427065
2135949312,2168455168,2171600896,2156920832,2141192192,2160066560,2160066560,2146435072,2158231552,2151940096,2868443089
2150629376,2150629376,2148532224,2138046464,2134900736,2154823680,2151677952,2138046464,2146959360,2144862208,2868459090
2139095040,2151677952,2140143616,2129657856,2125463552,2142240768,2138046464,2118123520,2140143616,2130968576,2868475089
2126512128,2127560704,2126512128,2102394880,2118123520,2135949312,2130706432,2108686336,2120744960,2123366400,2868491088
2127560704,2142240768,2138046464,2108686336,2123366400,2140143616,2136997888,2116026368,2129133568,2129133568,2868507109
2135949312,2152726528,2149580800,2129657856,2134900736,2152726528,2150629376,2134900736,2141978624,2143289344,2868524001
2145386496,2148532224,2150629376,2133852160,2141192192,2159017984,2159017984,2144337920,2144600064,2150891520,2868540001
2133852160,2164260864,2161115136,2155872256,2138046464,2154823680,2154823680,2139095040,2153775104,2146697216,2868556001
2128609280,2163212288,2156920832,2134900736,2126512128,2144337920,2141192192,2122317824,2145910784,2133590016,2868572001
2120220672,2147483648,2142240768,2121269248,2119172096,2135949312,2131755008,2108686336,2132803584,2123890688,2868588024
2125463552,2131755008,2132803584,2102394880,2121269248,2139095040,2133852160,2113929216,2123104256,2127036416,2868604024
2121269248,2136997888,2138046464,2118123520,2131755008,2149580800,2148532224,2130706432,2128609280,2140143616,2868620023
2139095040,2151677952,2150629376,2133852160,2140143616,2159017984,2159017984,2145386496,2143813632,2150891520,2868636022
2146435072,2153775104,2152726528,2139095040,2139095040,2157969408,2156920832,2142240768,2148007936,2149056512,2868652047
2132803584,2159017984,2160066560,2138046464,2129657856,2146435072,2144337920,2126512128,2147483648,2136735744,2868668045
2128609280,2131755008,2130706432,2108686336,2120220672,2136997888,2131755008,2110783488,2124939264,2124939264,2868684045
2122317824,2140143616,2133852160,2112880640,2120220672,2136997888,2131755008,2110783488,2127298560,2124939264,2868700045
2119172096,2150629376,2149580800,2124414976,2127560704,2147483648,2144337920,2126512128,2135949312,2136473600,2868716068
2143289344,2148532224,2145386496,2128609280,2139095040,2156920832,2155872256,2142240768,2141454336,2148532224,2868732065
2154823680,2153775104,2151677952,2139095040,2141192192,2159017984,2159017984,2145386496,2149842944,2151153664,2868748067
2130706432,2153775104,2161115136,2143289344,2132803584,2150629376,2148532224,2130706432,2147221504,2140667904,2868764066
2134900736,2139095040,2144337920,2110783488,2122317824,2138046464,2134900736,2112880640,2132279296,2127036416,2868780088
2110783488,2134900736,2126512128,2110783488,2119172096,2134900736,2130706432,2109734912,2120744960,2123628544,2868796088
2116026368,2147483648,2143289344,2123366400,2126512128,2143289344,2140143616,2121269248,2132541440,2132803584,2868812088
2125463552,2151677952,2157969408,2136997888,2136997888,2154823680,2153775104,2139095040,2143027200,2146172928,2868828086
2134900736,2169503744,2172649472,2156920832,2140143616,2160066560,2160066560,2146435072,2158493696,2151677952,2868844109
2133852160,2151677952,2155872256,2135949312,2134900736,2152726528,2152726528,2134900736,2144337920,2143813632,2868860110
2129657856,2135949312,2133852160,2117074944,2123366400,2141192192,2136997888,2116026368,2129133568,2129395712,2868877001
2130706432,2127560704,2125463552,2100297728,2118123520,2134900736,2130706432,2108686336,2121007104,2123104256,2868893001
2119172096,2130706432,2131755008,2105540608,2124414976,2142240768,2138046464,2118123520,2121793536,2130706432,2868909001
2125463552,2141192192,2142240768,2124414976,2134900736,2153775104,2152726528,2136997888,2133327872,2144600064,2868925025
2150629376,2149580800,2150629376,2135949312,2142240768,2159017984,2159017984,2145386496,2146697216,2151415808,2868941022
2132803584,2168455168,2161115136,2157969408,2138046464,2153775104,2153775104,2138046464,2155085824,2145910784,2868957023
2125463552,2163212288,2160066560,2141192192,2125463552,2143289344,2140143616,2121269248,2147483648,2132541440,2868973025
2124414976,2143289344,2140143616,2116026368,2119172096,2134900736,2130706432,2108686336,2130968576,2123366400,2868989045
2113929216,2136997888,2140143616,2113929216,2122317824,2138046464,2134900736,2112880640,2126249984,2127036416,2869005044
2139095040,2139095040,2135949312,2113929216,2132803584,2149580800,2148532224,2131755008,2132017152,2140667904,2869021045
2146435072,2147483648,2149580800,2133852160,2141192192,2160066560,2159017984,2145386496,2144337920,2151415808,2869037045
2134900736,2155872256,2160066560,2147483648,2140143616,2156920832,2156920832,2142240768,2149580800,2149056512,2869053066
2127560704,2161115136,2161115136,2144337920,2129657856,2146435072,2144337920,2125463552,2148532224,2136473600,2869069066
2134900736,2134900736,2129657856,2107637760,2120220672,2136997888,2131755008,2109734912,2126774272,2124677120,2869085066
2111832064,2147483648,2135949312,2122317824,2120220672,2138046464,2132803584,2111832064,2129395712,2125725696,2869101066
2120220672,2151677952,2150629376,2132803584,2129657856,2147483648,2145386496,2127560704,2138832896,2137522176,2869117086
2134900736,2146435072,2147483648,2132803584,2139095040,2157969408,2157969408,2142240768,2140405760,2149318656,2869133086
2134900736,2171600896,2169503744,2159017984,2140143616,2159017984,2159017984,2144337920,2158755840,2150629376,2869149088
2134900736,2163212288,2165309440,2145386496,2131755008,2149580800,2148532224,2130706432,2152202240,2140143616,2869165087
2125463552,2146435072,2146435072,2119172096,2121269248,2139095040,2133852160,2112880640,2134376448,2126774272,2869181109
2121269248,2125463552,2123366400,2101346304,2119172096,2135949312,2130706432,2109734912,2117861376,2123890688,2869197106
2127560704,2131755008,2127560704,2106589184,2127560704,2145386496,2143289344,2123366400,2123366400,2134900736,2869214001
2145386496,2144337920,2144337920,2127560704,2138046464,2156920832,2154823680,2141192192,2140405760,2147745792,2869230001
2138046464,2171600896,2173698048,2152726528,2141192192,2159017984,2159017984,2144337920,2159017984,2150891520,2869246001
2150629376,2149580800,2150629376,2134900736,2133852160,2151677952,2150629376,2133852160,2146435072,2142502912,2869262001
2122317824,2151677952,2151677952,2131755008,2123366400,2139095040,2136997888,2116026368,2139357184,2128871424,2869278024
2117074944,2146435072,2140143616,2118123520,2118123520,2135949312,2131755008,2108686336,2130444288,2123628544,2869294024
2119172096,2147483648,2145386496,2119172096,2124414976,2142240768,2139095040,2119172096,2132803584,2131230720,2869310023
2144337920,2143289344,2141192192,2122317824,2135949312,2153775104,2152726528,2135949312,2137784320,2144600064,2869326022
2134900736,2152726528,2156920832,2140143616,2141192192,2160066560,2160066560,2146435072,2146172928,2151940096,2869342047
2149580800,2153775104,2150629376,2141192192,2136997888,2153775104,2153775104,2138046464,2148794368,2145648640,2869358047
2133852160,2151677952,2152726528,2126512128,2125463552,2144337920,2140143616,2121269248,2141192192,2132803584,2869374047
2111832064,2135949312,2130706432,2112880640,2119172096,2135949312,2130706432,2108686336,2122842112,2123628544,2869390045
2112880640,2130706432,2130706432,2105540608,2122317824,2139095040,2134900736,2114977792,2119958528,2127822848,2869406066
2123366400,2156920832,2157969408,2138046464,2132803584,2151677952,2149580800,2132803584,2144075776,2141716480,2869422066
2143289344,2167406592,2161115136,2149580800,2141192192,2160066560,2159017984,2146435072,2155347968,2151677952,2869438068
2149580800,2164260864,2155872256,2145386496,2138046464,2157969408,2155872256,2142240768,2153775104,2148532224,2869454065
2141192192,2142240768,2142240768,2125463552,2127560704,2146435072,2143289344,2124414976,2137784320,2135425024,2869470087
2116026368,2139095040,2134900736,2118123520,2120220672,2135949312,2131755008,2109734912,2127036416,2124414976,2869486086
2119172096,2146435072,2139095040,2113929216,2120220672,2136997888,2132803584,2111832064,2129657856,2125463552,2869502086
2118123520,2157969408,2145386496,2134900736,2130706432,2147483648,2146435072,2128609280,2139095040,2138308608,2869518086
2128609280,2159017984,2159017984,2148532224,2140143616,2157969408,2157969408,2143289344,2148794368,2149842944,2869534111
2134900736,2165309440,2161115136,2154823680,2140143616,2157969408,2157969408,2143289344,2154037248,2149842944,2869551001
2129657856,2149580800,2143289344,2134900736,2130706432,2147483648,2145386496,2127560704,2139357184,2137784320,2869567001
2118123520,2141192192,2134900736,2116026368,2120220672,2136997888,2133852160,2110783488,2127560704,2125463552,2869583001
2125463552,2126512128,2122317824,2098200576,2120220672,2136997888,2130706432,2110783488,2118123520,2124677120,2869599001
2133852160,2132803584,2129657856,2110783488,2128609280,2146435072,2143289344,2125463552,2126774272,2135949312,2869615023
2127560704,2149580800,2147483648,2132803584,2138046464,2156920832,2155872256,2142240768,2139357184,2148270080,2869631023
2136997888,2171600896,2173698048,2156920832,2141192192,2160066560,2160066560,2145386496,2159804416,2151677952,2869647023
2138046464,2162163712,2162163712,2142240768,2131755008,2151677952,2149580800,2132803584,2151153664,2141454336,2869663023
2135949312,2136997888,2134900736,2113929216,2123366400,2139095040,2135949312,2114977792,2130444288,2128347136,2869679047
2116026368,2146435072,2144337920,2114977792,2119172096,2135949312,2131755008,2108686336,2130444288,2123890688,2869695045
2127560704,2131755008,2126512128,2102394880,2125463552,2142240768,2139095040,2120220672,2122055680,2131755008,2869711045
2124414976,2152726528,2157969408,2139095040,2136997888,2154823680,2153775104,2139095040,2143551488,2146172928,2869727045
2151677952,2153775104,2153775104,2139095040,2141192192,2160066560,2159017984,2146435072,2149580800,2151677952,2869743067
2142240768,2168455168,2165309440,2151677952,2135949312,2153775104,2151677952,2136997888,2156920832,2144600064,2869759065
2125463552,2157969408,2157969408,2130706432,2124414976,2141192192,2138046464,2118123520,2143027200,2130444288,2869775066
2111832064,2139095040,2140143616,2118123520,2119172096,2134900736,2130706432,2108686336,2127298560,2123366400,2869791067
2127560704,2127560704,2123366400,2100297728,2123366400,2140143616,2135949312,2116026368,2119696384,2128871424,2869807088
2123366400,2143289344,2136997888,2124414976,2133852160,2152726528,2150629376,2133852160,2132017152,2142765056,2869823088
2131755008,2156920832,2156920832,2147483648,2141192192,2159017984,2159017984,2145386496,2148270080,2151153664,2869839087
2146435072,2150629376,2152726528,2141192192,2136997888,2155872256,2155872256,2140143616,2147745792,2147221504,2869855088
2129657856,2164260864,2157969408,2140143616,2128609280,2144337920,2141192192,2122317824,2148007936,2134114304,2869871109
2134900736,2130706432,2128609280,2104492032,2119172096,2135949312,2131755008,2109734912,2124677120,2124152832,2869887110
2113929216,2129657856,2124414976,2107637760,2121269248,2139095040,2134900736,2113929216,2118909952,2127298560,2869904001
2119172096,2153775104,2145386496,2135949312,2131755008,2150629376,2148532224,2130706432,2138570752,2140405760,2869920001
2130706432,2170552320,2164260864,2148532224,2140143616,2159017984,2159017984,2145386496,2153512960,2150891520,2869936001
2147483648,2161115136,2165309440,2140143616,2140143616,2157969408,2156920832,2143289344,2153512960,2149580800,2869952023
2135949312,2146435072,2145386496,2129657856,2129657856,2147483648,2144337920,2126512128,2139357184,2136997888,2869968023
2119172096,2147483648,2140143616,2123366400,2120220672,2136997888,2132803584,2110783488,2132541440,2125201408,2869984023
2110783488,2139095040,2132803584,2114977792,2120220672,2136997888,2132803584,2110783488,2124414976,2125201408,2870000023
2116026368,2138046464,2135949312,2120220672,2128609280,2146435072,2143289344,2126512128,2127560704,2136211456,2870016045
2127560704,2151677952,2155872256,2139095040,2139095040,2157969408,2156920832,2142240768,2143551488,2149056512,2870032045
2140143616,2173698048,2171600896,2153775104,2141192192,2159017984,2157969408,2145386496,2159804416,2150891520,2870048046
2132803584,2156920832,2161115136,2147483648,2132803584,2150629376,2148532224,2130706432,2149580800,2140667904,2870064044
2119172096,2154823680,2152726528,2129657856,2121269248,2139095040,2135949312,2113929216,2139095040,2127560704,2870080066
2123366400,2131755008,2124414976,2104492032,2119172096,2135949312,2131755008,2108686336,2121007104,2123890688,2870096066
2133852160,2134900736,2126512128,2106589184,2125463552,2143289344,2141192192,2121269248,2125463552,2132803584,2870112066
2146435072,2142240768,2142240768,2121269248,2136997888,2155872256,2154823680,2139095040,2138046464,2146697216,2870128066
2150629376,2152726528,2154823680,2141192192,2141192192,2160066560,2160066560,2146435072,2149842944,2151940096,2870144087
2149580800,2149580800,2151677952,2133852160,2134900736,2153775104,2152726528,2135949312,2146172928,2144337920,2870160086
2122317824,2160066560,2152726528,2133852160,2123366400,2141192192,2138046464,2117074944,2142240768,2129920000,2870176087
2114977792,2146435072,2145386496,2114977792,2118123520,2135949312,2130706432,2108686336,2130444288,2123366400,2870192090
2123366400,2138046464,2136997888,2107637760,2123366400,2141192192,2136997888,2117074944,2126512128,2129657856,2870208111
2132803584,2139095040,2140143616,2119172096,2134900736,2152726528,2150629376,2134900736,2132803584,2143289344,2870224110
2146435072,2150629376,2150629376,2136997888,2141192192,2160066560,2159017984,2146435072,2146172928,2151677952,2870241001
2139095040,2169503744,2175795200,2152726528,2136997888,2155872256,2154823680,2139095040,2159280128,2146697216,2870257001
2130706432,2156920832,2155872256,2134900736,2125463552,2143289344,2140143616,2121269248,2144600064,2132541440,2870273001
2125463552,2129657856,2125463552,2104492032,2118123520,2135949312,2130706432,2109734912,2121269248,2123628544,2870289001
2114977792,2130706432,2121269248,2105540608,2121269248,2140143616,2135949312,2114977792,2118123520,2128084992,2870305023
2131755008,2140143616,2135949312,2116026368,2132803584,2150629376,2148532224,2130706432,2130968576,2140667904,2870321023
2131755008,2160066560,2160066560,2149580800,2141192192,2159017984,2159017984,2144337920,2150367232,2150891520,2870337024
2147483648,2154823680,2151677952,2141192192,2139095040,2157969408,2156920832,2142240768,2148794368,2149056512,2870353023
2134900736,2161115136,2161115136,2143289344,2129657856,2145386496,2144337920,2123366400,2150105088,2135687168,2870369045
2116026368,2136997888,2131755008,2113929216,2120220672,2135949312,2132803584,2110783488,2124677120,2124939264,2870385045
2114977792,2144337920,2140143616,2112880640,2120220672,2136997888,2132803584,2110783488,2128084992,2125201408,2870401046
2119172096,2139095040,2132803584,2114977792,2129657856,2147483648,2145386496,2127560704,2126512128,2137522176,2870417044
2128609280,2152726528,2155872256,2136997888,2140143616,2156920832,2156920832,2141192192,2143551488,2148794368,2870433068
2138046464,2162163712,2161115136,2150629376,2140143616,2159017984,2159017984,2144337920,2152988672,2150629376,2870449066
2146435072,2148532224,2146435072,2128609280,2131755008,2149580800,2148532224,2130706432,2142502912,2140143616,2870465067
2123366400,2136997888,2134900736,2118123520,2121269248,2139095040,2134900736,2113929216,2128347136,2127298560,2870481064
2111832064,2138046464,2129657856,2114977792,2119172096,2135949312,2130706432,2109734912,2123628544,2123890688,2870497089
2125463552,2134900736,2126512128,2109734912,2127560704,2143289344,2141192192,2121269248,2124152832,2133327872,2870513087
2146435072,2146435072,2143289344,2124414976,2138046464,2155872256,2155872256,2140143616,2140143616,2147483648,2870529090
2134900736,2164260864,2168455168,2152726528,2140143616,2159017984,2160066560,2146435072,2155085824,2151415808,2870545087
2152726528,2148532224,2150629376,2133852160,2134900736,2151677952,2150629376,2133852160,2146435072,2142765056,2870561112
2134900736,2135949312,2133852160,2117074944,2123366400,2140143616,2135949312,2116026368,2130444288,2128871424,2870578001
2121269248,2127560704,2126512128,2102394880,2119172096,2134900736,2130706432,2108686336,2119434240,2123366400,2870594001
2124414976,2132803584,2127560704,2107637760,2124414976,2142240768,2139095040,2119172096,2123104256,2131230720,2870610001
2141192192,2152726528,2146435072,2122317824,2135949312,2152726528,2152726528,2135949312,2140667904,2144337920,2870626001
2143289344,2151677952,2151677952,2139095040,2141192192,2160066560,2160066560,2146435072,2146435072,2151940096,2870642023
2133852160,2155872256,2155872256,2141192192,2136997888,2153775104,2152726528,2136997888,2146697216,2145124352,2870658024
2133852160,2141192192,2139095040,2119172096,2125463552,2143289344,2140143616,2120220672,2133327872,2132279296,2870674024
2117074944,2134900736,2124414976,2111832064,2118123520,2135949312,2130706432,2108686336,2122055680,2123366400,2870690024
2125463552,2125463552,2123366400,2100297728,2123366400,2139095040,2134900736,2114977792,2118647808,2128084992,2870706045
2122317824,2147483648,2139095040,2126512128,2132803584,2151677952,2148532224,2133852160,2133852160,2141716480,2870722046
2151677952,2151677952,2151677952,2136997888,2141192192,2159017984,2159017984,2144337920,2148007936,2150891520,2870738044
2139095040,2170552320,2170552320,2152726528,2139095040,2156920832,2155872256,2140143616,2158231552,2148007936,2870754046
2128609280,2159017984,2160066560,2139095040,2127560704,2146435072,2143289344,2124414976,2146697216,2135425024,2870770066
2120220672,2149580800,2145386496,2121269248,2120220672,2135949312,2131755008,2109734912,2134114304,2124414976,2870786069
2109734912,2150629376,2142240768,2118123520,2121269248,2136997888,2132803584,2110783488,2130182144,2125463552,2870802066
2117074944,2143289344,2139095040,2122317824,2130706432,2148532224,2146435072,2128609280,2130444288,2138570752,2870818066
2148532224,2147483648,2146435072,2129657856,2140143616,2157969408,2156920832,2143289344,2143027200,2149580800,2870834087
2150629376,2153775104,2152726528,2139095040,2140143616,2157969408,2157969408,2143289344,2149056512,2149842944,2870850087
2147483648,2156920832,2150629376,2142240768,2130706432,2148532224,2145386496,2128609280,2149318656,2138308608,2870866086
2130706432,2138046464,2143289344,2112880640,2121269248,2136997888,2133852160,2110783488,2131230720,2125725696,2870882089
2113929216,2144337920,2142240768,2117074944,2119172096,2136997888,2131755008,2108686336,2129395712,2124152832,2870898108
2113929216,2136997888,2130706432,2116026368,2127560704,2145386496,2142240768,2123366400,2124414976,2134638592,2870914110
2130706432,2162163712,2162163712,2142240768,2138046464,2157969408,2156920832,2142240768,2149318656,2148794368,2870931001
2138046464,2170552320,2171600896,2152726528,2141192192,2159017984,2159017984,2145386496,2158231552,2151153664,2870947001
2131755008,2167406592,2166358016,2154823680,2133852160,2151677952,2148532224,2132803584,2155085824,2141716480,2870963001
2121269248,2138046464,2138046464,2117074944,2122317824,2139095040,2134900736,2114977792,2128609280,2127822848,2870979023
2117074944,2147483648,2142240768,2118123520,2119172096,2135949312,2131755008,2109734912,2131230720,2124152832,2870995024
2118123520,2146435072,2141192192,2116026368,2125463552,2142240768,2139095040,2120220672,2130444288,2131755008,2871011025
2129657856,2143289344,2145386496,2124414976,2136997888,2154823680,2153775104,2138046464,2135687168,2145910784,2871027024
2133852160,2152726528,2155872256,2142240768,2141192192,2159017984,2160066560,2145386496,2146172928,2151415808,2871043046
2133852160,2166358016,2171600896,2155872256,2135949312,2153775104,2152726528,2136997888,2156920832,2144862208,2871059045
2139095040,2146435072,2146435072,2117074944,2125463552,2142240768,2139095040,2118123520,2137260032,2131230720,2871075045
2126512128,2138046464,2140143616,2109734912,2118123520,2134900736,2131755008,2108686336,2128609280,2123366400,2871091046
2111832064,2146435072,2139095040,2124414976,2123366400,2141192192,2136997888,2117074944,2130444288,2129657856,2871107066
2130706432,2146435072,2151677952,2124414976,2134900736,2151677952,2150629376,2133852160,2138308608,2142765056,2871123065
2131755008,2169503744,2163212288,2156920832,2140143616,2160066560,2160066560,2146435072,2155347968,2151677952,2871139067
2152726528,2153775104,2161115136,2135949312,2139095040,2155872256,2154823680,2140143616,2150891520,2147483648,2871155066
2126512128,2147483648,2141192192,2130706432,2127560704,2144337920,2141192192,2122317824,2136473600,2133852160,2871171088
2114977792,2133852160,2138046464,2111832064,2120220672,2135949312,2131755008,2109734912,2124677120,2124414976,2871187086
2113929216,2147483648,2143289344,2119172096,2121269248,2138046464,2134900736,2112880640,2130968576,2126774272,2871203088
2120220672,2145386496,2135949312,2124414976,2131755008,2148532224,2146435072,2128609280,2131492864,2138832896,2871219087
2131755008,2172649472,2164260864,2147483648,2140143616,2159017984,2159017984,2144337920,2154037248,2150629376,2871235110
2152726528,2153775104,2153775104,2139095040,2139095040,2157969408,2157969408,2143289344,2149842944,2149580800,2871251108
2126512128,2155872256,2151677952,2141192192,2129657856,2147483648,2145386496,2126512128,2143813632,2137260032,2871268001
2116026368,2153775104,2151677952,2125463552,2120220672,2138046464,2133852160,2110783488,2136735744,2125725696,2871284001
2127560704,2125463552,2123366400,2100297728,2120220672,2136997888,2132803584,2110783488,2119172096,2125201408,2871300001
2134900736,2139095040,2133852160,2109734912,2129657856,2147483648,2144337920,2126512128,2129395712,2136997888,2871316001
2127560704,2160066560,2152726528,2147483648,2139095040,2157969408,2156920832,2143289344,2146959360,2149318656,2871332024
2142240768,2153775104,2154823680,2143289344,2141192192,2159017984,2159017984,2144337920,2148532224,2150891520,2871348022
2136997888,2148532224,2152726528,2138046464,2131755008,2150629376,2148532224,2130706432,2144075776,2140405760,2871364024
2132803584,2142240768,2146435072,2113929216,2121269248,2139095040,2135949312,2113929216,2133852160,2127560704,2871380024
2111832064,2135949312,2134900736,2113929216,2119172096,2134900736,2130706432,2108686336,2124152832,2123366400,2871396046
2114977792,2133852160,2134900736,2112880640,2125463552,2143289344,2141192192,2121269248,2124152832,2132803584,2871412045
2129657856,2143289344,2141192192,2126512128,2136997888,2154823680,2154823680,2138046464,2135162880,2146172928,2871428047
2131755008,2168455168,2162163712,2157969408,2142240768,2160066560,2160066560,2145386496,2155085824,2151940096,2871444046
2146435072,2148532224,2148532224,2133852160,2134900736,2152726528,2151677952,2134900736,2144337920,2143551488,2871460066
2129657856,2139095040,2141192192,2117074944,2124414976,2142240768,2138046464,2118123520,2131755008,2130706432,2871476067
2123366400,2129657856,2126512128,2104492032,2119172096,2134900736,2130706432,2107637760,2121007104,2123104256,2871492068
2113929216,2130706432,2131755008,2106589184,2123366400,2141192192,2136997888,2117074944,2120744960,2129657856,2871508065
2136997888,2140143616,2136997888,2119172096,2135949312,2151677952,2151677952,2134900736,2133327872,2143551488,2871524088
2132803584,2166358016,2156920832,2155872256,2141192192,2161115136,2160066560,2146435072,2152988672,2152202240,2871540087
2147483648,2163212288,2163212288,2146435072,2136997888,2155872256,2154823680,2139095040,2155085824,2146697216,2871556089
2140143616,2154823680,2150629376,2123366400,2127560704,2144337920,2142240768,2121269248,2142240768,2133852160,2871572087
2113929216,2138046464,2136997888,2116026368,2119172096,2135949312,2131755008,2109734912,2126249984,2124152832,2871588109
2121269248,2129657856,2123366400,2104492032,2121269248,2139095040,2134900736,2113929216,2119696384,2127298560,2871605001
2122317824,2145386496,2143289344,2128609280,2131755008,2150629376,2149580800,2131755008,2134900736,2140930048,2871621001
2149580800,2154823680,2155872256,2135949312,2141192192,2159017984,2159017984,2145386496,2149056512,2151153664,2871637001
2133852160,2160066560,2152726528,2151677952,2139095040,2156920832,2155872256,2142240768,2149580800,2148532224,2871653001
2146435072,2147483648,2143289344,2125463552,2128609280,2146435072,2144337920,2124414976,2140667904,2135949312,2871669024
2132803584,2134900736,2128609280,2107637760,2120220672,2136997888,2132803584,2110783488,2125987840,2125201408,2871685022
2120220672,2125463552,2123366400,2101346304,2120220672,2136997888,2131755008,2110783488,2117599232,2124939264,2871701024
2134900736,2142240768,2134900736,2112880640,2129657856,2146435072,2144337920,2126512128,2131230720,2136735744,2871717024
2132803584,2149580800,2147483648,2135949312,2140143616,2157969408,2155872256,2143289344,2141454336,2149318656,2871733046
2147483648,2154823680,2166358016,2141192192,2140143616,2159017984,2160066560,2144337920,2152464384,2150891520,2871749045
2147483648,2151677952,2153775104,2130706432,2131755008,2148532224,2148532224,2129657856,2145910784,2139619328,2871765044
2132803584,2136997888,2132803584,2111832064,2122317824,2138046464,2133852160,2112880640,2128609280,2126774272,2871781047
2108686336,2148532224,2138046464,2119172096,2118123520,2135949312,2130706432,2109734912,2128609280,2123628544,2871797067
2118123520,2150629376,2143289344,2124414976,2126512128,2144337920,2142240768,2122317824,2134114304,2133852160,2871813066
2141192192,2159017984,2151677952,2138046464,2138046464,2155872256,2154823680,2139095040,2147483648,2146959360,2871829065
2143289344,2150629376,2151677952,2138046464,2140143616,2160066560,2160066560,2145386496,2145910784,2151415808,2871845067
2132803584,2164260864,2161115136,2150629376,2134900736,2151677952,2150629376,2133852160,2152202240,2142765056,2871861088
2134900736,2139095040,2135949312,2117074944,2123366400,2140143616,2136997888,2116026368,2131755008,2129133568,2871877088
2119172096,2128609280,2126512128,2103443456,2119172096,2134900736,2129657856,2108686336,2119434240,2123104256,2871893086
2129657856,2129657856,2125463552,2103443456,2124414976,2142240768,2138046464,2119172096,2122055680,2130968576,2871909089
2128609280,2154823680,2154823680,2131755008,2134900736,2152726528,2152726528,2135949312,2142502912,2144075776,2871925113
2131755008,2163212288,2156920832,2154823680,2141192192,2160066560,2159017984,2146435072,2151677952,2151677952,2871941110
2145386496,2150629376,2151677952,2138046464,2135949312,2154823680,2153775104,2138046464,2146435072,2145648640,2871958001
2126512128,2160066560,2160066560,2139095040,2125463552,2143289344,2139095040,2120220672,2146435072,2132017152,2871974001
2118123520,2139095040,2145386496,2113929216,2119172096,2134900736,2130706432,2108686336,2129133568,2123366400,2871990001
2113929216,2146435072,2145386496,2119172096,2123366400,2139095040,2135949312,2113929216,2131230720,2128084992,2872006024
2122317824,2153775104,2153775104,2135949312,2133852160,2150629376,2149580800,2131755008,2141454336,2141454336,2872022022
2134900736,2153775104,2149580800,2141192192,2141192192,2159017984,2157969408,2144337920,2144862208,2150629376,2872038024
2133852160,2154823680,2155872256,2142240768,2139095040,2157969408,2156920832,2141192192,2146697216,2148794368,2872054025
2143289344,2151677952,2151677952,2129657856,2127560704,2146435072,2143289344,2124414976,2144075776,2135425024,2872070046
2129657856,2130706432,2128609280,2105540608,2120220672,2135949312,2130706432,2109734912,2123628544,2124152832,2872086045
2121269248,2126512128,2122317824,2103443456,2119172096,2138046464,2133852160,2112880640,2118385664,2125987840,2872102045
2132803584,2136997888,2131755008,2113929216,2130706432,2147483648,2145386496,2127560704,2128871424,2137784320,2872118044
2134900736,2163212288,2163212288,2141192192,2139095040,2159017984,2157969408,2144337920,2150629376,2150105088,2872134066
2151677952,2162163712,2157969408,2141192192,2140143616,2157969408,2157969408,2144337920,2153250816,2150105088,2872150064
2135949312,2167406592,2163212288,2143289344,2130706432,2148532224,2146435072,2128609280,2152464384,2138570752,2872166066
2126512128,2150629376,2136997888,2121269248,2120220672,2138046464,2134900736,2111832064,2133852160,2126249984,2872182065
2112880640,2143289344,2139095040,2122317824,2119172096,2136997888,2132803584,2109734912,2129395712,2124677120,2872198088
2119172096,2147483648,2147483648,2122317824,2127560704,2145386496,2142240768,2123366400,2134114304,2134638592,2872214086
2134900736,2155872256,2157969408,2129657856,2138046464,2156920832,2155872256,2141192192,2144600064,2148007936,2872230088
2152726528,2152726528,2156920832,2138046464,2141192192,2160066560,2160066560,2145386496,2150105088,2151677952,2872246088
2135949312,2150629376,2152726528,2136997888,2133852160,2152726528,2149580800,2133852160,2144075776,2142502912,2872262109
2129657856,2136997888,2134900736,2114977792,2123366400,2139095040,2135949312,2114977792,2129133568,2128347136,2872278107
2119172096,2146435072,2140143616,2116026368,2119172096,2135949312,2130706432,2108686336,2130444288,2123628544,2872295001
2113929216,2134900736,2136997888,2113929216,2126512128,2142240768,2139095040,2119172096,2124939264,2131755008,2872311001
2124414976,2144337920,2143289344,2129657856,2135949312,2154823680,2153775104,2138046464,2135425024,2145648640,2872327001
2133852160,2161115136,2164260864,2151677952,2141192192,2160066560,2159017984,2146435072,2152726528,2151677952,2872343001
2141192192,2153775104,2150629376,2140143616,2135949312,2152726528,2152726528,2135949312,2146435072,2144337920,2872359023
2134900736,2141192192,2139095040,2122317824,2125463552,2142240768,2140143616,2119172096,2134376448,2131755008,2872375023
2112880640,2143289344,2128609280,2120220672,2119172096,2135949312,2130706432,2107637760,2126249984,2123366400,2872391023
2114977792,2149580800,2139095040,2121269248,2123366400,2141192192,2135949312,2116026368,2131230720,2129133568,2872407022
2133852160,2141192192,2139095040,2120220672,2134900736,2151677952,2149580800,2133852160,2133590016,2142502912,2872423045
2135949312,2164260864,2168455168,2152726528,2141192192,2160066560,2160066560,2145386496,2155347968,2151677952,2872439045
2151677952,2151677952,2151677952,2138046464,2136997888,2156920832,2154823680,2141192192,2148270080,2147483648,2872455046
2127560704,2163212288,2162163712,2135949312,2127560704,2145386496,2142240768,2124414976,2147221504,2134900736,2872471044
2120220672,2146435072,2144337920,2121269248,2118123520,2136997888,2131755008,2109734912,2133065728,2124152832,2872487068
2131755008,2138046464,2122317824,2109734912,2120220672,2138046464,2133852160,2112880640,2125463552,2126249984,2872503066
2124414976,2152726528,2150629376,2133852160,2130706432,2148532224,2147483648,2129657856,2140405760,2139095040,2872519066
2144337920,2147483648,2149580800,2129657856,2140143616,2157969408,2157969408,2144337920,2142765056,2150105088,2872535065
2133852160,2165309440,2164260864,2160066560,2140143616,2157969408,2157969408,2143289344,2155872256,2149842944,2872551091
2134900736,2163212288,2162163712,2142240768,2129657856,2147483648,2146435072,2127560704,2150629376,2137784320,2872567089
2134900736,2135949312,2129657856,2110783488,2120220672,2138046464,2133852160,2110783488,2127822848,2125725696,2872583088
2130706432,2128609280,2123366400,2101346304,2120220672,2135949312,2131755008,2109734912,2121007104,2124414976,2872599089
2135949312,2131755008,2128609280,2107637760,2127560704,2146435072,2143289344,2125463552,2125987840,2135687168,2872615111
2133852160,2157969408,2165309440,2143289344,2139095040,2156920832,2156920832,2143289344,2150105088,2149056512,2872632001
2135949312,2157969408,2156920832,2147483648,2141192192,2159017984,2157969408,2144337920,2149580800,2150629376,2872648001
2133852160,2164260864,2169503744,2151677952,2132803584,2150629376,2148532224,2131755008,2154823680,2140930048,2872664001
2127560704,2135949312,2133852160,2114977792,2121269248,2139095040,2135949312,2113929216,2128084992,2127560704,2872680001
2110783488,2136997888,2123366400,2113929216,2119172096,2134900736,2130706432,2108686336,2121269248,2123366400,2872696022
2125463552,2151677952,2140143616,2118123520,2125463552,2144337920,2141192192,2122317824,2133852160,2133327872,2872712023
2126512128,2166358016,2156920832,2141192192,2136997888,2154823680,2153775104,2139095040,2147745792,2146172928,2872728022
2135949312,2170552320,2175795200,2156920832,2141192192,2160066560,2160066560,2146435072,2159804416,2151940096,2872744024
2136997888,2167406592,2172649472,2150629376,2135949312,2152726528,2151677952,2134900736,2156920832,2143813632,2872760044
2139095040,2150629376,2140143616,2119172096,2125463552,2141192192,2136997888,2117074944,2137260032,2130182144,2872776044
2124414976,2129657856,2126512128,2105540608,2120220672,2134900736,2129657856,2107637760,2121531392,2123104256,2872792044
2117074944,2132803584,2128609280,2109734912,2123366400,2141192192,2136997888,2117074944,2122055680,2129657856,2872808044
2124414976,2147483648,2139095040,2124414976,2133852160,2152726528,2151677952,2135949312,2133852160,2143551488,2872824068
2147483648,2164260864,2159017984,2146435072,2141192192,2159017984,2159017984,2145386496,2154299392,2151153664,2872840068
2135949312,2172649472,2166358016,2154823680,2138046464,2155872256,2154823680,2139095040,2157445120,2146959360,2872856064
2140143616,2143289344,2145386496,2121269248,2127560704,2143289344,2141192192,2121269248,2137522176,2133327872,2872872067
2112880640,2151677952,2135949312,2126512128,2119172096,2136997888,2130706432,2109734912,2131755008,2124152832,2872888089
2110783488,2145386496,2139095040,2121269248,2121269248,2138046464,2133852160,2113929216,2129133568,2126774272,2872904090
2131755008,2135949312,2134900736,2113929216,2131755008,2149580800,2147483648,2130706432,2129133568,2139881472,2872920088
2142240768,2164260864,2161115136,2146435072,2141192192,2159017984,2159017984,2145386496,2153512960,2151153664,2872936086
2138046464,2152726528,2156920832,2142240768,2139095040,2157969408,2156920832,2143289344,2147483648,2149318656,2872952110
2131755008,2154823680,2164260864,2140143616,2130706432,2146435072,2144337920,2125463552,2147745792,2136735744,2872968109
2114977792,2147483648,2136997888,2123366400,2120220672,2136997888,2131755008,2110783488,2130706432,2124939264,2872985001
2111832064,2151677952,2135949312,2122317824,2120220672,2136997888,2132803584,2111832064,2130444288,2125463552,2873001001
2127560704,2141192192,2143289344,2113929216,2129657856,2147483648,2145386496,2126512128,2131492864,2137260032,2873017001
2134900736,2164260864,2163212288,2143289344,2139095040,2159017984,2157969408,2143289344,2151415808,2149842944,2873033024
2146435072,2154823680,2151677952,2141192192,2141192192,2159017984,2159017984,2144337920,2148532224,2150891520,2873049022
2132803584,2168455168,2166358016,2144337920,2131755008,2149580800,2147483648,2129657856,2152988672,2139619328,2873065023
2134900736,2134900736,2131755008,2110783488,2121269248,2139095040,2134900736,2113929216,2128084992,2127298560,2873081023
2124414976,2125463552,2123366400,2100297728,2119172096,2135949312,2131755008,2109734912,2118385664,2124152832,2873097046
2117074944,2142240768,2147483648,2123366400,2126512128,2144337920,2141192192,2123366400,2132541440,2133852160,2873113044
2139095040,2145386496,2142240768,2126512128,2138046464,2155872256,2154823680,2139095040,2138308608,2146959360,2873129046
2134900736,2160066560,2156920832,2149580800,2141192192,2160066560,2160066560,2145386496,2150367232,2151677952,2873145045
2130706432,2168455168,2165309440,2150629376,2133852160,2152726528,2151677952,2134900736,2153775104,2143289344,2873161068
2139095040,2146435072,2134900736,2121269248,2123366400,2140143616,2136997888,2116026368,2135425024,2129133568,2873177068
2127560704,2127560704,2122317824,2100297728,2118123520,2134900736,2130706432,2107637760,2119434240,2122842112,2873193068
2119172096,2146435072,2138046464,2120220672,2123366400,2142240768,2139095040,2118123520,2130968576,2130706432,2873209066
2126512128,2162163712,2152726528,2142240768,2133852160,2154823680,2152726528,2136997888,2145910784,2144600064,2873225090
2132803584,2160066560,2152726528,2149580800,2141192192,2160066560,2160066560,2145386496,2148794368,2151677952,2873241089
2133852160,2167406592,2169503744,2157969408,2135949312,2155872256,2153775104,2139095040,2157182976,2146172928,2873257087
2136997888,2144337920,2139095040,2124414976,2125463552,2144337920,2141192192,2121269248,2136211456,2133065728,2873273088
2122317824,2146435072,2141192192,2120220672,2119172096,2135949312,2130706432,2108686336,2132541440,2123628544,2873289109
2129657856,2133852160,2125463552,2102394880,2122317824,2140143616,2134900736,2113929216,2122842112,2127822848,2873305108
2129657856,2139095040,2141192192,2116026368,2133852160,2151677952,2149580800,2132803584,2131492864,2141978624,2873322001
2143289344,2163212288,2164260864,2150629376,2141192192,2159017984,2159017984,2145386496,2155347968,2151153664,2873338001
2133852160,2160066560,2157969408,2151677952,2138046464,2156920832,2155872256,2141192192,2150891520,2148007936,2873354001
2141192192,2144337920,2144337920,2127560704,2127560704,2145386496,2142240768,2124414976,2139357184,2134900736,2873370001
2113929216,2148532224,2139095040,2125463552,2119172096,2136997888,2131755008,2109734912,2131755008,2124414976,2873386024
2110783488,2142240768,2134900736,2119172096,2120220672,2138046464,2132803584,2112880640,2126774272,2125987840,2873402023
2120220672,2156920832,2149580800,2126512128,2130706432,2148532224,2145386496,2127560704,2138308608,2138046464,2873418024
2128609280,2168455168,2157969408,2151677952,2140143616,2157969408,2157969408,2144337920,2151677952,2150105088,2873434023
2143289344,2167406592,2167406592,2154823680,2140143616,2159017984,2157969408,2144337920,2158231552,2150367232,2873450046
2129657856,2148532224,2151677952,2133852160,2130706432,2148532224,2146435072,2128609280,2140930048,2138570752,2873466045
2118123520,2143289344,2138046464,2123366400,2121269248,2138046464,2133852160,2111832064,2130706432,2126249984,2873482045
2111832064,2133852160,2125463552,2111832064,2120220672,2136997888,2131755008,2109734912,2120744960,2124677120,2873498046
2117074944,2135949312,2136997888,2116026368,2126512128,2145386496,2142240768,2124414976,2126512128,2134638592,2873514066
2131755008,2161115136,2162163712,2142240768,2138046464,2156920832,2155872256,2141192192,2149318656,2148007936,2873530068
2145386496,2155872256,2155872256,2143289344,2141192192,2160066560,2159017984,2145386496,2150105088,2151415808,2873546066
2139095040,2163212288,2163212288,2144337920,2133852160,2151677952,2150629376,2133852160,2152464384,2142502912,2873562064
2127560704,2155872256,2151677952,2131755008,2122317824,2139095040,2136997888,2114977792,2141716480,2128347136,2873578087
2118123520,2147483648,2142240768,2118123520,2119172096,2135949312,2131755008,2109734912,2131492864,2124152832,2873594088
2119172096,2142240768,2141192192,2111832064,2125463552,2142240768,2139095040,2119172096,2128609280,2131492864,2873610089
2136997888,2141192192,2140143616,2122317824,2135949312,2154823680,2152726528,2136997888,2135162880,2145124352,2873626084
2133852160,2174746624,2169503744,2155872256,2141192192,2161115136,2160066560,2146435072,2158493696,2152202240,2873642109
2138046464,2166358016,2167406592,2152726528,2135949312,2153775104,2152726528,2135949312,2156134400,2144600064,2873659001
2133852160,2141192192,2138046464,2123366400,2124414976,2141192192,2139095040,2118123520,2134114304,2130706432,2873675001
2122317824,2149580800,2141192192,2122317824,2119172096,2134900736,2129657856,2108686336,2133852160,2123104256,2873691001
2135949312,2127560704,2125463552,2100297728,2122317824,2141192192,2135949312,2116026368,2122317824,2128871424,2873707001
2138046464,2144337920,2135949312,2120220672,2133852160,2151677952,2149580800,2132803584,2134638592,2141978624,2873723025
2130706432,2168455168,2161115136,2155872256,2141192192,2160066560,2159017984,2146435072,2154037248,2151677952,2873739022
2139095040,2162163712,2169503744,2145386496,2138046464,2156920832,2155872256,2141192192,2154037248,2148007936,2873755023
2142240768,2144337920,2142240768,2123366400,2127560704,2145386496,2142240768,2123366400,2138046464,2134638592,2873771023
2118123520,2149580800,2145386496,2121269248,2119172096,2136997888,2132803584,2109734912,2133590016,2124677120,2873787045
2118123520,2131755008,2126512128,2106589184,2120220672,2138046464,2133852160,2112880640,2120744960,2126249984,2873803045
2118123520,2141192192,2135949312,2122317824,2131755008,2148532224,2145386496,2128609280,2129395712,2138570752,2873819045
2144337920,2146435072,2146435072,2132803584,2140143616,2159017984,2157969408,2144337920,2142502912,2150367232,2873835046
2151677952,2153775104,2152726528,2140143616,2139095040,2159017984,2157969408,2143289344,2149580800,2149842944,2873851068
2135949312,2147483648,2148532224,2130706432,2129657856,2148532224,2145386496,2128609280,2140667904,2138046464,2873867067
2121269248,2151677952,2145386496,2122317824,2120220672,2138046464,2133852160,2111832064,2135162880,2125987840,2873883067
2116026368,2142240768,2138046464,2114977792,2120220672,2135949312,2132803584,2109734912,2127822848,2124677120,2873899067
2121269248,2131755008,2130706432,2108686336,2128609280,2145386496,2142240768,2123366400,2123104256,2134900736,2873915089
2127560704,2164260864,2162163712,2146435072,2140143616,2155872256,2155872256,2141192192,2150105088,2148270080,2873931089
2135949312,2164260864,2156920832,2155872256,2141192192,2159017984,2159017984,2145386496,2153250816,2151153664,2873947089
2145386496,2156920832,2157969408,2133852160,2132803584,2151677952,2150629376,2132803584,2148532224,2141978624,2873963087
2131755008,2146435072,2146435072,2116026368,2121269248,2139095040,2135949312,2113929216,2135162880,2127560704,2873979111
2113929216,2143289344,2140143616,2117074944,2119172096,2135949312,2130706432,2108686336,2128609280,2123628544,2873995108
2132803584,2131755008,2132803584,2104492032,2126512128,2144337920,2140143616,2121269248,2125463552,2133065728,2874012001
2128609280,2157969408,2161115136,2140143616,2135949312,2156920832,2154823680,2140143616,2146959360,2146959360,2874028001
2136997888,2156920832,2165309440,2145386496,2141192192,2161115136,2160066560,2146435072,2151153664,2152202240,2874044001
2148532224,2150629376,2159017984,2136997888,2135949312,2152726528,2151677952,2135949312,2148794368,2144075776,2874060022
2131755008,2157969408,2153775104,2131755008,2124414976,2141192192,2138046464,2118123520,2143813632,2130444288,2874076022
2117074944,2129657856,2129657856,2104492032,2119172096,2134900736,2130706432,2107637760,2120220672,2123104256,2874092024
2119172096,2132803584,2127560704,2107637760,2124414976,2141192192,2135949312,2117074944,2121793536,2129657856,2874108024
2139095040,2150629376,2142240768,2128609280,2133852160,2152726528,2150629376,2135949312,2140143616,2143289344,2874124047
2133852160,2163212288,2167406592,2153775104,2140143616,2160066560,2160066560,2145386496,2154561536,2151415808,2874140046
2150629376,2152726528,2151677952,2135949312,2136997888,2154823680,2153775104,2139095040,2147745792,2146172928,2874156045
2133852160,2142240768,2141192192,2125463552,2126512128,2144337920,2142240768,2122317824,2135687168,2133852160,2874172047
2122317824,2144337920,2140143616,2118123520,2119172096,2134900736,2130706432,2108686336,2131230720,2123366400,2874188066
2113929216,2147483648,2142240768,2121269248,2122317824,2138046464,2134900736,2112880640,2131230720,2127036416,2874204065
2121269248,2139095040,2131755008,2119172096,2131755008,2148532224,2147483648,2130706432,2127822848,2139619328,2874220066
2147483648,2148532224,2154823680,2133852160,2140143616,2159017984,2159017984,2144337920,2146172928,2150629376,2874236066
2147483648,2163212288,2165309440,2141192192,2140143616,2156920832,2156920832,2142240768,2154299392,2149056512,2874252089
2141192192,2142240768,2143289344,2125463552,2129657856,2147483648,2145386496,2127560704,2138046464,2137522176,2874268086
2117074944,2133852160,2133852160,2112880640,2119172096,2138046464,2132803584,2111832064,2124414976,2125463552,2874284088
2126512128,2139095040,2131755008,2110783488,2120220672,2136997888,2132803584,2110783488,2127036416,2125201408,2874300089
2129657856,2145386496,2142240768,2112880640,2129657856,2146435072,2143289344,2125463552,2132541440,2136211456,2874316107
2130706432,2153775104,2157969408,2139095040,2138046464,2157969408,2157969408,2143289344,2145386496,2149318656,2874332106
2150629376,2154823680,2154823680,2141192192,2140143616,2159017984,2157969408,2145386496,2150367232,2150629376,2874349001
2134900736,2165309440,2165309440,2148532224,2131755008,2149580800,2146435072,2129657856,2153512960,2139357184,2874365001
2125463552,2146435072,2145386496,2121269248,2122317824,2139095040,2133852160,2112880640,2134638592,2127036416,2874381001
2129657856,2138046464,2123366400,2101346304,2119172096,2135949312,2130706432,2108686336,2123104256,2123628544,2874397001
2130706432,2134900736,2128609280,2107637760,2126512128,2144337920,2141192192,2121269248,2125463552,2133327872,2874413024
2125463552,2147483648,2143289344,2130706432,2136997888,2155872256,2154823680,2140143616,2136735744,2146959360,2874429025
2132803584,2157969408,2151677952,2149580800,2141192192,2159017984,2160066560,2146435072,2148007936,2151677952,2874445024
2140143616,2168455168,2165309440,2147483648,2134900736,2152726528,2151677952,2134900736,2155347968,2143551488,2874461023
2127560704,2154823680,2152726528,2131755008,2123366400,2140143616,2135949312,2116026368,2141716480,2128871424,2874477046
2129657856,2125463552,2124414976,2100297728,2119172096,2135949312,2130706432,2108686336,2119958528,2123628544,2874493045
2113929216,2131755008,2127560704,2108686336,2124414976,2141192192,2138046464,2118123520,2120482816,2130444288,2874509046
2123366400,2144337920,2142240768,2128609280,2134900736,2152726528,2152726528,2135949312,2134638592,2144075776,2874525046
2145386496,2153775104,2150629376,2139095040,2142240768,2160066560,2159017984,2145386496,2147221504,2151677952,2874541066
2153775104,2153775104,2151677952,2139095040,2135949312,2155872256,2154823680,2139095040,2149580800,2146435072,2874557067
2139095040,2138046464,2140143616,2120220672,2126512128,2143289344,2141192192,2120220672,2134376448,2132803584,2874573067
2117074944,2146435072,2146435072,2121269248,2118123520,2135949312,2132803584,2109734912,2132803584,2124152832,2874589067
2121269248,2129657856,2127560704,2105540608,2122317824,2139095040,2133852160,2113929216,2121007104,2127298560,2874605088
2123366400,2157969408,2151677952,2134900736,2131755008,2150629376,2149580800,2132803584,2141978624,2141192192,2874621089
2146435072,2149580800,2146435072,2135949312,2140143616,2160066560,2159017984,2145386496,2144600064,2151153664,2874637087
2138046464,2155872256,2155872256,2143289344,2139095040,2156920832,2155872256,2142240768,2148270080,2148532224,2874653086
2129657856,2154823680,2160066560,2140143616,2128609280,2146435072,2144337920,2125463552,2146172928,2136211456,2874669109
2117074944,2150629376,2150629376,2121269248,2119172096,2136997888,2131755008,2110783488,2134900736,2124677120,2874686001
2118123520,2138046464,2140143616,2116026368,2120220672,2136997888,2132803584,2111832064,2128084992,2125463552,2874702001
2136997888,2136997888,2138046464,2110783488,2130706432,2147483648,2145386496,2127560704,2130706432,2137784320,2874718000
2133852160,2163212288,2163212288,2143289344,2140143616,2157969408,2157969408,2143289344,2150891520,2149842944,2874734001
2147483648,2171600896,2168455168,2150629376,2140143616,2157969408,2157969408,2143289344,2159542272,2149842944,2874750024
2140143616,2147483648,2147483648,2130706432,2129657856,2148532224,2147483648,2128609280,2141454336,2138570752,2874766023
2124414976,2152726528,2146435072,2122317824,2121269248,2138046464,2133852160,2111832064,2136473600,2126249984,2874782022
2128609280,2129657856,2124414976,2101346304,2119172096,2135949312,2130706432,2108686336,2121007104,2123628544,2874798023
2116026368,2135949312,2130706432,2114977792,2127560704,2145386496,2141192192,2123366400,2124414976,2134376448,2874814045
2131755008,2155872256,2162163712,2140143616,2138046464,2156920832,2155872256,2141192192,2147483648,2148007936,2874830045
2134900736,2167406592,2164260864,2154823680,2140143616,2160066560,2159017984,2146435072,2155347968,2151415808,2874846043
2143289344,2149580800,2149580800,2134900736,2133852160,2151677952,2149580800,2133852160,2144337920,2142240768,2874862045
2130706432,2150629376,2148532224,2125463552,2123366400,2139095040,2135949312,2114977792,2138832896,2128347136,2874878065
2109734912,2147483648,2139095040,2121269248,2119172096,2134900736,2130706432,2108686336,2129395712,2123366400,2874894068
2128609280,2142240768,2132803584,2110783488,2125463552,2142240768,2139095040,2119172096,2128609280,2131492864,2874910067
2124414976,2152726528,2152726528,2138046464,2136997888,2153775104,2152726528,2136997888,2141978624,2145124352,2874926067
2153775104,2153775104,2151677952,2136997888,2142240768,2160066560,2160066560,2146435072,2149056512,2152202240,2874942088
2146435072,2151677952,2152726528,2136997888,2135949312,2154823680,2152726528,2138046464,2146959360,2145386496,2874958088
2134900736,2155872256,2152726528,2133852160,2125463552,2143289344,2140143616,2119172096,2144337920,2132017152,2874974087
2112880640,2133852160,2127560704,2113929216,2118123520,2135949312,2130706432,2109734912,2122055680,2123628544,2874990090
2125463552,2130706432,2124414976,2102394880,2123366400,2139095040,2135949312,2113929216,2120744960,2128084992,2875006108
2122317824,2142240768,2139095040,2122317824,2132803584,2151677952,2149580800,2132803584,2131492864,2141716480,2875022109
2146435072,2148532224,2149580800,2135949312,2140143616,2159017984,2159017984,2145386496,2145124352,2150891520,2875039001
2139095040,2165309440,2170552320,2154823680,2136997888,2156920832,2154823680,2141192192,2157445120,2147483648,2875055001
2124414976,2164260864,2156920832,2143289344,2127560704,2145386496,2142240768,2123366400,2147221504,2134638592,2875071001
2113929216,2141192192,2136997888,2121269248,2119172096,2135949312,2131755008,2109734912,2128347136,2124152832,2875087023
2108686336,2147483648,2136997888,2121269248,2120220672,2138046464,2132803584,2112880640,2128609280,2125987840,2875103022
2119172096,2138046464,2140143616,2120220672,2130706432,2148532224,2146435072,2129657856,2129395712,2138832896,2875119023
2144337920,2147483648,2145386496,2134900736,2139095040,2159017984,2157969408,2144337920,2143027200,2150105088,2875135023
2146435072,2148532224,2153775104,2135949312,2140143616,2157969408,2157969408,2143289344,2146172928,2149842944,2875151045
2132803584,2162163712,2159017984,2141192192,2130706432,2147483648,2144337920,2127560704,2148794368,2137522176,2875167045
2133852160,2133852160,2135949312,2111832064,2121269248,2136997888,2132803584,2111832064,2128871424,2125725696,2875183045
2110783488,2129657856,2123366400,2109734912,2120220672,2136997888,2131755008,2110783488,2118385664,2124939264,2875199047
2116026368,2143289344,2144337920,2124414976,2127560704,2146435072,2143289344,2125463552,2132017152,2135687168,2875215068
2134900736,2157969408,2156920832,2136997888,2138046464,2157969408,2155872256,2142240768,2146697216,2148532224,2875231066
2146435072,2151677952,2151677952,2140143616,2141192192,2159017984,2159017984,2145386496,2147483648,2151153664,2875247068
2135949312,2169503744,2166358016,2150629376,2132803584,2150629376,2149580800,2132803584,2155610112,2141454336,2875263066
2118123520,2155872256,2149580800,2131755008,2123366400,2140143616,2134900736,2114977792,2138832896,2128347136,2875279088
2119172096,2142240768,2134900736,2118123520,2118123520,2135949312,2130706432,2108686336,2128609280,2123366400,2875295087
2114977792,2148532224,2143289344,2123366400,2125463552,2143289344,2139095040,2120220672,2132541440,2132017152,2875311088
2136997888,2144337920,2151677952,2127560704,2136997888,2154823680,2153775104,2138046464,2140143616,2145910784,2875327089
2133852160,2156920832,2161115136,2147483648,2141192192,2160066560,2160066560,2146435072,2149842944,2151940096,2875343108
2148532224,2152726528,2156920832,2135949312,2135949312,2152726528,2151677952,2136997888,2148532224,2144337920,2875359109
2133852160,2139095040,2136997888,2118123520,2124414976,2141192192,2139095040,2117074944,2132017152,2130444288,2875376001
2128609280,2143289344,2129657856,2111832064,2119172096,2135949312,2130706432,2108686336,2128347136,2123628544,2875392001
2113929216,2147483648,2139095040,2122317824,2123366400,2141192192,2136997888,2117074944,2130706432,2129657856,2875408001
2124414976,2161115136,2156920832,2132803584,2134900736,2152726528,2151677952,2134900736,2143813632,2143551488,2875424001
2133852160,2155872256,2152726528,2143289344,2141192192,2160066560,2160066560,2146435072,2146435072,2151940096,2875440023
2133852160,2152726528,2160066560,2142240768,2136997888,2155872256,2155872256,2140143616,2147221504,2147221504,2875456024
2125463552,2147483648,2151677952,2130706432,2125463552,2145386496,2141192192,2122317824,2138832896,2133590016,2875472022
2130706432,2132803584,2135949312,2104492032,2119172096,2135949312,2131755008,2109734912,2125987840,2124152832,2875488024
2110783488,2134900736,2128609280,2118123520,2121269248,2139095040,2134900736,2113929216,2123104256,2127298560,2875504046
2136997888,2140143616,2138046464,2116026368,2131755008,2149580800,2147483648,2130706432,2132803584,2139881472,2875520045
2139095040,2163212288,2166358016,2144337920,2141192192,2159017984,2160066560,2144337920,2153250816,2151153664,2875536046
2140143616,2155872256,2152726528,2141192192,2140143616,2156920832,2157969408,2142240768,2147483648,2149318656,2875552047
2146435072,2152726528,2145386496,2127560704,2129657856,2146435072,2144337920,2126512128,2143027200,2136735744,2875568067
2116026368,2134900736,2141192192,2114977792,2120220672,2136997888,2132803584,2110783488,2126774272,2125201408,2875584066
2111832064,2148532224,2139095040,2120220672,2119172096,2138046464,2131755008,2110783488,2129920000,2124939264,2875600066
2132803584,2138046464,2131755008,2109734912,2130706432,2146435072,2143289344,2125463552,2128084992,2136473600,2875616064
2140143616,2156920832,2154823680,2131755008,2138046464,2157969408,2156920832,2142240768,2145910784,2148794368,2875632088
2150629376,2155872256,2153775104,2141192192,2141192192,2159017984,2159017984,2144337920,2150367232,2150891520,2875648089
2129657856,2159017984,2151677952,2148532224,2131755008,2149580800,2148532224,2130706432,2147221504,2140143616,2875664086
2122317824,2151677952,2149580800,2127560704,2121269248,2140143616,2135949312,2113929216,2137784320,2127822848,2875680087
2124414976,2140143616,2132803584,2111832064,2119172096,2135949312,2129657856,2109734912,2127298560,2123628544,2875696109
2134900736,2131755008,2128609280,2106589184,2127560704,2144337920,2140143616,2121269248,2125463552,2133327872,2875713001
2129657856,2146435072,2143289344,2128609280,2136997888,2155872256,2154823680,2140143616,2136997888,2146959360,2875729001
2147483648,2167406592,2165309440,2146435072,2140143616,2160066560,2160066560,2147483648,2156658688,2151940096,2875745001
2150629376,2149580800,2146435072,2135949312,2134900736,2151677952,2150629376,2133852160,2145648640,2142765056,2875761001
2122317824,2139095040,2136997888,2119172096,2123366400,2141192192,2136997888,2117074944,2129395712,2129657856,2875777024
2119172096,2142240768,2136997888,2112880640,2118123520,2135949312,2130706432,2108686336,2127822848,2123366400,2875793026
2113929216,2136997888,2135949312,2113929216,2124414976,2141192192,2136997888,2118123520,2125201408,2130182144,2875809022
2136997888,2146435072,2146435072,2121269248,2134900736,2153775104,2151677952,2135949312,2137784320,2144075776,2875825023
2132803584,2156920832,2156920832,2147483648,2141192192,2160066560,2160066560,2146435072,2148532224,2151940096,2875841046
2143289344,2169503744,2165309440,2152726528,2136997888,2155872256,2153775104,2139095040,2157707264,2146435072,2875857045
2123366400,2152726528,2147483648,2136997888,2125463552,2143289344,2140143616,2121269248,2140143616,2132541440,2875873045
2111832064,2147483648,2131755008,2122317824,2118123520,2135949312,2130706432,2108686336,2128347136,2123366400,2875889046
2120220672,2140143616,2138046464,2109734912,2121269248,2140143616,2134900736,2114977792,2127036416,2127822848,2875905065
2120220672,2148532224,2141192192,2131755008,2132803584,2149580800,2148532224,2131755008,2135425024,2140667904,2875921066
2141192192,2151677952,2162163712,2135949312,2140143616,2159017984,2160066560,2145386496,2147745792,2151153664,2875937068
2132803584,2166358016,2162163712,2154823680,2139095040,2155872256,2156920832,2141192192,2154037248,2148270080,2875953066
2144337920,2145386496,2142240768,2126512128,2129657856,2146435072,2143289344,2124414976,2139619328,2135949312,2875969088
2135949312,2132803584,2129657856,2109734912,2119172096,2136997888,2132803584,2110783488,2127036416,2124939264,2875985089
2131755008,2129657856,2123366400,2103443456,2121269248,2136997888,2132803584,2109734912,2122055680,2125201408,2876001085
2120220672,2147483648,2147483648,2126512128,2129657856,2147483648,2144337920,2126512128,2135425024,2136997888,2876017086
2135949312,2166358016,2159017984,2143289344,2139095040,2157969408,2156920832,2144337920,2151153664,2149580800,2876033109
2136997888,2169503744,2172649472,2156920832,2140143616,2159017984,2157969408,2145386496,2159017984,2150629376,2876049110
2139095040,2144337920,2148532224,2134900736,2131755008,2148532224,2146435072,2128609280,2141716480,2138832896,2876066001
2126512128,2146435072,2144337920,2122317824,2120220672,2138046464,2133852160,2111832064,2134900736,2125987840,2876082001
2120220672,2127560704,2127560704,2103443456,2119172096,2135949312,2131755008,2109734912,2119696384,2124152832,2876098001
2113929216,2155872256,2144337920,2125463552,2128609280,2144337920,2142240768,2123366400,2134900736,2134638592,2876114023
2146435072,2145386496,2143289344,2124414976,2138046464,2156920832,2154823680,2141192192,2139881472,2147745792,2876130022
2132803584,2164260864,2160066560,2156920832,2140143616,2160066560,2159017984,2145386496,2153512960,2151153664,2876146024
2138046464,2161115136,2162163712,2142240768,2133852160,2151677952,2149580800,2132803584,2150891520,2141978624,2876162023
2121269248,2151677952,2149580800,2132803584,2122317824,2140143616,2135949312,2114977792,2138832896,2128347136,2876178047
2112880640,2147483648,2139095040,2124414976,2119172096,2134900736,2131755008,2108686336,2130968576,2123628544,2876194043
2128609280,2132803584,2129657856,2107637760,2125463552,2142240768,2138046464,2119172096,2124677120,2131230720,2876210045
2133852160,2151677952,2151677952,2129657856,2135949312,2153775104,2152726528,2136997888,2141716480,2144862208,2876226046
2132803584,2169503744,2160066560,2157969408,2142240768,2159017984,2160066560,2145386496,2155085824,2151677952,2876242067
2133852160,2155872256,2154823680,2147483648,2134900736,2154823680,2152726528,2138046464,2148007936,2145124352,2876258065
2133852160,2153775104,2149580800,2138046464,2124414976,2143289344,2139095040,2120220672,2143813632,2131755008,2876274067
2131755008,2143289344,2128609280,2110783488,2118123520,2135949312,2130706432,2108686336,2128609280,2123366400,2876290067
2128609280,2132803584,2131755008,2104492032,2122317824,2141192192,2136997888,2116026368,2124414976,2129133568,2876306088
2126512128,2160066560,2152726528,2134900736,2132803584,2150629376,2149580800,2132803584,2143551488,2141454336,2876322086
2131755008,2166358016,2165309440,2155872256,2140143616,2159017984,2159017984,2145386496,2154823680,2150891520,2876338086
2135949312,2164260864,2172649472,2153775104,2139095040,2155872256,2155872256,2141192192,2156658688,2148007936,2876354087
2135949312,2149580800,2143289344,2129657856,2128609280,2145386496,2142240768,2124414976,2139619328,2135162880,2876370112
2114977792,2139095040,2134900736,2120220672,2120220672,2134900736,2130706432,2108686336,2127298560,2123628544,2876386108
2118123520,2143289344,2140143616,2112880640,2121269248,2138046464,2132803584,2112880640,2128609280,2126249984,2876403001
2129657856,2150629376,2146435072,2123366400,2130706432,2148532224,2146435072,2129657856,2137522176,2138832896,2876419001
2154823680,2145386496,2149580800,2129657856,2141192192,2157969408,2157969408,2144337920,2144862208,2150367232,2876435001
2155872256,2153775104,2154823680,2138046464,2139095040,2157969408,2157969408,2143289344,2150629376,2149580800,2876451001
2128609280,2164260864,2160066560,2149580800,2130706432,2148532224,2145386496,2127560704,2150629376,2138046464,2876467022
2117074944,2152726528,2148532224,2129657856,2120220672,2138046464,2133852160,2112880640,2136997888,2126249984,2876483025
2121269248,2140143616,2136997888,2104492032,2119172096,2136997888,2132803584,2110783488,2125725696,2124939264,2876499024
2130706432,2134900736,2127560704,2109734912,2128609280,2145386496,2142240768,2124414976,2125725696,2135162880,2876515024
2129657856,2147483648,2144337920,2131755008,2138046464,2156920832,2156920832,2142240768,2138308608,2148532224,2876531044
2153775104,2150629376,2153775104,2138046464,2141192192,2159017984,2159017984,2145386496,2149056512,2151153664,2876547047
2151677952,2149580800,2152726528,2131755008,2133852160,2150629376,2149580800,2131755008,2146435072,2141454336,2876563045
2128609280,2155872256,2150629376,2130706432,2122317824,2139095040,2135949312,2113929216,2141454336,2127822848,2876579045
2111832064,2130706432,2124414976,2108686336,2119172096,2134900736,2131755008,2108686336,2118909952,2123628544,2876595068
2116026368,2151677952,2144337920,2121269248,2125463552,2142240768,2140143616,2120220672,2133327872,2132017152,2876611067
2123366400,2164260864,2152726528,2140143616,2136997888,2153775104,2152726528,2138046464,2145124352,2145386496,2876627068
2132803584,2167406592,2167406592,2157969408,2140143616,2160066560,2160066560,2146435072,2156396544,2151677952,2876643064
2139095040,2149580800,2149580800,2138046464,2135949312,2153775104,2151677952,2136997888,2144075776,2144600064,2876659088
2129657856,2140143616,2138046464,2121269248,2124414976,2142240768,2139095040,2118123520,2132279296,2130968576,2876675088
